#LowPoly.Res_Cube.001.obj
#Sunday, May 03, 2026
#9:52:31 PM
#-------

#LowPoly.Res_Cube.001
#-------
g LowPoly.Res_Cube.001
v 0.3122746 4.372873 -2.140232
v 0.3122746 4.332163 -2.379306
v 0.3122746 4.369463 -2.379306
v 0.3122746 4.332163 -2.140232
v 0.2782722 4.332163 -2.379306
v 0.3122746 4.332163 -2.140232
v 0.2748626 4.332163 -2.140232
v 0.3122746 4.332163 -2.379306
v 0.2742153 4.332163 -2.058339
v 0.3122746 4.332163 -2.058339
v 0.3356423 4.332163 -2.140232
v 0.3356423 4.332163 -2.058339
v 0.3122746 4.332163 -2.058339
v 0.2780949 4.351483 -2.058339
v 0.2742153 4.332163 -2.058339
v 0.2956881 4.369076 -2.058339
v 0.3122746 4.373521 -2.058339
v 0.3197204 4.375515 -2.058339
v 0.3356423 4.332163 -2.058339
v 0.3356423 4.371249 -2.058339
v 0.3356423 4.371249 -2.058339
v 0.3356423 4.332163 -2.140232
v 0.3356423 4.370602 -2.140232
v 0.3356423 4.332163 -2.058339
v 0.3122746 4.372873 -2.140232
v 0.3356423 4.332163 -2.140232
v 0.3122746 4.332163 -2.140232
v 0.3197204 4.374868 -2.140232
v 0.3356423 4.370602 -2.140232
v 0.2816083 4.349454 -2.379306
v 0.3122746 4.332163 -2.379306
v 0.2782722 4.332163 -2.379306
v 0.2977163 4.365562 -2.379306
v 0.3122746 4.369463 -2.379306
v 0.3585212 3.647021 -2.171731
v 0.3585212 3.644747 -2.056911
v 0.3585212 3.69785 -2.143194
v 0.3585212 3.590097 -2.084516
v 0.3585212 3.699398 -2.028748
v 0.3585212 3.753704 -2.114936
v 0.3585212 3.754467 -2.000166
v 0.3585212 3.803137 -2.088912
v 0.3585212 3.812327 -1.974097
v 0.3585212 3.863736 -2.066795
v 0.3585212 3.871793 -1.951935
v 0.3585212 3.915158 -2.04733
v 0.3585212 3.935165 -1.938427
v 0.3585212 3.972164 -2.030657
v 0.3585212 3.996445 -1.921988
v 0.3585212 4.036008 -2.015797
v 0.3585212 4.057725 -1.907223
v 0.3585212 4.099852 -2.006521
v 0.3585212 4.164563 -1.89187
v 0.3585212 4.187015 -1.991168
v 0.2836063 3.647021 -2.171731
v 0.2836063 3.644747 -2.056911
v 0.2836063 3.590097 -2.084516
v 0.2836063 3.69785 -2.143194
v 0.2836063 3.699398 -2.028748
v 0.2836063 3.753704 -2.114936
v 0.2836063 3.754467 -2.000166
v 0.2836063 3.803137 -2.088912
v 0.2836063 3.812327 -1.974097
v 0.2836063 3.863736 -2.066795
v 0.2836063 3.871793 -1.951935
v 0.2836063 3.915158 -2.04733
v 0.2836063 3.935165 -1.938427
v 0.2836063 3.972164 -2.030657
v 0.2836063 3.996445 -1.921988
v 0.2836063 4.036008 -2.015797
v 0.2836063 4.057725 -1.907223
v 0.2836063 4.099852 -2.006521
v 0.2836063 4.164563 -1.89187
v 0.2836063 4.187015 -1.991168
v 0.2836063 3.590097 -2.084516
v 0.3585212 3.647021 -2.171731
v 0.2836063 3.647021 -2.171731
v 0.3585212 3.590097 -2.084516
v 0.2836063 3.812327 -1.974097
v 0.3585212 3.754467 -2.000166
v 0.2836063 3.754467 -2.000166
v 0.3585212 3.812327 -1.974097
v 0.3585212 3.699398 -2.028748
v 0.2836063 3.699398 -2.028748
v 0.3585212 3.644747 -2.056911
v 0.2836063 3.644747 -2.056911
v 0.3585212 3.590097 -2.084516
v 0.2836063 3.590097 -2.084516
v 0.2836063 3.871793 -1.951935
v 0.3585212 3.871793 -1.951935
v 0.2836063 3.935165 -1.938427
v 0.3585212 3.935165 -1.938427
v 0.2836063 3.996445 -1.921988
v 0.3585212 3.996445 -1.921988
v 0.2836063 4.057725 -1.907223
v 0.3585212 4.057725 -1.907223
v 0.2836063 4.164563 -1.89187
v 0.3585212 4.164563 -1.89187
v 0.2836063 4.036008 -2.015797
v 0.3585212 4.099852 -2.006521
v 0.2836063 4.099852 -2.006521
v 0.3585212 4.036008 -2.015797
v 0.3585212 4.187015 -1.991168
v 0.2836063 4.187015 -1.991168
v 0.2836063 3.972164 -2.030657
v 0.3585212 3.972164 -2.030657
v 0.2836063 3.915158 -2.04733
v 0.3585212 3.915158 -2.04733
v 0.2836063 3.863736 -2.066795
v 0.3585212 3.863736 -2.066795
v 0.2836063 3.803137 -2.088912
v 0.3585212 3.803137 -2.088912
v 0.2836063 3.753704 -2.114936
v 0.3585212 3.753704 -2.114936
v 0.2836063 3.69785 -2.143194
v 0.3585212 3.69785 -2.143194
v 0.2836063 3.647021 -2.171731
v 0.3585212 3.647021 -2.171731
v 0.2966762 4.375563 -2.645553
v 0.320293 4.381479 -2.592819
v 0.2966762 4.375153 -2.59291
v 0.320293 4.381891 -2.645463
v 0.3439101 4.375153 -2.59291
v 0.3439101 4.375563 -2.645553
v 0.2793875 4.358277 -2.645801
v 0.2966762 4.375153 -2.59291
v 0.2793875 4.357867 -2.593158
v 0.2966762 4.375563 -2.645553
v 0.2730593 4.334664 -2.646138
v 0.2730593 4.334253 -2.593496
v 0.2793875 4.31105 -2.646476
v 0.2793875 4.310639 -2.593834
v 0.2966762 4.293765 -2.646724
v 0.2966762 4.293353 -2.594081
v 0.320293 4.288247 -2.646814
v 0.2966762 4.293353 -2.594081
v 0.320293 4.287836 -2.594172
v 0.2966762 4.293765 -2.646724
v 0.3439099 4.293765 -2.646724
v 0.3439099 4.293353 -2.594081
v 0.3611988 4.31105 -2.646476
v 0.3439099 4.293353 -2.594081
v 0.3611988 4.310639 -2.593834
v 0.3439099 4.293765 -2.646724
v 0.3675269 4.334664 -2.646138
v 0.3675269 4.334253 -2.593496
v 0.3611988 4.358277 -2.645801
v 0.3611988 4.357867 -2.593158
v 0.3439101 4.375563 -2.645553
v 0.3439101 4.375153 -2.59291
v 0.2793875 4.31105 -2.646476
v 0.2793875 4.358277 -2.645801
v 0.2730593 4.334664 -2.646138
v 0.2966762 4.375563 -2.645553
v 0.2966762 4.293765 -2.646724
v 0.320293 4.381891 -2.645463
v 0.320293 4.288247 -2.646814
v 0.3439101 4.375563 -2.645553
v 0.3439099 4.293765 -2.646724
v 0.3611988 4.31105 -2.646476
v 0.3611988 4.358277 -2.645801
v 0.3675269 4.334664 -2.646138
v 0.2793875 4.357867 -2.593158
v 0.2793875 4.310639 -2.593834
v 0.2730593 4.334253 -2.593496
v 0.2966762 4.293353 -2.594081
v 0.2966762 4.375153 -2.59291
v 0.320293 4.287836 -2.594172
v 0.320293 4.381479 -2.592819
v 0.3439099 4.293353 -2.594081
v 0.3439101 4.375153 -2.59291
v 0.3611988 4.310639 -2.593834
v 0.3611988 4.357867 -2.593158
v 0.3675269 4.334253 -2.593496
v 0.3516881 3.649311 -2.162391
v 0.351577 3.647915 -2.063119
v 0.3513127 3.600009 -2.087178
v 0.3516289 3.694545 -2.136996
v 0.3515691 3.702595 -2.034931
v 0.3515895 3.750501 -2.108732
v 0.3516473 3.757536 -2.006505
v 0.3517449 3.800231 -2.082355
v 0.3516631 3.815011 -1.980627
v 0.351583 3.861306 -2.060257
v 0.3517678 3.8738 -1.95883
v 0.3516752 3.91291 -2.040617
v 0.3516414 3.936811 -1.94527
v 0.3516466 3.970375 -2.023842
v 0.3516039 3.998172 -1.928768
v 0.3516843 4.034693 -2.00883
v 0.3517001 4.059064 -1.914197
v 0.3516104 4.098741 -1.999606
v 0.3515646 4.165552 -1.898756
v 0.3515646 4.185808 -1.984317
v 0.2904394 3.649311 -2.162391
v 0.2905505 3.647915 -2.063119
v 0.2904986 3.694545 -2.136996
v 0.2908148 3.600009 -2.087178
v 0.2905584 3.702595 -2.034931
v 0.290538 3.750501 -2.108732
v 0.2904802 3.757536 -2.006505
v 0.2903826 3.800231 -2.082355
v 0.2904643 3.815011 -1.980627
v 0.2905445 3.861306 -2.060257
v 0.2903598 3.8738 -1.95883
v 0.2904524 3.91291 -2.040617
v 0.2904862 3.936811 -1.94527
v 0.2904809 3.970375 -2.023842
v 0.2905236 3.998172 -1.928768
v 0.290443 4.034693 -2.00883
v 0.2904274 4.059064 -1.914197
v 0.2905172 4.098741 -1.999606
v 0.2905629 4.165552 -1.898756
v 0.2905629 4.185808 -1.984317
v 0.2908148 3.600009 -2.087178
v 0.3516881 3.649311 -2.162391
v 0.3513127 3.600009 -2.087178
v 0.2904394 3.649311 -2.162391
v 0.2904643 3.815011 -1.980627
v 0.3516473 3.757536 -2.006505
v 0.3516631 3.815011 -1.980627
v 0.2904802 3.757536 -2.006505
v 0.3515691 3.702595 -2.034931
v 0.2905584 3.702595 -2.034931
v 0.351577 3.647915 -2.063119
v 0.2905505 3.647915 -2.063119
v 0.3513127 3.600009 -2.087178
v 0.2908148 3.600009 -2.087178
v 0.2903598 3.8738 -1.95883
v 0.3517678 3.8738 -1.95883
v 0.2904862 3.936811 -1.94527
v 0.3516414 3.936811 -1.94527
v 0.2905236 3.998172 -1.928768
v 0.3516039 3.998172 -1.928768
v 0.2904274 4.059064 -1.914197
v 0.3517001 4.059064 -1.914197
v 0.2905629 4.165552 -1.898756
v 0.3515646 4.165552 -1.898756
v 0.290443 4.034693 -2.00883
v 0.3516104 4.098741 -1.999606
v 0.3516843 4.034693 -2.00883
v 0.2905172 4.098741 -1.999606
v 0.3515646 4.185808 -1.984317
v 0.2905629 4.185808 -1.984317
v 0.2904809 3.970375 -2.023842
v 0.3516466 3.970375 -2.023842
v 0.2904524 3.91291 -2.040617
v 0.3516752 3.91291 -2.040617
v 0.2905445 3.861306 -2.060257
v 0.351583 3.861306 -2.060257
v 0.2903826 3.800231 -2.082355
v 0.3517449 3.800231 -2.082355
v 0.290538 3.750501 -2.108732
v 0.3515895 3.750501 -2.108732
v 0.2904986 3.694545 -2.136996
v 0.3516289 3.694545 -2.136996
v 0.2904394 3.649311 -2.162391
v 0.3516881 3.649311 -2.162391
v 0.2905629 4.185808 -1.984317
v 0.3585212 4.187015 -1.991168
v 0.3515646 4.185808 -1.984317
v 0.2836063 4.187015 -1.991168
v 0.3585212 4.164563 -1.89187
v 0.3515646 4.165552 -1.898756
v 0.2836063 4.164563 -1.89187
v 0.2905629 4.165552 -1.898756
v 0.3110779 4.060191 -1.645825
v 0.3310497 4.060563 -1.713577
v 0.3110779 4.060563 -1.713577
v 0.3310497 4.060191 -1.645825
v 0.3110779 4.065463 -1.645777
v 0.3310497 4.065835 -1.713529
v 0.3310497 4.065463 -1.645777
v 0.3110779 4.065835 -1.713529
v 0.3110779 4.065463 -1.645777
v 0.3110779 4.060563 -1.713577
v 0.3110779 4.065835 -1.713529
v 0.3110779 4.060191 -1.645825
v 0.3310497 4.065463 -1.645777
v 0.3110779 4.060191 -1.645825
v 0.3110779 4.065463 -1.645777
v 0.3310497 4.060191 -1.645825
v 0.3110779 4.065835 -1.713529
v 0.3310497 4.060563 -1.713577
v 0.3310497 4.065835 -1.713529
v 0.3110779 4.060563 -1.713577
v 0.3310497 4.065835 -1.713529
v 0.3310497 4.060191 -1.645825
v 0.3310497 4.065463 -1.645777
v 0.3310497 4.060563 -1.713577
v 0.2819451 4.089956 -1.477748
v 0.3601824 4.05869 -1.473561
v 0.2819451 4.05869 -1.473561
v 0.3601824 4.089956 -1.477748
v 0.2819451 4.117873 -1.466862
v 0.3601824 4.117873 -1.466862
v 0.3696034 4.090077 -1.48189
v 0.3696034 4.120714 -1.469942
v 0.3696034 4.058789 -1.4777
v 0.2725241 4.120714 -1.469942
v 0.2725241 4.090077 -1.48189
v 0.2725241 4.058789 -1.4777
v 0.2819451 4.132946 -1.435877
v 0.3601824 4.117873 -1.466862
v 0.2819451 4.117873 -1.466862
v 0.3601824 4.132946 -1.435877
v 0.2819451 4.141321 -1.401543
v 0.3601824 4.141321 -1.401543
v 0.2819451 4.149213 -1.3888
v 0.3601824 4.149213 -1.3888
v 0.2819451 4.150226 -1.288323
v 0.3601824 4.150226 -1.288323
v 0.3696034 4.137338 -1.435771
v 0.3696034 4.145776 -1.401176
v 0.3696034 4.120714 -1.469942
v 0.3696034 4.153705 -1.388373
v 0.3696034 4.15471 -1.288773
v 0.2725241 4.145776 -1.401176
v 0.2725241 4.137338 -1.435771
v 0.2725241 4.120714 -1.469942
v 0.2725241 4.153705 -1.388373
v 0.2725241 4.15471 -1.288773
v 0.3735058 4.090368 -1.491888
v 0.3735058 4.135459 -1.894859
v 0.3735058 4.102099 -1.894859
v 0.3735058 4.127573 -1.47738
v 0.3735058 4.202178 -1.894859
v 0.3735058 4.202178 -1.471886
v 0.3735058 4.059027 -1.487691
v 0.3735058 4.068739 -1.894859
v 0.3735058 4.147939 -1.435515
v 0.3735058 4.202178 -1.434202
v 0.3735058 4.156531 -1.400288
v 0.3735058 4.202178 -1.396519
v 0.3735058 4.16455 -1.38734
v 0.3735058 4.201994 -1.383776
v 0.3735058 4.165533 -1.289861
v 0.3735058 4.200684 -1.293394
v 0.3735058 4.152546 -1.281202
v 0.3735058 4.200504 -1.280956
v 0.3735058 4.14413 -1.269925
v 0.3735058 4.200652 -1.269689
v 0.3735058 4.144521 -1.241306
v 0.3735058 4.201029 -1.241069
v 0.3735058 4.153237 -1.225257
v 0.3735058 4.201177 -1.22501
v 0.3696034 4.145776 -1.401176
v 0.3696034 4.143424 -1.281249
v 0.3696034 4.15471 -1.288773
v 0.3696034 4.153705 -1.388373
v 0.3696034 4.135393 -1.241344
v 0.3696034 4.135002 -1.269964
v 0.3696034 4.144103 -1.225304
v 0.3696034 4.137338 -1.435771
v 0.3696034 4.120714 -1.469942
v 0.3696034 4.090077 -1.48189
v 0.3696034 4.058789 -1.4777
v 0.2819451 4.131221 -1.26998
v 0.3601824 4.139646 -1.281269
v 0.2819451 4.139646 -1.281269
v 0.3601824 4.131221 -1.26998
v 0.2819451 4.131612 -1.24136
v 0.3601824 4.131612 -1.24136
v 0.2819451 4.140319 -1.225323
v 0.3601824 4.140319 -1.225323
v 0.3696034 4.135002 -1.269964
v 0.3696034 4.135393 -1.241344
v 0.3696034 4.144103 -1.225304
v 0.3696034 4.143424 -1.281249
v 0.2725241 4.135393 -1.241344
v 0.2725241 4.135002 -1.269964
v 0.2725241 4.144103 -1.225304
v 0.2725241 4.143424 -1.281249
v 0.2686217 4.059027 -1.487691
v 0.2686217 4.102099 -1.894859
v 0.2686217 4.090368 -1.491888
v 0.2686217 4.068739 -1.894859
v 0.2686217 4.135459 -1.894859
v 0.2686217 4.127573 -1.47738
v 0.2686217 4.202178 -1.894859
v 0.2686217 4.202178 -1.471886
v 0.2686217 4.147939 -1.435515
v 0.2686217 4.202178 -1.434202
v 0.2686217 4.156531 -1.400288
v 0.2686217 4.202178 -1.396519
v 0.2686217 4.16455 -1.38734
v 0.2686217 4.201994 -1.383776
v 0.2686217 4.165533 -1.289861
v 0.2686217 4.200684 -1.293394
v 0.2686217 4.152546 -1.281202
v 0.2686217 4.200504 -1.280956
v 0.2686217 4.14413 -1.269925
v 0.2686217 4.200652 -1.269689
v 0.2686217 4.144521 -1.241306
v 0.2686217 4.201029 -1.241069
v 0.2686217 4.153237 -1.225257
v 0.2686217 4.201177 -1.22501
v 0.2725241 4.137338 -1.435771
v 0.2725241 4.145776 -1.401176
v 0.2725241 4.120714 -1.469942
v 0.2725241 4.090077 -1.48189
v 0.2725241 4.058789 -1.4777
v 0.2725241 4.135002 -1.269964
v 0.2725241 4.135393 -1.241344
v 0.2725241 4.144103 -1.225304
v 0.2725241 4.143424 -1.281249
v 0.2725241 4.15471 -1.288773
v 0.2725241 4.153705 -1.388373
v 0.2686217 4.201994 -1.383776
v 0.3735058 4.200684 -1.293394
v 0.2686217 4.200684 -1.293394
v 0.3735058 4.201994 -1.383776
v 0.2686217 4.202178 -1.396519
v 0.3735058 4.202178 -1.396519
v 0.2686217 4.202178 -1.434202
v 0.3735058 4.202178 -1.434202
v 0.2686217 4.202178 -1.471886
v 0.3735058 4.202178 -1.471886
v 0.2686217 4.202178 -1.894859
v 0.3735058 4.202178 -1.894859
v 0.3735058 4.200504 -1.280956
v 0.2686217 4.200504 -1.280956
v 0.3735058 4.200652 -1.269689
v 0.2686217 4.200652 -1.269689
v 0.3735058 4.201029 -1.241069
v 0.2686217 4.201029 -1.241069
v 0.3735058 4.201177 -1.22501
v 0.2686217 4.201177 -1.22501
v 0.2686217 4.135459 -1.894859
v 0.3735058 4.202178 -1.894859
v 0.2686217 4.202178 -1.894859
v 0.3735058 4.135459 -1.894859
v 0.2686217 4.102099 -1.894859
v 0.3735058 4.102099 -1.894859
v 0.2686217 4.068739 -1.894859
v 0.3735058 4.068739 -1.894859
v 0.2819451 4.139646 -1.281269
v 0.3601824 4.150226 -1.288323
v 0.2819451 4.150226 -1.288323
v 0.3601824 4.139646 -1.281269
v 0.3696034 4.15471 -1.288773
v 0.3696034 4.143424 -1.281249
v 0.2725241 4.143424 -1.281249
v 0.2725241 4.15471 -1.288773
v 0.2686217 4.201177 -1.22501
v 0.2725241 4.144103 -1.225304
v 0.2686217 4.153237 -1.225257
v 0.3735058 4.201177 -1.22501
v 0.2819451 4.140319 -1.225323
v 0.3601824 4.140319 -1.225323
v 0.3696034 4.144103 -1.225304
v 0.3735058 4.153237 -1.225257
v 0.2953705 4.369626 -2.008086
v 0.3197204 4.375515 -2.058339
v 0.3197204 4.376151 -2.008086
v 0.2956881 4.369076 -2.058339
v 0.3122746 4.373521 -2.058339
v 0.2780949 4.351483 -2.058339
v 0.2775449 4.3518 -2.008086
v 0.3356423 4.371249 -2.058339
v 0.3440704 4.369626 -2.008086
v 0.3403692 4.363215 -2.593715
v 0.3618957 4.3518 -2.008086
v 0.3554852 4.348099 -2.593715
v 0.3356423 4.370602 -2.140232
v 0.3197204 4.374868 -2.140232
v 0.3197204 4.368749 -2.593715
v 0.3122746 4.372873 -2.140232
v 0.3122746 4.369463 -2.379306
v 0.2977163 4.365562 -2.379306
v 0.2990714 4.363215 -2.593715
v 0.2816083 4.349454 -2.379306
v 0.2839554 4.348099 -2.593715
v 0.2742153 4.332163 -2.058339
v 0.2710205 4.327451 -2.008086
v 0.2784224 4.327451 -2.593715
v 0.2775449 4.3518 -2.008086
v 0.2780949 4.351483 -2.058339
v 0.2782722 4.332163 -2.379306
v 0.2839554 4.348099 -2.593715
v 0.2748626 4.332163 -2.140232
v 0.2816083 4.349454 -2.379306
v 0.2839554 4.306802 -2.593715
v 0.2775449 4.303101 -2.008086
v 0.2990714 4.291686 -2.593715
v 0.2953705 4.285275 -2.008086
v 0.3197204 4.286152 -2.593715
v 0.2953705 4.285275 -2.008086
v 0.3197204 4.278751 -2.008086
v 0.2990714 4.291686 -2.593715
v 0.3403692 4.291686 -2.593715
v 0.3440704 4.285275 -2.008086
v 0.3554852 4.306802 -2.593715
v 0.3440704 4.285275 -2.008086
v 0.3618957 4.303101 -2.008086
v 0.3403692 4.291686 -2.593715
v 0.3610182 4.327451 -2.593715
v 0.3684203 4.327451 -2.008086
v 0.3554852 4.348099 -2.593715
v 0.3618957 4.3518 -2.008086
v 0.2839554 4.306802 -2.593715
v 0.2839554 4.348099 -2.593715
v 0.2784224 4.327451 -2.593715
v 0.2990714 4.363215 -2.593715
v 0.2990714 4.291686 -2.593715
v 0.3197204 4.368749 -2.593715
v 0.3197204 4.286152 -2.593715
v 0.3403692 4.363215 -2.593715
v 0.3403692 4.291686 -2.593715
v 0.3554852 4.348099 -2.593715
v 0.3554852 4.306802 -2.593715
v 0.3610182 4.327451 -2.593715
v 0.2775449 4.3518 -2.008086
v 0.2775449 4.303101 -2.008086
v 0.2710205 4.327451 -2.008086
v 0.2953705 4.285275 -2.008086
v 0.2953705 4.369626 -2.008086
v 0.3197204 4.278751 -2.008086
v 0.3197204 4.376151 -2.008086
v 0.3440704 4.285275 -2.008086
v 0.3440704 4.369626 -2.008086
v 0.3618957 4.303101 -2.008086
v 0.3618957 4.3518 -2.008086
v 0.3684203 4.327451 -2.008086
v 0.3392523 4.301469 -1.225744
v 0.3289514 4.304229 -1.206255
v 0.3289514 4.304229 -1.225744
v 0.3392523 4.301469 -1.206255
v 0.353078 4.293487 -1.206255
v 0.353078 4.293487 -1.225744
v 0.3606188 4.285946 -1.225744
v 0.3606188 4.285946 -1.206255
v 0.3129869 4.304229 -1.225744
v 0.3129869 4.304229 -1.206255
v 0.3686009 4.27212 -1.206255
v 0.3686009 4.27212 -1.225744
v 0.3026862 4.301469 -1.206255
v 0.3026862 4.301469 -1.225744
v 0.2888605 4.293487 -1.225744
v 0.2888605 4.293487 -1.206255
v 0.2813197 4.285946 -1.206255
v 0.2813197 4.285946 -1.225744
v 0.2733376 4.27212 -1.225744
v 0.2705775 4.261819 -1.206255
v 0.2705775 4.261819 -1.225744
v 0.2733376 4.27212 -1.206255
v 0.2813197 4.285946 -1.206255
v 0.2813197 4.285946 -1.225744
v 0.2705775 4.245855 -1.225744
v 0.2705775 4.245855 -1.206255
v 0.2733376 4.235554 -1.206255
v 0.2733376 4.235554 -1.225744
v 0.2813197 4.221729 -1.225744
v 0.2813197 4.221729 -1.206255
v 0.2888605 4.214188 -1.206255
v 0.2888605 4.214188 -1.225744
v 0.353078 4.214188 -1.225744
v 0.3606188 4.221729 -1.206255
v 0.3606188 4.221729 -1.225744
v 0.353078 4.214188 -1.206255
v 0.3392523 4.206206 -1.206255
v 0.3392523 4.206206 -1.225744
v 0.3686009 4.235554 -1.225744
v 0.3686009 4.235554 -1.206255
v 0.371361 4.245855 -1.206255
v 0.371361 4.245855 -1.225744
v 0.371361 4.261819 -1.225744
v 0.371361 4.261819 -1.206255
v 0.3686009 4.27212 -1.206255
v 0.3686009 4.27212 -1.225744
v 0.3026862 4.206206 -1.225744
v 0.3129869 4.203446 -1.206255
v 0.3129869 4.203445 -1.225744
v 0.3026862 4.206206 -1.206255
v 0.3289514 4.203445 -1.225744
v 0.3289514 4.203446 -1.206255
v 0.3392523 4.206206 -1.206255
v 0.3392523 4.206206 -1.225744
v 0.2888605 4.214188 -1.206255
v 0.2888605 4.214188 -1.225744
v 0.2705775 4.261819 -1.206255
v 0.2733376 4.235554 -1.206255
v 0.2705775 4.245855 -1.206255
v 0.2733376 4.27212 -1.206255
v 0.2813197 4.221729 -1.206255
v 0.2813197 4.285946 -1.206255
v 0.2888605 4.214188 -1.206255
v 0.2888605 4.293487 -1.206255
v 0.3026862 4.206206 -1.206255
v 0.3026862 4.301469 -1.206255
v 0.3129869 4.203446 -1.206255
v 0.3129869 4.304229 -1.206255
v 0.3289514 4.203446 -1.206255
v 0.3289514 4.304229 -1.206255
v 0.3392523 4.206206 -1.206255
v 0.3392523 4.301469 -1.206255
v 0.353078 4.214188 -1.206255
v 0.353078 4.293487 -1.206255
v 0.3606188 4.221729 -1.206255
v 0.3606188 4.285946 -1.206255
v 0.3686009 4.235554 -1.206255
v 0.3686009 4.27212 -1.206255
v 0.371361 4.245855 -1.206255
v 0.371361 4.261819 -1.206255
v 0.2705775 4.245855 -1.225744
v 0.2733376 4.27212 -1.225744
v 0.2705775 4.261819 -1.225744
v 0.2733376 4.235554 -1.225744
v 0.2813197 4.285946 -1.225744
v 0.2813197 4.221729 -1.225744
v 0.2888605 4.293487 -1.225744
v 0.2888605 4.214188 -1.225744
v 0.3026862 4.301469 -1.225744
v 0.3026862 4.206206 -1.225744
v 0.3129869 4.304229 -1.225744
v 0.3129869 4.203445 -1.225744
v 0.3289514 4.304229 -1.225744
v 0.3289514 4.203445 -1.225744
v 0.3392523 4.301469 -1.225744
v 0.3392523 4.206206 -1.225744
v 0.353078 4.293487 -1.225744
v 0.353078 4.214188 -1.225744
v 0.3606188 4.285946 -1.225744
v 0.3606188 4.221729 -1.225744
v 0.3686009 4.27212 -1.225744
v 0.3686009 4.235554 -1.225744
v 0.371361 4.261819 -1.225744
v 0.371361 4.245855 -1.225744
v 0.3601824 4.05869 -1.473561
v 0.2725241 4.058789 -1.4777
v 0.2819451 4.05869 -1.473561
v 0.3696034 4.058789 -1.4777
v 0.2686217 4.059027 -1.487691
v 0.3735058 4.059027 -1.487691
v 0.2686217 4.068739 -1.894859
v 0.3735058 4.068739 -1.894859
v 0.3691061 4.325044 -1.805646
v 0.3646536 4.352114 -1.934828
v 0.3691061 4.325044 -1.934828
v 0.3646536 4.352114 -1.805646
v 0.372849 4.320026 -1.805646
v 0.372849 4.320026 -1.934828
v 0.3935131 4.309991 -1.805646
v 0.372849 4.320026 -1.934828
v 0.3935131 4.309991 -1.934828
v 0.372849 4.320026 -1.805646
v 0.366834 4.324078 -1.805646
v 0.3622867 4.351725 -1.934828
v 0.3622867 4.351725 -1.805646
v 0.366834 4.324078 -1.934828
v 0.3712756 4.318124 -1.805646
v 0.3712756 4.318124 -1.934828
v 0.3935131 4.309991 -1.934828
v 0.3966523 4.304927 -1.805646
v 0.3935131 4.309991 -1.805646
v 0.3966523 4.304927 -1.934828
v 0.3965453 4.293043 -1.805646
v 0.3965453 4.293043 -1.934828
v 0.3918404 4.308137 -1.805646
v 0.3712756 4.318124 -1.934828
v 0.3712756 4.318124 -1.805646
v 0.3918404 4.308137 -1.934828
v 0.3918404 4.308137 -1.934828
v 0.3942474 4.304254 -1.805646
v 0.3942474 4.304254 -1.934828
v 0.3918404 4.308137 -1.805646
v 0.3941464 4.293065 -1.805646
v 0.3941464 4.293065 -1.934828
v 0.3712756 4.318124 -1.934828
v 0.3691061 4.325044 -1.934828
v 0.366834 4.324078 -1.934828
v 0.372849 4.320026 -1.934828
v 0.3646536 4.352114 -1.934828
v 0.3622867 4.351725 -1.934828
v 0.3918404 4.308137 -1.934828
v 0.3935131 4.309991 -1.934828
v 0.3942474 4.304254 -1.934828
v 0.3966523 4.304927 -1.934828
v 0.3941464 4.293065 -1.934828
v 0.3965453 4.293043 -1.934828
v 0.3712756 4.318124 -1.805646
v 0.3935131 4.309991 -1.805646
v 0.3918404 4.308137 -1.805646
v 0.372849 4.320026 -1.805646
v 0.366834 4.324078 -1.805646
v 0.3691061 4.325044 -1.805646
v 0.3966523 4.304927 -1.805646
v 0.3942474 4.304254 -1.805646
v 0.3965453 4.293043 -1.805646
v 0.3941464 4.293065 -1.805646
v 0.3622867 4.351725 -1.805646
v 0.3646536 4.352114 -1.805646
v 0.3622867 4.351725 -1.934828
v 0.3646536 4.352114 -1.805646
v 0.3622867 4.351725 -1.805646
v 0.3646536 4.352114 -1.934828
v 0.3941464 4.293065 -1.805646
v 0.3965453 4.293043 -1.934828
v 0.3941464 4.293065 -1.934828
v 0.3965453 4.293043 -1.805646
v 0.3652034 4.317506 -2.594145
v 0.399677 4.297137 -2.055929
v 0.3908041 4.314932 -2.055929
v 0.3645037 4.302191 -2.594145
v 0.4009123 4.25928 -2.055929
v 0.3672998 4.279315 -2.594145
v 0.4098303 4.253319 -2.014475
v 0.410081 4.302789 -2.014475
v 0.404189 4.313468 -2.014475
v 0.3980033 4.220219 -2.014475
v 0.4021478 4.221421 -2.055929
v 0.391709 4.19688 -2.014475
v 0.3912004 4.18717 -2.055929
v 0.3517114 4.223587 -2.594145
v 0.3802533 4.152918 -2.055929
v 0.3671679 4.246548 -2.594145
v 0.3871048 4.14915 -2.014475
v 0.3443424 3.825609 -1.346098
v 0.2792083 3.816608 -1.362015
v 0.2977851 3.825609 -1.346098
v 0.3629195 3.816608 -1.362015
v 0.2792083 3.750453 -1.478994
v 0.3629195 3.750453 -1.478994
v 0.2977851 3.743264 -1.491705
v 0.3443424 3.743264 -1.491705
v 0.2977851 3.983323 -1.446588
v 0.3443424 4.058946 -1.479802
v 0.3443424 3.983323 -1.446588
v 0.2977851 4.058946 -1.479802
v 0.2977851 3.922627 -1.4063
v 0.3443424 3.922627 -1.4063
v 0.2977851 3.853242 -1.357841
v 0.3443424 3.853242 -1.357841
v 0.2977851 3.843613 -1.351272
v 0.3443424 3.843613 -1.351272
v 0.2977851 3.825609 -1.346098
v 0.3443424 3.825609 -1.346098
v 0.3629195 3.816608 -1.362015
v 0.3629195 3.83396 -1.367002
v 0.2792083 3.83396 -1.367002
v 0.2792083 3.816608 -1.362015
v 0.2792083 4.059545 -1.500689
v 0.2792083 3.977567 -1.464684
v 0.3629195 3.758594 -1.489816
v 0.3629195 3.844095 -1.373917
v 0.3629195 3.777046 -1.491762
v 0.3629195 3.83396 -1.367002
v 0.3629195 3.750453 -1.478994
v 0.3629195 3.816608 -1.362015
v 0.3629195 3.906841 -1.417739
v 0.3629195 3.804816 -1.491671
v 0.3443424 3.922627 -1.4063
v 0.3443424 3.853242 -1.357841
v 0.3443424 3.843613 -1.351272
v 0.3443424 3.983323 -1.446588
v 0.3629195 3.977567 -1.464684
v 0.3443424 4.058946 -1.479802
v 0.3629195 4.059545 -1.500689
v 0.3629195 4.062704 -1.610974
v 0.3629195 3.947127 -1.560396
v 0.3443424 3.941452 -1.578238
v 0.3443424 4.063293 -1.631557
v 0.3443424 3.787772 -1.504021
v 0.3319056 4.069463 -1.86046
v 0.3319056 4.049124 -1.822802
v 0.3319056 4.069463 -1.822802
v 0.3319056 4.049124 -1.858284
v 0.3319056 4.069463 -1.879037
v 0.3319056 4.049124 -1.876861
v 0.3319056 4.02247 -1.866765
v 0.3319056 4.02247 -1.848188
v 0.3319056 4.005508 -1.86313
v 0.3319056 4.005508 -1.844553
v 0.3597189 4.129448 -0.5836099
v 0.3680938 4.227403 -0.6157708
v 0.3597189 4.127228 -0.6162354
v 0.3680938 4.227403 -0.583482
v 0.3680938 4.227403 -0.6472182
v 0.3597189 4.120971 -0.6488611
v 0.3680938 4.227403 -0.6601657
v 0.3597189 4.158226 -0.6614715
v 0.3597189 4.058374 -0.6394376
v 0.3597189 4.059921 -0.6101779
v 0.3597189 4.06214 -0.5775525
v 0.3597189 3.997125 -0.6279956
v 0.3597189 3.993959 -0.5933506
v 0.3597189 4.004256 -0.5600525
v 0.3597189 3.975801 -0.591286
v 0.3597189 3.977871 -0.5608672
v 0.3597189 3.957745 -0.5889161
v 0.3597189 3.957109 -0.6014951
v 0.3597189 3.974359 -0.6198222
v 0.3597189 3.958657 -0.5755068
v 0.3680938 4.227403 -0.6721035
v 0.3597189 4.176636 -0.6727363
v 0.3680938 4.227403 -0.687827
v 0.3597189 4.193027 -0.6890488
v 0.3680938 4.227403 -0.6999212
v 0.3597189 4.198647 -0.6999212
v 0.3764686 4.273562 -0.6999212
v 0.3764686 4.273562 -0.6866057
v 0.3597189 4.312311 -0.6999212
v 0.3597189 4.316011 -0.684162
v 0.3764686 4.273562 -0.6714707
v 0.3597189 4.319715 -0.6702051
v 0.3764686 4.273562 -0.6588601
v 0.3597189 4.323417 -0.6562481
v 0.3764686 4.273562 -0.6455761
v 0.3597189 4.327118 -0.6422912
v 0.3764686 4.273562 -0.6153063
v 0.3597189 4.33183 -0.6143774
v 0.3764686 4.273562 -0.5833542
v 0.3597189 4.315002 -0.5830982
v 0.3277793 4.026717 -1.660338
v 0.3277793 4.064417 -1.696627
v 0.3277793 4.026527 -1.681884
v 0.3277793 4.064152 -1.66175
v 0.3277793 4.009731 -1.662485
v 0.3277793 4.008229 -1.679036
v 0.3277793 3.982462 -1.666502
v 0.3277793 3.992735 -1.679927
v 0.3277793 3.965629 -1.675573
v 0.3277793 3.974329 -1.689158
v 0.3277793 3.95347 -1.696329
v 0.3277793 3.958727 -1.702129
v 0.2749023 4.317506 -2.594145
v 0.2433041 4.297137 -2.055929
v 0.2782675 4.302191 -2.594145
v 0.2509826 4.314932 -2.055929
v 0.2392342 4.25928 -2.055929
v 0.275207 4.279315 -2.594145
v 0.233293 4.258483 -2.014475
v 0.2340882 4.296747 -2.014475
v 0.2346023 4.314734 -2.014475
v 0.2416204 4.220219 -2.014475
v 0.2351641 4.221421 -2.055929
v 0.249675 4.19688 -2.014475
v 0.2483342 4.18717 -2.055929
v 0.2904162 4.223587 -2.594145
v 0.2615044 4.152918 -2.055929
v 0.27496 4.246548 -2.594145
v 0.2550226 4.14915 -2.014475
v 0.2792083 3.777046 -1.491762
v 0.2792083 3.906841 -1.417739
v 0.2792083 3.844095 -1.373917
v 0.2792083 3.804816 -1.491671
v 0.2792083 3.758594 -1.489816
v 0.2792083 3.83396 -1.367002
v 0.2792083 3.750453 -1.478994
v 0.2792083 3.816608 -1.362015
v 0.2792083 3.977567 -1.464684
v 0.2792083 3.947127 -1.560396
v 0.2792083 4.062704 -1.610974
v 0.2792083 4.059545 -1.500689
v 0.2977851 3.751068 -1.502079
v 0.2977851 3.743264 -1.491705
v 0.2977851 4.063293 -1.631557
v 0.2977851 3.941452 -1.578238
v 0.2977851 3.853242 -1.357841
v 0.2977851 3.843613 -1.351272
v 0.2977851 3.787772 -1.504021
v 0.2977851 3.922627 -1.4063
v 0.2977851 3.983323 -1.446588
v 0.3102222 4.069463 -1.86046
v 0.3102222 4.049124 -1.822802
v 0.3102222 4.049124 -1.858284
v 0.3102222 4.069463 -1.822802
v 0.3102222 4.069463 -1.879037
v 0.3102222 4.049124 -1.876861
v 0.3102222 4.02247 -1.866765
v 0.3102222 4.02247 -1.848188
v 0.3102222 4.005508 -1.86313
v 0.3102222 4.005508 -1.844553
v 0.2824085 4.129448 -0.5836099
v 0.2740338 4.227403 -0.6157708
v 0.2740338 4.227403 -0.583482
v 0.2824085 4.127228 -0.6162354
v 0.2740338 4.227403 -0.6472182
v 0.2824085 4.120971 -0.6488611
v 0.2740338 4.227403 -0.6601657
v 0.2824085 4.158226 -0.6614715
v 0.2824085 4.058374 -0.6394376
v 0.2824085 4.059921 -0.6101779
v 0.2824085 4.06214 -0.5775525
v 0.2824085 3.997125 -0.6279956
v 0.2824085 3.993959 -0.5933506
v 0.2824085 4.004256 -0.5600525
v 0.2824085 3.975801 -0.591286
v 0.2824085 3.977871 -0.5608672
v 0.2824085 3.957745 -0.5889161
v 0.2824085 3.957109 -0.6014951
v 0.2824085 3.974359 -0.6198222
v 0.2824085 3.958657 -0.5755068
v 0.2740338 4.227403 -0.6721035
v 0.2824085 4.176636 -0.6727363
v 0.2740338 4.227403 -0.687827
v 0.2824085 4.193027 -0.6890488
v 0.2740338 4.227403 -0.6999212
v 0.2824085 4.198647 -0.6999212
v 0.2656589 4.273562 -0.6999212
v 0.2656589 4.273562 -0.6866057
v 0.2824085 4.312311 -0.6999212
v 0.2824085 4.316011 -0.684162
v 0.2656589 4.273562 -0.6714707
v 0.2824085 4.319715 -0.6702051
v 0.2656589 4.273562 -0.6588601
v 0.2824085 4.323417 -0.6562481
v 0.2656589 4.273562 -0.6455761
v 0.2824085 4.327118 -0.6422912
v 0.2656589 4.273562 -0.6153063
v 0.2824085 4.33183 -0.6143774
v 0.2656589 4.273562 -0.5833542
v 0.2824085 4.315002 -0.5830982
v 0.3143482 4.026717 -1.660338
v 0.3143482 4.064417 -1.696627
v 0.3143482 4.064152 -1.66175
v 0.3143482 4.026527 -1.681884
v 0.3143482 4.009731 -1.662485
v 0.3143482 4.008229 -1.679036
v 0.3143482 3.982462 -1.666502
v 0.3143482 3.992735 -1.679927
v 0.3143482 3.965629 -1.675573
v 0.3143482 3.974329 -1.689158
v 0.3143482 3.95347 -1.696329
v 0.3143482 3.958727 -1.702129
v 0.3143482 4.064152 -1.66175
v 0.3277793 4.064417 -1.696627
v 0.3277793 4.064152 -1.66175
v 0.3143482 4.064417 -1.696627
v 0.2824085 3.997125 -0.6279956
v 0.3597189 4.058374 -0.6394376
v 0.2824085 4.058374 -0.6394376
v 0.3597189 3.997125 -0.6279956
v 0.2824085 3.974359 -0.6198222
v 0.3597189 3.974359 -0.6198222
v 0.2824085 3.957109 -0.6014951
v 0.3597189 3.957109 -0.6014951
v 0.3597189 4.120971 -0.6488611
v 0.2824085 4.120971 -0.6488611
v 0.3597189 4.158226 -0.6614715
v 0.2824085 4.158226 -0.6614715
v 0.3597189 4.176636 -0.6727363
v 0.2824085 4.176636 -0.6727363
v 0.3597189 4.193027 -0.6890488
v 0.2824085 4.193027 -0.6890488
v 0.3102222 4.049124 -1.822802
v 0.3319056 4.049124 -1.858284
v 0.3102222 4.049124 -1.858284
v 0.3319056 4.049124 -1.822802
v 0.3143482 3.95347 -1.696329
v 0.3277793 3.965629 -1.675573
v 0.3277793 3.95347 -1.696329
v 0.3143482 3.965629 -1.675573
v 0.2824085 3.957745 -0.5889161
v 0.3597189 3.957109 -0.6014951
v 0.2824085 3.957109 -0.6014951
v 0.3597189 3.957745 -0.5889161
v 0.2824085 3.958657 -0.5755068
v 0.3597189 3.958657 -0.5755068
v 0.2824085 4.315002 -0.5830982
v 0.3764686 4.273562 -0.5833542
v 0.2656589 4.273562 -0.5833542
v 0.3597189 4.315002 -0.5830982
v 0.3680938 4.227403 -0.583482
v 0.2740338 4.227403 -0.583482
v 0.3597189 4.129448 -0.5836099
v 0.2824085 4.129448 -0.5836099
v 0.3597189 4.06214 -0.5775525
v 0.2824085 4.06214 -0.5775525
v 0.3597189 4.004256 -0.5600525
v 0.2824085 4.004256 -0.5600525
v 0.3597189 3.977871 -0.5608672
v 0.2824085 3.977871 -0.5608672
v 0.3597189 3.958657 -0.5755068
v 0.2824085 3.958657 -0.5755068
v 0.3102222 4.005508 -1.844553
v 0.3319056 4.005508 -1.86313
v 0.3102222 4.005508 -1.86313
v 0.3319056 4.005508 -1.844553
v 0.2977851 3.770037 -1.50408
v 0.3443424 3.751068 -1.502079
v 0.3443424 3.770037 -1.50408
v 0.2977851 3.751068 -1.502079
v 0.2977851 3.787772 -1.504021
v 0.3443424 3.787772 -1.504021
v 0.2977851 3.941452 -1.578238
v 0.3443424 3.941452 -1.578238
v 0.2977851 4.063293 -1.631557
v 0.3443424 4.063293 -1.631557
v 0.3629195 3.804816 -1.491671
v 0.3629195 3.777046 -1.491762
v 0.3629195 3.758594 -1.489816
v 0.2792083 3.777046 -1.491762
v 0.2792083 3.804816 -1.491671
v 0.2792083 3.758594 -1.489816
v 0.2824085 4.327118 -0.6422912
v 0.3597189 4.33183 -0.6143774
v 0.2824085 4.33183 -0.6143774
v 0.3597189 4.327118 -0.6422912
v 0.2824085 4.323417 -0.6562481
v 0.3597189 4.323417 -0.6562481
v 0.2824085 4.319715 -0.6702051
v 0.3597189 4.319715 -0.6702051
v 0.2824085 4.316011 -0.684162
v 0.3597189 4.316011 -0.684162
v 0.2824085 4.312311 -0.6999212
v 0.3597189 4.312311 -0.6999212
v 0.3597189 4.315002 -0.5830982
v 0.2824085 4.315002 -0.5830982
v 0.3102222 4.02247 -1.848188
v 0.3319056 4.005508 -1.844553
v 0.3102222 4.005508 -1.844553
v 0.3319056 4.02247 -1.848188
v 0.3102222 4.049124 -1.858284
v 0.3319056 4.049124 -1.858284
v 0.3511297 4.246548 -2.594145
v 0.3672998 4.279315 -2.594145
v 0.3543362 4.279315 -2.594145
v 0.3671679 4.246548 -2.594145
v 0.3367352 4.213385 -2.594145
v 0.3517114 4.223587 -2.594145
v 0.3210638 4.246548 -2.594145
v 0.3212533 4.279315 -2.594145
v 0.3542549 4.302191 -2.594145
v 0.3213857 4.302191 -2.594145
v 0.3529053 4.328101 -2.594145
v 0.3213571 4.328101 -2.594145
v 0.2885166 4.302191 -2.594145
v 0.2898088 4.328101 -2.594145
v 0.2782675 4.302191 -2.594145
v 0.2749023 4.317506 -2.594145
v 0.2881704 4.279315 -2.594145
v 0.3652034 4.317506 -2.594145
v 0.3645037 4.302191 -2.594145
v 0.2909979 4.246548 -2.594145
v 0.3053924 4.213385 -2.594145
v 0.2904162 4.223587 -2.594145
v 0.27496 4.246548 -2.594145
v 0.275207 4.279315 -2.594145
v 0.3210638 4.208963 -2.594145
v 0.3102222 4.069463 -1.822802
v 0.3319056 4.049124 -1.822802
v 0.3102222 4.049124 -1.822802
v 0.3319056 4.069463 -1.822802
v 0.2977851 4.058946 -1.479802
v 0.3629195 4.059545 -1.500689
v 0.3443424 4.058946 -1.479802
v 0.2792083 4.059545 -1.500689
v 0.3629195 4.062704 -1.610974
v 0.2792083 4.062704 -1.610974
v 0.3443424 4.063293 -1.631557
v 0.2977851 4.063293 -1.631557
v 0.3143482 3.982462 -1.666502
v 0.3277793 4.009731 -1.662485
v 0.3277793 3.982462 -1.666502
v 0.3143482 4.009731 -1.662485
v 0.3143482 3.965629 -1.675573
v 0.3277793 3.965629 -1.675573
v 0.3277793 4.026717 -1.660338
v 0.3143482 4.026717 -1.660338
v 0.3277793 4.064152 -1.66175
v 0.3143482 4.064152 -1.66175
v 0.3102222 4.049124 -1.876861
v 0.3319056 4.069463 -1.879037
v 0.3102222 4.069463 -1.879037
v 0.3319056 4.049124 -1.876861
v 0.3102222 4.02247 -1.866765
v 0.3319056 4.02247 -1.866765
v 0.3102222 4.005508 -1.86313
v 0.3319056 4.005508 -1.86313
v 0.3143482 3.992735 -1.679927
v 0.3277793 3.974329 -1.689158
v 0.3277793 3.992735 -1.679927
v 0.3143482 3.974329 -1.689158
v 0.3277793 3.958727 -1.702129
v 0.3143482 3.958727 -1.702129
v 0.3143482 4.008229 -1.679036
v 0.3277793 4.008229 -1.679036
v 0.3143482 4.026527 -1.681884
v 0.3277793 4.026527 -1.681884
v 0.3143482 4.064417 -1.696627
v 0.3277793 4.064417 -1.696627
v 0.3858512 4.220219 -2.014475
v 0.391709 4.19688 -2.014475
v 0.3703423 4.179632 -2.014475
v 0.3980033 4.220219 -2.014475
v 0.3873702 4.258483 -2.014475
v 0.3212247 4.258483 -2.014475
v 0.3210638 4.220219 -2.014475
v 0.2550793 4.258483 -2.014475
v 0.2562763 4.220219 -2.014475
v 0.4098303 4.253319 -2.014475
v 0.3888891 4.296747 -2.014475
v 0.410081 4.302789 -2.014475
v 0.3764482 4.327178 -2.014475
v 0.404189 4.313468 -2.014475
v 0.3214941 4.327178 -2.014475
v 0.3213857 4.296747 -2.014475
v 0.2665398 4.327178 -2.014475
v 0.253882 4.296747 -2.014475
v 0.2346023 4.314734 -2.014475
v 0.2340882 4.296747 -2.014475
v 0.233293 4.258483 -2.014475
v 0.2416204 4.220219 -2.014475
v 0.2717853 4.179632 -2.014475
v 0.249675 4.19688 -2.014475
v 0.3210638 4.177442 -2.014475
v 0.3210638 4.134664 -2.014475
v 0.2872943 4.139044 -2.014475
v 0.3548332 4.139044 -2.014475
v 0.2550226 4.14915 -2.014475
v 0.3871048 4.14915 -2.014475
v 0.2824085 4.193027 -0.6890488
v 0.3597189 4.198647 -0.6999212
v 0.2824085 4.198647 -0.6999212
v 0.3597189 4.193027 -0.6890488
v 0.3102222 4.069463 -1.879037
v 0.3319056 4.069463 -1.86046
v 0.3102222 4.069463 -1.86046
v 0.3319056 4.069463 -1.879037
v 0.3319056 4.069463 -1.822802
v 0.3102222 4.069463 -1.822802
v 0.2977851 3.751068 -1.502079
v 0.3443424 3.743264 -1.491705
v 0.3443424 3.751068 -1.502079
v 0.2977851 3.743264 -1.491705
v 0.3629195 3.758594 -1.489816
v 0.3629195 3.750453 -1.478994
v 0.3143482 3.958727 -1.702129
v 0.3277793 3.95347 -1.696329
v 0.3277793 3.958727 -1.702129
v 0.3143482 3.95347 -1.696329
v 0.2824085 4.198647 -0.6999212
v 0.3680938 4.227403 -0.6999212
v 0.2740338 4.227403 -0.6999212
v 0.3597189 4.198647 -0.6999212
v 0.3764686 4.273562 -0.6999212
v 0.2656589 4.273562 -0.6999212
v 0.3597189 4.312311 -0.6999212
v 0.2824085 4.312311 -0.6999212
v 0.3529053 4.328101 -2.594145
v 0.3908041 4.314932 -2.055929
v 0.3706828 4.327244 -2.055929
v 0.3652034 4.317506 -2.594145
v 0.3213571 4.328101 -2.594145
v 0.3212761 4.327244 -2.055929
v 0.3764482 4.327178 -2.014475
v 0.3214941 4.327178 -2.014475
v 0.2718693 4.327244 -2.055929
v 0.2665398 4.327178 -2.014475
v 0.2898088 4.328101 -2.594145
v 0.2749023 4.317506 -2.594145
v 0.2509826 4.314932 -2.055929
v 0.2346023 4.314734 -2.014475
v 0.404189 4.313468 -2.014475
v 0.3548332 4.139044 -2.014475
v 0.3802533 4.152918 -2.055929
v 0.3512393 4.142805 -2.055929
v 0.3871048 4.14915 -2.014475
v 0.3210638 4.134664 -2.014475
v 0.3208788 4.138422 -2.055929
v 0.3367352 4.213385 -2.594145
v 0.3210638 4.208963 -2.594145
v 0.2905183 4.142805 -2.055929
v 0.3053924 4.213385 -2.594145
v 0.2872943 4.139044 -2.014475
v 0.2550226 4.14915 -2.014475
v 0.2615044 4.152918 -2.055929
v 0.2904162 4.223587 -2.594145
v 0.3517114 4.223587 -2.594145
v 0.4131992 4.309175 -1.323749
v 0.4131992 4.244743 -1.227953
v 0.4131992 4.309175 -1.227953
v 0.4131992 4.244743 -1.323749
v 0.3997367 4.347531 -1.323749
v 0.3997367 4.347531 -1.243654
v 0.3899806 4.193937 -1.227953
v 0.3899806 4.193937 -1.323749
v 0.3899806 4.193937 -1.323749
v 0.252147 4.193937 -1.227953
v 0.3899806 4.193937 -1.227953
v 0.252147 4.193937 -1.323749
v 0.3807479 4.205367 -1.215779
v 0.2613796 4.205367 -1.215779
v 0.2289283 4.244743 -1.323749
v 0.2289283 4.309175 -1.227953
v 0.2289283 4.244743 -1.227953
v 0.2289283 4.309175 -1.323749
v 0.252147 4.193937 -1.323749
v 0.252147 4.193937 -1.227953
v 0.2423909 4.347531 -1.243654
v 0.2423909 4.347531 -1.323749
v 0.2289283 4.244743 -1.323749
v 0.4131992 4.309175 -1.323749
v 0.2289283 4.309175 -1.323749
v 0.4131992 4.244743 -1.323749
v 0.252147 4.193937 -1.323749
v 0.3899806 4.193937 -1.323749
v 0.2423909 4.347531 -1.323749
v 0.3997367 4.347531 -1.323749
v 0.3566259 4.389185 -1.323749
v 0.2855017 4.389185 -1.323749
v 0.2855017 4.389185 -1.323749
v 0.3566259 4.393101 -1.273909
v 0.2855017 4.393101 -1.273909
v 0.3566259 4.389185 -1.323749
v 0.2423909 4.347531 -1.323749
v 0.2423909 4.347531 -1.243654
v 0.3997367 4.347531 -1.243654
v 0.3997367 4.347531 -1.323749
v 0.2911063 4.384482 -1.255801
v 0.3510213 4.384482 -1.255801
v 0.3852808 4.347531 -1.231481
v 0.2568468 4.347531 -1.231481
v 0.2433844 4.244743 -1.215779
v 0.3987431 4.309175 -1.215779
v 0.3987431 4.244743 -1.215779
v 0.2433844 4.309175 -1.215779
v 0.2613796 4.205367 -1.215779
v 0.3807479 4.205367 -1.215779
v 0.3852808 4.347531 -1.231481
v 0.2568468 4.347531 -1.231481
v 0.3510213 4.384482 -1.255801
v 0.2911063 4.384482 -1.255801
v 0.3899806 4.193937 -1.227953
v 0.4131992 4.244743 -1.227953
v 0.2289283 4.244743 -1.227953
v 0.252147 4.193937 -1.227953
v 0.4131992 4.309175 -1.227953
v 0.3997367 4.347531 -1.243654
v 0.2423909 4.347531 -1.243654
v 0.2289283 4.309175 -1.227953
v 0.3001715 4.273275 -2.756741
v 0.32139 4.282065 -2.633085
v 0.3001715 4.273275 -2.633085
v 0.32139 4.282065 -2.756741
v 0.3426082 4.273275 -2.633085
v 0.3426082 4.273275 -2.756741
v 0.2913827 4.252058 -2.756741
v 0.3001715 4.273275 -2.633085
v 0.2913827 4.252058 -2.633085
v 0.3001715 4.273275 -2.756741
v 0.3001715 4.230839 -2.756741
v 0.3001715 4.230839 -2.633085
v 0.32139 4.22205 -2.756741
v 0.3001715 4.230839 -2.633085
v 0.32139 4.22205 -2.633085
v 0.3001715 4.230839 -2.756741
v 0.3426082 4.230839 -2.756741
v 0.3426082 4.230839 -2.633085
v 0.3513971 4.252058 -2.756741
v 0.3426082 4.230839 -2.633085
v 0.3513971 4.252058 -2.633085
v 0.3426082 4.230839 -2.756741
v 0.3426082 4.273275 -2.756741
v 0.3426082 4.273275 -2.633085
v 0.3389507 4.269618 -2.657274
v 0.32139 4.276892 -2.756741
v 0.32139 4.276892 -2.657274
v 0.3389507 4.269618 -2.756741
v 0.303829 4.269618 -2.756741
v 0.303829 4.269618 -2.657274
v 0.3001715 4.273275 -2.633085
v 0.3001715 4.230839 -2.633085
v 0.2913827 4.252058 -2.633085
v 0.32139 4.22205 -2.633085
v 0.32139 4.282065 -2.633085
v 0.3426082 4.230839 -2.633085
v 0.3426082 4.273275 -2.633085
v 0.3513971 4.252058 -2.633085
v 0.2767744 4.351543 -1.548507
v 0.3660198 4.351543 -1.424301
v 0.3660198 4.351543 -1.548507
v 0.2767744 4.351543 -1.424301
v 0.3660198 4.351543 -1.424301
v 0.3610225 4.385208 -1.538357
v 0.3660198 4.351543 -1.548507
v 0.3610225 4.385208 -1.424301
v 0.2817717 4.385208 -1.538357
v 0.3610225 4.385208 -1.424301
v 0.2817717 4.385208 -1.424301
v 0.3610225 4.385208 -1.538357
v 0.2767744 4.351543 -1.424301
v 0.3610225 4.385208 -1.424301
v 0.3660198 4.351543 -1.424301
v 0.2817717 4.385208 -1.424301
v 0.2767744 4.351543 -1.548507
v 0.2817717 4.385208 -1.424301
v 0.2767744 4.351543 -1.424301
v 0.2817717 4.385208 -1.538357
v 0.3660198 4.351543 -1.548507
v 0.2817717 4.385208 -1.538357
v 0.2767744 4.351543 -1.548507
v 0.3610225 4.385208 -1.538357
v 0.3213685 4.467356 -2.627726
v 0.3058925 4.460164 -2.627726
v 0.3213685 4.464311 -2.627726
v 0.3043697 4.462801 -2.627726
v 0.2945633 4.448835 -2.627726
v 0.291926 4.450357 -2.627726
v 0.2904164 4.433359 -2.627726
v 0.2873713 4.433359 -2.627726
v 0.2945633 4.417883 -2.627726
v 0.291926 4.416361 -2.627726
v 0.3058925 4.406554 -2.627726
v 0.3043697 4.403916 -2.627726
v 0.3213685 4.402407 -2.627726
v 0.3213685 4.399363 -2.627726
v 0.3368443 4.406554 -2.627726
v 0.3383668 4.403916 -2.627726
v 0.3481736 4.417883 -2.627726
v 0.3508109 4.416361 -2.627726
v 0.3523203 4.433359 -2.627726
v 0.3553655 4.433359 -2.627726
v 0.3481736 4.448835 -2.627726
v 0.3508109 4.450357 -2.627726
v 0.3368443 4.460164 -2.627726
v 0.3383668 4.462801 -2.627726
v 0.3363091 4.459238 -2.626692
v 0.3213685 4.463241 -2.626692
v 0.3472467 4.4483 -2.626692
v 0.3512501 4.433359 -2.626692
v 0.3472467 4.418418 -2.626692
v 0.3363091 4.407481 -2.626692
v 0.3064277 4.459238 -2.626692
v 0.2954902 4.4483 -2.626692
v 0.2914867 4.433359 -2.626692
v 0.2954902 4.418418 -2.626692
v 0.3064277 4.407481 -2.626692
v 0.3517378 4.450892 -2.626692
v 0.338902 4.463729 -2.626692
v 0.3564359 4.433359 -2.626692
v 0.3517378 4.415825 -2.626692
v 0.338902 4.402989 -2.626692
v 0.3213685 4.398291 -2.626692
v 0.3038348 4.402989 -2.626692
v 0.2909991 4.415825 -2.626692
v 0.3213685 4.467356 -2.610566
v 0.3368443 4.460164 -2.610566
v 0.3213685 4.464311 -2.610566
v 0.3383668 4.462801 -2.610566
v 0.3043697 4.462801 -2.610566
v 0.3058925 4.460164 -2.610566
v 0.3481736 4.448835 -2.610566
v 0.3508109 4.450357 -2.610566
v 0.3523203 4.433359 -2.610566
v 0.3553655 4.433359 -2.610566
v 0.291926 4.450357 -2.610566
v 0.2945633 4.448835 -2.610566
v 0.3481736 4.417883 -2.610566
v 0.3508109 4.416361 -2.610566
v 0.3368443 4.406554 -2.610566
v 0.3383668 4.403916 -2.610566
v 0.3213685 4.402407 -2.610566
v 0.3213685 4.399363 -2.610566
v 0.3058925 4.406554 -2.610566
v 0.3043697 4.403916 -2.610566
v 0.2945633 4.417883 -2.610566
v 0.291926 4.416361 -2.610566
v 0.2904164 4.433359 -2.610566
v 0.2873713 4.433359 -2.610566
v 0.3472467 4.418418 -2.611601
v 0.3512501 4.433359 -2.611601
v 0.3363091 4.407481 -2.611601
v 0.3213685 4.403478 -2.611601
v 0.3064277 4.407481 -2.611601
v 0.2954902 4.418418 -2.611601
v 0.2914867 4.433359 -2.611601
v 0.2954902 4.4483 -2.611601
v 0.3064277 4.459238 -2.611601
v 0.3038348 4.402989 -2.611601
v 0.2909991 4.415825 -2.611601
v 0.3363091 4.459238 -2.611601
v 0.3213685 4.463241 -2.626692
v 0.3213685 4.463241 -2.611601
v 0.3363091 4.459238 -2.626692
v 0.3064277 4.459238 -2.626692
v 0.3064277 4.459238 -2.611601
v 0.2954902 4.4483 -2.626692
v 0.2954902 4.4483 -2.611601
v 0.3213685 4.464311 -2.610566
v 0.3368443 4.460164 -2.610566
v 0.3058925 4.460164 -2.610566
v 0.3517378 4.450892 -2.611601
v 0.338902 4.463729 -2.626692
v 0.3517378 4.450892 -2.626692
v 0.338902 4.463729 -2.611601
v 0.3213685 4.468426 -2.626692
v 0.3213685 4.468426 -2.611601
v 0.3038346 4.463729 -2.626692
v 0.3038346 4.463729 -2.611601
v 0.2909991 4.450892 -2.626692
v 0.2909991 4.450892 -2.611601
v 0.3213685 4.467356 -2.627726
v 0.3383668 4.462801 -2.627726
v 0.3043697 4.462801 -2.627726
v 0.3038348 4.402989 -2.611601
v 0.3213685 4.398291 -2.626692
v 0.3038348 4.402989 -2.626692
v 0.3213685 4.398291 -2.611601
v 0.338902 4.402989 -2.626692
v 0.338902 4.402989 -2.611601
v 0.3517378 4.415825 -2.626692
v 0.3517378 4.415825 -2.611601
v 0.3213685 4.399363 -2.610566
v 0.3383668 4.403916 -2.610566
v 0.3043697 4.403916 -2.610566
v 0.2909991 4.450892 -2.611601
v 0.286301 4.433359 -2.626692
v 0.2909991 4.450892 -2.626692
v 0.286301 4.433359 -2.611601
v 0.2909991 4.415825 -2.626692
v 0.2909991 4.415825 -2.611601
v 0.3038348 4.402989 -2.626692
v 0.3038348 4.402989 -2.611601
v 0.291926 4.416361 -2.627726
v 0.2873713 4.433359 -2.627726
v 0.2873713 4.433359 -2.610566
v 0.291926 4.416361 -2.610566
v 0.3564359 4.433359 -2.611601
v 0.3517378 4.450892 -2.626692
v 0.3564359 4.433359 -2.626692
v 0.3517378 4.450892 -2.611601
v 0.3517378 4.415825 -2.611601
v 0.3517378 4.415825 -2.626692
v 0.3472467 4.4483 -2.611601
v 0.3363091 4.459238 -2.626692
v 0.3363091 4.459238 -2.611601
v 0.3472467 4.4483 -2.626692
v 0.3512501 4.433359 -2.611601
v 0.3512501 4.433359 -2.626692
v 0.3472467 4.418418 -2.611601
v 0.3472467 4.418418 -2.626692
v 0.3523203 4.433359 -2.627726
v 0.3481736 4.448835 -2.627726
v 0.3481736 4.448835 -2.610566
v 0.3523203 4.433359 -2.610566
v 0.2954902 4.418418 -2.611601
v 0.3064277 4.407481 -2.626692
v 0.3064277 4.407481 -2.611601
v 0.2954902 4.418418 -2.626692
v 0.3213685 4.403478 -2.626692
v 0.3213685 4.403478 -2.611601
v 0.3363091 4.407481 -2.626692
v 0.3363091 4.407481 -2.611601
v 0.3472467 4.418418 -2.626692
v 0.3472467 4.418418 -2.611601
v 0.3213685 4.402407 -2.627726
v 0.3368443 4.406554 -2.627726
v 0.3058925 4.406554 -2.627726
v 0.2954902 4.4483 -2.611601
v 0.2914867 4.433359 -2.626692
v 0.2914867 4.433359 -2.611601
v 0.2954902 4.4483 -2.626692
v 0.2954902 4.418418 -2.626692
v 0.2954902 4.418418 -2.611601
v 0.3472467 4.4483 -2.611601
v 0.3363091 4.459238 -2.611601
v 0.2909991 4.450892 -2.626692
v 0.286301 4.433359 -2.626692
v 0.3038346 4.463729 -2.626692
v 0.3213685 4.468426 -2.611601
v 0.338902 4.463729 -2.611601
v 0.3517378 4.450892 -2.611601
v 0.3564359 4.433359 -2.611601
v 0.3517378 4.415825 -2.611601
v 0.338902 4.402989 -2.611601
v 0.3038346 4.463729 -2.611601
v 0.2909991 4.450892 -2.611601
v 0.286301 4.433359 -2.611601
v 0.2955645 4.352615 -2.346098
v 0.2702155 4.364758 -2.351728
v 0.291812 4.34814 -2.346098
v 0.2752991 4.370821 -2.351728
v 0.2891476 4.34496 -2.344525
v 0.266606 4.360451 -2.349597
v 0.2789087 4.375127 -2.349597
v 0.2982289 4.355793 -2.344525
v 0.2829132 4.387873 -2.32293
v 0.281551 4.378279 -2.316674
v 0.2814406 4.386117 -2.311433
v 0.2825182 4.379433 -2.324626
v 0.3008933 4.358972 -2.326092
v 0.3008933 4.358972 -2.334359
v 0.2825182 4.379433 -2.335825
v 0.3001795 4.358121 -2.320223
v 0.2789087 4.375127 -2.310854
v 0.2982289 4.355793 -2.315926
v 0.3001795 4.358121 -2.340229
v 0.281551 4.378279 -2.343776
v 0.2982289 4.355793 -2.344525
v 0.2789087 4.375127 -2.349597
v 0.2829132 4.387873 -2.337522
v 0.2814406 4.386117 -2.349018
v 0.2773523 4.381239 -2.358024
v 0.2721336 4.375014 -2.361268
v 0.2752991 4.370821 -2.351728
v 0.2655099 4.367113 -2.361268
v 0.2702155 4.364758 -2.351728
v 0.2773525 4.381239 -2.302427
v 0.2752991 4.370821 -2.308723
v 0.2721336 4.375014 -2.299184
v 0.2702155 4.364758 -2.308723
v 0.2655099 4.367113 -2.299184
v 0.2864832 4.341783 -2.326092
v 0.2871971 4.342635 -2.340229
v 0.2864832 4.341783 -2.334359
v 0.2871971 4.342635 -2.320223
v 0.2891476 4.34496 -2.344525
v 0.2891476 4.34496 -2.315926
v 0.291812 4.34814 -2.346098
v 0.291812 4.34814 -2.314353
v 0.2955645 4.352615 -2.346098
v 0.2955645 4.352615 -2.314353
v 0.2982289 4.355793 -2.344525
v 0.2982289 4.355793 -2.315926
v 0.3001795 4.358121 -2.340229
v 0.3001795 4.358121 -2.320223
v 0.3008933 4.358972 -2.334359
v 0.3008933 4.358972 -2.326092
v 0.2752991 4.370821 -2.308723
v 0.291812 4.34814 -2.314353
v 0.2702155 4.364758 -2.308723
v 0.2955645 4.352615 -2.314353
v 0.266606 4.360451 -2.310854
v 0.2891476 4.34496 -2.315926
v 0.2982289 4.355793 -2.315926
v 0.2789087 4.375127 -2.310854
v 0.2871971 4.342635 -2.320223
v 0.2629964 4.356146 -2.324626
v 0.2639636 4.357299 -2.316674
v 0.2864832 4.341783 -2.326092
v 0.2891476 4.34496 -2.315926
v 0.266606 4.360451 -2.310854
v 0.2629964 4.356146 -2.335825
v 0.2864832 4.341783 -2.334359
v 0.2639636 4.357299 -2.343776
v 0.2871971 4.342635 -2.340229
v 0.266606 4.360451 -2.349597
v 0.2891476 4.34496 -2.344525
v 0.2547303 4.354254 -2.32293
v 0.2547303 4.354254 -2.337522
v 0.2562029 4.35601 -2.349018
v 0.260291 4.360888 -2.302427
v 0.2562029 4.35601 -2.311433
v 0.2461722 4.372632 -2.302427
v 0.2420838 4.367756 -2.311433
v 0.2406114 4.365999 -2.32293
v 0.260291 4.360888 -2.358024
v 0.2702155 4.364758 -2.351728
v 0.2655099 4.367113 -2.361268
v 0.2655099 4.367113 -2.299184
v 0.2702155 4.364758 -2.308723
v 0.2366679 4.376608 -2.336233
v 0.2377057 4.377845 -2.315687
v 0.2366679 4.376608 -2.324218
v 0.2377057 4.377845 -2.344764
v 0.2405407 4.381227 -2.309442
v 0.2405407 4.381227 -2.351009
v 0.2444131 4.385846 -2.307156
v 0.2444131 4.385846 -2.353295
v 0.2498673 4.392353 -2.307156
v 0.2498673 4.392353 -2.353295
v 0.2537397 4.396972 -2.309442
v 0.2537397 4.396972 -2.351009
v 0.2565747 4.400354 -2.315687
v 0.2565747 4.400354 -2.344764
v 0.2576125 4.401592 -2.324218
v 0.2576125 4.401592 -2.336233
v 0.2420838 4.367756 -2.349018
v 0.2461722 4.372632 -2.358024
v 0.260291 4.360888 -2.358024
v 0.2562029 4.35601 -2.349018
v 0.2406114 4.365999 -2.337522
v 0.2406114 4.365999 -2.32293
v 0.2547303 4.354254 -2.337522
v 0.2547303 4.354254 -2.32293
v 0.2420838 4.367756 -2.311433
v 0.2461722 4.372632 -2.302427
v 0.2673218 4.397861 -2.311433
v 0.2576125 4.401592 -2.324218
v 0.2687942 4.399618 -2.32293
v 0.2565747 4.400354 -2.315687
v 0.2632334 4.392984 -2.302427
v 0.2537397 4.396972 -2.309442
v 0.2814406 4.386117 -2.311433
v 0.2829132 4.387873 -2.32293
v 0.2687942 4.399618 -2.337522
v 0.2829132 4.387873 -2.337522
v 0.2673218 4.397861 -2.349018
v 0.2814406 4.386117 -2.349018
v 0.2632334 4.392984 -2.358024
v 0.2773523 4.381239 -2.358024
v 0.2537397 4.396972 -2.351009
v 0.2565747 4.400354 -2.344764
v 0.2576125 4.401592 -2.336233
v 0.2461722 4.372632 -2.302427
v 0.2444131 4.385846 -2.307156
v 0.2513911 4.378858 -2.299184
v 0.2405407 4.381227 -2.309442
v 0.260291 4.360888 -2.302427
v 0.2655099 4.367113 -2.299184
v 0.2580145 4.386759 -2.299184
v 0.2721336 4.375014 -2.299184
v 0.2632334 4.392984 -2.302427
v 0.2773525 4.381239 -2.302427
v 0.2673218 4.397861 -2.311433
v 0.2814406 4.386117 -2.311433
v 0.2537397 4.396972 -2.309442
v 0.2498673 4.392353 -2.307156
v 0.2513911 4.378858 -2.361268
v 0.2405407 4.381227 -2.351009
v 0.2461722 4.372632 -2.358024
v 0.2444131 4.385846 -2.353295
v 0.2580145 4.386759 -2.361268
v 0.2498673 4.392353 -2.353295
v 0.2721336 4.375014 -2.361268
v 0.2773523 4.381239 -2.358024
v 0.2632334 4.392984 -2.358024
v 0.2655099 4.367113 -2.361268
v 0.260291 4.360888 -2.358024
v 0.2537397 4.396972 -2.351009
v 0.3001715 4.273275 -2.756741
v 0.32139 4.276892 -2.756741
v 0.32139 4.282065 -2.756741
v 0.303829 4.269618 -2.756741
v 0.2913827 4.252058 -2.756741
v 0.2965553 4.252058 -2.756741
v 0.3001715 4.230839 -2.756741
v 0.303829 4.234497 -2.756741
v 0.32139 4.22205 -2.756741
v 0.32139 4.227222 -2.756741
v 0.3426082 4.230839 -2.756741
v 0.3389507 4.234497 -2.756741
v 0.3513971 4.252058 -2.756741
v 0.3462245 4.252058 -2.756741
v 0.3426082 4.273275 -2.756741
v 0.3389507 4.269618 -2.756741
v 0.303829 4.234497 -2.657274
v 0.303829 4.269618 -2.657274
v 0.2965553 4.252058 -2.657274
v 0.32139 4.276892 -2.657274
v 0.32139 4.227222 -2.657274
v 0.3389507 4.269618 -2.657274
v 0.3389507 4.234497 -2.657274
v 0.3462245 4.252058 -2.657274
v 0.303829 4.234497 -2.657274
v 0.32139 4.227222 -2.756741
v 0.32139 4.227222 -2.657274
v 0.303829 4.234497 -2.756741
v 0.3389507 4.234497 -2.756741
v 0.3389507 4.234497 -2.657274
v 0.3389507 4.234497 -2.657274
v 0.3462245 4.252058 -2.756741
v 0.3462245 4.252058 -2.657274
v 0.3389507 4.234497 -2.756741
v 0.3389507 4.269618 -2.756741
v 0.3389507 4.269618 -2.657274
v 0.303829 4.269618 -2.657274
v 0.2965553 4.252058 -2.756741
v 0.2965553 4.252058 -2.657274
v 0.303829 4.269618 -2.756741
v 0.303829 4.234497 -2.756741
v 0.303829 4.234497 -2.657274
v 0.3802502 4.103208 -1.625106
v 0.3722747 4.101079 -1.617192
v 0.3802502 4.103708 -1.616948
v 0.3722747 4.100391 -1.62693
v 0.3722747 4.102304 -1.611447
v 0.3802502 4.104976 -1.611232
v 0.3722747 4.104362 -1.605916
v 0.3802502 4.10718 -1.605771
v 0.3722747 4.10981 -1.595787
v 0.3802502 4.112566 -1.596498
v 0.3722747 4.125625 -1.576201
v 0.3802502 4.127312 -1.577586
v 0.3802502 4.103868 -1.63628
v 0.3722747 4.101242 -1.639468
v 0.3802502 4.105971 -1.64114
v 0.3722747 4.103385 -1.644289
v 0.3802502 4.130536 -1.572691
v 0.3722747 4.12887 -1.571343
v 0.3802502 4.133091 -1.567407
v 0.3722747 4.131342 -1.566039
v 0.3802502 4.137467 -1.55572
v 0.3722747 4.135655 -1.553454
v 0.3802502 4.140743 -1.551857
v 0.3722747 4.13882 -1.549567
v 0.3802502 4.110255 -1.64405
v 0.3722747 4.119276 -1.649932
v 0.3722747 4.107708 -1.647121
v 0.3802502 4.12027 -1.646685
v 0.3802502 4.105971 -1.64114
v 0.3722747 4.103385 -1.644289
v 0.3722747 4.124949 -1.650117
v 0.3802502 4.125888 -1.646866
v 0.3722747 4.130511 -1.648585
v 0.3802502 4.131358 -1.645172
v 0.3722747 4.140873 -1.642928
v 0.3802502 4.139654 -1.64002
v 0.3722747 4.145624 -1.639415
v 0.3722747 4.149828 -1.63582
v 0.3802502 4.147211 -1.633472
v 0.3802502 4.155857 -1.555495
v 0.3802502 4.156408 -1.560266
v 0.3802502 4.152278 -1.552223
v 0.3802502 4.148237 -1.55066
v 0.3802502 4.137467 -1.55572
v 0.3802502 4.14567 -1.550491
v 0.3802502 4.140743 -1.551857
v 0.3802502 4.152607 -1.575874
v 0.3802502 4.133091 -1.567407
v 0.3802502 4.130536 -1.572691
v 0.3802502 4.127312 -1.577586
v 0.3802502 4.151596 -1.623238
v 0.3802502 4.112566 -1.596498
v 0.3802502 4.10718 -1.605771
v 0.3802502 4.139654 -1.64002
v 0.3802502 4.147211 -1.633472
v 0.3802502 4.15028 -1.628793
v 0.3802502 4.104976 -1.611232
v 0.3802502 4.103708 -1.616948
v 0.3802502 4.103208 -1.625106
v 0.3802502 4.131358 -1.645172
v 0.3802502 4.12027 -1.646685
v 0.3802502 4.125888 -1.646866
v 0.3802502 4.103868 -1.63628
v 0.3802502 4.110255 -1.64405
v 0.3802502 4.105971 -1.64114
v 0.3722747 4.159364 -1.559258
v 0.3722747 4.148369 -1.548604
v 0.3722747 4.135655 -1.553454
v 0.3722747 4.155069 -1.551188
v 0.3722747 4.158697 -1.554466
v 0.3722747 4.143702 -1.548238
v 0.3722747 4.13882 -1.549567
v 0.3722747 4.131342 -1.566039
v 0.3722747 4.155538 -1.576632
v 0.3722747 4.12887 -1.571343
v 0.3722747 4.125625 -1.576201
v 0.3722747 4.10981 -1.595787
v 0.3722747 4.154424 -1.625796
v 0.3722747 4.104362 -1.605916
v 0.3722747 4.145624 -1.639415
v 0.3722747 4.149828 -1.63582
v 0.3722747 4.153039 -1.631289
v 0.3722747 4.102304 -1.611447
v 0.3722747 4.101079 -1.617192
v 0.3722747 4.140873 -1.642928
v 0.3722747 4.130511 -1.648585
v 0.3722747 4.100391 -1.62693
v 0.3722747 4.119276 -1.649932
v 0.3722747 4.101242 -1.639468
v 0.3722747 4.124949 -1.650117
v 0.3722747 4.107708 -1.647121
v 0.3722747 4.103385 -1.644289
v 0.3802502 4.151596 -1.623238
v 0.3722747 4.155538 -1.576632
v 0.3722747 4.154424 -1.625796
v 0.3802502 4.152607 -1.575874
v 0.3802502 4.156408 -1.560266
v 0.3722747 4.159364 -1.559258
v 0.3802502 4.155857 -1.555495
v 0.3722747 4.158697 -1.554466
v 0.3802502 4.15028 -1.628793
v 0.3722747 4.153039 -1.631289
v 0.3802502 4.147211 -1.633472
v 0.3722747 4.149828 -1.63582
v 0.3802502 4.155857 -1.555495
v 0.3722747 4.155069 -1.551188
v 0.3722747 4.158697 -1.554466
v 0.3802502 4.152278 -1.552223
v 0.3722747 4.148369 -1.548604
v 0.3802502 4.148237 -1.55066
v 0.3802502 4.14567 -1.550491
v 0.3722747 4.143702 -1.548238
v 0.3802502 4.140743 -1.551857
v 0.3722747 4.13882 -1.549567
v 0.3011164 4.378311 -1.278079
v 0.3410111 4.378311 -2.016247
v 0.3410111 4.378311 -1.278079
v 0.3011164 4.378311 -2.016247
v 0.3689516 4.352114 -1.805646
v 0.3703722 4.350782 -1.267388
v 0.3689516 4.352114 -1.934828
v 0.3703722 4.350782 -2.016247
v 0.2717553 4.350782 -2.016247
v 0.2717553 4.350782 -1.267388
v 0.3721891 4.323889 -2.016247
v 0.2717553 4.350782 -2.016247
v 0.2699385 4.323889 -2.016247
v 0.3011164 4.378311 -2.016247
v 0.3410111 4.378311 -2.016247
v 0.3703722 4.350782 -2.016247
v 0.4058563 4.308398 -2.016247
v 0.2362714 4.308398 -2.016247
v 0.4042856 4.248236 -2.016247
v 0.2378419 4.248236 -2.016247
v 0.3833135 4.202346 -2.016247
v 0.2588143 4.202346 -2.016247
v 0.2717553 4.350782 -2.016247
v 0.2699385 4.323889 -1.248613
v 0.2699385 4.323889 -2.016247
v 0.2717553 4.350782 -1.267388
v 0.2378419 4.248236 -1.227834
v 0.4058563 4.308398 -1.240251
v 0.4042856 4.248236 -1.227834
v 0.2362714 4.308398 -1.240251
v 0.2588143 4.202346 -1.227834
v 0.3833135 4.202346 -1.227834
v 0.3721891 4.323889 -1.248613
v 0.2699385 4.323889 -1.248613
v 0.2717553 4.350782 -1.267388
v 0.3011164 4.378311 -1.278079
v 0.3410111 4.378311 -1.278079
v 0.3703722 4.350782 -1.267388
v 0.4054555 4.293043 -1.934828
v 0.4042856 4.248236 -2.016247
v 0.4042856 4.248236 -1.227834
v 0.4058563 4.308398 -2.016247
v 0.4058563 4.308398 -1.934828
v 0.4054555 4.293043 -1.805646
v 0.4058563 4.308398 -1.240251
v 0.4058563 4.308398 -1.805646
v 0.3833135 4.202346 -1.227834
v 0.3833135 4.202346 -2.016247
v 0.2362714 4.308398 -2.016247
v 0.2378419 4.248236 -1.227834
v 0.2378419 4.248236 -2.016247
v 0.2362714 4.308398 -1.240251
v 0.2588143 4.202346 -1.227834
v 0.2588143 4.202346 -2.016247
v 0.2588143 4.202346 -2.016247
v 0.3833135 4.202346 -1.227834
v 0.3833135 4.202346 -2.016247
v 0.2588143 4.202346 -1.227834
v 0.3689516 4.352114 -1.805646
v 0.3721891 4.323889 -1.248613
v 0.3703722 4.350782 -1.267388
v 0.3721891 4.323889 -1.805646
v 0.3599001 4.312434 -2.64237
v 0.2806862 4.312434 -2.593834
v 0.2806862 4.312434 -2.64237
v 0.3599001 4.312434 -2.593834
v 0.3528072 4.261106 -2.593834
v 0.2877791 4.261106 -2.639293
v 0.2877791 4.261106 -2.593834
v 0.3528072 4.261106 -2.639293
v 0.3528072 4.261106 -2.593834
v 0.2842326 4.28677 -2.593834
v 0.3563536 4.28677 -2.593834
v 0.2877791 4.261106 -2.593834
v 0.2806862 4.312434 -2.593834
v 0.3599001 4.312434 -2.593834
v 0.3528072 4.261106 -2.593834
v 0.3563536 4.28677 -2.638165
v 0.3528072 4.261106 -2.639293
v 0.3563536 4.28677 -2.593834
v 0.3599001 4.312434 -2.64237
v 0.3599001 4.312434 -2.593834
v 0.2877791 4.261106 -2.639293
v 0.2842326 4.28677 -2.593834
v 0.2877791 4.261106 -2.593834
v 0.2842326 4.28677 -2.638165
v 0.2806862 4.312434 -2.593834
v 0.2806862 4.312434 -2.64237
v 0.3528072 4.261106 -2.639293
v 0.2842326 4.28677 -2.638165
v 0.2877791 4.261106 -2.639293
v 0.3563536 4.28677 -2.638165
v 0.2806862 4.312434 -2.64237
v 0.3599001 4.312434 -2.64237
v 0.3165062 4.419392 -2.617312
v 0.3213685 4.402366 -2.617312
v 0.3160593 4.403199 -2.617312
v 0.3262307 4.419392 -2.617312
v 0.3121727 4.405476 -2.617312
v 0.3165062 4.431298 -2.617312
v 0.3262307 4.431298 -2.617312
v 0.3266775 4.403199 -2.617312
v 0.3305642 4.405476 -2.617312
v 0.3305642 4.405476 -2.62098
v 0.3262307 4.419392 -2.62098
v 0.3266775 4.403199 -2.62098
v 0.3213685 4.402366 -2.62098
v 0.3160593 4.403199 -2.62098
v 0.3165062 4.419392 -2.62098
v 0.3262307 4.431298 -2.62098
v 0.3165062 4.431298 -2.62098
v 0.3121727 4.405476 -2.62098
v 0.3165062 4.431298 -2.62098
v 0.3262307 4.431298 -2.617312
v 0.3165062 4.431298 -2.617312
v 0.3262307 4.431298 -2.62098
v 0.3121727 4.405476 -2.617312
v 0.3160593 4.403199 -2.62098
v 0.3121727 4.405476 -2.62098
v 0.3160593 4.403199 -2.617312
v 0.3213685 4.402366 -2.62098
v 0.3213685 4.402366 -2.617312
v 0.3266775 4.403199 -2.62098
v 0.3266775 4.403199 -2.617312
v 0.3305642 4.405476 -2.62098
v 0.3305642 4.405476 -2.617312
v 0.3305642 4.405476 -2.62098
v 0.3262307 4.419392 -2.617312
v 0.3262307 4.419392 -2.62098
v 0.3305642 4.405476 -2.617312
v 0.3262307 4.431298 -2.617312
v 0.3262307 4.431298 -2.62098
v 0.3165062 4.419392 -2.617312
v 0.3165062 4.431298 -2.62098
v 0.3165062 4.431298 -2.617312
v 0.3165062 4.419392 -2.62098
v 0.3121727 4.405476 -2.617312
v 0.3121727 4.405476 -2.62098
v 0.4058563 4.308398 -1.934828
v 0.3721891 4.323889 -2.016247
v 0.4058563 4.308398 -2.016247
v 0.3721891 4.323889 -1.934828
v 0.2699385 4.323889 -1.248613
v 0.2362714 4.308398 -2.016247
v 0.2699385 4.323889 -2.016247
v 0.2362714 4.308398 -1.240251
v 0.3356118 4.285439 -1.951459
v 0.359504 4.352114 -1.934828
v 0.3751346 4.293043 -1.934828
v 0.3356118 4.359718 -1.951459
v 0.3689516 4.352114 -1.934828
v 0.3721891 4.323889 -1.934828
v 0.4058563 4.308398 -1.934828
v 0.4054555 4.293043 -1.934828
v 0.3689516 4.352114 -1.934828
v 0.359504 4.352114 -1.805646
v 0.3689516 4.352114 -1.805646
v 0.359504 4.352114 -1.934828
v 0.3356118 4.359718 -1.951459
v 0.3356118 4.359718 -1.789015
v 0.3356118 4.359718 -1.951459
v 0.3356118 4.285439 -1.789015
v 0.3356118 4.359718 -1.789015
v 0.3356118 4.285439 -1.951459
v 0.3356118 4.359718 -1.789015
v 0.3751346 4.293043 -1.805646
v 0.359504 4.352114 -1.805646
v 0.3356118 4.285439 -1.789015
v 0.3689516 4.352114 -1.805646
v 0.3721891 4.323889 -1.805646
v 0.4058563 4.308398 -1.805646
v 0.4054555 4.293043 -1.805646
v 0.3356118 4.285439 -1.789015
v 0.3751346 4.293043 -1.934828
v 0.3751346 4.293043 -1.805646
v 0.3356118 4.285439 -1.951459
v 0.4054555 4.293043 -1.934828
v 0.4054555 4.293043 -1.805646
v 0.3721891 4.323889 -1.248613
v 0.4058563 4.308398 -1.805646
v 0.4058563 4.308398 -1.240251
v 0.3721891 4.323889 -1.805646
v 0.3721891 4.323889 -2.016247
v 0.3689516 4.352114 -1.934828
v 0.3703722 4.350782 -2.016247
v 0.3721891 4.323889 -1.934828
v 0.3850946 4.102236 -2.016247
v 0.3850946 4.212386 -1.858644
v 0.3850946 4.212386 -2.016247
v 0.3850946 4.055341 -1.890716
v 0.3358894 3.947277 -1.602994
v 0.3358894 3.977313 -1.591609
v 0.3358894 3.967612 -1.611732
v 0.3358894 3.941452 -1.576198
v 0.3358894 3.928647 -1.637658
v 0.3358894 3.945534 -1.644915
v 0.3358894 3.923164 -1.676696
v 0.3358894 3.941324 -1.679539
v 0.3358894 3.923093 -1.746813
v 0.3358894 3.941396 -1.745113
v 0.3358894 3.930725 -1.76507
v 0.3358894 3.945395 -1.753995
v 0.3358894 3.948454 -1.780336
v 0.3358894 3.956743 -1.763929
v 0.3358894 4.033673 -1.812052
v 0.3358894 4.03823 -1.794244
v 0.3358894 4.046691 -1.829644
v 0.3358894 4.050396 -1.792454
v 0.3358894 4.069463 -1.829644
v 0.3358894 4.066411 -1.790097
v 0.3358894 4.066411 -1.767805
v 0.3358894 4.050396 -1.770161
v 0.2570329 4.102236 -2.016247
v 0.2570329 4.212386 -1.858644
v 0.2570329 4.055341 -1.890716
v 0.2570329 4.212386 -2.016247
v 0.3062385 3.947277 -1.602994
v 0.3062385 3.977313 -1.591609
v 0.3062385 3.941452 -1.576198
v 0.3062385 3.967612 -1.611732
v 0.3062385 3.928647 -1.637658
v 0.3062385 3.945534 -1.644915
v 0.3062385 3.923164 -1.676696
v 0.3062385 3.941324 -1.679539
v 0.3062385 3.923093 -1.746813
v 0.3062385 3.941396 -1.745113
v 0.3062385 3.930725 -1.76507
v 0.3062385 3.945395 -1.753995
v 0.3062385 3.948454 -1.780336
v 0.3062385 3.956743 -1.763929
v 0.3062385 4.033673 -1.812052
v 0.3062385 4.03823 -1.794244
v 0.3062385 4.046691 -1.829644
v 0.3062385 4.050396 -1.792454
v 0.3062385 4.069463 -1.829644
v 0.3062385 4.066411 -1.790097
v 0.3062385 4.066411 -1.767805
v 0.3062385 4.050396 -1.770161
v 0.3062385 3.977313 -1.591609
v 0.3358894 3.967612 -1.611732
v 0.3358894 3.977313 -1.591609
v 0.3062385 3.967612 -1.611732
v 0.3358894 3.945534 -1.644915
v 0.3062385 3.945534 -1.644915
v 0.3358894 3.941324 -1.679539
v 0.3062385 3.941324 -1.679539
v 0.3358894 3.941396 -1.745113
v 0.3062385 3.941396 -1.745113
v 0.3358894 3.945395 -1.753995
v 0.3062385 3.945395 -1.753995
v 0.3062385 4.050396 -1.792454
v 0.3358894 4.050396 -1.770161
v 0.3358894 4.050396 -1.792454
v 0.3062385 4.050396 -1.770161
v 0.3062385 3.923093 -1.746813
v 0.3358894 3.923164 -1.676696
v 0.3358894 3.923093 -1.746813
v 0.3062385 3.923164 -1.676696
v 0.3358894 3.928647 -1.637658
v 0.3062385 3.928647 -1.637658
v 0.3358894 3.947277 -1.602994
v 0.3062385 3.947277 -1.602994
v 0.3358894 3.941452 -1.576198
v 0.3062385 3.941452 -1.576198
v 0.3062385 3.930725 -1.76507
v 0.3358894 3.930725 -1.76507
v 0.3062385 4.069463 -1.829644
v 0.3358894 4.046691 -1.829644
v 0.3358894 4.069463 -1.829644
v 0.3062385 4.046691 -1.829644
v 0.3062385 3.941452 -1.576198
v 0.3358894 3.977313 -1.591609
v 0.3358894 3.941452 -1.576198
v 0.3062385 3.977313 -1.591609
v 0.2570329 4.212386 -2.016247
v 0.3850946 4.102236 -2.016247
v 0.3850946 4.212386 -2.016247
v 0.2570329 4.102236 -2.016247
v 0.3062385 4.033673 -1.812052
v 0.3358894 3.948454 -1.780336
v 0.3358894 4.033673 -1.812052
v 0.3062385 3.948454 -1.780336
v 0.3358894 3.930725 -1.76507
v 0.3062385 3.930725 -1.76507
v 0.3062385 4.03823 -1.794244
v 0.3358894 4.050396 -1.792454
v 0.3358894 4.03823 -1.794244
v 0.3062385 4.050396 -1.792454
v 0.3062385 3.956743 -1.763929
v 0.3358894 3.956743 -1.763929
v 0.3062385 3.945395 -1.753995
v 0.3358894 3.945395 -1.753995
v 0.3648935 4.199845 -1.99358
v 0.277234 4.09931 -2.008416
v 0.277234 4.199845 -1.99358
v 0.3648935 4.09931 -2.008416
v 0.3062385 4.050396 -1.770161
v 0.3358894 4.066411 -1.767805
v 0.3358894 4.050396 -1.770161
v 0.3062385 4.066411 -1.767805
v 0.3062385 4.046691 -1.829644
v 0.3358894 4.033673 -1.812052
v 0.3358894 4.046691 -1.829644
v 0.3062385 4.033673 -1.812052
v 0.2570329 4.212386 -1.858644
v 0.3850946 4.212386 -2.016247
v 0.3850946 4.212386 -1.858644
v 0.2570329 4.212386 -2.016247
v 0.3062385 4.066411 -1.767805
v 0.3358894 4.066411 -1.790097
v 0.3358894 4.066411 -1.767805
v 0.3062385 4.066411 -1.790097
v 0.3358894 4.069463 -1.829644
v 0.3062385 4.069463 -1.829644
v 0.2570329 4.055341 -1.890716
v 0.3850946 4.212386 -1.858644
v 0.3850946 4.055341 -1.890716
v 0.2570329 4.212386 -1.858644
v 0.3018716 4.286916 -1.236825
v 0.3209693 4.292032 -0.6979905
v 0.3018716 4.286916 -0.6979905
v 0.3209693 4.292032 -1.236825
v 0.3400669 4.286916 -0.6979905
v 0.3400669 4.286916 -1.236825
v 0.2878911 4.272936 -1.236825
v 0.3018716 4.286916 -0.6979905
v 0.2878911 4.272936 -0.6979905
v 0.3018716 4.286916 -1.236825
v 0.2827739 4.253838 -1.236825
v 0.2827739 4.253838 -0.6979905
v 0.2878911 4.234739 -1.236825
v 0.2878911 4.234739 -0.6979905
v 0.3018716 4.220758 -1.236825
v 0.2878911 4.234739 -0.6979905
v 0.3018716 4.220758 -0.6979905
v 0.2878911 4.234739 -1.236825
v 0.3209693 4.215642 -1.236825
v 0.3209693 4.215642 -0.6979905
v 0.3400669 4.220758 -1.236825
v 0.3400669 4.220758 -0.6979905
v 0.3540474 4.234739 -1.236825
v 0.3540474 4.234739 -0.6979905
v 0.3591646 4.253838 -1.236825
v 0.3540474 4.234739 -0.6979905
v 0.3591646 4.253838 -0.6979905
v 0.3540474 4.234739 -1.236825
v 0.3540474 4.272936 -1.236825
v 0.3540474 4.272936 -0.6979905
v 0.3400669 4.286916 -1.236825
v 0.3400669 4.286916 -0.6979905
v 0.2878911 4.234739 -1.236825
v 0.2878911 4.272936 -1.236825
v 0.2827739 4.253838 -1.236825
v 0.3018716 4.286916 -1.236825
v 0.3018716 4.220758 -1.236825
v 0.3209693 4.292032 -1.236825
v 0.3209693 4.215642 -1.236825
v 0.3400669 4.286916 -1.236825
v 0.3400669 4.220758 -1.236825
v 0.3540474 4.272936 -1.236825
v 0.3540474 4.234739 -1.236825
v 0.3591646 4.253838 -1.236825
v 0.2878911 4.272936 -0.6979905
v 0.2878911 4.234739 -0.6979905
v 0.2827739 4.253838 -0.6979905
v 0.3018716 4.220758 -0.6979905
v 0.3018716 4.286916 -0.6979905
v 0.3209693 4.215642 -0.6979905
v 0.3209693 4.292032 -0.6979905
v 0.3400669 4.220758 -0.6979905
v 0.3400669 4.286916 -0.6979905
v 0.3540474 4.234739 -0.6979905
v 0.3540474 4.272936 -0.6979905
v 0.3591646 4.253838 -0.6979905
v 0.302331 4.282648 -2.640442
v 0.320293 4.287442 -2.586336
v 0.302331 4.28263 -2.586427
v 0.320293 4.287459 -2.640352
v 0.3382553 4.28263 -2.586427
v 0.3382553 4.282647 -2.640442
v 0.2891817 4.2695 -2.64069
v 0.302331 4.28263 -2.586427
v 0.2891817 4.269482 -2.586674
v 0.302331 4.282648 -2.640442
v 0.2843689 4.251541 -2.641027
v 0.2843689 4.251523 -2.587012
v 0.2891817 4.233582 -2.641365
v 0.2891817 4.233564 -2.58735
v 0.302331 4.220434 -2.641613
v 0.2891817 4.233564 -2.58735
v 0.302331 4.220417 -2.587597
v 0.2891817 4.233582 -2.641365
v 0.320293 4.215622 -2.641703
v 0.320293 4.215605 -2.587687
v 0.3382553 4.220434 -2.641613
v 0.3382553 4.220417 -2.587597
v 0.3514043 4.233582 -2.641365
v 0.3514043 4.233564 -2.58735
v 0.3562174 4.251541 -2.641027
v 0.3514043 4.233564 -2.58735
v 0.3562174 4.251523 -2.587012
v 0.3514043 4.233582 -2.641365
v 0.3514043 4.2695 -2.64069
v 0.3514043 4.269482 -2.586674
v 0.3382553 4.282647 -2.640442
v 0.3382553 4.28263 -2.586427
v 0.2891817 4.233582 -2.641365
v 0.2891817 4.2695 -2.64069
v 0.2843689 4.251541 -2.641027
v 0.302331 4.282648 -2.640442
v 0.302331 4.220434 -2.641613
v 0.320293 4.287459 -2.640352
v 0.320293 4.215622 -2.641703
v 0.3382553 4.282647 -2.640442
v 0.3382553 4.220434 -2.641613
v 0.3514043 4.2695 -2.64069
v 0.3514043 4.233582 -2.641365
v 0.3562174 4.251541 -2.641027
v 0.2891817 4.269482 -2.586674
v 0.2891817 4.233564 -2.58735
v 0.2843689 4.251523 -2.587012
v 0.302331 4.220417 -2.587597
v 0.302331 4.28263 -2.586427
v 0.320293 4.215605 -2.587687
v 0.320293 4.287442 -2.586336
v 0.3382553 4.220417 -2.587597
v 0.3382553 4.28263 -2.586427
v 0.3514043 4.233564 -2.58735
v 0.3514043 4.269482 -2.586674
v 0.3562174 4.251523 -2.587012
v 0.2930172 4.451459 -1.542737
v 0.2930172 4.40442 -1.531541
v 0.2930172 4.462648 -1.500777
v 0.2930172 4.40442 -1.438118
v 0.2930172 4.4459 -1.445647
v 0.3562111 4.364135 -1.428899
v 0.2930172 4.40442 -1.438118
v 0.3491103 4.40442 -1.438118
v 0.2859164 4.364135 -1.428899
v 0.3562111 4.4459 -1.445647
v 0.3491103 4.4459 -1.445647
v 0.2859164 4.4459 -1.445647
v 0.2930172 4.4459 -1.445647
v 0.3491103 4.462648 -1.500777
v 0.3491103 4.40442 -1.438118
v 0.3491103 4.40442 -1.531541
v 0.3491103 4.4459 -1.445647
v 0.3491103 4.451459 -1.542737
v 0.3562111 4.364135 -1.527993
v 0.3562111 4.462648 -1.500777
v 0.3562111 4.448692 -1.553115
v 0.3562111 4.364135 -1.478446
v 0.3562111 4.4459 -1.445647
v 0.3562111 4.364135 -1.428899
v 0.2859164 4.462648 -1.500777
v 0.2859164 4.448692 -1.553115
v 0.2930172 4.451459 -1.542737
v 0.2930172 4.462648 -1.500777
v 0.3562111 4.448692 -1.553115
v 0.3491103 4.451459 -1.542737
v 0.3562111 4.462648 -1.500777
v 0.3491103 4.462648 -1.500777
v 0.3562111 4.4459 -1.445647
v 0.3491103 4.4459 -1.445647
v 0.2859164 4.4459 -1.445647
v 0.2930172 4.4459 -1.445647
v 0.2859164 4.462648 -1.500777
v 0.2859164 4.364135 -1.527993
v 0.2859164 4.448692 -1.553115
v 0.2859164 4.364135 -1.478446
v 0.2859164 4.4459 -1.445647
v 0.2859164 4.364135 -1.428899
v 0.3105556 4.42712 -1.536943
v 0.2930172 4.40442 -1.531541
v 0.2930172 4.451459 -1.542737
v 0.3151257 4.42255 -1.535856
v 0.3491103 4.40442 -1.531541
v 0.3088829 4.433362 -1.538429
v 0.3213685 4.420877 -1.535458
v 0.3276111 4.42255 -1.535856
v 0.3321812 4.42712 -1.536943
v 0.3338539 4.433362 -1.538429
v 0.3491103 4.451459 -1.542737
v 0.3213685 4.445848 -1.541401
v 0.3151257 4.444175 -1.541003
v 0.3105556 4.439606 -1.539915
v 0.3276111 4.444175 -1.541003
v 0.3321812 4.439606 -1.539915
v 0.3105556 4.439605 -1.550416
v 0.2859164 4.448692 -1.553115
v 0.3088829 4.433362 -1.548561
v 0.3151257 4.444175 -1.551774
v 0.3213685 4.445848 -1.552271
v 0.3562111 4.448692 -1.553115
v 0.3276111 4.444175 -1.551774
v 0.3321812 4.439605 -1.550416
v 0.3338539 4.433362 -1.548561
v 0.2859164 4.364135 -1.527993
v 0.3105556 4.427119 -1.546706
v 0.3562111 4.364135 -1.527993
v 0.3151257 4.42255 -1.545349
v 0.3213685 4.420877 -1.544851
v 0.3276111 4.42255 -1.545349
v 0.3321812 4.427119 -1.546706
v 0.2859164 4.364135 -1.478446
v 0.3562111 4.364135 -1.527993
v 0.2859164 4.364135 -1.527993
v 0.3562111 4.364135 -1.478446
v 0.2859164 4.364135 -1.428899
v 0.3562111 4.364135 -1.428899
v 0.2930172 4.40442 -1.438118
v 0.3491103 4.40442 -1.531541
v 0.3491103 4.40442 -1.438118
v 0.2930172 4.40442 -1.531541
v 0.3038348 4.402989 -2.611601
v 0.3213685 4.398291 -2.626692
v 0.3213685 4.398291 -2.611601
v 0.3038348 4.402989 -2.626692
v 0.338902 4.402989 -2.626692
v 0.338902 4.402989 -2.611601
v 0.3213685 4.375495 -2.626692
v 0.3433013 4.390537 -2.626692
v 0.3213685 4.385839 -2.626692
v 0.3417684 4.375495 -2.626692
v 0.338902 4.402989 -2.626692
v 0.3213685 4.398291 -2.626692
v 0.2994356 4.390537 -2.626692
v 0.3038348 4.402989 -2.626692
v 0.3009684 4.375495 -2.626692
v 0.3417684 4.375495 -2.626692
v 0.3433013 4.390537 -2.611601
v 0.3433013 4.390537 -2.626692
v 0.3417684 4.375495 -2.611601
v 0.338902 4.402989 -2.611601
v 0.338902 4.402989 -2.626692
v 0.3213685 4.385839 -2.611601
v 0.3038348 4.402989 -2.611601
v 0.3213685 4.398291 -2.611601
v 0.2994356 4.390537 -2.611601
v 0.3433013 4.390537 -2.611601
v 0.338902 4.402989 -2.611601
v 0.3417684 4.375495 -2.611601
v 0.3213685 4.375495 -2.611601
v 0.3009684 4.375495 -2.611601
v 0.2994356 4.390537 -2.611601
v 0.3038348 4.402989 -2.626692
v 0.3038348 4.402989 -2.611601
v 0.2994356 4.390537 -2.626692
v 0.3009684 4.375495 -2.611601
v 0.3009684 4.375495 -2.626692
v 0.3009684 4.375495 -2.611601
v 0.3213685 4.375495 -2.626692
v 0.3009684 4.375495 -2.626692
v 0.3213685 4.375495 -2.611601
v 0.3417684 4.375495 -2.626692
v 0.3417684 4.375495 -2.611601
v 0.3244771 4.438743 -2.615702
v 0.3213685 4.439577 -2.62259
v 0.3244771 4.438743 -2.62259
v 0.3213685 4.439577 -2.615702
v 0.3182597 4.438743 -2.62259
v 0.3182597 4.438743 -2.615702
v 0.3184231 4.438461 -2.614892
v 0.3213685 4.43925 -2.614892
v 0.3243137 4.438461 -2.623401
v 0.3213685 4.43925 -2.623401
v 0.3184231 4.438461 -2.623401
v 0.3264701 4.436304 -2.623401
v 0.3267529 4.436468 -2.62259
v 0.3243137 4.438461 -2.614892
v 0.3267529 4.436468 -2.615702
v 0.3244771 4.438743 -2.62259
v 0.3267529 4.436468 -2.62259
v 0.3244771 4.438743 -2.615702
v 0.3275857 4.433359 -2.615702
v 0.3275857 4.433359 -2.62259
v 0.3267529 4.43025 -2.615702
v 0.3267529 4.43025 -2.62259
v 0.3272592 4.433359 -2.614892
v 0.3264701 4.430413 -2.614892
v 0.3244771 4.427975 -2.615702
v 0.3243137 4.428258 -2.614892
v 0.3264701 4.436304 -2.614892
v 0.3264701 4.430413 -2.623401
v 0.3272592 4.433359 -2.623401
v 0.3264701 4.436304 -2.623401
v 0.3243137 4.438461 -2.614892
v 0.315984 4.43025 -2.615702
v 0.3182597 4.427975 -2.62259
v 0.315984 4.43025 -2.62259
v 0.3182597 4.427975 -2.615702
v 0.3213685 4.427142 -2.62259
v 0.3213685 4.427142 -2.615702
v 0.3244771 4.427975 -2.62259
v 0.3244771 4.427975 -2.615702
v 0.3267529 4.43025 -2.62259
v 0.3267529 4.43025 -2.615702
v 0.3243137 4.428258 -2.614892
v 0.3213685 4.427469 -2.614892
v 0.3213685 4.427469 -2.623401
v 0.3243137 4.428258 -2.623401
v 0.3264701 4.430413 -2.623401
v 0.3184231 4.428258 -2.614892
v 0.3162668 4.430413 -2.623401
v 0.3184231 4.428258 -2.623401
v 0.3182597 4.438743 -2.615702
v 0.315984 4.436468 -2.62259
v 0.3182597 4.438743 -2.62259
v 0.315984 4.436468 -2.615702
v 0.3151511 4.433359 -2.62259
v 0.3151511 4.433359 -2.615702
v 0.315984 4.43025 -2.62259
v 0.315984 4.43025 -2.615702
v 0.3162668 4.436304 -2.614892
v 0.3184231 4.438461 -2.614892
v 0.3184231 4.438461 -2.623401
v 0.3162668 4.436304 -2.623401
v 0.3154776 4.433359 -2.614892
v 0.3154776 4.433359 -2.623401
v 0.3162668 4.430413 -2.614892
v 0.3162668 4.430413 -2.623401
v 0.3184231 4.428258 -2.614892
v 0.3182597 4.427975 -2.615702
v 0.3162668 4.430413 -2.623401
v 0.3162668 4.436304 -2.623401
v 0.3154776 4.433359 -2.623401
v 0.3184231 4.438461 -2.623401
v 0.3184231 4.428258 -2.623401
v 0.3213685 4.43925 -2.623401
v 0.3213685 4.427469 -2.623401
v 0.3243137 4.438461 -2.623401
v 0.3243137 4.428258 -2.623401
v 0.3264701 4.436304 -2.623401
v 0.3264701 4.430413 -2.623401
v 0.3272592 4.433359 -2.623401
v 0.3162668 4.436304 -2.614892
v 0.3162668 4.430413 -2.614892
v 0.3154776 4.433359 -2.614892
v 0.3184231 4.428258 -2.614892
v 0.3184231 4.438461 -2.614892
v 0.3213685 4.427469 -2.614892
v 0.3213685 4.43925 -2.614892
v 0.3243137 4.428258 -2.614892
v 0.3243137 4.438461 -2.614892
v 0.3264701 4.430413 -2.614892
v 0.3264701 4.436304 -2.614892
v 0.3272592 4.433359 -2.614892
v 0.3276111 4.444175 -1.541003
v 0.3321812 4.439605 -1.550416
v 0.3276111 4.444175 -1.551774
v 0.3321812 4.439606 -1.539915
v 0.3213685 4.445848 -1.541401
v 0.3213685 4.445848 -1.552271
v 0.3151257 4.444175 -1.541003
v 0.3151257 4.444175 -1.551774
v 0.3105556 4.439606 -1.539915
v 0.3105556 4.439605 -1.550416
v 0.3213685 4.420877 -1.535458
v 0.3151257 4.42255 -1.545349
v 0.3213685 4.420877 -1.544851
v 0.3151257 4.42255 -1.535856
v 0.3276111 4.42255 -1.535856
v 0.3276111 4.42255 -1.545349
v 0.3151257 4.42255 -1.535856
v 0.3105556 4.427119 -1.546706
v 0.3151257 4.42255 -1.545349
v 0.3105556 4.42712 -1.536943
v 0.3088829 4.433362 -1.548561
v 0.3088829 4.433362 -1.538429
v 0.3105556 4.439605 -1.550416
v 0.3105556 4.439606 -1.539915
v 0.3338539 4.433362 -1.538429
v 0.3321812 4.427119 -1.546706
v 0.3338539 4.433362 -1.548561
v 0.3321812 4.42712 -1.536943
v 0.3276111 4.42255 -1.545349
v 0.3276111 4.42255 -1.535856
v 0.3321812 4.439606 -1.539915
v 0.3321812 4.439605 -1.550416
v 0.321753 4.37117 -2.058319
v 0.3149415 4.368697 -2.140209
v 0.3149415 4.369345 -2.058315
v 0.321753 4.370523 -2.140213
v 0.301001 4.36156 -2.379275
v 0.2989726 4.365074 -2.058308
v 0.3149549 4.365291 -2.379277
v 0.3370537 4.36707 -2.058321
v 0.3370537 4.366423 -2.140214
v 0.2823397 4.348441 -2.058307
v 0.2858531 4.346413 -2.379274
v 0.3376748 4.366528 -2.140232
v 0.3376748 4.367176 -2.058339
v 0.2786014 4.329838 -2.05831
v 0.2858531 4.346413 -2.379274
v 0.2826581 4.329838 -2.379277
v 0.2823397 4.348441 -2.058307
v 0.277366 4.330302 -2.058339
v 0.284759 4.346813 -2.379306
v 0.2812456 4.348841 -2.058339
v 0.2814226 4.330302 -2.379306
v 0.2997489 4.361835 -2.379306
v 0.2977204 4.365348 -2.058339
v 0.3376748 4.367176 -2.058339
v 0.321753 4.371921 -2.140232
v 0.3376748 4.366528 -2.140232
v 0.321753 4.372567 -2.058339
v 0.3143072 4.369925 -2.140232
v 0.3143072 4.370573 -2.058339
v 0.2977204 4.365348 -2.058339
v 0.2997489 4.361835 -2.379306
v 0.3143072 4.367601 -2.379306
v 0.301001 4.36156 -2.379275
v 0.284759 4.346813 -2.379306
v 0.2858531 4.346413 -2.379274
v 0.2997489 4.361835 -2.379306
v 0.2814226 4.330302 -2.379306
v 0.2826581 4.329838 -2.379277
v 0.3149549 4.365291 -2.379277
v 0.3143072 4.367601 -2.379306
v 0.2989726 4.365074 -2.058308
v 0.3143072 4.370573 -2.058339
v 0.3149415 4.369345 -2.058315
v 0.2977204 4.365348 -2.058339
v 0.321753 4.372567 -2.058339
v 0.321753 4.37117 -2.058319
v 0.3376748 4.367176 -2.058339
v 0.3370537 4.36707 -2.058321
v 0.2823397 4.348441 -2.058307
v 0.2812456 4.348841 -2.058339
v 0.2786014 4.329838 -2.05831
v 0.277366 4.330302 -2.058339
v 0.2826581 4.329838 -2.379277
v 0.277366 4.330302 -2.058339
v 0.2786014 4.329838 -2.05831
v 0.2814226 4.330302 -2.379306
v 0.321753 4.370523 -2.140213
v 0.3143072 4.369925 -2.140232
v 0.3149415 4.368697 -2.140209
v 0.321753 4.371921 -2.140232
v 0.3370537 4.366423 -2.140214
v 0.3376748 4.366528 -2.140232
v 0.3149415 4.368697 -2.140209
v 0.3143072 4.367601 -2.379306
v 0.3149549 4.365291 -2.379277
v 0.3143072 4.369925 -2.140232
v 0.3850946 4.102236 -2.016247
v 0.3648935 4.058266 -1.898547
v 0.3850946 4.055341 -1.890716
v 0.3648935 4.09931 -2.008416
v 0.2570329 4.102236 -2.016247
v 0.277234 4.09931 -2.008416
v 0.2570329 4.055341 -1.890716
v 0.277234 4.058266 -1.898547
v 0.277234 4.199845 -1.99358
v 0.3648935 4.163798 -1.881972
v 0.3648935 4.199845 -1.99358
v 0.277234 4.163798 -1.881972
v 0.277234 4.163798 -1.881972
v 0.3648935 4.058266 -1.898547
v 0.3648935 4.163798 -1.881972
v 0.277234 4.058266 -1.898547
v 0.3648935 4.163798 -1.881972
v 0.3648935 4.09931 -2.008416
v 0.3648935 4.199845 -1.99358
v 0.3648935 4.058266 -1.898547
v 0.277234 4.199845 -1.99358
v 0.277234 4.058266 -1.898547
v 0.277234 4.163798 -1.881972
v 0.277234 4.09931 -2.008416

vn 1 0 0
vn 1 0 0
vn 1 0 0
vn 1 0 0
vn 0 -1 1.054002E-06
vn 0 -1 1.054002E-06
vn 0 -1 1.054002E-06
vn 0 -1 1.054002E-06
vn 0 -1 0
vn 0 -1 0
vn 0 -1 0
vn 0 -1 0
vn 0 0 1
vn 0 0 1
vn 0 0 1
vn 0 0 1
vn 0 0 1
vn -1.389038E-06 0 1
vn -1.389038E-06 0 1
vn -1.389038E-06 0 1
vn 1 0 0
vn 1 0 0
vn 1 0 0
vn 1 0 0
vn 3.762695E-06 0 -1
vn 3.762695E-06 0 -1
vn 3.762695E-06 0 -1
vn 3.762695E-06 0 -1
vn 3.762695E-06 0 -1
vn 3.781576E-06 0 -1
vn 3.781576E-06 0 -1
vn 3.781576E-06 0 -1
vn 3.781576E-06 0 -1
vn 3.781576E-06 0 -1
vn -1 -1.470358E-07 0
vn -1 0 0
vn -1 0 0
vn -1 -1.470358E-07 0
vn -1 0 0
vn -1 0 0
vn -1 -1.322779E-07 0
vn -1 -1.438063E-07 0
vn -1 -1.135778E-07 0
vn -1 0 0
vn -1 1.373445E-07 0
vn -1 1.488061E-07 0
vn -1 1.496064E-07 0
vn -1 1.372753E-07 0
vn -1 1.629239E-07 0
vn -1 1.863409E-07 0
vn -1 0 0
vn -1 0 0
vn -1 -3.109497E-07 0
vn -1 -3.109497E-07 0
vn 1 -2.940716E-07 0
vn 1 0 0
vn 1 -2.940716E-07 0
vn 1 0 0
vn 1 1.510241E-07 0
vn 1 1.354176E-07 0
vn 1 0 0
vn 1 0 0
vn 1 0 0
vn 1 0 0
vn 1 0 0
vn 1 0 0
vn 1 0 0
vn 1 0 0
vn 1 0 0
vn 1 0 0
vn 1 0 0
vn 1 0 0
vn 1 0 0
vn 1 0 0
vn 0 0.8374177 0.5465633
vn 0 0.8374177 0.5465633
vn 0 0.8374177 0.5465633
vn 0 0.8374177 0.5465633
vn 0 0.3802141 -0.9248984
vn 0 0.4358951 -0.8999975
vn 0 0.4358951 -0.8999975
vn 0 0.3802141 -0.9248984
vn 0 0.4593746 -0.8882427
vn 0 0.4593746 -0.8882427
vn 0 0.4544758 -0.8907591
vn 0 0.4544758 -0.8907591
vn 0 0.4508639 -0.8925927
vn 0 0.4508639 -0.8925927
vn 0 0.2795973 -0.9601174
vn 0 0.2795973 -0.9601174
vn 0 0.2338678 -0.9722683
vn 0 0.2338678 -0.9722683
vn 0 0.2466888 -0.9690948
vn 0 0.2466888 -0.9690948
vn 0 0.1884421 -0.9820843
vn 0 0.1884421 -0.9820843
vn 0 0.1422396 -0.9898323
vn 0 0.1422396 -0.9898323
vn 0 -0.1854047 0.9826622
vn 0 -0.1586455 0.9873356
vn 0 -0.1586455 0.9873356
vn 0 -0.1854047 0.9826622
vn 0 -0.1734609 0.9848408
vn 0 -0.1734609 0.9848408
vn 0 -0.2538017 0.9672564
vn 0 -0.2538017 0.9672564
vn 0 -0.3176075 0.9482223
vn 0 -0.3176075 0.9482223
vn 0 -0.3484417 0.9373305
vn 0 -0.3484417 0.9373305
vn 0 -0.4052648 0.9141994
vn 0 -0.4052648 0.9141994
vn 0 -0.4586582 0.8886128
vn 0 -0.4586582 0.8886128
vn 0 -0.4706031 0.8823451
vn 0 -0.4706031 0.8823451
vn 0 -0.4895433 0.871979
vn 0 -0.4895433 0.871979
vn 0.5004399 -0.8657448 -0.006760189
vn 1.130634E-06 -0.9999695 -0.007815829
vn 0.4995088 -0.8662823 -0.006764416
vn 1.118392E-06 -0.9999695 -0.00781583
vn -0.4995082 -0.8662827 -0.006764381
vn -0.5004394 -0.8657452 -0.006760156
vn 0.8664724 -0.4992098 -0.003893227
vn 0.4995088 -0.8662823 -0.006764416
vn 0.8655443 -0.5008172 -0.003905762
vn 0.5004399 -0.8657448 -0.006760189
vn 0.9999994 0.001070567 9.804102E-06
vn 0.9999994 -0.001074129 -6.936885E-06
vn 0.8655474 0.5008118 0.003912988
vn 0.8664762 0.499203 0.003900413
vn 0.4854213 0.8742537 0.006826667
vn 0.4864604 0.873676 0.006822172
vn 1.853254E-07 0.9999696 0.007807237
vn 0.4864604 0.873676 0.006822172
vn 1.751353E-07 0.9999696 0.007807237
vn 0.4854213 0.8742537 0.006826667
vn -0.4854177 0.8742557 0.006829571
vn -0.4864569 0.8736779 0.006825064
vn -0.8655454 0.5008152 0.003912972
vn -0.4864569 0.8736779 0.006825064
vn -0.8664744 0.4992063 0.003900397
vn -0.4854177 0.8742557 0.006829571
vn -0.9999994 0.001070371 9.808168E-06
vn -0.9999994 -0.001074325 -6.932742E-06
vn -0.8664726 -0.4992095 -0.003893222
vn -0.8655443 -0.5008171 -0.003905758
vn -0.5004394 -0.8657452 -0.006760156
vn -0.4995082 -0.8662827 -0.006764381
vn 1.078588E-06 -0.01434911 0.999897
vn 1.078588E-06 -0.01434911 0.999897
vn 1.078588E-06 -0.01434911 0.999897
vn 1.078588E-06 -0.01434911 0.999897
vn 1.078588E-06 -0.01434911 0.999897
vn 1.078588E-06 -0.01434911 0.999897
vn 1.078588E-06 -0.01434911 0.999897
vn 1.078588E-06 -0.01434911 0.999897
vn 1.078588E-06 -0.01434911 0.999897
vn 1.078588E-06 -0.01434911 0.999897
vn 1.078588E-06 -0.01434911 0.999897
vn 1.078588E-06 -0.01434911 0.999897
vn -1.617886E-06 0.01435306 -0.999897
vn -1.617886E-06 0.01435306 -0.999897
vn -1.617886E-06 0.01435306 -0.999897
vn -1.617886E-06 0.01435306 -0.999897
vn -1.617886E-06 0.01435306 -0.999897
vn -1.617886E-06 0.01435306 -0.999897
vn -1.617886E-06 0.01435306 -0.999897
vn -1.617886E-06 0.01435306 -0.999897
vn -1.617886E-06 0.01435306 -0.999897
vn -1.617886E-06 0.01435306 -0.999897
vn -1.617886E-06 0.01435306 -0.999897
vn -1.617886E-06 0.01435306 -0.999897
vn 0.9999956 -0.002775267 0.001079313
vn 0.9999987 -0.001406095 0.0008417635
vn 0.9999956 -0.002775267 0.001079313
vn 0.9999989 -0.001253874 0.0008153535
vn 0.9999996 -0.0008698097 0.0001053074
vn 0.9999995 -0.001004562 4.227149E-05
vn 0.9999999 -0.0005821628 9.632827E-05
vn 0.9999999 -0.0004358292 0.0001500512
vn 1 5.276169E-07 -0.0004029639
vn 0.9999998 -0.0002101034 -0.0006362264
vn 0.9999996 -6.894944E-05 -0.0009155814
vn 0.9999998 0.0001549705 -0.0007576553
vn 0.9999998 0.0006501855 0.0002361553
vn 0.9999999 0.0005126881 0.0002803817
vn 1 -0.0001368479 0.0002139993
vn 1 -0.0001408392 0.0001328685
vn 1 0.0003160737 -0.0001520944
vn 0.9999999 0.0005056564 -0.0001620166
vn 0.9999995 0.0009659581 -0.0001861074
vn 0.9999995 0.0009659581 -0.0001861074
vn -0.9999956 -0.00277575 0.001079863
vn -0.9999987 -0.001406038 0.0008421837
vn -0.9999989 -0.001253757 0.0008157593
vn -0.9999956 -0.00277575 0.001079863
vn -0.9999996 -0.0008697019 0.0001053355
vn -0.9999995 -0.001004529 4.226634E-05
vn -0.9999999 -0.0005825866 9.621414E-05
vn -0.9999999 -0.0004362428 0.0001499512
vn -1 8.924792E-07 -0.0004028558
vn -0.9999998 -0.0002095897 -0.0006361025
vn -0.9999996 -6.829574E-05 -0.0009154746
vn -0.9999998 0.0001555155 -0.0007575667
vn -0.9999998 0.0006492392 0.0002365663
vn -0.9999999 0.0005115345 0.0002808833
vn -1 -0.0001376718 0.0002153515
vn -1 -0.0001412772 0.0001343497
vn -1 0.0003167761 -0.00015104
vn -0.9999999 0.0005063193 -0.0001613018
vn -0.9999995 0.0009665251 -0.0001862169
vn -0.9999995 0.0009665251 -0.0001862169
vn 0 -0.8363389 -0.5482127
vn 0 -0.8363389 -0.5482127
vn 0 -0.8363389 -0.5482127
vn 0 -0.8363389 -0.5482127
vn 0 -0.379293 0.9252766
vn 0 -0.4351962 0.9003356
vn 0 -0.379293 0.9252766
vn 0 -0.4351962 0.9003356
vn 0 -0.4588683 0.8885043
vn 0 -0.4588683 0.8885043
vn 0 -0.4535133 0.8912495
vn 0 -0.4535133 0.8912495
vn 0 -0.4488009 0.8936318
vn 0 -0.4488009 0.8936318
vn 0 -0.2797262 0.9600798
vn 0 -0.2797261 0.9600798
vn 0 -0.2351026 0.9719706
vn 0 -0.2351027 0.9719706
vn 0 -0.2462362 0.9692098
vn 0 -0.2462362 0.9692098
vn 0 -0.1882996 0.9821116
vn 0 -0.1882996 0.9821116
vn 0 -0.1434997 0.9896504
vn 0 -0.1434997 0.9896504
vn 0 0.1850979 -0.9827201
vn 0 0.157757 -0.9874779
vn 0 0.1850979 -0.9827201
vn 0 0.157757 -0.9874779
vn 0 0.1729535 -0.98493
vn 0 0.1729535 -0.98493
vn 0 0.2538564 -0.9672419
vn 0 0.2538564 -0.9672419
vn 0 0.318195 -0.9480252
vn 0 0.318195 -0.9480252
vn 0 0.3479758 -0.9375035
vn 0 0.3479758 -0.9375035
vn 0 0.4054008 -0.914139
vn 0 0.4054008 -0.914139
vn 0 0.4597391 -0.8880541
vn 0 0.4597391 -0.8880541
vn 0 0.4703266 -0.8824925
vn 0 0.4703266 -0.8824925
vn 0 0.489553 -0.8719736
vn 0 0.489553 -0.8719736
vn -0.007863354 -0.979907 -0.1992998
vn 0.007872034 -0.9799011 -0.1993288
vn 0.007863398 -0.9799069 -0.1993005
vn -0.007871992 -0.9799012 -0.1993282
vn 0.007886265 -0.9829086 -0.1839249
vn 0.00786378 -0.982931 -0.1838065
vn -0.007886224 -0.9829087 -0.1839243
vn -0.007863737 -0.9829311 -0.1838059
vn 0 0.9999849 0.005500385
vn 0 0.9999849 0.005500385
vn 0 0.9999849 0.005500385
vn 0 0.9999849 0.005500385
vn 0 -0.999985 -0.005495096
vn 0 -0.999985 -0.005495096
vn 0 -0.999985 -0.005495096
vn 0 -0.999985 -0.005495096
vn 1 0 0
vn 1 0 0
vn 1 0 0
vn 1 0 0
vn 0 0.009089557 -0.9999588
vn 0 0.009089557 -0.9999588
vn 0 0.009089557 -0.9999588
vn 0 0.009089557 -0.9999588
vn 0 -0.009156834 0.9999582
vn 0 -0.009156834 0.9999582
vn 0 -0.009156834 0.9999582
vn 0 -0.009156834 0.9999582
vn -1 0 0
vn -1 0 0
vn -1 0 0
vn -1 0 0
vn 0.2116941 0.1194271 -0.9700117
vn -0.1991536 -0.1300781 -0.9712968
vn 0.1991536 -0.1300781 -0.9712968
vn -0.2116942 0.1194268 -0.9700118
vn 0.2182651 0.6615698 -0.7174161
vn -0.218265 0.6615698 -0.7174161
vn -0.7525002 0.0798511 -0.6537334
vn -0.7719951 0.4308987 -0.4672793
vn -0.6987303 -0.09495548 -0.7090552
vn 0.7719973 0.4308971 -0.4672772
vn 0.752501 0.07985123 -0.6537325
vn 0.6987304 -0.09495533 -0.7090552
vn 0.2056213 0.9188731 -0.3367375
vn -0.218265 0.6615698 -0.7174161
vn 0.2182651 0.6615698 -0.7174161
vn -0.2056208 0.9188734 -0.336737
vn 0.1958536 0.9077292 -0.3710379
vn -0.1958519 0.9077296 -0.3710376
vn 0.213179 0.9341241 -0.2862983
vn -0.2131768 0.9341247 -0.2862982
vn 0.1885432 0.8468302 0.497323
vn -0.1885428 0.8468303 0.4973229
vn -0.7314655 0.6412329 -0.2319025
vn -0.6933866 0.663102 -0.2819766
vn -0.7719951 0.4308987 -0.4672793
vn -0.7560831 0.6265905 -0.189004
vn -0.7286763 0.5755304 0.3712082
vn 0.6933889 0.6630998 -0.2819765
vn 0.7314672 0.6412311 -0.2319016
vn 0.7719973 0.4308971 -0.4672772
vn 0.7560855 0.6265877 -0.189004
vn 0.7286749 0.575528 0.3712147
vn -0.9876978 0.01691066 -0.1554579
vn -1 0 0
vn -1 0 0
vn -0.9900889 0.09520768 -0.1032452
vn -1 0 0
vn -1 0 0
vn -0.9787188 -0.02723652 -0.2033901
vn -1 0 0
vn -0.9848704 0.1642504 -0.05524606
vn -1 0 0
vn -0.9763705 0.1947283 -0.09371085
vn -1 0 0
vn -0.9887734 0.1453847 -0.03450266
vn -1 -5.548371E-07 0
vn -0.991383 0.1222606 0.04703267
vn -1 -8.102091E-07 0
vn -0.9457906 0.201472 0.2547331
vn -1 1.20105E-07 0
vn -0.9665217 0.2369596 0.09841744
vn -1 3.77153E-07 0
vn -0.9708948 0.2287185 -0.07107086
vn -1 0 0
vn -0.987661 0.1376238 -0.07473598
vn -1 0 0
vn -0.6933866 0.663102 -0.2819766
vn -0.5899571 0.5561284 0.5853817
vn -0.7286763 0.5755304 0.3712082
vn -0.7560831 0.6265905 -0.189004
vn -0.6629137 0.7236719 -0.1919492
vn -0.6502818 0.7207484 0.240115
vn -0.7203744 0.6095239 -0.3309703
vn -0.7314655 0.6412329 -0.2319025
vn -0.7719951 0.4308987 -0.4672793
vn -0.7525002 0.0798511 -0.6537334
vn -0.6987303 -0.09495548 -0.7090552
vn 0.1762455 0.939228 0.2945985
vn -0.1366234 0.6913772 0.7094586
vn 0.1366215 0.6913777 0.7094585
vn -0.1762472 0.9392277 0.2945984
vn 0.1796302 0.9533486 -0.2426096
vn -0.1796303 0.9533486 -0.2426096
vn 0.1775293 0.8648626 -0.4695702
vn -0.1775293 0.8648626 -0.4695702
vn -0.6502818 0.7207484 0.240115
vn -0.6629137 0.7236719 -0.1919492
vn -0.7203744 0.6095239 -0.3309703
vn -0.5899571 0.5561284 0.5853817
vn 0.662915 0.7236713 -0.1919471
vn 0.6502819 0.7207492 0.2401127
vn 0.7203793 0.6095216 -0.3309639
vn 0.5899596 0.556128 0.5853797
vn 0.9787188 -0.02723654 -0.2033901
vn 1 -1.375394E-07 0
vn 0.9876979 0.01691047 -0.155457
vn 1 -4.728649E-07 0
vn 1 1.089203E-07 0
vn 0.9900891 0.09520647 -0.1032436
vn 1 0 0
vn 1 1.617948E-07 0
vn 0.9848706 0.1642493 -0.05524531
vn 1 1.684576E-07 0
vn 0.9763707 0.1947269 -0.0937104
vn 1 0 0
vn 0.9887736 0.1453837 -0.03450289
vn 1 1.733866E-07 0
vn 0.9913831 0.1222598 0.04703356
vn 1 1.083938E-07 0
vn 0.9457904 0.2014688 0.254737
vn 1 0 0
vn 0.9665229 0.236957 0.09841182
vn 1 0 0
vn 0.9708956 0.2287163 -0.07106709
vn 1 0 0
vn 0.9876616 0.1376216 -0.07473189
vn 1 1.67901E-07 0
vn 0.7314672 0.6412311 -0.2319016
vn 0.6933889 0.6630998 -0.2819765
vn 0.7719973 0.4308971 -0.4672772
vn 0.752501 0.07985123 -0.6537325
vn 0.6987304 -0.09495533 -0.7090552
vn 0.6502819 0.7207492 0.2401127
vn 0.662915 0.7236713 -0.1919471
vn 0.7203793 0.6095216 -0.3309639
vn 0.5899596 0.556128 0.5853797
vn 0.7286749 0.575528 0.3712147
vn 0.7560855 0.6265877 -0.189004
vn 0 -0.999895 -0.01449459
vn 0 -0.9998951 -0.01448441
vn 0 -0.9998951 -0.01448441
vn 0 -0.999895 -0.01449459
vn 0 -0.9999738 -0.007248479
vn 0 -0.9999738 -0.007248479
vn 0 -1 0
vn 0 -1 0
vn 0 -1 0
vn 0 -1 0
vn 0 -1 0
vn 0 -1 0
vn 0 -0.9999998 -0.0006845817
vn 0 -0.9999998 -0.0006845817
vn 0 -0.9999136 0.01314743
vn 0 -0.9999136 0.01314743
vn 0 -0.9999373 0.01120057
vn 0 -0.9999373 0.01120057
vn 0 -0.9999576 0.009213414
vn 0 -0.9999576 0.009213414
vn 0 0 1
vn 0 0 1
vn 0 0 1
vn 0 0 1
vn 0 0 1
vn 0 0 1
vn 0 0 1
vn 0 0 1
vn 0.1366215 0.6913777 0.7094585
vn -0.1885428 0.8468303 0.4973229
vn 0.1885432 0.8468302 0.497323
vn -0.1366234 0.6913772 0.7094586
vn -0.7286763 0.5755304 0.3712082
vn -0.5899571 0.5561284 0.5853817
vn 0.5899596 0.556128 0.5853797
vn 0.7286749 0.575528 0.3712147
vn -3.58057E-07 0.005146197 -0.9999868
vn -3.58057E-07 0.005146197 -0.9999868
vn -3.58057E-07 0.005146197 -0.9999868
vn -3.58057E-07 0.005146197 -0.9999868
vn -3.58057E-07 0.005146197 -0.9999868
vn -3.58057E-07 0.005146197 -0.9999868
vn -3.58057E-07 0.005146197 -0.9999868
vn -3.58057E-07 0.005146197 -0.9999868
vn 0.499964 -0.8659541 0.01263108
vn -0.004069212 -0.9999086 0.01289276
vn -0.004069218 -0.9999086 0.01289276
vn 0.4999631 -0.8659546 0.01263108
vn 0.2588168 -0.9658494 0.0121976
vn 0.854603 -0.5191297 0.01257134
vn 0.8545728 -0.5191795 0.01257134
vn -0.2666692 -0.9637047 0.01268197
vn -0.5034865 -0.8639072 0.01286996
vn -0.5034865 -0.8639072 0.01286996
vn -0.8659545 -0.499963 0.01263849
vn -0.8659546 -0.499963 0.01263849
vn -0.2666692 -0.9637047 0.01268197
vn -0.001026174 -0.9999133 0.01312504
vn -0.001026196 -0.9999133 0.01312504
vn 0.2646905 -0.9642507 0.01262472
vn 0.2646905 -0.9642507 0.01262472
vn 0.5026008 -0.8644232 0.01284443
vn 0.5026009 -0.8644232 0.01284444
vn 0.8545401 -0.5192332 0.01257397
vn 0.8545752 -0.5191756 0.01257397
vn 0.953333 -0.3016732 0.01222132
vn 0.9996696 -0.02233446 0.01272485
vn 0.9996696 -0.02233448 0.01272485
vn 0.8545728 -0.5191795 0.01257134
vn 0.854603 -0.5191297 0.01257134
vn 0.953333 -0.3016732 0.01222132
vn 0.8545752 -0.5191756 0.01257397
vn 0.953333 -0.3016732 0.01222132
vn 0.8545401 -0.5192332 0.01257397
vn 0.8659584 0.4999565 0.01263846
vn 0.8659583 0.4999565 0.01263846
vn 0.499958 0.8659575 0.01263812
vn 0.4999578 0.8659576 0.01263812
vn -1.107461E-06 0.9999201 0.01263831
vn 0.4999578 0.8659576 0.01263812
vn -1.0924E-06 0.9999201 0.01263831
vn 0.499958 0.8659575 0.01263812
vn -0.4999595 0.8659566 0.01263859
vn -0.4999595 0.8659566 0.01263859
vn -0.8659577 0.4999576 0.01263873
vn -0.4999595 0.8659566 0.01263859
vn -0.8659577 0.4999577 0.01263873
vn -0.4999595 0.8659566 0.01263859
vn -0.9999201 -2.626549E-06 0.0126387
vn -0.9999201 -2.607988E-06 0.0126387
vn -0.8659546 -0.499963 0.01263849
vn -0.8659545 -0.499963 0.01263849
vn 0 0 1
vn 0 0 1
vn 0 0 1
vn 0 0 1
vn 0 0 1
vn 0 0 1
vn 0 0 1
vn 0 0 1
vn 0 0 1
vn 0 0 1
vn 0 0 1
vn 0 0 1
vn 0 0 -1
vn 0 0 -1
vn 0 0 -1
vn 0 0 -1
vn 0 0 -1
vn 0 0 -1
vn 0 0 -1
vn 0 0 -1
vn 0 0 -1
vn 0 0 -1
vn 0 0 -1
vn 0 0 -1
vn -0.3826745 -0.9238832 0
vn -0.1305055 -0.9914476 0
vn -0.1305055 -0.9914476 0
vn -0.3826745 -0.9238832 0
vn -0.6087564 -0.7933573 0
vn -0.6087564 -0.7933573 0
vn -0.7933468 -0.60877 0
vn -0.7933468 -0.60877 0
vn 0.1305083 -0.9914472 0
vn 0.1305083 -0.9914472 0
vn -0.9238844 -0.3826718 0
vn -0.9238844 -0.3826718 0
vn 0.3826774 -0.9238819 0
vn 0.3826774 -0.9238819 0
vn 0.6087566 -0.793357 0
vn 0.6087566 -0.793357 0
vn 0.7933468 -0.60877 0
vn 0.7933468 -0.60877 0
vn 0.9238839 -0.3826728 0
vn 0.9914454 -0.1305215 0
vn 0.9914454 -0.1305215 0
vn 0.9238839 -0.3826728 0
vn 0.7933468 -0.60877 0
vn 0.7933468 -0.60877 0
vn 0.9914454 0.1305215 0
vn 0.9914454 0.1305215 0
vn 0.9238779 0.3826875 0
vn 0.9238779 0.3826875 0
vn 0.7933567 0.6087571 0
vn 0.7933567 0.6087571 0
vn 0.6087732 0.7933443 0
vn 0.6087732 0.7933443 0
vn -0.6087729 0.7933446 0
vn -0.7933567 0.6087571 0
vn -0.7933567 0.6087571 0
vn -0.6087729 0.7933446 0
vn -0.3826737 0.9238836 0
vn -0.3826737 0.9238836 0
vn -0.9238782 0.3826866 0
vn -0.9238782 0.3826866 0
vn -0.9914457 0.1305204 0
vn -0.9914457 0.1305204 0
vn -0.9914457 -0.1305204 0
vn -0.9914457 -0.1305204 0
vn -0.9238844 -0.3826718 0
vn -0.9238844 -0.3826718 0
vn 0.3826768 0.9238822 0
vn 0.1305189 0.9914458 -1.166724E-05
vn 0.1305184 0.9914459 -1.166729E-05
vn 0.3826768 0.9238822 0
vn -0.1305156 0.9914463 -1.166729E-05
vn -0.1305162 0.9914461 -1.166724E-05
vn -0.3826737 0.9238836 0
vn -0.3826737 0.9238836 0
vn 0.6087732 0.7933443 0
vn 0.6087732 0.7933443 0
vn 0 0 -1
vn 0 0 -1
vn 0 0 -1
vn 0 0 -1
vn 0 0 -1
vn 0 0 -1
vn 0 0 -1
vn 0 0 -1
vn 0 0 -1
vn 0 0 -1
vn 0 0 -1
vn 0 0 -1
vn 0 0 -1
vn 0 0 -1
vn 0 0 -1
vn 0 0 -1
vn 0 0 -1
vn 0 0 -1
vn 0 0 -1
vn 0 0 -1
vn 0 0 -1
vn 0 0 -1
vn 0 0 -1
vn 0 0 -1
vn -2.228929E-07 0 1
vn -2.228929E-07 0 1
vn -2.228929E-07 0 1
vn -2.228929E-07 0 1
vn -2.228929E-07 0 1
vn -2.228929E-07 0 1
vn -2.228929E-07 0 1
vn -2.228929E-07 0 1
vn -2.228929E-07 0 1
vn -2.228929E-07 0 1
vn -2.228929E-07 0 1
vn -2.228929E-07 0 1
vn -2.228929E-07 0 1
vn -2.228929E-07 0 1
vn -2.228929E-07 0 1
vn -2.228929E-07 0 1
vn -2.228929E-07 0 1
vn -2.228929E-07 0 1
vn -2.228929E-07 0 1
vn -2.228929E-07 0 1
vn -2.228929E-07 0 1
vn -2.228929E-07 0 1
vn -2.228929E-07 0 1
vn -2.228929E-07 0 1
vn 0 0.9997156 0.02384686
vn 0 0.9997156 0.02384686
vn 0 0.9997156 0.02384686
vn 0 0.9997156 0.02384686
vn 0 0.9997156 0.02384686
vn 0 0.9997156 0.02384686
vn 0 0.9997156 0.02384686
vn 0 0.9997156 0.02384686
vn -0.9203061 -0.391199 0
vn -0.9867409 -0.1623035 0
vn -0.9203061 -0.391199 0
vn -0.9867409 -0.1623035 0
vn -0.6373159 -0.7706026 0
vn -0.6373159 -0.7706026 0
vn -0.6698463 -0.7424998 0
vn -0.6373159 -0.7706026 0
vn -0.6698463 -0.7424998 0
vn -0.6373159 -0.7706026 0
vn 0.9202995 0.3912146 0
vn 0.9867415 0.1622999 0
vn 0.9867415 0.1622999 0
vn 0.9202995 0.3912146 0
vn 0.6373007 0.7706153 0
vn 0.6373007 0.7706153 0
vn -0.6698463 -0.7424998 0
vn -0.9629855 -0.2695531 0
vn -0.6698463 -0.7424998 0
vn -0.9629855 -0.2695531 0
vn -0.9999595 0.009002255 0
vn -0.9999595 0.009002255 0
vn 0.6698513 0.7424953 0
vn 0.6373007 0.7706153 0
vn 0.6373007 0.7706153 0
vn 0.6698513 0.7424953 0
vn 0.6698513 0.7424953 0
vn 0.9629905 0.2695356 0
vn 0.9629905 0.2695356 0
vn 0.6698513 0.7424953 0
vn 0.9999593 -0.00902329 0
vn 0.9999593 -0.00902329 0
vn -1.636723E-05 0 1
vn -2.70591E-05 0 1
vn -2.705797E-05 0 1
vn -1.636785E-05 0 1
vn -5.411695E-05 0 1
vn -5.411695E-05 0 1
vn -1.636768E-05 0 1
vn -1.636763E-05 0 1
vn -3.251118E-05 0 1
vn -3.251273E-05 0 1
vn -6.502328E-05 0 1
vn -6.502328E-05 0 1
vn 2.740404E-05 0 -1
vn 1.781648E-05 0 -1
vn 1.781643E-05 0 -1
vn 2.740299E-05 0 -1
vn 3.458173E-07 0 -1
vn 3.435393E-07 0 -1
vn 5.032854E-05 0 -1
vn 5.032785E-05 0 -1
vn 6.502328E-05 0 -1
vn 6.502328E-05 0 -1
vn -5.411695E-05 0 -1
vn -5.411695E-05 0 -1
vn 0.1623675 -0.9867303 0
vn 0.1623675 -0.9867303 0
vn 0.1623675 -0.9867303 0
vn 0.1623675 -0.9867303 0
vn 0.008987229 0.9999596 0
vn 0.008987229 0.9999596 0
vn 0.008987229 0.9999596 0
vn 0.008987229 0.9999596 0
vn -0.8224663 -0.5674687 0.03909585
vn -0.9691798 -0.1895135 0.1574013
vn -0.7539542 -0.647436 0.1112646
vn -0.986388 -0.1539564 0.05775733
vn -0.9939147 0.01033273 0.1096669
vn -0.9971796 -0.04151453 0.06252448
vn -0.986825 0.07376223 0.1439984
vn -0.9359948 -0.2428874 0.254793
vn -0.7278557 -0.6548318 0.2035226
vn -0.9754229 0.2203135 -0.003452891
vn -0.9784734 0.2026646 0.03894722
vn -0.9696817 0.244192 -0.009356732
vn -0.9512115 0.3044634 0.0499882
vn -0.7275286 0.6757359 0.1186728
vn -0.7235397 0.6801094 0.118074
vn -0.9804495 0.1811663 0.07679531
vn -0.9798107 0.185862 0.07366391
vn 0 0.8704433 -0.4922686
vn 0 0.8704433 -0.4922686
vn 0 0.8704433 -0.4922686
vn 0 0.8704433 -0.4922686
vn 0 0.8704433 -0.4922686
vn 0 0.8704433 -0.4922686
vn 0 0.8704433 -0.4922686
vn 0 0.8704433 -0.4922686
vn 0.3907437 -0.4439547 -0.8063645
vn -0.4224343 -0.3644839 -0.82988
vn -0.3907388 -0.4439554 -0.8063664
vn 0.4224393 -0.3644836 -0.8298776
vn 0.3805681 -0.5198909 -0.7647753
vn -0.3805633 -0.5198923 -0.7647767
vn 0.3803342 -0.52533 -0.7611663
vn -0.3803275 -0.525328 -0.7611711
vn 0.3670554 -0.3980011 -0.8407529
vn -0.3670517 -0.3979986 -0.8407556
vn 0.3909989 -0.2542082 -0.8845892
vn -0.3910011 -0.2542096 -0.8845878
vn -0.9391578 -0.09487168 -0.3301242
vn -0.9083672 -0.1744887 -0.3800299
vn 0.9083679 -0.1744912 -0.3800271
vn 0.9391571 -0.09487069 -0.3301263
vn 0.9575621 -0.1159035 -0.2638963
vn 0.9316188 -0.1719477 -0.3201883
vn -0.8520322 0.2548297 0.4572778
vn -0.9226152 -0.2191893 -0.3173912
vn -0.8768086 0.01975184 0.4804336
vn -0.9083672 -0.1744887 -0.3800299
vn -0.9319163 0.2898315 0.2180132
vn -0.9391578 -0.09487168 -0.3301242
vn -0.923741 -0.2161665 -0.3161878
vn -0.9344361 0.1013513 0.3414046
vn -0.3805633 -0.5198923 -0.7647767
vn -0.3803275 -0.525328 -0.7611711
vn -0.3670517 -0.3979986 -0.8407556
vn -0.3907388 -0.4439554 -0.8063664
vn -0.931617 -0.1719496 -0.3201924
vn -0.4224343 -0.3644839 -0.82988
vn -0.957561 -0.1159045 -0.2638997
vn -0.8793926 0.1908703 0.4361618
vn -0.9222698 0.1619319 0.3509937
vn -0.3811527 0.3860562 0.8400496
vn -0.3389877 0.3771681 0.8618768
vn -0.3425633 0.1718012 0.9236529
vn -1 0 0
vn -1 0 0
vn -1 0 0
vn -1 0 0
vn -1 0 0
vn -1 0 0
vn -1 1.474014E-07 0
vn -1 2.12675E-07 0
vn -1 3.569389E-07 0
vn -1 3.569389E-07 0
vn -0.9990836 0.04277601 -0.001462387
vn -0.9914184 0.1306992 -0.002694195
vn -0.9990776 0.0428426 -0.002907444
vn -0.9913027 0.1315932 -0.00143986
vn -0.9906508 0.1327966 0.03124379
vn -0.9990175 0.04296231 0.01087492
vn -0.987363 0.1464133 0.06064351
vn -0.9865891 0.09946578 0.1294166
vn -1 -1.623085E-07 0
vn -1 0 0
vn -1 0 0
vn -1 2.622727E-07 0
vn -1 3.856903E-07 0
vn -1 2.081915E-07 0
vn -1 3.95746E-07 0
vn -1 7.890523E-07 0
vn -1 1.619316E-07 0
vn -1 -1.20399E-06 0
vn -1 3.708614E-07 0
vn -1 1.408619E-06 0
vn -0.9839526 0.1708826 0.05134604
vn -0.9832405 0.1488638 0.1052507
vn -0.9788899 0.2004062 0.04014834
vn -0.9735681 0.2117059 0.08570746
vn -0.9756858 0.2169393 0.0312174
vn -0.9649782 0.2548114 0.06235617
vn -0.9940246 -0.1061703 0.02536138
vn -0.994776 -0.09911304 0.02443767
vn -0.9228077 -0.3821773 0.04864836
vn -0.9293734 -0.3661865 0.04660942
vn -0.9960777 -0.0852643 0.02364665
vn -0.9390213 -0.3408059 0.04571928
vn -0.9970362 -0.07347088 0.02282068
vn -0.9469154 -0.3184929 0.04374221
vn -0.9979176 -0.06221287 0.01702916
vn -0.9543698 -0.2970033 0.03110038
vn -0.9978537 -0.06363705 -0.01543382
vn -0.953334 -0.3009254 -0.02445796
vn -0.9964542 -0.07194612 -0.04362083
vn -0.9448658 -0.3164465 -0.08420438
vn -1 4.257759E-07 0
vn -1 -4.235376E-07 0
vn -1 3.238329E-07 0
vn -1 -4.235376E-07 0
vn -1 1.346407E-06 0
vn -1 1.34817E-06 0
vn -1 -3.404457E-07 0
vn -1 2.895447E-07 0
vn -1 -1.554078E-06 0
vn -1 -1.585618E-06 0
vn -1 -1.783701E-06 0
vn -1 -1.783701E-06 0
vn 0.8408207 -0.539889 0.03924901
vn 0.9799399 -0.1329039 0.1485072
vn 0.9907507 -0.1227155 0.05791294
vn 0.7846074 -0.6071633 0.1254753
vn 0.9959213 -0.04648881 0.07732745
vn 0.9938707 -0.08939369 0.06503627
vn 0.9961945 -0.003280746 0.08709671
vn 0.9625363 -0.1382185 0.2332801
vn 0.7893664 -0.5684692 0.2318263
vn 0.97572 0.2084394 -0.06725698
vn 0.9811297 0.1930754 0.0103129
vn 0.9551321 0.2917697 -0.05092392
vn 0.9375226 0.3463149 0.03342718
vn 0.7125502 0.6910069 0.1215801
vn 0.7120456 0.6934735 0.1099345
vn 0.9804133 0.1784366 0.08336776
vn 0.7444689 0.6608667 0.09498099
vn 0.876811 0.01975206 0.4804293
vn 0.9237427 -0.2161636 -0.3161846
vn 0.9226191 -0.2191875 -0.3173812
vn 0.934437 0.1013505 0.3414025
vn 0.8520327 0.2548241 0.4572799
vn 0.9083679 -0.1744912 -0.3800271
vn 0.9319163 0.2898247 0.2180222
vn 0.9391571 -0.09487069 -0.3301263
vn 0.9316188 -0.1719477 -0.3201883
vn 0.922271 0.1619305 0.3509912
vn 0.879395 0.1908684 0.4361578
vn 0.9575621 -0.1159035 -0.2638963
vn 0.3007595 0.4716128 0.8289301
vn 0.3296662 0.7544659 0.5675398
vn 0.3389907 0.3771677 0.8618758
vn 0.3811555 0.3860555 0.8400486
vn 0.3803342 -0.52533 -0.7611663
vn 0.3670554 -0.3980011 -0.8407529
vn 0.3425656 0.1718009 0.9236522
vn 0.3805681 -0.5198909 -0.7647753
vn 0.3907437 -0.4439547 -0.8063645
vn 1 -3.973488E-07 0
vn 1 0 0
vn 1 -2.147322E-07 0
vn 1 0 0
vn 1 -7.441964E-07 0
vn 1 -4.325235E-07 0
vn 1 0 0
vn 1 0 0
vn 1 0 0
vn 1 0 0
vn 0.9990836 0.0427757 -0.001462387
vn 0.9914185 0.1306989 -0.002694197
vn 0.9913027 0.131593 -0.001439859
vn 0.9990776 0.04284257 -0.002907446
vn 0.9906508 0.1327964 0.03124389
vn 0.9990175 0.04296261 0.01087497
vn 0.987363 0.1464131 0.06064368
vn 0.986589 0.09946603 0.129417
vn 1 2.367506E-07 0
vn 1 0 0
vn 1 -1.885602E-07 0
vn 1 0 0
vn 1 0 0
vn 1 0 0
vn 1 1.12337E-07 0
vn 1 3.806878E-07 0
vn 1 3.019012E-07 0
vn 1 -6.019954E-07 0
vn 1 -1.816002E-07 0
vn 1 1.126895E-06 0
vn 0.9839527 0.1708824 0.05134618
vn 0.9832405 0.1488637 0.1052509
vn 0.9788899 0.2004061 0.04014843
vn 0.973568 0.2117065 0.08570768
vn 0.9756858 0.2169392 0.03121747
vn 0.9649779 0.2548122 0.06235631
vn 0.9940245 -0.1061707 0.02536138
vn 0.994776 -0.09911314 0.02443768
vn 0.9228077 -0.3821769 0.04864836
vn 0.9293738 -0.3661857 0.04660945
vn 0.9960778 -0.08526419 0.02364393
vn 0.9390219 -0.3408053 0.04571304
vn 0.9970363 -0.07347107 0.02281783
vn 0.9469157 -0.3184927 0.04373788
vn 0.9979176 -0.06221304 0.01703022
vn 0.9543699 -0.2970029 0.03110288
vn 0.9978537 -0.06363693 -0.01543381
vn 0.9533342 -0.3009248 -0.02445751
vn 0.9964541 -0.07194592 -0.04362305
vn 0.9448655 -0.3164459 -0.08420866
vn 1 0 0
vn 1 5.294205E-07 0
vn 1 5.294205E-07 0
vn 1 0 0
vn 1 -4.323336E-07 0
vn 1 -4.185446E-07 0
vn 1 1.157254E-06 0
vn 1 6.021377E-07 0
vn 1 1.197471E-06 0
vn 1 1.032992E-06 0
vn 1 0 0
vn 1 0 0
vn 0 -0.9999713 -0.007590717
vn 0 -0.9999713 -0.007590717
vn 0 -0.9999713 -0.007590717
vn 0 -0.9999713 -0.007590717
vn 0 0.2616099 0.9651737
vn 0 0.1662746 0.9860795
vn 0 0.1662746 0.9860795
vn 0 0.2616099 0.9651737
vn 0 0.5481732 0.8363649
vn 0 0.5481732 0.8363649
vn 0 0.9385745 0.3450766
vn 0 0.9385745 0.3450766
vn 0 0.2356635 0.9718347
vn 0 0.2356635 0.9718347
vn 0 0.4239051 0.9057066
vn 0 0.4239051 0.9057066
vn 0 0.6178982 0.7862581
vn 0 0.6178982 0.7862581
vn 0 0.8065777 0.591128
vn 0 0.8065777 0.591128
vn 0 1 0
vn 0 1 0
vn 0 1 0
vn 0 1 0
vn 0 0.8628466 -0.5054657
vn 0 0.694379 -0.7196096
vn 0 0.8628466 -0.5054657
vn 0 0.694379 -0.7196096
vn 0 0.9982479 -0.05917024
vn 0 0.9385745 0.3450766
vn 0 0.9385745 0.3450766
vn 0 0.9982479 -0.05917024
vn 0 0.8805329 -0.4739851
vn 0 0.8805329 -0.4739851
vn 0 0.006177853 -0.9999809
vn 0 0.00433839 -0.9999906
vn 0 0.00433839 -0.9999906
vn 0 0.006177853 -0.9999809
vn 0 0.002097702 -0.9999979
vn 0 0.002097702 -0.9999979
vn 0 -0.04300693 -0.9990748
vn 0 -0.04300693 -0.9990748
vn 0 -0.1905001 -0.9816871
vn 0 -0.1905001 -0.9816871
vn 0 -0.1309804 -0.991385
vn 0 -0.1309804 -0.991385
vn 0 0.3344108 -0.9424273
vn 0 0.3344108 -0.9424273
vn 0 0.8805329 -0.4739851
vn 0 0.8805329 -0.4739851
vn 0 1 0
vn 0 1 0
vn 0 1 0
vn 0 1 0
vn 0.2928226 0.05259185 0.9547193
vn -0.3007572 0.4716172 0.8289284
vn -0.2928173 0.05259118 0.9547211
vn 0.3007595 0.4716128 0.8289301
vn 0.3425656 0.1718009 0.9236522
vn -0.3425633 0.1718012 0.9236529
vn 0.3811555 0.3860555 0.8400486
vn -0.3811527 0.3860562 0.8400496
vn 0.3389907 0.3771677 0.8618758
vn -0.3389877 0.3771681 0.8618768
vn -0.9344361 0.1013513 0.3414046
vn -0.8768086 0.01975184 0.4804336
vn -0.8520322 0.2548297 0.4572778
vn 0.876811 0.01975206 0.4804293
vn 0.934437 0.1013505 0.3414025
vn 0.8520327 0.2548241 0.4572799
vn 0 -0.9773538 0.211612
vn 0 -0.9867184 -0.1624402
vn 0 -0.9867184 -0.1624402
vn 0 -0.9773538 0.211612
vn 0 -0.9665806 0.2563627
vn 0 -0.9665806 0.2563627
vn 0 -0.9665647 0.256423
vn 0 -0.9665647 0.256423
vn 0 -0.9701371 0.2425569
vn 0 -0.9701371 0.2425569
vn 0 -0.9735166 0.2286158
vn 0 -0.9735166 0.2286158
vn 0 -0.8806549 -0.4737582
vn 0 -0.8806549 -0.4737582
vn 0 -0.2826804 -0.9592142
vn 0 -0.2095196 -0.9778045
vn 0 -0.2095196 -0.9778045
vn 0 -0.2826804 -0.9592142
vn 0 -0.3542305 -0.9351581
vn 0 -0.3542305 -0.9351581
vn 0 0 1
vn 0 0 1
vn 0 0 1
vn 0 0 1
vn 0 0 1
vn 0 0 1
vn 0 0 1
vn 0 0 1
vn 0 0 1
vn 0 0 1
vn 0 0 1
vn 0 0 1
vn 0 0 1
vn 0 0 1
vn 0 0 1
vn 0 0 1
vn 0 0 1
vn 0 0 1
vn 0 0 1
vn 0 0 1
vn 0 0 1
vn 0 0 1
vn 0 0 1
vn 0 0 1
vn 0 0 1
vn 0 0 -1
vn 0 0 -1
vn 0 0 -1
vn 0 0 -1
vn 0 -0.99959 -0.02863416
vn 0 -0.99959 -0.02863416
vn 0 -0.99959 -0.02863416
vn 0 -0.99959 -0.02863416
vn 0 -0.99959 -0.02863416
vn 0 -0.99959 -0.02863416
vn 0 -0.99959 -0.02863416
vn 0 -0.99959 -0.02863416
vn 0 0.3148028 -0.949157
vn 0 0.1355794 -0.9907665
vn 0 0.3148028 -0.949157
vn 0 0.1355794 -0.9907665
vn 0 0.694379 -0.7196096
vn 0 0.694379 -0.7196096
vn 0 0.04401429 -0.9990309
vn 0 0.04401429 -0.9990309
vn 0 -0.03767101 -0.9992902
vn 0 -0.03767101 -0.9992902
vn 0 0.2321987 0.9726683
vn 0 0.1063823 0.9943253
vn 0 0.1063823 0.9943253
vn 0 0.2321987 0.9726683
vn 0 0.2826804 0.9592142
vn 0 0.2826804 0.9592142
vn 0 0.2095196 0.9778045
vn 0 0.2095196 0.9778045
vn 0 -0.2582043 0.9660904
vn 0 -0.5473834 0.836882
vn 0 -0.2582043 0.9660904
vn 0 -0.5473834 0.836882
vn 0 -0.6393033 0.7689548
vn 0 -0.6393033 0.7689548
vn 0 0.04846356 0.9988249
vn 0 0.04846356 0.9988249
vn 0 0.2597286 0.9656817
vn 0 0.2597286 0.9656817
vn 0 0.362611 0.9319406
vn 0 0.362611 0.9319406
vn 0 0 -1
vn 0 0 -1
vn 0 0 -1
vn 0 0 -1
vn 0 0 -1
vn 0 0 -1
vn 0 0 -1
vn 0 0 -1
vn 0 0 -1
vn 0 0 -1
vn 0 0 -1
vn 0 0 -1
vn 0 0 -1
vn 0 0 -1
vn 0 0 -1
vn 0 0 -1
vn 1.78744E-06 0 -1
vn 1.92334E-06 0 -1
vn 6.150053E-06 0 -1
vn 3.026601E-06 0 -1
vn 0 0 -1
vn 0 0 -1
vn 0 0 -1
vn 0 0 -1
vn 0 0 -1
vn 0 0 -1
vn 0 0 -1
vn 0 0 -1
vn 0 0 -1
vn 0 0 -1
vn 0 0.8065777 0.591128
vn 0 0.8883172 0.4592303
vn 0 0.8883172 0.4592303
vn 0 0.8065777 0.591128
vn 0 -1 0
vn 0 -1 0
vn 0 -1 0
vn 0 -1 0
vn 0 -1 0
vn 0 -1 0
vn 0.3007595 0.4716128 0.8289301
vn -0.3296663 0.7544746 0.5675282
vn -0.3007572 0.4716172 0.8289284
vn 0.3296662 0.7544659 0.5675398
vn -0.8520322 0.2548297 0.4572778
vn -0.9319163 0.2898315 0.2180132
vn 0 0.7409378 0.6715737
vn 0 0.7409378 0.6715737
vn 0 0.7409378 0.6715737
vn 0 0.7409378 0.6715737
vn 0 0 1
vn 0 0 1
vn 0 0 1
vn 0 0 1
vn 0 0 1
vn 0 0 1
vn 0 0 1
vn 0 0 1
vn -0.2970053 -0.9548257 0.009779832
vn -0.7539542 -0.647436 0.1112646
vn -0.2669329 -0.9633335 0.02711729
vn -0.8224663 -0.5674687 0.03909585
vn 0 -0.9999988 -0.001590847
vn 0 -0.9999988 -0.001593129
vn -0.2661726 -0.9625387 0.05168585
vn 0 -0.9999988 -0.001595413
vn 0.2430291 -0.9695617 0.02978289
vn 0.2334805 -0.9705824 0.05879305
vn 0.2753027 -0.9613201 0.008490881
vn 0.8408207 -0.539889 0.03924901
vn 0.7846074 -0.6071633 0.1254753
vn 0.7893664 -0.5684692 0.2318263
vn -0.7278557 -0.6548318 0.2035226
vn -0.2274125 0.9674243 0.111237
vn -0.7235397 0.6801094 0.118074
vn -0.2613975 0.9575244 0.1217308
vn -0.3108613 0.9422334 0.1247455
vn -0.0003768354 0.9953945 0.09586248
vn 0.0002150443 0.9934861 0.1139528
vn -0.305271 0.942873 0.1334174
vn -4.018078E-05 0.9911788 0.1325314
vn 0.2616905 0.9575508 0.1208911
vn 0.3052179 0.9428611 0.1336226
vn 0.2269864 0.9677614 0.1091568
vn 0.7444689 0.6608667 0.09498099
vn 0.7120456 0.6934735 0.1099345
vn 0.7125502 0.6910069 0.1215801
vn -0.7275286 0.6757359 0.1186728
vn -0.9857908 -0.1679775 0
vn -0.8979824 0.1887478 -0.3974948
vn -0.8765492 -0.2173049 -0.4294649
vn -0.9771186 0.2126954 0
vn -0.8493456 -0.5277269 0.01079348
vn -0.7505242 -0.5813464 -0.3142449
vn -0.5061508 0.7757866 -0.3767846
vn -0.9095213 0.4156573 0
vn 0 1 0
vn 0.5061502 0.7757865 -0.3767855
vn -0.5061508 0.7757866 -0.3767846
vn 0 1 0
vn -0.2206069 0.3819808 -0.8974538
vn 0.2206069 0.3819794 -0.8974543
vn 0.9771186 0.2126956 0
vn 0.8765489 -0.2173046 -0.4294656
vn 0.8979821 0.1887472 -0.3974953
vn 0.9857908 -0.1679773 0
vn 0.9095212 0.4156575 0
vn 0.5061502 0.7757865 -0.3767855
vn 0.7505243 -0.5813461 -0.3142452
vn 0.8493457 -0.5277266 0.01079348
vn 0 0 1
vn 0 0 1
vn 0 0 1
vn 0 0 1
vn 0 0 1
vn 0 0 1
vn 0 0 1
vn 0 0 1
vn 0 0 1
vn 0 0 1
vn 0.3943377 -0.9174129 0.05339753
vn -0.3510219 -0.9199581 -0.1745302
vn 0.351022 -0.9199581 -0.17453
vn -0.3943375 -0.917413 0.05339751
vn 0.8493457 -0.5277266 0.01079348
vn 0.7505243 -0.5813461 -0.3142452
vn -0.7505242 -0.5813464 -0.3142449
vn -0.8493456 -0.5277269 0.01079348
vn 0.156106 -0.7586306 -0.632543
vn -0.1561064 -0.7586305 -0.6325429
vn -0.2882763 -0.5672629 -0.7714334
vn 0.2882762 -0.5672628 -0.7714335
vn 0.3788245 0.09285931 -0.9207981
vn -0.3472772 -0.223094 -0.910839
vn -0.3788251 0.09286033 -0.9207977
vn 0.3472765 -0.2230936 -0.9108393
vn 0.2206069 0.3819794 -0.8974543
vn -0.2206069 0.3819808 -0.8974538
vn -0.2882763 -0.5672629 -0.7714334
vn 0.2882762 -0.5672628 -0.7714335
vn -0.1561064 -0.7586305 -0.6325429
vn 0.156106 -0.7586306 -0.632543
vn -0.5061508 0.7757866 -0.3767846
vn -0.8979824 0.1887478 -0.3974948
vn 0.8979821 0.1887472 -0.3974953
vn 0.5061502 0.7757865 -0.3767855
vn -0.8765492 -0.2173049 -0.4294649
vn -0.7505242 -0.5813464 -0.3142449
vn 0.7505243 -0.5813461 -0.3142452
vn 0.8765489 -0.2173046 -0.4294656
vn 0.707111 -0.7071025 0
vn -2.197362E-06 -1 0
vn 0.707111 -0.7071025 0
vn -2.197362E-06 -1 0
vn -0.7071118 -0.7071018 0
vn -0.7071118 -0.7071018 0
vn 1 -3.860756E-06 0
vn 0.707111 -0.7071025 0
vn 1 -3.860756E-06 0
vn 0.707111 -0.7071025 0
vn 0.7071072 0.7071064 0
vn 0.7071072 0.7071064 0
vn -2.176809E-06 1 0
vn 0.7071072 0.7071064 0
vn -2.176809E-06 1 0
vn 0.7071072 0.7071064 0
vn -0.7071078 0.7071057 0
vn -0.7071078 0.7071057 0
vn -1 -3.86076E-06 0
vn -0.7071078 0.7071057 0
vn -1 -3.86076E-06 0
vn -0.7071078 0.7071057 0
vn -0.7071118 -0.7071018 0
vn -0.7071118 -0.7071018 0
vn 0.7071038 0.7071097 0
vn 1.807151E-06 1 0
vn 1.807151E-06 1 0
vn 0.7071038 0.7071097 0
vn -0.7071031 0.7071104 0
vn -0.7071031 0.7071104 0
vn -1.413162E-06 0 -1
vn -1.413162E-06 0 -1
vn -1.413162E-06 0 -1
vn -1.413162E-06 0 -1
vn -1.413162E-06 0 -1
vn -1.413162E-06 0 -1
vn -1.413162E-06 0 -1
vn -1.413162E-06 0 -1
vn 0 1 0
vn 0 1 0
vn 0 1 0
vn 0 1 0
vn -0.9891611 -0.1468349 0
vn -0.9891611 -0.1468349 0
vn -0.9891611 -0.1468349 0
vn -0.9891611 -0.1468349 0
vn 0 -1 0
vn 0 -1 0
vn 0 -1 0
vn 0 -1 0
vn 0 0 -1
vn 0 0 -1
vn 0 0 -1
vn 0 0 -1
vn 0.9891612 -0.146834 0
vn 0.9891612 -0.146834 0
vn 0.9891612 -0.146834 0
vn 0.9891612 -0.146834 0
vn 0 -0.2886783 0.9574261
vn 0 -0.2886783 0.9574261
vn 0 -0.2886783 0.9574261
vn 0 -0.2886783 0.9574261
vn 8.533824E-06 -0.425689 0.9048695
vn -0.1593976 0.2760275 0.9478403
vn -1.274374E-05 0.3186861 0.9478603
vn 0.2129125 -0.3686894 0.9048405
vn -0.2760543 0.159369 0.9478372
vn 0.368771 -0.2128711 0.904817
vn -0.3187248 2.090387E-06 0.9478473
vn 0.4257884 -2.414495E-06 0.9048228
vn -0.2759956 -0.1593825 0.9478521
vn 0.3687857 0.2128992 0.9048044
vn -0.1593449 -0.2760051 0.9478557
vn 0.2129292 0.3686825 0.9048395
vn 9.285871E-06 -0.318671 0.9478654
vn 9.4827E-06 0.425606 0.9049087
vn 0.1593213 -0.2759799 0.9478669
vn -0.212882 0.3686018 0.9048834
vn 0.2759573 -0.1593365 0.947871
vn -0.368753 0.2128596 0.9048271
vn 0.318728 1.66781E-05 0.9478462
vn -0.4257689 2.761475E-06 0.9048319
vn 0.2760339 0.1593465 0.947847
vn -0.3687304 -0.2128692 0.904834
vn 0.1593658 0.2759519 0.9478677
vn -0.2128683 -0.368662 0.904862
vn 0.4547156 0.7876143 0.4158093
vn 4.282546E-06 0.9094529 0.415807
vn 0.7876053 0.454725 0.4158161
vn 0.9094498 -1.096805E-06 0.4158139
vn 0.7875941 -0.4547063 0.4158577
vn 0.4547127 -0.7875758 0.4158855
vn -0.454726 0.7875879 0.415848
vn -0.7876137 0.4546935 0.4158346
vn -0.9094381 4.337387E-07 0.4158395
vn -0.787591 -0.4547168 0.4158521
vn -0.4547202 -0.7875785 0.4158721
vn -0.8048423 -0.4646495 0.3692285
vn -0.4646766 -0.8047874 0.3693141
vn -0.9293399 -6.861353E-06 0.3692251
vn -0.8048428 0.4646411 0.3692381
vn -0.4646865 0.8047786 0.3693207
vn 6.254406E-06 0.9292915 0.369347
vn 0.4646896 0.8048179 0.3692315
vn 0.8048561 0.4646744 0.3691671
vn 1.131133E-05 -0.4257128 -0.9048584
vn 0.1593551 0.2760063 -0.9478536
vn -3.341615E-06 0.3187391 -0.9478425
vn -0.2128698 -0.3686607 -0.9048623
vn 0.2128868 -0.3687002 -0.9048421
vn -0.1593778 0.2760355 -0.9478413
vn 0.2760033 0.1593555 -0.9478544
vn -0.3687083 -0.2128503 -0.9048474
vn 0.3187066 2.055195E-06 -0.9478534
vn -0.4257324 1.030223E-06 -0.9048491
vn 0.3687181 -0.2128596 -0.9048413
vn -0.2760154 0.1593582 -0.9478504
vn 0.2759562 -0.1593472 -0.9478696
vn -0.368717 0.2128508 -0.9048438
vn 0.1593248 -0.275958 -0.9478727
vn -0.2128555 0.368579 -0.9048989
vn 7.125129E-06 -0.3186247 -0.9478809
vn 1.204279E-05 0.4255488 -0.9049355
vn -0.1593397 -0.2759639 -0.9478685
vn 0.2128964 0.3686336 -0.9048671
vn -0.2759727 -0.1593598 -0.9478626
vn 0.3687349 0.2128708 -0.9048318
vn -0.3186867 1.633093E-06 -0.9478601
vn 0.4257385 -2.419708E-06 -0.9048463
vn 0.7875723 -0.4546917 -0.4159149
vn 0.9094259 3.888722E-07 -0.4158661
vn 0.4546998 -0.7875525 -0.4159434
vn 5.743512E-06 -0.9093825 -0.415961
vn -0.4547087 -0.7875547 -0.4159296
vn -0.787575 -0.4547016 -0.4158991
vn -0.9094162 -1.445811E-07 -0.4158873
vn -0.7875823 0.454716 -0.4158695
vn -0.4546951 0.7876149 -0.4158305
vn 0.4646856 0.8047993 -0.3692766
vn 0.8048418 0.464664 -0.3692115
vn 0.4546905 0.7875956 -0.4158722
vn 4.282546E-06 0.9094529 0.415807
vn -3.928561E-06 0.9094447 -0.4158248
vn 0.4547156 0.7876143 0.4158093
vn -0.454726 0.7875879 0.415848
vn -0.4546951 0.7876149 -0.4158305
vn -0.7876137 0.4546935 0.4158346
vn -0.7875823 0.454716 -0.4158695
vn -3.341615E-06 0.3187391 -0.9478425
vn 0.1593551 0.2760063 -0.9478536
vn -0.1593778 0.2760355 -0.9478413
vn -0.8048347 -0.4646543 -0.3692394
vn -0.4646766 -0.8047874 0.3693141
vn -0.8048423 -0.4646495 0.3692285
vn -0.4646745 -0.8048126 -0.3692618
vn 1.617552E-05 -0.929302 0.3693205
vn 8.661073E-06 -0.9293242 -0.3692648
vn 0.4646991 -0.8048218 0.3692108
vn 0.4646829 -0.8048252 -0.3692238
vn 0.8048593 -0.4646624 0.3691751
vn 0.8048418 -0.4646548 -0.3692228
vn 8.533824E-06 -0.425689 0.9048695
vn -0.2128683 -0.368662 0.904862
vn 0.2129125 -0.3686894 0.9048405
vn 0.4646856 0.8047993 -0.3692766
vn 6.254406E-06 0.9292915 0.369347
vn 0.4646896 0.8048179 0.3692315
vn 8.39196E-06 0.9292732 -0.3693932
vn -0.4646865 0.8047786 0.3693207
vn -0.4646823 0.8047751 -0.3693339
vn -0.8048428 0.4646411 0.3692381
vn -0.804835 0.4646547 -0.3692379
vn 1.204279E-05 0.4255488 -0.9049355
vn -0.2128555 0.368579 -0.9048989
vn 0.2128964 0.3686336 -0.9048671
vn 0.8048418 -0.4646548 -0.3692228
vn 0.929351 -2.024636E-06 0.3691975
vn 0.8048593 -0.4646624 0.3691751
vn 0.9293344 -2.030314E-06 -0.3692392
vn 0.8048561 0.4646744 0.3691671
vn 0.8048418 0.464664 -0.3692115
vn 0.4646896 0.8048179 0.3692315
vn 0.4646856 0.8047993 -0.3692766
vn 0.3687857 0.2128992 0.9048044
vn 0.4257884 -2.414495E-06 0.9048228
vn 0.4257385 -2.419708E-06 -0.9048463
vn 0.3687349 0.2128708 -0.9048318
vn -0.9293323 8.717441E-07 -0.3692444
vn -0.8048423 -0.4646495 0.3692285
vn -0.9293399 -6.861353E-06 0.3692251
vn -0.8048347 -0.4646543 -0.3692394
vn -0.804835 0.4646547 -0.3692379
vn -0.8048428 0.4646411 0.3692381
vn 0.787582 0.4547147 -0.4158714
vn 0.4547156 0.7876143 0.4158093
vn 0.4546905 0.7875956 -0.4158722
vn 0.7876053 0.454725 0.4158161
vn 0.9094259 3.888722E-07 -0.4158661
vn 0.9094498 -1.096805E-06 0.4158139
vn 0.7875723 -0.4546917 -0.4159149
vn 0.7875941 -0.4547063 0.4158577
vn 0.318728 1.66781E-05 0.9478462
vn 0.2760339 0.1593465 0.947847
vn 0.2760033 0.1593555 -0.9478544
vn 0.3187066 2.055195E-06 -0.9478534
vn -0.787575 -0.4547016 -0.4158991
vn -0.4547202 -0.7875785 0.4158721
vn -0.4547087 -0.7875547 -0.4159296
vn -0.787591 -0.4547168 0.4158521
vn 8.475541E-06 -0.9094092 0.4159026
vn 5.743512E-06 -0.9093825 -0.415961
vn 0.4547127 -0.7875758 0.4158855
vn 0.4546998 -0.7875525 -0.4159434
vn 0.7875941 -0.4547063 0.4158577
vn 0.7875723 -0.4546917 -0.4159149
vn 9.285871E-06 -0.318671 0.9478654
vn 0.1593213 -0.2759799 0.9478669
vn -0.1593449 -0.2760051 0.9478557
vn -0.7875823 0.454716 -0.4158695
vn -0.9094381 4.337387E-07 0.4158395
vn -0.9094162 -1.445811E-07 -0.4158873
vn -0.7876137 0.4546935 0.4158346
vn -0.787591 -0.4547168 0.4158521
vn -0.787575 -0.4547016 -0.4158991
vn 0.787582 0.4547147 -0.4158714
vn 0.4546905 0.7875956 -0.4158722
vn 0.8048593 -0.4646624 0.3691751
vn 0.929351 -2.024636E-06 0.3691975
vn 0.4646991 -0.8048218 0.3692108
vn 8.661073E-06 -0.9293242 -0.3692648
vn -0.4646745 -0.8048126 -0.3692618
vn -0.8048347 -0.4646543 -0.3692394
vn -0.9293323 8.717441E-07 -0.3692444
vn -0.804835 0.4646547 -0.3692379
vn -0.4646823 0.8047751 -0.3693339
vn 0.4646829 -0.8048252 -0.3692238
vn 0.8048418 -0.4646548 -0.3692228
vn 0.9293344 -2.030314E-06 -0.3692392
vn -0.2707685 -0.003714418 0.9626373
vn -0.3857991 0.5118023 0.7676051
vn -0.04516732 0.2673976 0.9625272
vn -0.5707029 0.2902505 0.7681491
vn 0.2345868 0.5934722 0.7699088
vn -0.1636229 0.776068 0.6090532
vn -0.791572 0.02349797 0.6106239
vn -0.5409076 -0.3385415 0.7699406
vn -0.9089188 -0.4071254 -0.09008587
vn -0.9224143 -0.223695 -0.3148215
vn -0.8671286 -0.342537 -0.3616027
vn -0.9453672 -0.3162289 -0.07924712
vn -0.7441862 -0.6618716 -0.0900707
vn -0.7441866 -0.6618714 0.09006976
vn -0.9453669 -0.3162292 0.07924975
vn -0.7125172 -0.5922021 -0.3763189
vn -0.7915689 0.02349933 -0.610628
vn -0.5409006 -0.3385452 -0.769944
vn -0.7125227 -0.592198 0.3763148
vn -0.9224133 -0.2236949 0.3148243
vn -0.5409076 -0.3385415 0.7699406
vn -0.791572 0.02349797 0.6106239
vn -0.908918 -0.4071267 0.09008809
vn -0.8671281 -0.3425391 0.3616018
vn -0.7044793 -0.1148007 0.7003782
vn -0.7301506 0.501434 0.4641595
vn -0.5707029 0.2902505 0.7681491
vn -0.6212244 0.6315806 0.4638817
vn -0.3857991 0.5118023 0.7676051
vn -0.7044838 -0.114796 -0.7003745
vn -0.5707002 0.2902456 -0.7681528
vn -0.7301465 0.5014288 -0.4641716
vn -0.3858018 0.5117933 -0.7676097
vn -0.6212281 0.6315682 -0.4638936
vn -0.7663407 0.6424344 -2.561688E-06
vn -0.7663407 0.6424344 -2.561688E-06
vn -0.7663407 0.6424344 -2.561688E-06
vn -0.7663407 0.6424344 -2.561688E-06
vn -0.7663407 0.6424344 -2.561688E-06
vn -0.7663407 0.6424344 -2.561688E-06
vn -0.7663407 0.6424344 -2.561688E-06
vn -0.7663407 0.6424344 -2.561688E-06
vn -0.7663407 0.6424344 -2.561688E-06
vn -0.7663407 0.6424344 -2.561688E-06
vn -0.7663407 0.6424344 -2.561688E-06
vn -0.7663407 0.6424344 -2.561688E-06
vn -0.7663407 0.6424344 -2.561688E-06
vn -0.7663407 0.6424344 -2.561688E-06
vn -0.7663407 0.6424344 -2.561688E-06
vn -0.7663407 0.6424344 -2.561688E-06
vn -0.5707002 0.2902456 -0.7681528
vn -0.04517128 0.2673966 -0.9625272
vn -0.3858018 0.5117933 -0.7676097
vn -0.2707722 -0.003715513 -0.9626363
vn -0.1636251 0.7760633 -0.6090589
vn 0.2345869 0.5934719 -0.769909
vn -0.5409006 -0.3385452 -0.769944
vn -0.7915689 0.02349933 -0.610628
vn 0.4527844 0.8083836 -0.3761678
vn 0.1413344 0.9868074 -0.07896703
vn 0.05484818 0.947928 -0.3137264
vn 0.5155011 0.8521534 -0.08996271
vn 0.2345869 0.5934719 -0.769909
vn -0.1636251 0.7760633 -0.6090589
vn 0.1413348 0.9868072 0.07896884
vn 0.5155011 0.8521535 0.08996164
vn 0.05485035 0.9479277 0.3137271
vn 0.4527842 0.8083838 0.3761677
vn -0.1636229 0.776068 0.6090532
vn 0.2345868 0.5934722 0.7699088
vn 0.2373193 0.9672656 -0.08987067
vn 0.2373188 0.9672656 0.0898723
vn 0.1816736 0.9147369 0.3609031
vn -0.01257419 0.7143528 -0.6996728
vn 0.1816766 0.9147336 -0.36091
vn 0.6042269 0.2524949 -0.7557487
vn 0.7722629 0.5034615 -0.3874744
vn 0.8122303 0.5754121 -0.09582762
vn -0.01257064 0.714357 0.6996686
vn -0.3857991 0.5118023 0.7676051
vn -0.6212244 0.6315806 0.4638817
vn -0.6212281 0.6315682 -0.4638936
vn -0.3858018 0.5117933 -0.7676097
vn 0.987582 -0.1495781 0.04804495
vn 0.9663631 -0.1658823 -0.196533
vn 0.9875822 -0.1495774 -0.04804302
vn 0.9663621 -0.1658824 0.1965381
vn 0.8699155 -0.2995 -0.3918504
vn 0.8699148 -0.2995059 0.3918476
vn 0.7344268 -0.4983924 -0.460676
vn 0.7344244 -0.4983931 0.4606791
vn 0.619399 -0.6359469 -0.4603437
vn 0.6193956 -0.6359485 0.4603462
vn 0.4483826 -0.8037759 -0.3910208
vn 0.4483849 -0.8037766 0.3910169
vn 0.3345474 -0.9217919 -0.195902
vn 0.3345433 -0.921792 0.1959087
vn 0.3224053 -0.9453918 -0.04784498
vn 0.322402 -0.9453928 0.04784774
vn 0.7722607 0.5034663 0.3874727
vn 0.6042241 0.2524929 0.7557517
vn -0.01257064 0.714357 0.6996686
vn 0.1816736 0.9147369 0.3609031
vn 0.8122298 0.5754124 0.09582879
vn 0.8122303 0.5754121 -0.09582762
vn 0.2373188 0.9672656 0.0898723
vn 0.2373193 0.9672656 -0.08987067
vn 0.7722629 0.5034615 -0.3874744
vn 0.6042269 0.2524949 -0.7557487
vn -0.3557519 -0.8507378 -0.3868924
vn 0.3224053 -0.9453918 -0.04784498
vn -0.4189222 -0.9029689 -0.09566342
vn 0.3345474 -0.9217919 -0.195902
vn -0.1399566 -0.6405413 -0.7550623
vn 0.4483826 -0.8037759 -0.3910208
vn -0.8671286 -0.342537 -0.3616027
vn -0.9089188 -0.4071254 -0.09008587
vn -0.418925 -0.9029675 0.09566482
vn -0.908918 -0.4071267 0.09008809
vn -0.3557541 -0.8507376 0.3868908
vn -0.8671281 -0.3425391 0.3616018
vn -0.139954 -0.6405399 0.755064
vn -0.7044793 -0.1148007 0.7003782
vn 0.4483849 -0.8037766 0.3910169
vn 0.3345433 -0.921792 0.1959087
vn 0.322402 -0.9453928 0.04784774
vn 0.6042269 0.2524949 -0.7557487
vn 0.7344268 -0.4983924 -0.460676
vn 0.3592042 -0.07204911 -0.9304736
vn 0.8699155 -0.2995 -0.3918504
vn -0.01257419 0.7143528 -0.6996728
vn 0.120456 0.1448096 -0.9821001
vn 0.1346269 -0.3415268 -0.9301801
vn -0.1210283 -0.1454917 -0.9819289
vn -0.1399566 -0.6405413 -0.7550623
vn -0.7044838 -0.114796 -0.7003745
vn -0.3557519 -0.8507378 -0.3868924
vn -0.8671286 -0.342537 -0.3616027
vn 0.4483826 -0.8037759 -0.3910208
vn 0.619399 -0.6359469 -0.4603437
vn 0.3592078 -0.07205739 0.9304716
vn 0.8699148 -0.2995059 0.3918476
vn 0.6042241 0.2524929 0.7557517
vn 0.7344244 -0.4983931 0.4606791
vn 0.1346374 -0.3415233 0.9301799
vn 0.6193956 -0.6359485 0.4603462
vn -0.1210075 -0.1454803 0.9819331
vn -0.7044793 -0.1148007 0.7003782
vn -0.139954 -0.6405399 0.755064
vn 0.1204633 0.1447998 0.9821005
vn -0.01257064 0.714357 0.6996686
vn 0.4483849 -0.8037766 0.3910169
vn 0 0 1
vn 0 0 1
vn 0 0 1
vn 0 0 1
vn 0 0 1
vn 0 0 1
vn 0 0 1
vn 0 0 1
vn 0 0 1
vn 0 0 1
vn 0 0 1
vn 0 0 1
vn 0 0 1
vn 0 0 1
vn 0 0 1
vn 0 0 1
vn 0 0 1
vn 0 0 1
vn 0 0 1
vn 0 0 1
vn 0 0 1
vn 0 0 1
vn 0 0 1
vn 0 0 1
vn -0.7071112 -0.7071023 0
vn 1.807168E-06 -1 0
vn 1.807168E-06 -1 0
vn -0.7071112 -0.7071023 0
vn 0.7071118 -0.7071017 0
vn 0.7071118 -0.7071017 0
vn 0.7071118 -0.7071017 0
vn 1 0 0
vn 1 0 0
vn 0.7071118 -0.7071017 0
vn 0.7071038 0.7071097 0
vn 0.7071038 0.7071097 0
vn -0.7071031 0.7071104 0
vn -1 0 0
vn -1 0 0
vn -0.7071031 0.7071104 0
vn -0.7071112 -0.7071023 0
vn -0.7071112 -0.7071023 0
vn -0.3261725 0.94526 -0.009748755
vn -0.3103943 0.9417192 -0.1296929
vn -0.3098628 0.9409869 -0.1361208
vn -0.3294339 0.9441534 0.006896152
vn -0.302017 0.9144827 -0.2692713
vn -0.3016336 0.9114352 -0.2798269
vn -0.3028327 0.8652308 -0.3995847
vn -0.3036729 0.8593137 -0.4115371
vn -0.2985567 0.7958995 -0.5266953
vn -0.2971602 0.7901471 -0.5360627
vn -0.2739763 0.7783609 -0.5648817
vn -0.274241 0.7778207 -0.5654969
vn -0.3766023 0.9068592 0.1891488
vn -0.3904549 0.887826 0.2435364
vn -0.4469521 0.6950876 0.5631047
vn -0.448677 0.6770127 0.583389
vn -0.2596511 0.8397835 -0.4768071
vn -0.2595679 0.8416446 -0.4735599
vn -0.2665622 0.8892848 -0.371641
vn -0.2673979 0.8907437 -0.3675242
vn -0.3103742 0.8326381 -0.458674
vn -0.3156151 0.8179407 -0.4809991
vn -0.3449499 0.5013298 -0.7935226
vn -0.3454994 0.5146002 -0.78474
vn -0.4289213 0.3546626 0.8308074
vn -0.3932312 0.1316162 0.9099705
vn -0.4326258 0.3757548 0.8195385
vn -0.3924026 0.1240421 0.9113911
vn -0.4469521 0.6950876 0.5631047
vn -0.448677 0.6770127 0.583389
vn -0.369155 -0.1032007 0.9236201
vn -0.3658493 -0.1321345 0.9212463
vn -0.3435959 -0.35381 0.8699198
vn -0.3416445 -0.3865838 0.85664
vn -0.3464039 -0.512834 0.7854971
vn -0.3614649 -0.532384 0.7654479
vn -0.3855099 -0.5849363 0.7136047
vn -0.4071315 -0.6813112 0.6083246
vn -0.4071362 -0.6813727 0.6082528
vn -1 -1.473275E-05 0
vn -1 -1.547418E-06 0
vn -1 -1.892342E-06 0
vn -1 -2.374219E-06 0
vn -1 1.161318E-06 0
vn -1 -1.53537E-05 0
vn -1 1.545117E-05 0
vn -1 -3.91677E-07 0
vn -1 -8.987328E-07 0
vn -1 -6.959315E-07 0
vn -1 -2.012791E-07 0
vn -1 -1.176232E-06 0
vn -1 0 0
vn -1 0 0
vn -1 1.478548E-06 0
vn -1 1.483579E-05 0
vn -1 -4.132231E-05 0
vn -1 0 0
vn -1 0 0
vn -1 1.029832E-06 0
vn -1 6.108461E-07 0
vn -1 1.204443E-06 0
vn -1 1.070939E-05 0
vn -1 7.075079E-06 0
vn -1 3.124173E-06 0
vn -1 3.06035E-05 0
vn 1 5.163054E-07 0
vn 1 1.953665E-07 0
vn 1 -1.306074E-06 0
vn 1 9.161851E-06 0
vn 1 0 0
vn 1 -7.329018E-06 0
vn 1 0 0
vn 1 -5.840041E-07 0
vn 1 0 0
vn 1 0 0
vn 1 6.62249E-07 0
vn 1 4.805628E-07 0
vn 1 3.285897E-07 0
vn 1 0 0
vn 1 6.502634E-07 0
vn 1 0 0
vn 1 0 0
vn 1 6.653486E-07 0
vn 1 1.063653E-06 0
vn 1 1.06052E-06 0
vn 1 1.617542E-06 0
vn 1 -3.058482E-07 0
vn 1 4.114094E-06 0
vn 1 -3.212318E-06 0
vn 1 0 0
vn 1 0 0
vn 1 0 0
vn -0.3622967 -0.9261041 0.1052253
vn -0.3410507 -0.9330849 0.1141798
vn -0.3686826 -0.9194658 0.1365862
vn -0.3408227 -0.9324728 0.1197264
vn -0.3479921 -0.9354614 0.06175236
vn -0.3494627 -0.9363602 0.03324794
vn -0.3531896 -0.824818 -0.4415116
vn -0.3542721 -0.8335084 -0.4239753
vn -0.4012438 -0.8425842 0.3592427
vn -0.403457 -0.8305183 0.3840074
vn -0.4071362 -0.6813727 0.6082528
vn -0.4071315 -0.6813112 0.6083246
vn -0.3531896 -0.824818 -0.4415116
vn -0.2878808 -0.5226193 -0.8024921
vn -0.3542721 -0.8335084 -0.4239753
vn -0.277323 -0.4827967 -0.8306619
vn -0.2487454 -0.2090711 -0.9457351
vn -0.2484272 -0.2159423 -0.9442738
vn -0.2865651 0.07073074 -0.9554462
vn -0.2955718 0.1129575 -0.9486189
vn -0.3449499 0.5013298 -0.7935226
vn -0.3454994 0.5146002 -0.78474
vn 0.3956504 -0.9184011 0
vn -0.3677582 -0.9299215 0
vn -0.3956499 -0.9184014 0
vn 0.3677587 -0.9299212 0
vn -0.8362049 -0.548417 0.0004176546
vn -0.9361212 -0.3516768 0.0007864861
vn -0.8358177 -0.549 -0.00280118
vn -0.9006504 -0.434523 -0.004303155
vn 0.9036714 -0.4282267 0
vn 0.9410999 -0.3381284 0
vn 0 0 1
vn 0 0 1
vn 0 0 1
vn 0 0 1
vn 0 0 1
vn 0 0 1
vn 0 0 1
vn 0 0 1
vn 0 0 1
vn 0 0 1
vn 0 0 1
vn 0 0 1
vn 0.9036714 -0.4282267 0
vn 0.9977255 -0.06740703 0
vn 0.9977255 -0.06740703 0
vn 0.9410999 -0.3381284 0
vn 0 -0.1184283 -0.9929627
vn 0 -0.2690581 -0.9631239
vn 0 -0.1184283 -0.9929627
vn 0 -0.2690583 -0.9631239
vn 0 0 -1
vn 0 0 -1
vn 0 -0.4823607 -0.8759727
vn 0 -0.4823607 -0.8759727
vn 0 -0.4951726 -0.8687947
vn 0 -0.4951726 -0.8687947
vn 0 -0.4951726 -0.8687947
vn 0 -0.4951726 -0.8687947
vn -0.9996593 0.0260998 0
vn -0.9742591 0.2254311 0
vn -0.9709767 0.2391741 0
vn -0.9996593 0.0260998 0
vn -0.9996593 0.0260998 0
vn -0.9996593 0.0260998 0
vn -0.9996593 0.0260998 0
vn -0.9996593 0.0260998 0
vn -0.9095201 0.4156598 0
vn -0.9095201 0.4156598 0
vn 0.9996594 0.02609538 0
vn 0.9709767 0.2391744 0
vn 0.9742591 0.225431 0
vn 0.9996594 0.02609538 0
vn 0.9095184 0.4156638 0
vn 0.9095184 0.4156638 0
vn 0 1 0
vn 0 1 0
vn 0 1 0
vn 0 1 0
vn -0.8362049 -0.548417 0.0004176546
vn -0.9958574 -0.0909216 0.001181049
vn -0.9361212 -0.3516768 0.0007864861
vn -0.9958574 -0.0909216 0.001181049
vn 0 -1 0
vn 0 -1 0
vn 0 -1 0
vn 0 -1 0
vn 0 1 0
vn 0 1 0
vn 0 1 0
vn 0 1 0
vn 0 0 -1
vn 0 0 -1
vn 0 0 -1
vn 0 0 -1
vn 0 0 -1
vn 0 0 -1
vn -0.9905866 0.1368875 0
vn -0.9905865 0.1368883 0
vn -0.9905866 0.1368875 0
vn -0.9905865 0.1368883 0
vn -0.9905863 0.136889 0
vn -0.9905863 0.136889 0
vn 0.9905863 0.136889 0
vn 0.9905865 0.1368883 0
vn 0.9905863 0.136889 0
vn 0.9905865 0.1368883 0
vn 0.9905866 0.1368876 0
vn 0.9905866 0.1368876 0
vn 0 -0.04388841 0.9990364
vn 0 0.0681932 0.9976721
vn 0 -0.04388841 0.9990364
vn 0 0.0681932 0.9976721
vn 0 0.1616987 0.9868401
vn 0 0.1616987 0.9868401
vn 5.603642E-06 0 -1
vn 0 0 -1
vn 2.716285E-05 0 -1
vn -8.966331E-06 0 -1
vn 7.034723E-05 0 -1
vn 0 0 -1
vn 0 0 -1
vn -4.346291E-05 0 -1
vn -0.0001125619 0 -1
vn 0 0 1
vn 0 0 1
vn 0 0 1
vn 0 0 1
vn 0 0 1
vn 0 0 1
vn 0 0 1
vn 0 0 1
vn 0 0 1
vn 0 -1 0
vn 0 -1 0
vn 0 -1 0
vn 0 -1 0
vn 0.5053874 0.8628925 0
vn 0.3360513 0.9418437 0
vn 0.5053874 0.8628925 0
vn 0.3360513 0.9418437 0
vn 0 1 0
vn 0 1 0
vn -0.3360513 0.9418437 0
vn -0.3360513 0.9418437 0
vn -0.5053874 0.8628925 0
vn -0.5053874 0.8628925 0
vn -0.9547705 -0.2973434 0
vn -0.988628 -0.1503819 0
vn -0.988628 -0.1503819 0
vn -0.9547705 -0.2973434 0
vn -1 0 0
vn -1 0 0
vn 0.9886279 -0.1503829 0
vn 1 0 0
vn 1 0 0
vn 0.9886279 -0.1503829 0
vn 0.95477 -0.2973454 0
vn 0.95477 -0.2973454 0
vn -0.4179988 -0.9084476 0
vn -0.4179988 -0.9084476 0
vn -0.4179988 -0.9084476 0
vn -0.4179988 -0.9084476 0
vn 0.4180011 -0.9084466 0
vn 0.4180011 -0.9084466 0
vn 0.4180011 -0.9084466 0
vn 0.4180011 -0.9084466 0
vn 0.4638132 0.05436548 -0.8842634
vn 0.2900909 0.03400294 -0.9563949
vn 0.2157988 0.02529491 -0.9761102
vn 0.4638132 0.05436548 -0.8842634
vn -3.540199E-06 0 -1
vn -3.540199E-06 0 -1
vn -3.540199E-06 0 -1
vn -3.540199E-06 0 -1
vn 0 1 0
vn 0.1775142 0.9841182 0
vn 0 1 0
vn 0.1775145 0.9841181 0
vn 0.3032745 0.9529032 0
vn 0.3032745 0.9529032 0
vn -1 0 0
vn -1 0 0
vn -1 0 0
vn -1 0 0
vn 0.463804 0.05436466 0.8842682
vn 0.215798 0.02529686 0.9761103
vn 0.2900876 0.03400409 0.9563958
vn 0.463804 0.05436466 0.8842682
vn 3.540224E-06 4.253525E-06 1
vn 3.540224E-06 4.253525E-06 1
vn 3.540224E-06 4.253525E-06 1
vn 3.540224E-06 4.253525E-06 1
vn 0.1889421 -0.9819883 0
vn 0.1054174 -0.994428 0
vn 0.1054173 -0.994428 0
vn 0.1889421 -0.9819883 0
vn 0 -1 0
vn 0 -1 0
vn -0.4179988 -0.9084476 0
vn -0.4179988 -0.9084476 0
vn -0.4179988 -0.9084476 0
vn -0.4179988 -0.9084476 0
vn -0.9957902 -0.09131747 -0.007940424
vn -0.8358177 -0.549 -0.00280118
vn -0.9006504 -0.434523 -0.004303155
vn -0.9957902 -0.09131747 -0.007940424
vn -1 0 0
vn -1 0 0
vn -1 0 0
vn -1 0 0
vn -1 0 0
vn -1 6.59081E-07 0
vn -1 0 0
vn -1 6.59081E-07 0
vn -1 -6.092726E-07 0
vn -1 -5.853856E-07 0
vn -1 1.657259E-07 0
vn -1 2.268688E-07 0
vn -1 0 0
vn -1 -1.207605E-07 0
vn -1 -4.251351E-07 0
vn -1 -4.334091E-07 0
vn -1 0 0
vn -1 0 0
vn -1 0 0
vn -1 0 0
vn -1 8.063572E-07 0
vn -1 4.812103E-07 0
vn -1 1.209857E-06 0
vn -1 5.644868E-07 0
vn -1 0 0
vn -1 0 0
vn 1 0 0
vn 1 0 0
vn 1 0 0
vn 1 0 0
vn 1 4.881009E-07 0
vn 1 0 0
vn 1 0 0
vn 1 5.24142E-07 0
vn 1 0 0
vn 1 -1.406507E-07 0
vn 1 -7.095989E-07 0
vn 1 -6.323573E-07 0
vn 1 7.964349E-07 0
vn 1 9.201703E-07 0
vn 1 8.502731E-07 0
vn 1 8.66821E-07 0
vn 1 0 0
vn 1 0 0
vn 1 7.196126E-07 0
vn 1 6.410689E-07 0
vn 1 3.959857E-07 0
vn 1 0 0
vn 1 0 0
vn 1 -6.722151E-07 0
vn 1 -1.260182E-06 0
vn 1 -1.260182E-06 0
vn 0 -0.9007896 0.434256
vn 0 -0.8687381 0.4952718
vn 0 -0.9007896 0.434256
vn 0 -0.8687381 0.4952718
vn 0 -0.9379758 0.3467008
vn 0 -0.9379758 0.3467008
vn 0 -0.9982029 0.05992424
vn 0 -0.9982029 0.05992424
vn 0 -0.9775954 -0.2104933
vn 0 -0.9775954 -0.2104933
vn 0 -0.8036512 -0.5951006
vn 0 -0.8036512 -0.5951006
vn 0 1 0
vn 0 1 0
vn 0 1 0
vn 0 1 0
vn 0 0.9805655 0.1961915
vn 0 0.997532 -0.07021365
vn 0 0.9805655 0.1961915
vn 0 0.997532 -0.07021365
vn 0 0.9503813 -0.3110872
vn 0 0.9503813 -0.3110872
vn 0 0.9902785 -0.1390986
vn 0 0.9902785 -0.1390986
vn 0 0.9771787 0.2124191
vn 0 0.9771787 0.2124191
vn 0 0.8092396 0.5874787
vn 0 0.8092396 0.5874787
vn 0 0 1
vn 0 0.4500991 0.8929787
vn 0 0 1
vn 0 0.4500991 0.8929787
vn 0 -0.3948144 -0.918761
vn 0 -0.3948144 -0.918761
vn 0 -0.3948144 -0.918761
vn 0 -0.3948144 -0.918761
vn 0 0 1
vn 0 0 1
vn 0 0 1
vn 0 0 1
vn 0 0.6012132 0.7990887
vn 0 0.5086223 0.8609898
vn 0 0.6012132 0.7990887
vn 0 0.5086223 0.8609898
vn 0 0.8092396 0.5874787
vn 0 0.8092396 0.5874787
vn 0 -0.1048288 -0.9944903
vn 0 0.145595 -0.9893443
vn 0 -0.1048288 -0.9944903
vn 0 0.145595 -0.9893443
vn 0 -0.5120898 -0.8589319
vn 0 -0.5120898 -0.8589319
vn 0 -0.8036512 -0.5951006
vn 0 -0.8036512 -0.5951006
vn 0 0.1459861 -0.9892866
vn 0 0.1459861 -0.9892866
vn 0 0.1459861 -0.9892866
vn 0 0.1459861 -0.9892866
vn 0 0.1455648 -0.9893488
vn 0 0.1455648 -0.9893488
vn 0 0.1455648 -0.9893488
vn 0 0.1455648 -0.9893488
vn 0 0.4500991 0.8929787
vn 0 0.6012132 0.7990887
vn 0 0.4500991 0.8929787
vn 0 0.6012132 0.7990887
vn 0 -1 0
vn 0 -1 0
vn 0 -1 0
vn 0 -1 0
vn 0 -1 0
vn 0 -0.9992583 -0.03850742
vn 0 -1 0
vn 0 -0.9992583 -0.03850742
vn 0 -0.9970344 -0.07695771
vn 0 -0.9970344 -0.07695771
vn 0 0.2000947 -0.9797766
vn 0 0.2000947 -0.9797766
vn 0 0.2000947 -0.9797766
vn 0 0.2000947 -0.9797766
vn 0.4999753 -0.8660396 0
vn -3.535542E-07 -1 0
vn 0.4999753 -0.8660396 0
vn -3.535542E-07 -1 0
vn -0.4999756 -0.8660395 0
vn -0.4999756 -0.8660395 0
vn 0.8660205 -0.5000085 0
vn 0.4999753 -0.8660396 0
vn 0.8660205 -0.5000085 0
vn 0.4999753 -0.8660396 0
vn 1 6.118485E-06 0
vn 1 6.118485E-06 0
vn 0.8660301 0.499992 0
vn 0.8660301 0.499992 0
vn 0.4999971 0.8660271 0
vn 0.8660301 0.499992 0
vn 0.4999971 0.8660271 0
vn 0.8660301 0.499992 0
vn -3.535542E-07 1 0
vn -3.535542E-07 1 0
vn -0.4999974 0.8660269 0
vn -0.4999974 0.8660269 0
vn -0.8660301 0.499992 0
vn -0.8660301 0.499992 0
vn -1 6.118485E-06 0
vn -0.8660301 0.499992 0
vn -1 6.118485E-06 0
vn -0.8660301 0.499992 0
vn -0.8660205 -0.5000085 0
vn -0.8660205 -0.5000085 0
vn -0.4999756 -0.8660395 0
vn -0.4999756 -0.8660395 0
vn -8.223299E-07 0 1
vn -8.223299E-07 0 1
vn -8.223299E-07 0 1
vn -8.223299E-07 0 1
vn -8.223299E-07 0 1
vn -8.223299E-07 0 1
vn -8.223299E-07 0 1
vn -8.223299E-07 0 1
vn -8.223299E-07 0 1
vn -8.223299E-07 0 1
vn -8.223299E-07 0 1
vn -8.223299E-07 0 1
vn 4.111649E-07 0 -1
vn 4.111649E-07 0 -1
vn 4.111649E-07 0 -1
vn 4.111649E-07 0 -1
vn 4.111649E-07 0 -1
vn 4.111649E-07 0 -1
vn 4.111649E-07 0 -1
vn 4.111649E-07 0 -1
vn 4.111649E-07 0 -1
vn 4.111649E-07 0 -1
vn 4.111649E-07 0 -1
vn 4.111649E-07 0 -1
vn 0.5012573 -0.8652983 -0.0002761684
vn -9.378174E-06 -1 -0.0003115973
vn 0.4986187 -0.8668213 -0.0002765691
vn -9.350375E-06 -1 -0.0003115973
vn -0.498622 -0.8668196 -0.0002765677
vn -0.5012629 -0.8652951 -0.0002761668
vn 0.8673133 -0.4977626 -0.0001643391
vn 0.4986187 -0.8668213 -0.0002765691
vn 0.8646767 -0.5023288 -0.0001658354
vn 0.5012573 -0.8652983 -0.0002761684
vn 0.9999954 0.003043858 -8.644109E-07
vn 0.9999954 -0.003048769 -2.846597E-06
vn 0.8646744 0.5023326 0.0001640004
vn 0.8673118 0.4977652 0.0001624671
vn 0.4986312 0.8668142 0.0002802963
vn 0.8673118 0.4977652 0.0001624671
vn 0.5012695 0.8652911 0.0002798535
vn 0.8646744 0.5023326 0.0001640004
vn 2.521815E-06 1 0.0003190139
vn 2.526092E-06 1 0.0003190138
vn -0.4986325 0.8668135 0.0002802945
vn -0.5012709 0.8652904 0.0002798519
vn -0.8646742 0.502333 0.0001649192
vn -0.8673115 0.4977657 0.0001634041
vn -0.9999954 0.003043994 9.90605E-07
vn -0.8673115 0.4977657 0.0001634041
vn -0.9999954 -0.003048855 -9.915865E-07
vn -0.8646742 0.502333 0.0001649192
vn -0.8673089 -0.4977702 -0.0001634059
vn -0.8646722 -0.5023364 -0.0001649206
vn -0.5012629 -0.8652951 -0.0002761668
vn -0.498622 -0.8668196 -0.0002765677
vn 0 -0.01881201 0.999823
vn 0 -0.01881201 0.999823
vn 0 -0.01881201 0.999823
vn 0 -0.01881201 0.999823
vn 0 -0.01881201 0.999823
vn 0 -0.01881201 0.999823
vn 0 -0.01881201 0.999823
vn 0 -0.01881201 0.999823
vn 0 -0.01881201 0.999823
vn 0 -0.01881201 0.999823
vn 0 -0.01881201 0.999823
vn 0 -0.01881201 0.999823
vn -9.295691E-07 0.01880847 -0.9998232
vn -9.295691E-07 0.01880847 -0.9998232
vn -9.295691E-07 0.01880847 -0.9998232
vn -9.295691E-07 0.01880847 -0.9998232
vn -9.295691E-07 0.01880847 -0.9998232
vn -9.295691E-07 0.01880847 -0.9998232
vn -9.295691E-07 0.01880847 -0.9998232
vn -9.295691E-07 0.01880847 -0.9998232
vn -9.295691E-07 0.01880847 -0.9998232
vn -9.295691E-07 0.01880847 -0.9998232
vn -9.295691E-07 0.01880847 -0.9998232
vn -9.295691E-07 0.01880847 -0.9998232
vn -1 0 0
vn -1 2.846596E-07 0
vn -1 3.226213E-07 0
vn -1 4.735281E-07 0
vn -1 4.735281E-07 0
vn 0.01445283 -0.2206254 -0.9752515
vn -0.07884513 -0.2075762 -0.9750362
vn 0.07884516 -0.2075757 -0.9750363
vn -0.01445283 -0.2206255 -0.9752515
vn 0.01417317 -0.1809387 -0.9833922
vn 0 -0.1786089 -0.9839202
vn -0.01417317 -0.1809388 -0.9833922
vn 0 -0.1786089 -0.9839202
vn 1 -1.3661E-07 0
vn 1 0 0
vn 1 -1.709753E-07 0
vn 1 0 0
vn 1 -4.286665E-07 0
vn -1 0 0
vn -1 0 0
vn -1 0 0
vn -1 -1.128046E-07 0
vn -1 -1.975716E-07 0
vn -1 -1.975716E-07 0
vn -1.004009E-06 -0.9998527 -0.01716736
vn -6.959004E-06 -0.9662412 0.2576387
vn -9.512886E-06 -0.9662409 0.25764
vn 0 -0.9998527 -0.01716606
vn 5.219264E-06 -0.9662412 0.2576389
vn 7.134682E-06 -0.9662409 0.2576404
vn 7.530085E-07 -0.9998527 -0.01716798
vn 0 -0.9998527 -0.01716672
vn 0 -0.9568194 -0.2906829
vn 0 -0.9568194 -0.2906829
vn 0 -0.9568198 -0.2906817
vn 0 -0.9568198 -0.2906817
vn 1 0 0
vn 1 0 0
vn 1 0 0
vn 1 0 0
vn 1 0 0
vn 1 0 0
vn 0 -0.2315331 -0.9728271
vn 0 -0.2315331 -0.9728271
vn 0 -0.2315387 -0.9728257
vn 0 -0.2315331 -0.9728271
vn 0 -0.2315331 -0.9728271
vn 0 -0.2315357 -0.9728264
vn 0 -0.2315331 -0.9728271
vn 0 -0.2315331 -0.9728271
vn 0 -0.2315331 -0.9728271
vn 0 -0.2315357 -0.9728264
vn 0 -0.2315388 -0.9728257
vn 0 -0.2315433 -0.9728246
vn 0 -0.2315433 -0.9728246
vn 0 -0.2315433 -0.9728246
vn 0 -0.2315433 -0.9728246
vn 0 -0.2315433 -0.9728246
vn 0 0.2847947 0.9585885
vn 0 0.2847979 0.9585876
vn 0 0.2847982 0.9585875
vn 0 0.2847947 0.9585885
vn 0 0.2847947 0.9585885
vn 0 0.2847978 0.9585876
vn 0 0.2847947 0.9585885
vn 0 0.2847947 0.9585885
vn 0 0.2847982 0.9585875
vn 0 0.2847999 0.958587
vn 0 0.2847999 0.958587
vn 0 0.2847999 0.958587
vn 0 0.2847999 0.958587
vn 0 0.2847999 0.958587
vn 0 0.2847999 0.958587
vn 0 0.2847999 0.958587
vn 0 1 0
vn 0 1 0
vn 0 1 0
vn 0 1 0
vn 0 1 0
vn 0 1 0
vn 0 -1 0
vn 0 -1 0
vn 0 -1 0
vn 0 -1 0
vn -0.2588183 -0.9659261 0
vn 0 -1 0
vn 0 -1 0
vn -0.2588183 -0.9659261 0
vn 0.2588183 -0.9659261 0
vn 0.2588183 -0.9659261 0
vn -3.371817E-06 0 1
vn -3.142068E-06 0 1
vn -1.912389E-06 0 1
vn -6.743634E-06 0 1
vn 0 0 1
vn 0 0 1
vn 0 0 1
vn 0 0 1
vn 0 0 1
vn -0.9948468 0.1013894 0
vn -0.992926 -0.1187354 0
vn -0.992926 -0.1187354 0
vn -0.9948468 0.1013894 0
vn -0.9428893 -0.3331063 0
vn -0.9428893 -0.3331063 0
vn 0 0 -1
vn 0 0 -1
vn 0 0 -1
vn 0 0 -1
vn 0 0 -1
vn 0 0 -1
vn 0 0 -1
vn 0 0 -1
vn 0 0 -1
vn 0.9929258 -0.1187373 0
vn 0.9428893 -0.3331063 0
vn 0.9428893 -0.3331063 0
vn 0.9929258 -0.1187373 0
vn 0.9948473 0.1013855 0
vn 0.9948473 0.1013855 0
vn 0 1 0
vn 0 1 0
vn 0 1 0
vn 0 1 0
vn 0 1 0
vn 0 1 0
vn -0.4914442 -0.8510826 -0.1847729
vn 5.556207E-06 -0.9828063 0.1846402
vn -0.4914538 -0.8511064 0.1846374
vn 2.593369E-05 -0.9827801 -0.1847791
vn 0.4914403 -0.8511144 0.1846367
vn 0.4914497 -0.8510798 -0.184771
vn 0.4638125 -0.8032119 -0.373803
vn 5.366722E-05 -0.9274958 -0.3738337
vn -0.4638434 -0.8033186 0.3735351
vn 1.243919E-05 -0.9276078 0.3735553
vn 0.4638222 -0.8033316 0.3735335
vn -0.8033433 -0.463772 0.3735707
vn -0.8511169 -0.4914311 0.1846496
vn -0.4637946 -0.8032196 -0.3738089
vn -0.851108 -0.4914 -0.1847734
vn -0.4914538 -0.8511064 0.1846374
vn -0.8511169 -0.4914311 0.1846496
vn -0.4914442 -0.8510826 -0.1847729
vn -0.9827657 2.194143E-05 -0.1848557
vn -0.9827933 3.666156E-06 0.1847083
vn -0.851069 0.4914043 -0.1849415
vn -0.8511258 0.4913716 0.1847667
vn -0.9274405 4.330935E-05 -0.3739707
vn -0.8030694 0.4637866 -0.3741411
vn -0.4913166 0.851121 -0.1849353
vn -0.4636281 0.8031656 -0.374131
vn -0.8032793 -0.4636825 -0.3738194
vn -0.8032493 0.463758 0.3737901
vn -0.9275593 6.343886E-06 0.3736759
vn -0.8033433 -0.463772 0.3735707
vn -0.4637946 -0.8032196 -0.3738089
vn 0.8510779 0.4914171 -0.1848667
vn 0.4913573 0.8511298 0.1847868
vn 0.8511379 0.4913863 0.1846725
vn 0.4913305 0.8511127 -0.1849362
vn -2.893898E-05 0.9827774 0.1847939
vn -8.599816E-06 0.9827515 -0.1849308
vn -0.4913624 0.8511273 0.1847847
vn -0.4913166 0.851121 -0.1849353
vn -0.8511258 0.4913716 0.1847667
vn -0.851069 0.4914043 -0.1849415
vn -0.4636281 0.8031656 -0.374131
vn -1.620392E-05 0.9273778 -0.3741263
vn -5.734151E-05 0.9274901 0.3738479
vn -0.4637517 0.803232 0.3738351
vn -0.8032493 0.463758 0.3737901
vn 0.4636622 0.8031452 -0.3741326
vn 0.8033069 0.4638055 0.3736072
vn 0.4637465 0.8032324 0.3738408
vn 0.4914497 -0.8510798 -0.184771
vn 0.8511116 -0.4914189 0.1847064
vn 0.4914403 -0.8511144 0.1846367
vn 0.8510996 -0.4913859 -0.1848497
vn 0.9828005 3.686732E-06 0.1846709
vn 0.9827656 2.193631E-05 -0.184856
vn 0.8511379 0.4913863 0.1846725
vn 0.8510779 0.4914171 -0.1848667
vn 0.8032366 -0.4636378 -0.3739667
vn 0.4638125 -0.8032119 -0.373803
vn 0.4638222 -0.8033316 0.3735335
vn 0.8033137 -0.463735 0.3736804
vn 0.9274405 4.330028E-05 -0.3739707
vn 0.9275888 6.371538E-06 0.3736027
vn 0.8031139 0.4638266 -0.3739957
vn 0.8033069 0.4638055 0.3736072
vn 0.4636622 0.8031452 -0.3741326
vn 0.4913305 0.8511127 -0.1849362
vn 8.643117E-06 0 1
vn 8.643117E-06 0 1
vn 8.643117E-06 0 1
vn 8.643117E-06 0 1
vn 8.643117E-06 0 1
vn 8.643117E-06 0 1
vn 8.643117E-06 0 1
vn 8.643117E-06 0 1
vn 8.643117E-06 0 1
vn 8.643117E-06 0 1
vn 8.643117E-06 0 1
vn 8.643117E-06 0 1
vn -8.64252E-06 0 -1
vn -8.64252E-06 0 -1
vn -8.64252E-06 0 -1
vn -8.64252E-06 0 -1
vn -8.64252E-06 0 -1
vn -8.64252E-06 0 -1
vn -8.64252E-06 0 -1
vn -8.64252E-06 0 -1
vn -8.64252E-06 0 -1
vn -8.64252E-06 0 -1
vn -8.64252E-06 0 -1
vn -8.64252E-06 0 -1
vn 0.5162187 0.8564568 -5.376649E-05
vn 0.8440229 0.536307 -3.724418E-05
vn 0.4779805 0.8783704 -5.36827E-05
vn 0.8819764 0.4712936 -3.160477E-05
vn 1.257024E-06 1 -5.328103E-05
vn 1.197768E-06 1 -5.328103E-05
vn -0.5162219 0.8564548 -5.376649E-05
vn -0.4779829 0.8783692 -5.368263E-05
vn -0.8819768 0.4712929 -3.160478E-05
vn -0.8440246 0.5363044 -3.724423E-05
vn 1.073214E-06 -1 0
vn -0.5199749 -0.8541815 1.626434E-05
vn 1.123616E-06 -1 0
vn -0.4824426 -0.8759275 1.384207E-05
vn 0.4824422 -0.8759278 1.384197E-05
vn 0.5199741 -0.854182 1.626422E-05
vn -0.4824426 -0.8759275 1.384207E-05
vn -0.8855777 -0.4644914 1.686074E-05
vn -0.5199749 -0.8541815 1.626434E-05
vn -0.8484685 -0.5292459 2.002591E-05
vn -0.9988658 0.04761437 -5.244447E-06
vn -0.9992583 -0.03850535 -1.836352E-06
vn -0.8440246 0.5363044 -3.724423E-05
vn -0.8819768 0.4712929 -3.160478E-05
vn 0.9992585 -0.0385017 -1.83637E-06
vn 0.8855798 -0.4644873 1.686069E-05
vn 0.9988657 0.04761539 -5.244477E-06
vn 0.8484699 -0.5292437 2.002585E-05
vn 0.5199741 -0.854182 1.626422E-05
vn 0.4824422 -0.8759278 1.384197E-05
vn 0.8819764 0.4712936 -3.160477E-05
vn 0.8440229 0.536307 -3.724418E-05
vn -9.059397E-05 0.9999689 -0.007897757
vn -0.266262 0.9638418 -0.01065352
vn -0.2644196 0.9643569 -0.009895762
vn 2.684022E-05 0.9999689 -0.007897757
vn -0.5049388 0.8630633 -0.01259879
vn -0.5049856 0.8630358 -0.0125988
vn -0.2699407 0.9628 -0.01216779
vn 0.04858686 0.9987878 -0.007891667
vn 0.04444211 0.9989807 -0.007893237
vn -0.8822197 0.4706654 -0.01274657
vn -0.8823043 0.470507 -0.01274657
vn -0.1679916 0.9857576 -0.007791154
vn -0.1679916 0.9857576 -0.007791154
vn -0.9810514 0.1933641 -0.01218048
vn -0.8823043 0.470507 -0.01274657
vn -0.9810514 0.1933641 -0.01218048
vn -0.8822197 0.4706654 -0.01274657
vn 0.9793863 -0.2016283 0.01218631
vn 0.8805465 -0.4737889 0.01273126
vn 0.8804809 -0.4739106 0.01273127
vn 0.9793863 -0.2016283 0.01218631
vn 0.5349697 -0.8447906 0.01167367
vn 0.5348492 -0.8448669 0.01167314
vn -0.3207414 -0.9471372 0.007487447
vn -0.03240886 -0.9994435 0.007899937
vn -0.3207414 -0.9471372 0.007487447
vn -0.03231457 -0.9994466 0.00789996
vn 0.3103262 -0.9505816 0.00959561
vn 0.2974542 -0.9546927 0.009104948
vn 0.5348492 -0.8448669 0.01167314
vn 0.5349697 -0.8447906 0.01167367
vn 0.3357352 -0.9418972 0.01056536
vn -0.01031359 0.01955064 0.9997557
vn -0.02313349 0.01205447 0.9996597
vn -0.02280803 0.01355198 0.999648
vn -0.01792545 0.0206389 0.9996263
vn -0.02470824 0.004804688 0.9996831
vn -0.02470824 0.004804688 0.9996831
vn -0.00623503 0.0189671 0.9998007
vn -0.00623503 0.0189671 0.9998007
vn 0.01125182 -0.02522544 -0.9996184
vn 0.005986314 -0.02193891 -0.9997414
vn 0.005491298 -0.02045782 -0.9997757
vn 0.01826456 -0.02199001 -0.9995914
vn -0.001340256 -0.01884094 -0.9998216
vn -0.001475428 -0.01892585 -0.9998198
vn -0.00681014 -0.02227653 -0.9997286
vn -0.00681014 -0.02227653 -0.9997286
vn 0.02243309 -0.01346887 -0.9996576
vn 0.02275582 -0.01197058 -0.9996693
vn 0.02426965 -0.004938784 -0.9996933
vn 0.02426965 -0.004938784 -0.9996933
vn 0.3511961 0.9362914 0.00443899
vn 0.3511961 0.9362914 0.00443899
vn 0.3511961 0.9362914 0.00443899
vn 0.3511961 0.9362914 0.00443899
vn 0.001499313 0.01889095 0.9998204
vn -0.003883175 0.01549262 0.9998724
vn -0.003883175 0.01549262 0.9998724
vn 0.001362985 0.01880488 0.9998223
vn 0.006881987 0.02228867 0.9997279
vn 0.006881987 0.02228867 0.9997279
vn -0.9401991 -0.3406012 0.00405469
vn -0.9401991 -0.3406012 0.00405469
vn -0.9401991 -0.3406012 0.00405469
vn -0.9401991 -0.3406012 0.00405469
vn -2.765849E-05 0.9367604 0.3499714
vn -1.535877E-05 0.936788 0.3498973
vn -2.765876E-05 0.9367769 0.3499271
vn -1.535886E-05 0.9367495 0.3500007
vn 2.765845E-05 0.9367598 0.349973
vn 1.535882E-05 0.9367491 0.3500016
vn 2.765872E-05 0.9367763 0.3499287
vn 1.535873E-05 0.9367877 0.3498983
vn 0 0.9516001 0.307339
vn 0 0.9516001 0.307339
vn 0 0.9516001 0.307339
vn 0 0.9516001 0.307339
vn 0 -0.155163 0.9878889
vn 0 -0.155163 0.9878889
vn 0 -0.155163 0.9878889
vn 0 -0.155163 0.9878889
vn 1 -2.995422E-07 0
vn 1 -2.995422E-07 0
vn 1 -2.995422E-07 0
vn 1 -2.995422E-07 0
vn -1 0 0
vn -1 0 0
vn -1 0 0
vn -1 0 0

vt 0.120261 0.929891
vt 0.13964 0.815386
vt 0.121884 0.815467
vt 0.13964 0.929803
vt 0.625153 0.696725
vt 0.608857 0.81123
vt 0.626787 0.81123
vt 0.608857 0.696726
vt 0.627097 0.850453
vt 0.608857 0.850453
vt 0.597658 0.81123
vt 0.597658 0.850453
vt 0.681282 0.970653
vt 0.690541 0.954283
vt 0.681282 0.952424
vt 0.698972 0.962709
vt 0.701102 0.970653
vt 0.702058 0.974219
vt 0.681282 0.981845
vt 0.700014 0.981845
vt 0.547312 0.984152
vt 0.565918 0.944874
vt 0.54762 0.944957
vt 0.565918 0.984067
vt 0.991804 0.595315
vt 0.980605 0.614795
vt 0.991804 0.614795
vt 0.988236 0.594361
vt 0.980605 0.596402
vt 0.932422 0.696284
vt 0.947119 0.68801
vt 0.930823 0.68801
vt 0.940142 0.703992
vt 0.947119 0.705858
vt 0.299332 0.301073
vt 0.246798 0.31748
vt 0.294087 0.328496
vt 0.25104 0.288463
vt 0.242304 0.346581
vt 0.289732 0.358158
vt 0.237682 0.375936
vt 0.285416 0.384565
vt 0.234627 0.406178
vt 0.284574 0.41545
vt 0.233591 0.436555
vt 0.283542 0.441764
vt 0.237083 0.467393
vt 0.284627 0.47019
vt 0.238925 0.497725
vt 0.287576 0.501447
vt 0.241527 0.527802
vt 0.293063 0.531856
vt 0.250787 0.578663
vt 0.299332 0.57378
vt 0.135709 0.565211
vt 0.083175 0.548804
vt 0.087416 0.577821
vt 0.130464 0.537788
vt 0.07868 0.519703
vt 0.126109 0.508126
vt 0.074059 0.490348
vt 0.121793 0.481719
vt 0.071003 0.460106
vt 0.12095 0.450834
vt 0.069968 0.429729
vt 0.119918 0.42452
vt 0.07346 0.398891
vt 0.121004 0.396094
vt 0.075301 0.368559
vt 0.123953 0.364837
vt 0.077904 0.338482
vt 0.12944 0.334428
vt 0.087164 0.287621
vt 0.135709 0.292504
vt 0.209035 0.944996
vt 0.244939 0.899645
vt 0.209035 0.899645
vt 0.244939 0.944996
vt 0.687702 0.176198
vt 0.651798 0.206379
vt 0.687702 0.206379
vt 0.651798 0.176198
vt 0.651798 0.235645
vt 0.687702 0.235645
vt 0.651798 0.264659
vt 0.687702 0.264659
vt 0.651798 0.293594
vt 0.687702 0.293594
vt 0.687702 0.145845
vt 0.651798 0.145845
vt 0.687702 0.114948
vt 0.651798 0.114948
vt 0.687702 0.084588
vt 0.651798 0.084588
vt 0.687702 0.054468
vt 0.651798 0.054468
vt 0.687702 0.003447
vt 0.651798 0.003447
vt 0.6946 0.075983
vt 0.730504 0.045479
vt 0.6946 0.045479
vt 0.730504 0.075983
vt 0.730504 0.003447
vt 0.6946 0.003447
vt 0.6946 0.107289
vt 0.730504 0.107289
vt 0.6946 0.13573
vt 0.730504 0.13573
vt 0.6946 0.162021
vt 0.730504 0.162021
vt 0.6946 0.192885
vt 0.730504 0.192885
vt 0.6946 0.219208
vt 0.730504 0.219208
vt 0.6946 0.248786
vt 0.730504 0.248786
vt 0.6946 0.276107
vt 0.730504 0.276107
vt 0.770462 0.979507
vt 0.78178 0.955107
vt 0.770462 0.954631
vt 0.78178 0.979983
vt 0.793099 0.954631
vt 0.793099 0.979507
vt 0.980308 0.351134
vt 0.955079 0.342689
vt 0.955079 0.35097
vt 0.980309 0.342853
vt 0.980308 0.362446
vt 0.955079 0.362282
vt 0.980308 0.373756
vt 0.955079 0.373592
vt 0.980309 0.382035
vt 0.955079 0.381871
vt 0.974776 0.083101
vt 0.986095 0.058486
vt 0.974776 0.058137
vt 0.986095 0.08345
vt 0.963457 0.08345
vt 0.963457 0.058486
vt 0.983289 0.63011
vt 0.958059 0.621995
vt 0.958059 0.630274
vt 0.983289 0.621831
vt 0.983289 0.64142
vt 0.958059 0.641584
vt 0.983289 0.652731
vt 0.958059 0.652896
vt 0.983289 0.661013
vt 0.958059 0.661177
vt 0.393179 0.908087
vt 0.414188 0.902696
vt 0.40293 0.902456
vt 0.423939 0.908743
vt 0.38755 0.91808
vt 0.429569 0.918977
vt 0.387908 0.929666
vt 0.429569 0.930655
vt 0.393179 0.939992
vt 0.40293 0.94604
vt 0.423939 0.940649
vt 0.414189 0.94628
vt 0.87427 0.948371
vt 0.853262 0.942981
vt 0.863012 0.948612
vt 0.847633 0.932988
vt 0.884021 0.942324
vt 0.847991 0.921402
vt 0.88965 0.93209
vt 0.853262 0.911076
vt 0.88965 0.920412
vt 0.863012 0.905028
vt 0.884021 0.910418
vt 0.87427 0.904788
vt 0.216723 0.605522
vt 0.171358 0.591178
vt 0.175068 0.616585
vt 0.212001 0.581129
vt 0.166792 0.56207
vt 0.207593 0.551428
vt 0.162156 0.532806
vt 0.203104 0.524843
vt 0.159063 0.502776
vt 0.202273 0.493746
vt 0.158024 0.472764
vt 0.201131 0.467326
vt 0.16137 0.442075
vt 0.202176 0.438673
vt 0.163127 0.411693
vt 0.205058 0.407171
vt 0.165693 0.381815
vt 0.210532 0.376666
vt 0.174747 0.331079
vt 0.216723 0.334781
vt 0.379146 0.342271
vt 0.33378 0.356614
vt 0.374424 0.366664
vt 0.337491 0.331208
vt 0.329214 0.385723
vt 0.370016 0.396364
vt 0.324579 0.414986
vt 0.365526 0.422949
vt 0.321485 0.445017
vt 0.364695 0.454046
vt 0.320447 0.475029
vt 0.363553 0.480467
vt 0.323792 0.505717
vt 0.364599 0.50912
vt 0.32555 0.536099
vt 0.367481 0.540621
vt 0.328115 0.565977
vt 0.372955 0.571127
vt 0.33717 0.616713
vt 0.379146 0.613011
vt 0.979109 0.196924
vt 0.949935 0.157394
vt 0.950115 0.196924
vt 0.979289 0.157394
vt 0.776782 0.175374
vt 0.806105 0.205351
vt 0.806113 0.175374
vt 0.77679 0.205351
vt 0.806068 0.234535
vt 0.776827 0.234535
vt 0.806071 0.263567
vt 0.776824 0.263567
vt 0.805945 0.28891
vt 0.77695 0.28891
vt 0.776732 0.145383
vt 0.806163 0.145383
vt 0.776793 0.114644
vt 0.806102 0.114644
vt 0.776811 0.084238
vt 0.806084 0.084238
vt 0.776765 0.054322
vt 0.80613 0.054322
vt 0.77683 0.003447
vt 0.806065 0.003447
vt 0.84244 0.076014
vt 0.813125 0.045425
vt 0.81309 0.076014
vt 0.842405 0.045425
vt 0.813147 0.003447
vt 0.842383 0.003447
vt 0.842422 0.107558
vt 0.813108 0.107558
vt 0.842436 0.136224
vt 0.813094 0.136224
vt 0.842392 0.162623
vt 0.813138 0.162623
vt 0.842469 0.193702
vt 0.813061 0.193702
vt 0.842395 0.220212
vt 0.813135 0.220212
vt 0.842414 0.249839
vt 0.813116 0.249839
vt 0.842442 0.274153
vt 0.813088 0.274153
vt 0.915611 0.388054
vt 0.948181 0.391386
vt 0.944847 0.388054
vt 0.912277 0.391386
vt 0.948181 0.342689
vt 0.944847 0.34602
vt 0.912277 0.342689
vt 0.915611 0.34602
vt 0.979961 0.132514
vt 0.989533 0.100396
vt 0.979961 0.100396
vt 0.989533 0.132514
vt 0.980605 0.555464
vt 0.990177 0.587467
vt 0.990177 0.555464
vt 0.980605 0.587467
vt 0.386044 0.500763
vt 0.388571 0.468304
vt 0.386044 0.468313
vt 0.388571 0.500754
vt 0.223621 0.538791
vt 0.226039 0.529225
vt 0.223621 0.529225
vt 0.226039 0.538791
vt 0.388461 0.526796
vt 0.386044 0.536361
vt 0.388461 0.536361
vt 0.386044 0.526796
vt 0.226148 0.452487
vt 0.223621 0.484928
vt 0.226148 0.484937
vt 0.223621 0.452478
vt 0.930033 0.218907
vt 0.944918 0.256379
vt 0.944918 0.218907
vt 0.930033 0.256379
vt 0.916442 0.218907
vt 0.916442 0.256379
vt 0.93006 0.260891
vt 0.915145 0.260891
vt 0.944955 0.260891
vt 0.915145 0.214395
vt 0.93006 0.214395
vt 0.944955 0.214395
vt 0.257899 0.783325
vt 0.295492 0.767671
vt 0.258008 0.767732
vt 0.295383 0.783263
vt 0.257876 0.80013
vt 0.295361 0.800068
vt 0.257812 0.806639
vt 0.295296 0.806577
vt 0.258021 0.854479
vt 0.295505 0.854418
vt 0.299846 0.783556
vt 0.299823 0.800489
vt 0.299966 0.76636
vt 0.299758 0.807029
vt 0.299966 0.854451
vt 0.253311 0.800566
vt 0.253334 0.783633
vt 0.253454 0.766437
vt 0.253246 0.807106
vt 0.253454 0.854528
vt 0.173256 0.196311
vt 0.194806 0.003548
vt 0.178863 0.003497
vt 0.191037 0.203309
vt 0.226693 0.003648
vt 0.226693 0.206051
vt 0.158278 0.198272
vt 0.162919 0.003447
vt 0.200771 0.223374
vt 0.226693 0.224084
vt 0.204877 0.240244
vt 0.226693 0.242116
vt 0.20871 0.246452
vt 0.226605 0.248214
vt 0.20918 0.293099
vt 0.225979 0.291461
vt 0.202973 0.297223
vt 0.225893 0.297413
vt 0.19895 0.302606
vt 0.225964 0.302805
vt 0.199138 0.316302
vt 0.226144 0.316501
vt 0.203303 0.323995
vt 0.226215 0.324186
vt 0.199598 0.239881
vt 0.198474 0.297265
vt 0.203867 0.293682
vt 0.203387 0.24602
vt 0.194636 0.316349
vt 0.194448 0.302653
vt 0.198798 0.324038
vt 0.195565 0.223314
vt 0.18762 0.206937
vt 0.172978 0.201174
vt 0.158024 0.203131
vt 0.933661 0.860814
vt 0.928769 0.82347
vt 0.928769 0.86093
vt 0.933661 0.823354
vt 0.947303 0.860778
vt 0.947303 0.823318
vt 0.95543 0.860859
vt 0.95543 0.823398
vt 0.933884 0.818888
vt 0.947526 0.818852
vt 0.955655 0.818932
vt 0.928994 0.819003
vt 0.947526 0.865334
vt 0.933884 0.86537
vt 0.955655 0.865414
vt 0.928993 0.865485
vt 0.320777 0.12947
vt 0.34128 0.324242
vt 0.335696 0.131411
vt 0.3254 0.324314
vt 0.357161 0.324169
vt 0.353407 0.124387
vt 0.388922 0.324025
vt 0.388922 0.121596
vt 0.363102 0.104307
vt 0.388922 0.103561
vt 0.367192 0.087429
vt 0.388922 0.085526
vt 0.371009 0.081215
vt 0.388834 0.079428
vt 0.371477 0.034561
vt 0.38821 0.036176
vt 0.365295 0.030445
vt 0.388125 0.030223
vt 0.361289 0.025066
vt 0.388195 0.02483
vt 0.361475 0.011369
vt 0.388374 0.011133
vt 0.365624 0.003669
vt 0.388445 0.003447
vt 0.357839 0.10438
vt 0.361856 0.087805
vt 0.349925 0.12077
vt 0.335341 0.126554
vt 0.320447 0.124617
vt 0.356727 0.025032
vt 0.356913 0.011334
vt 0.361059 0.003638
vt 0.360736 0.030415
vt 0.366108 0.033991
vt 0.36563 0.08166
vt 0.597658 0.445048
vt 0.647925 0.40176
vt 0.597658 0.401761
vt 0.647924 0.445048
vt 0.597658 0.451151
vt 0.647924 0.451151
vt 0.597658 0.4692
vt 0.647924 0.4692
vt 0.597658 0.487248
vt 0.647924 0.487248
vt 0.597658 0.689832
vt 0.647925 0.689832
vt 0.647925 0.395803
vt 0.597658 0.395803
vt 0.647925 0.390407
vt 0.597658 0.390407
vt 0.647925 0.376699
vt 0.597658 0.376699
vt 0.647925 0.369007
vt 0.597658 0.369008
vt 0.38755 0.863607
vt 0.437817 0.831651
vt 0.38755 0.831651
vt 0.437817 0.863607
vt 0.38755 0.879585
vt 0.437817 0.879585
vt 0.38755 0.895562
vt 0.437817 0.895562
vt 0.31345 0.459197
vt 0.308379 0.421725
vt 0.308379 0.459197
vt 0.31345 0.421725
vt 0.306231 0.417212
vt 0.311639 0.417212
vt 0.311639 0.463709
vt 0.306231 0.463709
vt 0.778862 0.295845
vt 0.806196 0.297714
vt 0.801821 0.295845
vt 0.778862 0.346079
vt 0.808008 0.302226
vt 0.808008 0.339698
vt 0.806196 0.34421
vt 0.801821 0.346079
vt 0.011984 0.387957
vt 0.023652 0.412021
vt 0.023651 0.387952
vt 0.012137 0.412026
vt 0.020084 0.412023
vt 0.003713 0.412039
vt 0.003449 0.38797
vt 0.031284 0.412024
vt 0.035324 0.387957
vt 0.033553 0.66845
vt 0.043875 0.38797
vt 0.040804 0.668461
vt 0.031285 0.451248
vt 0.023652 0.451245
vt 0.023654 0.668446
vt 0.020084 0.451246
vt 0.020086 0.565753
vt 0.01311 0.565756
vt 0.01376 0.66845
vt 0.005397 0.565768
vt 0.006522 0.668461
vt 0.476687 0.644125
vt 0.478891 0.668093
vt 0.477693 0.387959
vt 0.467663 0.668332
vt 0.467707 0.64429
vt 0.476031 0.490591
vt 0.468172 0.388162
vt 0.476498 0.604944
vt 0.467986 0.490737
vt 0.48783 0.387959
vt 0.490845 0.668093
vt 0.495866 0.388161
vt 0.500321 0.668332
vt 0.828229 0.555519
vt 0.817402 0.833971
vt 0.829145 0.8336
vt 0.81827 0.555834
vt 0.838056 0.555834
vt 0.840735 0.833971
vt 0.750098 0.003456
vt 0.737402 0.283808
vt 0.74656 0.28354
vt 0.742331 0.003683
vt 0.760165 0.003447
vt 0.758431 0.28353
vt 0.769834 0.003659
vt 0.769834 0.28378
vt 0.334442 0.907017
vt 0.35356 0.912136
vt 0.344687 0.907017
vt 0.358683 0.921003
vt 0.325569 0.912136
vt 0.358683 0.931242
vt 0.320447 0.921003
vt 0.35356 0.940109
vt 0.320447 0.931242
vt 0.344687 0.945228
vt 0.325569 0.940109
vt 0.334442 0.945228
vt 0.185647 0.942281
vt 0.163122 0.936255
vt 0.173576 0.942287
vt 0.157086 0.925802
vt 0.196101 0.93624
vt 0.157086 0.913729
vt 0.202137 0.925782
vt 0.163122 0.903271
vt 0.202137 0.913708
vt 0.173576 0.897229
vt 0.196101 0.903256
vt 0.185647 0.897224
vt 0.643339 0.822366
vt 0.633997 0.827301
vt 0.643337 0.827301
vt 0.633999 0.822366
vt 0.634005 0.815741
vt 0.643345 0.815741
vt 0.643351 0.812126
vt 0.63401 0.812126
vt 0.643337 0.834947
vt 0.633997 0.834947
vt 0.634015 0.809325
vt 0.643355 0.809325
vt 0.633999 0.83988
vt 0.643339 0.83988
vt 0.643345 0.846498
vt 0.634005 0.846498
vt 0.63401 0.850106
vt 0.643351 0.850106
vt 0.643406 0.863474
vt 0.634174 0.868275
vt 0.643507 0.868221
vt 0.634073 0.863528
vt 0.633995 0.85985
vt 0.643328 0.859796
vt 0.643586 0.875816
vt 0.634253 0.875869
vt 0.634253 0.880923
vt 0.643586 0.880869
vt 0.643507 0.88789
vt 0.634174 0.887944
vt 0.634073 0.89195
vt 0.643406 0.891896
vt 0.754147 0.980166
vt 0.763369 0.976368
vt 0.754037 0.976294
vt 0.763479 0.98024
vt 0.763564 0.983241
vt 0.754232 0.983166
vt 0.753952 0.969404
vt 0.763283 0.969479
vt 0.763283 0.96446
vt 0.753952 0.964386
vt 0.754037 0.956761
vt 0.763369 0.956836
vt 0.763479 0.952015
vt 0.754147 0.951941
vt 0.982566 0.302469
vt 0.991683 0.297477
vt 0.982408 0.297504
vt 0.99184 0.302441
vt 0.982408 0.28986
vt 0.991683 0.289833
vt 0.99184 0.284933
vt 0.982566 0.284961
vt 0.991961 0.306289
vt 0.982687 0.306316
vt 0.541454 0.936003
vt 0.528963 0.937976
vt 0.53407 0.937979
vt 0.545877 0.933451
vt 0.521579 0.935994
vt 0.551282 0.928047
vt 0.517157 0.933438
vt 0.553835 0.923626
vt 0.511751 0.928029
vt 0.555814 0.916241
vt 0.509198 0.923605
vt 0.555814 0.911134
vt 0.507219 0.916219
vt 0.553835 0.903748
vt 0.507219 0.911112
vt 0.551282 0.899324
vt 0.509198 0.903727
vt 0.545877 0.893915
vt 0.511751 0.899306
vt 0.541454 0.891359
vt 0.517157 0.893902
vt 0.53407 0.889377
vt 0.521579 0.89135
vt 0.528963 0.889374
vt 0.067329 0.896374
vt 0.077165 0.888413
vt 0.072739 0.890967
vt 0.064773 0.900797
vt 0.084556 0.886434
vt 0.062793 0.908183
vt 0.089667 0.886434
vt 0.062793 0.91329
vt 0.097057 0.888413
vt 0.064773 0.920676
vt 0.101483 0.890967
vt 0.067329 0.925099
vt 0.106893 0.896374
vt 0.072739 0.930506
vt 0.109449 0.900797
vt 0.077165 0.93306
vt 0.111429 0.908183
vt 0.084556 0.935039
vt 0.111429 0.91329
vt 0.089667 0.935039
vt 0.109449 0.920676
vt 0.097057 0.93306
vt 0.106893 0.925099
vt 0.101483 0.930506
vt 0.765516 0.755458
vt 0.723518 0.753345
vt 0.728032 0.755324
vt 0.77003 0.753512
vt 0.721649 0.748601
vt 0.7719 0.74878
vt 0.721649 0.555519
vt 0.7719 0.555699
vt 0.367845 0.968917
vt 0.380623 0.90723
vt 0.367845 0.9071
vt 0.380623 0.969047
vt 0.365581 0.968834
vt 0.365581 0.907017
vt 0.643903 0.696733
vt 0.633995 0.758598
vt 0.643903 0.758605
vt 0.633995 0.696725
vt 0.95601 0.39835
vt 0.969423 0.460199
vt 0.969423 0.398374
vt 0.95601 0.460174
vt 0.952929 0.39828
vt 0.952929 0.460105
vt 0.47384 0.290791
vt 0.471532 0.352537
vt 0.47384 0.352608
vt 0.471532 0.29072
vt 0.465849 0.352521
vt 0.465849 0.290704
vt 0.050773 0.549124
vt 0.060746 0.610019
vt 0.060746 0.548585
vt 0.050773 0.610558
vt 0.313533 0.350324
vt 0.311551 0.288463
vt 0.311551 0.350288
vt 0.313534 0.2885
vt 0.306231 0.288489
vt 0.306231 0.350314
vt 0.14275 0.517153
vt 0.143767 0.513831
vt 0.142607 0.513597
vt 0.143888 0.516827
vt 0.149339 0.50193
vt 0.148298 0.501443
vt 0.148176 0.526665
vt 0.14934 0.526386
vt 0.148075 0.528851
vt 0.149209 0.529236
vt 0.145005 0.533245
vt 0.145947 0.533903
vt 0.306374 0.540524
vt 0.312961 0.531291
vt 0.311797 0.531012
vt 0.307511 0.540848
vt 0.306231 0.544077
vt 0.30739 0.543842
vt 0.31283 0.528442
vt 0.311697 0.528828
vt 0.30957 0.523781
vt 0.308627 0.52444
vt 0.31192 0.556219
vt 0.312961 0.555731
vt 0.387178 0.331208
vt 0.386044 0.39308
vt 0.387178 0.39308
vt 0.386044 0.331208
vt 0.386044 0.461408
vt 0.387193 0.399976
vt 0.386044 0.399974
vt 0.387193 0.46141
vt 0.466922 0.003447
vt 0.466043 0.261638
vt 0.474553 0.261279
vt 0.459585 0.003693
vt 0.447912 0.262268
vt 0.448633 0.004089
vt 0.445751 0.282274
vt 0.469447 0.281464
vt 0.474553 0.281244
vt 0.429878 0.282727
vt 0.429781 0.262899
vt 0.418689 0.283062
vt 0.413358 0.263378
vt 0.421915 0.004885
vt 0.396934 0.263857
vt 0.432938 0.004626
vt 0.39582 0.28381
vt 0.879262 0.897894
vt 0.848081 0.889147
vt 0.857018 0.897264
vt 0.888076 0.89028
vt 0.847633 0.831344
vt 0.887627 0.832477
vt 0.856459 0.825314
vt 0.878703 0.825944
vt 0.012509 0.75826
vt 0.03487 0.795699
vt 0.034821 0.758301
vt 0.012558 0.795658
vt 0.012411 0.727711
vt 0.034723 0.727752
vt 0.012289 0.692695
vt 0.034601 0.692736
vt 0.012273 0.687842
vt 0.034585 0.687882
vt 0.012273 0.679045
vt 0.034585 0.679086
vt 0.043567 0.675428
vt 0.043567 0.683906
vt 0.003449 0.683833
vt 0.003449 0.675355
vt 0.003743 0.796744
vt 0.00369 0.756204
vt 0.584672 0.56689
vt 0.516692 0.578813
vt 0.581565 0.575217
vt 0.515891 0.572991
vt 0.581768 0.56109
vt 0.517458 0.564487
vt 0.52209 0.615069
vt 0.575595 0.587104
vt 0.513949 0.619436
vt 0.507981 0.579343
vt 0.507219 0.573813
vt 0.518268 0.654059
vt 0.527122 0.655413
vt 0.516364 0.693572
vt 0.525058 0.698246
vt 0.571693 0.72314
vt 0.574682 0.66279
vt 0.583686 0.664205
vt 0.580535 0.727826
vt 0.584672 0.582473
vt 0.088014 0.615345
vt 0.069968 0.605604
vt 0.069968 0.615345
vt 0.086971 0.605604
vt 0.096916 0.615345
vt 0.095873 0.605604
vt 0.091034 0.592838
vt 0.082132 0.592838
vt 0.089292 0.584714
vt 0.08039 0.584714
vt 0.707954 0.466763
vt 0.696121 0.418829
vt 0.692284 0.466667
vt 0.711552 0.419973
vt 0.681093 0.417715
vt 0.676471 0.4685
vt 0.674906 0.417256
vt 0.671765 0.450258
vt 0.678756 0.498732
vt 0.692794 0.49903
vt 0.708464 0.499126
vt 0.682053 0.528393
vt 0.698497 0.531132
vt 0.714775 0.527394
vt 0.698841 0.539878
vt 0.713451 0.539968
vt 0.699333 0.548586
vt 0.693299 0.548444
vt 0.685152 0.539556
vt 0.705774 0.548626
vt 0.669201 0.416833
vt 0.667034 0.441066
vt 0.661687 0.416276
vt 0.65982 0.432659
vt 0.655907 0.415847
vt 0.654823 0.429589
vt 0.657607 0.393793
vt 0.663971 0.394265
vt 0.658851 0.375299
vt 0.666514 0.374089
vt 0.671203 0.394801
vt 0.673315 0.372816
vt 0.67723 0.395248
vt 0.680116 0.371542
vt 0.683578 0.395719
vt 0.686917 0.370269
vt 0.698044 0.396792
vt 0.700424 0.369007
vt 0.713313 0.397924
vt 0.714775 0.378153
vt 0.951853 0.250324
vt 0.970159 0.267453
vt 0.962159 0.249697
vt 0.953461 0.268194
vt 0.952458 0.242146
vt 0.96034 0.241016
vt 0.953701 0.229003
vt 0.960381 0.233583
vt 0.957622 0.220727
vt 0.96434 0.22455
vt 0.967252 0.214395
vt 0.970159 0.216765
vt 0.312212 0.281559
vt 0.304634 0.02347
vt 0.304725 0.28157
vt 0.312614 0.023583
vt 0.286897 0.023362
vt 0.294044 0.281498
vt 0.286899 0.003447
vt 0.305033 0.00352
vt 0.313549 0.003556
vt 0.268197 0.003473
vt 0.26916 0.023254
vt 0.256606 0.003521
vt 0.252064 0.023339
vt 0.266616 0.28157
vt 0.234968 0.023425
vt 0.278488 0.28144
vt 0.233591 0.003499
vt 0.580811 0.538396
vt 0.524356 0.495272
vt 0.516496 0.530913
vt 0.575686 0.526243
vt 0.583331 0.546844
vt 0.515298 0.53664
vt 0.580043 0.552423
vt 0.516274 0.54517
vt 0.532135 0.455553
vt 0.579974 0.451106
vt 0.581143 0.391058
vt 0.533022 0.412937
vt 0.590759 0.548848
vt 0.587607 0.554196
vt 0.590759 0.387959
vt 0.589526 0.451263
vt 0.508357 0.530877
vt 0.507219 0.536318
vt 0.584896 0.532402
vt 0.51705 0.491465
vt 0.523725 0.457379
vt 0.112715 0.615086
vt 0.130787 0.605427
vt 0.113787 0.605427
vt 0.130758 0.615086
vt 0.103814 0.615086
vt 0.104886 0.605427
vt 0.109761 0.592769
vt 0.118662 0.592769
vt 0.111527 0.584714
vt 0.120428 0.584714
vt 0.707933 0.636704
vt 0.696171 0.6848
vt 0.711595 0.683601
vt 0.692269 0.636864
vt 0.681149 0.685968
vt 0.676462 0.635112
vt 0.674964 0.686449
vt 0.671758 0.653224
vt 0.678746 0.605118
vt 0.692778 0.604764
vt 0.708442 0.604603
vt 0.682042 0.575686
vt 0.69848 0.5729
vt 0.714751 0.57654
vt 0.698823 0.564224
vt 0.713427 0.564075
vt 0.699315 0.555585
vt 0.693284 0.555751
vt 0.68514 0.564601
vt 0.705753 0.555519
vt 0.669262 0.686892
vt 0.667029 0.662361
vt 0.661751 0.687476
vt 0.659818 0.670729
vt 0.655973 0.687925
vt 0.654823 0.673795
vt 0.65774 0.710297
vt 0.664101 0.709802
vt 0.65885 0.727624
vt 0.666509 0.728792
vt 0.671331 0.70924
vt 0.673307 0.730027
vt 0.677355 0.708772
vt 0.680106 0.731262
vt 0.683701 0.708279
vt 0.686904 0.732497
vt 0.69816 0.707155
vt 0.700405 0.733692
vt 0.713423 0.705968
vt 0.714751 0.724561
vt 0.957083 0.298857
vt 0.975389 0.281837
vt 0.958691 0.281137
vt 0.967389 0.299457
vt 0.957688 0.306964
vt 0.965571 0.308068
vt 0.958931 0.319991
vt 0.965611 0.315437
vt 0.962852 0.328189
vt 0.96957 0.324385
vt 0.972482 0.334447
vt 0.975389 0.332091
vt 0.306864 0.766391
vt 0.313288 0.783015
vt 0.313288 0.76636
vt 0.306864 0.783046
vt 0.758885 0.782317
vt 0.721759 0.811654
vt 0.758801 0.811878
vt 0.721843 0.782093
vt 0.758873 0.771242
vt 0.721832 0.771018
vt 0.758731 0.762576
vt 0.721689 0.762352
vt 0.721649 0.841813
vt 0.75869 0.842037
vt 0.72166 0.859921
vt 0.758701 0.860145
vt 0.72172 0.868982
vt 0.758762 0.869206
vt 0.721843 0.877191
vt 0.758885 0.877415
vt 0.986187 0.204866
vt 0.996551 0.187857
vt 0.986187 0.187901
vt 0.996551 0.204822
vt 0.373464 0.766478
vt 0.37988 0.776988
vt 0.37988 0.766719
vt 0.373464 0.776747
vt 0.640436 0.765499
vt 0.646472 0.80243
vt 0.646472 0.765502
vt 0.640436 0.802427
vt 0.633995 0.765503
vt 0.633995 0.802431
vt 0.440913 0.573107
vt 0.39582 0.592879
vt 0.448924 0.592879
vt 0.403863 0.573107
vt 0.399816 0.614908
vt 0.444894 0.614908
vt 0.403795 0.661662
vt 0.440845 0.661662
vt 0.403797 0.694028
vt 0.440847 0.694028
vt 0.403852 0.722344
vt 0.440903 0.722344
vt 0.403839 0.734907
vt 0.44089 0.734907
vt 0.403769 0.743506
vt 0.440819 0.743506
vt 0.961817 0.477488
vt 0.952929 0.467093
vt 0.952929 0.47745
vt 0.961817 0.46713
vt 0.46896 0.818395
vt 0.491281 0.827512
vt 0.491267 0.818392
vt 0.468974 0.827516
vt 0.468969 0.809912
vt 0.491276 0.809908
vt 0.468212 0.734719
vt 0.490519 0.734716
vt 0.467674 0.675229
vt 0.489981 0.675225
vt 0.500321 0.80203
vt 0.500308 0.815314
vt 0.500321 0.824186
vt 0.460199 0.815321
vt 0.460213 0.802037
vt 0.460213 0.824193
vt 0.904851 0.904651
vt 0.94175 0.891157
vt 0.904769 0.891157
vt 0.941832 0.904651
vt 0.904932 0.911443
vt 0.941913 0.911443
vt 0.905012 0.918235
vt 0.941993 0.918235
vt 0.905093 0.925027
vt 0.942074 0.925027
vt 0.90517 0.932681
vt 0.942151 0.932681
vt 0.942313 0.876775
vt 0.905332 0.876774
vt 0.982287 0.321449
vt 0.992685 0.313231
vt 0.982294 0.31321
vt 0.992678 0.32147
vt 0.982294 0.334567
vt 0.992685 0.334588
vt 0.722389 0.902295
vt 0.714629 0.917973
vt 0.72084 0.917972
vt 0.714705 0.902297
vt 0.729299 0.886427
vt 0.722119 0.89131
vt 0.736795 0.902291
vt 0.736691 0.917967
vt 0.72087 0.928916
vt 0.736619 0.928912
vt 0.721507 0.941311
vt 0.736623 0.941307
vt 0.752368 0.928907
vt 0.751738 0.941303
vt 0.757278 0.928906
vt 0.758885 0.936232
vt 0.752542 0.917963
vt 0.715619 0.936244
vt 0.71596 0.928917
vt 0.7512 0.902287
vt 0.744316 0.886423
vt 0.751488 0.891301
vt 0.758885 0.902285
vt 0.758754 0.917961
vt 0.736809 0.884309
vt 0.6946 0.283001
vt 0.704315 0.293393
vt 0.704315 0.283008
vt 0.6946 0.293386
vt 0.801618 0.89297
vt 0.770462 0.883201
vt 0.779348 0.893106
vt 0.810504 0.882956
vt 0.770462 0.830612
vt 0.810504 0.830368
vt 0.779348 0.820743
vt 0.801618 0.820607
vt 0.142608 0.45574
vt 0.149044 0.468587
vt 0.149045 0.455727
vt 0.142607 0.4686
vt 0.142638 0.44806
vt 0.149075 0.448047
vt 0.149045 0.476611
vt 0.142608 0.476625
vt 0.149075 0.494537
vt 0.142638 0.49455
vt 0.137685 0.594493
vt 0.148109 0.584765
vt 0.13772 0.584714
vt 0.148074 0.594544
vt 0.13772 0.607473
vt 0.148109 0.607524
vt 0.137711 0.615669
vt 0.1481 0.61572
vt 0.312667 0.375635
vt 0.306324 0.367051
vt 0.306231 0.37565
vt 0.312759 0.367036
vt 0.30646 0.359878
vt 0.312895 0.359863
vt 0.312666 0.383027
vt 0.306231 0.383042
vt 0.312708 0.391846
vt 0.306273 0.391861
vt 0.312895 0.410304
vt 0.30646 0.410319
vt 0.794799 0.409848
vt 0.797615 0.398707
vt 0.787381 0.390473
vt 0.800623 0.409848
vt 0.795513 0.428113
vt 0.763814 0.428113
vt 0.76375 0.409848
vt 0.732114 0.428113
vt 0.732701 0.409848
vt 0.806279 0.425648
vt 0.796228 0.446379
vt 0.806382 0.449263
vt 0.790255 0.460905
vt 0.803554 0.454361
vt 0.763918 0.460905
vt 0.763877 0.446379
vt 0.737582 0.460905
vt 0.731527 0.446379
vt 0.722281 0.454965
vt 0.722041 0.446379
vt 0.721673 0.428113
vt 0.725678 0.409848
vt 0.740148 0.390473
vt 0.729546 0.398707
vt 0.763766 0.389428
vt 0.763781 0.369007
vt 0.747595 0.371098
vt 0.779963 0.371098
vt 0.732126 0.375923
vt 0.795425 0.375923
vt 0.055819 0.654599
vt 0.050773 0.617452
vt 0.050773 0.654379
vt 0.055819 0.617671
vt 0.300081 0.61247
vt 0.310453 0.603549
vt 0.300081 0.603594
vt 0.310453 0.612425
vt 0.310453 0.585557
vt 0.300081 0.585602
vt 0.856889 0.82058
vt 0.878703 0.825944
vt 0.879133 0.821211
vt 0.856459 0.825314
vt 0.888076 0.827539
vt 0.887627 0.832477
vt 0.312895 0.359863
vt 0.306392 0.357233
vt 0.30646 0.359878
vt 0.312827 0.357218
vt 0.455215 0.888789
vt 0.496285 0.875031
vt 0.451217 0.875031
vt 0.492257 0.888789
vt 0.500321 0.852947
vt 0.447229 0.852947
vt 0.492316 0.834409
vt 0.455274 0.834409
vt 0.096131 0.003801
vt 0.0765 0.260512
vt 0.086489 0.260923
vt 0.089935 0.003447
vt 0.111222 0.003801
vt 0.110122 0.260923
vt 0.083643 0.280727
vt 0.10993 0.280727
vt 0.133756 0.260923
vt 0.136217 0.280727
vt 0.126313 0.003801
vt 0.13313 0.003447
vt 0.143382 0.260512
vt 0.151126 0.280311
vt 0.069968 0.280269
vt 0.44317 0.565933
vt 0.455893 0.546497
vt 0.441669 0.546217
vt 0.458951 0.566213
vt 0.426876 0.565812
vt 0.427004 0.546095
vt 0.438317 0.290826
vt 0.430671 0.290704
vt 0.412647 0.546217
vt 0.423336 0.290827
vt 0.410889 0.565933
vt 0.39582 0.566213
vt 0.399135 0.546497
vt 0.416537 0.291109
vt 0.445834 0.291109
vt 0.049386 0.858863
vt 0.003449 0.828048
vt 0.00348 0.858907
vt 0.049355 0.828003
vt 0.049507 0.877215
vt 0.011126 0.877252
vt 0.003602 0.803682
vt 0.049507 0.803638
vt 0.771964 0.361877
vt 0.726129 0.295845
vt 0.726129 0.361682
vt 0.771964 0.29604
vt 0.719988 0.357649
vt 0.719988 0.300632
vt 0.366346 0.814457
vt 0.320492 0.783928
vt 0.320447 0.814527
vt 0.366391 0.783858
vt 0.366566 0.840027
vt 0.320667 0.840097
vt 0.32819 0.766537
vt 0.366566 0.766478
vt 0.158024 0.692583
vt 0.246348 0.661757
vt 0.158058 0.661757
vt 0.246314 0.692583
vt 0.169123 0.71689
vt 0.235163 0.71689
vt 0.164528 0.643407
vt 0.239918 0.643407
vt 0.219284 0.623478
vt 0.185206 0.623478
vt 0.159417 0.834325
vt 0.183377 0.868312
vt 0.183377 0.834312
vt 0.159417 0.868325
vt 0.158024 0.814948
vt 0.196317 0.815114
vt 0.196317 0.89033
vt 0.158024 0.890165
vt 0.191745 0.837284
vt 0.191745 0.865925
vt 0.202137 0.883445
vt 0.202137 0.822049
vt 0.144228 0.691749
vt 0.069797 0.660992
vt 0.069774 0.691749
vt 0.144251 0.660992
vt 0.13559 0.710545
vt 0.078384 0.710545
vt 0.076194 0.642069
vt 0.137745 0.642069
vt 0.09252 0.623478
vt 0.121234 0.623478
vt 0.073902 0.715525
vt 0.062793 0.691273
vt 0.151103 0.691273
vt 0.139958 0.715525
vt 0.062816 0.660516
vt 0.069213 0.641593
vt 0.14462 0.641593
vt 0.151126 0.660516
vt 0.930823 0.614937
vt 0.940711 0.555519
vt 0.930823 0.555856
vt 0.940711 0.614601
vt 0.951122 0.555768
vt 0.951122 0.61485
vt 0.959841 0.935984
vt 0.969377 0.876901
vt 0.959841 0.876774
vt 0.969377 0.93611
vt 0.949211 0.93605
vt 0.949211 0.87684
vt 0.946728 0.062859
vt 0.956559 0.003447
vt 0.946728 0.003732
vt 0.956559 0.062573
vt 0.936276 0.06266
vt 0.936276 0.003533
vt 0.941004 0.621899
vt 0.930823 0.68105
vt 0.941004 0.681116
vt 0.930823 0.621832
vt 0.951161 0.621831
vt 0.951161 0.681049
vt 0.980244 0.051007
vt 0.972108 0.003683
vt 0.972108 0.051244
vt 0.980244 0.003447
vt 0.963457 0.003518
vt 0.963457 0.051079
vt 0.164845 0.9492
vt 0.183577 0.956942
vt 0.175818 0.94918
vt 0.183577 0.967939
vt 0.157086 0.95699
vt 0.175818 0.97573
vt 0.157086 0.967987
vt 0.164845 0.975749
vt 0.046105 0.943535
vt 0.003449 0.884327
vt 0.003449 0.943717
vt 0.046105 0.884145
vt 0.970629 0.486761
vt 0.954502 0.54142
vt 0.970629 0.546242
vt 0.954502 0.4868
vt 0.950185 0.281137
vt 0.912277 0.335796
vt 0.950185 0.335632
vt 0.912277 0.281301
vt 0.969357 0.755685
vt 0.985437 0.715348
vt 0.969357 0.712943
vt 0.985437 0.753304
vt 0.95802 0.614938
vt 0.973707 0.555567
vt 0.95802 0.555464
vt 0.973707 0.61018
vt 0.293494 0.989216
vt 0.309382 0.949006
vt 0.293494 0.946483
vt 0.309382 0.986953
vt 0.715094 0.960219
vt 0.716506 0.968269
vt 0.716502 0.960596
vt 0.715098 0.968647
vt 0.720344 0.974915
vt 0.719314 0.975946
vt 0.726987 0.978751
vt 0.72661 0.98016
vt 0.734655 0.978751
vt 0.735033 0.98016
vt 0.741295 0.974915
vt 0.742326 0.975946
vt 0.745125 0.968269
vt 0.746533 0.968647
vt 0.745121 0.960596
vt 0.746529 0.960218
vt 0.741283 0.953951
vt 0.742314 0.952919
vt 0.73464 0.950114
vt 0.735017 0.948705
vt 0.726972 0.950114
vt 0.726594 0.948705
vt 0.720333 0.953951
vt 0.719301 0.952919
vt 0.72072 0.954308
vt 0.717022 0.960724
vt 0.72713 0.950604
vt 0.734533 0.950604
vt 0.740947 0.954308
vt 0.744652 0.960724
vt 0.717026 0.968132
vt 0.720731 0.974547
vt 0.727145 0.978251
vt 0.734548 0.978251
vt 0.740958 0.974547
vt 0.726486 0.948205
vt 0.718964 0.952552
vt 0.735174 0.948205
vt 0.742701 0.952552
vt 0.747049 0.960081
vt 0.747054 0.968774
vt 0.742714 0.976303
vt 0.735192 0.98065
vt 0.981037 0.963422
vt 0.979632 0.955373
vt 0.979632 0.963046
vt 0.981037 0.954994
vt 0.976834 0.970726
vt 0.975806 0.969695
vt 0.975806 0.948732
vt 0.976834 0.9477
vt 0.969178 0.944902
vt 0.969554 0.943493
vt 0.969554 0.974947
vt 0.969178 0.973539
vt 0.961524 0.94491
vt 0.961148 0.943502
vt 0.954896 0.948753
vt 0.953868 0.947723
vt 0.95107 0.955402
vt 0.949665 0.955026
vt 0.95107 0.963075
vt 0.949665 0.963454
vt 0.954896 0.969716
vt 0.953868 0.970749
vt 0.961524 0.973546
vt 0.961148 0.974955
vt 0.961697 0.945411
vt 0.969086 0.945404
vt 0.955298 0.949121
vt 0.951604 0.95554
vt 0.951604 0.962948
vt 0.955298 0.96936
vt 0.961697 0.973057
vt 0.969086 0.97305
vt 0.975484 0.969339
vt 0.949211 0.963593
vt 0.953546 0.971118
vt 0.994427 0.342983
vt 0.987425 0.350056
vt 0.994645 0.349976
vt 0.987207 0.343062
vt 0.987425 0.357334
vt 0.994645 0.357255
vt 0.987207 0.362947
vt 0.994427 0.362867
vt 0.995169 0.349933
vt 0.994943 0.342689
vt 0.995169 0.357472
vt 0.143194 0.540796
vt 0.14998 0.547343
vt 0.150409 0.540828
vt 0.142764 0.547312
vt 0.149822 0.555863
vt 0.142607 0.555832
vt 0.14998 0.564106
vt 0.142764 0.564075
vt 0.150409 0.569863
vt 0.143193 0.569831
vt 0.150352 0.555834
vt 0.150505 0.547573
vt 0.150505 0.563825
vt 0.994493 0.02681
vt 0.987142 0.018569
vt 0.987273 0.026779
vt 0.994363 0.0186
vt 0.987273 0.010029
vt 0.994493 0.01006
vt 0.987629 0.003447
vt 0.994849 0.003478
vt 0.994887 0.018564
vt 0.995014 0.010285
vt 0.995014 0.026524
vt 0.993824 0.180963
vt 0.986694 0.172906
vt 0.986593 0.180941
vt 0.993925 0.172928
vt 0.986694 0.164288
vt 0.993925 0.16431
vt 0.986593 0.157394
vt 0.993824 0.157416
vt 0.986187 0.164483
vt 0.986187 0.172838
vt 0.994409 0.172863
vt 0.994409 0.164508
vt 0.350889 0.960526
vt 0.358157 0.968917
vt 0.358121 0.960526
vt 0.350925 0.968917
vt 0.350925 0.952121
vt 0.358157 0.952122
vt 0.473586 0.373714
vt 0.466441 0.379566
vt 0.473672 0.379588
vt 0.466355 0.373692
vt 0.473586 0.36637
vt 0.466355 0.366348
vt 0.473672 0.359523
vt 0.466441 0.359501
vt 0.465849 0.36628
vt 0.465849 0.373887
vt 0.47407 0.373912
vt 0.47407 0.366305
vt 0.645799 0.969011
vt 0.638218 0.974532
vt 0.645433 0.974563
vt 0.638583 0.96898
vt 0.638084 0.981792
vt 0.645299 0.981823
vt 0.638218 0.988816
vt 0.645433 0.988847
vt 0.638583 0.993721
vt 0.645799 0.993752
vt 0.637554 0.981822
vt 0.637692 0.989097
vt 0.637692 0.974301
vt 0.313493 0.563112
vt 0.306231 0.570274
vt 0.313462 0.570274
vt 0.306261 0.563112
vt 0.306261 0.577424
vt 0.313493 0.577424
vt 0.975484 0.949101
vt 0.979179 0.955513
vt 0.718977 0.976303
vt 0.726503 0.98065
vt 0.714629 0.968774
vt 0.981571 0.963561
vt 0.981571 0.954867
vt 0.977236 0.947343
vt 0.969727 0.943004
vt 0.961056 0.943013
vt 0.953546 0.947367
vt 0.977236 0.971094
vt 0.969727 0.975448
vt 0.961056 0.975457
vt 0.988498 0.995505
vt 0.985197 0.98235
vt 0.9857 0.995505
vt 0.988989 0.98235
vt 0.983696 0.995541
vt 0.982484 0.982399
vt 0.99166 0.982399
vt 0.99047 0.995541
vt 0.04878 0.969102
vt 0.04418 0.972088
vt 0.047936 0.974597
vt 0.044735 0.968287
vt 0.034954 0.967725
vt 0.034954 0.963766
vt 0.044735 0.962924
vt 0.034545 0.970531
vt 0.042666 0.974855
vt 0.033427 0.972574
vt 0.034545 0.96095
vt 0.04418 0.959109
vt 0.033427 0.958878
vt 0.042666 0.956301
vt 0.04878 0.962114
vt 0.047936 0.956598
vt 0.045593 0.952253
vt 0.042602 0.95066
vt 0.040598 0.955253
vt 0.038807 0.95061
vt 0.037684 0.955215
vt 0.045593 0.978878
vt 0.040598 0.975848
vt 0.042602 0.980392
vt 0.037684 0.975809
vt 0.038807 0.980342
vt 0.026696 0.967616
vt 0.027105 0.960852
vt 0.026696 0.963657
vt 0.027105 0.970432
vt 0.028223 0.958809
vt 0.028223 0.972505
vt 0.02975 0.958076
vt 0.02975 0.973278
vt 0.0319 0.958104
vt 0.0319 0.973307
vt 0.033427 0.958878
vt 0.033427 0.972574
vt 0.034545 0.96095
vt 0.034545 0.970531
vt 0.034954 0.963766
vt 0.034954 0.967725
vt 0.163487 0.995547
vt 0.160473 0.982643
vt 0.159703 0.995547
vt 0.163266 0.982643
vt 0.157086 0.995593
vt 0.158541 0.982677
vt 0.1653 0.982677
vt 0.166243 0.995593
vt 0.65528 0.969554
vt 0.665828 0.96574
vt 0.663555 0.962613
vt 0.656958 0.971862
vt 0.653378 0.96818
vt 0.660979 0.960752
vt 0.668387 0.970445
vt 0.658847 0.975334
vt 0.669748 0.973999
vt 0.659851 0.977958
vt 0.669832 0.977028
vt 0.659913 0.980194
vt 0.668987 0.963141
vt 0.672321 0.969271
vt 0.674254 0.974426
vt 0.661679 0.955757
vt 0.665666 0.958637
vt 0.667076 0.952424
vt 0.671062 0.955304
vt 0.674384 0.959808
vt 0.674384 0.979114
vt 0.668616 0.978721
vt 0.672663 0.98163
vt 0.658477 0.955548
vt 0.658789 0.960655
vt 0.488663 0.968812
vt 0.489187 0.958987
vt 0.488663 0.963058
vt 0.489187 0.972909
vt 0.490618 0.956032
vt 0.490618 0.975936
vt 0.492572 0.954986
vt 0.492572 0.977079
vt 0.495325 0.955055
vt 0.495325 0.977148
vt 0.49728 0.956199
vt 0.49728 0.976102
vt 0.49871 0.959225
vt 0.49871 0.973147
vt 0.499234 0.963323
vt 0.499234 0.969076
vt 0.48412 0.97498
vt 0.486183 0.979344
vt 0.479724 0.979481
vt 0.477661 0.975117
vt 0.483377 0.969456
vt 0.483377 0.96247
vt 0.476918 0.969594
vt 0.476918 0.962607
vt 0.48412 0.956983
vt 0.486183 0.952722
vt 0.984076 0.475698
vt 0.988831 0.469694
vt 0.983424 0.470267
vt 0.989291 0.473727
vt 0.985886 0.479831
vt 0.990546 0.476592
vt 0.976973 0.475337
vt 0.976321 0.469905
vt 0.983424 0.463295
vt 0.976321 0.462934
vt 0.984076 0.457741
vt 0.976973 0.457379
vt 0.985886 0.453267
vt 0.978784 0.452905
vt 0.990546 0.456732
vt 0.989291 0.459834
vt 0.988831 0.463953
vt 0.828786 0.980258
vt 0.824004 0.984729
vt 0.828883 0.984033
vt 0.823934 0.981924
vt 0.837579 0.980258
vt 0.837676 0.984033
vt 0.828917 0.988959
vt 0.83771 0.988959
vt 0.828874 0.992947
vt 0.837667 0.992947
vt 0.8287 0.996284
vt 0.837493 0.996284
vt 0.824002 0.991742
vt 0.824032 0.988786
vt 0.913569 0.990715
vt 0.916126 0.995197
vt 0.917494 0.990659
vt 0.913214 0.995236
vt 0.908629 0.990691
vt 0.909146 0.995216
vt 0.908629 0.981905
vt 0.904769 0.981812
vt 0.904769 0.990598
vt 0.913569 0.981928
vt 0.917494 0.981873
vt 0.906281 0.99515
vt 0.266646 0.604333
vt 0.268934 0.594282
vt 0.266646 0.593333
vt 0.268934 0.603386
vt 0.274419 0.612113
vt 0.275366 0.609824
vt 0.285411 0.612115
vt 0.284463 0.609826
vt 0.293183 0.604338
vt 0.290896 0.60339
vt 0.293183 0.593338
vt 0.290896 0.594286
vt 0.285411 0.585559
vt 0.284463 0.587847
vt 0.274419 0.585557
vt 0.275366 0.587846
vt 0.58334 0.965278
vt 0.598871 0.971716
vt 0.592437 0.965278
vt 0.598873 0.980819
vt 0.576909 0.971716
vt 0.592441 0.987256
vt 0.57691 0.980819
vt 0.583344 0.987256
vt 0.823934 0.925634
vt 0.832551 0.973364
vt 0.832551 0.92584
vt 0.823934 0.973158
vt 0.840734 0.973085
vt 0.840734 0.925561
vt 0.993011 0.446012
vt 0.985118 0.39828
vt 0.985118 0.445907
vt 0.993011 0.398384
vt 0.976321 0.398334
vt 0.976321 0.445962
vt 0.993108 0.924463
vt 0.984682 0.876774
vt 0.984682 0.924408
vt 0.993108 0.87683
vt 0.976276 0.87683
vt 0.976276 0.924464
vt 0.310259 0.479856
vt 0.306269 0.483488
vt 0.310167 0.48377
vt 0.306376 0.478814
vt 0.306234 0.486268
vt 0.310134 0.486538
vt 0.306231 0.488971
vt 0.310137 0.489212
vt 0.306282 0.493968
vt 0.310198 0.493798
vt 0.306565 0.503781
vt 0.310452 0.503258
vt 0.310432 0.474535
vt 0.306574 0.472846
vt 0.31057 0.472272
vt 0.306712 0.470602
vt 0.310498 0.505689
vt 0.306612 0.506195
vt 0.310515 0.508288
vt 0.306626 0.508801
vt 0.310509 0.513999
vt 0.306605 0.51494
vt 0.31057 0.515939
vt 0.306662 0.516888
vt 0.388682 0.642334
vt 0.384775 0.637907
vt 0.384831 0.643504
vt 0.388631 0.637484
vt 0.388723 0.644449
vt 0.384872 0.645636
vt 0.384762 0.635189
vt 0.388617 0.634792
vt 0.384767 0.632562
vt 0.388625 0.632213
vt 0.384809 0.627732
vt 0.388665 0.628359
vt 0.384839 0.625537
vt 0.38487 0.623607
vt 0.388723 0.624891
vt 0.972625 0.145237
vt 0.973063 0.142979
vt 0.970796 0.146669
vt 0.968807 0.147268
vt 0.963846 0.144459
vt 0.967574 0.147255
vt 0.96527 0.146423
vt 0.971817 0.135388
vt 0.962181 0.138719
vt 0.961153 0.136102
vt 0.959791 0.133647
vt 0.973063 0.112735
vt 0.953435 0.124079
vt 0.9512 0.119455
vt 0.96797 0.104286
vt 0.971342 0.107688
vt 0.972637 0.110034
vt 0.950346 0.116767
vt 0.949949 0.113991
vt 0.950008 0.110077
vt 0.964193 0.101523
vt 0.95895 0.100396
vt 0.961641 0.100515
vt 0.950732 0.104766
vt 0.954068 0.101289
vt 0.951914 0.102522
vt 0.954359 0.767317
vt 0.948772 0.762597
vt 0.942916 0.765339
vt 0.952039 0.763607
vt 0.953874 0.765051
vt 0.946546 0.762579
vt 0.944279 0.763377
vt 0.941314 0.771493
vt 0.953157 0.775742
vt 0.940329 0.774109
vt 0.938962 0.776537
vt 0.932155 0.786419
vt 0.954359 0.799257
vt 0.929928 0.791438
vt 0.950667 0.806054
vt 0.952533 0.804197
vt 0.953896 0.801926
vt 0.929147 0.794149
vt 0.928769 0.796933
vt 0.948538 0.807891
vt 0.943826 0.810939
vt 0.928786 0.801606
vt 0.938547 0.811958
vt 0.92963 0.807565
vt 0.941243 0.811857
vt 0.932965 0.811003
vt 0.930816 0.809795
vt 0.459728 0.606208
vt 0.455926 0.583804
vt 0.455823 0.607331
vt 0.459829 0.583545
vt 0.45976 0.575961
vt 0.455861 0.575374
vt 0.45979 0.573699
vt 0.455894 0.573107
vt 0.459752 0.608906
vt 0.455848 0.610001
vt 0.459829 0.611245
vt 0.455931 0.612273
vt 0.388605 0.660899
vt 0.384766 0.660349
vt 0.384776 0.662209
vt 0.388595 0.659063
vt 0.384762 0.65705
vt 0.388593 0.657073
vt 0.388594 0.655841
vt 0.384765 0.654808
vt 0.388605 0.653542
vt 0.384775 0.65253
vt 0.611331 0.008567
vt 0.630443 0.362114
vt 0.630443 0.008567
vt 0.611331 0.362114
vt 0.6442 0.261246
vt 0.6449 0.003447
vt 0.6442 0.323118
vt 0.6449 0.362114
vt 0.597658 0.362114
vt 0.597658 0.003447
vt 0.223119 0.749846
vt 0.17501 0.736967
vt 0.174146 0.749846
vt 0.189066 0.723783
vt 0.208173 0.723783
vt 0.222242 0.736967
vt 0.239247 0.757265
vt 0.158024 0.757265
vt 0.238509 0.786077
vt 0.15879 0.786077
vt 0.228475 0.808054
vt 0.168846 0.808054
vt 0.885 0.371106
vt 0.872173 0.003447
vt 0.872173 0.371106
vt 0.885 0.012439
vt 0.143138 0.786599
vt 0.062793 0.757372
vt 0.063421 0.786599
vt 0.144014 0.757372
vt 0.133165 0.808493
vt 0.073537 0.808493
vt 0.07904 0.749628
vt 0.128012 0.749628
vt 0.127428 0.736004
vt 0.11351 0.722418
vt 0.094403 0.722418
vt 0.080196 0.736004
vt 0.547024 0.34207
vt 0.568506 0.381066
vt 0.568506 0.003454
vt 0.539662 0.381066
vt 0.539662 0.34207
vt 0.547024 0.280198
vt 0.539662 0.009401
vt 0.539662 0.280198
vt 0.590759 0.003447
vt 0.590759 0.381058
vt 0.481451 0.003447
vt 0.510285 0.381059
vt 0.510285 0.003447
vt 0.481451 0.375111
vt 0.532764 0.381058
vt 0.532764 0.003447
vt 0.003449 0.003447
vt 0.06307 0.381059
vt 0.06307 0.003447
vt 0.003449 0.381059
vt 0.891898 0.547927
vt 0.905379 0.281137
vt 0.892518 0.290128
vt 0.905379 0.547928
vt 0.985815 0.818852
vt 0.962553 0.856775
vt 0.985815 0.856775
vt 0.962553 0.818852
vt 0.564665 0.849466
vt 0.586452 0.818345
vt 0.564665 0.818345
vt 0.586452 0.849466
vt 0.98576 0.797018
vt 0.973509 0.764236
vt 0.973509 0.798755
vt 0.98576 0.765894
vt 0.961257 0.762579
vt 0.961257 0.800493
vt 0.870894 0.980173
vt 0.849648 0.967838
vt 0.849108 0.980171
vt 0.870894 0.96784
vt 0.847633 0.955505
vt 0.870894 0.955507
vt 0.409337 0.977899
vt 0.38755 0.965536
vt 0.38755 0.977899
vt 0.408796 0.965536
vt 0.38755 0.953173
vt 0.410812 0.953173
vt 0.958059 0.702549
vt 0.970351 0.669701
vt 0.958059 0.671424
vt 0.970351 0.704221
vt 0.982676 0.66807
vt 0.982676 0.705985
vt 0.968874 0.990472
vt 0.971177 0.98235
vt 0.968635 0.982748
vt 0.973532 0.990472
vt 0.966777 0.983833
vt 0.968893 0.996153
vt 0.97355 0.996153
vt 0.973721 0.982748
vt 0.975586 0.983833
vt 0.987207 0.371329
vt 0.989286 0.377993
vt 0.989068 0.370239
vt 0.99161 0.36984
vt 0.994154 0.370239
vt 0.993943 0.377993
vt 0.989288 0.383696
vt 0.993946 0.383696
vt 0.996016 0.371329
vt 0.223621 0.545684
vt 0.22538 0.55034
vt 0.22538 0.545684
vt 0.223621 0.55034
vt 0.387802 0.552057
vt 0.386044 0.550153
vt 0.386044 0.552057
vt 0.387802 0.550153
vt 0.386044 0.547597
vt 0.387802 0.547597
vt 0.386044 0.545072
vt 0.387802 0.545072
vt 0.386044 0.543255
vt 0.387802 0.543255
vt 0.22538 0.491831
vt 0.223621 0.498438
vt 0.22538 0.498438
vt 0.223622 0.491831
vt 0.223622 0.504139
vt 0.22538 0.504139
vt 0.386044 0.513352
vt 0.387802 0.507657
vt 0.386044 0.507657
vt 0.387802 0.513352
vt 0.386044 0.519902
vt 0.387802 0.519902
vt 0.019798 0.95061
vt 0.003449 0.989606
vt 0.019798 0.989606
vt 0.003449 0.95061
vt 0.849367 0.371106
vt 0.865275 0.003447
vt 0.849367 0.003447
vt 0.865275 0.375111
vt 0.137557 0.97737
vt 0.125822 0.946226
vt 0.118336 0.974383
vt 0.137557 0.941932
vt 0.121297 0.946211
vt 0.119746 0.959671
vt 0.103622 0.96701
vt 0.103814 0.974336
vt 0.840734 0.84883
vt 0.83621 0.910702
vt 0.840734 0.910702
vt 0.83621 0.84883
vt 0.824624 0.840865
vt 0.824624 0.918667
vt 0.244622 0.814949
vt 0.209035 0.892751
vt 0.244622 0.892751
vt 0.209035 0.814948
vt 0.096724 0.977506
vt 0.077507 0.945672
vt 0.084993 0.973965
vt 0.096724 0.941932
vt 0.080469 0.973962
vt 0.078918 0.960445
vt 0.062793 0.953018
vt 0.062985 0.945665
vt 0.286596 0.939224
vt 0.267771 0.869387
vt 0.267771 0.931259
vt 0.286596 0.861421
vt 0.253246 0.869387
vt 0.253246 0.931259
vt 0.891898 0.007452
vt 0.908247 0.274243
vt 0.908247 0.003447
vt 0.891898 0.274243
vt 0.43119 0.992171
vt 0.41771 0.953173
vt 0.41833 0.99217
vt 0.43119 0.953175
vt 0.744148 0.467801
vt 0.796938 0.543277
vt 0.796938 0.467799
vt 0.721673 0.527921
vt 0.295375 0.746755
vt 0.310684 0.745128
vt 0.302183 0.738625
vt 0.298679 0.759466
vt 0.279912 0.735968
vt 0.285565 0.729216
vt 0.269125 0.720469
vt 0.276276 0.715328
vt 0.253931 0.690518
vt 0.262126 0.687288
vt 0.253246 0.681065
vt 0.261915 0.682627
vt 0.257527 0.670709
vt 0.26462 0.675929
vt 0.287114 0.638733
vt 0.292914 0.645359
vt 0.288877 0.628401
vt 0.298504 0.643494
vt 0.298615 0.623478
vt 0.305863 0.641039
vt 0.310684 0.650567
vt 0.303325 0.653021
vt 0.517782 0.744677
vt 0.581224 0.811451
vt 0.581224 0.734719
vt 0.507219 0.796339
vt 0.362561 0.636318
vt 0.377863 0.637938
vt 0.365864 0.623607
vt 0.369366 0.644445
vt 0.347103 0.647113
vt 0.352754 0.653862
vt 0.336319 0.662616
vt 0.343469 0.667753
vt 0.321131 0.692573
vt 0.329323 0.695799
vt 0.320447 0.702025
vt 0.329113 0.700459
vt 0.324726 0.712379
vt 0.331816 0.707155
vt 0.354302 0.744337
vt 0.3601 0.737709
vt 0.356064 0.754668
vt 0.365688 0.739571
vt 0.365799 0.759585
vt 0.373044 0.742021
vt 0.377863 0.732492
vt 0.370507 0.730042
vt 0.293585 0.861443
vt 0.307771 0.871177
vt 0.307795 0.861421
vt 0.293561 0.871199
vt 0.307704 0.88734
vt 0.293494 0.887362
vt 0.307715 0.90397
vt 0.293505 0.903991
vt 0.307771 0.935366
vt 0.293561 0.935387
vt 0.307795 0.939568
vt 0.293585 0.93959
vt 0.959879 0.98235
vt 0.949211 0.996553
vt 0.959879 0.996552
vt 0.949211 0.982352
vt 0.915155 0.012376
vt 0.929355 0.045914
vt 0.929365 0.012383
vt 0.915145 0.045908
vt 0.929357 0.064442
vt 0.915147 0.064435
vt 0.929378 0.080536
vt 0.915168 0.08053
vt 0.929366 0.093502
vt 0.915156 0.093496
vt 0.915168 0.003447
vt 0.929378 0.003453
vt 0.935294 0.981813
vt 0.924392 0.996013
vt 0.935294 0.996014
vt 0.924392 0.981812
vt 0.379791 0.993475
vt 0.365581 0.975952
vt 0.365581 0.993486
vt 0.379791 0.975941
vt 0.653378 0.884287
vt 0.706112 0.822958
vt 0.653378 0.822952
vt 0.706112 0.884294
vt 0.977536 0.486761
vt 0.991738 0.528252
vt 0.991747 0.486777
vt 0.977527 0.528237
vt 0.991747 0.537073
vt 0.977536 0.537058
vt 0.977057 0.259803
vt 0.991273 0.265568
vt 0.991267 0.259793
vt 0.977063 0.265577
vt 0.977057 0.220077
vt 0.991268 0.220068
vt 0.977063 0.214404
vt 0.991273 0.214395
vt 0.770462 0.899999
vt 0.812473 0.947738
vt 0.812473 0.900017
vt 0.770462 0.94772
vt 0.358496 0.975811
vt 0.350889 0.990015
vt 0.358496 0.990012
vt 0.350889 0.975814
vt 0.995899 0.03372
vt 0.987142 0.047905
vt 0.995899 0.047921
vt 0.987142 0.033703
vt 0.714751 0.816058
vt 0.653378 0.740585
vt 0.653378 0.816044
vt 0.714751 0.740599
vt 0.800002 0.954631
vt 0.814207 0.965314
vt 0.814212 0.954641
vt 0.799997 0.965305
vt 0.814212 0.984211
vt 0.800002 0.984201
vt 0.448924 0.824758
vt 0.38755 0.7504
vt 0.38755 0.824724
vt 0.448924 0.750433
vt 0.897871 0.555524
vt 0.888697 0.813573
vt 0.897871 0.813512
vt 0.888697 0.555585
vt 0.879567 0.813507
vt 0.879567 0.555519
vt 0.822438 0.29055
vt 0.815526 0.548622
vt 0.822438 0.548625
vt 0.815526 0.290547
vt 0.831665 0.29055
vt 0.831665 0.548626
vt 0.840734 0.290549
vt 0.840734 0.548625
vt 0.785479 0.555883
vt 0.778798 0.813216
vt 0.785479 0.81358
vt 0.778798 0.555519
vt 0.794625 0.556018
vt 0.794625 0.813714
vt 0.803784 0.555886
vt 0.803784 0.813582
vt 0.810504 0.555524
vt 0.810504 0.813221
vt 0.856774 0.555519
vt 0.847633 0.813606
vt 0.856774 0.813576
vt 0.847633 0.55555
vt 0.865938 0.555549
vt 0.865938 0.813605
vt 0.872669 0.555631
vt 0.872669 0.813687
vt 0.925207 0.510903
vt 0.942871 0.51563
vt 0.934673 0.510899
vt 0.947604 0.523829
vt 0.91701 0.515641
vt 0.947604 0.533298
vt 0.912277 0.523844
vt 0.942871 0.5415
vt 0.912277 0.533313
vt 0.934673 0.546238
vt 0.91701 0.541511
vt 0.925207 0.546242
vt 0.935356 0.970188
vt 0.917697 0.974913
vt 0.927161 0.974918
vt 0.909501 0.970174
vt 0.940088 0.961991
vt 0.904769 0.961971
vt 0.940088 0.952522
vt 0.904769 0.952502
vt 0.935356 0.944319
vt 0.909501 0.944304
vt 0.927161 0.93958
vt 0.917697 0.939574
vt 0.895009 0.955509
vt 0.88638 0.981473
vt 0.895009 0.981371
vt 0.88638 0.955611
vt 0.877793 0.981367
vt 0.877793 0.955505
vt 0.215536 0.952208
vt 0.209035 0.978193
vt 0.215536 0.978079
vt 0.209035 0.952322
vt 0.224213 0.95205
vt 0.224213 0.977921
vt 0.232741 0.95189
vt 0.232741 0.977761
vt 0.259524 0.591837
vt 0.233898 0.585557
vt 0.233674 0.591837
vt 0.259748 0.585557
vt 0.259441 0.600433
vt 0.233591 0.600433
vt 0.259522 0.609043
vt 0.233672 0.609043
vt 0.259744 0.615358
vt 0.233894 0.615358
vt 0.329043 0.952252
vt 0.320447 0.97799
vt 0.329043 0.978121
vt 0.320447 0.952121
vt 0.337661 0.952439
vt 0.337661 0.978307
vt 0.343991 0.952632
vt 0.343991 0.9785
vt 0.528264 0.97811
vt 0.511667 0.973672
vt 0.519369 0.978118
vt 0.507219 0.965963
vt 0.535967 0.97365
vt 0.50722 0.957058
vt 0.540414 0.965934
vt 0.511667 0.949341
vt 0.540414 0.957028
vt 0.51937 0.944882
vt 0.535967 0.94932
vt 0.528264 0.944874
vt 0.257692 0.950562
vt 0.274284 0.946127
vt 0.265392 0.946118
vt 0.281984 0.950588
vt 0.253246 0.958269
vt 0.28643 0.958306
vt 0.253246 0.967175
vt 0.28643 0.967211
vt 0.257692 0.974892
vt 0.281984 0.974918
vt 0.265392 0.979353
vt 0.274284 0.979362
vt 0.920507 0.150501
vt 0.943051 0.145138
vt 0.915145 0.130406
vt 0.943051 0.100396
vt 0.923172 0.104003
vt 0.962459 0.716151
vt 0.932171 0.735658
vt 0.959055 0.735649
vt 0.928769 0.716162
vt 0.962459 0.755674
vt 0.959055 0.755675
vt 0.928769 0.755685
vt 0.932172 0.755684
vt 0.915145 0.177491
vt 0.943037 0.207501
vt 0.943037 0.162756
vt 0.923168 0.203895
vt 0.920505 0.157394
vt 0.32411 0.890598
vt 0.34636 0.846991
vt 0.320447 0.848509
vt 0.347371 0.89536
vt 0.370632 0.860148
vt 0.370632 0.900123
vt 0.945965 0.423528
vt 0.946031 0.398295
vt 0.942615 0.403298
vt 0.942562 0.423527
vt 0.912342 0.39828
vt 0.915732 0.403285
vt 0.912277 0.423513
vt 0.91568 0.423514
vt 0.912342 0.4497
vt 0.915745 0.449701
vt 0.946031 0.449715
vt 0.942628 0.449714
vt 0.602824 0.910456
vt 0.580572 0.866875
vt 0.576909 0.908944
vt 0.603834 0.862111
vt 0.627097 0.897301
vt 0.627097 0.857347
vt 0.458227 0.971192
vt 0.447229 0.979588
vt 0.47002 0.979597
vt 0.456013 0.969003
vt 0.447229 0.952722
vt 0.461252 0.971995
vt 0.455202 0.966012
vt 0.456013 0.963023
vt 0.458227 0.960835
vt 0.461252 0.960035
vt 0.47002 0.952731
vt 0.467301 0.966017
vt 0.46649 0.969007
vt 0.464276 0.971195
vt 0.46649 0.963027
vt 0.464276 0.960837
vt 0.59879 0.953969
vt 0.610598 0.958385
vt 0.599591 0.950942
vt 0.596599 0.956185
vt 0.593607 0.956994
vt 0.576909 0.958362
vt 0.590616 0.956181
vt 0.588425 0.953963
vt 0.587624 0.950934
vt 0.610598 0.917373
vt 0.59879 0.947914
vt 0.576909 0.91735
vt 0.596599 0.945696
vt 0.593607 0.944882
vt 0.590616 0.945692
vt 0.588425 0.947907
vt 0.945966 0.48031
vt 0.912277 0.504
vt 0.945966 0.504006
vt 0.912277 0.480305
vt 0.945966 0.456614
vt 0.912277 0.456609
vt 0.617496 0.91735
vt 0.644378 0.962086
vt 0.644378 0.917356
vt 0.617496 0.96208
vt 0.570001 0.915809
vt 0.562712 0.924188
vt 0.569942 0.924186
vt 0.562771 0.91581
vt 0.562771 0.932605
vt 0.570001 0.932604
vt 0.936276 0.080256
vt 0.943477 0.090762
vt 0.941228 0.080257
vt 0.936276 0.090027
vt 0.949439 0.088656
vt 0.94719 0.080258
vt 0.943477 0.069752
vt 0.949439 0.07186
vt 0.936276 0.070486
vt 0.988488 0.956187
vt 0.995702 0.948978
vt 0.988469 0.948987
vt 0.99572 0.956178
vt 0.99572 0.943004
vt 0.988488 0.943013
vt 0.622447 0.979485
vt 0.630656 0.987882
vt 0.628407 0.979484
vt 0.624695 0.989989
vt 0.624695 0.96898
vt 0.630656 0.971086
vt 0.617496 0.969715
vt 0.617496 0.979485
vt 0.617496 0.989256
vt 0.173141 0.988672
vt 0.180374 0.982643
vt 0.173141 0.982643
vt 0.180374 0.988672
vt 0.173142 0.995849
vt 0.180374 0.995849
vt 0.562712 0.889374
vt 0.569934 0.899143
vt 0.569934 0.889373
vt 0.562712 0.899144
vt 0.569934 0.908914
vt 0.562712 0.908915
vt 0.385842 0.696922
vt 0.387329 0.693635
vt 0.385842 0.693624
vt 0.387329 0.696932
vt 0.388822 0.693625
vt 0.388822 0.696922
vt 0.388745 0.697307
vt 0.38733 0.697316
vt 0.385922 0.693233
vt 0.38733 0.693243
vt 0.388745 0.693233
vt 0.384898 0.693205
vt 0.384762 0.693596
vt 0.385922 0.697306
vt 0.385164 0.685217
vt 0.388452 0.686312
vt 0.388465 0.685217
vt 0.385151 0.686312
vt 0.385169 0.683726
vt 0.38847 0.683726
vt 0.385164 0.682239
vt 0.388465 0.682239
vt 0.384779 0.683727
vt 0.384774 0.682318
vt 0.385151 0.681154
vt 0.384762 0.68129
vt 0.384774 0.685139
vt 0.388852 0.682318
vt 0.388856 0.683727
vt 0.388852 0.685139
vt 0.384762 0.686177
vt 0.388449 0.674261
vt 0.385213 0.673174
vt 0.385154 0.674261
vt 0.388509 0.673174
vt 0.385235 0.671686
vt 0.388531 0.671686
vt 0.385213 0.670196
vt 0.388509 0.670196
vt 0.385154 0.669103
vt 0.38845 0.669103
vt 0.38889 0.670274
vt 0.38891 0.671686
vt 0.384838 0.671686
vt 0.384818 0.670274
vt 0.384762 0.669238
vt 0.388889 0.673095
vt 0.384762 0.674125
vt 0.384818 0.673095
vt 0.051162 0.690841
vt 0.054462 0.691965
vt 0.054463 0.690841
vt 0.051162 0.691966
vt 0.054462 0.693466
vt 0.051162 0.693467
vt 0.054463 0.694942
vt 0.051162 0.694942
vt 0.050773 0.692039
vt 0.050773 0.690974
vt 0.054851 0.690974
vt 0.054851 0.692039
vt 0.050773 0.693462
vt 0.054851 0.693461
vt 0.050773 0.694859
vt 0.054851 0.694859
vt 0.050774 0.695858
vt 0.051162 0.695996
vt 0.714666 0.288451
vt 0.711942 0.287721
vt 0.713206 0.288451
vt 0.711213 0.286456
vt 0.715931 0.287721
vt 0.711213 0.284996
vt 0.716661 0.286456
vt 0.711944 0.283731
vt 0.716662 0.284996
vt 0.713209 0.283001
vt 0.715932 0.283731
vt 0.714669 0.283001
vt 0.724289 0.283731
vt 0.727012 0.283001
vt 0.725553 0.283001
vt 0.728277 0.283731
vt 0.72356 0.284996
vt 0.729007 0.284996
vt 0.723561 0.286456
vt 0.729008 0.286456
vt 0.724291 0.287721
vt 0.728279 0.287721
vt 0.725556 0.288451
vt 0.727015 0.288451
vt 0.771218 0.764534
vt 0.766832 0.762353
vt 0.766064 0.764535
vt 0.771858 0.762352
vt 0.770984 0.767522
vt 0.765783 0.767523
vt 0.771218 0.770514
vt 0.766064 0.770515
vt 0.771858 0.772709
vt 0.766832 0.77271
vt 0.050773 0.680965
vt 0.05549 0.683947
vt 0.055274 0.680965
vt 0.050942 0.683947
vt 0.050944 0.677968
vt 0.055492 0.677968
vt 0.055608 0.671074
vt 0.051096 0.667723
vt 0.051186 0.670006
vt 0.055644 0.668821
vt 0.050945 0.664606
vt 0.055665 0.665746
vt 0.050773 0.661493
vt 0.055665 0.662674
vt 0.460716 0.655275
vt 0.456155 0.65327
vt 0.455994 0.656408
vt 0.460705 0.652178
vt 0.456261 0.650922
vt 0.460685 0.649861
vt 0.460716 0.658322
vt 0.455823 0.659496
vt 0.866553 0.548033
vt 0.863286 0.508933
vt 0.863286 0.548082
vt 0.866553 0.508885
vt 0.856597 0.394785
vt 0.855627 0.548195
vt 0.86329 0.394688
vt 0.87388 0.54814
vt 0.87388 0.508992
vt 0.847633 0.548626
vt 0.849317 0.395177
vt 0.874178 0.50898
vt 0.874178 0.548129
vt 0.050773 0.541692
vt 0.059065 0.387953
vt 0.051128 0.387952
vt 0.059681 0.541692
vt 0.904769 0.716152
vt 0.912828 0.86988
vt 0.91371 0.716151
vt 0.904868 0.869881
vt 0.920255 0.869881
vt 0.921871 0.716152
vt 0.904769 0.709141
vt 0.912623 0.67004
vt 0.905016 0.669924
vt 0.912376 0.709257
vt 0.9162 0.670039
vt 0.915953 0.709256
vt 0.923925 0.709242
vt 0.923925 0.555519
vt 0.916923 0.555546
vt 0.456817 0.625598
vt 0.455823 0.636053
vt 0.45634 0.635842
vt 0.456285 0.625904
vt 0.459967 0.642967
vt 0.460555 0.642733
vt 0.460555 0.619775
vt 0.45958 0.619167
vt 0.190907 0.96681
vt 0.192604 0.974425
vt 0.193263 0.974369
vt 0.190475 0.966374
vt 0.193701 0.97795
vt 0.194267 0.977593
vt 0.199956 0.983022
vt 0.19984 0.982744
vt 0.193383 0.955826
vt 0.192941 0.955486
vt 0.199956 0.949562
vt 0.199451 0.94918
vt 0.142607 0.441134
vt 0.143199 0.287639
vt 0.142607 0.287621
vt 0.143199 0.441153
vt 0.224287 0.518813
vt 0.224936 0.522332
vt 0.22549 0.521969
vt 0.223621 0.518882
vt 0.22549 0.511323
vt 0.225409 0.511032
vt 0.223756 0.445584
vt 0.22473 0.331083
vt 0.223621 0.331079
vt 0.224346 0.445584
vt 0.651798 0.300488
vt 0.709266 0.310214
vt 0.71309 0.300542
vt 0.655622 0.310166
vt 0.651798 0.361823
vt 0.655622 0.352151
vt 0.71309 0.361877
vt 0.709266 0.352198
vt 0.69539 0.945499
vt 0.653378 0.891219
vt 0.653378 0.945531
vt 0.69539 0.891187
vt 0.489241 0.945805
vt 0.447229 0.895706
vt 0.447229 0.945829
vt 0.489241 0.895682
vt 0.557767 0.826308
vt 0.509754 0.874458
vt 0.557767 0.882479
vt 0.507219 0.818345
vt 0.113363 0.815386
vt 0.062793 0.879541
vt 0.113363 0.871557
vt 0.065329 0.823427

usemtl _Plain
usemap _Plain
f 1/1/1 2/2/2 3/3/3
f 4/4/4 2/2/2 1/1/1
f 5/5/5 6/6/6 7/7/7
f 8/8/8 6/6/6 5/5/5
f 6/6/6 9/9/9 7/7/7
f 10/10/10 9/9/9 6/6/6
f 11/11/11 10/10/10 6/6/6
f 12/12/12 10/10/10 11/11/11
f 13/13/13 14/14/14 15/15/15
f 14/14/14 13/13/13 16/16/16
f 16/16/16 13/13/13 17/17/17
f 13/13/13 18/18/18 17/17/17
f 18/18/18 13/13/13 19/19/19
f 18/18/18 19/19/19 20/20/20
f 21/21/21 22/22/22 23/23/23
f 24/24/24 22/22/22 21/21/21
f 25/25/25 26/26/26 27/27/27
f 26/26/26 25/25/25 28/28/28
f 26/26/26 28/28/28 29/29/29
f 30/30/30 31/31/31 32/32/32
f 31/31/31 30/30/30 33/33/33
f 31/31/31 33/33/33 34/34/34
f 35/35/35 36/36/36 37/37/37
f 38/38/38 36/36/36 35/35/35
f 36/36/36 39/39/39 37/37/37
f 37/37/37 39/39/39 40/40/40
f 39/39/39 41/41/41 40/40/40
f 40/40/40 41/41/41 42/42/42
f 41/41/41 43/43/43 42/42/42
f 42/42/42 43/43/43 44/44/44
f 43/43/43 45/45/45 44/44/44
f 44/44/44 45/45/45 46/46/46
f 45/45/45 47/47/47 46/46/46
f 46/46/46 47/47/47 48/48/48
f 47/47/47 49/49/49 48/48/48
f 48/48/48 49/49/49 50/50/50
f 49/49/49 51/51/51 50/50/50
f 50/50/50 51/51/51 52/52/52
f 53/53/53 52/52/52 51/51/51
f 54/54/54 52/52/52 53/53/53
f 55/55/55 56/56/56 57/57/57
f 58/58/58 56/56/56 55/55/55
f 58/58/58 59/59/59 56/56/56
f 60/60/60 59/59/59 58/58/58
f 60/60/60 61/61/61 59/59/59
f 62/62/62 61/61/61 60/60/60
f 62/62/62 63/63/63 61/61/61
f 64/64/64 63/63/63 62/62/62
f 64/64/64 65/65/65 63/63/63
f 66/66/66 65/65/65 64/64/64
f 66/66/66 67/67/67 65/65/65
f 68/68/68 67/67/67 66/66/66
f 68/68/68 69/69/69 67/67/67
f 70/70/70 69/69/69 68/68/68
f 70/70/70 71/71/71 69/69/69
f 72/72/72 71/71/71 70/70/70
f 71/71/71 72/72/72 73/73/73
f 73/73/73 72/72/72 74/74/74
f 75/75/75 76/76/76 77/77/77
f 78/78/78 76/76/76 75/75/75
f 79/79/79 80/80/80 81/81/81
f 82/82/82 80/80/80 79/79/79
f 80/80/80 83/83/83 81/81/81
f 81/81/81 83/83/83 84/84/84
f 83/83/83 85/85/85 84/84/84
f 84/84/84 85/85/85 86/86/86
f 85/85/85 87/87/87 86/86/86
f 86/86/86 87/87/87 88/88/88
f 89/89/89 82/82/82 79/79/79
f 90/90/90 82/82/82 89/89/89
f 91/91/91 90/90/90 89/89/89
f 92/92/92 90/90/90 91/91/91
f 93/93/93 92/92/92 91/91/91
f 94/94/94 92/92/92 93/93/93
f 95/95/95 94/94/94 93/93/93
f 96/96/96 94/94/94 95/95/95
f 97/97/97 96/96/96 95/95/95
f 98/98/98 96/96/96 97/97/97
f 99/99/99 100/100/100 101/101/101
f 102/102/102 100/100/100 99/99/99
f 100/100/100 103/103/103 101/101/101
f 101/101/101 103/103/103 104/104/104
f 105/105/105 102/102/102 99/99/99
f 106/106/106 102/102/102 105/105/105
f 107/107/107 106/106/106 105/105/105
f 108/108/108 106/106/106 107/107/107
f 109/109/109 108/108/108 107/107/107
f 110/110/110 108/108/108 109/109/109
f 111/111/111 110/110/110 109/109/109
f 112/112/112 110/110/110 111/111/111
f 113/113/113 112/112/112 111/111/111
f 114/114/114 112/112/112 113/113/113
f 115/115/115 114/114/114 113/113/113
f 116/116/116 114/114/114 115/115/115
f 117/117/117 116/116/116 115/115/115
f 118/118/118 116/116/116 117/117/117
f 119/119/119 120/120/120 121/121/121
f 122/122/122 120/120/120 119/119/119
f 122/122/122 123/123/123 120/120/120
f 124/124/124 123/123/123 122/122/122
f 125/125/125 126/126/126 127/127/127
f 128/128/128 126/126/126 125/125/125
f 125/125/125 127/127/127 129/129/129
f 129/129/129 127/127/127 130/130/130
f 129/129/129 130/130/130 131/131/131
f 131/131/131 130/130/130 132/132/132
f 131/131/131 132/132/132 133/133/133
f 133/133/133 132/132/132 134/134/134
f 135/135/135 136/136/136 137/137/137
f 138/138/138 136/136/136 135/135/135
f 135/135/135 137/137/137 139/139/139
f 139/139/139 137/137/137 140/140/140
f 141/141/141 142/142/142 143/143/143
f 144/144/144 142/142/142 141/141/141
f 141/141/141 143/143/143 145/145/145
f 145/145/145 143/143/143 146/146/146
f 145/145/145 146/146/146 147/147/147
f 147/147/147 146/146/146 148/148/148
f 147/147/147 148/148/148 149/149/149
f 149/149/149 148/148/148 150/150/150
f 151/151/151 152/152/152 153/153/153
f 152/152/152 151/151/151 154/154/154
f 154/154/154 151/151/151 155/155/155
f 154/154/154 155/155/155 156/156/156
f 156/156/156 155/155/155 157/157/157
f 156/156/156 157/157/157 158/158/158
f 158/158/158 157/157/157 159/159/159
f 158/158/158 159/159/159 160/160/160
f 158/158/158 160/160/160 161/161/161
f 161/161/161 160/160/160 162/162/162
f 163/163/163 164/164/164 165/165/165
f 164/164/164 163/163/163 166/166/166
f 166/166/166 163/163/163 167/167/167
f 166/166/166 167/167/167 168/168/168
f 168/168/168 167/167/167 169/169/169
f 168/168/168 169/169/169 170/170/170
f 170/170/170 169/169/169 171/171/171
f 170/170/170 171/171/171 172/172/172
f 172/172/172 171/171/171 173/173/173
f 172/172/172 173/173/173 174/174/174
f 175/175/175 176/176/176 177/177/177
f 178/178/178 176/176/176 175/175/175
f 178/178/178 179/179/179 176/176/176
f 180/180/180 179/179/179 178/178/178
f 180/180/180 181/181/181 179/179/179
f 182/182/182 181/181/181 180/180/180
f 182/182/182 183/183/183 181/181/181
f 184/184/184 183/183/183 182/182/182
f 184/184/184 185/185/185 183/183/183
f 186/186/186 185/185/185 184/184/184
f 186/186/186 187/187/187 185/185/185
f 188/188/188 187/187/187 186/186/186
f 188/188/188 189/189/189 187/187/187
f 190/190/190 189/189/189 188/188/188
f 190/190/190 191/191/191 189/189/189
f 192/192/192 191/191/191 190/190/190
f 191/191/191 192/192/192 193/193/193
f 193/193/193 192/192/192 194/194/194
f 195/195/195 196/196/196 197/197/197
f 198/198/198 196/196/196 195/195/195
f 196/196/196 199/199/199 197/197/197
f 197/197/197 199/199/199 200/200/200
f 199/199/199 201/201/201 200/200/200
f 200/200/200 201/201/201 202/202/202
f 201/201/201 203/203/203 202/202/202
f 202/202/202 203/203/203 204/204/204
f 203/203/203 205/205/205 204/204/204
f 204/204/204 205/205/205 206/206/206
f 205/205/205 207/207/207 206/206/206
f 206/206/206 207/207/207 208/208/208
f 207/207/207 209/209/209 208/208/208
f 208/208/208 209/209/209 210/210/210
f 209/209/209 211/211/211 210/210/210
f 210/210/210 211/211/211 212/212/212
f 213/213/213 212/212/212 211/211/211
f 214/214/214 212/212/212 213/213/213
f 215/215/215 216/216/216 217/217/217
f 218/218/218 216/216/216 215/215/215
f 219/219/219 220/220/220 221/221/221
f 222/222/222 220/220/220 219/219/219
f 222/222/222 223/223/223 220/220/220
f 224/224/224 223/223/223 222/222/222
f 224/224/224 225/225/225 223/223/223
f 226/226/226 225/225/225 224/224/224
f 226/226/226 227/227/227 225/225/225
f 228/228/228 227/227/227 226/226/226
f 219/219/219 221/221/221 229/229/229
f 229/229/229 221/221/221 230/230/230
f 229/229/229 230/230/230 231/231/231
f 231/231/231 230/230/230 232/232/232
f 231/231/231 232/232/232 233/233/233
f 233/233/233 232/232/232 234/234/234
f 233/233/233 234/234/234 235/235/235
f 235/235/235 234/234/234 236/236/236
f 235/235/235 236/236/236 237/237/237
f 237/237/237 236/236/236 238/238/238
f 239/239/239 240/240/240 241/241/241
f 242/242/242 240/240/240 239/239/239
f 242/242/242 243/243/243 240/240/240
f 244/244/244 243/243/243 242/242/242
f 239/239/239 241/241/241 245/245/245
f 245/245/245 241/241/241 246/246/246
f 245/245/245 246/246/246 247/247/247
f 247/247/247 246/246/246 248/248/248
f 247/247/247 248/248/248 249/249/249
f 249/249/249 248/248/248 250/250/250
f 249/249/249 250/250/250 251/251/251
f 251/251/251 250/250/250 252/252/252
f 251/251/251 252/252/252 253/253/253
f 253/253/253 252/252/252 254/254/254
f 253/253/253 254/254/254 255/255/255
f 255/255/255 254/254/254 256/256/256
f 255/255/255 256/256/256 257/257/257
f 257/257/257 256/256/256 258/258/258
f 259/259/259 260/260/260 261/261/261
f 262/262/262 260/260/260 259/259/259
f 260/260/260 263/263/263 261/261/261
f 261/261/261 263/263/263 264/264/264
f 263/263/263 265/265/265 264/264/264
f 264/264/264 265/265/265 266/266/266
f 266/266/266 262/262/262 259/259/259
f 265/265/265 262/262/262 266/266/266
f 267/267/267 268/268/268 269/269/269
f 270/270/270 268/268/268 267/267/267
f 271/271/271 272/272/272 273/273/273
f 274/274/274 272/272/272 271/271/271
f 275/275/275 276/276/276 277/277/277
f 278/278/278 276/276/276 275/275/275
f 279/279/279 280/280/280 281/281/281
f 282/282/282 280/280/280 279/279/279
f 283/283/283 284/284/284 285/285/285
f 286/286/286 284/284/284 283/283/283
f 287/287/287 288/288/288 289/289/289
f 290/290/290 288/288/288 287/287/287
f 291/291/291 292/292/292 293/293/293
f 294/294/294 292/292/292 291/291/291
f 295/295/295 294/294/294 291/291/291
f 296/296/296 294/294/294 295/295/295
f 296/296/296 297/297/297 294/294/294
f 298/298/298 297/297/297 296/296/296
f 294/294/294 299/299/299 292/292/292
f 297/297/297 299/299/299 294/294/294
f 295/295/295 291/291/291 300/300/300
f 300/300/300 291/291/291 301/301/301
f 291/291/291 293/293/293 301/301/301
f 301/301/301 293/293/293 302/302/302
f 303/303/303 304/304/304 305/305/305
f 306/306/306 304/304/304 303/303/303
f 307/307/307 306/306/306 303/303/303
f 308/308/308 306/306/306 307/307/307
f 309/309/309 308/308/308 307/307/307
f 310/310/310 308/308/308 309/309/309
f 311/311/311 310/310/310 309/309/309
f 312/312/312 310/310/310 311/311/311
f 308/308/308 313/313/313 306/306/306
f 314/314/314 313/313/313 308/308/308
f 310/310/310 314/314/314 308/308/308
f 306/306/306 315/315/315 304/304/304
f 313/313/313 315/315/315 306/306/306
f 316/316/316 314/314/314 310/310/310
f 312/312/312 316/316/316 310/310/310
f 317/317/317 316/316/316 312/312/312
f 307/307/307 303/303/303 318/318/318
f 318/318/318 303/303/303 319/319/319
f 303/303/303 305/305/305 319/319/319
f 319/319/319 305/305/305 320/320/320
f 321/321/321 307/307/307 318/318/318
f 309/309/309 307/307/307 321/321/321
f 322/322/322 309/309/309 321/321/321
f 311/311/311 309/309/309 322/322/322
f 323/323/323 324/324/324 325/325/325
f 326/326/326 324/324/324 323/323/323
f 326/326/326 327/327/327 324/324/324
f 328/328/328 327/327/327 326/326/326
f 323/323/323 325/325/325 329/329/329
f 329/329/329 325/325/325 330/330/330
f 331/331/331 328/328/328 326/326/326
f 332/332/332 328/328/328 331/331/331
f 333/333/333 332/332/332 331/331/331
f 334/334/334 332/332/332 333/333/333
f 335/335/335 334/334/334 333/333/333
f 336/336/336 334/334/334 335/335/335
f 337/337/337 336/336/336 335/335/335
f 338/338/338 336/336/336 337/337/337
f 339/339/339 338/338/338 337/337/337
f 340/340/340 338/338/338 339/339/339
f 341/341/341 340/340/340 339/339/339
f 342/342/342 340/340/340 341/341/341
f 341/341/341 343/343/343 342/342/342
f 342/342/342 343/343/343 344/344/344
f 345/345/345 344/344/344 343/343/343
f 346/346/346 344/344/344 345/345/345
f 333/333/333 331/331/331 347/347/347
f 339/339/339 337/337/337 348/348/348
f 348/348/348 337/337/337 349/349/349
f 337/337/337 335/335/335 349/349/349
f 349/349/349 335/335/335 350/350/350
f 350/350/350 333/333/333 347/347/347
f 335/335/335 333/333/333 350/350/350
f 343/343/343 341/341/341 351/351/351
f 351/351/351 341/341/341 352/352/352
f 352/352/352 339/339/339 348/348/348
f 341/341/341 339/339/339 352/352/352
f 353/353/353 343/343/343 351/351/351
f 345/345/345 343/343/343 353/353/353
f 347/347/347 331/331/331 354/354/354
f 331/331/331 326/326/326 354/354/354
f 354/354/354 326/326/326 355/355/355
f 326/326/326 323/323/323 355/355/355
f 355/355/355 323/323/323 356/356/356
f 323/323/323 329/329/329 356/356/356
f 356/356/356 329/329/329 357/357/357
f 358/358/358 359/359/359 360/360/360
f 361/361/361 359/359/359 358/358/358
f 362/362/362 361/361/361 358/358/358
f 363/363/363 361/361/361 362/362/362
f 364/364/364 363/363/363 362/362/362
f 365/365/365 363/363/363 364/364/364
f 363/363/363 366/366/366 361/361/361
f 367/367/367 366/366/366 363/363/363
f 365/365/365 367/367/367 363/363/363
f 368/368/368 367/367/367 365/365/365
f 361/361/361 369/369/369 359/359/359
f 366/366/366 369/369/369 361/361/361
f 362/362/362 358/358/358 370/370/370
f 370/370/370 358/358/358 371/371/371
f 358/358/358 360/360/360 371/371/371
f 372/372/372 362/362/362 370/370/370
f 364/364/364 362/362/362 372/372/372
f 371/371/371 360/360/360 373/373/373
f 374/374/374 375/375/375 376/376/376
f 377/377/377 375/375/375 374/374/374
f 375/375/375 378/378/378 376/376/376
f 376/376/376 378/378/378 379/379/379
f 378/378/378 380/380/380 379/379/379
f 379/379/379 380/380/380 381/381/381
f 379/379/379 381/381/381 382/382/382
f 382/382/382 381/381/381 383/383/383
f 382/382/382 383/383/383 384/384/384
f 384/384/384 383/383/383 385/385/385
f 384/384/384 385/385/385 386/386/386
f 386/386/386 385/385/385 387/387/387
f 386/386/386 387/387/387 388/388/388
f 388/388/388 387/387/387 389/389/389
f 388/388/388 389/389/389 390/390/390
f 390/390/390 389/389/389 391/391/391
f 390/390/390 391/391/391 392/392/392
f 392/392/392 391/391/391 393/393/393
f 393/393/393 394/394/394 392/392/392
f 395/395/395 394/394/394 393/393/393
f 394/394/394 395/395/395 396/396/396
f 396/396/396 395/395/395 397/397/397
f 384/384/384 398/398/398 382/382/382
f 399/399/399 398/398/398 384/384/384
f 386/386/386 399/399/399 384/384/384
f 398/398/398 400/400/400 382/382/382
f 382/382/382 400/400/400 379/379/379
f 400/400/400 401/401/401 379/379/379
f 379/379/379 401/401/401 376/376/376
f 401/401/401 402/402/402 376/376/376
f 376/376/376 402/402/402 374/374/374
f 394/394/394 403/403/403 392/392/392
f 404/404/404 403/403/403 394/394/394
f 396/396/396 404/404/404 394/394/394
f 405/405/405 404/404/404 396/396/396
f 403/403/403 406/406/406 392/392/392
f 392/392/392 406/406/406 390/390/390
f 406/406/406 407/407/407 390/390/390
f 390/390/390 407/407/407 388/388/388
f 407/407/407 408/408/408 388/388/388
f 388/388/388 408/408/408 386/386/386
f 408/408/408 399/399/399 386/386/386
f 409/409/409 410/410/410 411/411/411
f 412/412/412 410/410/410 409/409/409
f 413/413/413 412/412/412 409/409/409
f 414/414/414 412/412/412 413/413/413
f 415/415/415 414/414/414 413/413/413
f 416/416/416 414/414/414 415/415/415
f 417/417/417 416/416/416 415/415/415
f 418/418/418 416/416/416 417/417/417
f 419/419/419 418/418/418 417/417/417
f 420/420/420 418/418/418 419/419/419
f 410/410/410 421/421/421 411/411/411
f 411/411/411 421/421/421 422/422/422
f 421/421/421 423/423/423 422/422/422
f 422/422/422 423/423/423 424/424/424
f 423/423/423 425/425/425 424/424/424
f 424/424/424 425/425/425 426/426/426
f 425/425/425 427/427/427 426/426/426
f 426/426/426 427/427/427 428/428/428
f 429/429/429 430/430/430 431/431/431
f 432/432/432 430/430/430 429/429/429
f 433/433/433 432/432/432 429/429/429
f 434/434/434 432/432/432 433/433/433
f 435/435/435 434/434/434 433/433/433
f 436/436/436 434/434/434 435/435/435
f 437/437/437 438/438/438 439/439/439
f 440/440/440 438/438/438 437/437/437
f 440/440/440 441/441/441 438/438/438
f 442/442/442 441/441/441 440/440/440
f 437/437/437 439/439/439 443/443/443
f 443/443/443 439/439/439 444/444/444
f 445/445/445 446/446/446 447/447/447
f 446/446/446 445/445/445 448/448/448
f 446/446/446 448/448/448 449/449/449
f 449/449/449 448/448/448 450/450/450
f 450/450/450 448/448/448 451/451/451
f 451/451/451 448/448/448 452/452/452
f 453/453/453 454/454/454 455/455/455
f 454/454/454 453/453/453 456/456/456
f 454/454/454 456/456/456 457/457/457
f 456/456/456 453/453/453 458/458/458
f 458/458/458 453/453/453 459/459/459
f 455/455/455 454/454/454 460/460/460
f 460/460/460 461/461/461 455/455/455
f 461/461/461 460/460/460 462/462/462
f 462/462/462 463/463/463 461/461/461
f 464/464/464 463/463/463 462/462/462
f 462/462/462 460/460/460 465/465/465
f 462/462/462 465/465/465 466/466/466
f 462/462/462 466/466/466 467/467/467
f 468/468/468 467/467/467 466/466/466
f 467/467/467 468/468/468 469/469/469
f 467/467/467 469/469/469 470/470/470
f 467/467/467 470/470/470 471/471/471
f 470/470/470 472/472/472 471/471/471
f 471/471/471 472/472/472 473/473/473
f 474/474/474 475/475/475 476/476/476
f 475/475/475 474/474/474 477/477/477
f 477/477/477 474/474/474 478/478/478
f 476/476/476 479/479/479 474/474/474
f 479/479/479 476/476/476 480/480/480
f 474/474/474 479/479/479 481/481/481
f 479/479/479 480/480/480 482/482/482
f 476/476/476 475/475/475 483/483/483
f 483/483/483 475/475/475 484/484/484
f 483/483/483 484/484/484 485/485/485
f 485/485/485 484/484/484 486/486/486
f 487/487/487 488/488/488 489/489/489
f 490/490/490 488/488/488 487/487/487
f 487/487/487 489/489/489 491/491/491
f 491/491/491 489/489/489 492/492/492
f 493/493/493 494/494/494 495/495/495
f 496/496/496 494/494/494 493/493/493
f 493/493/493 495/495/495 497/497/497
f 497/497/497 495/495/495 498/498/498
f 497/497/497 498/498/498 499/499/499
f 499/499/499 498/498/498 500/500/500
f 501/501/501 502/502/502 503/503/503
f 502/502/502 501/501/501 504/504/504
f 504/504/504 501/501/501 505/505/505
f 504/504/504 505/505/505 506/506/506
f 506/506/506 505/505/505 507/507/507
f 506/506/506 507/507/507 508/508/508
f 508/508/508 507/507/507 509/509/509
f 508/508/508 509/509/509 510/510/510
f 510/510/510 509/509/509 511/511/511
f 510/510/510 511/511/511 512/512/512
f 513/513/513 514/514/514 515/515/515
f 514/514/514 513/513/513 516/516/516
f 516/516/516 513/513/513 517/517/517
f 516/516/516 517/517/517 518/518/518
f 518/518/518 517/517/517 519/519/519
f 518/518/518 519/519/519 520/520/520
f 520/520/520 519/519/519 521/521/521
f 520/520/520 521/521/521 522/522/522
f 522/522/522 521/521/521 523/523/523
f 522/522/522 523/523/523 524/524/524
f 525/525/525 526/526/526 527/527/527
f 528/528/528 526/526/526 525/525/525
f 525/525/525 529/529/529 528/528/528
f 530/530/530 529/529/529 525/525/525
f 531/531/531 529/529/529 530/530/530
f 532/532/532 529/529/529 531/531/531
f 526/526/526 533/533/533 527/527/527
f 534/534/534 533/533/533 526/526/526
f 532/532/532 531/531/531 535/535/535
f 535/535/535 531/531/531 536/536/536
f 534/534/534 537/537/537 533/533/533
f 533/533/533 537/537/537 538/538/538
f 538/538/538 537/537/537 539/539/539
f 539/539/539 537/537/537 540/540/540
f 540/540/540 541/541/541 539/539/539
f 539/539/539 541/541/541 542/542/542
f 543/543/543 544/544/544 545/545/545
f 546/546/546 544/544/544 543/543/543
f 546/546/546 543/543/543 547/547/547
f 547/547/547 543/543/543 548/548/548
f 544/544/544 549/549/549 545/545/545
f 550/550/550 549/549/549 544/544/544
f 550/550/550 551/551/551 549/549/549
f 549/549/549 551/551/551 552/552/552
f 552/552/552 551/551/551 553/553/553
f 553/553/553 551/551/551 554/554/554
f 554/554/554 555/555/555 553/553/553
f 553/553/553 555/555/555 556/556/556
f 557/557/557 558/558/558 559/559/559
f 560/560/560 558/558/558 557/557/557
f 560/560/560 557/557/557 561/561/561
f 561/561/561 557/557/557 562/562/562
f 558/558/558 563/563/563 559/559/559
f 564/564/564 563/563/563 558/558/558
f 564/564/564 565/565/565 563/563/563
f 563/563/563 565/565/565 566/566/566
f 566/566/566 565/565/565 567/567/567
f 567/567/567 565/565/565 568/568/568
f 568/568/568 569/569/569 567/567/567
f 567/567/567 569/569/569 570/570/570
f 571/571/571 572/572/572 573/573/573
f 574/574/574 572/572/572 571/571/571
f 573/573/573 572/572/572 575/575/575
f 575/575/575 572/572/572 576/576/576
f 576/576/576 577/577/577 575/575/575
f 575/575/575 577/577/577 578/578/578
f 574/574/574 571/571/571 579/579/579
f 579/579/579 571/571/571 580/580/580
f 581/581/581 582/582/582 583/583/583
f 582/582/582 581/581/581 584/584/584
f 582/582/582 584/584/584 585/585/585
f 585/585/585 584/584/584 586/586/586
f 585/585/585 586/586/586 587/587/587
f 587/587/587 586/586/586 588/588/588
f 587/587/587 588/588/588 589/589/589
f 589/589/589 588/588/588 590/590/590
f 589/589/589 590/590/590 591/591/591
f 591/591/591 590/590/590 592/592/592
f 591/591/591 592/592/592 593/593/593
f 593/593/593 592/592/592 594/594/594
f 593/593/593 594/594/594 595/595/595
f 595/595/595 594/594/594 596/596/596
f 595/595/595 596/596/596 597/597/597
f 597/597/597 596/596/596 598/598/598
f 597/597/597 598/598/598 599/599/599
f 599/599/599 598/598/598 600/600/600
f 599/599/599 600/600/600 601/601/601
f 601/601/601 600/600/600 602/602/602
f 601/601/601 602/602/602 603/603/603
f 603/603/603 602/602/602 604/604/604
f 605/605/605 606/606/606 607/607/607
f 606/606/606 605/605/605 608/608/608
f 606/606/606 608/608/608 609/609/609
f 609/609/609 608/608/608 610/610/610
f 609/609/609 610/610/610 611/611/611
f 611/611/611 610/610/610 612/612/612
f 611/611/611 612/612/612 613/613/613
f 613/613/613 612/612/612 614/614/614
f 613/613/613 614/614/614 615/615/615
f 615/615/615 614/614/614 616/616/616
f 615/615/615 616/616/616 617/617/617
f 617/617/617 616/616/616 618/618/618
f 617/617/617 618/618/618 619/619/619
f 619/619/619 618/618/618 620/620/620
f 619/619/619 620/620/620 621/621/621
f 621/621/621 620/620/620 622/622/622
f 621/621/621 622/622/622 623/623/623
f 623/623/623 622/622/622 624/624/624
f 623/623/623 624/624/624 625/625/625
f 625/625/625 624/624/624 626/626/626
f 625/625/625 626/626/626 627/627/627
f 627/627/627 626/626/626 628/628/628
f 629/629/629 630/630/630 631/631/631
f 630/630/630 629/629/629 632/632/632
f 630/630/630 632/632/632 633/633/633
f 633/633/633 632/632/632 634/634/634
f 633/633/633 634/634/634 635/635/635
f 635/635/635 634/634/634 636/636/636
f 637/637/637 638/638/638 639/639/639
f 640/640/640 638/638/638 637/637/637
f 639/639/639 641/641/641 637/637/637
f 642/642/642 641/641/641 639/639/639
f 643/643/643 644/644/644 645/645/645
f 646/646/646 644/644/644 643/643/643
f 647/647/647 648/648/648 649/649/649
f 650/650/650 648/648/648 647/647/647
f 647/647/647 651/651/651 650/650/650
f 650/650/650 651/651/651 652/652/652
f 653/653/653 654/654/654 655/655/655
f 656/656/656 654/654/654 653/653/653
f 654/654/654 656/656/656 657/657/657
f 657/657/657 656/656/656 658/658/658
f 659/659/659 660/660/660 661/661/661
f 662/662/662 660/660/660 659/659/659
f 663/663/663 664/664/664 665/665/665
f 666/666/666 664/664/664 663/663/663
f 667/667/667 665/665/665 664/664/664
f 668/668/668 665/665/665 667/667/667
f 669/669/669 670/670/670 671/671/671
f 672/672/672 670/670/670 669/669/669
f 670/670/670 673/673/673 671/671/671
f 671/671/671 673/673/673 674/674/674
f 675/675/675 672/672/672 669/669/669
f 676/676/676 672/672/672 675/675/675
f 677/677/677 676/676/676 675/675/675
f 678/678/678 676/676/676 677/677/677
f 679/679/679 678/678/678 677/677/677
f 680/680/680 678/678/678 679/679/679
f 681/681/681 682/682/682 683/683/683
f 684/684/684 682/682/682 681/681/681
f 685/685/685 684/684/684 681/681/681
f 686/686/686 684/684/684 685/685/685
f 682/682/682 687/687/687 683/683/683
f 683/683/683 687/687/687 688/688/688
f 687/687/687 689/689/689 688/688/688
f 688/688/688 689/689/689 690/690/690
f 691/691/691 686/686/686 685/685/685
f 692/692/692 686/686/686 691/691/691
f 693/693/693 694/694/694 695/695/695
f 696/696/696 694/694/694 693/693/693
f 697/697/697 698/698/698 699/699/699
f 700/700/700 698/698/698 697/697/697
f 701/701/701 702/702/702 703/703/703
f 704/704/704 702/702/702 701/701/701
f 704/704/704 705/705/705 702/702/702
f 706/706/706 705/705/705 704/704/704
f 705/705/705 707/707/707 702/702/702
f 702/702/702 707/707/707 708/708/708
f 702/702/702 708/708/708 703/703/703
f 703/703/703 708/708/708 709/709/709
f 705/705/705 710/710/710 707/707/707
f 711/711/711 710/710/710 705/705/705
f 706/706/706 711/711/711 705/705/705
f 711/711/711 712/712/712 710/710/710
f 713/713/713 712/712/712 711/711/711
f 714/714/714 713/713/713 711/711/711
f 713/713/713 714/714/714 715/715/715
f 714/714/714 711/711/711 716/716/716
f 716/716/716 711/711/711 706/706/706
f 713/713/713 717/717/717 712/712/712
f 715/715/715 717/717/717 713/713/713
f 718/718/718 719/719/719 720/720/720
f 719/719/719 718/718/718 721/721/721
f 719/719/719 721/721/721 722/722/722
f 722/722/722 721/721/721 723/723/723
f 722/722/722 723/723/723 724/724/724
f 724/724/724 723/723/723 725/725/725
f 726/726/726 727/727/727 728/728/728
f 729/729/729 727/727/727 726/726/726
f 726/726/726 728/728/728 730/730/730
f 730/730/730 728/728/728 731/731/731
f 730/730/730 731/731/731 732/732/732
f 732/732/732 731/731/731 733/733/733
f 732/732/732 733/733/733 734/734/734
f 734/734/734 733/733/733 735/735/735
f 734/734/734 735/735/735 736/736/736
f 736/736/736 735/735/735 737/737/737
f 737/737/737 735/735/735 738/738/738
f 738/738/738 735/735/735 739/739/739
f 736/736/736 740/740/740 734/734/734
f 741/741/741 740/740/740 736/736/736
f 726/726/726 742/742/742 729/729/729
f 743/743/743 742/742/742 726/726/726
f 744/744/744 745/745/745 746/746/746
f 747/747/747 745/745/745 744/744/744
f 748/748/748 747/747/747 744/744/744
f 749/749/749 747/747/747 748/748/748
f 745/745/745 750/750/750 746/746/746
f 746/746/746 750/750/750 751/751/751
f 745/745/745 752/752/752 750/750/750
f 753/753/753 752/752/752 745/745/745
f 747/747/747 753/753/753 745/745/745
f 754/754/754 753/753/753 747/747/747
f 752/752/752 755/755/755 750/750/750
f 750/750/750 755/755/755 756/756/756
f 750/750/750 756/756/756 751/751/751
f 755/755/755 757/757/757 756/756/756
f 756/756/756 757/757/757 758/758/758
f 759/759/759 756/756/756 758/758/758
f 760/760/760 756/756/756 759/759/759
f 751/751/751 756/756/756 760/760/760
f 759/759/759 761/761/761 760/760/760
f 762/762/762 761/761/761 759/759/759
f 763/763/763 760/760/760 761/761/761
f 751/751/751 760/760/760 763/763/763
f 764/764/764 765/765/765 766/766/766
f 767/767/767 765/765/765 764/764/764
f 768/768/768 767/767/767 764/764/764
f 769/769/769 767/767/767 768/768/768
f 770/770/770 767/767/767 769/769/769
f 771/771/771 767/767/767 770/770/770
f 772/772/772 771/771/771 770/770/770
f 773/773/773 771/771/771 772/772/772
f 774/774/774 775/775/775 776/776/776
f 777/777/777 775/775/775 774/774/774
f 775/775/775 778/778/778 776/776/776
f 776/776/776 778/778/778 779/779/779
f 778/778/778 780/780/780 779/779/779
f 779/779/779 780/780/780 781/781/781
f 782/782/782 776/776/776 779/779/779
f 783/783/783 776/776/776 782/782/782
f 783/783/783 774/774/774 776/776/776
f 784/784/784 774/774/774 783/783/783
f 785/785/785 783/783/783 782/782/782
f 786/786/786 783/783/783 785/785/785
f 786/786/786 784/784/784 783/783/783
f 787/787/787 784/784/784 786/786/786
f 788/788/788 787/787/787 786/786/786
f 789/789/789 787/787/787 788/788/788
f 790/790/790 789/789/789 788/788/788
f 790/790/790 788/788/788 791/791/791
f 791/791/791 788/788/788 792/792/792
f 792/792/792 786/786/786 785/785/785
f 788/788/788 786/786/786 792/792/792
f 793/793/793 789/789/789 790/790/790
f 780/780/780 794/794/794 781/781/781
f 781/781/781 794/794/794 795/795/795
f 794/794/794 796/796/796 795/795/795
f 795/795/795 796/796/796 797/797/797
f 796/796/796 798/798/798 797/797/797
f 797/797/797 798/798/798 799/799/799
f 796/796/796 800/800/800 798/798/798
f 801/801/801 800/800/800 796/796/796
f 794/794/794 801/801/801 796/796/796
f 801/801/801 802/802/802 800/800/800
f 803/803/803 802/802/802 801/801/801
f 804/804/804 803/803/803 801/801/801
f 804/804/804 801/801/801 794/794/794
f 805/805/805 803/803/803 804/804/804
f 806/806/806 805/805/805 804/804/804
f 807/807/807 805/805/805 806/806/806
f 808/808/808 807/807/807 806/806/806
f 809/809/809 807/807/807 808/808/808
f 810/810/810 809/809/809 808/808/808
f 811/811/811 809/809/809 810/810/810
f 812/812/812 811/811/811 810/810/810
f 813/813/813 811/811/811 812/812/812
f 806/806/806 804/804/804 780/780/780
f 780/780/780 804/804/804 794/794/794
f 810/810/810 808/808/808 775/775/775
f 775/775/775 808/808/808 778/778/778
f 778/778/778 806/806/806 780/780/780
f 808/808/808 806/806/806 778/778/778
f 777/777/777 810/810/810 775/775/775
f 812/812/812 810/810/810 777/777/777
f 814/814/814 815/815/815 816/816/816
f 817/817/817 815/815/815 814/814/814
f 814/814/814 816/816/816 818/818/818
f 818/818/818 816/816/816 819/819/819
f 818/818/818 819/819/819 820/820/820
f 820/820/820 819/819/819 821/821/821
f 820/820/820 821/821/821 822/822/822
f 822/822/822 821/821/821 823/823/823
f 822/822/822 823/823/823 824/824/824
f 824/824/824 823/823/823 825/825/825
f 826/826/826 827/827/827 828/828/828
f 829/829/829 827/827/827 826/826/826
f 827/827/827 830/830/830 828/828/828
f 828/828/828 830/830/830 831/831/831
f 827/827/827 832/832/832 830/830/830
f 833/833/833 832/832/832 827/827/827
f 829/829/829 833/833/833 827/827/827
f 834/834/834 833/833/833 829/829/829
f 832/832/832 835/835/835 830/830/830
f 830/830/830 835/835/835 836/836/836
f 830/830/830 836/836/836 831/831/831
f 835/835/835 837/837/837 836/836/836
f 836/836/836 837/837/837 838/838/838
f 838/838/838 839/839/839 836/836/836
f 839/839/839 838/838/838 840/840/840
f 836/836/836 839/839/839 841/841/841
f 831/831/831 836/836/836 841/841/841
f 838/838/838 842/842/842 840/840/840
f 837/837/837 842/842/842 838/838/838
f 843/843/843 844/844/844 845/845/845
f 846/846/846 844/844/844 843/843/843
f 843/843/843 845/845/845 847/847/847
f 847/847/847 845/845/845 848/848/848
f 847/847/847 848/848/848 849/849/849
f 849/849/849 848/848/848 850/850/850
f 846/846/846 851/851/851 844/844/844
f 852/852/852 851/851/851 846/846/846
f 853/853/853 851/851/851 852/852/852
f 854/854/854 851/851/851 853/853/853
f 849/849/849 855/855/855 847/847/847
f 856/856/856 855/855/855 849/849/849
f 853/853/853 852/852/852 857/857/857
f 857/857/857 852/852/852 858/858/858
f 846/846/846 858/858/858 852/852/852
f 845/845/845 844/844/844 859/859/859
f 860/860/860 845/845/845 859/859/859
f 848/848/848 845/845/845 860/860/860
f 861/861/861 858/858/858 846/846/846
f 859/859/859 844/844/844 862/862/862
f 844/844/844 851/851/851 862/862/862
f 862/862/862 851/851/851 863/863/863
f 864/864/864 865/865/865 866/866/866
f 867/867/867 865/865/865 864/864/864
f 864/864/864 866/866/866 868/868/868
f 868/868/868 866/866/866 869/869/869
f 869/869/869 866/866/866 870/870/870
f 870/870/870 866/866/866 871/871/871
f 870/870/870 871/871/871 872/872/872
f 872/872/872 871/871/871 873/873/873
f 874/874/874 875/875/875 876/876/876
f 877/877/877 875/875/875 874/874/874
f 877/877/877 878/878/878 875/875/875
f 879/879/879 878/878/878 877/877/877
f 879/879/879 880/880/880 878/878/878
f 881/881/881 880/880/880 879/879/879
f 879/879/879 877/877/877 882/882/882
f 882/882/882 877/877/877 883/883/883
f 877/877/877 874/874/874 883/883/883
f 883/883/883 874/874/874 884/884/884
f 882/882/882 883/883/883 885/885/885
f 885/885/885 883/883/883 886/886/886
f 883/883/883 884/884/884 886/886/886
f 886/886/886 884/884/884 887/887/887
f 886/886/886 887/887/887 888/888/888
f 888/888/888 887/887/887 889/889/889
f 888/888/888 889/889/889 890/890/890
f 891/891/891 888/888/888 890/890/890
f 892/892/892 888/888/888 891/891/891
f 892/892/892 886/886/886 888/888/888
f 885/885/885 886/886/886 892/892/892
f 890/890/890 889/889/889 893/893/893
f 881/881/881 894/894/894 880/880/880
f 895/895/895 894/894/894 881/881/881
f 895/895/895 896/896/896 894/894/894
f 897/897/897 896/896/896 895/895/895
f 897/897/897 898/898/898 896/896/896
f 899/899/899 898/898/898 897/897/897
f 898/898/898 900/900/900 896/896/896
f 896/896/896 900/900/900 901/901/901
f 896/896/896 901/901/901 894/894/894
f 900/900/900 902/902/902 901/901/901
f 901/901/901 902/902/902 903/903/903
f 901/901/901 903/903/903 904/904/904
f 894/894/894 901/901/901 904/904/904
f 904/904/904 903/903/903 905/905/905
f 904/904/904 905/905/905 906/906/906
f 906/906/906 905/905/905 907/907/907
f 906/906/906 907/907/907 908/908/908
f 908/908/908 907/907/907 909/909/909
f 908/908/908 909/909/909 910/910/910
f 910/910/910 909/909/909 911/911/911
f 910/910/910 911/911/911 912/912/912
f 912/912/912 911/911/911 913/913/913
f 880/880/880 904/904/904 906/906/906
f 894/894/894 904/904/904 880/880/880
f 875/875/875 908/908/908 910/910/910
f 878/878/878 908/908/908 875/875/875
f 878/878/878 906/906/906 908/908/908
f 880/880/880 906/906/906 878/878/878
f 876/876/876 910/910/910 912/912/912
f 875/875/875 910/910/910 876/876/876
f 914/914/914 915/915/915 916/916/916
f 917/917/917 915/915/915 914/914/914
f 918/918/918 917/917/917 914/914/914
f 919/919/919 917/917/917 918/918/918
f 920/920/920 919/919/919 918/918/918
f 921/921/921 919/919/919 920/920/920
f 922/922/922 921/921/921 920/920/920
f 923/923/923 921/921/921 922/922/922
f 924/924/924 923/923/923 922/922/922
f 925/925/925 923/923/923 924/924/924
f 926/926/926 927/927/927 928/928/928
f 929/929/929 927/927/927 926/926/926
f 930/930/930 931/931/931 932/932/932
f 933/933/933 931/931/931 930/930/930
f 934/934/934 933/933/933 930/930/930
f 935/935/935 933/933/933 934/934/934
f 936/936/936 935/935/935 934/934/934
f 937/937/937 935/935/935 936/936/936
f 931/931/931 938/938/938 932/932/932
f 932/932/932 938/938/938 939/939/939
f 938/938/938 940/940/940 939/939/939
f 939/939/939 940/940/940 941/941/941
f 940/940/940 942/942/942 941/941/941
f 941/941/941 942/942/942 943/943/943
f 942/942/942 944/944/944 943/943/943
f 943/943/943 944/944/944 945/945/945
f 946/946/946 947/947/947 948/948/948
f 949/949/949 947/947/947 946/946/946
f 950/950/950 951/951/951 952/952/952
f 953/953/953 951/951/951 950/950/950
f 954/954/954 955/955/955 956/956/956
f 957/957/957 955/955/955 954/954/954
f 958/958/958 957/957/957 954/954/954
f 959/959/959 957/957/957 958/958/958
f 960/960/960 961/961/961 962/962/962
f 963/963/963 961/961/961 960/960/960
f 961/961/961 964/964/964 962/962/962
f 962/962/962 964/964/964 965/965/965
f 964/964/964 966/966/966 965/965/965
f 965/965/965 966/966/966 967/967/967
f 966/966/966 968/968/968 967/967/967
f 967/967/967 968/968/968 969/969/969
f 968/968/968 970/970/970 969/969/969
f 969/969/969 970/970/970 971/971/971
f 970/970/970 972/972/972 971/971/971
f 971/971/971 972/972/972 973/973/973
f 972/972/972 974/974/974 973/973/973
f 973/973/973 974/974/974 975/975/975
f 976/976/976 977/977/977 978/978/978
f 979/979/979 977/977/977 976/976/976
f 980/980/980 981/981/981 982/982/982
f 983/983/983 981/981/981 980/980/980
f 980/980/980 982/982/982 984/984/984
f 984/984/984 982/982/982 985/985/985
f 984/984/984 985/985/985 986/986/986
f 986/986/986 985/985/985 987/987/987
f 986/986/986 987/987/987 988/988/988
f 988/988/988 987/987/987 989/989/989
f 982/982/982 990/990/990 985/985/985
f 991/991/991 990/990/990 982/982/982
f 981/981/981 991/991/991 982/982/982
f 992/992/992 991/991/991 981/981/981
f 980/980/980 984/984/984 993/993/993
f 993/993/993 984/984/984 994/994/994
f 995/995/995 980/980/980 993/993/993
f 983/983/983 980/980/980 995/995/995
f 996/996/996 997/997/997 998/998/998
f 999/999/999 997/997/997 996/996/996
f 1000/1000/1000 999/999/999 996/996/996
f 1001/1001/1001 999/999/999 1000/1000/1000
f 1002/1002/1002 1001/1001/1001 1000/1000/1000
f 1003/1003/1003 1001/1001/1001 1002/1002/1002
f 1004/1004/1004 1003/1003/1003 1002/1002/1002
f 1005/1005/1005 1003/1003/1003 1004/1004/1004
f 1006/1006/1006 1005/1005/1005 1004/1004/1004
f 1007/1007/1007 1005/1005/1005 1006/1006/1006
f 997/997/997 1008/1008/1008 998/998/998
f 998/998/998 1008/1008/1008 1009/1009/1009
f 1010/1010/1010 1011/1011/1011 1012/1012/1012
f 1013/1013/1013 1011/1011/1011 1010/1010/1010
f 1014/1014/1014 1013/1013/1013 1010/1010/1010
f 1015/1015/1015 1013/1013/1013 1014/1014/1014
f 1016/1016/1016 1017/1017/1017 1018/1018/1018
f 1019/1019/1019 1017/1017/1017 1016/1016/1016
f 1020/1020/1020 1019/1019/1019 1016/1016/1016
f 1021/1021/1021 1019/1019/1019 1020/1020/1020
f 1018/1018/1018 1022/1022/1022 1016/1016/1016
f 1023/1023/1023 1022/1022/1022 1018/1018/1018
f 1024/1024/1024 1023/1023/1023 1018/1018/1018
f 1025/1025/1025 1023/1023/1023 1024/1024/1024
f 1026/1026/1026 1025/1025/1025 1024/1024/1024
f 1027/1027/1027 1025/1025/1025 1026/1026/1026
f 1027/1027/1027 1028/1028/1028 1025/1025/1025
f 1029/1029/1029 1028/1028/1028 1027/1027/1027
f 1028/1028/1028 1029/1029/1029 1030/1030/1030
f 1030/1030/1030 1029/1029/1029 1031/1031/1031
f 1025/1025/1025 1032/1032/1032 1023/1023/1023
f 1028/1028/1028 1032/1032/1032 1025/1025/1025
f 1024/1024/1024 1033/1033/1033 1026/1026/1026
f 1034/1034/1034 1033/1033/1033 1024/1024/1024
f 1023/1023/1023 1035/1035/1035 1022/1022/1022
f 1032/1032/1032 1035/1035/1035 1023/1023/1023
f 1035/1035/1035 1036/1036/1036 1022/1022/1022
f 1036/1036/1036 1035/1035/1035 1037/1037/1037
f 1037/1037/1037 1035/1035/1035 1038/1038/1038
f 1035/1035/1035 1032/1032/1032 1038/1038/1038
f 1038/1038/1038 1032/1032/1032 1039/1039/1039
f 1039/1039/1039 1028/1028/1028 1030/1030/1030
f 1032/1032/1032 1028/1028/1028 1039/1039/1039
f 1018/1018/1018 1034/1034/1034 1024/1024/1024
f 1017/1017/1017 1034/1034/1034 1018/1018/1018
f 1022/1022/1022 1036/1036/1036 1040/1040/1040
f 1022/1022/1022 1040/1040/1040 1016/1016/1016
f 1016/1016/1016 1040/1040/1040 1020/1020/1020
f 1041/1041/1041 1042/1042/1042 1043/1043/1043
f 1044/1044/1044 1042/1042/1042 1041/1041/1041
f 1045/1045/1045 1046/1046/1046 1047/1047/1047
f 1046/1046/1046 1045/1045/1045 1048/1048/1048
f 1046/1046/1046 1048/1048/1048 1049/1049/1049
f 1049/1049/1049 1048/1048/1048 1050/1050/1050
f 1049/1049/1049 1050/1050/1050 1051/1051/1051
f 1051/1051/1051 1050/1050/1050 1052/1052/1052
f 1053/1053/1053 1054/1054/1054 1055/1055/1055
f 1056/1056/1056 1054/1054/1054 1053/1053/1053
f 1053/1053/1053 1055/1055/1055 1057/1057/1057
f 1057/1057/1057 1055/1055/1055 1058/1058/1058
f 1056/1056/1056 1059/1059/1059 1054/1054/1054
f 1060/1060/1060 1059/1059/1059 1056/1056/1056
f 1060/1060/1060 1061/1061/1061 1059/1059/1059
f 1062/1062/1062 1061/1061/1061 1060/1060/1060
f 1063/1063/1063 1064/1064/1064 1065/1065/1065
f 1066/1066/1066 1064/1064/1064 1063/1063/1063
f 1067/1067/1067 1066/1066/1066 1063/1063/1063
f 1068/1068/1068 1066/1066/1066 1067/1067/1067
f 1069/1069/1069 1068/1068/1068 1067/1067/1067
f 1070/1070/1070 1068/1068/1068 1069/1069/1069
f 1071/1071/1071 1072/1072/1072 1073/1073/1073
f 1074/1074/1074 1072/1072/1072 1071/1071/1071
f 1074/1074/1074 1075/1075/1075 1072/1072/1072
f 1076/1076/1076 1075/1075/1075 1074/1074/1074
f 1071/1071/1071 1073/1073/1073 1077/1077/1077
f 1077/1077/1077 1073/1073/1073 1078/1078/1078
f 1077/1077/1077 1078/1078/1078 1079/1079/1079
f 1079/1079/1079 1078/1078/1078 1080/1080/1080
f 1079/1079/1079 1080/1080/1080 1081/1081/1081
f 1081/1081/1081 1080/1080/1080 1082/1082/1082
f 1083/1083/1083 1084/1084/1084 1085/1085/1085
f 1086/1086/1086 1084/1084/1084 1083/1083/1083
f 1087/1087/1087 1086/1086/1086 1083/1083/1083
f 1083/1083/1083 1088/1088/1088 1087/1087/1087
f 1089/1089/1089 1088/1088/1088 1083/1083/1083
f 1085/1085/1085 1089/1089/1089 1083/1083/1083
f 1089/1089/1089 1090/1090/1090 1088/1088/1088
f 1091/1091/1091 1090/1090/1090 1089/1089/1089
f 1092/1092/1092 1086/1086/1086 1087/1087/1087
f 1093/1093/1093 1092/1092/1092 1087/1087/1087
f 1094/1094/1094 1092/1092/1092 1093/1093/1093
f 1095/1095/1095 1094/1094/1094 1093/1093/1093
f 1096/1096/1096 1094/1094/1094 1095/1095/1095
f 1093/1093/1093 1097/1097/1097 1095/1095/1095
f 1098/1098/1098 1097/1097/1097 1093/1093/1093
f 1087/1087/1087 1098/1098/1098 1093/1093/1093
f 1088/1088/1088 1098/1098/1098 1087/1087/1087
f 1098/1098/1098 1099/1099/1099 1097/1097/1097
f 1100/1100/1100 1099/1099/1099 1098/1098/1098
f 1088/1088/1088 1100/1100/1100 1098/1098/1098
f 1090/1090/1090 1100/1100/1100 1088/1088/1088
f 1099/1099/1099 1100/1100/1100 1101/1101/1101
f 1101/1101/1101 1100/1100/1100 1102/1102/1102
f 1100/1100/1100 1090/1090/1090 1102/1102/1102
f 1102/1102/1102 1090/1090/1090 1103/1103/1103
f 1090/1090/1090 1091/1091/1091 1103/1103/1103
f 1103/1103/1103 1091/1091/1091 1104/1104/1104
f 1091/1091/1091 1105/1105/1105 1104/1104/1104
f 1104/1104/1104 1105/1105/1105 1106/1106/1106
f 1105/1105/1105 1091/1091/1091 1107/1107/1107
f 1108/1108/1108 1105/1105/1105 1107/1107/1107
f 1109/1109/1109 1105/1105/1105 1108/1108/1108
f 1105/1105/1105 1109/1109/1109 1106/1106/1106
f 1108/1108/1108 1107/1107/1107 1110/1110/1110
f 1110/1110/1110 1107/1107/1107 1085/1085/1085
f 1107/1107/1107 1089/1089/1089 1085/1085/1085
f 1107/1107/1107 1091/1091/1091 1089/1089/1089
f 1106/1106/1106 1109/1109/1109 1111/1111/1111
f 1085/1085/1085 1112/1112/1112 1110/1110/1110
f 1084/1084/1084 1112/1112/1112 1085/1085/1085
f 1113/1113/1113 1114/1114/1114 1115/1115/1115
f 1116/1116/1116 1114/1114/1114 1113/1113/1113
f 1117/1117/1117 1118/1118/1118 1119/1119/1119
f 1120/1120/1120 1118/1118/1118 1117/1117/1117
f 1118/1118/1118 1121/1121/1121 1119/1119/1119
f 1119/1119/1119 1121/1121/1121 1122/1122/1122
f 1123/1123/1123 1124/1124/1124 1125/1125/1125
f 1126/1126/1126 1124/1124/1124 1123/1123/1123
f 1124/1124/1124 1127/1127/1127 1125/1125/1125
f 1128/1128/1128 1127/1127/1127 1124/1124/1124
f 1129/1129/1129 1130/1130/1130 1131/1131/1131
f 1132/1132/1132 1130/1130/1130 1129/1129/1129
f 1133/1133/1133 1134/1134/1134 1135/1135/1135
f 1136/1136/1136 1134/1134/1134 1133/1133/1133
f 1134/1134/1134 1137/1137/1137 1135/1135/1135
f 1135/1135/1135 1137/1137/1137 1138/1138/1138
f 1137/1137/1137 1139/1139/1139 1138/1138/1138
f 1138/1138/1138 1139/1139/1139 1140/1140/1140
f 1141/1141/1141 1142/1142/1142 1143/1143/1143
f 1144/1144/1144 1142/1142/1142 1141/1141/1141
f 1143/1143/1143 1145/1145/1145 1141/1141/1141
f 1146/1146/1146 1145/1145/1145 1143/1143/1143
f 1147/1147/1147 1146/1146/1146 1143/1143/1143
f 1148/1148/1148 1146/1146/1146 1147/1147/1147
f 1148/1148/1148 1149/1149/1149 1146/1146/1146
f 1150/1150/1150 1149/1149/1149 1148/1148/1148
f 1146/1146/1146 1151/1151/1151 1145/1145/1145
f 1149/1149/1149 1151/1151/1151 1146/1146/1146
f 1151/1151/1151 1149/1149/1149 1152/1152/1152
f 1152/1152/1152 1149/1149/1149 1153/1153/1153
f 1149/1149/1149 1150/1150/1150 1153/1153/1153
f 1153/1153/1153 1150/1150/1150 1154/1154/1154
f 1143/1143/1143 1155/1155/1155 1147/1147/1147
f 1142/1142/1142 1155/1155/1155 1143/1143/1143
f 1156/1156/1156 1157/1157/1157 1158/1158/1158
f 1159/1159/1159 1157/1157/1157 1156/1156/1156
f 1158/1158/1158 1160/1160/1160 1156/1156/1156
f 1161/1161/1161 1160/1160/1160 1158/1158/1158
f 1162/1162/1162 1161/1161/1161 1158/1158/1158
f 1163/1163/1163 1161/1161/1161 1162/1162/1162
f 1163/1163/1163 1164/1164/1164 1161/1161/1161
f 1165/1165/1165 1164/1164/1164 1163/1163/1163
f 1161/1161/1161 1166/1166/1166 1160/1160/1160
f 1164/1164/1164 1166/1166/1166 1161/1161/1161
f 1166/1166/1166 1164/1164/1164 1167/1167/1167
f 1167/1167/1167 1164/1164/1164 1168/1168/1168
f 1164/1164/1164 1165/1165/1165 1168/1168/1168
f 1168/1168/1168 1165/1165/1165 1169/1169/1169
f 1158/1158/1158 1170/1170/1170 1162/1162/1162
f 1157/1157/1157 1170/1170/1170 1158/1158/1158
f 1171/1171/1171 1172/1172/1172 1173/1173/1173
f 1174/1174/1174 1172/1172/1172 1171/1171/1171
f 1173/1173/1173 1175/1175/1175 1171/1171/1171
f 1176/1176/1176 1175/1175/1175 1173/1173/1173
f 1174/1174/1174 1177/1177/1177 1172/1172/1172
f 1178/1178/1178 1177/1177/1177 1174/1174/1174
f 1179/1179/1179 1180/1180/1180 1181/1181/1181
f 1182/1182/1182 1180/1180/1180 1179/1179/1179
f 1181/1181/1181 1180/1180/1180 1183/1183/1183
f 1183/1183/1183 1180/1180/1180 1184/1184/1184
f 1185/1185/1185 1186/1186/1186 1187/1187/1187
f 1188/1188/1188 1186/1186/1186 1185/1185/1185
f 1185/1185/1185 1187/1187/1187 1189/1189/1189
f 1189/1189/1189 1187/1187/1187 1190/1190/1190
f 1188/1188/1188 1191/1191/1191 1186/1186/1186
f 1192/1192/1192 1191/1191/1191 1188/1188/1188
f 1193/1193/1193 1194/1194/1194 1195/1195/1195
f 1196/1196/1196 1194/1194/1194 1193/1193/1193
f 1197/1197/1197 1196/1196/1196 1193/1193/1193
f 1198/1198/1198 1196/1196/1196 1197/1197/1197
f 1195/1195/1195 1194/1194/1194 1199/1199/1199
f 1199/1199/1199 1194/1194/1194 1200/1200/1200
f 1200/1200/1200 1201/1201/1201 1199/1199/1199
f 1199/1199/1199 1201/1201/1201 1202/1202/1202
f 1203/1203/1203 1204/1204/1204 1205/1205/1205
f 1206/1206/1206 1204/1204/1204 1203/1203/1203
f 1203/1203/1203 1205/1205/1205 1207/1207/1207
f 1207/1207/1207 1205/1205/1205 1208/1208/1208
f 1206/1206/1206 1209/1209/1209 1204/1204/1204
f 1210/1210/1210 1209/1209/1209 1206/1206/1206
f 1205/1205/1205 1204/1204/1204 1211/1211/1211
f 1211/1211/1211 1204/1204/1204 1212/1212/1212
f 1209/1209/1209 1212/1212/1212 1204/1204/1204
f 1213/1213/1213 1212/1212/1212 1209/1209/1209
f 1214/1214/1214 1205/1205/1205 1211/1211/1211
f 1208/1208/1208 1205/1205/1205 1214/1214/1214
f 1215/1215/1215 1216/1216/1216 1217/1217/1217
f 1218/1218/1218 1216/1216/1216 1215/1215/1215
f 1215/1215/1215 1217/1217/1217 1219/1219/1219
f 1219/1219/1219 1217/1217/1217 1220/1220/1220
f 1218/1218/1218 1221/1221/1221 1216/1216/1216
f 1222/1222/1222 1221/1221/1221 1218/1218/1218
f 1222/1222/1222 1223/1223/1223 1221/1221/1221
f 1224/1224/1224 1223/1223/1223 1222/1222/1222
f 1220/1220/1220 1217/1217/1217 1225/1225/1225
f 1225/1225/1225 1217/1217/1217 1226/1226/1226
f 1216/1216/1216 1226/1226/1226 1217/1217/1217
f 1219/1219/1219 1227/1227/1227 1215/1215/1215
f 1228/1228/1228 1227/1227/1227 1219/1219/1219
f 1221/1221/1221 1229/1229/1229 1216/1216/1216
f 1229/1229/1229 1226/1226/1226 1216/1216/1216
f 1230/1230/1230 1229/1229/1229 1221/1221/1221
f 1218/1218/1218 1231/1231/1231 1222/1222/1222
f 1232/1232/1232 1231/1231/1231 1218/1218/1218
f 1215/1215/1215 1232/1232/1232 1218/1218/1218
f 1227/1227/1227 1232/1232/1232 1215/1215/1215
f 1233/1233/1233 1234/1234/1234 1235/1235/1235
f 1236/1236/1236 1234/1234/1234 1233/1233/1233
f 1236/1236/1236 1237/1237/1237 1234/1234/1234
f 1238/1238/1238 1237/1237/1237 1236/1236/1236
f 1239/1239/1239 1240/1240/1240 1241/1241/1241
f 1242/1242/1242 1240/1240/1240 1239/1239/1239
f 1239/1239/1239 1241/1241/1241 1243/1243/1243
f 1243/1243/1243 1241/1241/1241 1244/1244/1244
f 1245/1245/1245 1246/1246/1246 1247/1247/1247
f 1248/1248/1248 1246/1246/1246 1245/1245/1245
f 1245/1245/1245 1247/1247/1247 1249/1249/1249
f 1249/1249/1249 1247/1247/1247 1250/1250/1250
f 1251/1251/1251 1252/1252/1252 1253/1253/1253
f 1254/1254/1254 1252/1252/1252 1251/1251/1251
f 1251/1251/1251 1253/1253/1253 1255/1255/1255
f 1255/1255/1255 1253/1253/1253 1256/1256/1256
f 1257/1257/1257 1258/1258/1258 1259/1259/1259
f 1260/1260/1260 1258/1258/1258 1257/1257/1257
f 1258/1258/1258 1261/1261/1261 1259/1259/1259
f 1259/1259/1259 1261/1261/1261 1262/1262/1262
f 1263/1263/1263 1264/1264/1264 1265/1265/1265
f 1264/1264/1264 1263/1263/1263 1266/1266/1266
f 1266/1266/1266 1263/1263/1263 1267/1267/1267
f 1266/1266/1266 1267/1267/1267 1268/1268/1268
f 1268/1268/1268 1267/1267/1267 1269/1269/1269
f 1268/1268/1268 1269/1269/1269 1270/1270/1270
f 1271/1271/1271 1272/1272/1272 1273/1273/1273
f 1274/1274/1274 1272/1272/1272 1271/1271/1271
f 1275/1275/1275 1276/1276/1276 1277/1277/1277
f 1278/1278/1278 1276/1276/1276 1275/1275/1275
f 1279/1279/1279 1280/1280/1280 1281/1281/1281
f 1282/1282/1282 1280/1280/1280 1279/1279/1279
f 1283/1283/1283 1284/1284/1284 1285/1285/1285
f 1286/1286/1286 1284/1284/1284 1283/1283/1283
f 1287/1287/1287 1288/1288/1288 1289/1289/1289
f 1290/1290/1290 1288/1288/1288 1287/1287/1287
f 1291/1291/1291 1292/1292/1292 1293/1293/1293
f 1294/1294/1294 1292/1292/1292 1291/1291/1291
f 1295/1295/1295 1296/1296/1296 1297/1297/1297
f 1298/1298/1298 1296/1296/1296 1295/1295/1295
f 1298/1298/1298 1299/1299/1299 1296/1296/1296
f 1300/1300/1300 1299/1299/1299 1298/1298/1298
f 1300/1300/1300 1301/1301/1301 1299/1299/1299
f 1302/1302/1302 1301/1301/1301 1300/1300/1300
f 1302/1302/1302 1303/1303/1303 1301/1301/1301
f 1304/1304/1304 1303/1303/1303 1302/1302/1302
f 1304/1304/1304 1305/1305/1305 1303/1303/1303
f 1306/1306/1306 1305/1305/1305 1304/1304/1304
f 1306/1306/1306 1307/1307/1307 1305/1305/1305
f 1308/1308/1308 1307/1307/1307 1306/1306/1306
f 1308/1308/1308 1309/1309/1309 1307/1307/1307
f 1310/1310/1310 1309/1309/1309 1308/1308/1308
f 1310/1310/1310 1311/1311/1311 1309/1309/1309
f 1312/1312/1312 1311/1311/1311 1310/1310/1310
f 1312/1312/1312 1313/1313/1313 1311/1311/1311
f 1314/1314/1314 1313/1313/1313 1312/1312/1312
f 1314/1314/1314 1315/1315/1315 1313/1313/1313
f 1316/1316/1316 1315/1315/1315 1314/1314/1314
f 1316/1316/1316 1317/1317/1317 1315/1315/1315
f 1318/1318/1318 1317/1317/1317 1316/1316/1316
f 1319/1319/1319 1315/1315/1315 1317/1317/1317
f 1319/1319/1319 1317/1317/1317 1320/1320/1320
f 1320/1320/1320 1317/1317/1317 1297/1297/1297
f 1318/1318/1318 1297/1297/1297 1317/1317/1317
f 1321/1321/1321 1315/1315/1315 1319/1319/1319
f 1322/1322/1322 1311/1311/1311 1313/1313/1313
f 1323/1323/1323 1311/1311/1311 1322/1322/1322
f 1323/1323/1323 1309/1309/1309 1311/1311/1311
f 1324/1324/1324 1309/1309/1309 1323/1323/1323
f 1320/1320/1320 1297/1297/1297 1325/1325/1325
f 1325/1325/1325 1297/1297/1297 1296/1296/1296
f 1325/1325/1325 1296/1296/1296 1326/1326/1326
f 1326/1326/1326 1296/1296/1296 1299/1299/1299
f 1326/1326/1326 1299/1299/1299 1327/1327/1327
f 1327/1327/1327 1299/1299/1299 1301/1301/1301
f 1327/1327/1327 1301/1301/1301 1328/1328/1328
f 1328/1328/1328 1301/1301/1301 1303/1303/1303
f 1328/1328/1328 1303/1303/1303 1329/1329/1329
f 1329/1329/1329 1303/1303/1303 1305/1305/1305
f 1295/1295/1295 1297/1297/1297 1318/1318/1318
f 1318/1318/1318 1330/1330/1330 1331/1331/1331
f 1316/1316/1316 1330/1330/1330 1318/1318/1318
f 1316/1316/1316 1332/1332/1332 1330/1330/1330
f 1314/1314/1314 1332/1332/1332 1316/1316/1316
f 1314/1314/1314 1333/1333/1333 1332/1332/1332
f 1312/1312/1312 1333/1333/1333 1314/1314/1314
f 1312/1312/1312 1334/1334/1334 1333/1333/1333
f 1310/1310/1310 1334/1334/1334 1312/1312/1312
f 1310/1310/1310 1335/1335/1335 1334/1334/1334
f 1308/1308/1308 1335/1335/1335 1310/1310/1310
f 1308/1308/1308 1336/1336/1336 1335/1335/1335
f 1306/1306/1306 1336/1336/1336 1308/1308/1308
f 1306/1306/1306 1337/1337/1337 1336/1336/1336
f 1304/1304/1304 1337/1337/1337 1306/1306/1306
f 1338/1338/1338 1339/1339/1339 1340/1340/1340
f 1341/1341/1341 1339/1339/1339 1338/1338/1338
f 1338/1338/1338 1340/1340/1340 1342/1342/1342
f 1342/1342/1342 1340/1340/1340 1343/1343/1343
f 1341/1341/1341 1344/1344/1344 1339/1339/1339
f 1345/1345/1345 1344/1344/1344 1341/1341/1341
f 1345/1345/1345 1346/1346/1346 1344/1344/1344
f 1347/1347/1347 1346/1346/1346 1345/1345/1345
f 1342/1342/1342 1343/1343/1343 1348/1348/1348
f 1348/1348/1348 1343/1343/1343 1349/1349/1349
f 1347/1347/1347 1350/1350/1350 1346/1346/1346
f 1351/1351/1351 1350/1350/1350 1347/1347/1347
f 1351/1351/1351 1352/1352/1352 1350/1350/1350
f 1353/1353/1353 1352/1352/1352 1351/1351/1351
f 1353/1353/1353 1354/1354/1354 1352/1352/1352
f 1355/1355/1355 1354/1354/1354 1353/1353/1353
f 1355/1355/1355 1356/1356/1356 1354/1354/1354
f 1357/1357/1357 1356/1356/1356 1355/1355/1355
f 1357/1357/1357 1358/1358/1358 1356/1356/1356
f 1359/1359/1359 1358/1358/1358 1357/1357/1357
f 1359/1359/1359 1360/1360/1360 1358/1358/1358
f 1361/1361/1361 1360/1360/1360 1359/1359/1359
f 1361/1361/1361 1349/1349/1349 1360/1360/1360
f 1348/1348/1348 1349/1349/1349 1361/1361/1361
f 1350/1350/1350 1362/1362/1362 1346/1346/1346
f 1346/1346/1346 1362/1362/1362 1363/1363/1363
f 1350/1350/1350 1364/1364/1364 1362/1362/1362
f 1352/1352/1352 1364/1364/1364 1350/1350/1350
f 1352/1352/1352 1365/1365/1365 1364/1364/1364
f 1354/1354/1354 1365/1365/1365 1352/1352/1352
f 1354/1354/1354 1366/1366/1366 1365/1365/1365
f 1356/1356/1356 1366/1366/1366 1354/1354/1354
f 1356/1356/1356 1367/1367/1367 1366/1366/1366
f 1358/1358/1358 1367/1367/1367 1356/1356/1356
f 1358/1358/1358 1368/1368/1368 1367/1367/1367
f 1360/1360/1360 1368/1368/1368 1358/1358/1358
f 1360/1360/1360 1369/1369/1369 1368/1368/1368
f 1349/1349/1349 1369/1369/1369 1360/1360/1360
f 1349/1349/1349 1370/1370/1370 1369/1369/1369
f 1343/1343/1343 1370/1370/1370 1349/1349/1349
f 1371/1371/1371 1359/1359/1359 1357/1357/1357
f 1372/1372/1372 1359/1359/1359 1371/1371/1371
f 1373/1373/1373 1374/1374/1374 1375/1375/1375
f 1376/1376/1376 1374/1374/1374 1373/1373/1373
f 1374/1374/1374 1377/1377/1377 1375/1375/1375
f 1375/1375/1375 1377/1377/1377 1378/1378/1378
f 1377/1377/1377 1379/1379/1379 1378/1378/1378
f 1378/1378/1378 1379/1379/1379 1380/1380/1380
f 1381/1381/1381 1373/1373/1373 1375/1375/1375
f 1382/1382/1382 1373/1373/1373 1381/1381/1381
f 1383/1383/1383 1375/1375/1375 1378/1378/1378
f 1381/1381/1381 1375/1375/1375 1383/1383/1383
f 1384/1384/1384 1385/1385/1385 1386/1386/1386
f 1387/1387/1387 1385/1385/1385 1384/1384/1384
f 1387/1387/1387 1388/1388/1388 1385/1385/1385
f 1389/1389/1389 1388/1388/1388 1387/1387/1387
f 1389/1389/1389 1390/1390/1390 1388/1388/1388
f 1391/1391/1391 1390/1390/1390 1389/1389/1389
f 1391/1391/1391 1392/1392/1392 1390/1390/1390
f 1393/1393/1393 1392/1392/1392 1391/1391/1391
f 1394/1394/1394 1385/1385/1385 1388/1388/1388
f 1395/1395/1395 1385/1385/1385 1394/1394/1394
f 1396/1396/1396 1388/1388/1388 1390/1390/1390
f 1394/1394/1394 1388/1388/1388 1396/1396/1396
f 1397/1397/1397 1398/1398/1398 1399/1399/1399
f 1400/1400/1400 1398/1398/1398 1397/1397/1397
f 1400/1400/1400 1401/1401/1401 1398/1398/1398
f 1402/1402/1402 1401/1401/1401 1400/1400/1400
f 1402/1402/1402 1403/1403/1403 1401/1401/1401
f 1404/1404/1404 1403/1403/1403 1402/1402/1402
f 1400/1400/1400 1405/1405/1405 1402/1402/1402
f 1402/1402/1402 1405/1405/1405 1406/1406/1406
f 1400/1400/1400 1407/1407/1407 1405/1405/1405
f 1397/1397/1397 1407/1407/1407 1400/1400/1400
f 1408/1408/1408 1409/1409/1409 1410/1410/1410
f 1411/1411/1411 1409/1409/1409 1408/1408/1408
f 1411/1411/1411 1412/1412/1412 1409/1409/1409
f 1413/1413/1413 1412/1412/1412 1411/1411/1411
f 1413/1413/1413 1414/1414/1414 1412/1412/1412
f 1415/1415/1415 1414/1414/1414 1413/1413/1413
f 1416/1416/1416 1409/1409/1409 1412/1412/1412
f 1417/1417/1417 1409/1409/1409 1416/1416/1416
f 1411/1411/1411 1418/1418/1418 1413/1413/1413
f 1413/1413/1413 1418/1418/1418 1419/1419/1419
f 1420/1420/1420 1421/1421/1421 1422/1422/1422
f 1423/1423/1423 1421/1421/1421 1420/1420/1420
f 1420/1420/1420 1422/1422/1422 1424/1424/1424
f 1424/1424/1424 1422/1422/1422 1425/1425/1425
f 1426/1426/1426 1427/1427/1427 1428/1428/1428
f 1429/1429/1429 1427/1427/1427 1426/1426/1426
f 1430/1430/1430 1429/1429/1429 1426/1426/1426
f 1431/1431/1431 1429/1429/1429 1430/1430/1430
f 1432/1432/1432 1431/1431/1431 1430/1430/1430
f 1433/1433/1433 1431/1431/1431 1432/1432/1432
f 1431/1431/1431 1434/1434/1434 1429/1429/1429
f 1429/1429/1429 1434/1434/1434 1435/1435/1435
f 1436/1436/1436 1430/1430/1430 1426/1426/1426
f 1437/1437/1437 1430/1430/1430 1436/1436/1436
f 1438/1438/1438 1439/1439/1439 1440/1440/1440
f 1441/1441/1441 1439/1439/1439 1438/1438/1438
f 1439/1439/1439 1442/1442/1442 1440/1440/1440
f 1440/1440/1440 1442/1442/1442 1443/1443/1443
f 1442/1442/1442 1444/1444/1444 1443/1443/1443
f 1443/1443/1443 1444/1444/1444 1445/1445/1445
f 1444/1444/1444 1446/1446/1446 1445/1445/1445
f 1445/1445/1445 1446/1446/1446 1447/1447/1447
f 1442/1442/1442 1448/1448/1448 1444/1444/1444
f 1444/1444/1444 1448/1448/1448 1449/1449/1449
f 1442/1442/1442 1450/1450/1450 1448/1448/1448
f 1439/1439/1439 1450/1450/1450 1442/1442/1442
f 1451/1451/1451 1452/1452/1452 1453/1453/1453
f 1454/1454/1454 1452/1452/1452 1451/1451/1451
f 1452/1452/1452 1455/1455/1455 1453/1453/1453
f 1453/1453/1453 1455/1455/1455 1456/1456/1456
f 1339/1339/1339 1457/1457/1457 1458/1458/1458
f 1344/1344/1344 1457/1457/1457 1339/1339/1339
f 1302/1302/1302 1459/1459/1459 1460/1460/1460
f 1300/1300/1300 1459/1459/1459 1302/1302/1302
f 1300/1300/1300 1461/1461/1461 1459/1459/1459
f 1298/1298/1298 1461/1461/1461 1300/1300/1300
f 1462/1462/1462 1341/1341/1341 1338/1338/1338
f 1463/1463/1463 1341/1341/1341 1462/1462/1462
f 1463/1463/1463 1345/1345/1345 1341/1341/1341
f 1464/1464/1464 1345/1345/1345 1463/1463/1463
f 1464/1464/1464 1347/1347/1347 1345/1345/1345
f 1465/1465/1465 1347/1347/1347 1464/1464/1464
f 1465/1465/1465 1351/1351/1351 1347/1347/1347
f 1466/1466/1466 1351/1351/1351 1465/1465/1465
f 1466/1466/1466 1353/1353/1353 1351/1351/1351
f 1467/1467/1467 1353/1353/1353 1466/1466/1466
f 1462/1462/1462 1338/1338/1338 1468/1468/1468
f 1468/1468/1468 1338/1338/1338 1342/1342/1342
f 1468/1468/1468 1342/1342/1342 1469/1469/1469
f 1469/1469/1469 1342/1342/1342 1348/1348/1348
f 1469/1469/1469 1348/1348/1348 1470/1470/1470
f 1470/1470/1470 1348/1348/1348 1361/1361/1361
f 1471/1471/1471 1472/1472/1472 1473/1473/1473
f 1474/1474/1474 1472/1472/1472 1471/1471/1471
f 1472/1472/1472 1475/1475/1475 1473/1473/1473
f 1476/1476/1476 1475/1475/1475 1472/1472/1472
f 1471/1471/1471 1477/1477/1477 1474/1474/1474
f 1478/1478/1478 1477/1477/1477 1471/1471/1471
f 1479/1479/1479 1480/1480/1480 1481/1481/1481
f 1482/1482/1482 1480/1480/1480 1479/1479/1479
f 1482/1482/1482 1483/1483/1483 1480/1480/1480
f 1483/1483/1483 1482/1482/1482 1484/1484/1484
f 1484/1484/1484 1482/1482/1482 1485/1485/1485
f 1480/1480/1480 1483/1483/1483 1486/1486/1486
f 1480/1480/1480 1486/1486/1486 1487/1487/1487
f 1480/1480/1480 1487/1487/1487 1481/1481/1481
f 1487/1487/1487 1486/1486/1486 1488/1488/1488
f 1484/1484/1484 1485/1485/1485 1489/1489/1489
f 1489/1489/1489 1485/1485/1485 1490/1490/1490
f 1489/1489/1489 1490/1490/1490 1491/1491/1491
f 1491/1491/1491 1490/1490/1490 1492/1492/1492
f 1493/1493/1493 1482/1482/1482 1479/1479/1479
f 1485/1485/1485 1482/1482/1482 1493/1493/1493
f 1494/1494/1494 1485/1485/1485 1493/1493/1493
f 1490/1490/1490 1485/1485/1485 1494/1494/1494
f 1495/1495/1495 1490/1490/1490 1494/1494/1494
f 1492/1492/1492 1490/1490/1490 1495/1495/1495
f 1496/1496/1496 1492/1492/1492 1495/1495/1495
f 1497/1497/1497 1492/1492/1492 1496/1496/1496
f 1498/1498/1498 1497/1497/1497 1496/1496/1496
f 1499/1499/1499 1497/1497/1497 1498/1498/1498
f 1481/1481/1481 1487/1487/1487 1500/1500/1500
f 1487/1487/1487 1501/1501/1501 1500/1500/1500
f 1500/1500/1500 1501/1501/1501 1502/1502/1502
f 1501/1501/1501 1503/1503/1503 1502/1502/1502
f 1502/1502/1502 1503/1503/1503 1504/1504/1504
f 1505/1505/1505 1506/1506/1506 1507/1507/1507
f 1506/1506/1506 1505/1505/1505 1508/1508/1508
f 1506/1506/1506 1508/1508/1508 1509/1509/1509
f 1509/1509/1509 1508/1508/1508 1510/1510/1510
f 1509/1509/1509 1510/1510/1510 1511/1511/1511
f 1511/1511/1511 1510/1510/1510 1512/1512/1512
f 1511/1511/1511 1512/1512/1512 1513/1513/1513
f 1513/1513/1513 1512/1512/1512 1514/1514/1514
f 1513/1513/1513 1514/1514/1514 1515/1515/1515
f 1515/1515/1515 1514/1514/1514 1516/1516/1516
f 1515/1515/1515 1516/1516/1516 1517/1517/1517
f 1517/1517/1517 1516/1516/1516 1518/1518/1518
f 1517/1517/1517 1518/1518/1518 1519/1519/1519
f 1519/1519/1519 1518/1518/1518 1520/1520/1520
f 1521/1521/1521 1522/1522/1522 1523/1523/1523
f 1524/1524/1524 1522/1522/1522 1521/1521/1521
f 1522/1522/1522 1525/1525/1525 1523/1523/1523
f 1526/1526/1526 1525/1525/1525 1522/1522/1522
f 1521/1521/1521 1527/1527/1527 1524/1524/1524
f 1528/1528/1528 1527/1527/1527 1521/1521/1521
f 1529/1529/1529 1530/1530/1530 1531/1531/1531
f 1532/1532/1532 1530/1530/1530 1529/1529/1529
f 1529/1529/1529 1531/1531/1531 1533/1533/1533
f 1533/1533/1533 1531/1531/1531 1534/1534/1534
f 1530/1530/1530 1532/1532/1532 1535/1535/1535
f 1535/1535/1535 1532/1532/1532 1536/1536/1536
f 1535/1535/1535 1536/1536/1536 1537/1537/1537
f 1537/1537/1537 1536/1536/1536 1538/1538/1538
f 1537/1537/1537 1538/1538/1538 1539/1539/1539
f 1539/1539/1539 1538/1538/1538 1540/1540/1540
f 1530/1530/1530 1535/1535/1535 1541/1541/1541
f 1541/1541/1541 1535/1535/1535 1542/1542/1542
f 1535/1535/1535 1537/1537/1537 1542/1542/1542
f 1542/1542/1542 1537/1537/1537 1543/1543/1543
f 1537/1537/1537 1539/1539/1539 1543/1543/1543
f 1534/1534/1534 1531/1531/1531 1544/1544/1544
f 1544/1544/1544 1531/1531/1531 1545/1545/1545
f 1545/1545/1545 1530/1530/1530 1541/1541/1541
f 1531/1531/1531 1530/1530/1530 1545/1545/1545
f 1544/1544/1544 1545/1545/1545 1546/1546/1546
f 1546/1546/1546 1545/1545/1545 1547/1547/1547
f 1545/1545/1545 1541/1541/1541 1547/1547/1547
f 1547/1547/1547 1541/1541/1541 1548/1548/1548
f 1543/1543/1543 1539/1539/1539 1549/1549/1549
f 1539/1539/1539 1550/1550/1550 1549/1549/1549
f 1549/1549/1549 1550/1550/1550 1551/1551/1551
f 1552/1552/1552 1534/1534/1534 1544/1544/1544
f 1553/1553/1553 1534/1534/1534 1552/1552/1552
f 1554/1554/1554 1555/1555/1555 1556/1556/1556
f 1555/1555/1555 1554/1554/1554 1557/1557/1557
f 1555/1555/1555 1557/1557/1557 1558/1558/1558
f 1558/1558/1558 1557/1557/1557 1559/1559/1559
f 1558/1558/1558 1559/1559/1559 1560/1560/1560
f 1560/1560/1560 1559/1559/1559 1561/1561/1561
f 1560/1560/1560 1561/1561/1561 1562/1562/1562
f 1562/1562/1562 1561/1561/1561 1563/1563/1563
f 1562/1562/1562 1563/1563/1563 1564/1564/1564
f 1564/1564/1564 1563/1563/1563 1565/1565/1565
f 1564/1564/1564 1565/1565/1565 1566/1566/1566
f 1566/1566/1566 1565/1565/1565 1567/1567/1567
f 1566/1566/1566 1567/1567/1567 1568/1568/1568
f 1568/1568/1568 1567/1567/1567 1569/1569/1569
f 1557/1557/1557 1554/1554/1554 1570/1570/1570
f 1571/1571/1571 1557/1557/1557 1570/1570/1570
f 1559/1559/1559 1557/1557/1557 1571/1571/1571
f 1570/1570/1570 1572/1572/1572 1571/1571/1571
f 1573/1573/1573 1572/1572/1572 1570/1570/1570
f 1574/1574/1574 1573/1573/1573 1570/1570/1570
f 1570/1570/1570 1554/1554/1554 1574/1574/1574
f 1554/1554/1554 1556/1556/1556 1574/1574/1574
f 1574/1574/1574 1556/1556/1556 1575/1575/1575
f 1575/1575/1575 1576/1576/1576 1574/1574/1574
f 1576/1576/1576 1573/1573/1573 1574/1574/1574
f 1577/1577/1577 1576/1576/1576 1575/1575/1575
f 1556/1556/1556 1555/1555/1555 1575/1575/1575
f 1575/1575/1575 1555/1555/1555 1578/1578/1578
f 1555/1555/1555 1558/1558/1558 1578/1578/1578
f 1578/1578/1578 1558/1558/1558 1579/1579/1579
f 1580/1580/1580 1581/1581/1581 1582/1582/1582
f 1583/1583/1583 1581/1581/1581 1580/1580/1580
f 1584/1584/1584 1583/1583/1583 1580/1580/1580
f 1585/1585/1585 1583/1583/1583 1584/1584/1584
f 1582/1582/1582 1586/1586/1586 1580/1580/1580
f 1587/1587/1587 1586/1586/1586 1582/1582/1582
f 1588/1588/1588 1587/1587/1587 1582/1582/1582
f 1589/1589/1589 1587/1587/1587 1588/1588/1588
f 1590/1590/1590 1589/1589/1589 1588/1588/1588
f 1591/1591/1591 1589/1589/1589 1590/1590/1590
f 1592/1592/1592 1591/1591/1591 1590/1590/1590
f 1593/1593/1593 1591/1591/1591 1592/1592/1592
f 1590/1590/1590 1594/1594/1594 1592/1592/1592
f 1595/1595/1595 1594/1594/1594 1590/1590/1590
f 1588/1588/1588 1595/1595/1595 1590/1590/1590
f 1582/1582/1582 1596/1596/1596 1588/1588/1588
f 1596/1596/1596 1595/1595/1595 1588/1588/1588
f 1581/1581/1581 1596/1596/1596 1582/1582/1582
f 1597/1597/1597 1598/1598/1598 1599/1599/1599
f 1600/1600/1600 1598/1598/1598 1597/1597/1597
f 1599/1599/1599 1601/1601/1601 1597/1597/1597
f 1602/1602/1602 1601/1601/1601 1599/1599/1599
f 1603/1603/1603 1602/1602/1602 1599/1599/1599
f 1604/1604/1604 1602/1602/1602 1603/1603/1603
f 1605/1605/1605 1604/1604/1604 1603/1603/1603
f 1606/1606/1606 1604/1604/1604 1605/1605/1605
f 1607/1607/1607 1606/1606/1606 1605/1605/1605
f 1608/1608/1608 1606/1606/1606 1607/1607/1607
f 1603/1603/1603 1609/1609/1609 1605/1605/1605
f 1610/1610/1610 1609/1609/1609 1603/1603/1603
f 1599/1599/1599 1610/1610/1610 1603/1603/1603
f 1598/1598/1598 1610/1610/1610 1599/1599/1599
f 1611/1611/1611 1612/1612/1612 1613/1613/1613
f 1614/1614/1614 1612/1612/1612 1611/1611/1611
f 1615/1615/1615 1614/1614/1614 1611/1611/1611
f 1616/1616/1616 1614/1614/1614 1615/1615/1615
f 1611/1611/1611 1617/1617/1617 1615/1615/1615
f 1617/1617/1617 1618/1618/1618 1615/1615/1615
f 1615/1615/1615 1618/1618/1618 1619/1619/1619
f 1619/1619/1619 1616/1616/1616 1615/1615/1615
f 1620/1620/1620 1617/1617/1617 1611/1611/1611
f 1613/1613/1613 1620/1620/1620 1611/1611/1611
f 1621/1621/1621 1620/1620/1620 1613/1613/1613
f 1622/1622/1622 1616/1616/1616 1619/1619/1619
f 1623/1623/1623 1624/1624/1624 1625/1625/1625
f 1626/1626/1626 1624/1624/1624 1623/1623/1623
f 1627/1627/1627 1626/1626/1626 1623/1623/1623
f 1628/1628/1628 1626/1626/1626 1627/1627/1627
f 1629/1629/1629 1628/1628/1628 1627/1627/1627
f 1630/1630/1630 1628/1628/1628 1629/1629/1629
f 1631/1631/1631 1630/1630/1630 1629/1629/1629
f 1632/1632/1632 1630/1630/1630 1631/1631/1631
f 1633/1633/1633 1632/1632/1632 1631/1631/1631
f 1634/1634/1634 1632/1632/1632 1633/1633/1633
f 1635/1635/1635 1634/1634/1634 1633/1633/1633
f 1636/1636/1636 1634/1634/1634 1635/1635/1635
f 1637/1637/1637 1636/1636/1636 1635/1635/1635
f 1638/1638/1638 1636/1636/1636 1637/1637/1637
f 1625/1625/1625 1638/1638/1638 1637/1637/1637
f 1624/1624/1624 1638/1638/1638 1625/1625/1625
f 1639/1639/1639 1640/1640/1640 1641/1641/1641
f 1640/1640/1640 1639/1639/1639 1642/1642/1642
f 1642/1642/1642 1639/1639/1639 1643/1643/1643
f 1642/1642/1642 1643/1643/1643 1644/1644/1644
f 1644/1644/1644 1643/1643/1643 1645/1645/1645
f 1644/1644/1644 1645/1645/1645 1646/1646/1646
f 1647/1647/1647 1648/1648/1648 1649/1649/1649
f 1650/1650/1650 1648/1648/1648 1647/1647/1647
f 1648/1648/1648 1651/1651/1651 1649/1649/1649
f 1649/1649/1649 1651/1651/1651 1652/1652/1652
f 1653/1653/1653 1654/1654/1654 1655/1655/1655
f 1656/1656/1656 1654/1654/1654 1653/1653/1653
f 1654/1654/1654 1657/1657/1657 1655/1655/1655
f 1655/1655/1655 1657/1657/1657 1658/1658/1658
f 1659/1659/1659 1660/1660/1660 1661/1661/1661
f 1662/1662/1662 1660/1660/1660 1659/1659/1659
f 1660/1660/1660 1663/1663/1663 1661/1661/1661
f 1661/1661/1661 1663/1663/1663 1664/1664/1664
f 1665/1665/1665 1666/1666/1666 1667/1667/1667
f 1668/1668/1668 1666/1666/1666 1665/1665/1665
f 1669/1669/1669 1667/1667/1667 1666/1666/1666
f 1670/1670/1670 1667/1667/1667 1669/1669/1669
f 1671/1671/1671 1670/1670/1670 1669/1669/1669
f 1672/1672/1672 1670/1670/1670 1671/1671/1671
f 1671/1671/1671 1673/1673/1673 1672/1672/1672
f 1672/1672/1672 1673/1673/1673 1674/1674/1674
f 1673/1673/1673 1675/1675/1675 1674/1674/1674
f 1674/1674/1674 1675/1675/1675 1676/1676/1676
f 1677/1677/1677 1668/1668/1668 1665/1665/1665
f 1678/1678/1678 1668/1668/1668 1677/1677/1677
f 1677/1677/1677 1679/1679/1679 1678/1678/1678
f 1678/1678/1678 1679/1679/1679 1680/1680/1680
f 1676/1676/1676 1675/1675/1675 1681/1681/1681
f 1681/1681/1681 1675/1675/1675 1682/1682/1682
f 1681/1681/1681 1682/1682/1682 1683/1683/1683
f 1683/1683/1683 1682/1682/1682 1684/1684/1684
f 1684/1684/1684 1685/1685/1685 1683/1683/1683
f 1686/1686/1686 1685/1685/1685 1684/1684/1684
f 1686/1686/1686 1687/1687/1687 1685/1685/1685
f 1688/1688/1688 1687/1687/1687 1686/1686/1686
f 1689/1689/1689 1690/1690/1690 1691/1691/1691
f 1692/1692/1692 1690/1690/1690 1689/1689/1689
f 1689/1689/1689 1691/1691/1691 1693/1693/1693
f 1693/1693/1693 1691/1691/1691 1694/1694/1694
f 1690/1690/1690 1692/1692/1692 1695/1695/1695
f 1695/1695/1695 1692/1692/1692 1696/1696/1696
f 1695/1695/1695 1696/1696/1696 1697/1697/1697
f 1697/1697/1697 1696/1696/1696 1698/1698/1698
f 1698/1698/1698 1699/1699/1699 1697/1697/1697
f 1700/1700/1700 1699/1699/1699 1698/1698/1698
f 1701/1701/1701 1699/1699/1699 1700/1700/1700
f 1701/1701/1701 1700/1700/1700 1702/1702/1702
f 1702/1702/1702 1700/1700/1700 1703/1703/1703
f 1704/1704/1704 1705/1705/1705 1706/1706/1706
f 1706/1706/1706 1705/1705/1705 1707/1707/1707
f 1708/1708/1708 1707/1707/1707 1705/1705/1705
f 1707/1707/1707 1708/1708/1708 1709/1709/1709
f 1710/1710/1710 1709/1709/1709 1708/1708/1708
f 1711/1711/1711 1708/1708/1708 1705/1705/1705
f 1712/1712/1712 1708/1708/1708 1711/1711/1711
f 1713/1713/1713 1712/1712/1712 1711/1711/1711
f 1711/1711/1711 1714/1714/1714 1713/1713/1713
f 1711/1711/1711 1715/1715/1715 1714/1714/1714
f 1716/1716/1716 1714/1714/1714 1715/1715/1715
f 1717/1717/1717 1716/1716/1716 1715/1715/1715
f 1718/1718/1718 1717/1717/1717 1715/1715/1715
f 1719/1719/1719 1718/1718/1718 1715/1715/1715
f 1720/1720/1720 1719/1719/1719 1715/1715/1715
f 1721/1721/1721 1717/1717/1717 1718/1718/1718
f 1722/1722/1722 1721/1721/1721 1718/1718/1718
f 1722/1722/1722 1718/1718/1718 1723/1723/1723
f 1723/1723/1723 1718/1718/1718 1724/1724/1724
f 1724/1724/1724 1725/1725/1725 1723/1723/1723
f 1726/1726/1726 1725/1725/1725 1724/1724/1724
f 1727/1727/1727 1723/1723/1723 1725/1725/1725
f 1725/1725/1725 1728/1728/1728 1727/1727/1727
f 1728/1728/1728 1729/1729/1729 1727/1727/1727
f 1730/1730/1730 1731/1731/1731 1732/1732/1732
f 1733/1733/1733 1731/1731/1731 1730/1730/1730
f 1730/1730/1730 1734/1734/1734 1733/1733/1733
f 1731/1731/1731 1735/1735/1735 1732/1732/1732
f 1735/1735/1735 1736/1736/1736 1732/1732/1732
f 1732/1732/1732 1737/1737/1737 1730/1730/1730
f 1730/1730/1730 1737/1737/1737 1738/1738/1738
f 1737/1737/1737 1739/1739/1739 1738/1738/1738
f 1739/1739/1739 1740/1740/1740 1738/1738/1738
f 1741/1741/1741 1738/1738/1738 1740/1740/1740
f 1742/1742/1742 1738/1738/1738 1741/1741/1741
f 1741/1741/1741 1743/1743/1743 1742/1742/1742
f 1743/1743/1743 1744/1744/1744 1742/1742/1742
f 1744/1744/1744 1745/1745/1745 1742/1742/1742
f 1745/1745/1745 1746/1746/1746 1742/1742/1742
f 1747/1747/1747 1744/1744/1744 1743/1743/1743
f 1748/1748/1748 1744/1744/1744 1747/1747/1747
f 1749/1749/1749 1744/1744/1744 1748/1748/1748
f 1748/1748/1748 1750/1750/1750 1749/1749/1749
f 1751/1751/1751 1750/1750/1750 1748/1748/1748
f 1751/1751/1751 1752/1752/1752 1750/1750/1750
f 1752/1752/1752 1751/1751/1751 1753/1753/1753
f 1752/1752/1752 1754/1754/1754 1750/1750/1750
f 1755/1755/1755 1752/1752/1752 1753/1753/1753
f 1756/1756/1756 1755/1755/1755 1753/1753/1753
f 1757/1757/1757 1758/1758/1758 1759/1759/1759
f 1760/1760/1760 1758/1758/1758 1757/1757/1757
f 1760/1760/1760 1761/1761/1761 1758/1758/1758
f 1758/1758/1758 1761/1761/1761 1762/1762/1762
f 1761/1761/1761 1763/1763/1763 1762/1762/1762
f 1762/1762/1762 1763/1763/1763 1764/1764/1764
f 1759/1759/1759 1765/1765/1765 1757/1757/1757
f 1766/1766/1766 1765/1765/1765 1759/1759/1759
f 1766/1766/1766 1767/1767/1767 1765/1765/1765
f 1768/1768/1768 1767/1767/1767 1766/1766/1766
f 1769/1769/1769 1770/1770/1770 1771/1771/1771
f 1772/1772/1772 1770/1770/1770 1769/1769/1769
f 1770/1770/1770 1772/1772/1772 1773/1773/1773
f 1773/1773/1773 1772/1772/1772 1774/1774/1774
f 1774/1774/1774 1775/1775/1775 1773/1773/1773
f 1773/1773/1773 1775/1775/1775 1776/1776/1776
f 1777/1777/1777 1776/1776/1776 1775/1775/1775
f 1778/1778/1778 1776/1776/1776 1777/1777/1777
f 1779/1779/1779 1780/1780/1780 1781/1781/1781
f 1782/1782/1782 1780/1780/1780 1779/1779/1779
f 1783/1783/1783 1781/1781/1781 1780/1780/1780
f 1781/1781/1781 1783/1783/1783 1784/1784/1784
f 1783/1783/1783 1780/1780/1780 1785/1785/1785
f 1785/1785/1785 1780/1780/1780 1786/1786/1786
f 1782/1782/1782 1779/1779/1779 1787/1787/1787
f 1787/1787/1787 1779/1779/1779 1788/1788/1788
f 1789/1789/1789 1790/1790/1790 1791/1791/1791
f 1790/1790/1790 1789/1789/1789 1792/1792/1792
f 1792/1792/1792 1789/1789/1789 1793/1793/1793
f 1793/1793/1793 1789/1789/1789 1794/1794/1794
f 1789/1789/1789 1791/1791/1791 1795/1795/1795
f 1795/1795/1795 1791/1791/1791 1796/1796/1796
f 1796/1796/1796 1797/1797/1797 1795/1795/1795
f 1798/1798/1798 1797/1797/1797 1796/1796/1796
f 1798/1798/1798 1799/1799/1799 1797/1797/1797
f 1800/1800/1800 1799/1799/1799 1798/1798/1798
f 1801/1801/1801 1802/1802/1802 1803/1803/1803
f 1804/1804/1804 1802/1802/1802 1801/1801/1801
f 1805/1805/1805 1806/1806/1806 1807/1807/1807
f 1808/1808/1808 1806/1806/1806 1805/1805/1805
f 1805/1805/1805 1807/1807/1807 1809/1809/1809
f 1809/1809/1809 1807/1807/1807 1810/1810/1810
f 1808/1808/1808 1811/1811/1811 1806/1806/1806
f 1812/1812/1812 1811/1811/1811 1808/1808/1808
f 1813/1813/1813 1811/1811/1811 1812/1812/1812
f 1811/1811/1811 1813/1813/1813 1814/1814/1814
f 1811/1811/1811 1814/1814/1814 1815/1815/1815
f 1811/1811/1811 1815/1815/1815 1816/1816/1816
f 1817/1817/1817 1818/1818/1818 1819/1819/1819
f 1818/1818/1818 1817/1817/1817 1820/1820/1820
f 1820/1820/1820 1817/1817/1817 1821/1821/1821
f 1819/1819/1819 1822/1822/1822 1817/1817/1817
f 1822/1822/1822 1819/1819/1819 1823/1823/1823
f 1822/1822/1822 1823/1823/1823 1824/1824/1824
f 1818/1818/1818 1825/1825/1825 1819/1819/1819
f 1826/1826/1826 1825/1825/1825 1818/1818/1818
f 1827/1827/1827 1828/1828/1828 1829/1829/1829
f 1830/1830/1830 1828/1828/1828 1827/1827/1827
f 1828/1828/1828 1831/1831/1831 1829/1829/1829
f 1829/1829/1829 1831/1831/1831 1832/1832/1832
f 1833/1833/1833 1834/1834/1834 1835/1835/1835
f 1836/1836/1836 1834/1834/1834 1833/1833/1833
f 1837/1837/1837 1838/1838/1838 1839/1839/1839
f 1840/1840/1840 1838/1838/1838 1837/1837/1837
f 1841/1841/1841 1842/1842/1842 1843/1843/1843
f 1844/1844/1844 1842/1842/1842 1841/1841/1841
f 1845/1845/1845 1846/1846/1846 1847/1847/1847
f 1848/1848/1848 1846/1846/1846 1845/1845/1845
f 1849/1849/1849 1850/1850/1850 1851/1851/1851
f 1852/1852/1852 1850/1850/1850 1849/1849/1849
f 1850/1850/1850 1853/1853/1853 1851/1851/1851
f 1851/1851/1851 1853/1853/1853 1854/1854/1854
f 1855/1855/1855 1856/1856/1856 1857/1857/1857
f 1858/1858/1858 1856/1856/1856 1855/1855/1855
f 1858/1858/1858 1859/1859/1859 1856/1856/1856
f 1860/1860/1860 1859/1859/1859 1858/1858/1858
f 1861/1861/1861 1862/1862/1862 1863/1863/1863
f 1864/1864/1864 1862/1862/1862 1861/1861/1861
f 1864/1864/1864 1865/1865/1865 1862/1862/1862
f 1866/1866/1866 1865/1865/1865 1864/1864/1864
f 1867/1867/1867 1868/1868/1868 1869/1869/1869
f 1870/1870/1870 1868/1868/1868 1867/1867/1867
f 1870/1870/1870 1871/1871/1871 1868/1868/1868
f 1872/1872/1872 1871/1871/1871 1870/1870/1870
f 1873/1873/1873 1874/1874/1874 1875/1875/1875
f 1876/1876/1876 1874/1874/1874 1873/1873/1873
f 1877/1877/1877 1873/1873/1873 1875/1875/1875
f 1873/1873/1873 1878/1878/1878 1876/1876/1876
f 1876/1876/1876 1878/1878/1878 1879/1879/1879
f 1880/1880/1880 1874/1874/1874 1876/1876/1876
f 1881/1881/1881 1880/1880/1880 1876/1876/1876
f 1882/1882/1882 1883/1883/1883 1884/1884/1884
f 1885/1885/1885 1884/1884/1884 1883/1883/1883
f 1885/1885/1885 1883/1883/1883 1886/1886/1886
f 1886/1886/1886 1883/1883/1883 1887/1887/1887
f 1888/1888/1888 1887/1887/1887 1883/1883/1883
f 1889/1889/1889 1887/1887/1887 1888/1888/1888
f 1890/1890/1890 1886/1886/1886 1887/1887/1887
f 1891/1891/1891 1892/1892/1892 1893/1893/1893
f 1894/1894/1894 1892/1892/1892 1891/1891/1891
f 1895/1895/1895 1896/1896/1896 1897/1897/1897
f 1898/1898/1898 1896/1896/1896 1895/1895/1895
f 1898/1898/1898 1899/1899/1899 1896/1896/1896
f 1900/1900/1900 1899/1899/1899 1898/1898/1898
f 1900/1900/1900 1901/1901/1901 1899/1899/1899
f 1902/1902/1902 1901/1901/1901 1900/1900/1900
f 1902/1902/1902 1903/1903/1903 1901/1901/1901
f 1904/1904/1904 1903/1903/1903 1902/1902/1902
f 1905/1905/1905 1906/1906/1906 1907/1907/1907
f 1908/1908/1908 1906/1906/1906 1905/1905/1905
f 1906/1906/1906 1909/1909/1909 1907/1907/1907
f 1907/1907/1907 1909/1909/1909 1910/1910/1910
f 1911/1911/1911 1912/1912/1912 1913/1913/1913
f 1914/1914/1914 1912/1912/1912 1911/1911/1911
f 1915/1915/1915 1914/1914/1914 1911/1911/1911
f 1916/1916/1916 1914/1914/1914 1915/1915/1915
f 1917/1917/1917 1918/1918/1918 1919/1919/1919
f 1920/1920/1920 1918/1918/1918 1917/1917/1917
f 1921/1921/1921 1922/1922/1922 1923/1923/1923
f 1924/1924/1924 1922/1922/1922 1921/1921/1921
f 1925/1925/1925 1926/1926/1926 1927/1927/1927
f 1928/1928/1928 1926/1926/1926 1925/1925/1925
f 1929/1929/1929 1927/1927/1927 1926/1926/1926
f 1927/1927/1927 1929/1929/1929 1930/1930/1930
f 1927/1927/1927 1930/1930/1930 1931/1931/1931
f 1927/1927/1927 1931/1931/1931 1932/1932/1932
f 1933/1933/1933 1934/1934/1934 1935/1935/1935
f 1936/1936/1936 1934/1934/1934 1933/1933/1933
f 1937/1937/1937 1934/1934/1934 1936/1936/1936
f 1938/1938/1938 1934/1934/1934 1937/1937/1937
f 1939/1939/1939 1940/1940/1940 1941/1941/1941
f 1942/1942/1942 1940/1940/1940 1939/1939/1939
f 1943/1943/1943 1944/1944/1944 1945/1945/1945
f 1946/1946/1946 1944/1944/1944 1943/1943/1943
f 1944/1944/1944 1947/1947/1947 1945/1945/1945
f 1947/1947/1947 1944/1944/1944 1948/1948/1948
f 1948/1948/1948 1944/1944/1944 1949/1949/1949
f 1949/1949/1949 1944/1944/1944 1950/1950/1950
f 1951/1951/1951 1952/1952/1952 1953/1953/1953
f 1954/1954/1954 1952/1952/1952 1951/1951/1951
f 1952/1952/1952 1955/1955/1955 1953/1953/1953
f 1953/1953/1953 1955/1955/1955 1956/1956/1956
f 1957/1957/1957 1958/1958/1958 1959/1959/1959
f 1960/1960/1960 1958/1958/1958 1957/1957/1957
f 1961/1961/1961 1962/1962/1962 1963/1963/1963
f 1964/1964/1964 1962/1962/1962 1961/1961/1961
f 1965/1965/1965 1966/1966/1966 1967/1967/1967
f 1968/1968/1968 1966/1966/1966 1965/1965/1965
f 1969/1969/1969 1970/1970/1970 1971/1971/1971
f 1972/1972/1972 1970/1970/1970 1969/1969/1969
f 1969/1969/1969 1971/1971/1971 1973/1973/1973
f 1973/1973/1973 1971/1971/1971 1974/1974/1974
f 1973/1973/1973 1974/1974/1974 1975/1975/1975
f 1975/1975/1975 1974/1974/1974 1976/1976/1976
f 1975/1975/1975 1976/1976/1976 1977/1977/1977
f 1977/1977/1977 1976/1976/1976 1978/1978/1978
f 1977/1977/1977 1978/1978/1978 1979/1979/1979
f 1979/1979/1979 1978/1978/1978 1980/1980/1980
f 1979/1979/1979 1980/1980/1980 1981/1981/1981
f 1981/1981/1981 1980/1980/1980 1982/1982/1982
f 1981/1981/1981 1982/1982/1982 1983/1983/1983
f 1983/1983/1983 1982/1982/1982 1984/1984/1984
f 1983/1983/1983 1984/1984/1984 1985/1985/1985
f 1985/1985/1985 1984/1984/1984 1986/1986/1986
f 1985/1985/1985 1986/1986/1986 1987/1987/1987
f 1987/1987/1987 1986/1986/1986 1988/1988/1988
f 1988/1988/1988 1986/1986/1986 1989/1989/1989
f 1989/1989/1989 1986/1986/1986 1990/1990/1990
f 1991/1991/1991 1992/1992/1992 1993/1993/1993
f 1994/1994/1994 1992/1992/1992 1991/1991/1991
f 1995/1995/1995 1996/1996/1996 1997/1997/1997
f 1998/1998/1998 1996/1996/1996 1995/1995/1995
f 1999/1999/1999 1998/1998/1998 1995/1995/1995
f 2000/2000/2000 1998/1998/1998 1999/1999/1999
f 2001/2001/2001 2000/2000/2000 1999/1999/1999
f 2002/2002/2002 2000/2000/2000 2001/2001/2001
f 2003/2003/2003 2002/2002/2002 2001/2001/2001
f 2004/2004/2004 2002/2002/2002 2003/2003/2003
f 2005/2005/2005 2004/2004/2004 2003/2003/2003
f 2006/2006/2006 2004/2004/2004 2005/2005/2005
f 2007/2007/2007 2006/2006/2006 2005/2005/2005
f 2008/2008/2008 2006/2006/2006 2007/2007/2007
f 2009/2009/2009 2008/2008/2008 2007/2007/2007
f 2010/2010/2010 2008/2008/2008 2009/2009/2009
f 2011/2011/2011 2010/2010/2010 2009/2009/2009
f 2012/2012/2012 2010/2010/2010 2011/2011/2011
f 2013/2013/2013 2012/2012/2012 2011/2011/2011
f 2014/2014/2014 2012/2012/2012 2013/2013/2013
f 2015/2015/2015 2012/2012/2012 2014/2014/2014
f 2016/2016/2016 2012/2012/2012 2015/2015/2015
f 2017/2017/2017 2018/2018/2018 2019/2019/2019
f 2020/2020/2020 2018/2018/2018 2017/2017/2017
f 2020/2020/2020 2021/2021/2021 2018/2018/2018
f 2022/2022/2022 2021/2021/2021 2020/2020/2020
f 2022/2022/2022 2023/2023/2023 2021/2021/2021
f 2024/2024/2024 2023/2023/2023 2022/2022/2022
f 2024/2024/2024 2025/2025/2025 2023/2023/2023
f 2026/2026/2026 2025/2025/2025 2024/2024/2024
f 2026/2026/2026 2027/2027/2027 2025/2025/2025
f 2028/2028/2028 2027/2027/2027 2026/2026/2026
f 2029/2029/2029 2030/2030/2030 2031/2031/2031
f 2032/2032/2032 2030/2030/2030 2029/2029/2029
f 2033/2033/2033 2034/2034/2034 2035/2035/2035
f 2036/2036/2036 2034/2034/2034 2033/2033/2033
f 2036/2036/2036 2037/2037/2037 2034/2034/2034
f 2038/2038/2038 2037/2037/2037 2036/2036/2036
f 2038/2038/2038 2039/2039/2039 2037/2037/2037
f 2040/2040/2040 2039/2039/2039 2038/2038/2038
f 2040/2040/2040 2041/2041/2041 2039/2039/2039
f 2042/2042/2042 2041/2041/2041 2040/2040/2040
f 2033/2033/2033 2035/2035/2035 2043/2043/2043
f 2043/2043/2043 2035/2035/2035 2044/2044/2044
f 2045/2045/2045 2046/2046/2046 2047/2047/2047
f 2048/2048/2048 2046/2046/2046 2045/2045/2045
f 2049/2049/2049 2050/2050/2050 2051/2051/2051
f 2052/2052/2052 2050/2050/2050 2049/2049/2049
f 2053/2053/2053 2054/2054/2054 2055/2055/2055
f 2056/2056/2056 2054/2054/2054 2053/2053/2053
f 2057/2057/2057 2058/2058/2058 2059/2059/2059
f 2060/2060/2060 2058/2058/2058 2057/2057/2057
f 2060/2060/2060 2061/2061/2061 2058/2058/2058
f 2062/2062/2062 2061/2061/2061 2060/2060/2060
f 2063/2063/2063 2064/2064/2064 2065/2065/2065
f 2066/2066/2066 2064/2064/2064 2063/2063/2063
f 2063/2063/2063 2065/2065/2065 2067/2067/2067
f 2067/2067/2067 2065/2065/2065 2068/2068/2068
f 2067/2067/2067 2068/2068/2068 2069/2069/2069
f 2069/2069/2069 2068/2068/2068 2070/2070/2070
f 2071/2071/2071 2072/2072/2072 2073/2073/2073
f 2074/2074/2074 2072/2072/2072 2071/2071/2071
f 2075/2075/2075 2076/2076/2076 2077/2077/2077
f 2078/2078/2078 2076/2076/2076 2075/2075/2075
f 2079/2079/2079 2080/2080/2080 2081/2081/2081
f 2082/2082/2082 2080/2080/2080 2079/2079/2079
f 2083/2083/2083 2084/2084/2084 2085/2085/2085
f 2086/2086/2086 2084/2084/2084 2083/2083/2083
f 2087/2087/2087 2088/2088/2088 2089/2089/2089
f 2090/2090/2090 2088/2088/2088 2087/2087/2087
f 2090/2090/2090 2091/2091/2091 2088/2088/2088
f 2092/2092/2092 2091/2091/2091 2090/2090/2090
f 2093/2093/2093 2094/2094/2094 2095/2095/2095
f 2096/2096/2096 2094/2094/2094 2093/2093/2093
f 2097/2097/2097 2098/2098/2098 2099/2099/2099
f 2100/2100/2100 2098/2098/2098 2097/2097/2097
f 2100/2100/2100 2101/2101/2101 2098/2098/2098
f 2102/2102/2102 2101/2101/2101 2100/2100/2100
f 2103/2103/2103 2104/2104/2104 2105/2105/2105
f 2106/2106/2106 2104/2104/2104 2103/2103/2103
f 2103/2103/2103 2105/2105/2105 2107/2107/2107
f 2107/2107/2107 2105/2105/2105 2108/2108/2108
f 2107/2107/2107 2108/2108/2108 2109/2109/2109
f 2109/2109/2109 2108/2108/2108 2110/2110/2110
f 2111/2111/2111 2112/2112/2112 2113/2113/2113
f 2114/2114/2114 2112/2112/2112 2111/2111/2111
f 2111/2111/2111 2113/2113/2113 2115/2115/2115
f 2115/2115/2115 2113/2113/2113 2116/2116/2116
f 2115/2115/2115 2116/2116/2116 2117/2117/2117
f 2117/2117/2117 2116/2116/2116 2118/2118/2118
f 2117/2117/2117 2118/2118/2118 2119/2119/2119
f 2119/2119/2119 2118/2118/2118 2120/2120/2120
f 2121/2121/2121 2122/2122/2122 2123/2123/2123
f 2124/2124/2124 2122/2122/2122 2121/2121/2121
f 2121/2121/2121 2123/2123/2123 2125/2125/2125
f 2125/2125/2125 2123/2123/2123 2126/2126/2126
f 2125/2125/2125 2126/2126/2126 2127/2127/2127
f 2127/2127/2127 2126/2126/2126 2128/2128/2128
f 2129/2129/2129 2130/2130/2130 2131/2131/2131
f 2130/2130/2130 2129/2129/2129 2132/2132/2132
f 2132/2132/2132 2129/2129/2129 2133/2133/2133
f 2132/2132/2132 2133/2133/2133 2134/2134/2134
f 2134/2134/2134 2133/2133/2133 2135/2135/2135
f 2134/2134/2134 2135/2135/2135 2136/2136/2136
f 2136/2136/2136 2135/2135/2135 2137/2137/2137
f 2136/2136/2136 2137/2137/2137 2138/2138/2138
f 2138/2138/2138 2137/2137/2137 2139/2139/2139
f 2138/2138/2138 2139/2139/2139 2140/2140/2140
f 2141/2141/2141 2142/2142/2142 2143/2143/2143
f 2142/2142/2142 2141/2141/2141 2144/2144/2144
f 2144/2144/2144 2141/2141/2141 2145/2145/2145
f 2144/2144/2144 2145/2145/2145 2146/2146/2146
f 2146/2146/2146 2145/2145/2145 2147/2147/2147
f 2146/2146/2146 2147/2147/2147 2148/2148/2148
f 2148/2148/2148 2147/2147/2147 2149/2149/2149
f 2148/2148/2148 2149/2149/2149 2150/2150/2150
f 2150/2150/2150 2149/2149/2149 2151/2151/2151
f 2150/2150/2150 2151/2151/2151 2152/2152/2152
f 2153/2153/2153 2154/2154/2154 2155/2155/2155
f 2156/2156/2156 2154/2154/2154 2153/2153/2153
f 2156/2156/2156 2157/2157/2157 2154/2154/2154
f 2158/2158/2158 2157/2157/2157 2156/2156/2156
f 2159/2159/2159 2160/2160/2160 2161/2161/2161
f 2162/2162/2162 2160/2160/2160 2159/2159/2159
f 2159/2159/2159 2161/2161/2161 2163/2163/2163
f 2163/2163/2163 2161/2161/2161 2164/2164/2164
f 2163/2163/2163 2164/2164/2164 2165/2165/2165
f 2165/2165/2165 2164/2164/2164 2166/2166/2166
f 2167/2167/2167 2168/2168/2168 2169/2169/2169
f 2170/2170/2170 2168/2168/2168 2167/2167/2167
f 2167/2167/2167 2169/2169/2169 2171/2171/2171
f 2171/2171/2171 2169/2169/2169 2172/2172/2172
f 2171/2171/2171 2172/2172/2172 2173/2173/2173
f 2173/2173/2173 2172/2172/2172 2174/2174/2174
f 2173/2173/2173 2174/2174/2174 2175/2175/2175
f 2175/2175/2175 2174/2174/2174 2176/2176/2176
f 2177/2177/2177 2178/2178/2178 2179/2179/2179
f 2180/2180/2180 2178/2178/2178 2177/2177/2177
f 2177/2177/2177 2179/2179/2179 2181/2181/2181
f 2181/2181/2181 2179/2179/2179 2182/2182/2182
f 2181/2181/2181 2182/2182/2182 2183/2183/2183
f 2183/2183/2183 2182/2182/2182 2184/2184/2184
f 2185/2185/2185 2186/2186/2186 2187/2187/2187
f 2186/2186/2186 2185/2185/2185 2188/2188/2188
f 2188/2188/2188 2185/2185/2185 2189/2189/2189
f 2188/2188/2188 2189/2189/2189 2190/2190/2190
f 2190/2190/2190 2189/2189/2189 2191/2191/2191
f 2190/2190/2190 2191/2191/2191 2192/2192/2192
f 2192/2192/2192 2191/2191/2191 2193/2193/2193
f 2192/2192/2192 2193/2193/2193 2194/2194/2194
f 2194/2194/2194 2193/2193/2193 2195/2195/2195
f 2194/2194/2194 2195/2195/2195 2196/2196/2196
f 2197/2197/2197 2198/2198/2198 2199/2199/2199
f 2198/2198/2198 2197/2197/2197 2200/2200/2200
f 2200/2200/2200 2197/2197/2197 2201/2201/2201
f 2200/2200/2200 2201/2201/2201 2202/2202/2202
f 2202/2202/2202 2201/2201/2201 2203/2203/2203
f 2202/2202/2202 2203/2203/2203 2204/2204/2204
f 2204/2204/2204 2203/2203/2203 2205/2205/2205
f 2204/2204/2204 2205/2205/2205 2206/2206/2206
f 2206/2206/2206 2205/2205/2205 2207/2207/2207
f 2206/2206/2206 2207/2207/2207 2208/2208/2208
f 2209/2209/2209 2210/2210/2210 2211/2211/2211
f 2210/2210/2210 2212/2212/2212 2211/2211/2211
f 2211/2211/2211 2212/2212/2212 2213/2213/2213
f 2214/2214/2214 2215/2215/2215 2216/2216/2216
f 2217/2217/2217 2215/2215/2215 2214/2214/2214
f 2218/2218/2218 2214/2214/2214 2216/2216/2216
f 2219/2219/2219 2218/2218/2218 2216/2216/2216
f 2217/2217/2217 2220/2220/2220 2215/2215/2215
f 2220/2220/2220 2221/2221/2221 2215/2215/2215
f 2222/2222/2222 2223/2223/2223 2224/2224/2224
f 2225/2225/2225 2223/2223/2223 2222/2222/2222
f 2226/2226/2226 2222/2222/2222 2224/2224/2224
f 2227/2227/2227 2228/2228/2228 2229/2229/2229
f 2230/2230/2230 2228/2228/2228 2227/2227/2227
f 2230/2230/2230 2231/2231/2231 2228/2228/2228
f 2232/2232/2232 2231/2231/2231 2230/2230/2230
f 2233/2233/2233 2234/2234/2234 2235/2235/2235
f 2236/2236/2236 2233/2233/2233 2235/2235/2235
f 2234/2234/2234 2237/2237/2237 2235/2235/2235
f 2235/2235/2235 2237/2237/2237 2238/2238/2238
f 2237/2237/2237 2239/2239/2239 2238/2238/2238
f 2239/2239/2239 2240/2240/2240 2238/2238/2238
f 2239/2239/2239 2241/2241/2241 2240/2240/2240
f 2240/2240/2240 2241/2241/2241 2242/2242/2242
f 2236/2236/2236 2243/2243/2243 2233/2233/2233
f 2244/2244/2244 2243/2243/2243 2236/2236/2236
f 2245/2245/2245 2246/2246/2246 2247/2247/2247
f 2248/2248/2248 2246/2246/2246 2245/2245/2245
f 2249/2249/2249 2248/2248/2248 2245/2245/2245
f 2250/2250/2250 2248/2248/2248 2249/2249/2249
f 2251/2251/2251 2252/2252/2252 2253/2253/2253
f 2252/2252/2252 2251/2251/2251 2254/2254/2254
f 2252/2252/2252 2254/2254/2254 2255/2255/2255
f 2251/2251/2251 2253/2253/2253 2256/2256/2256
f 2255/2255/2255 2254/2254/2254 2257/2257/2257
f 2255/2255/2255 2257/2257/2257 2258/2258/2258
f 2255/2255/2255 2258/2258/2258 2259/2259/2259
f 2255/2255/2255 2259/2259/2259 2260/2260/2260
f 2255/2255/2255 2260/2260/2260 2261/2261/2261
f 2262/2262/2262 2253/2253/2253 2261/2261/2261
f 2253/2253/2253 2262/2262/2262 2263/2263/2263
f 2253/2253/2253 2263/2263/2263 2264/2264/2264
f 2253/2253/2253 2264/2264/2264 2256/2256/2256
f 2262/2262/2262 2261/2261/2261 2265/2265/2265
f 2265/2265/2265 2261/2261/2261 2266/2266/2266
f 2266/2266/2266 2261/2261/2261 2260/2260/2260
f 2267/2267/2267 2268/2268/2268 2269/2269/2269
f 2268/2268/2268 2267/2267/2267 2270/2270/2270
f 2268/2268/2268 2270/2270/2270 2271/2271/2271
f 2268/2268/2268 2271/2271/2271 2272/2272/2272
f 2272/2272/2272 2271/2271/2271 2273/2273/2273
f 2272/2272/2272 2273/2273/2273 2274/2274/2274
f 2272/2272/2272 2274/2274/2274 2275/2275/2275
f 2276/2276/2276 2269/2269/2269 2268/2268/2268
f 2269/2269/2269 2276/2276/2276 2277/2277/2277
f 2277/2277/2277 2276/2276/2276 2278/2278/2278
f 2275/2275/2275 2278/2278/2278 2272/2272/2272
f 2277/2277/2277 2278/2278/2278 2279/2279/2279
f 2279/2279/2279 2278/2278/2278 2280/2280/2280
f 2280/2280/2280 2278/2278/2278 2281/2281/2281
f 2281/2281/2281 2278/2278/2278 2282/2282/2282
f 2282/2282/2282 2278/2278/2278 2275/2275/2275
f 2283/2283/2283 2284/2284/2284 2285/2285/2285
f 2286/2286/2286 2284/2284/2284 2283/2283/2283
f 2287/2287/2287 2286/2286/2286 2283/2283/2283
f 2288/2288/2288 2286/2286/2286 2287/2287/2287
f 2289/2289/2289 2290/2290/2290 2291/2291/2291
f 2292/2292/2292 2290/2290/2290 2289/2289/2289
f 2293/2293/2293 2294/2294/2294 2295/2295/2295
f 2296/2296/2296 2294/2294/2294 2293/2293/2293
f 2294/2294/2294 2297/2297/2297 2295/2295/2295
f 2295/2295/2295 2297/2297/2297 2298/2298/2298
f 2299/2299/2299 2300/2300/2300 2301/2301/2301
f 2302/2302/2302 2300/2300/2300 2299/2299/2299
f 2300/2300/2300 2303/2303/2303 2301/2301/2301
f 2301/2301/2301 2303/2303/2303 2304/2304/2304
f 2301/2301/2301 2304/2304/2304 2305/2305/2305
f 2305/2305/2305 2304/2304/2304 2306/2306/2306
f 2307/2307/2307 2301/2301/2301 2305/2305/2305
f 2299/2299/2299 2301/2301/2301 2307/2307/2307
f 2308/2308/2308 2309/2309/2309 2310/2310/2310
f 2311/2311/2311 2309/2309/2309 2308/2308/2308
f 2309/2309/2309 2312/2312/2312 2310/2310/2310
f 2310/2310/2310 2312/2312/2312 2313/2313/2313
f 2314/2314/2314 2315/2315/2315 2316/2316/2316
f 2317/2317/2317 2315/2315/2315 2314/2314/2314
f 2314/2314/2314 2316/2316/2316 2318/2318/2318
f 2318/2318/2318 2316/2316/2316 2319/2319/2319
f 2320/2320/2320 2314/2314/2314 2318/2318/2318
f 2321/2321/2321 2314/2314/2314 2320/2320/2320
f 2321/2321/2321 2317/2317/2317 2314/2314/2314
f 2322/2322/2322 2317/2317/2317 2321/2321/2321
f 2323/2323/2323 2324/2324/2324 2325/2325/2325
f 2326/2326/2326 2324/2324/2324 2323/2323/2323
f 2327/2327/2327 2326/2326/2326 2323/2323/2323
f 2328/2328/2328 2326/2326/2326 2327/2327/2327
f 2329/2329/2329 2330/2330/2330 2331/2331/2331
f 2332/2332/2332 2330/2330/2330 2329/2329/2329
f 2332/2332/2332 2333/2333/2333 2330/2330/2330
f 2334/2334/2334 2333/2333/2333 2332/2332/2332
f 2335/2335/2335 2336/2336/2336 2337/2337/2337
f 2338/2338/2338 2336/2336/2336 2335/2335/2335
f 2338/2338/2338 2339/2339/2339 2336/2336/2336
f 2340/2340/2340 2339/2339/2339 2338/2338/2338
f 2340/2340/2340 2338/2338/2338 2341/2341/2341
f 2341/2341/2341 2338/2338/2338 2342/2342/2342
f 2338/2338/2338 2335/2335/2335 2342/2342/2342
f 2337/2337/2337 2336/2336/2336 2343/2343/2343
f 2343/2343/2343 2336/2336/2336 2344/2344/2344
f 2336/2336/2336 2339/2339/2339 2344/2344/2344
f 2344/2344/2344 2339/2339/2339 2345/2345/2345
f 2346/2346/2346 2337/2337/2337 2343/2343/2343
f 2347/2347/2347 2337/2337/2337 2346/2346/2346
f 2342/2342/2342 2335/2335/2335 2348/2348/2348
f 2349/2349/2349 2350/2350/2350 2351/2351/2351
f 2352/2352/2352 2350/2350/2350 2349/2349/2349
f 2349/2349/2349 2351/2351/2351 2353/2353/2353
f 2353/2353/2353 2351/2351/2351 2354/2354/2354
f 2353/2353/2353 2354/2354/2354 2355/2355/2355
f 2355/2355/2355 2354/2354/2354 2356/2356/2356
f 2353/2353/2353 2355/2355/2355 2357/2357/2357
f 2357/2357/2357 2355/2355/2355 2358/2358/2358
f 2355/2355/2355 2359/2359/2359 2358/2358/2358
f 2358/2358/2358 2359/2359/2359 2360/2360/2360
f 2361/2361/2361 2353/2353/2353 2357/2357/2357
f 2349/2349/2349 2353/2353/2353 2361/2361/2361
f 2356/2356/2356 2354/2354/2354 2362/2362/2362
f 2362/2362/2362 2354/2354/2354 2363/2363/2363
f 2354/2354/2354 2351/2351/2351 2363/2363/2363
f 2363/2363/2363 2351/2351/2351 2364/2364/2364
f 2365/2365/2365 2349/2349/2349 2361/2361/2361
f 2352/2352/2352 2349/2349/2349 2365/2365/2365
f 2366/2366/2366 2367/2367/2367 2368/2368/2368
f 2369/2369/2369 2367/2367/2367 2366/2366/2366
f 2369/2369/2369 2370/2370/2370 2367/2367/2367
f 2371/2371/2371 2370/2370/2370 2369/2369/2369
f 2371/2371/2371 2372/2372/2372 2370/2370/2370
f 2373/2373/2373 2372/2372/2372 2371/2371/2371
f 2373/2373/2373 2374/2374/2374 2372/2372/2372
f 2375/2375/2375 2374/2374/2374 2373/2373/2373
f 2373/2373/2373 2371/2371/2371 2376/2376/2376
f 2376/2376/2376 2371/2371/2371 2377/2377/2377
f 2371/2371/2371 2369/2369/2369 2377/2377/2377
f 2370/2370/2370 2372/2372/2372 2378/2378/2378
f 2378/2378/2378 2372/2372/2372 2379/2379/2379
f 2372/2372/2372 2374/2374/2374 2379/2379/2379
f 2379/2379/2379 2374/2374/2374 2380/2380/2380
f 2377/2377/2377 2369/2369/2369 2381/2381/2381
f 2368/2368/2368 2367/2367/2367 2382/2382/2382
f 2383/2383/2383 2370/2370/2370 2378/2378/2378
f 2382/2382/2382 2367/2367/2367 2383/2383/2383
f 2367/2367/2367 2370/2370/2370 2383/2383/2383
f 2384/2384/2384 2385/2385/2385 2386/2386/2386
f 2387/2387/2387 2385/2385/2385 2384/2384/2384
f 2387/2387/2387 2388/2388/2388 2385/2385/2385
f 2389/2389/2389 2388/2388/2388 2387/2387/2387
f 2389/2389/2389 2390/2390/2390 2388/2388/2388
f 2391/2391/2391 2390/2390/2390 2389/2389/2389
f 2387/2387/2387 2384/2384/2384 2392/2392/2392
f 2392/2392/2392 2384/2384/2384 2393/2393/2393
f 2386/2386/2386 2385/2385/2385 2394/2394/2394
f 2394/2394/2394 2385/2385/2385 2395/2395/2395
f 2385/2385/2385 2388/2388/2388 2395/2395/2395
f 2396/2396/2396 2387/2387/2387 2392/2392/2392
f 2389/2389/2389 2387/2387/2387 2396/2396/2396
f 2395/2395/2395 2388/2388/2388 2397/2397/2397
f 2388/2388/2388 2390/2390/2390 2397/2397/2397
f 2398/2398/2398 2389/2389/2389 2396/2396/2396
f 2391/2391/2391 2389/2389/2389 2398/2398/2398
f 2397/2397/2397 2390/2390/2390 2399/2399/2399
f 2400/2400/2400 2391/2391/2391 2398/2398/2398
f 2401/2401/2401 2391/2391/2391 2400/2400/2400
f 2402/2402/2402 2403/2403/2403 2404/2404/2404
f 2403/2403/2403 2402/2402/2402 2405/2405/2405
f 2405/2405/2405 2402/2402/2402 2406/2406/2406
f 2405/2405/2405 2406/2406/2406 2407/2407/2407
f 2407/2407/2407 2406/2406/2406 2408/2408/2408
f 2407/2407/2407 2408/2408/2408 2409/2409/2409
f 2409/2409/2409 2408/2408/2408 2410/2410/2410
f 2409/2409/2409 2410/2410/2410 2411/2411/2411
f 2411/2411/2411 2410/2410/2410 2412/2412/2412
f 2411/2411/2411 2412/2412/2412 2413/2413/2413
f 2414/2414/2414 2415/2415/2415 2416/2416/2416
f 2415/2415/2415 2414/2414/2414 2417/2417/2417
f 2417/2417/2417 2414/2414/2414 2418/2418/2418
f 2417/2417/2417 2418/2418/2418 2419/2419/2419
f 2419/2419/2419 2418/2418/2418 2420/2420/2420
f 2419/2419/2419 2420/2420/2420 2421/2421/2421
f 2421/2421/2421 2420/2420/2420 2422/2422/2422
f 2421/2421/2421 2422/2422/2422 2423/2423/2423
f 2423/2423/2423 2422/2422/2422 2424/2424/2424
f 2423/2423/2423 2424/2424/2424 2425/2425/2425
f 2426/2426/2426 2427/2427/2427 2428/2428/2428
f 2429/2429/2429 2427/2427/2427 2426/2426/2426
f 2426/2426/2426 2428/2428/2428 2430/2430/2430
f 2430/2430/2430 2428/2428/2428 2431/2431/2431
f 2430/2430/2430 2431/2431/2431 2432/2432/2432
f 2432/2432/2432 2431/2431/2431 2433/2433/2433
f 2432/2432/2432 2433/2433/2433 2434/2434/2434
f 2434/2434/2434 2433/2433/2433 2435/2435/2435
f 2436/2436/2436 2437/2437/2437 2438/2438/2438
f 2439/2439/2439 2437/2437/2437 2436/2436/2436
f 2436/2436/2436 2438/2438/2438 2440/2440/2440
f 2440/2440/2440 2438/2438/2438 2441/2441/2441
f 2442/2442/2442 2443/2443/2443 2444/2444/2444
f 2445/2445/2445 2443/2443/2443 2442/2442/2442
f 2445/2445/2445 2446/2446/2446 2443/2443/2443
f 2447/2447/2447 2446/2446/2446 2445/2445/2445
f 2447/2447/2447 2448/2448/2448 2446/2446/2446
f 2449/2449/2449 2448/2448/2448 2447/2447/2447
f 2450/2450/2450 2451/2451/2451 2452/2452/2452
f 2453/2453/2453 2451/2451/2451 2450/2450/2450
f 2453/2453/2453 2454/2454/2454 2451/2451/2451
f 2455/2455/2455 2454/2454/2454 2453/2453/2453
f 2450/2450/2450 2452/2452/2452 2456/2456/2456
f 2456/2456/2456 2452/2452/2452 2457/2457/2457
f 2458/2458/2458 2459/2459/2459 2460/2460/2460
f 2461/2461/2461 2459/2459/2459 2458/2458/2458
f 2462/2462/2462 2460/2460/2460 2459/2459/2459
f 2460/2460/2460 2462/2462/2462 2463/2463/2463
f 2462/2462/2462 2459/2459/2459 2464/2464/2464
f 2465/2465/2465 2461/2461/2461 2458/2458/2458
f 2466/2466/2466 2461/2461/2461 2465/2465/2465
f 2463/2463/2463 2462/2462/2462 2467/2467/2467
f 2467/2467/2467 2462/2462/2462 2468/2468/2468
f 2465/2465/2465 2469/2469/2469 2466/2466/2466
f 2470/2470/2470 2469/2469/2469 2465/2465/2465
f 2471/2471/2471 2472/2472/2472 2473/2473/2473
f 2474/2474/2474 2472/2472/2472 2471/2471/2471
f 2475/2475/2475 2476/2476/2476 2477/2477/2477
f 2478/2478/2478 2476/2476/2476 2475/2475/2475
f 2476/2476/2476 2479/2479/2479 2477/2477/2477
f 2477/2477/2477 2479/2479/2479 2480/2480/2480
f 2481/2481/2481 2482/2482/2482 2483/2483/2483
f 2484/2484/2484 2482/2482/2482 2481/2481/2481
f 2484/2484/2484 2485/2485/2485 2482/2482/2482
f 2486/2486/2486 2485/2485/2485 2484/2484/2484
f 2487/2487/2487 2485/2485/2485 2486/2486/2486
f 2485/2485/2485 2487/2487/2487 2488/2488/2488
f 2485/2485/2485 2488/2488/2488 2489/2489/2489
f 2490/2490/2490 2491/2491/2491 2492/2492/2492
f 2493/2493/2493 2491/2491/2491 2490/2490/2490
f 2491/2491/2491 2494/2494/2494 2492/2492/2492
f 2492/2492/2492 2494/2494/2494 2495/2495/2495
f 2496/2496/2496 2493/2493/2493 2490/2490/2490
f 2497/2497/2497 2493/2493/2493 2496/2496/2496
f 2498/2498/2498 2499/2499/2499 2500/2500/2500
f 2501/2501/2501 2499/2499/2499 2498/2498/2498
f 2499/2499/2499 2502/2502/2502 2500/2500/2500
f 2500/2500/2500 2502/2502/2502 2503/2503/2503
f 2502/2502/2502 2504/2504/2504 2503/2503/2503
f 2503/2503/2503 2504/2504/2504 2505/2505/2505
f 2506/2506/2506 2501/2501/2501 2498/2498/2498
f 2507/2507/2507 2501/2501/2501 2506/2506/2506
f 2508/2508/2508 2507/2507/2507 2506/2506/2506
f 2509/2509/2509 2507/2507/2507 2508/2508/2508
f 2510/2510/2510 2511/2511/2511 2512/2512/2512
f 2513/2513/2513 2511/2511/2511 2510/2510/2510
f 2514/2514/2514 2515/2515/2515 2516/2516/2516
f 2517/2517/2517 2515/2515/2515 2514/2514/2514
f 2518/2518/2518 2517/2517/2517 2514/2514/2514
f 2519/2519/2519 2517/2517/2517 2518/2518/2518
f 2520/2520/2520 2521/2521/2521 2522/2522/2522
f 2523/2523/2523 2521/2521/2521 2520/2520/2520
f 2524/2524/2524 2525/2525/2525 2526/2526/2526
f 2527/2527/2527 2525/2525/2525 2524/2524/2524
f 2528/2528/2528 2527/2527/2527 2524/2524/2524
f 2529/2529/2529 2527/2527/2527 2528/2528/2528
f 2530/2530/2530 2529/2529/2529 2528/2528/2528
f 2531/2531/2531 2529/2529/2529 2530/2530/2530
f 2526/2526/2526 2531/2531/2531 2530/2530/2530
f 2525/2525/2525 2531/2531/2531 2526/2526/2526
f 2532/2532/2532 2533/2533/2533 2534/2534/2534
f 2535/2535/2535 2533/2533/2533 2532/2532/2532
f 2536/2536/2536 2537/2537/2537 2538/2538/2538
f 2539/2539/2539 2537/2537/2537 2536/2536/2536
f 2540/2540/2540 2541/2541/2541 2542/2542/2542
f 2543/2543/2543 2541/2541/2541 2540/2540/2540
f 2544/2544/2544 2545/2545/2545 2546/2546/2546
f 2547/2547/2547 2545/2545/2545 2544/2544/2544
