#LowPoly.Res_Cube.001.obj
#Sunday, May 03, 2026
#10:40:16 PM
#-------

#LowPoly.Res_Cube.001
#-------
g LowPoly.Res_Cube.001
v -3.519101 15.79848 -40.11441
v -1.328436 15.79848 -40.11441
v -1.328436 16.15679 -39.82219
v -3.519101 16.15679 -39.82219
v -3.519101 15.27733 -40.53945
v -1.328436 15.27733 -40.53945
v -1.328436 15.63564 -40.24722
v -3.519101 15.63564 -40.24722
v -3.519101 16.31964 -39.68937
v -1.328436 16.31964 -39.68937
v -1.328436 16.67795 -39.39714
v -3.519101 16.67795 -39.39714
v -3.519101 15.99096 -39.61883
v -3.519101 15.63265 -39.91107
v -3.519101 15.79848 -40.11441
v -3.519101 16.15679 -39.82219
v -1.328436 16.1538 -39.48602
v -1.328436 16.5121 -39.19379
v -1.328436 16.67795 -39.39714
v -1.328436 16.31964 -39.68937
v -1.328436 15.99096 -39.61883
v -1.328436 16.15679 -39.82219
v -1.328436 15.79848 -40.11441
v -1.328436 15.63265 -39.91107
v -3.519101 15.63265 -39.91107
v -1.328436 15.63265 -39.91107
v -1.328436 15.79848 -40.11441
v -3.519101 15.79848 -40.11441
v -3.519101 15.1115 -40.33612
v -1.328436 15.1115 -40.33612
v -1.328436 15.27733 -40.53945
v -3.519101 15.27733 -40.53945
v -3.519101 16.1538 -39.48602
v -1.328436 16.1538 -39.48602
v -1.328436 16.31964 -39.68937
v -3.519101 16.31964 -39.68937
v -3.519101 16.1538 -39.48602
v -3.519101 16.31964 -39.68937
v -3.519101 16.67795 -39.39714
v -3.519101 16.5121 -39.19379
v -3.519101 15.46981 -40.0439
v -3.519101 15.1115 -40.33612
v -3.519101 15.27733 -40.53945
v -3.519101 15.63564 -40.24722
v -1.328436 15.99096 -39.61883
v -3.519101 15.99096 -39.61883
v -3.519101 16.15679 -39.82219
v -1.328436 16.15679 -39.82219
v -1.328436 15.46981 -40.0439
v -1.328436 15.63564 -40.24722
v -1.328436 15.27733 -40.53945
v -1.328436 15.1115 -40.33612
v -1.328436 15.46981 -40.0439
v -3.519101 15.46981 -40.0439
v -3.519101 15.63564 -40.24722
v -1.328436 15.63564 -40.24722
v -1.328436 16.5121 -39.19379
v -3.519101 16.5121 -39.19379
v -3.519101 16.67795 -39.39714
v -1.328436 16.67795 -39.39714
v -1.404705 14.72822 -39.54947
v -1.404705 16.59353 -37.97928
v -1.223374 16.59353 -39.12738
v -1.223374 15.03007 -40.40252
v -3.624162 16.59353 -39.12738
v -3.442832 16.59353 -37.97928
v -3.442832 14.72822 -39.54947
v -3.624162 15.03007 -40.40252
v -3.624162 16.60706 -37.26381
v -1.223374 16.60706 -37.26381
v -1.223374 14.11778 -39.14116
v -3.624162 14.11778 -39.14116
v -3.624162 15.03007 -40.40252
v -1.223374 15.03007 -40.40252
v -1.223374 16.59353 -39.12738
v -3.624162 16.59353 -39.12738
v -3.442832 16.59353 -37.97928
v -1.404705 16.59353 -37.97928
v -1.223374 16.60706 -37.26381
v -3.624162 16.60706 -37.26381
v -3.624162 16.59353 -39.12738
v -1.223374 16.59353 -39.12738
v -3.442832 14.72822 -39.54947
v -1.404705 14.72822 -39.54947
v -1.223374 15.03007 -40.40252
v -3.624162 15.03007 -40.40252
v -3.624162 14.11778 -39.14116
v -1.223374 14.11778 -39.14116
v -1.404705 14.72822 -39.54947
v -3.442832 14.72822 -39.54947
v -3.442832 16.59353 -37.97928
v -3.624162 16.60706 -37.26381
v -3.624162 14.11778 -39.14116
v -1.223374 14.11778 -39.14116
v -1.223374 16.60706 -37.26381
v -1.404705 16.59353 -37.97928
v -3.442832 16.59353 -37.97928
v -3.624162 14.11778 -39.14116
v -3.442832 14.72822 -39.54947
v -1.223374 14.11778 -39.14116
v -1.404705 16.59353 -37.97928
v -1.404705 14.72822 -39.54947
v 1.396802 6.205667 4.339396
v 1.396802 5.427209 -12.22874
v 0.3609737 5.466877 -11.38454
v -5.899056 5.427209 -12.22874
v -5.20851 5.466877 -11.38454
v -5.899056 6.205667 4.339396
v 0.3609737 6.17206 3.623894
v -5.20851 6.17206 3.623894
v -1.391891 1.122667 -27.90439
v -1.391891 -0.6983532 -26.53397
v -1.391891 -0.07262443 -26.07568
v -1.391891 -1.22934 -24.00132
v -1.391891 1.671091 -27.35597
v -1.391891 -0.4556771 -23.94673
v -1.391891 -0.3254096 -18.47576
v -1.391891 -1.085396 -18.32098
v -1.391891 -0.500065 -17.23545
v -1.391891 0.09470333 -17.73321
v -1.391891 0.7983124 -16.68524
v -1.391891 0.8072131 -17.46078
v -1.391891 3.357623 -16.77665
v -1.391891 3.366524 -17.55219
v -1.391891 4.687441 -17.14157
v -1.391891 4.682991 -15.49699
v -1.391891 4.691872 -17.55219
v -1.391891 6.632935 -15.49699
v -1.391891 6.637386 -17.14157
v -5.20851 5.466877 -11.38454
v -5.20851 6.17206 3.623894
v -5.20851 7.114835 -0.7844628
v -5.20851 7.321966 3.623894
v -5.20851 6.616784 -11.38454
v -3.455645 1.122667 -27.90439
v -3.455645 1.671091 -27.35597
v -3.455645 -0.07262443 -26.07568
v -3.455645 -0.6983532 -26.53397
v -3.455645 -1.22934 -24.00132
v -3.455645 -0.4556771 -23.94673
v -3.455645 -0.3254096 -18.47576
v -3.455645 -1.085396 -18.32098
v -3.455645 -0.500065 -17.23545
v -3.455645 0.09470333 -17.73321
v -3.455645 0.7983124 -16.68524
v -3.455645 0.8072131 -17.46078
v -3.455645 3.357623 -16.77665
v -3.455645 3.366524 -17.55219
v -3.455645 4.687441 -17.14157
v -3.455645 4.682991 -15.49699
v -3.455645 4.691872 -17.55219
v -3.455645 6.632935 -15.49699
v -3.455645 6.637386 -17.14157
v -3.455645 0.8072131 -17.46078
v -1.391891 0.8072131 -17.46078
v -1.391891 3.366524 -17.55219
v -3.455645 3.366524 -17.55219
v -1.391891 4.691872 -17.55219
v -3.455645 0.09470333 -17.73321
v -1.391891 0.09470333 -17.73321
v -3.455645 4.691872 -17.55219
v -5.899056 6.577115 -12.22874
v 0.3609737 6.616784 -11.38454
v -5.20851 6.616784 -11.38454
v -5.899056 7.126939 -0.5270738
v -5.20851 7.114835 -0.7844628
v -5.20851 7.321966 3.623894
v 1.396802 6.577115 -12.22874
v -5.899056 7.355592 4.339396
v 0.3609737 7.321966 3.623894
v 1.396802 7.355592 4.339396
v -3.455645 4.682991 -15.49699
v -1.391891 4.682991 -15.49699
v -1.391891 3.357623 -16.77665
v -3.455645 3.357623 -16.77665
v -1.391891 0.7983124 -16.68524
v -3.455645 6.632935 -15.49699
v -1.391891 6.632935 -15.49699
v -3.455645 0.7983124 -16.68524
v -1.391891 -0.500065 -17.23545
v -3.455645 -0.500065 -17.23545
v -3.455645 1.671091 -27.35597
v -1.391891 1.671091 -27.35597
v -1.391891 -0.07262443 -26.07568
v -3.455645 -0.07262443 -26.07568
v -3.455645 -1.22934 -24.00132
v -1.391891 -1.22934 -24.00132
v -1.391891 -0.6983532 -26.53397
v -3.455645 -0.6983532 -26.53397
v -3.455645 -1.085396 -18.32098
v -1.391891 -1.085396 -18.32098
v -3.455645 -0.500065 -17.23545
v -1.391891 -0.500065 -17.23545
v -3.455645 -0.6983532 -26.53397
v -1.391891 -0.6983532 -26.53397
v -1.391891 1.122667 -27.90439
v -3.455645 1.122667 -27.90439
v -3.455645 -0.3254096 -18.47576
v -1.391891 -0.3254096 -18.47576
v -1.391891 0.09470333 -17.73321
v -3.455645 0.09470333 -17.73321
v -3.455645 -0.4556771 -23.94673
v -1.391891 -0.4556771 -23.94673
v -3.455645 -0.07262443 -26.07568
v -1.391891 -0.07262443 -26.07568
v -3.455645 4.691872 -17.55219
v -1.391891 4.691872 -17.55219
v -1.391891 4.687441 -17.14157
v -3.455645 4.687441 -17.14157
v -3.455645 6.637386 -17.14157
v -1.391891 6.637386 -17.14157
v -1.391891 6.632935 -15.49699
v -3.455645 6.632935 -15.49699
v -3.455645 1.122667 -27.90439
v -1.391891 1.122667 -27.90439
v -1.391891 1.671091 -27.35597
v -3.455645 1.671091 -27.35597
v -3.455645 4.687441 -17.14157
v -1.391891 4.687441 -17.14157
v -1.391891 6.637386 -17.14157
v -3.455645 6.637386 -17.14157
v -4.780283 15.02035 2.984776
v -4.780283 13.73168 2.984776
v -4.780283 13.73168 3.516415
v -4.780283 15.02035 3.516415
v -10.16592 14.02689 3.516415
v -9.591546 13.69527 3.516415
v -9.923171 13.78412 3.516415
v -10.2548 14.35852 3.516415
v -10.2548 14.88958 3.516415
v -9.591546 15.55283 3.516415
v -6.177028 15.55283 3.516415
v -6.177028 13.69527 3.516415
v -5.724823 15.45 3.516415
v -9.923171 15.46398 3.516415
v -10.16592 15.22121 3.516415
v -5.724823 13.70229 3.516415
v -4.780283 15.02035 3.516415
v -4.780283 13.73168 3.516415
v -9.591546 15.55283 2.984776
v -6.177028 13.69527 2.984776
v -6.177028 15.55283 2.984776
v -5.724823 15.45 2.984776
v -9.591546 13.69527 2.984776
v -10.2548 14.35852 2.984776
v -9.923171 13.78412 2.984776
v -10.16592 14.02689 2.984776
v -10.2548 14.88958 2.984776
v -10.16592 15.22121 2.984776
v -9.923171 15.46398 2.984776
v -5.724823 13.70229 2.984776
v -4.780283 15.02035 2.984776
v -4.780283 13.73168 2.984776
v -5.724823 13.70229 3.516415
v -4.780283 13.73168 3.516415
v -4.780283 13.73168 2.984776
v -5.724823 13.70229 2.984776
v -6.177028 13.69527 2.984776
v -6.177028 13.69527 3.516415
v -9.591546 13.69527 3.516415
v -9.591546 13.69527 2.984776
v -9.923171 13.78412 2.984776
v -9.923171 13.78412 3.516415
v -6.177028 15.55283 3.516415
v -9.591546 15.55283 3.516415
v -9.591546 15.55283 2.984776
v -9.923171 15.46398 3.516415
v -6.177028 15.55283 2.984776
v -5.724823 15.45 2.984776
v -5.724823 15.45 3.516415
v -4.780283 15.02035 3.516415
v -4.780283 15.02035 2.984776
v -9.923171 15.46398 2.984776
v -10.2548 14.88958 3.516415
v -10.2548 14.35852 3.516415
v -10.2548 14.35852 2.984776
v -10.2548 14.88958 2.984776
v -10.16592 14.02689 3.516415
v -10.16592 14.02689 2.984776
v -9.923171 13.78412 3.516415
v -9.923171 13.78412 2.984776
v -10.16592 15.22121 2.984776
v -10.16592 15.22121 3.516415
v -9.923171 15.46398 2.984776
v -9.923171 15.46398 3.516415
v -4.501928 7.089783 42.45145
v -3.535904 7.089783 42.85158
v -4.667664 7.089783 42.85158
v -3.70164 7.089783 43.25172
v -4.101784 7.089783 43.41748
v -4.501928 7.089783 43.25172
v -4.101784 7.089783 42.2857
v -3.70164 7.089783 42.45145
v -0.8058702 7.089783 43.41748
v -0.8058702 5.958004 43.41748
v -1.206014 5.958004 43.25172
v -1.206014 7.089783 43.25172
v -0.4057454 7.089783 43.25172
v -0.4057454 5.958004 43.25172
v -3.70164 7.089783 42.45145
v -3.70164 5.958004 42.45145
v -3.535904 5.958004 42.85158
v -3.535904 7.089783 42.85158
v -3.70164 5.958004 43.25172
v -3.70164 7.089783 43.25172
v -1.206014 7.089783 43.25172
v -1.206014 5.958004 43.25172
v -1.371769 5.958004 42.85158
v -1.371769 7.089783 42.85158
v -1.206014 5.958004 42.45145
v -1.206014 7.089783 42.45145
v -4.101784 7.089783 42.2857
v -4.101784 5.958004 42.2857
v -3.70164 5.958004 42.45145
v -3.70164 7.089783 42.45145
v -4.501928 7.089783 42.45145
v -4.501928 5.958004 42.45145
v -1.206014 7.089783 42.45145
v -1.206014 5.958004 42.45145
v -0.8058702 5.958004 42.2857
v -0.8058702 7.089783 42.2857
v -0.4057454 5.958004 42.45145
v -0.4057454 7.089783 42.45145
v -4.501928 5.958004 42.45145
v -3.70164 5.958004 43.25172
v -3.70164 5.958004 42.45145
v -4.101784 5.958004 42.2857
v -3.535904 5.958004 42.85158
v -4.501928 5.958004 43.25172
v -4.101784 5.958004 43.41748
v -4.667664 5.958004 42.85158
v -4.667664 7.089783 42.85158
v -4.667664 5.958004 42.85158
v -4.501928 5.958004 42.45145
v -4.501928 7.089783 42.45145
v -4.501928 7.089783 43.25172
v -4.501928 5.958004 43.25172
v -3.70164 7.089783 43.25172
v -3.70164 5.958004 43.25172
v -4.101784 5.958004 43.41748
v -4.101784 7.089783 43.41748
v -4.501928 5.958004 43.25172
v -4.501928 7.089783 43.25172
v -0.4057454 7.089783 42.45145
v -0.4057454 5.958004 42.45145
v -0.2399905 5.958004 42.85158
v -0.2399905 7.089783 42.85158
v -0.4057454 5.958004 43.25172
v -0.4057454 7.089783 43.25172
v -1.206014 7.089783 42.45145
v -0.2399905 7.089783 42.85158
v -1.371769 7.089783 42.85158
v -0.4057454 7.089783 43.25172
v -0.8058702 7.089783 43.41748
v -1.206014 7.089783 43.25172
v -0.8058702 7.089783 42.2857
v -0.4057454 7.089783 42.45145
v -1.206014 5.958004 42.45145
v -0.4057454 5.958004 43.25172
v -0.4057454 5.958004 42.45145
v -0.8058702 5.958004 42.2857
v -0.2399905 5.958004 42.85158
v -1.206014 5.958004 43.25172
v -0.8058702 5.958004 43.41748
v -1.371769 5.958004 42.85158
v 1.976359 10.01367 -21.98959
v 1.976359 10.25472 -21.98959
v 2.186904 10.21058 -22.10618
v 2.186904 10.01367 -22.10618
v 2.186904 7.966301 -22.10618
v 1.539826 10.25472 -21.98959
v 1.539826 10.01367 -21.98959
v 1.976359 7.85209 -21.98959
v 1.976359 10.25472 -14.13447
v 1.976359 10.01367 -14.13447
v 1.539826 10.01367 -14.13447
v 2.186904 10.15023 -14.13447
v 1.539826 10.25472 -14.13447
v 2.186904 9.982445 -14.13447
v 2.186904 8.837181 -14.13447
v 1.976359 8.721952 -14.13447
v 1.539826 10.25472 -19.87642
v 1.539826 10.01367 -19.87642
v 1.539826 10.01367 -21.17302
v 1.539826 10.25472 -21.17302
v 1.539826 10.25472 -19.43087
v 1.539826 10.01367 -19.43087
v 1.539826 10.25472 -14.13447
v 1.539826 10.01367 -14.13447
v 1.539826 10.25472 -21.17302
v 1.539826 10.01367 -21.17302
v 1.976359 10.01367 -21.17302
v 1.976359 10.25472 -21.17302
v 2.186904 10.17964 -21.0767
v 2.186904 9.982445 -21.0767
v 2.186904 7.95719 -21.0767
v 1.976359 7.85209 -21.17302
v 1.539826 10.01367 -19.87642
v 1.976359 10.01367 -19.87642
v 1.976359 10.01367 -21.17302
v 1.539826 10.01367 -21.17302
v 1.539826 10.01367 -19.43087
v 1.976359 10.01367 -19.43087
v 1.539826 10.01367 -14.13447
v 1.976359 10.01367 -14.13447
v 1.976359 10.25472 -19.87642
v 1.539826 10.25472 -19.87642
v 1.539826 10.25472 -21.17302
v 1.976359 10.25472 -21.17302
v 2.186904 10.17964 -21.0767
v 2.186904 10.17964 -19.87642
v 1.976359 10.25472 -19.43087
v 1.539826 10.25472 -19.43087
v 2.186904 10.15023 -19.43087
v 1.976359 10.25472 -14.13447
v 1.539826 10.25472 -14.13447
v 2.186904 10.15023 -14.13447
v 1.539826 10.25472 -28.55682
v 1.539826 10.01367 -28.55682
v 1.976359 10.01367 -28.55682
v 1.976359 10.25472 -28.55682
v 2.186904 10.21058 -28.4574
v 2.186904 10.01367 -28.4574
v 2.186904 8.943048 -28.4574
v 1.976359 8.721952 -28.55682
v 1.539826 10.25472 -21.98959
v 1.539826 10.01367 -21.98959
v 1.539826 10.01367 -25.08875
v 1.539826 10.25472 -25.08875
v 1.539826 10.01367 -25.3776
v 1.539826 10.25472 -25.3776
v 1.539826 10.01367 -28.55682
v 1.539826 10.25472 -28.55682
v 1.976359 10.25472 -25.3776
v 1.976359 10.25472 -28.55682
v 2.186904 10.21058 -28.4574
v 2.186904 10.21058 -25.3776
v 1.539826 10.25472 -28.55682
v 1.539826 10.25472 -25.3776
v 1.976359 10.25472 -25.08875
v 2.186904 10.21058 -25.08875
v 2.186904 10.21058 -22.10618
v 1.976359 10.25472 -21.98959
v 1.539826 10.25472 -25.08875
v 1.539826 10.25472 -21.98959
v 2.186904 10.15023 -19.43087
v 2.186904 9.982445 -19.43087
v 2.186904 9.982445 -14.13447
v 2.186904 8.837181 -19.43087
v 2.186904 9.982445 -19.87642
v 2.186904 7.95719 -19.87642
v 2.186904 10.15023 -14.13447
v 2.186904 8.837181 -14.13447
v 2.186904 10.17964 -19.87642
v 2.186904 10.17964 -21.0767
v 2.186904 9.982445 -21.0767
v 2.186904 7.95719 -21.0767
v 2.186904 10.01367 -22.10618
v 2.186904 10.01367 -25.08875
v 2.186904 7.966301 -25.08875
v 2.186904 7.966301 -22.10618
v 2.186904 10.21058 -25.08875
v 2.186904 10.21058 -22.10618
v 2.186904 8.943048 -25.3776
v 2.186904 10.01367 -25.3776
v 2.186904 10.21058 -25.3776
v 2.186904 10.21058 -28.4574
v 2.186904 10.01367 -28.4574
v 2.186904 8.943048 -28.4574
v 1.976359 8.721952 -25.3776
v 1.976359 8.721952 -28.55682
v 1.976359 7.85209 -19.87642
v 2.186904 7.95719 -19.87642
v 2.186904 7.95719 -21.0767
v 1.976359 7.85209 -21.17302
v 1.976359 7.85209 -25.08875
v 1.976359 7.85209 -21.98959
v 2.186904 7.966301 -22.10618
v 2.186904 7.966301 -25.08875
v 1.976359 10.01367 -21.17302
v 1.976359 10.01367 -19.87642
v 1.976359 7.85209 -19.87642
v 1.976359 7.85209 -21.17302
v 1.976359 8.721952 -19.43087
v 1.976359 10.01367 -19.43087
v 1.976359 8.721952 -14.13447
v 1.976359 10.01367 -14.13447
v 1.539826 10.01367 -21.98959
v 1.976359 10.01367 -21.98959
v 1.976359 10.01367 -25.08875
v 1.539826 10.01367 -25.08875
v 1.976359 10.01367 -25.3776
v 1.539826 10.01367 -25.3776
v 1.976359 10.01367 -28.55682
v 1.539826 10.01367 -28.55682
v 1.976359 8.721952 -19.43087
v 1.976359 8.721952 -14.13447
v 2.186904 8.837181 -14.13447
v 2.186904 8.837181 -19.43087
v 1.976359 8.721952 -19.43087
v 2.186904 8.837181 -19.43087
v 2.186904 7.95719 -19.87642
v 1.976359 7.85209 -19.87642
v 1.976359 10.01367 -25.08875
v 1.976359 10.01367 -21.98959
v 1.976359 7.85209 -21.98959
v 1.976359 7.85209 -25.08875
v 1.976359 8.721952 -25.3776
v 1.976359 10.01367 -25.3776
v 1.976359 10.01367 -28.55682
v 1.976359 8.721952 -28.55682
v 1.976359 8.721952 -25.3776
v 1.976359 7.85209 -25.08875
v 2.186904 7.966301 -25.08875
v 2.186904 8.943048 -25.3776
v -2.320951 19.70142 45.45869
v -2.423768 19.70142 45.41611
v -2.423768 19.3124 45.41611
v -2.320951 19.3124 45.45869
v -2.526586 19.3124 45.45869
v -2.526586 19.70142 45.45869
v -2.278366 19.70142 45.56151
v -2.320951 19.70142 45.45869
v -2.320951 19.3124 45.45869
v -2.278366 19.3124 45.56151
v -2.320951 19.70142 45.66433
v -2.320951 19.3124 45.66433
v -2.423768 19.70142 45.70691
v -2.320951 19.70142 45.66433
v -2.320951 19.3124 45.66433
v -2.423768 19.3124 45.70691
v -2.526586 19.70142 45.66433
v -2.526586 19.3124 45.66433
v -2.569171 19.70142 45.56151
v -2.526586 19.70142 45.66433
v -2.526586 19.3124 45.66433
v -2.569171 19.3124 45.56151
v -2.526586 19.70142 45.45869
v -2.526586 19.3124 45.45869
v -2.526586 19.3124 45.45869
v -2.423768 19.3124 45.70691
v -2.423768 19.3124 45.41611
v -2.320951 19.3124 45.66433
v -2.278366 19.3124 45.56151
v -2.320951 19.3124 45.45869
v -2.569171 19.3124 45.56151
v -2.526586 19.3124 45.66433
v -2.526586 19.70142 45.66433
v -2.320951 19.70142 45.45869
v -2.320951 19.70142 45.66433
v -2.423768 19.70142 45.70691
v -2.278366 19.70142 45.56151
v -2.526586 19.70142 45.45869
v -2.423768 19.70142 45.41611
v -2.569171 19.70142 45.56151
v -5.899056 6.205667 4.339396
v -5.899056 7.126939 -0.5270738
v -5.899056 7.355592 4.339396
v -5.899056 5.427209 -12.22874
v -5.899056 6.577115 -12.22874
v 1.396802 6.577115 -12.22874
v 1.396802 5.427209 -12.22874
v 1.396802 6.205667 4.339396
v 1.396802 7.355592 4.339396
v 0.3609737 6.17206 3.623894
v 0.3609737 5.466877 -11.38454
v 0.3609737 6.616784 -11.38454
v 0.3609737 7.321966 3.623894
v -5.899056 7.355592 4.339396
v 1.396802 7.355592 4.339396
v 1.396802 6.205667 4.339396
v -5.899056 6.205667 4.339396
v 0.3609737 6.616784 -11.38454
v 0.3609737 5.466877 -11.38454
v -5.20851 5.466877 -11.38454
v -5.20851 6.616784 -11.38454
v -5.899056 6.577115 -12.22874
v -5.899056 5.427209 -12.22874
v 1.396802 5.427209 -12.22874
v 1.396802 6.577115 -12.22874
v 0.3609737 7.321966 3.623894
v -5.20851 7.321966 3.623894
v -5.20851 6.17206 3.623894
v 0.3609737 6.17206 3.623894
v -6.978812 7.158398 -14.38359
v -6.190206 7.158398 -14.38359
v -6.190206 7.45279 -14.28277
v -6.978812 7.45279 -14.28277
v -6.190206 6.92445 -11.36275
v -6.978812 6.92445 -11.36275
v -6.978812 7.218842 -11.26193
v -6.190206 7.218842 -11.26193
v -6.190206 6.92445 -11.36275
v -6.190206 7.218842 -11.26193
v -6.190206 7.45279 -14.28277
v -6.190206 7.158398 -14.38359
v -6.978812 6.92445 -11.36275
v -6.190206 6.92445 -11.36275
v -6.190206 7.158398 -14.38359
v -6.978812 7.158398 -14.38359
v -6.190206 7.45279 -14.28277
v -6.190206 7.218842 -11.26193
v -6.978812 7.218842 -11.26193
v -6.978812 7.45279 -14.28277
v -6.978812 6.92445 -11.36275
v -6.978812 7.158398 -14.38359
v -7.053374 7.225307 -14.28186
v -7.053374 7.003251 -11.41458
v -7.053374 7.151934 -11.36365
v -7.053374 7.373989 -14.23094
v -6.978812 7.45279 -14.28277
v -6.978812 7.158398 -14.38359
v -6.978812 7.218842 -11.26193
v -6.978812 7.218842 -11.26193
v -1.394232 19.44558 45.22985
v -1.394232 18.77973 45.22985
v -1.394232 18.77973 45.89319
v -1.394232 19.44558 45.89319
v -3.453324 18.77973 45.89319
v -3.453324 18.77973 45.22985
v -3.453324 19.44558 45.22985
v -3.453324 19.44558 45.89319
v -1.394232 18.77973 45.89319
v -1.394232 18.77973 45.22985
v -3.453324 18.77973 45.22985
v -3.453324 18.77973 45.89319
v -1.394232 19.44558 45.22985
v -1.394232 19.44558 45.89319
v -3.453324 19.44558 45.89319
v -3.453324 19.44558 45.22985
v -1.394232 18.77973 45.22985
v -1.394232 19.44558 45.22985
v -3.453324 19.44558 45.22985
v -3.453324 18.77973 45.22985
v -1.394232 19.44558 45.89319
v -1.394232 18.77973 45.89319
v -3.453324 18.77973 45.89319
v -3.453324 19.44558 45.89319
v 1.268702 12.95594 4.45098
v 1.268702 7.355708 4.341909
v 1.268702 7.524819 7.941268
v 1.268702 14.00405 8.17819
v 1.268702 5.250405 -40.46556
v 1.268702 12.1142 -41.17631
v 1.268702 16.10373 4.45098
v 1.268702 16.10373 8.17819
v 0.3609737 6.616784 -11.38454
v 0.3609737 10.34513 -11.81634
v 0.3609737 10.34513 3.165378
v 0.3609737 7.321966 3.623894
v -6.045303 12.95594 4.45098
v -6.045303 14.00405 8.17819
v -6.045303 7.524819 7.941268
v -6.045303 16.10373 4.45098
v -6.045303 7.355708 4.341909
v -6.045303 5.250405 -40.46556
v -6.045303 12.1142 -41.17631
v -6.045303 16.10373 8.17819
v -5.20851 10.34513 3.165378
v -5.20851 7.114835 -0.7844628
v -5.20851 7.321966 3.623894
v -5.20851 10.34513 -11.81634
v -5.20851 6.616784 -11.38454
v 0.3609737 10.34513 3.165378
v 0.3609737 10.34513 -11.81634
v -5.20851 10.34513 -11.81634
v -5.20851 10.34513 3.165378
v 0.3609737 6.616784 -11.38454
v -6.045303 5.250405 -40.46556
v -5.20851 6.616784 -11.38454
v -6.045303 7.355708 4.341909
v -5.20851 7.114835 -0.7844628
v 1.268702 5.250405 -40.46556
v 1.268702 7.355708 4.341909
v 1.268702 7.524819 7.941268
v 0.3609737 7.321966 3.623894
v -6.045303 7.524819 7.941268
v -5.20851 7.321966 3.623894
v 0.3609737 7.321966 3.623894
v 0.3609737 10.34513 3.165378
v -5.20851 10.34513 3.165378
v -5.20851 7.321966 3.623894
v -6.045303 12.95594 4.45098
v 1.268702 12.95594 4.45098
v 1.268702 16.10373 4.45098
v -6.045303 16.10373 4.45098
v 1.268702 14.00405 8.17819
v 1.268702 7.524819 7.941268
v -6.045303 7.524819 7.941268
v -6.045303 14.00405 8.17819
v -6.045303 16.10373 8.17819
v 1.268702 16.10373 8.17819
v 1.268702 12.1142 -41.17631
v 1.268702 12.95594 4.45098
v -6.045303 12.95594 4.45098
v -6.045303 12.1142 -41.17631
v 1.268702 16.10373 4.45098
v 1.268702 16.10373 8.17819
v -6.045303 16.10373 8.17819
v -6.045303 16.10373 4.45098
v 1.268702 5.250405 -40.46556
v 1.268702 12.1142 -41.17631
v -6.045303 12.1142 -41.17631
v -6.045303 5.250405 -40.46556
v -2.445694 17.11019 -38.04432
v -2.445694 15.89902 -38.04432
v -2.820498 15.89902 -38.19957
v -2.820498 17.11019 -38.19957
v -2.070889 17.11019 -38.19957
v -2.070889 15.89902 -38.19957
v -2.820498 17.11019 -38.19957
v -2.820498 15.89902 -38.19957
v -2.975741 15.89902 -38.57438
v -2.975741 17.11019 -38.57438
v -2.820498 15.89902 -38.94918
v -2.820498 17.11019 -38.94918
v -2.820498 17.11019 -38.94918
v -2.820498 15.89902 -38.94918
v -2.445694 15.89902 -39.10444
v -2.445694 17.11019 -39.10444
v -2.070889 15.89902 -38.94918
v -2.070889 17.11019 -38.94918
v -2.070889 17.11019 -38.94918
v -2.070889 15.89902 -38.94918
v -1.915627 15.89902 -38.57438
v -1.915627 17.11019 -38.57438
v -2.070889 15.89902 -38.19957
v -2.070889 17.11019 -38.19957
v -2.445694 17.11019 -38.04432
v -2.445694 17.11019 -39.10444
v -1.915627 17.11019 -38.57438
v -2.070889 17.11019 -38.19957
v -2.070889 17.11019 -38.94918
v -2.975741 17.11019 -38.57438
v -2.820498 17.11019 -38.19957
v -2.820498 17.11019 -38.94918
v -2.070889 15.89902 -38.94918
v -2.070889 15.89902 -38.19957
v -1.915627 15.89902 -38.57438
v -2.445694 15.89902 -39.10444
v -2.820498 15.89902 -38.94918
v -2.445694 15.89902 -38.04432
v -2.820498 15.89902 -38.19957
v -2.975741 15.89902 -38.57438
v -5.266901 9.444264 -46.55167
v -5.266901 7.742002 -46.00813
v -5.631596 7.696041 -46.15204
v -4.902187 7.696041 -46.15204
v -5.631596 9.398322 -46.69558
v -4.902187 9.398322 -46.69558
v -5.631596 9.398322 -46.69558
v -5.631596 7.696041 -46.15204
v -5.782677 7.585109 -46.49947
v -5.782677 9.287391 -47.043
v -5.631596 7.474178 -46.8469
v -5.631596 9.176459 -47.39042
v -5.631596 7.474178 -46.8469
v -5.266901 7.428236 -46.99081
v -5.266901 9.130518 -47.53432
v -4.902187 7.474178 -46.8469
v -5.631596 9.176459 -47.39042
v -4.902187 9.176459 -47.39042
v -4.902187 7.474178 -46.8469
v -4.751126 7.585109 -46.49947
v -4.751126 9.287391 -47.043
v -4.902187 9.176459 -47.39042
v -4.902187 9.398322 -46.69558
v -4.902187 7.696041 -46.15204
v -5.782677 9.287391 -47.043
v -4.751126 9.287391 -47.043
v -5.266901 9.444264 -46.55167
v -5.631596 9.398322 -46.69558
v -4.902187 9.398322 -46.69558
v -4.902187 9.176459 -47.39042
v -5.266901 9.130518 -47.53432
v -5.631596 9.176459 -47.39042
v -4.902187 7.474178 -46.8469
v -4.902187 7.696041 -46.15204
v -4.751126 7.585109 -46.49947
v -5.266901 7.428236 -46.99081
v -5.631596 7.474178 -46.8469
v -5.782677 7.585109 -46.49947
v -5.631596 7.696041 -46.15204
v -5.266901 7.742002 -46.00813
v 0.3609737 10.34513 -11.81634
v 0.3609737 6.616784 -11.38454
v -5.20851 6.616784 -11.38454
v -5.20851 10.34513 -11.81634
v 0.7767322 16.17184 44.51492
v -3.854082 13.49825 44.51492
v -0.7668725 13.49825 44.51492
v 0.3631221 14.62824 44.51492
v -2.310477 13.08464 44.51492
v -0.7668725 18.84546 44.51492
v 0.3631413 17.71545 44.51492
v -3.854082 18.84546 44.51492
v -2.310477 19.25908 44.51492
v -4.984077 17.71545 44.51492
v -5.397687 16.17184 44.51492
v -4.984077 14.62824 44.51492
v -0.1268913 17.43255 49.09906
v 0.2109101 16.17184 49.09906
v 0.2109101 16.17184 46.7474
v -0.1268913 17.43255 46.7474
v -1.049774 18.35543 49.09906
v -0.1268913 14.91116 46.7474
v -0.1268913 14.91116 49.09906
v -1.049774 18.35543 46.7474
v -3.854082 13.49825 44.51492
v -4.984077 14.62824 44.51492
v -4.984077 14.62824 49.09906
v -3.854082 13.49825 49.09906
v -5.397687 16.17184 49.09906
v -5.397687 16.17184 44.51492
v -4.984077 17.71545 49.09906
v -4.984077 17.71545 44.51492
v 0.3631221 14.62824 44.51492
v -0.7668725 13.49825 44.51492
v -0.7668725 13.49825 49.09906
v 0.3631221 14.62824 49.09906
v 0.7767322 16.17184 44.51492
v 0.7767322 16.17184 49.09906
v 0.3631413 17.71545 44.51492
v 0.3631413 17.71545 49.09906
v -0.7668725 18.84546 44.51492
v 0.3631413 17.71545 44.51492
v 0.3631413 17.71545 49.09906
v -0.7668725 18.84546 49.09906
v -2.310477 19.25908 44.51492
v -2.310477 19.25908 49.09906
v -3.854082 18.84546 44.51492
v -3.854082 18.84546 49.09906
v -4.984077 17.71545 44.51492
v -4.984077 17.71545 49.09906
v -2.310477 13.08464 44.51492
v -3.854082 13.49825 44.51492
v -3.854082 13.49825 49.09906
v -2.310477 13.08464 49.09906
v -0.7668725 13.49825 44.51492
v -0.7668725 13.49825 49.09906
v -0.476816 19.15885 4.310296
v -0.476816 19.15885 8.7321
v -1.432194 19.41483 8.7321
v -1.432194 19.41483 4.310296
v 0.8655083 17.8165 4.310296
v 0.8655083 17.8165 8.7321
v -3.188761 19.41483 8.7321
v -3.188761 19.41483 4.310296
v -4.144138 19.15885 8.7321
v -4.144138 19.15885 4.310296
v -5.486463 17.8165 8.7321
v -5.486463 17.8165 4.310296
v -5.9778 15.98286 4.310296
v -5.9778 15.98286 8.7321
v -5.202046 14.5024 8.7321
v -5.202046 14.5024 4.310296
v -3.979918 13.28028 8.7321
v -5.486463 17.8165 4.310296
v -5.486463 17.8165 8.7321
v -3.979918 13.28028 4.310296
v -3.979918 13.28028 4.310296
v -3.979918 13.28028 8.7321
v -2.310477 12.83296 8.7321
v -2.310477 12.83296 4.310296
v -0.6410362 13.28028 8.7321
v -0.6410362 13.28028 4.310296
v -3.188761 19.41483 8.7321
v 0.5810913 14.5024 8.7321
v -5.202046 14.5024 8.7321
v -1.432194 19.41483 8.7321
v 0.8655083 17.8165 8.7321
v -0.476816 19.15885 8.7321
v -0.6410362 13.28028 8.7321
v -2.310477 12.83296 8.7321
v -3.979918 13.28028 8.7321
v 1.356845 15.98284 8.7321
v -5.486463 17.8165 8.7321
v -4.144138 19.15885 8.7321
v -5.9778 15.98286 8.7321
v -0.6410362 13.28028 4.310296
v -0.6410362 13.28028 8.7321
v 0.5810913 14.5024 8.7321
v 0.5810913 14.5024 4.310296
v 1.356845 15.98284 8.7321
v 1.356845 15.98284 4.310296
v 0.8655083 17.8165 8.7321
v 0.8655083 17.8165 4.310296
v -1.432194 19.41483 4.310296
v -5.202046 14.5024 4.310296
v 0.5810913 14.5024 4.310296
v -3.188761 19.41483 4.310296
v -5.486463 17.8165 4.310296
v -4.144138 19.15885 4.310296
v -0.6410362 13.28028 4.310296
v -2.310477 12.83296 4.310296
v -3.979918 13.28028 4.310296
v -5.9778 15.98286 4.310296
v 0.8655083 17.8165 4.310296
v -0.476816 19.15885 4.310296
v 1.356845 15.98284 4.310296
v -4.831864 16.17184 49.09906
v -4.494063 14.91116 49.09906
v -4.984077 14.62824 49.09906
v -5.397687 16.17184 49.09906
v -4.494063 17.43255 49.09906
v -4.984077 17.71545 49.09906
v -3.571181 18.35543 49.09906
v -3.854082 18.84546 49.09906
v -2.310477 19.25908 49.09906
v -2.310477 18.69323 49.09906
v -1.049774 18.35543 49.09906
v -0.7668725 18.84546 49.09906
v -0.1268913 17.43255 49.09906
v 0.3631413 17.71545 49.09906
v 0.7767322 16.17184 49.09906
v 0.2109101 16.17184 49.09906
v 0.3631221 14.62824 49.09906
v -0.1268913 14.91116 49.09906
v -0.7668725 13.49825 49.09906
v -1.049774 13.98826 49.09906
v -2.310477 13.65046 49.09906
v -2.310477 13.08464 49.09906
v -3.854082 13.49825 49.09906
v -3.571181 13.98826 49.09906
v -4.831864 16.17184 46.7474
v -1.049774 18.35543 46.7474
v -1.049774 13.98826 46.7474
v -2.310477 18.69323 46.7474
v -3.571181 18.35543 46.7474
v -4.494063 17.43255 46.7474
v -3.571181 13.98826 46.7474
v -4.494063 14.91116 46.7474
v -2.310477 13.65046 46.7474
v 0.2109101 16.17184 46.7474
v -0.1268913 14.91116 46.7474
v -0.1268913 17.43255 46.7474
v -3.571181 13.98826 49.09906
v -4.494063 14.91116 49.09906
v -4.494063 14.91116 46.7474
v -3.571181 13.98826 46.7474
v -2.310477 13.65046 49.09906
v -2.310477 13.65046 46.7474
v -1.049774 13.98826 49.09906
v -1.049774 13.98826 46.7474
v -0.1268913 14.91116 49.09906
v -0.1268913 14.91116 46.7474
v -2.310477 18.69323 49.09906
v -1.049774 18.35543 49.09906
v -1.049774 18.35543 46.7474
v -2.310477 18.69323 46.7474
v -3.571181 18.35543 49.09906
v -3.571181 18.35543 46.7474
v -4.494063 17.43255 49.09906
v -3.571181 18.35543 49.09906
v -3.571181 18.35543 46.7474
v -4.494063 17.43255 46.7474
v -4.831864 16.17184 49.09906
v -4.831864 16.17184 46.7474
v -4.494063 14.91116 49.09906
v -4.494063 14.91116 46.7474
v 0.9585234 10.94275 -29.13272
v 1.441938 10.94275 -29.13272
v 1.441938 11.22744 -28.44539
v 0.9585234 11.22744 -28.44539
v 0.9585234 11.22744 -15.01145
v 1.441938 11.22744 -15.01145
v 1.441938 10.94275 -14.32412
v 0.9585234 10.94275 -14.32412
v 0.9585234 11.22744 -28.44539
v 0.9585234 7.61068 -28.44539
v 0.9585234 8.582688 -29.41742
v 0.9585234 11.22744 -15.01145
v 0.9585234 10.25543 -29.41742
v 0.9585234 10.94275 -29.13272
v 0.9585234 7.895385 -29.13272
v 0.9585234 7.61068 -15.01145
v 0.9585234 10.25543 -14.03944
v 0.9585234 8.582688 -14.03944
v 0.9585234 7.895385 -14.32412
v 0.9585234 10.94275 -14.32412
v 0.9585234 7.895385 -29.13272
v 1.441938 7.895385 -29.13272
v 1.441938 8.582688 -29.41742
v 0.9585234 8.582688 -29.41742
v 0.9585234 10.25543 -29.41742
v 1.441938 10.25543 -29.41742
v 1.441938 10.94275 -29.13272
v 0.9585234 10.94275 -29.13272
v 1.441938 10.25543 -14.03944
v 0.9585234 10.25543 -14.03944
v 0.9585234 10.94275 -14.32412
v 0.9585234 8.582688 -14.03944
v 1.441938 10.94275 -14.32412
v 1.441938 8.582688 -14.03944
v 1.441938 7.895385 -14.32412
v 0.9585234 7.895385 -14.32412
v 0.9585234 7.61068 -28.44539
v 1.441938 7.61068 -28.44539
v 1.441938 7.895385 -29.13272
v 0.9585234 7.895385 -29.13272
v 1.441938 7.61068 -15.01145
v 0.9585234 7.61068 -15.01145
v 0.9585234 7.895385 -14.32412
v 1.441938 7.895385 -14.32412
v 1.598006 11.06713 -15.04335
v 1.598006 7.770988 -15.04335
v 1.598006 10.22353 -14.19974
v 1.598006 10.82004 -14.44683
v 1.441938 10.25543 -14.03944
v 1.598006 8.614588 -14.19974
v 1.441938 8.582688 -14.03944
v 1.598006 8.018075 -14.44683
v 1.441938 7.895385 -14.32412
v 1.441938 7.61068 -15.01145
v 1.598006 7.770988 -28.41349
v 1.441938 7.61068 -28.44539
v 1.598006 11.06713 -28.41349
v 1.441938 11.22744 -15.01145
v 1.441938 10.94275 -14.32412
v 1.598006 8.614588 -29.2571
v 1.598006 10.22355 -29.2571
v 1.441938 10.25543 -29.41742
v 1.598006 10.82004 -29.01001
v 1.441938 10.94275 -29.13272
v 1.441938 11.22744 -28.44539
v 1.598006 8.018075 -29.01001
v 1.441938 7.895385 -29.13272
v 1.441938 8.582688 -29.41742
v -5.913635 8.302204 -10.36406
v -5.913635 11.54301 -23.20955
v -5.913635 11.15809 -22.88885
v -5.913635 12.57722 -20.80089
v -5.913635 8.147767 -10.42519
v -5.913635 10.67978 -22.73987
v -5.913635 7.896669 -10.52462
v -5.913635 7.587143 -10.64715
v -5.913635 10.18085 -22.78527
v -5.913635 9.737274 -23.01815
v -5.913635 7.266337 -10.77418
v -5.913635 11.2467 -26.49388
v -5.913635 7.796941 -24.04431
v -5.913635 6.806823 -10.9561
v -5.913635 7.492056 -27.98041
v -5.913635 10.96178 -27.34674
v -5.913635 7.618104 -28.67058
v -5.913635 9.951849 -29.68051
v -5.913635 7.998662 -29.25999
v -5.913635 8.575821 -29.65889
v -5.913635 9.261686 -29.80655
v -5.913635 11.08783 -28.03692
v -5.913635 10.94016 -28.72279
v -5.913635 10.54127 -29.29995
v -5.913635 12.23403 -23.50688
v -5.913635 12.63358 -22.2679
v -5.913635 12.57722 -20.80089
v -6.200757 12.57722 -20.80089
v -6.200757 12.63358 -22.2679
v -5.913635 8.302204 -10.36406
v -5.913635 12.63358 -22.2679
v -5.913635 12.23403 -23.50688
v -6.200757 12.23403 -23.50688
v -5.913635 11.2467 -26.49388
v -6.200757 11.2467 -26.49388
v -5.913635 10.96178 -27.34674
v -6.200757 10.96178 -27.34674
v -5.913635 11.08783 -28.03692
v -6.200757 11.08783 -28.03692
v -5.913635 10.94016 -28.72279
v -6.200757 10.94016 -28.72279
v -5.913635 10.54127 -29.29995
v -6.200757 10.54127 -29.29995
v -6.200757 8.302204 -10.36406
v -6.284871 12.49374 -20.819
v -6.284871 12.54897 -22.25626
v -5.913635 6.806823 -10.9561
v -5.913635 7.796941 -24.04431
v -6.200757 7.796941 -24.04431
v -6.200757 6.806823 -10.9561
v -6.200757 7.492056 -27.98041
v -5.913635 7.492056 -27.98041
v -6.200757 7.618104 -28.67058
v -5.913635 7.618104 -28.67058
v -6.200757 7.998662 -29.25999
v -5.913635 7.998662 -29.25999
v -5.913635 8.302204 -10.36406
v -5.913635 8.147767 -10.42519
v -6.200757 8.147767 -10.42519
v -6.200757 8.302204 -10.36406
v -6.200757 7.896669 -10.52462
v -5.913635 7.896669 -10.52462
v -6.200757 7.587143 -10.64715
v -5.913635 7.587143 -10.64715
v -6.200757 7.266337 -10.77418
v -5.913635 7.266337 -10.77418
v -6.200757 6.806823 -10.9561
v -5.913635 6.806823 -10.9561
v -5.913635 7.998662 -29.25999
v -5.913635 8.575821 -29.65889
v -6.200757 8.575821 -29.65889
v -6.200757 7.998662 -29.25999
v -6.200757 9.261686 -29.80655
v -5.913635 9.261686 -29.80655
v -6.200757 9.951849 -29.68051
v -5.913635 9.951849 -29.68051
v -6.200757 10.54127 -29.29995
v -5.913635 10.54127 -29.29995
v -6.284871 9.920275 -29.60077
v -6.284871 9.263029 -29.72081
v -6.284871 11.1669 -26.46721
v -6.284871 10.87515 -27.34061
v -6.200757 10.96178 -27.34674
v -6.200757 11.2467 -26.49388
v -6.284871 11.00206 -28.03558
v -6.200757 11.08783 -28.03692
v -6.284871 10.86144 -28.68872
v -6.200757 10.94016 -28.72279
v -6.284871 10.48157 -29.23835
v -6.200757 10.54127 -29.29995
v -6.200757 9.951849 -29.68051
v -6.284871 9.920275 -29.60077
v -6.284871 7.697844 -28.63902
v -6.200757 12.23403 -23.50688
v -6.284871 12.15418 -23.48046
v -6.284871 12.54897 -22.25626
v -6.200757 12.63358 -22.2679
v -6.284871 7.881304 -24.04438
v -6.284871 12.49374 -20.819
v -6.284871 7.576766 -27.97604
v -6.200757 7.492056 -27.98041
v -6.200757 7.796941 -24.04431
v -6.284871 6.895369 -11.01152
v -6.200757 7.618104 -28.67058
v -6.200757 7.998662 -29.25999
v -6.284871 8.060257 -29.2003
v -6.284871 8.60987 -29.58018
v -6.200757 8.575821 -29.65889
v -6.284871 9.263029 -29.72081
v -6.200757 9.261686 -29.80655
v -6.200757 6.806823 -10.9561
v -6.200757 7.266337 -10.77418
v -6.284871 7.297297 -10.85238
v -6.200757 7.587143 -10.64715
v -6.284871 7.618122 -10.72536
v -6.200757 7.896669 -10.52462
v -6.284871 7.92763 -10.60282
v -6.284871 8.178727 -10.5034
v -6.200757 8.147767 -10.42519
v -6.284871 8.255878 -10.47286
v -6.200757 8.302204 -10.36406
v -6.200757 12.57722 -20.80089
v -1.537428 11.65616 -84.20087
v -1.537428 11.82029 -79.45856
v -3.310109 11.82029 -79.45856
v -0.6443356 11.56998 -79.46813
v -3.310109 11.65616 -84.20087
v -4.203201 11.56998 -79.46813
v -3.310109 12.04324 -58.40276
v -1.537428 12.04324 -58.40276
v -0.6443356 11.79274 -58.43096
v -4.203201 11.79274 -58.43096
v -3.310109 11.12942 -55.88857
v -1.537428 11.12942 -55.88857
v -0.6443356 10.87924 -55.91768
v -4.203201 10.87924 -55.91768
v -3.310109 11.00529 -52.58464
v -1.537428 11.00529 -52.58464
v -0.6443356 10.75615 -52.64086
v -4.203201 10.75615 -52.64086
v -3.310109 12.8095 -45.8236
v -1.537428 12.8095 -45.8236
v -0.6443356 12.57425 -45.82778
v 0.009456906 11.93151 -45.83919
v -4.203201 12.57425 -45.82778
v -4.856994 11.93151 -45.83917
v -3.310109 12.87591 -40.55102
v -1.537428 12.87591 -40.55102
v -0.6443356 12.64099 -40.52794
v 0.009456906 11.99918 -40.46491
v -4.203201 12.64099 -40.52794
v -4.856994 11.99918 -40.46493
v 0.009456906 10.07544 -52.79449
v -4.856994 10.07544 -52.79449
v -1.537428 3.941573 -45.98105
v -1.537428 2.467255 -54.51158
v -3.310109 2.467255 -54.51158
v -0.6443356 2.721037 -54.4543
v -3.310109 3.941573 -45.98105
v -1.537428 5.250405 -39.80218
v -0.6443356 4.186225 -45.9767
v -4.203201 2.721037 -54.4543
v -3.310109 1.994525 -56.95188
v -1.537428 1.994525 -56.95188
v -0.6443356 2.242821 -56.92298
v -4.203201 2.242821 -56.92298
v -3.310109 1.302444 -59.61153
v -1.537428 1.302444 -59.61153
v -0.6443356 1.550491 -59.58363
v 0.009456906 2.228147 -59.50736
v -4.203201 1.550491 -59.58363
v -4.856994 2.228147 -59.50736
v -3.310109 -5.738807 -80.13009
v -1.537428 -5.738807 -80.13009
v -0.6443356 -5.497186 -80.12084
v 0.009456906 -4.837025 -80.0956
v -4.203201 -5.497186 -80.12084
v -4.856994 -4.837025 -80.0956
v -3.310109 -6.105938 -83.72703
v -1.537428 -6.105938 -83.72703
v -0.6443356 -5.86591 -83.73344
v -4.203201 -5.86591 -83.73344
v 0.009456906 2.921186 -56.84402
v -4.856994 2.921186 -56.84402
v 0.2487569 5.767638 -45.94863
v 0.2487569 11.05349 -45.85477
v 0.2487569 9.145595 -53.00434
v 0.2487569 4.36159 -54.08404
v 0.2487569 9.262109 -56.10592
v 0.2487569 7.032524 -39.97718
v 0.2487569 11.12245 -40.37882
v 0.009456906 11.99918 -40.46491
v 0.2487569 3.847848 -56.73616
v 0.2487569 10.17344 -58.61319
v 0.009456906 10.19575 -55.99723
v 0.009456906 10.07544 -52.79449
v 0.009456906 11.93151 -45.83919
v 0.2487569 3.153849 -59.4032
v 0.2487569 9.951944 -79.53003
v 0.2487569 -3.935243 -80.06111
v 0.2487569 9.792021 -84.15115
v 0.2487569 -4.314286 -83.77483
v 0.009456906 10.72409 -84.17601
v 0.009456906 10.88611 -79.49429
v 0.009456906 11.10835 -58.50797
v -0.6443356 10.87924 -55.91768
v -0.6443356 10.75615 -52.64086
v -0.6443356 11.40641 -84.19421
v -0.6443356 11.56998 -79.46813
v -0.6443356 11.79274 -58.43096
v 0.009456906 -4.837025 -80.0956
v 0.009456906 -5.210122 -83.75092
v 0.009456906 2.228147 -59.50736
v 0.009456906 2.921186 -56.84402
v -0.6443356 -5.497186 -80.12084
v -0.6443356 -5.86591 -83.73344
v 0.009456906 3.414423 -54.29781
v 0.009456906 4.854615 -45.96484
v -0.6443356 2.721037 -54.4543
v -0.6443356 2.242821 -56.92298
v -0.6443356 4.186225 -45.9767
v -0.6443356 5.489149 -39.82562
v 0.009456906 6.141464 -39.88969
v -5.096313 4.36159 -54.08404
v -5.096313 3.847848 -56.73616
v -5.096313 9.262109 -56.10592
v -5.096313 9.145595 -53.00434
v -5.096313 5.767638 -45.94863
v -5.096313 10.17344 -58.61319
v -5.096313 3.153849 -59.4032
v -4.856994 10.19575 -55.99723
v -4.856994 10.07544 -52.79449
v -5.096313 9.951944 -79.53003
v -5.096313 -3.935243 -80.06111
v -5.096313 9.792021 -84.15115
v -5.096313 -4.314286 -83.77483
v -5.096313 11.05349 -45.85477
v -5.096313 7.032524 -39.97718
v -4.856994 11.93151 -45.83917
v -5.096313 11.12245 -40.37882
v -4.856994 11.99918 -40.46493
v -4.856994 6.141464 -39.88969
v -4.856994 4.854615 -45.96484
v -4.203201 5.489149 -39.82562
v -4.203201 4.186225 -45.9767
v -4.856994 10.72409 -84.17601
v -4.856994 10.88611 -79.49429
v -4.203201 11.40641 -84.19421
v -4.203201 11.56998 -79.46813
v -4.856994 3.414423 -54.29781
v -4.203201 2.721037 -54.4543
v -4.856994 2.921186 -56.84402
v -4.203201 2.242821 -56.92298
v -4.856994 11.10835 -58.50797
v -4.203201 11.79274 -58.43096
v -4.203201 10.87924 -55.91768
v -4.856994 2.228147 -59.50736
v -4.856994 -4.837025 -80.0956
v -4.856994 -5.210122 -83.75092
v -4.203201 -5.497186 -80.12084
v -4.203201 -5.86591 -83.73344
v -4.203201 10.75615 -52.64086
v -4.856994 10.72409 -84.17601
v -3.310109 11.65616 -84.20087
v -4.203201 11.40641 -84.19421
v -5.096313 9.792021 -84.15115
v 0.2487569 9.792021 -84.15115
v -1.537428 11.65616 -84.20087
v 0.009456906 10.72409 -84.17601
v -0.6443356 11.40641 -84.19421
v -5.096313 -4.314286 -83.77483
v 0.2487569 -4.314286 -83.77483
v -1.537428 -6.105938 -83.72703
v 0.009456906 -5.210122 -83.75092
v -0.6443356 -5.86591 -83.73344
v -3.310109 -6.105938 -83.72703
v -4.856994 -5.210122 -83.75092
v -4.203201 -5.86591 -83.73344
v -3.310109 5.250405 -39.80218
v -4.203201 4.186225 -45.9767
v -4.203201 5.489149 -39.82562
v -0.6443356 5.489149 -39.82562
v -5.096313 7.032524 -39.97718
v 0.2487569 7.032524 -39.97718
v -3.310109 5.250405 -39.80218
v -1.537428 5.250405 -39.80218
v 0.009456906 6.141464 -39.88969
v -0.6443356 5.489149 -39.82562
v -5.096313 11.12245 -40.37882
v 0.2487569 11.12245 -40.37882
v -4.856994 6.141464 -39.88969
v -4.203201 5.489149 -39.82562
v -1.537428 12.87591 -40.55102
v -0.6443356 12.64099 -40.52794
v 0.009456906 11.99918 -40.46491
v -3.310109 12.87591 -40.55102
v -4.203201 12.64099 -40.52794
v -4.856994 11.99918 -40.46493
v -2.680831 12.07104 -85.40027
v -2.166706 12.07104 -85.40027
v -2.166706 12.06396 -83.51744
v -0.5695819 11.64304 -85.3894
v -2.680831 12.06396 -83.51744
v -4.277955 11.64304 -85.3894
v -0.5695819 11.63594 -83.4979
v -4.277955 11.63594 -83.4979
v 1.027542 8.869139 -83.37146
v 1.027542 8.876466 -85.31907
v 1.027542 -3.326817 -85.00887
v 1.027542 -3.31993 -82.81451
v 0.5995831 -4.923825 -84.96828
v 0.5995831 -4.916843 -82.74153
v -0.5695819 -6.092914 -84.93857
v -0.5695819 -6.085855 -82.68814
v 0.5995831 10.46655 -83.44446
v 0.5995831 10.47374 -85.35966
v -0.5695819 11.63594 -83.4979
v -0.5695819 11.64304 -85.3894
v -5.875078 8.869139 -83.37146
v -5.875078 -3.31993 -82.81451
v -5.875078 -3.326817 -85.00887
v -5.875078 8.876466 -85.31907
v -5.447139 -4.923825 -84.96828
v -5.447139 -4.916843 -82.74153
v -4.277955 -6.092914 -84.93857
v -4.277955 -6.085855 -82.68814
v -5.447139 10.46655 -83.44446
v -5.447139 10.47374 -85.35966
v -4.277955 11.63594 -83.4979
v -4.277955 11.64304 -85.3894
v 1.027542 8.876466 -85.31907
v 0.5995831 10.47374 -85.35966
v -2.166706 12.07104 -85.40027
v -2.680831 12.07104 -85.40027
v -5.875078 8.876466 -85.31907
v -5.875078 -3.326817 -85.00887
v 1.027542 -3.326817 -85.00887
v -2.166706 -6.520814 -84.92769
v 0.5995831 -4.923825 -84.96828
v -0.5695819 -6.092914 -84.93857
v -2.680831 -6.520814 -84.92769
v -5.447139 -4.923825 -84.96828
v -4.277955 -6.092914 -84.93857
v -5.447139 10.47374 -85.35966
v -4.277955 11.64304 -85.3894
v -0.5695819 11.64304 -85.3894
v -2.680831 -6.513736 -82.66857
v -2.166706 -6.513736 -82.66857
v -2.166706 -6.520814 -84.92769
v -0.5695819 -6.085855 -82.68814
v -2.680831 -6.520814 -84.92769
v -4.277955 -6.085855 -82.68814
v -0.5695819 -6.092914 -84.93857
v -4.277955 -6.092914 -84.93857
v 1.027542 -3.31993 -82.81451
v 0.5995831 -4.916843 -82.74153
v -2.166706 -6.513736 -82.66857
v -2.680831 -6.513736 -82.66857
v -5.875078 -3.31993 -82.81451
v -5.875078 8.869139 -83.37146
v 1.027542 8.869139 -83.37146
v -2.166706 12.06396 -83.51744
v 0.5995831 10.46655 -83.44446
v -0.5695819 11.63594 -83.4979
v -2.680831 12.06396 -83.51744
v -5.447139 10.46655 -83.44446
v -4.277955 11.63594 -83.4979
v -5.447139 -4.916843 -82.74153
v -4.277955 -6.085855 -82.68814
v -0.5695819 -6.085855 -82.68814
v -5.078934 7.385862 -46.45004
v -5.212251 9.008824 -47.23824
v -5.212251 7.247845 -46.63517
v -5.078934 9.51687 -47.1131
v -5.212251 9.513973 -47.34398
v -5.078934 9.873048 -47.04458
v -5.212251 10.00807 -47.23191
v -5.212251 10.24392 -46.8517
v -5.078934 10.0294 -46.76622
v -5.212251 10.32681 -46.52088
v -5.078934 10.11336 -46.43277
v -5.212251 10.36005 -46.40321
v -5.078934 10.25236 -46.19896
v -5.078934 10.57378 -46.21954
v -5.212251 10.54677 -46.44889
v -5.078934 10.77143 -46.25357
v -5.212251 10.80827 -46.48154
v -5.212251 11.07281 -46.34616
v -5.078934 10.91689 -46.17582
v -5.212251 11.22859 -46.11813
v -5.078934 11.02165 -46.01567
v -5.212251 11.31844 -45.86835
v -5.078934 11.09713 -45.80242
v -5.212251 11.42966 -45.36422
v -5.078934 11.22257 -45.11042
v -5.212251 11.45348 -45.1086
v -5.078934 11.20033 -44.91362
v -5.212251 11.42137 -44.8468
v -5.078934 11.11584 -44.74924
v -5.212251 11.29202 -44.59996
v -5.212251 11.06573 -44.42607
v -5.078934 10.95044 -44.62614
v -5.212251 8.140325 -43.31453
v -5.078934 8.082432 -43.53806
v -5.078934 7.828207 -43.48943
v -5.212251 7.8509 -43.25962
v -5.078934 7.554705 -43.48728
v -5.212251 7.534084 -43.25729
v -5.078934 7.282124 -43.53876
v -5.212251 7.213144 -43.3184
v -5.078934 7.030663 -43.65108
v -5.212251 6.907128 -43.456
v -5.078934 6.820539 -43.83136
v -5.212251 6.644062 -43.68244
v -5.212251 6.457993 -43.99229
v -5.078934 6.671952 -44.07914
v -5.078934 6.605083 -44.36346
v -5.212251 6.374511 -44.35109
v -5.078934 6.640167 -44.64572
v -5.212251 6.423292 -44.72497
v -5.078934 6.797405 -44.88735
v -5.212251 6.64082 -45.05705
v -5.212251 7.319587 -45.42978
v -5.078934 7.516226 -45.30872
v -5.078934 7.545248 -45.64377
v -5.212251 7.31742 -45.60615
v -5.212251 7.181493 -45.89793
v -5.078934 7.270596 -46.27992
v -5.212251 7.040771 -46.30243
v -5.612203 11.22257 -45.11042
v -5.478886 10.97273 -45.2971
v -5.612203 11.09713 -45.80242
v -5.478886 10.99167 -45.11224
v -5.478886 10.97931 -44.98046
v -5.478886 10.87584 -45.73649
v -5.612203 11.20033 -44.91362
v -5.478886 10.93966 -44.89849
v -5.612203 11.11584 -44.74924
v -5.612203 10.95044 -44.62614
v -5.478886 10.83516 -44.82621
v -5.612203 8.082432 -43.53806
v -5.478886 8.02454 -43.76159
v -5.478886 7.805534 -43.71922
v -5.478886 10.81471 -45.91322
v -5.612203 11.02165 -46.01567
v -5.478886 10.761 -46.00551
v -5.612203 10.91689 -46.17582
v -5.478886 10.7346 -46.0256
v -5.612203 10.77143 -46.25357
v -5.612203 10.57378 -46.21954
v -5.478886 10.60079 -45.99022
v -5.612203 10.25236 -46.19896
v -5.478886 10.14465 -45.9947
v -5.612203 7.828207 -43.48943
v -5.478886 7.575346 -43.71726
v -5.478886 9.899921 -46.34465
v -5.612203 10.11336 -46.43277
v -5.612203 7.554705 -43.48728
v -5.478886 7.351123 -43.75914
v -5.612203 7.282124 -43.53876
v -5.478886 7.154216 -43.84616
v -5.612203 7.030663 -43.65108
v -5.478886 6.997016 -43.98029
v -5.612203 6.820539 -43.83136
v -5.612203 6.671952 -44.07914
v -5.478886 6.885912 -44.16599
v -5.478886 6.835674 -44.37585
v -5.612203 6.605083 -44.36346
v -5.478886 6.857062 -44.56648
v -5.612203 6.640167 -44.64572
v -5.478886 6.95401 -44.71766
v -5.612203 6.797405 -44.88735
v -5.478886 7.212741 -44.8499
v -5.612203 7.516226 -45.30872
v -5.478886 7.712845 -45.18767
v -5.478886 7.773077 -45.68139
v -5.612203 7.545248 -45.64377
v -5.478886 7.605596 -46.08074
v -5.612203 7.270596 -46.27992
v -5.478886 7.5004 -46.25743
v -5.612203 7.385862 -46.45004
v -5.478886 7.52386 -46.26489
v -5.478886 7.989608 -46.39857
v -5.478886 9.126144 -46.79158
v -5.612203 9.51687 -47.1131
v -5.478886 9.519766 -46.88219
v -5.478886 9.738042 -46.85726
v -5.612203 9.873048 -47.04458
v -5.612203 10.0294 -46.76622
v -5.478886 9.814906 -46.68074
v -5.212251 10.81471 -45.91322
v -5.212251 10.87584 -45.73649
v -5.078934 11.09713 -45.80242
v -5.212251 10.97273 -45.2971
v -5.078934 11.22257 -45.11042
v -5.212251 10.99167 -45.11224
v -5.212251 10.97931 -44.98046
v -5.078934 11.02165 -46.01567
v -5.078934 11.20033 -44.91362
v -5.212251 10.93966 -44.89849
v -5.078934 11.11584 -44.74924
v -5.078934 10.95044 -44.62614
v -5.212251 10.83516 -44.82621
v -5.078934 8.082432 -43.53806
v -5.212251 8.02454 -43.76159
v -5.212251 7.805534 -43.71922
v -5.212251 10.761 -46.00551
v -5.078934 10.91689 -46.17582
v -5.212251 10.7346 -46.0256
v -5.078934 10.77143 -46.25357
v -5.078934 10.57378 -46.21954
v -5.212251 10.60079 -45.99022
v -5.078934 10.25236 -46.19896
v -5.212251 10.14465 -45.9947
v -5.212251 9.899921 -46.34465
v -5.078934 10.11336 -46.43277
v -5.212251 9.814906 -46.68074
v -5.078934 10.0294 -46.76622
v -5.212251 9.738042 -46.85726
v -5.078934 9.873048 -47.04458
v -5.078934 9.51687 -47.1131
v -5.212251 9.519766 -46.88219
v -5.212251 9.126144 -46.79158
v -5.078934 7.385862 -46.45004
v -5.212251 7.52386 -46.26489
v -5.212251 7.5004 -46.25743
v -5.078934 7.270596 -46.27992
v -5.212251 7.605596 -46.08074
v -5.078934 7.545248 -45.64377
v -5.212251 7.773077 -45.68139
v -5.078934 7.516226 -45.30872
v -5.212251 7.712845 -45.18767
v -5.212251 7.212741 -44.8499
v -5.078934 6.797405 -44.88735
v -5.212251 6.95401 -44.71766
v -5.078934 6.640167 -44.64572
v -5.212251 6.857062 -44.56648
v -5.078934 6.605083 -44.36346
v -5.212251 6.835674 -44.37585
v -5.078934 6.671952 -44.07914
v -5.212251 6.885912 -44.16599
v -5.212251 6.997016 -43.98029
v -5.078934 6.820539 -43.83136
v -5.078934 7.030663 -43.65108
v -5.212251 7.154216 -43.84616
v -5.078934 7.282124 -43.53876
v -5.212251 7.351123 -43.75914
v -5.078934 7.554705 -43.48728
v -5.212251 7.575346 -43.71726
v -5.078934 7.828207 -43.48943
v -5.212251 11.06573 -44.42607
v -5.478886 11.06573 -44.42607
v -5.478886 11.29202 -44.59996
v -5.212251 11.29202 -44.59996
v -5.478886 8.140325 -43.31453
v -5.212251 8.140325 -43.31453
v -5.212251 7.8509 -43.25962
v -5.478886 7.8509 -43.25962
v -5.478886 7.534084 -43.25729
v -5.212251 7.534084 -43.25729
v -5.212251 7.213144 -43.3184
v -5.478886 7.213144 -43.3184
v -5.212251 6.907128 -43.456
v -5.478886 6.907128 -43.456
v -5.612203 9.873048 -47.04458
v -5.478886 10.00807 -47.23191
v -5.478886 10.24392 -46.8517
v -5.612203 10.0294 -46.76622
v -5.478886 10.32681 -46.52088
v -5.612203 10.11336 -46.43277
v -5.478886 10.36005 -46.40321
v -5.612203 10.25236 -46.19896
v -5.612203 10.57378 -46.21954
v -5.478886 10.54677 -46.44889
v -5.612203 10.77143 -46.25357
v -5.478886 10.80827 -46.48154
v -5.478886 11.07281 -46.34616
v -5.612203 10.91689 -46.17582
v -5.478886 11.22859 -46.11813
v -5.612203 11.02165 -46.01567
v -5.478886 11.31844 -45.86835
v -5.612203 11.09713 -45.80242
v -5.478886 11.42966 -45.36422
v -5.612203 11.22257 -45.11042
v -5.478886 11.45348 -45.1086
v -5.612203 11.20033 -44.91362
v -5.478886 11.42137 -44.8468
v -5.612203 11.11584 -44.74924
v -5.478886 11.29202 -44.59996
v -5.478886 11.06573 -44.42607
v -5.612203 10.95044 -44.62614
v -5.478886 8.140325 -43.31453
v -5.612203 8.082432 -43.53806
v -5.612203 7.828207 -43.48943
v -5.478886 7.8509 -43.25962
v -5.612203 7.554705 -43.48728
v -5.478886 7.534084 -43.25729
v -5.612203 7.282124 -43.53876
v -5.478886 7.213144 -43.3184
v -5.612203 7.030663 -43.65108
v -5.478886 6.907128 -43.456
v -5.612203 6.820539 -43.83136
v -5.478886 6.644062 -43.68244
v -5.478886 6.457993 -43.99229
v -5.612203 6.671952 -44.07914
v -5.612203 6.605083 -44.36346
v -5.478886 6.374511 -44.35109
v -5.612203 6.640167 -44.64572
v -5.478886 6.423292 -44.72497
v -5.612203 6.797405 -44.88735
v -5.478886 6.64082 -45.05705
v -5.478886 7.319587 -45.42978
v -5.612203 7.516226 -45.30872
v -5.612203 7.545248 -45.64377
v -5.478886 7.31742 -45.60615
v -5.478886 7.181493 -45.89793
v -5.612203 7.270596 -46.27992
v -5.478886 7.040771 -46.30243
v -5.478886 7.247845 -46.63517
v -5.612203 7.385862 -46.45004
v -5.478886 9.008824 -47.23824
v -5.612203 9.51687 -47.1131
v -5.478886 9.513973 -47.34398
v -5.478886 6.64082 -45.05705
v -5.478886 6.423292 -44.72497
v -5.212251 6.423292 -44.72497
v -5.478886 6.374511 -44.35109
v -5.212251 6.64082 -45.05705
v -5.212251 6.374511 -44.35109
v -5.478886 6.457993 -43.99229
v -5.212251 6.457993 -43.99229
v -5.478886 6.644062 -43.68244
v -5.212251 6.644062 -43.68244
v -5.478886 6.907128 -43.456
v -5.212251 6.907128 -43.456
v -5.212251 10.80827 -46.48154
v -5.478886 10.80827 -46.48154
v -5.478886 10.54677 -46.44889
v -5.212251 10.54677 -46.44889
v -5.478886 10.36005 -46.40321
v -5.212251 10.36005 -46.40321
v -5.212251 11.07281 -46.34616
v -5.478886 11.07281 -46.34616
v -5.478886 10.93966 -44.89849
v -5.212251 10.93966 -44.89849
v -5.212251 10.97931 -44.98046
v -5.478886 10.97931 -44.98046
v -5.212251 10.99167 -45.11224
v -5.478886 10.99167 -45.11224
v -5.212251 10.97273 -45.2971
v -5.478886 10.97273 -45.2971
v -5.478886 10.87584 -45.73649
v -5.212251 10.87584 -45.73649
v -5.212251 10.81471 -45.91322
v -5.478886 10.81471 -45.91322
v -5.212251 10.761 -46.00551
v -5.478886 10.761 -46.00551
v -5.478886 10.7346 -46.0256
v -5.212251 10.7346 -46.0256
v -5.478886 8.02454 -43.76159
v -5.212251 8.02454 -43.76159
v -5.212251 10.83516 -44.82621
v -5.478886 10.83516 -44.82621
v -5.212251 10.93966 -44.89849
v -5.478886 7.805534 -43.71922
v -5.212251 7.805534 -43.71922
v -5.478886 7.575346 -43.71726
v -5.478886 10.93966 -44.89849
v -5.212251 7.575346 -43.71726
v -5.212251 7.351123 -43.75914
v -5.478886 7.351123 -43.75914
v -5.478886 7.154216 -43.84616
v -5.212251 7.154216 -43.84616
v -5.478886 7.040771 -46.30243
v -5.478886 7.181493 -45.89793
v -5.212251 7.181493 -45.89793
v -5.478886 7.31742 -45.60615
v -5.212251 7.040771 -46.30243
v -5.478886 7.247845 -46.63517
v -5.212251 7.247845 -46.63517
v -5.212251 7.31742 -45.60615
v -5.478886 7.319587 -45.42978
v -5.212251 7.319587 -45.42978
v -5.212251 9.519766 -46.88219
v -5.212251 9.126144 -46.79158
v -5.478886 9.126144 -46.79158
v -5.478886 7.989608 -46.39857
v -5.212251 7.52386 -46.26489
v -5.478886 7.52386 -46.26489
v -5.478886 9.519766 -46.88219
v -5.212251 7.5004 -46.25743
v -5.478886 7.5004 -46.25743
v -5.478886 9.738042 -46.85726
v -5.212251 9.738042 -46.85726
v -5.478886 7.773077 -45.68139
v -5.212251 7.773077 -45.68139
v -5.212251 7.712845 -45.18767
v -5.478886 7.712845 -45.18767
v -5.478886 7.605596 -46.08074
v -5.212251 7.605596 -46.08074
v -5.212251 7.5004 -46.25743
v -5.478886 7.5004 -46.25743
v -5.212251 11.29202 -44.59996
v -5.478886 11.29202 -44.59996
v -5.478886 11.42137 -44.8468
v -5.212251 11.42137 -44.8468
v -5.478886 11.45348 -45.1086
v -5.212251 11.45348 -45.1086
v -5.478886 11.42966 -45.36422
v -5.212251 11.42966 -45.36422
v -5.478886 11.31844 -45.86835
v -5.212251 11.31844 -45.86835
v -5.478886 11.22859 -46.11813
v -5.212251 11.22859 -46.11813
v -5.478886 11.07281 -46.34616
v -5.212251 11.07281 -46.34616
v -5.212251 9.008824 -47.23824
v -5.478886 9.008824 -47.23824
v -5.478886 7.247845 -46.63517
v -5.212251 7.247845 -46.63517
v -5.212251 9.513973 -47.34398
v -5.478886 9.513973 -47.34398
v -5.478886 10.00807 -47.23191
v -5.212251 10.00807 -47.23191
v -5.478886 9.899921 -46.34465
v -5.212251 9.899921 -46.34465
v -5.212251 9.814906 -46.68074
v -5.212251 10.14465 -45.9947
v -5.478886 9.814906 -46.68074
v -5.212251 9.738042 -46.85726
v -5.478886 10.14465 -45.9947
v -5.478886 9.738042 -46.85726
v -5.212251 7.212741 -44.8499
v -5.212251 6.95401 -44.71766
v -5.478886 6.95401 -44.71766
v -5.478886 7.212741 -44.8499
v -5.478886 7.712845 -45.18767
v -5.212251 7.712845 -45.18767
v -5.478886 6.885912 -44.16599
v -5.212251 6.885912 -44.16599
v -5.212251 6.997016 -43.98029
v -5.212251 6.835674 -44.37585
v -5.478886 6.997016 -43.98029
v -5.478886 6.835674 -44.37585
v -5.478886 6.857062 -44.56648
v -5.212251 6.857062 -44.56648
v -5.478886 6.95401 -44.71766
v -5.212251 6.95401 -44.71766
v -5.478886 7.154216 -43.84616
v -5.212251 7.154216 -43.84616
v -5.212251 7.319587 -45.42978
v -5.478886 7.319587 -45.42978
v -5.478886 6.64082 -45.05705
v -5.212251 6.64082 -45.05705
v -5.212251 10.60079 -45.99022
v -5.212251 10.14465 -45.9947
v -5.478886 10.14465 -45.9947
v -5.478886 10.60079 -45.99022
v -5.478886 10.7346 -46.0256
v -5.212251 10.7346 -46.0256
v -5.478886 10.24392 -46.8517
v -5.478886 10.00807 -47.23191
v -5.212251 10.00807 -47.23191
v -5.212251 10.24392 -46.8517
v -5.478886 10.32681 -46.52088
v -5.212251 10.32681 -46.52088
v -5.212251 10.36005 -46.40321
v -5.478886 10.36005 -46.40321
v 0.1448077 2.054086 -36.34406
v 0.3201153 2.059745 -35.52643
v 0.3201153 2.958918 -35.97025
v 0.3201153 2.898628 -28.8614
v 0.1448077 1.335764 -36.05249
v 0.3201153 3.522745 -28.83019
v 0.1448077 2.890917 -27.9527
v 0.1448077 2.111921 -27.99165
v 0.1448077 2.9659 -36.79413
v -0.3341376 2.049942 -36.9426
v -0.3341376 1.331621 -36.65104
v -0.3341376 0.8712822 -36.57588
v 0.3201153 3.584704 -36.13575
v 0.3201153 5.816994 -36.21406
v 0.1448077 3.591687 -36.95962
v -0.3341376 2.971022 -37.39725
v 0.3201153 2.10561 -28.90105
v 0.1448077 1.389551 -28.28334
v 0.3201153 6.06015 -28.7033
v -0.3341376 2.116524 -27.32593
v -0.3341376 2.885277 -27.28747
v -0.3341376 1.394174 -27.61762
v 0.1448077 3.515034 -27.92148
v 0.1448077 6.089614 -27.79273
v -0.3341376 3.509395 -27.25626
v -0.3341376 6.111194 -27.12616
v 0.3201153 1.38326 -29.19276
v 0.1448077 0.9242639 -28.92363
v 0.3201153 0.9179721 -29.83305
v 0.1448077 0.4745909 -30.33014
v 0.3201153 1.341423 -35.23486
v 0.3201153 0.4096777 -31.42288
v 0.1448077 -10.94128 -33.76035
v 0.3201153 0.8810843 -35.1597
v 0.3201153 0.1759598 -35.35728
v 0.3201153 -10.72816 -34.76953
v 0.3201153 -10.00188 -38.20901
v 0.3201153 -11.88689 -34.8139
v 0.3201153 -12.30572 -36.62209
v 0.3201153 -12.25914 -35.11541
v 0.1448077 -13.05617 -36.7831
v 0.1448077 -13.05997 -34.25824
v 0.1448077 -13.22588 -34.8251
v -0.3341376 -13.78671 -34.81064
v -0.3341376 -13.60553 -36.90098
v 0.3201153 -11.71569 -38.31021
v 0.1448077 -12.3714 -38.74225
v -0.3341376 -12.85142 -39.05852
v 0.3201153 -11.4184 -38.58268
v 0.1448077 -11.60451 -39.44514
v 0.1448077 -9.839191 -38.97947
v 0.1448077 0.1266803 -36.18713
v -0.3341376 -11.74074 -40.0765
v -0.3341376 -9.720088 -39.54348
v -0.3341376 0.09057913 -36.79462
v -0.3341376 -13.64637 -33.6273
v 0.1448077 -12.5178 -33.82072
v 0.1448077 0.8754256 -35.97733
v -0.3341376 -11.09729 -33.02156
v -0.3341376 -12.97967 -33.09364
v -0.3341376 0.5221056 -29.5302
v -3.859146 2.048427 -37.16169
v -0.9884096 2.048427 -37.16169
v -0.9884096 2.972883 -37.618
v -3.859146 2.972883 -37.618
v -0.9884096 3.598669 -37.7835
v -0.3341376 2.971022 -37.39725
v -0.3341376 2.049942 -36.9426
v -0.9884096 1.330105 -36.87012
v -3.859146 1.330105 -36.87012
v -3.859146 0.8697667 -36.79496
v -0.3341376 3.596789 -37.56273
v -0.3341376 5.770861 -37.639
v -4.513399 2.971022 -37.39725
v -4.513399 2.049942 -36.9426
v -4.513399 1.331621 -36.65104
v -4.513399 0.8712822 -36.57588
v -0.9884096 5.763725 -37.85945
v -3.859146 3.598669 -37.7835
v -4.513399 3.596789 -37.56273
v -4.513399 5.770861 -37.639
v -3.859146 5.763725 -37.85945
v -4.513399 0.09057913 -36.79462
v -3.859146 0.07738166 -37.01697
v -0.9884096 0.8697667 -36.79496
v -0.9884096 0.07738166 -37.01697
v -0.3341376 0.09057913 -36.79462
v -3.859146 -9.676485 -39.74992
v -0.9884096 -9.676485 -39.74992
v -0.3341376 -9.720088 -39.54348
v -4.513399 -9.720088 -39.54348
v -3.859146 -11.79061 -40.30761
v -0.9884096 -11.79061 -40.30761
v -0.3341376 -11.74074 -40.0765
v -0.9884096 -13.02713 -39.17428
v -3.859146 -13.02713 -39.17428
v -4.513399 -11.74074 -40.0765
v -0.3341376 0.8712822 -36.57588
v -0.3341376 -12.85142 -39.05852
v -4.513399 -12.85142 -39.05852
v -0.3341376 1.331621 -36.65104
v -4.992344 2.9659 -36.79413
v -4.992344 2.054086 -36.34406
v -4.513399 2.049942 -36.9426
v -4.513399 2.971022 -37.39725
v -5.167652 2.958918 -35.97025
v -5.167652 2.059745 -35.52643
v -5.167652 2.898628 -28.8614
v -5.167652 2.10561 -28.90105
v -4.992344 2.111921 -27.99165
v -4.992344 2.890917 -27.9527
v -4.513399 2.116524 -27.32593
v -4.513399 2.885277 -27.28747
v -4.992344 1.389551 -28.28334
v -5.167652 1.38326 -29.19276
v -4.513399 1.394174 -27.61762
v -5.167652 1.341423 -35.23486
v -4.992344 1.335764 -36.05249
v -4.513399 1.331621 -36.65104
v -4.992344 0.9242639 -28.92363
v -5.167652 0.9179721 -29.83305
v -4.992344 0.4745909 -30.33014
v -5.167652 0.8810843 -35.1597
v -5.167652 0.4096777 -31.42288
v -4.992344 -10.94128 -33.76035
v -4.992344 0.8754256 -35.97733
v -4.513399 0.8712822 -36.57588
v -4.992344 0.1266803 -36.18713
v -4.513399 0.09057913 -36.79462
v -5.167652 0.1759598 -35.35728
v -5.167652 -10.72816 -34.76953
v -5.167652 -11.88689 -34.81392
v -5.167652 -12.30572 -36.62209
v -5.167652 -12.25914 -35.11541
v -4.992344 -13.05617 -36.7831
v -5.167652 -10.00188 -38.20901
v -4.992344 -9.839191 -38.97947
v -4.513399 -9.720088 -39.54348
v -5.167652 -11.71569 -38.31021
v -4.992344 -12.3714 -38.74225
v -5.167652 -11.4184 -38.58268
v -4.992344 -11.60451 -39.44514
v -4.513399 -11.74074 -40.0765
v -4.513399 -12.85142 -39.05852
v -4.513399 -13.60553 -36.90098
v -4.513399 -13.78671 -34.81064
v -4.992344 -13.22588 -34.8251
v -4.992344 -13.05997 -34.25824
v -4.513399 -13.64637 -33.6273
v -4.992344 -12.5178 -33.82072
v -4.513399 -12.97967 -33.09364
v -4.513399 -11.09729 -33.02156
v -4.513399 0.5221056 -29.5302
v -3.859146 -13.80662 -36.94412
v -0.9884096 -13.80662 -36.94412
v -0.9884096 -13.02713 -39.17428
v -0.3341376 -12.85142 -39.05852
v -3.859146 -13.02713 -39.17428
v -4.513399 -12.85142 -39.05852
v -3.859146 -13.99198 -34.80534
v -0.9884096 -13.99198 -34.80534
v -0.3341376 -13.60553 -36.90098
v -4.513399 -13.60553 -36.90098
v -3.859146 -13.861 -33.39636
v -0.9884096 -13.861 -33.39636
v -0.3341376 -13.64637 -33.6273
v -0.3341376 -13.78671 -34.81064
v -4.513399 -13.64637 -33.6273
v -4.513399 -13.78671 -34.81064
v -3.859146 2.883224 -27.04399
v -0.9884096 2.883224 -27.04399
v -0.9884096 2.118212 -27.08226
v -0.3341376 2.885277 -27.28747
v -0.3341376 3.509395 -27.25626
v -3.859146 3.507323 -27.01278
v -4.513399 3.509395 -27.25626
v -3.859146 2.118212 -27.08226
v -4.513399 2.885277 -27.28747
v -0.3341376 2.116524 -27.32593
v -0.9884096 1.395862 -27.37394
v -3.859146 1.395862 -27.37394
v -4.513399 2.116524 -27.32593
v -4.513399 1.394174 -27.61762
v -4.513399 6.111194 -27.12616
v -3.859146 6.119098 -26.88218
v -0.9884096 3.507323 -27.01278
v -0.9884096 6.119098 -26.88218
v -0.3341376 6.111194 -27.12616
v -0.3341376 1.394174 -27.61762
v -3.859146 0.539504 -29.23741
v -0.9884096 0.539504 -29.23741
v -0.9884096 -11.15437 -32.75114
v -0.3341376 0.5221056 -29.5302
v -3.859146 -11.15437 -32.75114
v -0.9884096 -13.14872 -32.82751
v -4.513399 0.5221056 -29.5302
v -0.3341376 -12.97967 -33.09364
v -0.3341376 -11.09729 -33.02156
v -3.859146 -13.14872 -32.82751
v -0.9884096 -13.861 -33.39636
v -0.3341376 -13.64637 -33.6273
v -4.513399 -12.97967 -33.09364
v -4.513399 -11.09729 -33.02156
v -3.859146 -13.861 -33.39636
v -4.513399 -13.64637 -33.6273
v -4.513399 0.9288868 -28.25791
v -3.859146 0.9305748 -28.01423
v -3.859146 0.539504 -29.23741
v -4.513399 1.394174 -27.61762
v -4.513399 0.5221056 -29.5302
v -4.992344 0.9242639 -28.92363
v -4.992344 1.389551 -28.28334
v -0.9884096 0.9305748 -28.01423
v -0.9884096 0.539504 -29.23741
v -0.3341376 0.9288868 -28.25791
v -3.859146 1.395862 -27.37394
v -0.3341376 0.5221056 -29.5302
v 0.1448077 0.9242639 -28.92363
v 0.1448077 0.4745909 -30.33014
v -4.992344 0.4745909 -30.33014
v -0.3341376 1.394174 -27.61762
v -0.9884096 1.395862 -27.37394
v 0.1448077 1.389551 -28.28334
v -0.3341376 3.596789 -37.56273
v 0.1448077 5.79035 -37.03675
v -0.3341376 5.770861 -37.639
v -4.992344 6.089614 -27.79273
v -4.513399 6.111194 -27.12616
v -4.513399 3.509395 -27.25626
v -4.992344 3.515034 -27.92148
v -5.167652 6.06015 -28.7033
v -5.167652 3.522745 -28.83019
v -5.167652 5.816994 -36.21406
v -5.167652 3.584704 -36.13575
v -4.992344 3.591687 -36.95962
v -4.992344 5.79035 -37.03675
v -4.513399 3.596789 -37.56273
v -4.513399 5.770861 -37.639
v 0.3201153 6.06015 -28.7033
v 0.1448077 6.089614 -27.79273
v -0.9884096 6.119098 -26.88218
v -3.859146 6.119098 -26.88218
v -5.167652 6.06015 -28.7033
v -5.167652 5.816994 -36.21406
v 0.3201153 5.816994 -36.21406
v -0.9884096 5.763725 -37.85945
v 0.1448077 5.79035 -37.03675
v -0.3341376 5.770861 -37.639
v -3.859146 5.763725 -37.85945
v -4.992344 5.79035 -37.03675
v -4.513399 5.770861 -37.639
v -4.992344 6.089614 -27.79273
v -4.513399 6.111194 -27.12616
v -0.3341376 6.111194 -27.12616
v 0.2332767 -18.3965 -3.149169
v 0.3111571 -20.53006 -2.841196
v 0.3111571 -14.83284 11.46973
v 0.2332767 -13.22965 10.40074
v 0.3111571 -16.41437 -3.854236
v 0.3111571 -11.47504 9.728797
v 0.3111571 5.42882 3.899334
v 0.3111571 4.307169 -10.23009
v 0.3111571 10.38721 3.108023
v 0.3111571 9.783772 -11.60568
v -5.080832 -18.3965 -3.149169
v -5.080832 -13.22965 10.40074
v -5.158694 -14.83284 11.46973
v -5.158694 -20.53006 -2.841196
v -5.158694 -16.41437 -3.854236
v -5.158694 -11.47504 9.728797
v -5.158694 5.42882 3.899334
v -5.158694 4.307169 -10.23009
v -5.158694 10.38721 3.108023
v -5.158694 9.783772 -11.60568
v -5.158694 5.42882 3.899334
v 0.3111571 5.42882 3.899334
v 0.3111571 -11.47504 9.728797
v -5.158694 -11.47504 9.728797
v 0.2332767 -13.22965 10.40074
v -5.158694 10.38721 3.108023
v 0.3111571 10.38721 3.108023
v -5.080832 -13.22965 10.40074
v 0.3111571 -14.83284 11.46973
v -5.158694 -14.83284 11.46973
v -5.158694 -14.83284 11.46973
v 0.3111571 -14.83284 11.46973
v 0.3111571 -20.53006 -2.841196
v -5.158694 -20.53006 -2.841196
v -5.080832 -18.3965 -3.149169
v 0.2332767 -18.3965 -3.149169
v 0.3111571 -16.41437 -3.854236
v -5.158694 -16.41437 -3.854236
v 0.3111571 4.307169 -10.23009
v -5.158694 4.307169 -10.23009
v 0.3111571 9.783772 -11.60568
v -5.158694 9.783772 -11.60568
v -5.158694 -20.53006 -2.841196
v 0.3111571 -20.53006 -2.841196
v -0.2194846 -16.26929 -3.329867
v -0.2110252 -11.69388 9.218584
v -0.2432324 -14.55732 10.73058
v -0.2509245 -19.81743 -2.474448
v -0.2087617 5.29324 3.357413
v -0.2198874 4.45332 -9.706717
v -0.225949 10.30256 2.57763
v -0.225949 9.914617 -11.08474
v -4.628052 -16.26929 -3.329867
v -4.596612 -19.81743 -2.474448
v -4.604323 -14.55732 10.73058
v -4.636511 -11.69388 9.218584
v -4.638775 5.29324 3.357413
v -4.627649 4.45332 -9.706717
v -4.621587 10.30256 2.57763
v -4.621587 9.914617 -11.08474
v -0.2110252 -11.69388 9.218584
v -0.2087617 5.29324 3.357413
v -4.638775 5.29324 3.357413
v -4.636511 -11.69388 9.218584
v -0.2432324 -14.55732 10.73058
v -4.621587 10.30256 2.57763
v -0.225949 10.30256 2.57763
v -4.604323 -14.55732 10.73058
v -0.2509245 -19.81743 -2.474448
v -0.2432324 -14.55732 10.73058
v -4.604323 -14.55732 10.73058
v -4.596612 -19.81743 -2.474448
v -0.2194846 -16.26929 -3.329867
v -0.2509245 -19.81743 -2.474448
v -4.596612 -19.81743 -2.474448
v -4.628052 -16.26929 -3.329867
v -0.2198874 4.45332 -9.706717
v -4.627649 4.45332 -9.706717
v -0.225949 9.914617 -11.08474
v -4.621587 9.914617 -11.08474
v 0.3111571 9.783772 -11.60568
v 0.3111571 10.38721 3.108023
v -0.225949 10.30256 2.57763
v -0.225949 9.914617 -11.08474
v -5.158694 9.783772 -11.60568
v -4.621587 10.30256 2.57763
v -5.158694 10.38721 3.108023
v -4.621587 9.914617 -11.08474
v -4.868695 6.578726 42.68477
v -4.397748 6.32337 42.53131
v -4.397748 6.589161 42.68477
v -5.246453 6.252664 42.53131
v -5.327172 6.50591 42.68477
v -5.56981 6.090285 42.53131
v -5.744254 6.290818 42.68477
v -6.032834 5.875577 42.68477
v -5.785823 5.777421 42.53131
v -6.12913 5.28971 42.68477
v -5.898999 4.187759 42.53131
v -6.164003 4.167368 42.68477
v -5.830518 3.813934 42.53131
v -6.067669 3.69389 42.68477
v -5.605719 3.575535 42.53131
v -5.732764 3.342047 42.68477
v -5.174346 3.227087 42.68477
v -5.150215 3.491785 42.53131
v 0.2995901 3.491785 42.53131
v 0.3408706 3.229217 42.68477
v 0.8082489 3.655775 42.53131
v 0.9780127 3.451253 42.68477
v 1.290187 3.999082 42.68477
v 1.035176 4.074046 42.53131
v 1.343072 4.636377 42.68477
v 1.077262 4.636109 42.53131
v 1.257807 5.786839 42.68477
v 0.9946438 5.749568 42.53131
v 0.9213672 6.092549 42.53131
v 1.147719 6.23189 42.68477
v 0.8098218 6.512547 42.68477
v 0.7005015 6.270274 42.53131
v 0.3531857 6.598695 42.68477
v 0.3304354 6.333863 42.53131
v -0.8637818 6.589161 42.68477
v -0.8637818 6.32337 42.53131
v -4.397748 6.32337 43.14515
v -5.246453 6.252664 43.14515
v -4.868695 6.578726 42.99169
v -5.327172 6.50591 42.99169
v -4.397748 6.589161 42.99169
v -5.56981 6.090285 43.14515
v -5.744254 6.290818 42.99169
v -6.032834 5.875577 42.99169
v -5.785823 5.777421 43.14515
v -6.12913 5.28971 42.99169
v -5.898999 4.187759 43.14515
v -6.164003 4.167368 42.99169
v -5.830518 3.813934 43.14515
v -6.067669 3.69389 42.99169
v -5.605719 3.575535 43.14515
v -5.732764 3.342047 42.99169
v -5.174346 3.227087 42.99169
v -5.150215 3.491785 43.14515
v 0.2995901 3.491785 43.14515
v 0.3408706 3.229217 42.99169
v 0.8082489 3.655775 43.14515
v 0.9780127 3.451253 42.99169
v 1.290187 3.999082 42.99169
v 1.035176 4.074046 43.14515
v 1.343072 4.636377 42.99169
v 1.077262 4.636109 43.14515
v 1.257807 5.786839 42.99169
v 1.343072 4.636377 42.68477
v 1.257807 5.786839 42.68477
v 1.147719 6.23189 42.99169
v 0.9213672 6.092549 43.14515
v 0.8098218 6.512547 42.99169
v 0.7005015 6.270274 43.14515
v 0.9946438 5.749568 43.14515
v 0.3531857 6.598695 42.99169
v 0.3304354 6.333863 43.14515
v -0.8637818 6.589161 42.99169
v -0.8637818 6.32337 43.14515
v 1.147719 6.23189 42.68477
v 1.290187 3.999082 42.68477
v -4.397748 6.32337 42.53131
v -4.822829 6.049101 42.68477
v -4.397748 6.05758 42.68477
v -5.246453 6.252664 42.53131
v -5.165733 5.999418 42.68477
v -5.395365 5.889734 42.68477
v -5.56981 6.090285 42.53131
v -5.785823 5.777421 42.53131
v -5.538831 5.679245 42.68477
v -5.599888 5.239778 42.68477
v -5.898999 4.187759 42.53131
v -5.633975 4.208169 42.68477
v -5.599888 5.239778 42.99169
v -5.593366 3.933976 42.68477
v -5.830518 3.813934 42.53131
v -5.478694 3.809004 42.68477
v -5.605719 3.575535 42.53131
v -5.150215 3.491785 42.53131
v -5.126084 3.756482 42.68477
v 0.2583097 3.754372 42.68477
v 0.2995901 3.491785 42.53131
v 0.6384849 3.860297 42.68477
v 0.8082489 3.655775 42.53131
v 1.035176 4.074046 42.53131
v 0.7801659 4.149011 42.68477
v 1.077262 4.636109 42.53131
v 0.8114715 4.63584 42.68477
v 0.9946438 5.749568 42.53131
v 0.6950346 5.953208 42.68477
v 0.9213672 6.092549 42.53131
v 0.7005015 6.270274 42.53131
v 0.5911813 6.028 42.68477
v 0.3304354 6.333863 42.53131
v 0.3076659 6.069051 42.68477
v -0.8637818 6.32337 42.53131
v -0.8637818 6.05758 42.68477
v -6.164003 4.167368 42.68477
v -6.164003 4.167368 42.99169
v -6.067669 3.69389 42.99169
v -6.067669 3.69389 42.68477
v -5.732764 3.342047 42.99169
v -6.12913 5.28971 42.99169
v -6.12913 5.28971 42.68477
v -5.732764 3.342047 42.68477
v -6.032834 5.875577 42.68477
v -6.032834 5.875577 42.99169
v -5.744254 6.290818 42.68477
v -5.744254 6.290818 42.99169
v -5.126084 3.756482 42.99169
v -5.126084 3.756482 42.68477
v 0.2583097 3.754372 42.68477
v -5.478694 3.809004 42.68477
v 0.2583097 3.754372 42.99169
v 0.6384849 3.860297 42.68477
v 0.6384849 3.860297 42.99169
v -5.478694 3.809004 42.99169
v -5.593366 3.933976 42.99169
v -5.593366 3.933976 42.68477
v -5.246453 6.252664 43.14515
v -4.822829 6.049101 42.99169
v -5.165733 5.999418 42.99169
v -4.397748 6.32337 43.14515
v -4.397748 6.05758 42.99169
v -5.395365 5.889734 42.99169
v -5.56981 6.090285 43.14515
v -5.785823 5.777421 43.14515
v -5.538831 5.679245 42.99169
v -5.599888 5.239778 42.99169
v -5.898999 4.187759 43.14515
v -5.633975 4.208169 42.99169
v -5.593366 3.933976 42.99169
v -5.830518 3.813934 43.14515
v -5.593366 3.933976 42.68477
v -5.633975 4.208169 42.68477
v -5.478694 3.809004 42.99169
v -5.605719 3.575535 43.14515
v -5.150215 3.491785 43.14515
v -5.126084 3.756482 42.99169
v 0.2583097 3.754372 42.99169
v 0.2995901 3.491785 43.14515
v 0.6384849 3.860297 42.99169
v 0.8082489 3.655775 43.14515
v 1.035176 4.074046 43.14515
v 0.7801659 4.149011 42.99169
v 1.077262 4.636109 43.14515
v 0.8114715 4.63584 42.99169
v 0.9946438 5.749568 43.14515
v 0.6950346 5.953208 42.99169
v 0.9213672 6.092549 43.14515
v 0.7005015 6.270274 43.14515
v 0.5911813 6.028 42.99169
v 0.3304354 6.333863 43.14515
v 0.3076659 6.069051 42.99169
v -0.8637818 6.32337 43.14515
v -0.8637818 6.05758 42.99169
v 0.3408706 3.229217 42.68477
v 0.3408706 3.229217 42.99169
v 0.9780127 3.451253 42.99169
v 0.9780127 3.451253 42.68477
v 1.290187 3.999082 42.68477
v 1.290187 3.999082 42.99169
v -5.174346 3.227087 42.68477
v -5.174346 3.227087 42.99169
v -5.732764 3.342047 42.68477
v -5.732764 3.342047 42.99169
v 0.3531857 6.598695 42.68477
v 0.3531857 6.598695 42.99169
v -0.8637818 6.589161 42.99169
v -0.8637818 6.589161 42.68477
v 0.8098218 6.512547 42.68477
v 0.8098218 6.512547 42.99169
v 1.147719 6.23189 42.99169
v 1.147719 6.23189 42.68477
v -5.165733 5.999418 42.99169
v -5.165733 5.999418 42.68477
v -5.395365 5.889734 42.68477
v -4.822829 6.049101 42.68477
v -5.395365 5.889734 42.99169
v -5.538831 5.679245 42.68477
v -5.538831 5.679245 42.99169
v -4.822829 6.049101 42.99169
v -4.397748 6.05758 42.99169
v -4.397748 6.05758 42.68477
v -4.868695 6.578726 42.68477
v -4.868695 6.578726 42.99169
v -5.327172 6.50591 42.99169
v -4.397748 6.589161 42.99169
v -5.327172 6.50591 42.68477
v -4.397748 6.589161 42.68477
v -5.744254 6.290818 42.68477
v -5.744254 6.290818 42.99169
v 0.7801659 4.149011 42.68477
v 0.8114715 4.63584 42.68477
v 0.8114715 4.63584 42.99169
v 0.6950346 5.953208 42.99169
v 0.7801659 4.149011 42.99169
v 0.6384849 3.860297 42.68477
v 0.6950346 5.953208 42.68477
v 0.6384849 3.860297 42.99169
v 0.3076659 6.069051 42.68477
v -0.8637818 6.05758 42.68477
v -0.8637818 6.05758 42.99169
v 0.3076659 6.069051 42.99169
v 0.5911813 6.028 42.68477
v 0.5911813 6.028 42.99169
v 0.6950346 5.953208 42.68477
v 0.6950346 5.953208 42.99169
v -0.6669324 6.295767 8.554433
v -0.6669324 6.964292 7.881227
v -4.180624 6.964292 7.881227
v -4.180624 6.295767 8.554433
v -4.180624 5.856414 9.659452
v -5.62001 6.246104 9.814388
v -4.180624 6.753688 45.46257
v -0.6669324 6.753688 45.46257
v -0.6669324 5.856414 9.659452
v 0.7724545 6.246104 9.814388
v -0.6669324 7.481294 48.61715
v 0.7724545 7.149095 45.84562
v 0.7724545 6.685456 8.709369
v 0.7724738 7.523227 7.865747
v 0.7724738 7.69232 48.82924
v 1.826161 8.22935 46.89219
v 1.826161 8.268846 49.40871
v -5.62001 6.685456 8.709369
v -5.62001 7.523227 7.865729
v -5.62001 7.149095 45.84562
v -4.180624 7.481294 48.61715
v -6.673717 7.310744 10.23769
v -5.62001 7.69232 48.82924
v -6.673717 8.22935 46.89219
v -6.673717 8.268846 49.40871
v -5.346891 14.334 43.1354
v -5.096274 14.14122 49.54242
v -5.424829 14.66317 49.54242
v -5.369105 13.62897 43.1354
v -5.424829 14.98783 43.1354
v -5.823305 15.68841 49.54242
v -5.823305 15.68839 43.1354
v -4.906599 13.48844 49.54242
v -5.861421 11.54728 43.1354
v -5.096409 11.30305 49.54242
v -5.599236 10.56877 43.1354
v -4.889546 10.531 49.54242
v -5.424829 14.66317 49.54242
v -6.353908 15.68841 49.54242
v -5.823305 15.68841 49.54242
v -6.928247 14.38307 49.54242
v -5.096274 14.14122 49.54242
v -7.059397 13.77265 49.54242
v -4.906599 13.48844 49.54242
v -5.096409 11.30305 49.54242
v -7.059397 9.373922 49.54242
v -4.889546 10.531 49.54242
v -4.324357 9.965814 49.54242
v -3.552305 9.758952 49.54242
v 2.211861 9.373922 49.54242
v -0.9184515 9.758952 49.54242
v -0.1463998 9.965814 49.54242
v 0.4187894 10.531 49.54242
v 0.6256711 11.30305 49.54242
v 2.211861 13.77265 49.54242
v 0.2889056 13.49176 49.54241
v 0.461777 14.14661 49.54241
v -4.180624 7.481294 48.61715
v -5.62001 7.69232 48.82924
v -0.6669324 7.481294 48.61715
v 0.7724738 7.69232 48.82924
v 1.826161 8.268846 49.40871
v 2.080711 14.38307 49.54242
v 0.7869373 14.66317 49.54242
v 1.506353 15.68841 49.54242
v 1.185413 15.68841 49.54242
v -6.673717 8.268846 49.40871
v -5.62001 7.523227 7.865729
v -6.673717 9.050277 7.823392
v -6.673717 7.750097 9.132666
v -5.62001 6.685456 8.709369
v -7.059397 9.204447 9.71088
v -7.059397 11.13626 7.765558
v -7.059397 13.77265 7.692473
v -7.059397 8.765094 10.81592
v -6.673717 7.310744 10.23769
v -6.673717 8.22935 46.89219
v -5.62001 6.246104 9.814388
v -7.059397 13.77265 49.54242
v -7.059397 9.705029 48.32181
v -6.673717 8.268846 49.40871
v -6.928247 14.38307 49.54242
v -7.059397 9.373922 49.54242
v -6.928247 14.38307 7.683803
v -6.353908 15.68841 7.683803
v -6.353908 15.68841 49.54242
v -7.059397 11.13626 7.765558
v -4.180624 6.964292 7.881227
v 2.211861 11.13626 7.765558
v -0.6669324 6.964292 7.881227
v 1.826161 9.050277 7.823392
v 0.7724738 7.523227 7.865747
v -6.673717 9.050277 7.823392
v -5.62001 7.523227 7.865729
v -7.059397 13.77265 7.692473
v 2.211861 13.77265 7.692455
v 2.080711 14.38307 7.683803
v -6.928247 14.38307 7.683803
v 1.506353 15.68841 7.683803
v -6.353908 15.68841 7.683803
v 1.826161 7.750097 9.132666
v 1.826161 9.050277 7.823392
v 0.7724738 7.523227 7.865747
v 0.7724545 6.685456 8.709369
v 0.7724545 6.246104 9.814388
v 1.826161 7.310744 10.23769
v 0.7724545 7.149095 45.84562
v 1.826161 8.22935 46.89219
v 2.211861 8.765094 10.81592
v 2.211861 9.204428 9.710899
v 2.211861 11.13626 7.765558
v 2.211861 9.705029 48.32181
v 1.826161 8.268846 49.40871
v 2.211861 13.77265 49.54242
v 2.211861 9.373922 49.54242
v 2.211861 13.77265 7.692455
v 2.080711 14.38307 49.54242
v 2.080711 14.38307 7.683803
v 1.506353 15.68841 49.54242
v 1.506353 15.68841 7.683803
v -5.823305 15.68839 43.1354
v 1.506353 15.68841 7.683803
v 1.185413 15.68839 43.1354
v 1.506353 15.68841 49.54242
v 1.185413 15.68841 49.54242
v -6.353908 15.68841 7.683803
v -6.353908 15.68841 49.54242
v -5.823305 15.68841 49.54242
v -3.726749 12.57226 79.83407
v -4.232934 11.35022 79.83407
v -4.232934 11.35024 84.71284
v -3.726749 12.57226 84.71284
v -3.726749 10.12821 84.71284
v -3.726749 10.12821 79.83407
v -2.504718 13.07842 79.83407
v -3.726749 12.57226 79.83407
v -3.726749 12.57226 84.71284
v -2.504718 13.07844 84.71284
v -1.282705 12.57226 79.83407
v -1.282705 12.57226 84.71284
v -3.993212 12.8387 79.83407
v -3.993212 12.83872 84.71284
v -4.609752 11.35024 84.71284
v -4.609752 11.35022 79.83407
v -3.993212 9.86175 84.71284
v -3.993212 9.86175 79.83407
v -1.016243 12.8387 79.83407
v -0.3997029 11.35022 79.83407
v -0.3997029 11.35024 84.71284
v -1.016243 12.83872 84.71284
v -1.016243 9.86175 84.71284
v -1.016243 9.86175 79.83407
v -2.504718 13.45526 79.83407
v -2.504718 13.45526 84.71284
v -3.993212 12.83872 84.71284
v -3.993212 12.8387 79.83407
v -1.016243 12.8387 79.83407
v -1.016243 12.83872 84.71284
v -2.504718 9.245191 79.83407
v -3.993212 9.86175 79.83407
v -3.993212 9.86175 84.71284
v -2.504718 9.245209 84.71284
v -1.016243 9.86175 84.71284
v -1.016243 9.86175 79.83407
v -3.904416 9.590281 43.1354
v -3.552305 9.758952 49.54242
v -4.324357 9.965814 49.54242
v -4.882927 9.852465 43.1354
v -4.889546 10.531 49.54242
v -5.599236 10.56877 43.1354
v -0.5663209 9.590281 43.1354
v -0.9184515 9.758952 49.54242
v -0.1463998 9.965814 49.54242
v 0.4121714 9.852465 43.1354
v -5.861421 11.54728 43.1354
v -4.882927 9.852465 43.1354
v -5.599236 10.56877 43.1354
v -3.904416 9.590281 43.1354
v -0.5663209 9.590281 43.1354
v 1.390664 11.54728 43.1354
v 0.7512197 13.63212 43.1354
v 1.128479 10.56877 43.1354
v 0.4121714 9.852465 43.1354
v -5.369105 13.62897 43.1354
v 0.7094021 14.33717 43.1354
v -5.346891 14.334 43.1354
v -5.424829 14.98783 43.1354
v 0.7869373 14.98783 43.1354
v 1.185413 15.68839 43.1354
v -5.823305 15.68839 43.1354
v 0.7869373 14.98783 43.1354
v 1.185413 15.68839 43.1354
v 1.185413 15.68841 49.54242
v 0.7869373 14.66317 49.54242
v 0.7094021 14.33717 43.1354
v 0.461777 14.14661 49.54241
v 0.7512197 13.63212 43.1354
v 0.2889056 13.49176 49.54241
v 1.390664 11.54728 43.1354
v 0.6256711 11.30305 49.54242
v 1.128479 10.56877 43.1354
v 0.4187894 10.531 49.54242
v 0.4121714 9.852465 43.1354
v -0.1463998 9.965814 49.54242
v -2.504718 13.07842 79.83407
v -1.282705 12.57226 79.83407
v -1.016243 12.8387 79.83407
v -2.504718 13.45526 79.83407
v -3.993212 12.8387 79.83407
v -0.7765213 11.35022 79.83407
v -0.3997029 11.35022 79.83407
v -1.282705 10.12821 79.83407
v -1.016243 9.86175 79.83407
v -2.504718 9.245191 79.83407
v -2.504718 9.622027 79.83407
v -3.993212 9.86175 79.83407
v -3.726749 10.12821 79.83407
v -4.609752 11.35022 79.83407
v -4.232934 11.35022 79.83407
v -3.726749 12.57226 79.83407
v -2.504718 13.07844 84.71284
v -2.504718 13.45526 84.71284
v -1.016243 12.83872 84.71284
v -1.282705 12.57226 84.71284
v -0.7765213 11.35024 84.71284
v -0.3997029 11.35024 84.71284
v -1.282705 10.12821 84.71284
v -1.016243 9.86175 84.71284
v -2.504718 9.622027 84.71284
v -2.504718 9.245209 84.71284
v -3.993212 9.86175 84.71284
v -3.726749 10.12821 84.71284
v -4.609752 11.35024 84.71284
v -4.232934 11.35024 84.71284
v -3.726749 12.57226 84.71284
v -3.993212 12.83872 84.71284
v -3.726749 10.12821 84.71284
v -3.726749 10.12821 79.83407
v -2.504718 9.622027 79.83407
v -2.504718 9.622027 84.71284
v -1.282705 10.12821 79.83407
v -1.282705 10.12821 84.71284
v -1.282705 10.12821 84.71284
v -1.282705 10.12821 79.83407
v -0.7765213 11.35022 79.83407
v -0.7765213 11.35024 84.71284
v -1.282705 12.57226 79.83407
v -1.282705 12.57226 84.71284
v -4.944849 14.81446 -11.23979
v -4.944849 14.81446 4.24851
v -4.944849 13.32877 4.24851
v -4.909706 15.13953 -11.04739
v -4.944849 13.18859 -11.23979
v -4.909706 15.13953 4.24851
v -4.722295 15.8206 -10.02127
v -4.722295 15.8206 4.24851
v -4.633365 16.12304 -9.73035
v -4.633365 16.12304 4.24851
v -3.959316 18.31304 -8.491553
v -3.959316 18.31304 4.24851
v -4.722295 15.8206 4.24851
v -4.537742 15.76823 4.24851
v -4.718247 15.11229 4.24851
v -4.633365 16.12304 4.24851
v -4.909706 15.13953 4.24851
v -4.944849 14.81446 4.24851
v -4.449522 16.06822 4.24851
v -3.817021 18.12327 4.24851
v -3.959316 18.31304 4.24851
v -3.685392 18.50371 4.24851
v -3.543711 18.31189 4.24851
v -3.138963 18.50371 4.24851
v -3.138963 18.31189 4.24851
v -4.753025 14.78855 4.24851
v -4.944849 13.32877 4.24851
v -4.753025 13.32877 4.24851
v -4.633365 16.12304 -9.73035
v -4.449886 16.06709 -9.726053
v -3.816619 18.12459 -8.495677
v -4.537396 15.76954 -10.02311
v -3.959316 18.31304 -8.491553
v -3.685392 18.50371 -8.383691
v -3.543711 18.31189 -8.383691
v -3.138963 18.50371 -8.383691
v -3.138963 18.31189 -8.383691
v -4.722295 15.8206 -10.02127
v -4.944849 13.18859 -11.23979
v -4.753025 13.18859 -11.23979
v -4.753025 14.78855 -11.23979
v -4.944849 14.81446 -11.23979
v -4.718612 15.111 -11.04559
v -4.909706 15.13953 -11.04739
v -3.138963 18.31189 -8.383691
v -3.543711 18.31189 -8.383691
v -3.543711 18.31189 4.24851
v -3.817021 18.12327 4.24851
v -3.138963 18.31189 4.24851
v -3.816619 18.12459 -8.495677
v -4.537396 15.76954 -10.02311
v -4.718612 15.111 -11.04559
v -4.718247 15.11229 4.24851
v -4.537742 15.76823 4.24851
v -4.449886 16.06709 -9.726053
v -4.449522 16.06822 4.24851
v -3.816619 18.12459 -8.495677
v -3.817021 18.12327 4.24851
v -4.753025 14.78855 4.24851
v -4.753025 14.78855 -11.23979
v -4.753025 13.32877 4.24851
v -4.753025 13.18859 -11.23979
v -4.944849 13.18859 -11.23979
v -4.944849 13.32877 4.24851
v -4.753025 13.32877 4.24851
v -4.753025 13.18859 -11.23979
v -3.138963 18.50371 4.24851
v -3.138963 18.50371 -8.383691
v -3.138963 18.31189 -8.383691
v -3.138963 18.31189 4.24851
v -3.685392 18.50371 4.24851
v -3.685392 18.50371 -8.383691
v -3.138963 18.50371 -8.383691
v -3.959316 18.31304 4.24851
v -3.138963 18.50371 4.24851
v -3.959316 18.31304 -8.491553
v -4.722295 15.8206 -10.02127
v -4.909706 15.13953 -11.04739
v -4.718612 15.111 -11.04559
v -4.537396 15.76954 -10.02311
v -2.705001 18.56943 4.382518
v -4.336192 15.94102 4.382518
v -4.336192 15.94102 -25.15478
v -4.753025 14.45754 4.382518
v -2.705001 18.56943 -25.15478
v -4.753025 14.45754 -25.15478
v -4.753025 12.71965 -25.15478
v -4.753025 12.71965 4.382518
v 1.047491 12.95594 4.45098
v 1.047491 15.71949 4.45098
v 1.047491 15.26893 -38.6456
v 1.047491 12.1142 -41.17631
v 0.8551881 15.67681 -38.31841
v 0.8506035 16.11909 4.45098
v -1.738152 5.833146 -11.97637
v -1.738152 4.842933 -12.71679
v -1.738152 4.842933 -12.32388
v -1.738152 4.842933 -12.11462
v -1.738152 2.843478 -12.43813
v -1.738152 5.833146 -13.76187
v -1.738152 4.842933 -13.24548
v -1.738152 6.823359 -13.66891
v -1.738152 6.823359 -11.76466
v -1.738152 2.843478 -12.83105
v -2.028842 0.8440049 -12.70473
v -2.028842 0.8440049 -13.09764
v -1.117066 20.66898 5.901205
v -0.8853812 19.18311 5.901205
v -0.8853812 19.18311 6.56455
v -1.117066 20.66898 6.56455
v -1.772163 6.119098 -25.73963
v -1.772163 4.810285 -25.16507
v -1.772163 4.91431 -24.37183
v -1.772163 6.423771 -23.41643
v -1.772163 3.808332 -24.45424
v -1.772163 3.631145 -25.08269
v -1.772163 2.642352 -24.25084
v -1.772163 2.359699 -24.82904
v -1.772163 1.339658 -23.74036
v -1.772163 1.072601 -24.1589
v -1.772163 0.2425418 -23.41259
v -1.772163 0.4939843 -23.15371
v -3.109384 5.833146 -11.97637
v -3.109384 4.842933 -12.32388
v -3.109384 4.842933 -12.71679
v -3.109384 4.842933 -12.11462
v -3.109384 5.833146 -13.76187
v -3.109384 6.823359 -13.66891
v -3.109384 4.842933 -13.24548
v -3.109384 6.823359 -11.76466
v -3.109384 2.843478 -12.43813
v -3.109384 2.843478 -12.83105
v -2.818714 0.8440049 -12.70473
v -2.818714 0.8440049 -13.09764
v -3.962156 19.18311 6.56455
v -3.962156 19.18311 5.901205
v -3.730471 20.66898 5.901205
v -3.730471 20.66898 6.56455
v -3.075393 6.119098 -25.73963
v -3.075393 6.423771 -23.41643
v -3.075393 4.91431 -24.37183
v -3.075393 4.810285 -25.16507
v -3.075393 3.808332 -24.45424
v -3.075393 3.631145 -25.08269
v -3.075393 2.642352 -24.25084
v -3.075393 2.359699 -24.82904
v -3.075393 1.339658 -23.74036
v -3.075393 1.072601 -24.1589
v -3.075393 0.2425418 -23.41259
v -3.075393 0.4939843 -23.15371
v -3.075393 4.810285 -25.16507
v -1.772163 4.810285 -25.16507
v -1.772163 6.119098 -25.73963
v -3.075393 6.119098 -25.73963
v -3.075393 3.631145 -25.08269
v -1.772163 3.631145 -25.08269
v -3.075393 2.359699 -24.82904
v -1.772163 2.359699 -24.82904
v -3.075393 1.072601 -24.1589
v -1.772163 1.072601 -24.1589
v -3.075393 0.2425418 -23.41259
v -1.772163 0.2425418 -23.41259
v -2.818714 0.8440049 -12.70473
v -2.028842 0.8440049 -12.70473
v -2.028842 0.8440049 -13.09764
v -2.818714 0.8440049 -13.09764
v -3.075393 0.4939843 -23.15371
v -1.772163 0.4939843 -23.15371
v -1.772163 0.2425418 -23.41259
v -3.075393 0.2425418 -23.41259
v -2.818714 0.8440049 -13.09764
v -2.028842 0.8440049 -13.09764
v -1.738152 2.843478 -12.83105
v -3.109384 2.843478 -12.83105
v -1.738152 4.842933 -12.71679
v -3.109384 4.842933 -12.71679
v 0.8506035 16.11909 4.45098
v -5.698159 16.11909 4.45098
v -5.283321 16.50057 4.45098
v 0.4357849 16.50059 4.45098
v 1.047491 15.71949 4.45098
v -5.895028 15.71949 4.45098
v 1.047491 12.95594 4.45098
v -5.895028 12.95594 4.45098
v -5.086414 16.86932 4.45098
v 0.238878 16.86932 4.45098
v -3.451137 18.97502 4.45098
v -1.396399 18.97502 4.45098
v -0.3070713 18.23696 4.45098
v -0.7481697 18.75884 4.45098
v -4.540465 18.23694 4.45098
v -4.099367 18.75884 4.45098
v -0.8853812 19.18311 6.56455
v -0.8853812 19.18311 5.901205
v -3.962156 19.18311 5.901205
v -3.962156 19.18311 6.56455
v -3.109384 5.833146 -11.97637
v -1.738152 5.833146 -11.97637
v -1.738152 4.842933 -12.11462
v -3.109384 4.842933 -12.11462
v -3.109384 6.823359 -11.76466
v -1.738152 6.823359 -11.76466
v -3.075393 6.119098 -25.73963
v -1.772163 6.119098 -25.73963
v -1.772163 6.423771 -23.41643
v -3.075393 6.423771 -23.41643
v -3.109384 2.843478 -12.43813
v -1.738152 2.843478 -12.43813
v -2.028842 0.8440049 -12.70473
v -2.818714 0.8440049 -12.70473
v -3.109384 4.842933 -12.32388
v -1.738152 4.842933 -12.32388
v -3.075393 1.339658 -23.74036
v -1.772163 1.339658 -23.74036
v -1.772163 0.4939843 -23.15371
v -3.075393 0.4939843 -23.15371
v -3.075393 2.642352 -24.25084
v -1.772163 2.642352 -24.25084
v -3.075393 3.808332 -24.45424
v -1.772163 3.808332 -24.45424
v -3.075393 4.91431 -24.37183
v -1.772163 4.91431 -24.37183
v -3.075393 6.423771 -23.41643
v -1.772163 6.423771 -23.41643
v -5.283321 16.50057 4.45098
v -5.698159 16.11909 4.45098
v -5.698217 16.11275 3.837528
v -5.283245 16.49348 3.715528
v -1.117066 20.66898 5.901205
v -1.117066 20.66898 6.56455
v -1.944152 20.66898 6.56455
v -1.944152 20.66898 5.901205
v -3.109384 5.833146 -13.76187
v -1.738152 5.833146 -13.76187
v -1.738152 6.823359 -13.66891
v -3.109384 6.823359 -13.66891
v -3.109384 4.842933 -13.24548
v -1.738152 4.842933 -13.24548
v -3.109384 4.842933 -12.71679
v -1.738152 4.842933 -12.71679
v -1.738152 4.842933 -13.24548
v -3.109384 4.842933 -13.24548
v -5.895028 12.95594 4.45098
v 1.047491 12.95594 4.45098
v 1.047491 12.1142 -41.17631
v -5.895028 12.1142 -41.17631
v -0.8853812 19.18311 5.901205
v -2.241536 19.87517 5.901205
v -3.962156 19.18311 5.901205
v -2.083089 19.9408 5.901205
v -2.017467 20.09925 5.901205
v -1.117066 20.66898 5.901205
v -1.944152 20.66898 5.901205
v -2.60602 19.87517 5.901205
v -2.764447 19.9408 5.901205
v -2.83007 20.09925 5.901205
v -3.730471 20.66898 5.901205
v -2.903404 20.66898 5.901205
v -3.109384 6.823359 -13.66891
v -1.738152 6.823359 -13.66891
v -1.738152 6.823359 -11.76466
v -3.109384 6.823359 -11.76466
v -1.396399 18.923 -34.19943
v -0.3439014 18.16988 -35.24485
v -0.7589693 18.70242 -34.50562
v -4.503635 18.16988 -35.24485
v -5.086414 16.46745 -37.60806
v 0.238878 16.46745 -37.60806
v -3.451137 18.923 -34.19943
v -4.088586 18.70242 -34.50564
v -3.670488 18.91441 -8.1057
v -3.897262 18.85392 -17.20506
v -3.138963 18.95822 -8.026151
v -1.396399 18.97502 4.45098
v -0.7481697 18.75884 4.45098
v -3.138963 18.95845 -7.852051
v -3.138963 18.97 0.7291024
v -3.451137 18.97502 4.45098
v -3.77436 18.86209 0.8929198
v 0.4311428 16.09017 -37.9868
v -5.278698 16.09017 -37.9868
v -4.098427 18.75393 1.057178
v -4.099367 18.75884 4.45098
v -4.093267 18.7269 -17.60755
v -3.890414 18.87048 -8.185441
v -0.8853812 19.18311 6.56455
v -3.962156 19.18311 6.56455
v -2.60602 19.87517 6.56455
v -2.241536 19.87517 6.56455
v -2.083089 19.9408 6.56455
v -2.017467 20.09925 6.56455
v -1.117066 20.66898 6.56455
v -1.944152 20.66898 6.56455
v -2.764447 19.9408 6.56455
v -2.83007 20.09925 6.56455
v -3.730471 20.66898 6.56455
v -2.903404 20.66898 6.56455
v -3.109384 4.842933 -12.11462
v -1.738152 4.842933 -12.11462
v -1.738152 4.842933 -12.32388
v -3.109384 4.842933 -12.32388
v -2.310477 18.81581 8.576454
v -2.310477 18.81581 45.47423
v -3.632449 18.46159 45.47423
v -3.632449 18.46159 8.576454
v -0.9885055 18.46159 8.576454
v -0.9885055 18.46159 45.47423
v -3.632449 18.46159 8.576454
v -3.632449 18.46159 45.47423
v -4.600218 17.49384 45.47423
v -4.600218 17.49384 8.576454
v -4.95444 16.17184 45.47423
v -4.95444 16.17184 8.576454
v -4.600218 14.84987 45.47423
v -4.600218 14.84987 8.576454
v -4.600218 14.84987 8.576454
v -4.600218 14.84987 45.47423
v -3.632449 13.88212 45.47423
v -3.632449 13.88212 8.576454
v -2.310477 13.52788 45.47423
v -2.310477 13.52788 8.576454
v -0.9885055 13.88212 45.47423
v -0.9885055 13.88212 8.576454
v -0.02073613 14.84987 45.47423
v -0.02073613 14.84987 8.576454
v -0.02073613 14.84987 8.576454
v -0.02073613 14.84987 45.47423
v 0.3334854 16.17184 45.47423
v 0.3334854 16.17184 8.576454
v -0.02073613 17.49382 45.47423
v -0.02073613 17.49382 8.576454
v -0.9885055 18.46159 45.47423
v -0.9885055 18.46159 8.576454
v -0.02073613 17.49382 8.576454
v -4.600218 17.49384 8.576454
v -2.310477 13.52788 8.576454
v -0.9885055 18.46159 8.576454
v -2.310477 18.81581 8.576454
v -3.632449 18.46159 8.576454
v 0.3334854 16.17184 8.576454
v -0.02073613 14.84987 8.576454
v -0.9885055 13.88212 8.576454
v -4.95444 16.17184 8.576454
v -4.600218 14.84987 8.576454
v -3.632449 13.88212 8.576454
v -4.95444 16.17184 45.47423
v -0.9885055 18.46159 45.47423
v -0.9885055 13.88212 45.47423
v -4.600218 17.49384 45.47423
v -3.632449 18.46159 45.47423
v -2.310477 18.81581 45.47423
v -3.632449 13.88212 45.47423
v -4.600218 14.84987 45.47423
v -2.310477 13.52788 45.47423
v 0.3334854 16.17184 45.47423
v -0.02073613 14.84987 45.47423
v -0.02073613 17.49382 45.47423
v -4.540465 18.23694 4.45098
v -4.977094 17.1394 3.508512
v -4.538048 18.23255 1.848777
v -4.099367 18.75884 4.45098
v -5.086414 16.86932 4.45098
v -5.086414 16.86116 3.597691
v -5.283245 16.49348 3.715528
v -5.283321 16.50057 4.45098
v -4.098427 18.75393 1.057178
v -5.895028 12.1142 -41.17631
v 1.047491 12.1142 -41.17631
v 1.047491 15.26893 -38.6456
v -5.895028 15.26893 -38.6456
v -5.702724 15.67681 -38.31841
v 0.8551881 15.67681 -38.31841
v 0.4311428 16.09017 -37.9868
v -5.278698 16.09017 -37.9868
v 0.4311428 16.09017 -37.9868
v 0.8551881 15.67681 -38.31841
v 0.8506035 16.11909 4.45098
v 0.4357849 16.50059 4.45098
v -5.895028 13.34168 -9.320327
v -5.895028 12.1142 -41.17631
v -5.895028 13.22743 -25.06767
v -5.895028 12.95594 4.45098
v -5.895028 13.34168 -8.541428
v -5.895028 13.34168 -8.201285
v -5.895028 13.66703 3.920798
v -5.895028 15.71949 4.45098
v -5.895028 15.71339 3.866647
v -5.895028 15.26893 -38.6456
v -5.895028 14.22838 -24.4964
v -5.895028 14.9491 -23.54426
v -5.895028 15.48874 -17.62002
v -5.702724 15.67681 -38.31841
v -5.895028 14.97922 -17.63519
v -5.7005 15.89098 -17.60805
v -5.729292 16.04971 3.857746
v -5.698159 16.11909 4.45098
v -5.698217 16.11275 3.837528
v -5.278698 16.09017 -37.9868
v -5.683063 15.90786 -17.60755
v -5.280924 16.28727 -17.60755
v -5.086414 16.46745 -37.60806
v -5.22071 15.90786 -17.27687
v -5.086414 16.65854 -17.60755
v -4.503635 18.16988 -35.24485
v -4.138556 18.54365 -17.33984
v -4.519998 18.19969 -17.60755
v -4.239264 18.54346 -17.60755
v -4.093267 18.7269 -17.60755
v -4.088586 18.70242 -34.50564
v -3.897262 18.85392 -17.20506
v -4.138556 18.54365 -8.35227
v -3.890414 18.87048 -8.185441
v -4.154957 18.50371 -8.383691
v -5.22071 15.90786 -9.889832
v -5.547846 15.01183 -11.23979
v -5.530275 14.97922 -17.30451
v -5.204233 15.94799 -9.82937
v 0.238878 16.46745 -37.60806
v 0.4311428 16.09017 -37.9868
v 0.4357849 16.50059 4.45098
v 0.238878 16.86932 4.45098
v -0.3439014 18.16988 -35.24485
v -0.3070713 18.23696 4.45098
v -0.7589693 18.70242 -34.50562
v -0.7481697 18.75884 4.45098
v -4.516967 17.23374 3.802884
v -4.196679 17.09666 4.029102
v -4.077154 17.47059 3.197355
v -3.510392 17.09666 4.029102
v -3.510392 17.49879 3.158721
v -3.138963 17.1394 3.508512
v -3.826843 18.41338 1.905403
v -3.510392 18.50064 1.78584
v -3.77436 18.86209 0.8929198
v -4.516967 17.1394 3.508512
v -3.138963 18.58424 1.314798
v -2.30712 17.1394 3.508512
v -3.138963 18.97 0.7291024
v -4.516967 17.23374 3.802884
v -2.30712 18.58424 1.314798
v -3.138963 18.5078 -7.890607
v -2.30712 17.23374 3.802884
v -3.138963 17.23374 3.802884
v -4.538048 18.23255 1.848777
v -4.977094 17.1394 3.508512
v -4.098427 18.75393 1.057178
v -2.30712 18.5078 -7.890607
v -3.138963 18.50371 -8.383691
v -2.30712 18.50371 -8.383691
v -2.30712 18.45491 -9.01126
v -3.138963 18.45491 -9.01126
v -3.900638 18.50371 -8.383691
v -3.900638 18.45491 -9.01126
v -3.510392 17.09666 4.029102
v -5.205115 13.34168 -8.201285
v -5.205115 13.66703 3.920798
v -5.895028 13.66703 3.920798
v -5.895028 13.34168 -8.201285
v -5.895028 13.34168 -8.541428
v -5.205115 13.34168 -8.541428
v -5.895028 13.34168 -9.320327
v -5.205115 13.34168 -9.320327
v -5.205115 13.22743 -25.06767
v -5.895028 13.22743 -25.06767
v -3.138963 14.78126 -24.27252
v -3.138963 14.9491 -23.54426
v -2.30712 14.9491 -23.54426
v -5.205115 14.9491 -23.54426
v -2.30712 14.78126 -24.27252
v -3.138963 14.43239 -24.72864
v -5.205115 14.78126 -24.27252
v -5.205115 14.43239 -24.72864
v -2.30712 14.43239 -24.72864
v -3.138963 14.9491 -23.54426
v -3.138963 15.85459 -23.54795
v -2.30712 15.85459 -23.54795
v -2.30712 14.9491 -23.54426
v -5.205115 15.85459 -23.54795
v -5.205115 14.9491 -23.54426
v -3.138963 15.88025 -11.44978
v -3.138963 16.48191 -10.35704
v -2.30712 16.48191 -10.35704
v -2.30712 15.88025 -11.44978
v -3.138963 15.85459 -23.54795
v -4.944849 15.88309 -11.43796
v -4.687249 16.49572 -10.34073
v -2.30712 15.85459 -23.54795
v -5.205115 15.85459 -23.54795
v -3.138963 12.78109 -9.319195
v -3.138963 12.81977 -25.33442
v -2.30712 12.81977 -25.33442
v -5.205115 12.78109 -9.319195
v -2.30712 12.78109 -9.319195
v -3.138963 12.78109 -8.541428
v -5.205115 12.78109 -8.541428
v -3.138963 12.78111 -8.197142
v -5.205115 12.78111 -8.197142
v -2.30712 12.78109 -8.541428
v -5.205115 12.81977 -25.33442
v -5.205115 13.19913 4.141511
v -3.138963 13.2029 4.145136
v -2.30712 12.78111 -8.197142
v -2.30712 13.2029 4.145136
v -3.138963 12.81977 -25.33442
v -3.138963 14.43239 -24.72864
v -2.30712 14.43239 -24.72864
v -2.30712 12.81977 -25.33442
v -5.205115 14.43239 -24.72864
v -5.205115 12.81977 -25.33442
v -3.138963 17.23374 3.802884
v -3.138963 16.10148 4.162496
v -2.30712 16.10148 4.162496
v -3.510392 17.09666 4.029102
v -2.30712 17.23374 3.802884
v -2.30712 13.2029 4.145136
v -3.138963 13.2029 4.145136
v -3.510392 13.83728 4.278856
v -4.53941 13.83424 4.276229
v -3.510392 16.18111 4.291536
v -4.196679 17.09666 4.029102
v -4.477528 16.17453 4.292457
v -5.205115 13.19913 4.141511
v -5.080871 16.09335 4.163763
v -4.516967 17.23374 3.802884
v -3.138963 18.5078 -7.890607
v -3.138963 18.50371 -8.383691
v -3.138963 18.95822 -8.026151
v -3.138963 18.95845 -7.852051
v -3.138963 18.97 0.7291024
v -3.138963 18.58424 1.314798
v -5.205115 13.22743 -25.06767
v -5.205115 14.22838 -24.4964
v -5.205115 14.43239 -24.72864
v -5.205115 12.81977 -25.33442
v -5.205115 12.78109 -9.319195
v -5.205115 14.78126 -24.27252
v -5.205115 14.9491 -23.54426
v -5.205115 13.34168 -9.320327
v -5.205115 13.34168 -8.541428
v -5.205115 12.78109 -8.541428
v -5.205115 13.34168 -8.201285
v -5.205115 12.78111 -8.197142
v -5.205115 13.66703 3.920798
v -5.205115 13.19913 4.141511
v -5.080871 16.09335 4.163763
v -5.080871 16.04971 3.857746
v -4.516967 17.23374 3.802884
v -4.516967 17.1394 3.508512
v -5.530275 14.97922 -17.30451
v -5.205115 14.9491 -23.54426
v -5.895028 14.97922 -17.63519
v -5.895028 14.9491 -23.54426
v -4.944849 15.01183 -11.23979
v -5.547846 15.01183 -11.23979
v -5.205115 14.22838 -24.4964
v -5.895028 14.22838 -24.4964
v -5.22071 15.90786 -9.889832
v -4.687249 15.94799 -9.82937
v -5.204233 15.94799 -9.82937
v -5.22071 15.90786 -17.27687
v -5.7005 15.89098 -17.60805
v -5.683063 15.90786 -17.60755
v -5.895028 15.48874 -17.62002
v -5.530275 14.97922 -17.30451
v -5.895028 14.97922 -17.63519
v -4.138556 18.54365 -8.35227
v -3.900638 18.50371 -8.383691
v -4.154957 18.50371 -8.383691
v -3.890414 18.87048 -8.185441
v -3.670488 18.91441 -8.1057
v -4.687249 15.94799 -9.82937
v -5.204233 15.94799 -9.82937
v -3.138963 18.50371 -8.383691
v -3.138963 18.95822 -8.026151
v -5.205115 13.22743 -25.06767
v -5.895028 13.22743 -25.06767
v -5.895028 14.22838 -24.4964
v -5.205115 14.22838 -24.4964
v -5.205115 14.9491 -23.54426
v -4.944849 15.01183 -11.23979
v -4.944849 15.88309 -11.43796
v -5.205115 15.85459 -23.54795
v -4.687249 15.94799 -9.82937
v -4.687249 16.49572 -10.34073
v -3.900638 18.45491 -9.01126
v -3.900638 18.50371 -8.383691
v -5.205115 13.66703 3.920798
v -5.895028 15.71339 3.866647
v -5.895028 13.66703 3.920798
v -5.080871 16.04971 3.857746
v -5.729292 16.04971 3.857746
v -5.698217 16.11275 3.837528
v -5.283245 16.49348 3.715528
v -5.086414 16.86116 3.597691
v -4.516967 17.1394 3.508512
v -4.977094 17.1394 3.508512
v -3.138963 16.48191 -10.35704
v -3.138963 18.45491 -9.01126
v -2.30712 18.45491 -9.01126
v -2.30712 16.48191 -10.35704
v -3.900638 18.45491 -9.01126
v -4.687249 16.49572 -10.34073
v -2.30712 14.87734 -8.201285
v -2.30712 18.5078 -7.890607
v -2.30712 18.58424 1.314798
v -2.30712 18.50371 -8.383691
v -2.30712 15.94799 -9.82937
v -2.30712 17.1394 3.508512
v -2.30712 16.04971 3.857746
v -2.30712 17.23374 3.802884
v -2.30712 13.66703 3.920798
v -2.30712 13.34168 -8.201285
v -2.30712 14.37989 -8.541428
v -2.30712 16.10148 4.162496
v -2.30712 13.34168 -8.541428
v -2.30712 13.99987 -9.320327
v -2.30712 13.34168 -9.320327
v -2.30712 15.01183 -11.23979
v -2.30712 15.88025 -11.44978
v -2.30712 14.22838 -24.4964
v -2.30712 14.9491 -23.54426
v -2.30712 13.22743 -25.06767
v -2.30712 12.78109 -9.319195
v -2.30712 12.78109 -8.541428
v -2.30712 12.78111 -8.197142
v -2.30712 13.2029 4.145136
v -2.30712 15.85459 -23.54795
v -2.30712 14.78126 -24.27252
v -2.30712 14.43239 -24.72864
v -2.30712 12.81977 -25.33442
v -2.30712 16.48191 -10.35704
v -2.30712 18.45491 -9.01126
v -2.017467 20.09925 6.56455
v -2.017467 20.09925 5.901205
v -1.944152 20.66898 5.901205
v -2.083089 19.9408 6.56455
v -1.944152 20.66898 6.56455
v -2.083089 19.9408 5.901205
v -2.60602 19.87517 5.901205
v -2.60602 19.87517 6.56455
v -2.764447 19.9408 6.56455
v -2.764447 19.9408 5.901205
v -2.241536 19.87517 5.901205
v -2.241536 19.87517 6.56455
v -2.083089 19.9408 5.901205
v -2.083089 19.9408 6.56455
v -2.903404 20.66898 5.901205
v -2.903404 20.66898 6.56455
v -3.730471 20.66898 6.56455
v -3.730471 20.66898 5.901205
v -2.83007 20.09925 5.901205
v -2.83007 20.09925 6.56455
v -2.903404 20.66898 6.56455
v -2.903404 20.66898 5.901205
v -2.764447 19.9408 5.901205
v -2.764447 19.9408 6.56455
v -2.69821 19.7009 45.67726
v -2.719675 19.69611 45.56151
v -2.744056 19.81866 45.56151
v -2.69821 19.7009 45.44576
v -2.719675 19.81866 45.68409
v -2.69821 19.93642 45.67726
v -2.639608 19.72165 45.77735
v -2.639608 19.60282 45.46449
v -2.608686 19.63374 45.37659
v -2.650254 19.5922 45.56151
v -2.639608 19.60282 45.65854
v -2.608686 19.63374 45.74643
v -2.639608 19.72165 45.34567
v -2.719675 19.81866 45.43895
v -2.69821 19.93642 45.44576
v -2.650254 19.81866 45.33502
v -2.639608 19.91569 45.34567
v -2.608686 20.0036 45.37659
v -2.639608 20.0345 45.46449
v -2.719675 19.94124 45.56151
v -2.639608 20.0345 45.65854
v -2.650254 20.04515 45.56151
v -2.608686 20.0036 45.74643
v -2.639608 19.91569 45.77735
v -2.650254 19.81866 45.788
v -2.127861 19.81866 45.68409
v -2.149326 19.7009 45.67726
v -2.207928 19.72165 45.77735
v -2.197282 19.81866 45.788
v -2.207928 19.91569 45.77735
v -2.149326 19.93642 45.67726
v -2.23885 20.0036 45.74643
v -2.10348 19.81866 45.56151
v -2.127861 19.69611 45.56151
v -2.149326 19.7009 45.44576
v -2.207928 20.0345 45.65854
v -2.127861 19.94124 45.56151
v -2.127861 19.81866 45.43895
v -2.207928 19.72165 45.34567
v -2.149326 19.93642 45.44576
v -2.207928 20.0345 45.46451
v -2.197282 20.04515 45.56151
v -2.207928 19.60282 45.46449
v -2.197282 19.5922 45.56151
v -2.23885 19.63374 45.37659
v -2.207928 19.60282 45.65854
v -2.197282 19.81866 45.33502
v -2.207928 19.91569 45.34567
v -2.23885 20.0036 45.37659
v -2.23885 19.63374 45.74643
v -2.306008 20.09312 45.44576
v -2.326744 20.0345 45.34567
v -2.23885 20.0036 45.37659
v -2.207928 20.0345 45.46451
v -2.301193 20.11459 45.56151
v -2.423768 20.11459 45.43895
v -2.423768 20.04515 45.33502
v -2.423768 20.13897 45.56151
v -2.520793 20.0345 45.34567
v -2.541529 20.09312 45.44576
v -2.546344 20.11459 45.56151
v -2.541529 20.09312 45.67727
v -2.423768 20.11459 45.68409
v -2.306008 20.09312 45.67727
v -2.207928 20.0345 45.65854
v -2.520793 20.0345 45.77735
v -2.197282 20.04515 45.56151
v -2.326744 20.0345 45.77735
v -2.423768 20.04515 45.788
v -2.23885 20.0036 45.74643
v -2.639608 20.0345 45.65854
v -2.650254 20.04515 45.56151
v -2.608686 20.0036 45.74643
v -2.639608 20.0345 45.46449
v -2.608686 20.0036 45.37659
v -2.326744 20.0345 45.77735
v -2.308022 19.93642 45.83595
v -2.423768 19.94124 45.85742
v -2.423768 20.04515 45.788
v -2.520793 20.0345 45.77735
v -2.539515 19.93642 45.83595
v -2.608686 20.0036 45.74643
v -2.639608 19.91569 45.77735
v -2.546344 19.81866 45.85742
v -2.650254 19.81866 45.788
v -2.423768 19.81866 45.8818
v -2.301193 19.81866 45.85742
v -2.308022 19.7009 45.83595
v -2.423768 19.69611 45.85742
v -2.539515 19.7009 45.83595
v -2.639608 19.72165 45.77735
v -2.207928 19.72165 45.77735
v -2.608686 19.63374 45.74643
v -2.520793 19.60282 45.77735
v -2.423768 19.5922 45.788
v -2.326744 19.60282 45.77735
v -2.23885 19.63374 45.74643
v -2.197282 19.81866 45.788
v -2.207928 19.91569 45.77735
v -2.23885 20.0036 45.74643
v -2.541529 19.54422 45.44576
v -2.520793 19.60282 45.34567
v -2.608686 19.63374 45.37659
v -2.639608 19.60282 45.46449
v -2.546344 19.52276 45.56151
v -2.423768 19.52276 45.43895
v -2.423768 19.5922 45.33502
v -2.423768 19.49837 45.56151
v -2.326744 19.60282 45.34567
v -2.306008 19.54422 45.44576
v -2.301193 19.52276 45.56151
v -2.306008 19.54422 45.67726
v -2.423768 19.52276 45.68409
v -2.541529 19.54422 45.67726
v -2.639608 19.60282 45.65854
v -2.326744 19.60282 45.77735
v -2.650254 19.5922 45.56151
v -2.520793 19.60282 45.77735
v -2.423768 19.5922 45.788
v -2.608686 19.63374 45.74643
v -2.207928 19.60282 45.65854
v -2.197282 19.5922 45.56151
v -2.23885 19.63374 45.74643
v -2.207928 19.60282 45.46449
v -2.23885 19.63374 45.37659
v -2.308022 19.93644 45.28706
v -2.207928 19.91569 45.34567
v -2.23885 20.0036 45.37659
v -2.326744 20.0345 45.34567
v -2.423768 19.94124 45.2656
v -2.301193 19.81866 45.2656
v -2.197282 19.81866 45.33502
v -2.423768 19.81866 45.24122
v -2.207928 19.72165 45.34567
v -2.308022 19.7009 45.28706
v -2.423768 19.69611 45.2656
v -2.539515 19.7009 45.28706
v -2.546344 19.81866 45.2656
v -2.539515 19.93642 45.28706
v -2.520793 20.0345 45.34567
v -2.639608 19.72165 45.34567
v -2.423768 20.04515 45.33502
v -2.639608 19.91569 45.34567
v -2.650254 19.81866 45.33502
v -2.608686 20.0036 45.37659
v -2.520793 19.60282 45.34567
v -2.423768 19.5922 45.33502
v -2.608686 19.63374 45.37659
v -2.326744 19.60282 45.34567
v -2.23885 19.63374 45.37659
v -2.504718 13.1169 42.81824
v -2.504718 13.1169 79.83407
v -3.75395 12.59946 79.83407
v -3.75395 12.59946 42.81824
v -1.255486 12.59946 42.81824
v -1.255486 12.59946 79.83407
v -3.75395 12.59946 42.81824
v -3.75395 12.59946 79.83407
v -4.271413 11.35022 79.83407
v -4.271413 11.35022 42.81824
v -3.75395 10.10099 79.83407
v -3.75395 10.10099 42.81824
v -3.75395 10.10099 42.81824
v -3.75395 10.10099 79.83407
v -2.504718 9.583548 79.83407
v -2.504718 9.583548 42.81824
v -1.255486 10.10099 79.83407
v -1.255486 10.10099 42.81824
v -1.255486 10.10099 42.81824
v -1.255486 10.10099 79.83407
v -0.7380414 11.35022 79.83407
v -0.7380414 11.35022 42.81824
v -1.255486 12.59946 79.83407
v -1.255486 12.59946 42.81824
v -0.7380414 11.35022 42.81824
v -4.271413 11.35022 42.81824
v -2.504718 9.583548 42.81824
v -1.255486 12.59946 42.81824
v -2.504718 13.1169 42.81824
v -3.75395 12.59946 42.81824
v -1.255486 10.10099 42.81824
v -3.75395 10.10099 42.81824
v -1.388209 10.23372 79.83407
v -2.504718 11.35022 66.31915
v -0.9257216 11.35022 79.83407
v -1.388209 12.46675 79.83407
v -2.504718 12.92922 79.83407
v -3.621246 12.46675 79.83407
v -3.75395 12.59946 79.83407
v -2.504718 13.1169 79.83407
v -1.255486 12.59946 79.83407
v -4.083714 11.35022 79.83407
v -4.271413 11.35022 79.83407
v -3.75395 10.10099 79.83407
v -3.621246 10.23372 79.83407
v -2.504718 9.583548 79.83407
v -2.504718 9.771228 79.83407
v -1.388209 10.23372 79.83407
v -1.255486 10.10099 79.83407
v -0.7380414 11.35022 79.83407
v -0.9257216 11.35022 79.83407
v -1.388209 12.46675 79.83407
v -3.621246 12.46675 79.83407
v -2.504718 11.35022 66.31915
v -4.083714 11.35022 79.83407
v -3.621246 10.23372 79.83407
v -1.388209 12.46675 79.83407
v -2.504718 11.35022 66.31915
v -2.504718 12.92922 79.83407
v -3.621246 12.46675 79.83407
v -3.621246 10.23372 79.83407
v -2.504718 11.35022 66.31915
v -2.504718 9.771228 79.83407
v -1.388209 10.23372 79.83407
v -0.6443356 11.40641 -84.19421
v -4.203201 11.40641 -84.19421
v -5.633975 4.208169 42.99169
v -5.538831 5.679245 42.99169

vn 0 -0.6320243 0.7749485
vn 0 -0.6320243 0.7749485
vn 0 -0.6320243 0.7749485
vn 0 -0.6320216 0.7749507
vn 0 -0.6320216 0.7749507
vn 0 -0.6320216 0.7749507
vn 0 -0.6320216 0.7749507
vn 0 -0.6320242 0.7749486
vn 0 -0.6320216 0.7749507
vn 0 -0.6320216 0.7749507
vn 0 -0.6320216 0.7749507
vn 0 -0.6320269 0.7749465
vn 1 -7.061748E-07 0
vn 1 -7.061748E-07 0
vn 1 -7.061748E-07 0
vn 1 1.412302E-06 0
vn -1 3.530595E-07 0
vn -1 3.530595E-07 0
vn -1 3.530595E-07 0
vn -1 0 0
vn -1 -7.061508E-07 0
vn -1 -7.061508E-07 0
vn -1 -7.061508E-07 0
vn -1 0 0
vn 0 0.7749524 0.6320195
vn 0 0.7749524 0.6320195
vn 0 0.7749524 0.6320195
vn 0 0.7749524 0.6320196
vn 0 0.7749408 0.6320338
vn 0 0.7749408 0.6320338
vn 0 0.7749408 0.6320338
vn 0 0.7749501 0.6320224
vn 0 0.7749429 0.6320312
vn 0 0.7749429 0.6320312
vn 0 0.7749429 0.6320312
vn 0 0.7749475 0.6320255
vn 1 0 0
vn 1 0 0
vn 1 0 0
vn 1 0 0
vn 1 7.062147E-07 0
vn 1 7.062147E-07 0
vn 1 7.062147E-07 0
vn 1 0 0
vn 0 -0.774985 -0.6319798
vn 0 -0.774985 -0.6319798
vn 0 -0.774985 -0.6319798
vn 0 -0.7749756 -0.6319911
vn -1 0 0
vn -1 0 0
vn -1 0 0
vn -1 0 0
vn 0 -0.7749454 -0.6320281
vn 0 -0.7749454 -0.6320281
vn 0 -0.7749454 -0.6320281
vn 0 -0.7749456 -0.6320281
vn 0 -0.7749429 -0.6320312
vn 0 -0.7749429 -0.6320312
vn 0 -0.7749429 -0.6320312
vn 0 -0.7749476 -0.6320255
vn -0.9793475 0.1302049 -0.1546772
vn -0.9793475 0.1302049 -0.1546772
vn -0.9793475 0.1302049 -0.1546772
vn -0.9780858 0.1315913 -0.1613442
vn 0.9793476 0.1302046 -0.1546772
vn 0.9793476 0.1302046 -0.1546772
vn 0.9793476 0.1302046 -0.1546772
vn 0.9780858 0.1315915 -0.1613444
vn 0 0.602129 -0.7983987
vn 0 0.602129 -0.7983987
vn 0 0.602129 -0.7983987
vn 0 0.6021297 -0.7983983
vn 0 -0.6320359 0.7749392
vn 0 -0.6320359 0.7749392
vn 0 -0.6320359 0.7749392
vn 0 -0.6320352 0.7749397
vn 0 -0.9998214 0.01890034
vn 0 -0.9998214 0.01890034
vn 0 -0.9998214 0.01890034
vn 0 -0.9998215 0.01889735
vn 0 -1 9.946257E-07
vn 0 -1 9.946257E-07
vn 0 0.9427203 0.3335842
vn 0 0.9427203 0.3335842
vn 0 0.9427203 0.3335842
vn 0 0.9427209 0.3335824
vn 0 0.5559773 0.8311975
vn 0 0.5559773 0.8311975
vn 0 0.5559773 0.8311975
vn 0 0.5559793 0.8311962
vn 0.9518596 -0.1845733 0.2447368
vn 0.9518596 -0.1845733 0.2447368
vn 0.9518596 -0.1845733 0.2447368
vn -0.9518601 -0.1845724 0.2447354
vn -0.9518601 -0.1845724 0.2447354
vn -0.9518601 -0.1845724 0.2447354
vn 0.9685199 -0.1603133 0.1904441
vn 0.9685199 -0.1603133 0.1904441
vn 0.9685199 -0.1603133 0.1904441
vn -0.9685199 -0.1603133 0.1904441
vn -0.9685199 -0.1603133 0.1904441
vn -0.9685199 -0.1603133 0.1904441
vn 5.977147E-06 0.9988983 -0.04692864
vn 2.166822E-06 0.9988979 -0.04693524
vn 1.925514E-06 0.9988979 -0.04693563
vn -2.505412E-06 0.9988979 -0.04693644
vn -3.082673E-06 0.9988979 -0.0469361
vn -7.164567E-06 0.9988984 -0.04692674
vn 4.686861E-06 0.9988984 -0.04692654
vn -7.665072E-06 0.9988983 -0.04692694
vn -1 0 0
vn -1 2.30638E-07 0
vn -1 1.722937E-07 0
vn -1 -2.519124E-07 0
vn -1 0 0
vn -1 -3.388155E-07 0
vn -1 0 0
vn -1 0 0
vn -1 0 0
vn -1 0 0
vn -1 0 0
vn -1 0 0
vn -1 0 0
vn -1 0 0
vn -1 0 0
vn -1 0 0
vn -1 0 0
vn -1 0 0
vn -1 0 0
vn -1 0 0
vn -1 0 0
vn -1 0 0
vn -1 0 0
vn -1 0 0
vn 1 -2.884823E-07 0
vn 1 -4.132723E-07 0
vn 1 0 0
vn 1 0 0
vn 1 3.124992E-07 0
vn 1 4.125376E-07 0
vn 1 0 0
vn 1 0 0
vn 1 -1.203574E-07 0
vn 1 0 0
vn 1 0 0
vn 1 1.677223E-07 0
vn 1 0 0
vn 1 0 0
vn 1 0 0
vn 1 0 0
vn 1 0 0
vn 1 0 0
vn 1 0 0
vn 0 -0.1640054 0.9864594
vn 0 -0.1640053 0.9864594
vn 0 0.01784873 0.9998407
vn 0 0.01784873 0.9998407
vn 0 0 1
vn 0 -0.6522599 0.7579954
vn 0 -0.6522599 0.7579954
vn 0 0 1
vn 1.736726E-06 -0.9988979 0.04693686
vn -1.2453E-06 -0.9988979 0.04693661
vn 1.82577E-06 -0.9988979 0.04693656
vn -1.395623E-05 -0.998898 0.04693401
vn -1.449829E-05 -0.998898 0.04693398
vn -6.224669E-06 -0.9988977 0.04693997
vn -1.649036E-06 -0.9988979 0.0469363
vn -5.960083E-06 -0.9988977 0.04693994
vn 3.721022E-06 -0.9988978 0.04693902
vn 4.49565E-06 -0.9988978 0.04693755
vn 0 0.3745637 -0.9272012
vn 0 0.3745638 -0.9272011
vn 0 0.3579549 -0.9337389
vn 0 0.3579549 -0.9337389
vn 0 0.1815501 -0.9833817
vn 0 0 -1
vn 0 0 -1
vn 0 0.1815502 -0.9833817
vn 0 0.6732155 -0.7394463
vn 0 0.6732155 -0.7394462
vn 0 -0.5918338 -0.80606
vn 0 -0.5918339 -0.80606
vn 0 -0.8484522 -0.5292721
vn 0 -0.8484522 -0.5292722
vn 0 0.9958928 0.09053994
vn 0 0.9958928 0.09053995
vn 0 0.8439662 0.5363963
vn 0 0.8439663 0.5363963
vn 0 0.9664083 -0.2570119
vn 0 0.9664083 -0.257012
vn 0 0.6732155 -0.7394462
vn 0 0.6732155 -0.7394463
vn 0 0.8439663 0.5363963
vn 0 0.8439662 0.5363963
vn 0 0.6013082 0.7990171
vn 0 0.6013082 0.7990172
vn 0 -0.9639471 0.2660939
vn 0 -0.9639471 0.2660939
vn 0 -0.6522599 0.7579954
vn 0 -0.6522599 0.7579954
vn 0 -0.9970288 -0.07703073
vn 0 -0.9970288 -0.07703074
vn 0 -0.8484522 -0.5292722
vn 0 -0.8484522 -0.5292721
vn 0 -0.9999418 -0.01079033
vn 0 -0.9999418 -0.01079033
vn 0 -0.9999418 -0.01079032
vn 0 -0.9999418 -0.01079033
vn 0 -0.9999964 -0.002705863
vn 0 -0.9999964 -0.002706787
vn 0 -0.9999964 -0.002706095
vn 0 -0.9999964 -0.002705172
vn 0 -0.7071062 0.7071073
vn 0 -0.7071064 0.7071071
vn 0 -0.7071064 0.7071071
vn 0 -0.7071062 0.7071073
vn 0 0 1
vn 0 0 1
vn 0 0 1
vn 0 0 1
vn -1 0 0
vn -1 0 0
vn -1 0 0
vn -1 0 0
vn -1.030481E-06 0 -1
vn -1.13858E-07 0 -1
vn -7.267865E-07 0 -1
vn -1.934845E-07 0 -1
vn 0 0 -1
vn 0 0 -1
vn 0 0 -1
vn 0 0 -1
vn 2.6974E-07 0 -1
vn -2.907415E-07 0 -1
vn -2.907738E-06 0 -1
vn 1.600021E-07 0 -1
vn 5.664435E-07 0 -1
vn 0 0 -1
vn 1.04155E-07 0 1
vn 1.694476E-07 0 1
vn 0 0 1
vn 0 0 1
vn 0 0 1
vn -1.712683E-07 0 1
vn 0 0 1
vn 0 0 1
vn -7.960435E-07 0 1
vn 2.180531E-07 0 1
vn 2.180359E-06 0 1
vn 0 0 1
vn -1.037712E-07 0 1
vn -5.630821E-07 0 1
vn -0.02331176 0.9997283 0
vn -0.03109701 0.9995164 0
vn -0.03109701 0.9995164 0
vn -0.02331176 0.9997283 0
vn -0.00776278 0.9999698 0
vn -0.007762786 0.9999698 0
vn 0.1305182 0.9914459 0
vn 0.1305182 0.9914459 0
vn 0.50001 0.8660196 0
vn 0.5000102 0.8660195 0
vn -0.1115709 -0.9937565 0
vn 0.1305182 -0.9914459 0
vn 0.1305182 -0.9914459 0
vn 0.5000091 -0.8660201 0
vn -0.1115709 -0.9937565 0
vn -0.3195489 -0.9475698 0
vn -0.319549 -0.9475698 0
vn -0.4140505 -0.9102539 0
vn -0.4140503 -0.910254 0
vn 0.5000091 -0.8660201 0
vn 0.9914424 -0.1305447 0
vn 0.9914426 0.1305429 0
vn 0.9914423 0.1305452 0
vn 0.9914427 -0.1305424 0
vn 0.8660263 0.4999985 0
vn 0.8660251 0.5000007 0
vn 0.5000102 0.8660195 0
vn 0.50001 0.8660196 0
vn 0.8660258 -0.4999993 0
vn 0.8660246 -0.5000014 0
vn 0.5000091 -0.8660201 0
vn 0.5000091 -0.8660201 0
vn 0 -1 0
vn 0 -1 4.30615E-07
vn 0 -1 -4.305919E-07
vn 0 -1 0
vn 0 -1 -4.305952E-07
vn 0 -1 -2.583557E-06
vn 0 -1 4.306008E-07
vn 0 -1 2.583696E-06
vn 7.290338E-06 0 -1
vn -2.443803E-05 0 -1
vn 0.7071014 0 -0.7071121
vn 0.7071151 0 -0.7070984
vn -0.7071075 0 -0.7071061
vn -0.707121 0 -0.7070925
vn -0.7071161 0 0.7070974
vn -0.7071137 0 0.7070998
vn -1 0 1.186972E-05
vn -1 0 5.298249E-06
vn -0.7071294 0 -0.7070841
vn -0.7071159 0 -0.7070976
vn 0.7071151 0 -0.7070984
vn 0.7071014 0 -0.7071121
vn 1 0 5.257265E-06
vn 1 0 1.193153E-05
vn 0.7071016 0 0.7071119
vn 0.7070994 0 0.7071142
vn -1.026807E-07 0 1
vn 0 0 1
vn -0.7071137 0 0.7070998
vn -0.7071161 0 0.7070974
vn 0.7071137 0 0.7070998
vn 0.7071159 0 0.7070976
vn 0.7070994 0 0.7071142
vn 0.7071016 0 0.7071119
vn -8.481451E-06 0 1
vn -8.543062E-06 0 1
vn -0.7071053 0 0.7071082
vn -0.7071077 0 0.7071058
vn 0 1 0
vn 0 1 0
vn 0 1 0
vn 0 1 0
vn 0 1 0
vn 0 1 0
vn 0 1 0
vn 0 1 0
vn 1 0 1.186972E-05
vn 1 0 5.298249E-06
vn 0.7071159 0 0.7070976
vn 0.7071137 0 0.7070998
vn 0.7071294 0 -0.7070841
vn 0.7071158 0 -0.7070977
vn -0.7071159 0 -0.7070976
vn -0.7071294 0 -0.7070841
vn -1.601815E-05 0 -1
vn 1.573065E-05 0 -1
vn 0.7071158 0 -0.7070977
vn 0.7071294 0 -0.7070841
vn -0.7071077 0 0.7071058
vn -0.7071053 0 0.7071082
vn -1 0 1.191099E-05
vn -1 0 5.236729E-06
vn -0.707121 0 -0.7070925
vn -0.7071075 0 -0.7071061
vn 0 -1 0
vn 0 -1 -1.082801E-06
vn 0 -1 -5.044871E-07
vn 0 -1 -2.017857E-06
vn 0 -1 0
vn 0 -1 0
vn 0 -1 4.306217E-07
vn 0 -1 2.583914E-06
vn 0 1 0
vn 0 1 0
vn 0 1 0
vn 0 1 0
vn 0 1 0
vn 0 1 0
vn 0 1 0
vn 0 1 0
vn -0.3323358 0 -0.9431611
vn -0.2348176 0 -0.9720395
vn -0.4844358 0 -0.8748268
vn -0.4844353 0 -0.874827
vn -0.4844419 0 -0.8748234
vn 0 0 -1
vn 0 0 -1
vn -0.484442 0 -0.8748234
vn 0 0 -1
vn 0 0 -1
vn 0 0 -1
vn 0 0 -1
vn 0 0 -1
vn 0 0 -1
vn 1.15234E-06 0 -1
vn 1.260055E-06 0 -1
vn 1 0 0
vn 1 0 0
vn 1 0 0
vn 1 0 0
vn 1 0 0
vn 1 0 0
vn 1 0 0
vn 1 0 0
vn 0 0 1
vn 0 0 1
vn -0.2830856 0 0.9590946
vn -0.1892164 0 0.9819355
vn -0.4159938 0 0.9093674
vn -0.415987 0 0.9093706
vn -0.4159977 0 0.9093658
vn -0.4159987 0 0.9093652
vn 0 1 0
vn 0 1 0
vn 0 1 0
vn 0 1 0
vn 0 1 0
vn 0 1 0
vn 0 1 0
vn 0 1 0
vn -0.170433 -0.9853693 0
vn 0 -1 0
vn 0 -1 0
vn -0.1450304 -0.9894271 0
vn -0.3358789 -0.9419053 0
vn -0.3529986 -0.9355791 -0.009155328
vn -0.2197398 -0.9755 -0.01068204
vn 0 -1 0
vn -0.4443479 -0.8953768 -0.02924386
vn -0.2282973 -0.9735914 0
vn 0 -1 0
vn -0.4445365 -0.8957607 0
vn 0 0 1
vn 0 0 1
vn -0.2909245 0 0.9567461
vn -0.2049106 0 0.9787807
vn -0.4270021 0 0.9042507
vn -0.4269951 0 0.904254
vn -0.4270091 0 0.9042473
vn -0.4270104 0 0.9042467
vn 1 0 0
vn 1 0 0
vn 1 0 0
vn 1 0 0
vn 1 0 0
vn 1 0 0
vn 1 0 0
vn 1 0 0
vn -0.1031414 -0.9946667 0
vn -0.08664384 -0.9962393 0
vn -0.2051819 -0.9787239 0
vn -0.2051833 -0.9787235 0
vn 0 -1 0
vn 0 -1 0
vn -0.103141 -0.9946668 0
vn -0.2051825 -0.9787238 0
vn -0.2051823 -0.9787238 0
vn -0.08375777 -0.9964862 0
vn 0 -1 0
vn 0 -1 0
vn -1 0 0
vn -1 0 0
vn -1 0 0
vn -1 0 0
vn -1 0 0
vn -1 0 0
vn -1 0 0
vn -1 0 0
vn -1 0 0
vn -1 0 0
vn -1 0 0
vn -1 0 0
vn -1 0 0
vn -1 0 0
vn -1 0 0
vn -1 0 0
vn -1 0 0
vn -1 0 0
vn -0.9815601 0.1911538 0
vn -1 0 0
vn -1 0 0
vn -1 0 0
vn -1 0 0
vn -0.9143508 0.404923 0
vn -0.7241747 0.6896165 0
vn -0.7241741 0.6896173 0
vn -0.4466247 0.8947214 0
vn -0.4466248 0.8947214 0
vn -0.4466244 0.8947216 0
vn -0.4466243 0.8947216 0
vn -0.4768201 0.8790009 0
vn -0.47682 0.879001 0
vn -0.47682 0.879001 0
vn -0.4768201 0.8790009 0
vn 1 0 0
vn 1 0 0
vn 1 0 0
vn 1 0 0
vn 1 0 0
vn 1 0 0
vn 1 0 0
vn 1 0 0
vn 0 1 0
vn 0 1 0
vn 0 1 0
vn 0 1 0
vn 0 1 0
vn 0 1 0
vn 0 1 0
vn 0 1 0
vn -0.4800902 0.8772191 0
vn -0.4800899 0.8772193 0
vn -0.4800899 0.8772192 0
vn -0.4800901 0.8772191 0
vn -0.2378423 0.4392359 -0.8663157
vn -0.2399941 0.4385119 -0.866089
vn -0.2240906 0.4437996 -0.867655
vn -0.2218855 0.4445212 -0.8678524
vn 1 0 0
vn 1 0 0
vn 1 0 0
vn 1 0 0
vn 1 0 0
vn 1 0 0
vn 1 0 0
vn 1 0 0
vn -0.2726508 0.2763068 0.9215835
vn -0.1685064 0.310636 0.9354736
vn -0.1838459 0.3058588 0.934158
vn -0.2854015 0.2717901 0.9190626
vn -0.7071031 0 0.7071105
vn -2.503294E-05 0 1
vn 2.431422E-05 0 1
vn -0.707088 0 0.7071255
vn 0.7071049 0 0.7071087
vn 0.707085 0 0.7071285
vn -1 0 1.181832E-05
vn -0.7071031 0 0.7071105
vn -0.707088 0 0.7071255
vn -1 0 1.183884E-05
vn -0.7071154 0 -0.7070982
vn -0.7071003 0 -0.7071133
vn -2.586451E-05 0 -1
vn -0.7071154 0 -0.7070982
vn -0.7071003 0 -0.7071133
vn 2.353376E-05 0 -1
vn 0.7070974 0 -0.7071161
vn 0.7071173 0 -0.7070963
vn 1 0 1.244466E-05
vn 0.7070974 0 -0.7071161
vn 0.7071173 0 -0.7070963
vn 1 0 1.249598E-05
vn 0.707085 0 0.7071285
vn 0.7071049 0 0.7071087
vn 0 1 -5.403196E-06
vn 0 1 3.820384E-06
vn 0 1 0
vn 0 1 0
vn 0 1 0
vn 0 1 0
vn 0 1 -6.98598E-06
vn 0 1 3.912764E-05
vn 0 -1 6.522055E-06
vn 0 -1 -6.522021E-06
vn 0 -1 6.522064E-06
vn 0 -1 3.913531E-05
vn 0 -1 0
vn 0 -1 -6.522011E-06
vn 0 -1 -3.913531E-05
vn 0 -1 0
vn 1 0 0
vn 1 0 0
vn 1 0 0
vn 1 0 0
vn 1 0 0
vn -1 0 0
vn -1 0 0
vn -1 0 0
vn -1 0 0
vn 1 0 0
vn 1 0 0
vn 1 0 0
vn 1 0 0
vn 0 0 -1
vn 0 0 -1
vn 0 0 -1
vn 0 0 -1
vn 0 0 -1
vn 0 0 -1
vn 0 0 -1
vn 0 0 -1
vn 0 0 1
vn 0 0 1
vn 0 0 1
vn 0 0 1
vn 0 0 1
vn 0 0 1
vn 0 0 1
vn 0 0 1
vn 0.2626499 -0.312628 0.912841
vn 0 -0.3240027 0.9460561
vn 0 -0.3240028 0.9460561
vn 0.3802486 -0.772731 0.5082299
vn 0 0.3240021 -0.9460564
vn 0.3802502 0.7727313 -0.5082284
vn 0.2626602 0.3126269 -0.9128384
vn 0 0.3240018 -0.9460565
vn -1 -2.730913E-06 0
vn -1 -3.003118E-06 0
vn -1 1.604743E-06 0
vn -1 1.876947E-06 0
vn 0.3802502 0.7727313 -0.5082284
vn 0 0.9970146 0.07721367
vn 0 0.9970146 0.07721344
vn 0.262672 0.9620046 0.07450225
vn 0 -0.9970146 -0.07721319
vn 0 -0.9970146 -0.07721367
vn 0.2626724 -0.9620045 -0.07450241
vn 0.3802486 -0.772731 0.5082299
vn 0.3802502 0.7727313 -0.5082284
vn 0.262672 0.9620046 0.07450225
vn 0.9165381 0.2197589 0.3341614
vn 0.8989516 0.3659966 -0.2406915
vn 0.9165415 -0.2197598 -0.3341514
vn 0.8989535 -0.3659932 0.2406898
vn 0.3802486 -0.772731 0.5082299
vn 0.2626499 -0.312628 0.912841
vn 0.2626724 -0.9620045 -0.07450241
vn 0.2626602 0.3126269 -0.9128384
vn -1 0 0
vn -1 0 0
vn -1 0 0
vn -1 0 0
vn 1 0 0
vn 1 0 0
vn 1 0 0
vn 1 0 0
vn 0 1 0
vn 0 1 0
vn 0 1 0
vn 0 1 0
vn 0 -1 0
vn 0 -1 0
vn 0 -1 0
vn 0 -1 0
vn 0 0 1
vn 0 0 1
vn 0 0 1
vn 0 0 1
vn 0 0 -1
vn 0 0 -1
vn 0 0 -1
vn 0 0 -1
vn -1 0 0
vn -1 0 0
vn -1 0 0
vn -1 0 0
vn -1 0 0
vn -1 0 0
vn -1 0 0
vn -1 0 0
vn 1 0 0
vn 1 0 0
vn 1 0 0
vn 1 0 0
vn 1 0 0
vn 1 0 0
vn 1 0 0
vn 1 0 0
vn 1 0 0
vn 1 0 0
vn 1 0 0
vn 1 0 0
vn -1 1.128026E-07 0
vn -1 1.957564E-07 0
vn -1 0 0
vn -1 0 0
vn -1 0 0
vn 0 1 0
vn 0 1 0
vn 0 1 0
vn 0 1 0
vn -6.189429E-06 0.998898 -0.04693364
vn 1.87041E-07 0.998898 -0.04693348
vn 6.736271E-06 0.998898 -0.04693368
vn 1.960307E-06 0.9988979 -0.04693475
vn 8.507614E-06 0.998898 -0.04693373
vn -1.87199E-07 0.998898 -0.04693348
vn -1.872912E-06 0.9988979 -0.04693482
vn 0 0.998898 -0.04693191
vn -3.010584E-06 0.9988978 -0.04693842
vn 0 0.9988981 -0.04693163
vn 3.23896E-06 0.9988978 -0.04693826
vn 0 0.1499529 0.9886932
vn 0 0.149953 0.9886932
vn 0 0.1499529 0.9886932
vn 0 0.1499528 0.9886932
vn 0 0 1
vn 0 0 1
vn 0 0 1
vn 0 0 1
vn 0 0.018274 -0.999833
vn 0 0.03654189 -0.9993321
vn 0 0.03654189 -0.9993321
vn 0 0.018274 -0.999833
vn 0 0 -1
vn 0 0 -1
vn 0 -0.9998299 0.01844506
vn 0 -0.9998299 0.01844509
vn 0 -0.9998299 0.01844509
vn 0 -0.9998299 0.01844506
vn 0 -1 0
vn 0 -1 0
vn 0 -1 0
vn 0 -1 0
vn 0 0.1029989 0.9946814
vn 0 0.1029989 0.9946814
vn 0 0.1029989 0.9946814
vn 0 0.1029989 0.9946814
vn 1.437508E-07 0 -1
vn 4.928598E-07 0 -1
vn 0.7071105 0 -0.7071031
vn 0.707105 0 -0.7071086
vn -0.7070941 0 -0.7071194
vn -0.7070898 0 -0.7071238
vn 0.707105 0 -0.7071086
vn 0.7071105 0 -0.7071031
vn 1 0 2.423224E-06
vn 1 0 -4.394674E-06
vn 0.7071147 0 0.7070988
vn 0.7071257 0 0.7070878
vn 0.7071257 0 0.7070878
vn 0.7071147 0 0.7070988
vn -1.597718E-05 0 1
vn 1.636736E-05 0 1
vn -0.7071105 0 0.707103
vn -0.7070985 0 0.707115
vn -0.7070985 0 0.707115
vn -0.7071105 0 0.707103
vn -1 0 -4.107245E-06
vn -1 0 2.649167E-06
vn -0.7070898 0 -0.7071238
vn -0.7070941 0 -0.7071194
vn 0 -1 1.47233E-06
vn 0 -1 -9.815312E-07
vn 0 -1 -4.907645E-07
vn 0 -1 8.83413E-06
vn 0 -1 -1.177932E-05
vn 0 -1 9.815606E-07
vn 0 -1 0
vn 0 -1 5.889516E-06
vn 0 1 0
vn 0 1 1.149977E-06
vn 0 1 0
vn 0 1 -2.2999E-06
vn 0 1 -1.149965E-06
vn 0 1 2.299978E-06
vn 0 1 0
vn 0 1 0
vn 9.364257E-06 -0.3041692 -0.9526179
vn 8.522264E-06 -0.3041711 -0.9526174
vn 0.7070999 -0.2150825 -0.6736091
vn -0.7071105 -0.2150796 -0.6735988
vn 0.7071014 -0.2150816 -0.6736078
vn -0.7071106 -0.2150785 -0.6735991
vn 0.7071014 -0.2150816 -0.6736078
vn 0.7070999 -0.2150825 -0.6736091
vn 1 -7.187677E-07 -3.758128E-06
vn 1 -4.877371E-07 7.043951E-06
vn 0.707094 0.2150785 0.6736165
vn 0.7070886 0.2150765 0.6736228
vn 0.707094 0.2150785 0.6736165
vn 6.920523E-06 0.3041594 0.9526212
vn 6.920623E-06 0.3041571 0.9526219
vn -0.7071059 0.2150749 0.6736051
vn 0.7070886 0.2150765 0.6736228
vn -0.7070991 0.2150735 0.6736128
vn -0.7071059 0.2150749 0.6736051
vn -1 -1.12947E-06 -4.22011E-06
vn -1 -3.029048E-07 6.961677E-06
vn -0.7070991 0.2150735 0.6736128
vn -0.7071106 -0.2150785 -0.6735991
vn -0.7071105 -0.2150796 -0.6735988
vn -2.754058E-06 -0.9526193 0.3041652
vn 6.219997E-06 -0.9526181 0.3041689
vn 0 -0.9526207 0.3041607
vn -3.732179E-05 -0.9526169 0.3041726
vn 3.731853E-05 -0.9526145 0.3041802
vn -3.43516E-06 -0.9526185 0.3041677
vn -3.404748E-06 -0.9526219 0.3041572
vn 3.110338E-05 -0.9526126 0.3041864
vn 5.330574E-06 0.9526197 -0.3041641
vn 0 0.9526166 -0.3041735
vn 6.220158E-06 0.9526201 -0.3041626
vn -3.140685E-06 0.9526223 -0.304156
vn -5.465436E-06 0.9526218 -0.3041577
vn -2.428992E-06 0.9526201 -0.3041628
vn 0 0.9526165 -0.304174
vn 0 0.9525961 -0.3042379
vn 0 -0.1150452 -0.9933602
vn 0 -0.1150452 -0.9933602
vn 0 -0.1150452 -0.9933602
vn 0 -0.1150452 -0.9933602
vn 0 0 1
vn 1.124537E-06 0 1
vn -8.588201E-07 0 1
vn -8.588225E-06 0 1
vn 0 0 1
vn 5.314322E-07 0 1
vn 0 0 1
vn 0 0 1
vn 0 0 1
vn 0 0 1
vn 8.588198E-07 0 1
vn 8.588225E-06 0 1
vn 0.866026 0.499999 0
vn 1 -1.846351E-06 0
vn 1 -1.865993E-06 0
vn 0.866026 0.499999 0
vn 0.4999991 0.866026 0
vn 0.866028 -0.4999956 0
vn 0.8660278 -0.499996 0
vn 0.4999991 0.866026 0
vn 0.5000007 0.866025 0
vn 0.8660251 0.5000007 0
vn 0.8660251 0.5000006 0
vn 0.5000007 0.8660251 0
vn 1 -2.848097E-07 0
vn 1 4.124828E-07 0
vn 0.8660272 -0.4999969 0
vn 0.8660273 -0.4999967 0
vn -0.8660251 0.5000004 0
vn -0.5000007 0.866025 0
vn -0.5000008 0.866025 0
vn -0.8660251 0.5000006 0
vn -1 5.814034E-06 0
vn -1 5.990813E-06 0
vn -0.866028 -0.4999955 0
vn -0.866028 -0.4999955 0
vn -0.5000007 -0.8660251 0
vn -0.866028 -0.4999955 0
vn -0.866028 -0.4999955 0
vn -0.5000007 -0.866025 0
vn 0 -1 0
vn 0 -1 0
vn 0.5000041 -0.866023 0
vn 0.5000045 -0.8660228 0
vn 0.8660273 -0.4999967 0
vn 0.8660272 -0.4999969 0
vn 0 1 0
vn 0.5000007 0.866025 0
vn 0.5000007 0.8660251 0
vn 0 1 0
vn -0.5000007 0.866025 0
vn -0.5000008 0.866025 0
vn -0.500002 -0.8660244 0
vn -0.5000019 -0.8660244 0
vn -0.1305249 -0.9914451 0
vn -0.1305248 -0.9914449 0
vn -0.866026 -0.4999989 0
vn -0.866026 -0.499999 0
vn 0.1305248 -0.9914451 0
vn 0.1305249 -0.9914451 0
vn 0.500002 -0.8660244 0
vn 0.5000018 -0.8660244 0
vn 0.8660255 -0.4999998 0
vn 0.8660253 -0.5000002 0
vn 0.9939091 0.1102025 0
vn 0.9939092 0.1102024 0
vn 0.8056474 0.5923955 0
vn 0.8056471 0.5923957 0
vn 0.4999972 0.8660271 0
vn 0.8660253 -0.5000002 0
vn 0.8660255 -0.4999998 0
vn 0.499997 0.8660271 0
vn 0.499997 0.8660271 0
vn 0.4999972 0.8660271 0
vn 0 1 0
vn 0 1 0
vn -0.499997 0.8660271 0
vn -0.4999972 0.8660271 0
vn 0 0 -1
vn 0 0 -1
vn 0 0 -1
vn 0 0 -1
vn 0 0 -1
vn 0 0 -1
vn 0 0 -1
vn 0 0 -1
vn 4.588815E-07 0 -1
vn 0 0 -1
vn 0 0 -1
vn 0 0 -1
vn 0 0 -1
vn -0.4999972 0.8660271 0
vn -0.499997 0.8660271 0
vn -0.8056456 0.5923977 0
vn -0.8056457 0.5923977 0
vn -0.9939088 0.1102064 0
vn -0.9939088 0.1102064 0
vn -0.866026 -0.499999 0
vn -0.866026 -0.4999989 0
vn 1.754201E-07 0 1
vn 0 0 1
vn 0 0 1
vn -1.754189E-07 0 1
vn 0 0 1
vn -1.460093E-06 0 1
vn 0 0 1
vn 0 0 1
vn -4.588815E-07 0 1
vn 0 0 1
vn 0 0 1
vn 1.460101E-06 0 1
vn 0 0 1
vn 3.775945E-07 0 -1
vn 1.921695E-06 0 -1
vn 1.393016E-06 0 -1
vn 0 0 -1
vn 0 0 -1
vn 0 0 -1
vn -7.551647E-07 0 -1
vn 0 0 -1
vn 0 0 -1
vn 0 0 -1
vn 7.551653E-07 0 -1
vn 0 0 -1
vn 0 0 -1
vn 0 0 -1
vn 0 0 -1
vn -3.775946E-07 0 -1
vn -1.393017E-06 0 -1
vn -1.921695E-06 0 -1
vn -2.786089E-06 0 -1
vn -3.843271E-06 0 -1
vn 0 0 -1
vn 0 0 -1
vn 2.786097E-06 0 -1
vn 3.843283E-06 0 -1
vn 2.57503E-06 0 -1
vn -6.43765E-07 0 -1
vn -1.287518E-06 0 -1
vn 0 0 -1
vn 1.287529E-06 0 -1
vn 1.287514E-05 0 -1
vn 1.287519E-06 0 -1
vn 1.287548E-05 0 -1
vn 0 0 -1
vn -1.931276E-06 0 -1
vn -1.287549E-05 0 -1
vn -6.437575E-06 0 -1
vn -0.5000038 -0.8660233 0
vn -0.8660277 -0.4999962 0
vn -0.8660278 -0.4999958 0
vn -0.5000039 -0.8660232 0
vn 0 -1 0
vn 1.473151E-07 -1 0
vn 0.5000034 -0.8660235 0
vn 0.5000035 -0.8660234 0
vn 0.8660278 -0.499996 0
vn 0.866028 -0.4999956 0
vn 0 1 0
vn 0.4999991 0.866026 0
vn 0.4999991 0.866026 0
vn 0 1 0
vn -0.4999992 0.8660259 0
vn -0.4999991 0.866026 0
vn -0.866026 0.499999 0
vn -0.4999992 0.8660259 0
vn -0.4999991 0.866026 0
vn -0.866026 0.4999989 0
vn -1 -1.718678E-06 0
vn -1 -1.983845E-06 0
vn -0.8660277 -0.4999962 0
vn -0.8660278 -0.4999958 0
vn 0 -0.7071153 0.7070982
vn -0.3741309 -0.6557607 0.6557469
vn -0.376683 -0.9085433 0.1807177
vn 0 -0.980787 0.1950816
vn 0 -0.9807869 -0.195082
vn -0.3766831 -0.9085433 -0.1807173
vn -0.3741274 -0.6557548 -0.6557548
vn 0 -0.7071061 -0.7071074
vn 1 0 0
vn 1 0 0
vn 1 0 0
vn 1 0 0
vn 1 0 0
vn 1 1.094556E-07 0
vn 1 -2.189203E-07 0
vn 1 0 0
vn 1 0 0
vn 1 0 0
vn 1 1.094586E-07 0
vn 1 -2.189065E-07 0
vn 0 0.7071101 0.7071034
vn -0.3741141 0.6557583 0.6557587
vn -0.3766996 0.1807269 0.9085347
vn 0 0.1950994 0.9807835
vn 0 -0.195094 0.9807845
vn -0.3767007 -0.180722 0.9085352
vn -0.3741309 -0.6557607 0.6557469
vn 0 -0.7071153 0.7070982
vn -0.3766827 -0.1807176 -0.9085435
vn 0 -0.1950818 -0.9807869
vn 0 -0.7071061 -0.7071074
vn 0 0.1950875 -0.9807858
vn -0.3741274 -0.6557548 -0.6557548
vn -0.3766813 0.1807215 -0.9085433
vn -0.3741143 0.6557518 -0.6557652
vn 0 0.7071018 -0.7071117
vn 0 0.9807845 0.1950938
vn -0.3766789 0.9085433 0.1807259
vn -0.3741141 0.6557583 0.6557587
vn 0 0.7071101 0.7071034
vn -0.3766789 0.9085433 -0.1807259
vn 0 0.9807845 -0.1950936
vn 0 0.7071018 -0.7071117
vn -0.3741143 0.6557518 -0.6557652
vn -0.9118031 -0.4027384 -0.08010652
vn -0.9118025 0.4027395 -0.08010747
vn -0.9118028 -0.08010722 -0.4027385
vn -0.9024736 -0.3045824 -0.3045833
vn -0.3766827 -0.1807176 -0.9085435
vn -0.9118025 0.08010741 -0.4027393
vn -0.3766813 0.1807215 -0.9085433
vn -0.9024658 0.304598 -0.3045909
vn -0.3741143 0.6557518 -0.6557652
vn -0.3766789 0.9085433 -0.1807259
vn -0.9118021 0.4027402 0.08010852
vn -0.3766789 0.9085433 0.1807259
vn -0.9118026 -0.402739 0.08010755
vn -0.3766831 -0.9085433 -0.1807173
vn -0.3741274 -0.6557548 -0.6557548
vn -0.911814 0.08010344 0.402714
vn -0.9118125 -0.08011265 0.4027155
vn -0.3767007 -0.180722 0.9085352
vn -0.9024758 -0.3045838 0.3045755
vn -0.3741309 -0.6557607 0.6557469
vn -0.376683 -0.9085433 0.1807177
vn -0.9024662 0.3046007 0.3045866
vn -0.3741141 0.6557583 0.6557587
vn -0.3766996 0.1807269 0.9085347
vn -1 0 0
vn -1 0 0
vn -1 -4.868004E-07 0
vn -1 0 0
vn -1 0 0
vn -1 5.124393E-07 0
vn -1 3.752092E-07 0
vn -1 1.174606E-06 0
vn -1 0 0
vn -1 0 0
vn -1 9.331917E-07 0
vn -1 0 0
vn -1 0 0
vn -1 1.029952E-07 0
vn -1 0 0
vn -1 0 0
vn -1 0 0
vn -1 0 0
vn -1 0 0
vn -1 -1.48303E-07 0
vn -1 0 0
vn -1 0 0
vn -1 0 0
vn -1 0 0
vn -1 3.844201E-07 0
vn -1 0 0
vn 0 -0.9772783 -0.2119603
vn 0.3717587 -0.9072361 -0.1967691
vn 0.3717316 -0.9196701 0.1265801
vn 0 -0.9253785 -0.3790444
vn 0 -0.9906604 0.1363528
vn 0 -0.9506114 0.3103838
vn 0.3823653 -0.8783739 0.286803
vn 0 -0.9489758 0.3153492
vn 0.3826032 -0.8767705 0.2913558
vn 0 -0.9974885 0.07082886
vn 0.4141739 -0.9079115 0.06447314
vn 0 -0.9998766 0.01571164
vn 0.3710048 -0.9285163 0.01458864
vn 0 -0.9177545 0.3971483
vn 0.3710166 -0.8522509 0.3688021
vn 0 -0.6959038 0.7181349
vn 0.3710016 -0.6462414 0.6668806
vn 0.3907499 -0.3606219 -0.8469158
vn 0.9102157 -0.404725 -0.08777852
vn 0.9102009 -0.410299 0.05647231
vn 0 0.9971508 0.07543413
vn 0 0.9999996 -0.0008993316
vn 0.3901259 0.9207611 -0.0008276026
vn 0.3785295 0.7846214 -0.4910037
vn 0.3738635 0.9262461 0.04789834
vn 0 0.9986655 0.05164657
vn 0.3709559 0.8634439 0.3418429
vn 0 0.9297813 0.3681122
vn 0.3709982 0.6668832 0.6462408
vn 0 0.7181348 0.695904
vn 0 0.3680627 -0.9298009
vn 0 0.3681024 -0.9297853
vn 0.3826714 0.3400831 -0.8590146
vn 0.3907499 -0.3606219 -0.8469158
vn 0.3826833 0.3400981 -0.8590034
vn 0 0.3681161 -0.9297798
vn 0.3826937 0.3400938 -0.8590004
vn 0 0.3681204 -0.9297782
vn 0.3826773 0.3401106 -0.8590011
vn 0 0.3681288 -0.9297748
vn 0.3785295 0.7846214 -0.4910037
vn 0 0.3681093 -0.9297825
vn 0 0.7181348 0.695904
vn 0 0.3971479 0.9177547
vn 0.3709612 0.368807 0.852273
vn 0.3709982 0.6668832 0.6462408
vn 0.3709645 0.01458334 0.9285325
vn 0 0.01570871 0.9998766
vn 0.3709835 -0.3418456 0.8634309
vn 0 -0.3681129 0.9297811
vn 0.3710016 -0.6462414 0.6668806
vn 0 -0.6959038 0.7181349
vn 0.9088078 -0.1535828 0.3879182
vn 0.9087963 0.00655272 0.4171885
vn 0.9237663 -0.3634169 0.1207643
vn 0.9469076 -0.3206989 0.02276461
vn 0.4141739 -0.9079115 0.06447314
vn 0.3826032 -0.8767705 0.2913558
vn 0.9088187 -0.4171397 0.006558943
vn 0.3710048 -0.9285163 0.01458864
vn 0.9088266 -0.3828632 0.16568
vn 0.3710166 -0.8522509 0.3688021
vn 0.9088174 -0.2903272 0.2996017
vn 0.3710016 -0.6462414 0.6668806
vn 0.3709835 -0.3418456 0.8634309
vn 0.9088078 -0.1535828 0.3879182
vn 0.9087946 0.3879426 0.1535998
vn 0.3823653 -0.8783739 0.286803
vn 0.9235636 -0.3645074 0.1190156
vn 0.9102009 -0.410299 0.05647231
vn 0.3717316 -0.9196701 0.1265801
vn 0.9306499 0.3659109 -0.0003292447
vn 0.9102157 -0.404725 -0.08777852
vn 0.9135019 0.4062915 0.02101288
vn 0.3738635 0.9262461 0.04789834
vn 0.3901259 0.9207611 -0.0008276026
vn 0.8982189 0.3726139 -0.2331562
vn 0.3709559 0.8634439 0.3418429
vn 0.3709982 0.6668832 0.6462408
vn 0.908821 0.2995991 0.2903185
vn 0.9087956 0.1657112 0.3829232
vn 0.3709612 0.368807 0.852273
vn 0.9087963 0.00655272 0.4171885
vn 0.3709645 0.01458334 0.9285325
vn 0.3785295 0.7846214 -0.4910037
vn 0.3826773 0.3401106 -0.8590011
vn 0.9238766 0.1408821 -0.3558148
vn 0.3826937 0.3400938 -0.8590004
vn 0.9238846 0.1408657 -0.3558008
vn 0.3826833 0.3400981 -0.8590034
vn 0.9238794 0.1408762 -0.3558101
vn 0.9238707 0.1408722 -0.3558341
vn 0.3826714 0.3400831 -0.8590146
vn 0.9049971 -0.1666742 -0.3914076
vn 0.3907499 -0.3606219 -0.8469158
vn 0.3717587 -0.9072361 -0.1967691
vn -0.1360541 -0.9901086 0.03426649
vn -0.1359238 -0.9904678 0.02231944
vn 0.1359238 -0.9904678 0.02231941
vn -0.5133772 -0.8579454 0.0193301
vn 0.1360541 -0.9901086 0.03426646
vn 0.5133772 -0.8579453 0.01933016
vn 0.1348541 -0.9768812 -0.1658836
vn -0.1348541 -0.9768812 -0.1658837
vn -0.5035263 -0.8517437 -0.1448933
vn 0.503526 -0.8517439 -0.1448932
vn 0.1384569 -0.9717604 -0.1910798
vn -0.138457 -0.9717604 -0.1910798
vn -0.527449 -0.8335332 -0.1643776
vn 0.5274492 -0.833533 -0.1643778
vn 0.1328331 -0.9844758 0.1147294
vn -0.1328332 -0.9844757 0.1147294
vn -0.5120053 -0.8529737 0.101422
vn 0.5120052 -0.8529738 0.1014218
vn 0.1258017 -0.982999 0.1337419
vn -0.1258015 -0.982999 0.1337419
vn -0.4824231 -0.8679264 0.1182019
vn -0.8513778 -0.5193412 0.07376041
vn 0.4824239 -0.867926 0.1182023
vn 0.8513733 -0.5193486 0.0737604
vn 0.1292802 -0.9915295 0.01248719
vn -0.1292802 -0.9915295 0.01248722
vn -0.5002915 -0.8657884 0.0109023
vn -0.8688242 -0.4950814 0.006234548
vn 0.5002899 -0.8657894 0.01090233
vn 0.8688187 -0.495091 0.006234709
vn -0.8781409 -0.4756235 0.05148654
vn 0.8781356 -0.4756331 0.05148782
vn -0.1304066 0.9736896 -0.1868761
vn -0.130597 0.975134 -0.1790476
vn 0.1305966 0.9751341 -0.1790476
vn -0.5005871 0.8514447 -0.1563799
vn 0.1304068 0.9736896 -0.1868761
vn -0.1312465 0.9698309 -0.2054318
vn -0.4988962 0.8511334 -0.1633233
vn 0.5005865 0.851445 -0.1563799
vn 0.1289416 0.9669096 -0.220136
vn -0.1289419 0.9669096 -0.220136
vn -0.4970763 0.846015 -0.1928052
vn 0.4970756 0.8460153 -0.1928052
vn 0.1256545 0.9495497 -0.2873436
vn -0.125655 0.9495497 -0.2873435
vn -0.4884259 0.8351082 -0.2530502
vn -0.8608778 0.4875042 -0.1457025
vn 0.4884252 0.8351086 -0.2530504
vn 0.8608721 0.4875132 -0.1457052
vn 0.1267672 0.9693322 -0.2105355
vn -0.1267668 0.9693322 -0.2105355
vn -0.4854586 0.8543009 -0.185742
vn -0.8532411 0.5086251 -0.1152391
vn 0.485459 0.8543006 -0.1857418
vn 0.8532363 0.508633 -0.1152407
vn 0.1297826 0.9864177 -0.1006813
vn -0.1297826 0.9864177 -0.1006813
vn -0.4947558 0.8645404 -0.08824091
vn 0.4947563 0.8645402 -0.08824088
vn -0.8655494 0.4886018 -0.1099662
vn 0.8655438 0.4886113 -0.1099683
vn -0.9912416 0.1296247 -0.02524981
vn -0.9894593 -0.1431881 0.0216257
vn -0.9932074 -0.1159411 0.009832966
vn -0.9915709 0.1275007 -0.02303655
vn -0.9936587 -0.1104857 -0.02086096
vn -0.9925429 0.1192501 -0.02525979
vn -0.9920792 -0.1256037 0.001581779
vn -0.8688242 -0.4950814 0.006234548
vn -0.9915808 0.1264651 -0.02782096
vn -0.9903736 -0.1362689 -0.02430684
vn -0.8854247 -0.4562289 -0.08875921
vn -0.8781409 -0.4756235 0.05148654
vn -0.8513778 -0.5193412 0.07376041
vn -0.9912344 0.1268444 -0.0369443
vn -0.9920129 -0.1261028 0.002906653
vn -0.9896422 0.139575 -0.03357108
vn -0.9921989 -0.1245903 0.00431168
vn -0.9906293 0.1358727 -0.01386833
vn -0.8744743 -0.4847816 0.01677647
vn -0.8732559 -0.487136 0.01107221
vn -0.863003 -0.4977523 -0.08642076
vn -0.527449 -0.8335332 -0.1643776
vn -0.5120053 -0.8529737 0.101422
vn -0.5145838 -0.8569272 0.02965668
vn -0.5133772 -0.8579454 0.0193301
vn -0.5035263 -0.8517437 -0.1448933
vn -0.8532411 0.5086251 -0.1152391
vn -0.8606994 0.5064821 -0.05169521
vn -0.8608778 0.4875042 -0.1457025
vn -0.8655494 0.4886018 -0.1099662
vn -0.4854586 0.8543009 -0.185742
vn -0.4947558 0.8645404 -0.08824091
vn -0.8667853 0.4905744 -0.08955417
vn -0.864765 0.4930794 -0.095153
vn -0.5005871 0.8514447 -0.1563799
vn -0.4970763 0.846015 -0.1928052
vn -0.4988962 0.8511334 -0.1633233
vn -0.5065754 0.8434805 -0.1786669
vn -0.8731087 0.476943 -0.1010269
vn 0.9915697 0.1275101 -0.02303828
vn 0.9915795 0.126475 -0.02782312
vn 0.9936578 -0.1104943 -0.02086261
vn 0.9932064 -0.11595 0.009833734
vn 0.9912403 0.1296344 -0.02525171
vn 0.9903722 -0.1362792 -0.02430866
vn 0.9912331 0.1268541 -0.03694711
vn 0.88542 -0.4562378 -0.08876124
vn 0.8781356 -0.4756331 0.05148782
vn 0.9920116 -0.1261124 0.00290686
vn 0.9896407 0.1395855 -0.03357363
vn 0.9921976 -0.1246007 0.00431205
vn 0.9906278 0.1358829 -0.01386938
vn 0.9894575 -0.1431992 0.02162759
vn 0.9925417 0.119259 -0.0252617
vn 0.8513733 -0.5193486 0.0737604
vn 0.9920781 -0.1256125 0.00158189
vn 0.8688187 -0.495091 0.006234709
vn 0.8731036 0.4769522 -0.1010289
vn 0.8647601 0.4930878 -0.09515455
vn 0.5065753 0.8434807 -0.178667
vn 0.4988964 0.8511333 -0.1633232
vn 0.8744691 -0.484791 0.0167768
vn 0.8732514 -0.4871442 0.01107244
vn 0.5145836 -0.8569272 0.0296567
vn 0.5133772 -0.8579453 0.01933016
vn 0.8667805 0.4905828 -0.08955579
vn 0.5005865 0.851445 -0.1563799
vn 0.8655438 0.4886113 -0.1099683
vn 0.4970756 0.8460153 -0.1928052
vn 0.8629985 -0.4977598 -0.08642194
vn 0.503526 -0.8517439 -0.1448932
vn 0.5274492 -0.833533 -0.1643778
vn 0.8608721 0.4875132 -0.1457052
vn 0.8532363 0.508633 -0.1152407
vn 0.8606947 0.5064899 -0.051696
vn 0.485459 0.8543006 -0.1857418
vn 0.4947563 0.8645402 -0.08824088
vn 0.5120052 -0.8529738 0.1014218
vn -8.089854E-06 0.02666453 0.9996444
vn -8.292219E-07 0.02666446 0.9996445
vn 0 0.02667311 0.9996443
vn -1.595289E-06 0.02666596 0.9996444
vn 1.595304E-06 0.02666597 0.9996444
vn 8.292313E-07 0.02666443 0.9996445
vn 8.089755E-06 0.02666461 0.9996444
vn 0 0.02667285 0.9996443
vn 0 0.02666911 0.9996443
vn 0 0.02666911 0.9996443
vn 1.165299E-06 0.02666804 0.9996444
vn 1.279097E-06 0.0266675 0.9996444
vn 1.278394E-05 0.02664243 0.999645
vn -2.330602E-06 0.02666803 0.9996444
vn -2.558182E-06 0.02666746 0.9996444
vn -2.556792E-05 0.02664245 0.999645
vn 0.1312466 0.9698309 -0.2054318
vn 0.4988964 0.8511333 -0.1633232
vn 0.5065753 0.8434807 -0.178667
vn -0.5065754 0.8434805 -0.1786669
vn 4.251611E-06 -0.09772737 -0.9952133
vn -4.251631E-06 -0.09772734 -0.9952133
vn -2.003986E-07 -0.09772991 -0.995213
vn 2.003936E-07 -0.09772992 -0.995213
vn -1.851434E-05 -0.09771604 -0.9952143
vn 2.558953E-05 -0.0977564 -0.9952103
vn 5.430908E-06 -0.09773608 -0.9952123
vn 4.128874E-06 -0.09773164 -0.9952128
vn 1.851472E-05 -0.0977162 -0.9952143
vn -2.558949E-05 -0.09775619 -0.9952105
vn 3.435003E-06 -0.09773597 -0.9952124
vn 1.973859E-05 -0.09772758 -0.9952133
vn 2.600856E-05 -0.09771633 -0.9952142
vn -3.434977E-06 -0.09773605 -0.9952123
vn -9.313184E-06 -0.09773235 -0.9952128
vn 7.802804E-05 -0.09776467 -0.9952095
vn 0.130213 -0.9914791 -0.00372725
vn -0.1302129 -0.9914791 -0.00372725
vn -0.1310548 -0.9913681 -0.003725146
vn -0.4979109 -0.8672221 -0.003256017
vn 0.1310546 -0.9913681 -0.003725144
vn 0.497907 -0.8672243 -0.003256002
vn -0.5035003 -0.863989 -0.003242914
vn 0.5034959 -0.8639916 -0.0032429
vn -0.9919676 -0.1264916 -0.0004757618
vn -0.9911277 -0.1329115 -0.0004995492
vn -0.9916823 0.1287089 -0.0004039259
vn -0.9909809 0.1340022 -0.0004203391
vn -0.8676071 0.497248 -0.00155934
vn -0.8629641 0.5052628 -0.00158458
vn -0.5015818 0.865106 -0.002713407
vn -0.496942 0.8677795 -0.002721089
vn -0.8695174 -0.4938987 -0.001855597
vn -0.8639318 -0.5036052 -0.001890926
vn -0.5035003 -0.863989 -0.003242914
vn -0.4979109 -0.8672221 -0.003256017
vn 0.9919682 -0.126486 -0.0004758656
vn 0.9909818 0.1339964 -0.0004203111
vn 0.991683 0.1287038 -0.0004039274
vn 0.9911286 -0.132906 -0.0004996
vn 0.8676082 0.497246 -0.001559505
vn 0.862965 0.5052611 -0.001584606
vn 0.5015785 0.8651079 -0.002713509
vn 0.4969383 0.8677816 -0.002721076
vn 0.8695179 -0.493898 -0.001855657
vn 0.863932 -0.5036048 -0.001890923
vn 0.5034959 -0.8639916 -0.0032429
vn 0.497907 -0.8672243 -0.003256002
vn -1.067056E-06 0.02540994 0.9996771
vn -5.283215E-06 0.02540673 0.9996772
vn -5.33732E-07 0.02541273 0.9996771
vn 8.983412E-07 0.02541272 0.9996771
vn 1.067055E-06 0.02540994 0.9996771
vn -2.134689E-06 0.02540876 0.9996772
vn 2.13469E-06 0.02540876 0.9996772
vn 7.029624E-07 0.02540782 0.9996772
vn 1.016715E-05 0.02540457 0.9996773
vn -4.010045E-06 0.02541306 0.9996771
vn -1.067584E-06 0.0254078 0.9996772
vn -1.056801E-05 0.02540457 0.9996773
vn 0 0.02541305 0.9996771
vn 5.684094E-06 0.02540672 0.9996772
vn 4.009411E-06 0.02543026 0.9996766
vn 0 0.0254302 0.9996766
vn 0.1300641 0.9915007 -0.003106811
vn -0.1300641 0.9915007 -0.003106852
vn -0.1307621 0.9914089 -0.003107279
vn -0.496942 0.8677795 -0.002721089
vn 0.130762 0.9914089 -0.003107236
vn 0.4969383 0.8677816 -0.002721076
vn -0.5015818 0.865106 -0.002713407
vn 0.5015785 0.8651079 -0.002713509
vn 3.198727E-06 -0.04564642 -0.9989576
vn 1.263514E-05 -0.0456465 -0.9989576
vn -1.315923E-06 -0.04564394 -0.9989578
vn 5.867687E-07 -0.04564393 -0.9989578
vn -3.19873E-06 -0.04564641 -0.9989576
vn 0 -0.04564569 -0.9989578
vn 0 -0.0456457 -0.9989578
vn 0 -0.04564824 -0.9989576
vn 0 -0.04564857 -0.9989575
vn 0 -0.04566798 -0.9989567
vn 0 -0.04564819 -0.9989576
vn 0 -0.04564854 -0.9989575
vn 0 -0.04566807 -0.9989567
vn -1.343653E-05 -0.04564647 -0.9989576
vn 2.404496E-05 -0.04561461 -0.9989591
vn -3.205973E-05 -0.04561457 -0.9989592
vn -0.8679909 0.3022337 0.3940136
vn -0.5123714 0.2318994 0.8268604
vn -0.4569581 0.5515048 0.6978767
vn -0.8727237 0.01075024 0.4880962
vn -0.4708689 -0.004497818 0.8821918
vn -0.8714877 -0.2850071 0.3990991
vn -0.4531511 -0.5176335 0.7257476
vn -0.4775149 -0.8104805 0.3392653
vn -0.8659542 -0.46466 0.184972
vn -0.5004932 -0.8366042 0.2227103
vn -0.8541274 -0.4870463 0.182352
vn -0.6743707 -0.369993 0.6390064
vn -0.8660103 -0.2332211 0.4423055
vn -0.8556581 0.07851294 0.5115513
vn -0.4894538 0.1599866 0.8572277
vn -0.8701783 -0.08301201 0.485694
vn -0.4632556 -0.1532691 0.8728704
vn -0.4680264 -0.5851537 0.6622284
vn -0.8673226 -0.3336765 0.3693394
vn -0.4824106 -0.7806011 0.3974191
vn -0.8663477 -0.4472713 0.2222386
vn -0.4911156 -0.8369386 0.2415353
vn -0.8687407 -0.4769921 0.1332969
vn -0.4990345 -0.8559502 0.1353284
vn -0.8712924 -0.4907217 0.006461811
vn -0.4853311 -0.8742464 -0.01212801
vn -0.8666393 -0.4771722 -0.14575
vn -0.4764294 -0.8394986 -0.2612605
vn -0.8675469 -0.3802567 -0.3205732
vn -0.4724941 -0.6745034 -0.5672692
vn -0.4802029 -0.4270951 -0.7661559
vn -0.8660088 -0.2395642 -0.4389051
vn -0.4881188 -0.2370064 -0.839981
vn -0.8659561 -0.1367425 -0.4810629
vn -0.8661368 -0.04889414 -0.4974097
vn -0.4879792 -0.08494692 -0.8687118
vn -0.8660582 0.04470975 -0.4979401
vn -0.4869196 0.07873105 -0.8698912
vn -0.8661202 0.1495418 -0.4769414
vn -0.4843965 0.2628272 -0.834435
vn -0.8661909 0.2677204 -0.4219469
vn -0.4810836 0.4704773 -0.7397362
vn -0.8661779 0.3820239 -0.3221703
vn -0.4792616 0.6710321 -0.565707
vn -0.479538 0.8133336 -0.3294415
vn -0.8660235 0.4632917 -0.1880541
vn -0.8661816 0.4990319 -0.02638925
vn -0.4765807 0.878033 -0.04391766
vn -0.8664396 0.4685734 0.1723986
vn -0.4713297 0.8271252 0.3061244
vn -0.8641695 0.3430496 0.3681414
vn -0.4692762 0.5996487 0.6482295
vn -0.5991138 0.6882721 0.4090774
vn -0.8660178 0.4232823 0.2661677
vn -0.8625857 0.4974707 -0.09202567
vn -0.5308921 0.8256627 -0.1908782
vn -0.4892126 0.8069326 -0.3309542
vn -0.8739892 0.4829777 0.05362273
vn -0.448374 0.8884186 0.09835297
vn 0.8609041 0.5086695 -0.009981057
vn 0.4986687 0.8555502 -0.1391527
vn 0.8628315 0.4870026 -0.1354631
vn 0.5139165 0.8578313 -0.003897999
vn 0.5271525 0.8183562 0.2289175
vn 0.5081274 0.8289497 -0.2337712
vn 0.8651894 0.4803014 0.1440758
vn 0.5420575 0.6387915 0.5460029
vn 0.8660019 0.3815214 0.3232371
vn 0.8644325 0.2402537 0.4416272
vn 0.5173317 0.3972048 0.7580213
vn 0.8658016 0.1358845 0.4815838
vn 0.5120793 0.2348995 0.8261943
vn 0.5131027 0.08538303 0.85407
vn 0.5141429 0.7795978 -0.3576092
vn 0.8640131 0.4524835 -0.2207712
vn 0.5306848 0.6355528 -0.5607551
vn 0.8636201 0.342344 -0.3700824
vn 0.5877787 0.1567025 -0.7937005
vn 0.866028 0.07974727 -0.4935948
vn 0.8618724 -0.06652746 -0.5027426
vn 0.4782444 -0.1141387 -0.8707782
vn 0.8765965 0.2248178 -0.4254827
vn 0.4456288 0.4174989 -0.7919025
vn 0.8659762 0.04920572 0.4976586
vn 0.5137969 -0.07548695 0.8545843
vn 0.4729083 0.8035138 -0.3615569
vn 0.8661079 0.4619683 -0.1908985
vn 0.8658976 -0.04445606 0.4982419
vn 0.5167369 -0.2534416 0.8177716
vn 0.8658106 -0.1491164 0.4776361
vn 0.5212648 -0.4544354 0.7223375
vn 0.8658773 -0.2674516 0.4227601
vn 0.5239453 -0.6505492 0.5497881
vn 0.8660282 -0.3821148 0.3224646
vn 0.8657393 -0.4636402 0.1885026
vn 0.5221021 -0.7897717 0.3219784
vn 0.5256152 -0.8491144 0.05228247
vn 0.8653814 -0.5003361 0.02791113
vn 0.5349181 -0.7960113 -0.2832468
vn 0.8656717 -0.4703939 -0.1712952
vn 0.5401908 -0.5644001 -0.6242167
vn 0.8698086 -0.3354802 -0.3617817
vn 0.4935001 -0.4408636 -0.7497312
vn 0.8730558 -0.4155362 -0.2551535
vn 0.4500816 -0.7616536 -0.4661657
vn 0.4657391 -0.8761016 0.1246315
vn 0.8667566 -0.4926881 0.07740445
vn 0.4807783 -0.7872795 0.386061
vn 0.8738292 -0.4848226 -0.03700617
vn 0.7228426 -0.6547793 -0.2208226
vn 0.8598244 -0.2972476 -0.4151455
vn 0.489963 -0.2515638 -0.8346567
vn 0.4814335 -0.27286 -0.8329281
vn 0.4770841 -0.2462941 -0.843641
vn 0.8554519 -0.02357343 -0.5173455
vn 0.5246084 -0.04929877 -0.8499151
vn 0.5997517 0.4748404 -0.6440686
vn 0.8660176 0.2923649 -0.4056307
vn 0.8602569 0.4770534 -0.1799393
vn 0.5112034 0.8135635 -0.2771023
vn -0.514145 0.7795953 -0.3576117
vn -0.5081277 0.8289487 -0.2337736
vn -0.8628327 0.4870009 -0.135462
vn -0.4986701 0.855549 -0.1391551
vn -0.8609061 0.5086659 -0.009980955
vn -0.5139194 0.8578296 -0.003900415
vn -0.5271524 0.8183561 0.2289185
vn -0.8640146 0.4524795 -0.2207737
vn -0.8651899 0.4803002 0.1440765
vn -0.5420576 0.6387881 0.5460067
vn -0.8660076 0.3815139 0.3232304
vn -0.864436 0.2402493 0.4416227
vn -0.5173297 0.3972011 0.7580245
vn -0.8658026 0.1358836 0.4815822
vn -0.512081 0.2348995 0.8261933
vn -0.513103 0.08538347 0.8540697
vn -0.5307599 0.6353093 -0.5609599
vn -0.8636211 0.3423407 -0.370083
vn -0.5877815 0.1566996 -0.793699
vn -0.8660289 0.0797463 -0.4935934
vn -0.8618724 -0.06652693 -0.5027428
vn -0.4782444 -0.1141395 -0.8707781
vn -0.8765973 0.224818 -0.425481
vn -0.4456296 0.4174996 -0.7919016
vn -0.4729078 0.8035141 -0.3615568
vn -0.8661091 0.461966 -0.1908989
vn -0.5112041 0.8135641 -0.2770991
vn -0.8602594 0.4770491 -0.1799384
vn -0.5997517 0.4748417 -0.6440677
vn -0.8660166 0.2923638 -0.4056338
vn -0.8554516 -0.02357369 -0.517346
vn -0.524609 -0.04929937 -0.8499147
vn -0.4770443 -0.2455315 -0.8438857
vn -0.8569498 -0.3035978 -0.4164919
vn -0.4938133 -0.2607121 -0.8295647
vn -0.7228336 -0.6547878 -0.2208267
vn -0.873828 -0.484825 -0.03700626
vn -0.4807779 -0.7872801 0.3860603
vn -0.8667569 -0.4926873 0.07740481
vn -0.4657393 -0.8761016 0.1246309
vn -0.8730559 -0.4155364 -0.2551524
vn -0.4500816 -0.7616535 -0.4661657
vn -0.4935 -0.4408637 -0.7497312
vn -0.8698085 -0.3354798 -0.3617823
vn -0.54019 -0.5643991 -0.6242182
vn -0.8656717 -0.4703943 -0.1712942
vn -0.5349185 -0.796011 -0.2832463
vn -0.8653792 -0.5003396 0.02791135
vn -0.5256141 -0.849115 0.05228285
vn -0.8657408 -0.4636377 0.1885019
vn -0.5221049 -0.7897698 0.3219785
vn -0.5239476 -0.6505479 0.5497875
vn -0.8660312 -0.3821102 0.3224617
vn -0.8658776 -0.2674512 0.4227597
vn -0.5212648 -0.4544356 0.7223374
vn -0.8658096 -0.1491154 0.4776382
vn -0.5167376 -0.2534421 0.817771
vn -0.8658968 -0.04445531 0.4982433
vn -0.5137979 -0.075488 0.8545838
vn -0.8659756 0.04920579 0.4976597
vn -0.4802029 -0.4270951 -0.7661559
vn 0.4802019 -0.4270952 -0.7661566
vn 0.4724933 -0.6745027 -0.5672709
vn -0.4724941 -0.6745034 -0.5672692
vn 0.4881179 -0.2370071 -0.8399813
vn -0.4881188 -0.2370064 -0.839981
vn -0.4879792 -0.08494692 -0.8687118
vn 0.4879801 -0.08494686 -0.8687114
vn 0.4869198 0.07873071 -0.8698911
vn -0.4869196 0.07873105 -0.8698912
vn -0.4843965 0.2628272 -0.834435
vn 0.4843934 0.2628279 -0.8344366
vn -0.4810836 0.4704773 -0.7397362
vn 0.4810822 0.4704784 -0.7397364
vn 0.871486 -0.285008 0.3991021
vn 0.4531494 -0.5176335 0.7257487
vn 0.4775152 -0.8104799 0.3392663
vn 0.8659532 -0.4646615 0.1849726
vn 0.5004926 -0.8366035 0.2227146
vn 0.8541251 -0.48705 0.1823528
vn 0.6743704 -0.3699915 0.6390077
vn 0.8660117 -0.2332212 0.4423028
vn 0.8556586 0.07851332 0.5115507
vn 0.4894548 0.1599867 0.8572271
vn 0.8701792 -0.08301185 0.4856925
vn 0.4632564 -0.1532699 0.8728698
vn 0.4680253 -0.5851542 0.6622288
vn 0.8673232 -0.3336773 0.3693372
vn 0.4824104 -0.7806016 0.3974184
vn 0.866346 -0.4472747 0.2222387
vn 0.4911153 -0.8369389 0.2415343
vn 0.8687385 -0.4769959 0.1332981
vn 0.499034 -0.8559504 0.1353297
vn 0.8712914 -0.4907236 0.00645946
vn 0.485332 -0.8742459 -0.01212353
vn 0.8666387 -0.4771731 -0.14575
vn 0.4764307 -0.8394984 -0.2612588
vn 0.8675449 -0.3802597 -0.3205749
vn 0.4724933 -0.6745027 -0.5672709
vn 0.4802019 -0.4270952 -0.7661566
vn 0.866007 -0.2395671 -0.4389071
vn 0.4881179 -0.2370071 -0.8399813
vn 0.8659545 -0.1367442 -0.4810653
vn 0.8661372 -0.04889331 -0.4974091
vn 0.4879801 -0.08494686 -0.8687114
vn 0.8660603 0.04470848 -0.4979364
vn 0.4869198 0.07873071 -0.8698911
vn 0.8661187 0.1495423 -0.4769439
vn 0.4843934 0.2628279 -0.8344366
vn 0.8661892 0.2677224 -0.4219489
vn 0.4810822 0.4704784 -0.7397364
vn 0.8661771 0.3820247 -0.3221715
vn 0.4792613 0.6710318 -0.5657073
vn 0.4795371 0.8133338 -0.3294423
vn 0.8660219 0.4632939 -0.1880554
vn 0.8661816 0.4990319 -0.02639053
vn 0.47658 0.8780334 -0.04391842
vn 0.866439 0.4685742 0.1723992
vn 0.4713287 0.827126 0.3061239
vn 0.86417 0.3430492 0.3681406
vn 0.469277 0.5996487 0.6482288
vn 0.5991133 0.6882729 0.4090767
vn 0.8660169 0.4232845 0.2661676
vn 0.8625852 0.4974716 -0.09202638
vn 0.5308927 0.8256621 -0.1908797
vn 0.489212 0.8069326 -0.3309552
vn 0.8739882 0.4829796 0.0536234
vn 0.4483734 0.8884187 0.09835394
vn 0.456957 0.5515053 0.6978769
vn 0.8679909 0.3022353 0.3940124
vn 0.5123707 0.2318998 0.8268607
vn 0.8727233 0.01075118 0.4880968
vn 0.470868 -0.004497599 0.8821923
vn 0.469277 0.5996487 0.6482288
vn 0.4713287 0.827126 0.3061239
vn -0.4713297 0.8271252 0.3061244
vn 0.47658 0.8780334 -0.04391842
vn -0.4692762 0.5996487 0.6482295
vn -0.4765807 0.878033 -0.04391766
vn 0.4795371 0.8133338 -0.3294423
vn -0.479538 0.8133336 -0.3294415
vn 0.4792613 0.6710318 -0.5657073
vn -0.4792616 0.6710321 -0.565707
vn 0.4810822 0.4704784 -0.7397364
vn -0.4810836 0.4704773 -0.7397362
vn -0.4632556 -0.1532691 0.8728704
vn 0.4632564 -0.1532699 0.8728698
vn 0.4894548 0.1599867 0.8572271
vn -0.4894538 0.1599866 0.8572277
vn 0.6743704 -0.3699915 0.6390077
vn -0.6743707 -0.369993 0.6390064
vn -0.4680264 -0.5851537 0.6622284
vn 0.4680253 -0.5851542 0.6622288
vn 0.5420575 0.6387915 0.5460029
vn -0.5420576 0.6387881 0.5460067
vn -0.5271524 0.8183561 0.2289185
vn 0.5271525 0.8183562 0.2289175
vn -0.5139194 0.8578296 -0.003900415
vn 0.5139165 0.8578313 -0.003897999
vn -0.4986701 0.855549 -0.1391551
vn 0.4986687 0.8555502 -0.1391527
vn 0.5081274 0.8289497 -0.2337712
vn -0.5081277 0.8289487 -0.2337736
vn -0.514145 0.7795953 -0.3576117
vn 0.5141429 0.7795978 -0.3576092
vn -0.5307599 0.6353093 -0.5609599
vn 0.5306848 0.6355528 -0.5607551
vn 0.5877787 0.1567025 -0.7937005
vn -0.5877815 0.1566996 -0.793699
vn 0.5120793 0.2348995 0.8261943
vn -0.512081 0.2348995 0.8261933
vn -0.5173297 0.3972011 0.7580245
vn 0.5173317 0.3972048 0.7580213
vn -0.5420576 0.6387881 0.5460067
vn 0.5131027 0.08538303 0.85407
vn -0.513103 0.08538347 0.8540697
vn 0.5137969 -0.07548695 0.8545843
vn 0.5420575 0.6387915 0.5460029
vn -0.5137979 -0.075488 0.8545838
vn -0.5167376 -0.2534421 0.817771
vn 0.5167369 -0.2534416 0.8177716
vn 0.5212648 -0.4544354 0.7223375
vn -0.5212648 -0.4544356 0.7223374
vn 0.4483734 0.8884187 0.09835394
vn 0.489212 0.8069326 -0.3309552
vn -0.4892126 0.8069326 -0.3309542
vn 0.5308927 0.8256621 -0.1908797
vn -0.448374 0.8884186 0.09835297
vn 0.456957 0.5515053 0.6978769
vn -0.4569581 0.5515048 0.6978767
vn -0.5308921 0.8256627 -0.1908782
vn 0.5991133 0.6882729 0.4090767
vn -0.5991138 0.6882721 0.4090774
vn -0.524609 -0.04929937 -0.8499147
vn -0.4770443 -0.2455315 -0.8438857
vn 0.4770841 -0.2462941 -0.843641
vn 0.4814335 -0.27286 -0.8329281
vn -0.4938133 -0.2607121 -0.8295647
vn 0.489963 -0.2515638 -0.8346567
vn 0.5246084 -0.04929877 -0.8499151
vn -0.7228336 -0.6547878 -0.2208267
vn 0.7228426 -0.6547793 -0.2208226
vn 0.5997517 0.4748404 -0.6440686
vn -0.5997517 0.4748417 -0.6440677
vn 0.4657391 -0.8761016 0.1246315
vn -0.4657393 -0.8761016 0.1246309
vn -0.4500816 -0.7616535 -0.4661657
vn 0.4500816 -0.7616536 -0.4661657
vn 0.4807783 -0.7872795 0.386061
vn -0.4807779 -0.7872801 0.3860603
vn -0.7228336 -0.6547878 -0.2208267
vn 0.7228426 -0.6547793 -0.2208226
vn -0.4724941 -0.6745034 -0.5672692
vn 0.4724933 -0.6745027 -0.5672709
vn 0.4764307 -0.8394984 -0.2612588
vn -0.4764294 -0.8394986 -0.2612605
vn 0.485332 -0.8742459 -0.01212353
vn -0.4853311 -0.8742464 -0.01212801
vn 0.499034 -0.8559504 0.1353297
vn -0.4990345 -0.8559502 0.1353284
vn 0.4911153 -0.8369389 0.2415343
vn -0.4911156 -0.8369386 0.2415353
vn 0.4824104 -0.7806016 0.3974184
vn -0.4824106 -0.7806011 0.3974191
vn 0.4680253 -0.5851542 0.6622288
vn -0.4680264 -0.5851537 0.6622284
vn -0.5123714 0.2318994 0.8268604
vn 0.5123707 0.2318998 0.8268607
vn 0.456957 0.5515053 0.6978769
vn -0.4569581 0.5515048 0.6978767
vn -0.4708689 -0.004497818 0.8821918
vn 0.470868 -0.004497599 0.8821923
vn 0.4531494 -0.5176335 0.7257487
vn -0.4531511 -0.5176335 0.7257476
vn 0.4729083 0.8035138 -0.3615569
vn -0.4729078 0.8035141 -0.3615568
vn -0.5112041 0.8135641 -0.2770991
vn -0.4456296 0.4174996 -0.7919016
vn 0.5112034 0.8135635 -0.2771023
vn -0.5997517 0.4748417 -0.6440677
vn 0.4456288 0.4174989 -0.7919025
vn 0.5997517 0.4748404 -0.6440686
vn -0.4935 -0.4408637 -0.7497312
vn -0.54019 -0.5643991 -0.6242182
vn 0.5401908 -0.5644001 -0.6242167
vn 0.4935001 -0.4408636 -0.7497312
vn 0.4500816 -0.7616536 -0.4661657
vn -0.4500816 -0.7616535 -0.4661657
vn 0.5221021 -0.7897717 0.3219784
vn -0.5221049 -0.7897698 0.3219785
vn -0.5239476 -0.6505479 0.5497875
vn -0.5256141 -0.849115 0.05228285
vn 0.5239453 -0.6505492 0.5497881
vn 0.5256152 -0.8491144 0.05228247
vn 0.5349181 -0.7960113 -0.2832468
vn -0.5349185 -0.796011 -0.2832463
vn 0.5401908 -0.5644001 -0.6242167
vn -0.54019 -0.5643991 -0.6242182
vn 0.5212648 -0.4544354 0.7223375
vn -0.5212648 -0.4544356 0.7223374
vn -0.5991138 0.6882721 0.4090774
vn 0.5991133 0.6882729 0.4090767
vn 0.469277 0.5996487 0.6482288
vn -0.4692762 0.5996487 0.6482295
vn -0.4782444 -0.1141395 -0.8707781
vn -0.4456296 0.4174996 -0.7919016
vn 0.4456288 0.4174989 -0.7919025
vn 0.4782444 -0.1141387 -0.8707782
vn 0.5877787 0.1567025 -0.7937005
vn -0.5877815 0.1566996 -0.793699
vn 0.4775152 -0.8104799 0.3392663
vn 0.4531494 -0.5176335 0.7257487
vn -0.4531511 -0.5176335 0.7257476
vn -0.4775149 -0.8104805 0.3392653
vn 0.5004926 -0.8366035 0.2227146
vn -0.5004932 -0.8366042 0.2227103
vn -0.6743707 -0.369993 0.6390064
vn 0.6743704 -0.3699915 0.6390077
vn -0.8920058 0.1840372 0.4128633
vn -0.9937348 0.0448512 0.1023703
vn -0.9927748 0.04490443 0.1112729
vn -0.9954561 0.004755593 -0.09510295
vn -0.9046622 0.1135179 0.410731
vn -0.9954561 0.004755864 -0.09510289
vn -0.918088 0.01979938 -0.3958818
vn -0.9059088 0.09647934 -0.412336
vn -0.8874166 0.1660838 0.4300091
vn -0.5460338 0.3442675 0.7637585
vn -0.5694756 0.2248892 0.7906468
vn -0.5907421 -0.04653214 0.8055176
vn -0.9935363 0.01795109 0.1120862
vn -0.994482 0.003677954 0.1048427
vn -0.896297 0.06705669 0.4383548
vn -0.5455723 0.2925333 0.7853503
vn -0.9941112 0.02620869 -0.1051475
vn -0.8525252 0.3512624 -0.3870601
vn -0.9949706 0.005002982 -0.1000424
vn -0.5847477 0.1741108 -0.7923104
vn -0.6061361 0.03973152 -0.7943679
vn -0.5150634 0.5260763 -0.6767225
vn -0.9180886 0.01979727 -0.3958807
vn -0.913915 0.02027186 -0.4053992
vn -0.6061365 0.03972274 -0.7943681
vn -0.598659 0.04000162 -0.8000046
vn -0.986938 0.1170528 -0.1106893
vn -0.7313996 0.6207094 -0.2824437
vn -0.9589686 0.2666373 -0.09635156
vn -0.8776547 0.3801914 -0.2918507
vn -0.9948854 0.02566262 0.09769607
vn -0.9975991 0.03920751 -0.05708711
vn -0.9386516 0.05698689 -0.3401262
vn -0.9958445 -0.004428651 0.09096198
vn -0.9939832 -0.02955247 0.1054707
vn -0.9970008 0.01295172 -0.07630034
vn -0.9939305 -0.0289004 0.1061457
vn -0.9957598 0.02728457 -0.08785275
vn -0.992132 0.1238881 0.0180513
vn -0.9949942 0.09494149 -0.03118781
vn -0.8877209 0.450883 0.09303746
vn -0.9230503 0.3405443 -0.1789073
vn -0.8920318 0.4493029 -0.04905297
vn -0.5527897 0.8329934 -0.0233551
vn -0.5421 0.8216153 0.1762841
vn -0.9919647 0.1056451 0.06960697
vn -0.8826209 0.3925406 0.2586354
vn -0.5401371 0.7027534 0.4630222
vn -0.991688 0.03282184 0.1244098
vn -0.8879794 0.1140382 0.4455195
vn -0.8970411 -0.1160248 0.4264453
vn -0.8974186 -0.1190304 0.4248195
vn -0.5575817 0.1995622 0.8057777
vn -0.5591336 -0.2175553 0.8000246
vn -0.5596078 -0.2235963 0.798025
vn -0.6330916 0.684348 -0.3617497
vn -0.9321788 0.1148271 -0.3433038
vn -0.9153561 -0.02204803 0.4020412
vn -0.6580068 0.1233822 -0.742835
vn -0.651007 0.2607489 -0.7128814
vn -0.4835665 0.6804595 -0.5505801
vn 0.1484419 0.4064251 0.9015452
vn -0.1484383 0.4064253 0.9015456
vn -0.1509128 0.3436995 0.9268743
vn 0.1509173 0.3436992 0.9268737
vn -0.1585059 0.1428353 0.9769718
vn -0.5455723 0.2925333 0.7853503
vn -0.5460338 0.3442675 0.7637585
vn -0.1570578 0.2698359 0.9500113
vn 0.1570621 0.2698358 0.9500106
vn 0.164156 -0.05631918 0.9848253
vn -0.5620014 0.1203605 0.8183324
vn -0.5744154 0.02869693 0.8180608
vn 0.545576 0.2925326 0.785348
vn 0.5460362 0.3442668 0.7637571
vn 0.569479 0.2248888 0.7906445
vn 0.590745 -0.04653195 0.8055155
vn -0.1618047 0.03459371 0.9862162
vn 0.15851 0.1428352 0.9769712
vn 0.5620049 0.1203603 0.81833
vn 0.5744189 0.02869684 0.8180583
vn 0.1618091 0.0345937 0.9862155
vn 0.5596102 -0.2235958 0.7980234
vn 0.1550498 -0.2665357 0.951272
vn -0.1641514 -0.05631923 0.9848261
vn -0.1550453 -0.2665359 0.9512726
vn -0.5596078 -0.2235963 0.798025
vn 0.1549965 -0.2592291 0.9532977
vn -0.1549939 -0.2592292 0.953298
vn -0.5591336 -0.2175553 0.8000246
vn 0.5591355 -0.217555 0.8000233
vn 0.1641372 0.2352103 0.9579849
vn -0.164135 0.2352107 0.9579852
vn -0.5575817 0.1995622 0.8057777
vn -0.151393 0.8254206 0.5438392
vn 0.1513966 0.8254201 0.5438389
vn 0.5575837 0.1995615 0.8057764
vn -0.5907421 -0.04653214 0.8055176
vn -0.5401371 0.7027534 0.4630222
vn 0.5401409 0.7027514 0.4630209
vn -0.5694756 0.2248892 0.7906468
vn 0.8874166 0.1660837 0.4300093
vn 0.8920055 0.1840374 0.4128636
vn 0.5460362 0.3442668 0.7637571
vn 0.545576 0.2925326 0.785348
vn 0.9927748 0.04490444 0.1112731
vn 0.9937348 0.04485136 0.1023704
vn 0.9954561 0.004755725 -0.09510291
vn 0.9941112 0.02620858 -0.1051475
vn 0.9059088 0.09647913 -0.4123361
vn 0.918088 0.01979944 -0.3958816
vn 0.5847514 0.1741103 -0.7923077
vn 0.6061403 0.03973152 -0.7943648
vn 0.8525252 0.3512625 -0.38706
vn 0.986938 0.1170525 -0.1106893
vn 0.5150667 0.5260756 -0.6767206
vn 0.9948854 0.02566297 0.09769607
vn 0.9046621 0.113518 0.410731
vn 0.569479 0.2248888 0.7906445
vn 0.7313996 0.6207094 -0.2824437
vn 0.9589685 0.2666382 -0.09635165
vn 0.8776549 0.3801907 -0.2918507
vn 0.9958445 -0.004428347 0.09096184
vn 0.9975991 0.03920736 -0.05708698
vn 0.9386517 0.05698737 -0.3401256
vn 0.9153562 -0.02204815 0.402041
vn 0.590745 -0.04653195 0.8055155
vn 0.8974183 -0.1190306 0.42482
vn 0.5596102 -0.2235958 0.7980234
vn 0.9939832 -0.02955242 0.1054706
vn 0.9970006 0.01295252 -0.0763007
vn 0.9957599 0.0272837 -0.08785132
vn 0.992132 0.1238883 0.01805138
vn 0.9949942 0.09494095 -0.03118915
vn 0.8877211 0.4508829 0.09303744
vn 0.9939305 -0.02890047 0.1061456
vn 0.897041 -0.1160249 0.4264454
vn 0.5591355 -0.217555 0.8000233
vn 0.9919647 0.105645 0.06960718
vn 0.8826208 0.3925409 0.2586354
vn 0.991688 0.03282189 0.1244096
vn 0.8879794 0.1140383 0.4455198
vn 0.5575837 0.1995615 0.8057764
vn 0.5401409 0.7027514 0.4630209
vn 0.5421039 0.8216127 0.1762833
vn 0.552793 0.8329912 -0.02335492
vn 0.8920317 0.449303 -0.04905302
vn 0.9230504 0.3405438 -0.1789073
vn 0.6330959 0.6843453 -0.3617475
vn 0.932179 0.1148268 -0.3433031
vn 0.6510115 0.2607474 -0.7128779
vn 0.6580101 0.1233818 -0.7428322
vn 0.4835708 0.6804575 -0.5505787
vn 0.1499245 0.9666975 0.2074092
vn -0.1499201 0.9666981 0.2074098
vn -0.151393 0.8254206 0.5438392
vn -0.5401371 0.7027534 0.4630222
vn 0.1513966 0.8254201 0.5438389
vn 0.5401409 0.7027514 0.4630209
vn 0.1535887 0.9881086 -0.00720978
vn -0.1535847 0.9881092 -0.007209325
vn -0.5421 0.8216153 0.1762841
vn 0.5421039 0.8216127 0.1762833
vn 0.2037197 0.8552283 -0.476532
vn -0.203715 0.8552293 -0.4765324
vn -0.6330916 0.684348 -0.3617497
vn -0.5527897 0.8329934 -0.0233551
vn 0.6330959 0.6843453 -0.3617475
vn 0.552793 0.8329912 -0.02335492
vn 0.1770621 0.04916431 -0.982971
vn -0.177057 0.04916438 -0.9829718
vn -0.1705121 0.2084673 -0.963051
vn -0.6061361 0.03973152 -0.7943679
vn -0.6061365 0.03972274 -0.7943681
vn 0.177062 0.04915442 -0.9829715
vn 0.6061397 0.03972247 -0.7943657
vn 0.1705167 0.208467 -0.9630502
vn 0.6061403 0.03973152 -0.7943648
vn -0.5847477 0.1741108 -0.7923104
vn -0.1417268 0.5959393 -0.7904239
vn 0.1417307 0.5959386 -0.7904236
vn 0.5847514 0.1741103 -0.7923077
vn 0.5150667 0.5260756 -0.6767206
vn 0.5986636 0.04000149 -0.8000011
vn 0.1754297 0.04916442 -0.9832636
vn -0.1770576 0.0491545 -0.9829723
vn -0.1754241 0.04916447 -0.9832646
vn -0.598659 0.04000162 -0.8000046
vn -0.5150634 0.5260763 -0.6767225
vn 0.134502 0.7310486 -0.6689374
vn -0.1344983 0.7310478 -0.6689389
vn -0.2015176 0.1602992 -0.9662789
vn -0.4835665 0.6804595 -0.5505801
vn 0.201522 0.160299 -0.966278
vn -0.2102944 0.347488 -0.9137989
vn 0.4835708 0.6804575 -0.5505787
vn -0.651007 0.2607489 -0.7128814
vn -0.6580068 0.1233822 -0.742835
vn 0.2102997 0.3474883 -0.9137975
vn -0.203715 0.8552293 -0.4765324
vn -0.6330916 0.684348 -0.3617497
vn 0.6510115 0.2607474 -0.7128779
vn 0.6580101 0.1233818 -0.7428322
vn 0.2037197 0.8552283 -0.476532
vn 0.6330959 0.6843453 -0.3617475
vn 0.3695767 0.8226892 -0.431967
vn 0.08645014 0.8816648 -0.4638898
vn 0.134502 0.7310486 -0.6689374
vn 0.5150667 0.5260756 -0.6767206
vn 0.4835708 0.6804575 -0.5505787
vn 0.7313996 0.6207094 -0.2824437
vn 0.8525252 0.3512625 -0.38706
vn -0.08644754 0.8816652 -0.4638894
vn -0.1344983 0.7310478 -0.6689389
vn -0.3695749 0.8226896 -0.4319678
vn 0.1417307 0.5959386 -0.7904236
vn -0.4835665 0.6804595 -0.5505801
vn -0.7313996 0.6207094 -0.2824437
vn -0.8776547 0.3801914 -0.2918507
vn 0.8776549 0.3801907 -0.2918507
vn -0.5150634 0.5260763 -0.6767225
vn -0.1417268 0.5959393 -0.7904239
vn -0.8525252 0.3512624 -0.3870601
vn -0.5620014 0.1203605 0.8183324
vn -0.9042946 0.01496736 0.4266464
vn -0.5744154 0.02869693 0.8180608
vn 0.9139149 0.02027185 -0.4053993
vn 0.5986636 0.04000149 -0.8000011
vn 0.6061397 0.03972247 -0.7943657
vn 0.9180883 0.01979734 -0.395881
vn 0.9949706 0.00500298 -0.1000424
vn 0.9954561 0.004756113 -0.09510288
vn 0.994482 0.003677854 0.1048427
vn 0.9935363 0.01795083 0.1120862
vn 0.8962972 0.06705669 0.4383548
vn 0.9042946 0.01496745 0.4266466
vn 0.5620049 0.1203603 0.81833
vn 0.5744189 0.02869684 0.8180583
vn -3.137508E-06 -0.9994765 0.03235272
vn -2.022658E-05 -0.999477 0.03233913
vn -3.19149E-06 -0.9994766 0.03234974
vn 3.191573E-06 -0.9994766 0.0323506
vn 3.137521E-06 -0.9994766 0.03235261
vn 3.080419E-06 -0.9994763 0.03236016
vn -3.080402E-06 -0.9994764 0.03235994
vn -1.450689E-06 -0.9994764 0.03235725
vn -1.717494E-05 -0.999476 0.03236903
vn 4.007496E-06 -0.9994771 0.03233783
vn 1.434737E-06 -0.9994764 0.03235839
vn 1.716034E-05 -0.999476 0.03237012
vn -4.15609E-06 -0.9994769 0.0323427
vn 2.022705E-05 -0.9994771 0.03233703
vn 9.655752E-06 -0.9994766 0.03235106
vn -9.655365E-06 -0.9994766 0.03234977
vn -0.9999957 -0.002635807 0.001294122
vn -0.9993105 -0.03449516 0.01373262
vn -0.9991602 -0.038266 0.01465103
vn -0.9999956 -0.002671059 0.00131029
vn -0.999819 0.01779141 -0.006755539
vn -0.9997854 0.01946931 -0.007079804
vn -1 0 0
vn -1 0 0
vn -1 0 0
vn -1 0 0
vn 0.9999957 -0.002634954 0.001293806
vn 0.9999956 -0.002670641 0.001309976
vn 0.9991605 -0.03825703 0.0146475
vn 0.9993109 -0.03448649 0.0137293
vn 0.999819 0.01778718 -0.006753908
vn 0.9997855 0.01946454 -0.007078091
vn 1 0 0
vn 1 0 0
vn 1 0 0
vn 1 -1.347009E-07 0
vn 0 -0.2427232 -0.9700956
vn 0 -0.2427232 -0.9700956
vn 0 -0.3416605 -0.9398234
vn 0 -0.3416607 -0.9398234
vn 0 -0.459004 -0.8884342
vn 0 -0.1575959 -0.9875037
vn 0 -0.157596 -0.9875037
vn 0 -0.459004 -0.8884342
vn 0 -0.554774 -0.8320011
vn 0 -0.5547739 -0.8320012
vn 0 0.9290832 -0.3698705
vn 0 0.9290833 -0.3698705
vn 0 0.9290832 -0.3698708
vn 0 0.9290832 -0.3698708
vn 0 0.2402107 0.9707208
vn 0 0.2402108 0.9707208
vn 0 0.3144418 0.9492768
vn 0 0.3144417 0.9492768
vn 0 0.2689393 0.9631571
vn 0 0.2689393 0.9631571
vn 0 0.2436082 0.9698737
vn 0 0.2436082 0.9698737
vn 0 0.1428665 0.989742
vn 0 0.1428664 0.989742
vn 0.999989 -0.004562771 0.001110412
vn 0.9999858 -0.005196944 0.001220777
vn 0.9999512 -0.009462469 0.002841023
vn 0.9999627 -0.008212377 0.002688833
vn 0.9999988 0.001308267 -0.0008832827
vn 0.9999996 0.0007887332 -0.0005062144
vn 0.9999959 0.002735331 -0.0008089981
vn 0.9999994 0.001102031 -3.129209E-05
vn -0.999989 -0.004562391 0.001109655
vn -0.9999627 -0.008212416 0.00268749
vn -0.9999512 -0.009457762 0.002839083
vn -0.9999858 -0.005193992 0.001219707
vn -0.9999988 0.001308226 -0.0008832798
vn -0.9999996 0.0007886956 -0.0005062126
vn -0.9999959 0.002735262 -0.0008089965
vn -0.9999994 0.001101976 -3.129301E-05
vn 0 0.3974957 0.9176041
vn 0 0.2410321 0.9705172
vn 0 0.2410321 0.9705172
vn 0 0.3974958 0.917604
vn 0 0.4669345 0.8842919
vn 0 0.1538138 0.9880998
vn 0 0.1538138 0.9880998
vn 0 0.4669345 0.8842919
vn 0 -0.929007 0.3700622
vn 0 -0.9290069 0.3700623
vn 0 -0.929007 0.3700622
vn 0 -0.929007 0.3700621
vn 0 -0.2644526 -0.9643987
vn 0 -0.2343739 -0.9721466
vn 0 -0.2343739 -0.9721466
vn 0 -0.2644527 -0.9643987
vn 0 -0.2694829 -0.9630052
vn 0 -0.2694828 -0.9630052
vn 0 -0.244657 -0.9696097
vn 0 -0.244657 -0.9696097
vn -0.1004304 -0.9855966 0.1360629
vn 0.05856001 -0.9933392 0.09923692
vn 0.05554502 -0.9934869 0.09949088
vn -0.1062502 -0.9847459 0.1377911
vn 0.1004305 -0.9855966 0.1360626
vn -0.05554496 -0.9934868 0.09949223
vn -0.05856001 -0.9933391 0.09923804
vn 0.1062504 -0.9847459 0.1377908
vn 0.07684474 -0.8618989 0.5012236
vn 0.02169057 -0.4853034 0.8740767
vn 0.01921834 -0.8676088 0.4968758
vn 0.1439893 -0.4694444 0.8711424
vn 0.2726689 -0.8345478 0.4787292
vn 0.3282008 -0.3749835 0.86699
vn 0.5820202 -0.6640471 0.4693547
vn 0.8173407 -0.3308983 0.4716572
vn 0.4554619 -0.1769108 0.8725005
vn 0.8568042 -0.07996809 0.5094034
vn 0.4935571 0.0354177 0.8689919
vn 0.8722668 0.07261291 0.4836094
vn 0.4421246 0.2283442 0.8674012
vn 0.7852498 0.4087828 0.4650585
vn 0.2407338 0.4345424 0.8678826
vn 0.4298363 0.775314 0.4627407
vn 0.08662061 0.8700846 0.4852315
vn 0.04540117 0.4979346 0.8660253
vn -0.07774924 0.4938701 0.8660528
vn -0.1446882 0.8669518 0.4769275
vn -0.3163693 0.3799771 0.869211
vn -0.568967 0.6837352 0.4569276
vn -0.8431192 0.2591184 0.4711769
vn -0.4782497 0.142382 0.8666053
vn -0.8722685 0.003051587 0.4890178
vn -0.4999669 0.0002164264 0.8660446
vn -0.8628889 -0.1351522 0.4869873
vn -0.4949452 -0.07092939 0.8660244
vn -0.4189658 -0.2620776 0.8693578
vn -0.7518772 -0.4711159 0.461227
vn -0.3751682 -0.8004188 0.4675239
vn -0.2077554 -0.4526252 0.8671609
vn -0.0767003 -0.8704838 0.4861843
vn -0.04036929 -0.4982294 0.866105
vn 0.007013586 -0.8654547 0.500938
vn 0.004398188 -0.5000022 0.866013
vn 0.02169689 -0.4852816 -0.8740886
vn 0.1439984 -0.4694442 -0.871141
vn 0.07684738 -0.8618988 -0.5012234
vn 0.2726696 -0.8345479 -0.4787287
vn 0.0192291 -0.8676087 -0.4968757
vn 0.3281939 -0.3749847 -0.8669921
vn 0.5820131 -0.6640511 -0.4693579
vn 0.8173397 -0.3309002 -0.4716577
vn 0.4554607 -0.1769113 -0.872501
vn 0.8568037 -0.07996881 -0.509404
vn 0.49355 0.03541758 -0.8689959
vn 0.8722643 0.0726132 -0.4836137
vn 0.4421277 0.2283437 -0.8673998
vn 0.7852492 0.4087847 -0.4650577
vn 0.2407363 0.4345423 -0.8678819
vn 0.4298342 0.7753158 -0.4627398
vn 0.08661959 0.8700848 -0.4852315
vn 0.0454012 0.4979348 -0.8660253
vn -0.07774929 0.4938703 -0.8660526
vn -0.1446866 0.8669521 -0.4769274
vn -0.3163646 0.3799778 -0.8692125
vn -0.5689614 0.6837388 -0.4569289
vn -0.8431119 0.2591229 -0.4711875
vn -0.4782323 0.1423824 -0.8666148
vn -0.8722688 0.003051676 -0.4890173
vn -0.4999709 0.000216816 -0.8660421
vn -0.8628901 -0.1351531 -0.486985
vn -0.8722685 0.003051587 0.4890178
vn -0.8628889 -0.1351522 0.4869873
vn -0.7518764 -0.4711179 -0.4612263
vn -0.4189676 -0.262078 -0.8693569
vn -0.3751634 -0.8004203 -0.4675251
vn -0.2077603 -0.4526247 -0.86716
vn -0.494944 -0.07092946 -0.8660251
vn -0.07669871 -0.8704839 -0.4861843
vn -0.04037367 -0.4982296 -0.8661047
vn 0.007012148 -0.8654547 -0.5009381
vn 0.004394448 -0.5000022 -0.866013
vn -0.7518772 -0.4711159 0.461227
vn -0.8431192 0.2591184 0.4711769
vn -0.02318133 0.5152716 0.8567134
vn -0.07159364 0.8658907 0.4950834
vn -0.01723761 0.8642945 0.5026906
vn -0.14444 0.4881922 0.8607005
vn -0.2474205 0.8163425 0.521889
vn -0.5482776 0.6373631 0.5414426
vn -0.3281655 0.3772266 0.8660298
vn -0.4768696 0.1786048 0.8606368
vn -0.7888483 0.3037722 0.5342666
vn -0.8740185 0.0726528 0.4804301
vn -0.5079501 -0.03219298 0.8607847
vn -0.8571477 -0.04859913 0.5127727
vn -0.8740181 0.07265352 -0.4804309
vn -0.7542068 -0.3621807 0.5477203
vn -0.4475026 -0.2255409 0.8653743
vn -0.3918122 -0.7330587 0.555975
vn -0.2389713 -0.4392089 0.8660187
vn -0.04146686 -0.5022861 0.8637067
vn -0.0634728 -0.8575909 0.5104008
vn 0.1151123 -0.846586 0.5196549
vn 0.07321106 -0.4994996 0.863215
vn 0.5237902 -0.6302597 0.5730763
vn 0.3193444 -0.3847286 0.8660271
vn 0.4854398 -0.1379578 0.8633168
vn 0.8196257 -0.2185539 0.5295733
vn 0.5013111 0.001458004 0.865266
vn 0.859085 0.008606897 0.5117605
vn 0.4894643 0.06047836 0.8699236
vn 0.7043341 0.4079844 0.580915
vn 0.4257862 0.2621374 0.8660197
vn 0.204607 0.4602802 0.8638738
vn 0.3167436 0.7814674 0.5375707
vn 0.03768668 0.5014328 0.8643754
vn 0.05743778 0.8577165 0.5109044
vn -0.004895908 0.5000012 0.866011
vn -0.008487298 0.8667713 0.4986336
vn 0.8722668 0.07261291 0.4836094
vn 0.8722643 0.0726132 -0.4836137
vn 0.7852492 0.4087847 -0.4650577
vn 0.7852498 0.4087828 0.4650585
vn 0.4298342 0.7753158 -0.4627398
vn 0.8568037 -0.07996881 -0.509404
vn 0.8568042 -0.07996809 0.5094034
vn 0.4298363 0.775314 0.4627407
vn 0.8173407 -0.3308983 0.4716572
vn 0.8173397 -0.3309002 -0.4716577
vn 0.5820202 -0.6640471 0.4693547
vn 0.5820131 -0.6640511 -0.4693579
vn -0.06347059 -0.8575911 -0.5104008
vn -0.0634728 -0.8575909 0.5104008
vn 0.1151123 -0.846586 0.5196549
vn -0.3918122 -0.7330587 0.555975
vn 0.1151128 -0.846586 -0.5196547
vn 0.5237902 -0.6302597 0.5730763
vn 0.5237873 -0.6302611 -0.5730774
vn -0.3918075 -0.733062 -0.5559738
vn -0.7542056 -0.3621834 -0.5477198
vn -0.7542068 -0.3621807 0.5477203
vn -0.1444367 0.4881924 -0.860701
vn -0.07159077 0.8658909 -0.4950837
vn -0.2474182 0.8163432 -0.5218889
vn -0.02321361 0.5153151 -0.8566863
vn -0.01724484 0.8642945 -0.5026905
vn -0.5482731 0.6373667 -0.5414429
vn -0.3281655 0.3772266 -0.8660298
vn -0.476872 0.1786049 -0.8606355
vn -0.7888483 0.3037756 -0.5342644
vn -0.8740181 0.07265352 -0.4804309
vn -0.5079453 -0.03219305 -0.8607876
vn -0.8571455 -0.04859808 -0.5127764
vn -0.7542056 -0.3621834 -0.5477198
vn -0.4475046 -0.2255406 -0.8653734
vn -0.7542068 -0.3621807 0.5477203
vn -0.8571477 -0.04859913 0.5127727
vn -0.3918075 -0.733062 -0.5559738
vn -0.2389691 -0.4392094 -0.866019
vn -0.04146403 -0.5022861 -0.8637068
vn -0.06347059 -0.8575911 -0.5104008
vn 0.1151128 -0.846586 -0.5196547
vn 0.07321098 -0.4994998 -0.863215
vn 0.5237873 -0.6302611 -0.5730774
vn 0.3193446 -0.3847291 -0.8660269
vn 0.4854237 -0.1379586 -0.8633257
vn 0.8196198 -0.2185562 -0.5295814
vn 0.5013175 0.001457885 -0.8652622
vn 0.8590895 0.008606739 -0.511753
vn 0.4894779 0.06047799 -0.869916
vn 0.7043268 0.4079912 -0.5809189
vn 0.4257933 0.262136 -0.8660166
vn 0.2046095 0.4602801 -0.8638733
vn 0.3167189 0.7814735 -0.5375762
vn 0.0376851 0.5014328 -0.8643755
vn 0.05743282 0.8577166 -0.5109048
vn -0.004817386 0.5002716 -0.8658552
vn -0.008487573 0.8667713 -0.4986336
vn -0.1446882 0.8669518 0.4769275
vn -0.1446866 0.8669521 -0.4769274
vn -0.5689614 0.6837388 -0.4569289
vn -0.568967 0.6837352 0.4569276
vn -0.8431192 0.2591184 0.4711769
vn -0.8431119 0.2591229 -0.4711875
vn 0.08662061 0.8700846 0.4852315
vn 0.08661959 0.8700848 -0.4852315
vn 0.4298363 0.775314 0.4627407
vn 0.4298342 0.7753158 -0.4627398
vn -0.0767003 -0.8704838 0.4861843
vn -0.07669871 -0.8704839 -0.4861843
vn 0.007012148 -0.8654547 -0.5009381
vn 0.007013586 -0.8654547 0.500938
vn -0.3751682 -0.8004188 0.4675239
vn -0.3751634 -0.8004203 -0.4675251
vn -0.7518764 -0.4711179 -0.4612263
vn -0.7518772 -0.4711159 0.461227
vn -0.2474182 0.8163432 -0.5218889
vn -0.2474205 0.8163425 0.521889
vn -0.5482776 0.6373631 0.5414426
vn -0.07159364 0.8658907 0.4950834
vn -0.5482731 0.6373667 -0.5414429
vn -0.7888483 0.3037722 0.5342666
vn -0.7888483 0.3037756 -0.5342644
vn -0.07159077 0.8658909 -0.4950837
vn -0.01724484 0.8642945 -0.5026905
vn -0.01723761 0.8642945 0.5026906
vn 0.07684474 -0.8618989 0.5012236
vn 0.07684738 -0.8618988 -0.5012234
vn 0.2726696 -0.8345479 -0.4787287
vn 0.0192291 -0.8676087 -0.4968757
vn 0.2726689 -0.8345478 0.4787292
vn 0.01921834 -0.8676088 0.4968758
vn 0.5820202 -0.6640471 0.4693547
vn 0.5820131 -0.6640511 -0.4693579
vn 0.8196257 -0.2185539 0.5295733
vn 0.859085 0.008606897 0.5117605
vn 0.8590895 0.008606739 -0.511753
vn 0.7043268 0.4079912 -0.5809189
vn 0.8196198 -0.2185562 -0.5295814
vn 0.5237902 -0.6302597 0.5730763
vn 0.7043341 0.4079844 0.580915
vn 0.5237873 -0.6302611 -0.5730774
vn 0.05743778 0.8577165 0.5109044
vn -0.008487298 0.8667713 0.4986336
vn -0.008487573 0.8667713 -0.4986336
vn 0.05743282 0.8577166 -0.5109048
vn 0.3167436 0.7814674 0.5375707
vn 0.3167189 0.7814735 -0.5375762
vn 0.7043341 0.4079844 0.580915
vn 0.7043268 0.4079912 -0.5809189
vn -0.1363829 0.830329 0.5403272
vn -0.08334775 0.4296686 0.8991318
vn 0.08334649 0.4296689 0.8991318
vn 0.1363828 0.830329 0.5403272
vn 0.1363832 0.9746568 0.177324
vn 0.5064756 0.8485584 0.1530721
vn 0.1186614 0.9861223 -0.1161134
vn -0.1186615 0.9861223 -0.1161134
vn -0.1363832 0.9746568 0.1773236
vn -0.5064755 0.8485585 0.1530722
vn -0.03681296 0.7991731 -0.5999727
vn -0.4642877 0.8803743 -0.09683974
vn -0.5064751 0.7220043 0.4713734
vn -0.3561604 0.3887185 0.8497338
vn -0.3727385 0.9219906 -0.1048782
vn -0.8413244 0.5386354 -0.04522321
vn -0.8272712 0.561532 0.01744733
vn 0.5064758 0.7220043 0.4713725
vn 0.3561479 0.3887079 0.849744
vn 0.4642878 0.8803743 -0.09684039
vn 0.0368133 0.7991731 -0.5999727
vn 0.8635609 0.4974466 0.08251958
vn 0.3727351 0.9219917 -0.1048796
vn 0.841327 0.5386313 -0.04522421
vn 0.8272739 0.5615278 0.01744645
vn -0.9981554 -0.05819304 0.01730005
vn -0.9172776 -0.3961874 0.04046394
vn -0.898267 -0.4394493 -0.0008363897
vn -0.9910274 0.1201224 0.05861123
vn -0.9504727 -0.3107824 -0.003981515
vn -0.9276673 -0.3730247 -0.0169063
vn -0.8692275 -0.4944123 1.327293E-06
vn -0.9927645 -0.07962635 0.0898788
vn -0.9949825 -0.02361755 0.09722101
vn -0.9891221 -0.09223521 0.1145872
vn -0.8670471 -0.4894399 0.09315538
vn -0.857265 -0.5065946 0.09197083
vn 9.303378E-07 0 -1
vn 1.764066E-06 0 -1
vn 0 0 -1
vn 1.006739E-06 0 -1
vn 0 0 -1
vn -5.822231E-07 0 -1
vn 0 0 -1
vn -1.219717E-06 0 -1
vn -0.08512811 0.1202783 -0.9890836
vn 0 0 -1
vn 0 0 -1
vn 0 0 -1
vn 0.08512817 0.1202772 -0.9890837
vn 0 0 -1
vn 0 0 -1
vn 0 0 -1
vn 2.701117E-06 -1.37207E-06 -1
vn 8.471063E-06 -1.36142E-06 -1
vn 6.790306E-06 -4.97666E-06 -1
vn 9.048577E-06 8.293658E-06 -1
vn 0.0368133 0.7991731 -0.5999727
vn -0.1493637 0.2749603 -0.9497828
vn -0.03681296 0.7991731 -0.5999727
vn 0.1493637 0.2749602 -0.9497828
vn 0.511729 -0.07504551 -0.8558631
vn 6.07041E-06 5.11097E-06 -1
vn 1.634173E-06 1.794996E-05 -1
vn -3.710474E-06 0 -1
vn 0 0 -1
vn -0.5117159 -0.07503059 -0.8558722
vn 0.3561479 0.3887079 0.849744
vn 0.6177627 0.205193 0.7591212
vn 0.8635614 0.4183024 0.2815756
vn 0.5064758 0.7220043 0.4713725
vn 0.9902546 0.1140957 0.07986256
vn 0.9979377 0.04554745 0.04523135
vn 0.9942564 -0.1070239 0
vn 0.9902547 0.1377831 0.02028311
vn 0.8635609 0.4974466 0.08251958
vn 0.841327 0.5386313 -0.04522421
vn 0.5064756 0.8485584 0.1530721
vn 0.9944066 -0.1056202 0
vn 0.9921228 0.1250253 0.007805902
vn 0.8272739 0.5615278 0.01744645
vn 0.9513933 -0.3079786 0
vn 0.9818082 0.1832526 0.04970971
vn 0.9512541 -0.3084079 0
vn 0.9153175 -0.402733 0
vn 0.9153178 -0.4027324 0
vn 0 0.02771277 0.9996159
vn 0.08334649 0.4296689 0.8991318
vn 8.333456E-07 0.02771589 0.9996158
vn -0.08334775 0.4296686 0.8991318
vn -0.6177579 0.2051965 0.7591242
vn -0.3561604 0.3887185 0.8497338
vn 0.6177627 0.205193 0.7591212
vn 0.3561479 0.3887079 0.849744
vn 2.271557E-07 0.02144485 0.99977
vn 1.976847E-06 0.02143457 0.9997702
vn 1.201914E-06 0.008596392 0.999963
vn 0 0.008614137 0.9999629
vn 0 0 1
vn 0 0 1
vn -0.8635588 0.4183062 0.2815776
vn -0.6177579 0.2051965 0.7591242
vn -0.3561604 0.3887185 0.8497338
vn -0.5064751 0.7220043 0.4713734
vn -0.5064755 0.8485585 0.1530722
vn -0.8635582 0.4974511 0.08252016
vn -0.4642877 0.8803743 -0.09683974
vn -0.8413244 0.5386354 -0.04522321
vn -0.9902539 0.1377893 0.02028327
vn -0.9902536 0.1141016 0.07986607
vn -0.9979374 0.04554968 0.04523347
vn -0.9921221 0.1250314 0.007806294
vn -0.8272712 0.561532 0.01744733
vn -0.9944066 -0.1056199 0
vn -0.9818064 0.1832615 0.04971197
vn -0.9942564 -0.1070237 0
vn -0.9513916 -0.3079839 0
vn -0.9512526 -0.3084128 0
vn -0.9153129 -0.4027433 0
vn -0.9153128 -0.4027436 0
vn -2.366276E-05 -1 -1.151048E-07
vn 3.486653E-07 -1 -6.088309E-07
vn 3.961577E-05 -1 -1.292082E-07
vn 1.929704E-06 -1 3.226942E-06
vn 0 -1 3.333145E-06
vn -3.489392E-07 -1 -6.236556E-07
vn -1.926917E-06 -1 3.056054E-06
vn 0 -1 3.225734E-06
vn -0.7071017 0.7071118 -6.690797E-07
vn -1 -3.460314E-06 -6.593878E-07
vn -1 2.885307E-06 7.265569E-07
vn -0.7071038 0.7071097 -1.911648E-06
vn -0.7071059 -0.7071077 7.168711E-07
vn -0.707105 -0.7071085 0
vn 1.83796E-06 1 -2.456796E-06
vn -0.7071017 0.7071118 -6.690797E-07
vn -0.7071038 0.7071097 -1.911648E-06
vn 1.38618E-06 1 -2.647933E-06
vn 0.7071047 0.7071088 -2.3896E-06
vn 0.7071064 0.7071072 0
vn 0.70711 -0.7071035 3.095353E-06
vn 0.7071049 -0.7071086 1.214986E-06
vn 1 -2.895564E-06 -1.695841E-07
vn 1 6.160776E-07 6.577776E-07
vn 0.7071068 0.7071068 -2.256468E-06
vn 0.7071099 0.7071036 0
vn -0.7071108 -0.7071027 1.251871E-06
vn -1 5.750057E-07 6.577777E-07
vn -1 -2.854492E-06 -1.695841E-07
vn -0.7071057 -0.7071078 2.831423E-06
vn -0.7071084 0.7071051 -2.406919E-06
vn -0.7071115 0.7071021 0
vn -3.69648E-06 -1 1.805163E-06
vn -3.573249E-06 -1 1.654754E-06
vn 0.7071049 -0.7071086 1.214986E-06
vn 0.70711 -0.7071035 3.095353E-06
vn -0.7071108 -0.7071027 1.251871E-06
vn -0.7071057 -0.7071078 2.831423E-06
vn -2.217889E-06 1 -8.048955E-07
vn 0.7071099 0.7071036 0
vn 0.7071068 0.7071068 -2.256468E-06
vn -2.258947E-06 1 -3.96395E-06
vn -0.7071084 0.7071051 -2.406919E-06
vn -0.7071115 0.7071021 0
vn -0.1346287 -0.9903307 0.03347005
vn -0.1262342 -0.9914501 0.03303831
vn -0.4895199 -0.8700565 0.05806961
vn -0.5084125 -0.859054 0.05952164
vn -0.857265 -0.5065946 0.09197083
vn -0.8670471 -0.4894399 0.09315538
vn 0.134631 -0.9903303 0.03347031
vn 0.126234 -0.9914501 0.03303871
vn 0.4895206 -0.870056 0.05807006
vn 0.5084141 -0.8590531 0.05952181
vn -2.831288E-07 0 -1
vn 5.971685E-06 0 -1
vn -1.068596E-05 0 -1
vn 1.422304E-06 0 -1
vn 0 0 -1
vn 0 0 -1
vn -3.397275E-07 0 -1
vn 0 0 -1
vn 0 0 -1
vn 5.206161E-07 0 -1
vn -2.911526E-07 0 -1
vn 7.945603E-07 0 -1
vn 1.254868E-07 0 -1
vn 0 0 -1
vn 0 0 -1
vn 0 0 -1
vn 0.9504784 -0.310765 -0.003980574
vn 0.8692272 -0.4944129 1.327292E-06
vn 0.9276674 -0.3730247 -0.0169063
vn 0.8982388 -0.4395068 -0.0009352958
vn 0.9988602 -0.04441909 0.01747029
vn 0.9222213 -0.3844921 0.04091093
vn 0.9843312 0.166162 0.05901054
vn 0.9952322 -0.03441888 0.09125983
vn 0.995114 0.009003586 0.09832104
vn 0.9914219 -0.06005407 0.1160872
vn 0.8670466 -0.4894411 0.09315409
vn 0.8572598 -0.5066037 0.09197015
vn 0.5084141 -0.8590531 0.05952181
vn 0.4895206 -0.870056 0.05807006
vn 0 0 1
vn 2.976673E-06 0 1
vn 2.388051E-06 0 1
vn 0 0 1
vn -2.388051E-06 0 1
vn 3.532658E-07 0 1
vn 3.867082E-06 0 1
vn 2.584575E-05 0 1
vn 2.9326E-05 0 1
vn -7.841669E-06 0 1
vn -8.615073E-06 0 1
vn -2.148422E-05 0 1
vn -1.723058E-05 0 1
vn -3.867082E-06 0 1
vn -3.532656E-07 0 1
vn -2.976664E-06 0 1
vn 0 0 -1
vn 0 0 -1
vn -2.387938E-06 0 -1
vn -2.976701E-06 0 -1
vn 0 0 -1
vn 0 0 -1
vn -2.976704E-06 0 -1
vn -2.387948E-06 0 -1
vn 0 0 -1
vn 0 0 -1
vn 2.387919E-06 0 -1
vn 2.976672E-06 0 -1
vn 0 0 -1
vn 0 0 -1
vn 2.976687E-06 0 -1
vn 2.387924E-06 0 -1
vn -0.7071059 -0.7071077 7.168711E-07
vn -0.707105 -0.7071085 0
vn 2.895575E-06 -1 0
vn 2.91611E-06 -1 0
vn 0.7071068 -0.7071068 0
vn 0.7071078 -0.7071057 7.1687E-07
vn 0.7071078 -0.7071057 7.1687E-07
vn 0.7071068 -0.7071068 0
vn 1 -3.675941E-06 -6.593872E-07
vn 1 3.100934E-06 7.265567E-07
vn 0.7071047 0.7071088 -2.3896E-06
vn 0.7071064 0.7071072 0
vn 0.9990816 -0.04284786 0
vn 0.9985507 -0.05381866 0
vn 1 0 0
vn 0.9897267 -0.1429722 0
vn 1 0 0
vn 0.9823598 -0.1870007 0
vn 0.9630183 -0.269436 0
vn 0.961812 -0.2737106 0
vn 0.9582516 -0.2859264 0
vn 0.95759 -0.2881341 0
vn 0.8540815 -0.5201392 0
vn 0.8076476 -0.5896655 0
vn -8.749234E-07 0 -1
vn -1.560565E-06 0 -1
vn 9.129017E-07 0 -1
vn -4.866813E-07 0 -1
vn 1.323065E-06 0 -1
vn -2.003268E-06 0 -1
vn -7.12956E-07 0 -1
vn -2.368806E-07 0 -1
vn 1.045883E-06 0 -1
vn -2.899783E-07 0 -1
vn -8.89292E-07 0 -1
vn 0 0 -1
vn 0 0 -1
vn -2.112545E-06 0 -1
vn -3.625748E-07 0 -1
vn 0 0 -1
vn -0.1930484 -0.5647589 0.8023589
vn -0.1915216 -0.5664577 0.8015268
vn -0.345828 -0.284043 0.8942721
vn -0.2021884 -0.7345386 0.6477444
vn -0.3148656 -0.2584114 0.9132816
vn -0.1593715 -0.1237903 0.9794267
vn -0.1073043 -0.079256 0.9910622
vn 0 0 1
vn 0 0 1
vn -0.1919045 -0.7350925 0.6502398
vn 0 0 1
vn 0 0 1
vn -0.03395589 -0.2513295 0.9673058
vn -0.03983554 -0.2764513 0.9602019
vn -0.1100851 -0.6772508 0.72747
vn -0.1072119 -0.671966 0.7327806
vn 0 1 0
vn -0.3239836 0.9460627 3.815918E-05
vn -0.2974663 0.9547324 0
vn -0.8064634 0.591284 7.820078E-07
vn 0 1 0
vn -0.8547 0.5191222 2.730231E-05
vn -0.9630376 0.2693673 1.150351E-06
vn -0.9899856 0.141169 2.685575E-07
vn -0.9824209 0.1866794 7.852545E-06
vn -0.961805 0.2737356 1.577077E-06
vn -0.9582648 0.285882 2.11241E-06
vn -0.9575851 0.2881508 1.313093E-06
vn -0.8547 0.5191222 2.730231E-05
vn -0.8064634 0.591284 7.820078E-07
vn -0.9985691 0.0534767 7.265876E-06
vn -0.9991128 0.04211352 0
vn -1 0 0
vn -1 0 0
vn 0 0.9999591 -0.009050582
vn 0 0.9999591 -0.009050649
vn 0 0.9999591 -0.009050648
vn 0 0.9999591 -0.009050582
vn -1 0 0
vn -1 0 0
vn -1 0 0
vn -1 0 0
vn 0.2993828 -0.9541332 0
vn 0.3263428 -0.9452515 0
vn 0 -1 0
vn 0.8076476 -0.5896655 0
vn 0 -1 0
vn 0.8540815 -0.5201392 0
vn -0.1919045 -0.7350925 0.6502398
vn -0.1072119 -0.671966 0.7327806
vn -0.1100851 -0.6772508 0.72747
vn -0.2021884 -0.7345386 0.6477444
vn 0.8496739 -0.5273085 0
vn 0.9152476 -0.4028919 0
vn 0.9152476 -0.4028916 0
vn 0.9906357 -0.1365317 0
vn 0.8496739 -0.5273085 0
vn 0.9906357 -0.1365314 0
vn 1 0 0
vn 1 0 0
vn -1 0 0
vn -0.9735909 -0.2282884 0.002311601
vn -0.9917428 -0.1282353 0.001340636
vn -1 0 0
vn -0.8477601 -0.5303515 0.005493014
vn -0.800065 -0.5998839 0.005942156
vn -1 0 0
vn -1 0 0
vn -1 0 0
vn -1 0 0
vn -0.9977059 0.06769594 0
vn -1 0 0
vn -1 3.273005E-07 0
vn -1 0 0
vn -1 0 0
vn -0.9970815 0.076345 0
vn -0.9895965 0.1438703 0
vn -0.9895965 0.1438702 0
vn -0.9880608 -0.1540638 0
vn -0.9880608 -0.1540638 0
vn -0.9880608 -0.1540638 0
vn -0.9880608 -0.1540638 0
vn -1 0 0
vn -1 0 0
vn -1 0 0
vn -1 0 0
vn -1 0 0
vn -1 0 0
vn -1 0 0
vn -1 0 0
vn -1 1.420052E-07 0
vn -1 1.525569E-07 0
vn -1 2.567616E-07 0
vn -1 2.337969E-07 0
vn 1 -2.272272E-07 0
vn 1 0 0
vn 1 0 0
vn 1 0 0
vn 1 0 0
vn 1 -2.312053E-07 0
vn 1 -6.546011E-07 0
vn 1 -7.269608E-07 0
vn 0.9977063 0.06769147 0
vn 0.9970818 0.07633993 0
vn 0.9895979 0.1438608 0
vn 0.9895979 0.1438608 0
vn 0.9880608 -0.1540636 0
vn 0.988061 -0.1540635 0
vn 0.9880608 -0.154064 0
vn 0.9880608 -0.1540641 0
vn 1 0 0
vn 1 0 0
vn 1 0 0
vn 1 0 0
vn 1 0 0
vn 1 0 0
vn 1 3.211215E-07 0
vn 1 2.717332E-07 0
vn 1 -1.424276E-07 0
vn 1 -3.676073E-07 0
vn 1 6.654252E-07 0
vn 1 9.351878E-07 0
vn 0 0.2393611 0.9709307
vn 0 0.2393611 0.9709306
vn 0 0.401961 0.9156567
vn 0 0.4019609 0.9156569
vn 0 0.1329393 0.9911242
vn 0 0.1329393 0.9911242
vn 0 0.332047 0.9432628
vn 0 0.332047 0.9432628
vn 0 0.5697302 0.8218318
vn 0 0.5697301 0.8218318
vn 0 0.6685961 0.7436258
vn 0 0.6685959 0.7436259
vn 0 1 0
vn 0 1 0
vn 0 1 0
vn 0 1 0
vn 0 0.7173443 -0.696719
vn 0 0.717344 -0.6967192
vn 0 0.7173441 -0.6967191
vn 0 0.7173443 -0.696719
vn 0 -0.1321639 0.9912279
vn 0 -0.1321638 0.9912279
vn 0 -0.09287897 0.9956774
vn 0 -0.09287912 0.9956774
vn 0 -0.05704756 0.9983715
vn 0 -0.05704758 0.9983715
vn 0 0 -1
vn 0 0 -1
vn 0 0 -1
vn 0 0 -1
vn 0 0 -1
vn 0 0 -1
vn 0 0 -1
vn 0 0 -1
vn 0 0 -1
vn 0 0 -1
vn 0 0 -1
vn 0 0 -1
vn 5.694155E-07 0 -1
vn 0 0 -1
vn 0 0 -1
vn 0 0 -1
vn 0 1 0
vn 0 1 0
vn 0 1 0
vn 0 1 0
vn 0 0.1737903 -0.9847828
vn 0 0.1737903 -0.9847828
vn 0 0.1382733 -0.9903942
vn 0 0.1382734 -0.9903942
vn 0 0.2090826 -0.9778981
vn 0 0.2090826 -0.9778981
vn 0 -0.99151 0.1300307
vn 0 -0.99151 0.1300307
vn 0 -0.99151 0.1300307
vn 0 -0.99151 0.1300307
vn 0 0.09287912 -0.9956774
vn 0 0.09287901 -0.9956774
vn 0 0.1321633 -0.9912279
vn 0 0.1321633 -0.9912279
vn 0 0.05704812 -0.9983714
vn 0 0.05704812 -0.9983714
vn 0 -0.4706115 -0.8823405
vn 0 -0.4706115 -0.8823405
vn 0 -0.5699903 -0.8216515
vn 0 -0.5699903 -0.8216514
vn 0 -0.2697055 -0.9629428
vn 0 -0.2697055 -0.9629428
vn 0 -0.04914332 -0.9987918
vn 0 -0.04914333 -0.9987918
vn 0 0.3139317 -0.9494455
vn 0 0.3139317 -0.9494455
vn 0 0.5348144 -0.8449695
vn 0 0.5348145 -0.8449695
vn 0.791225 -0.611495 0.006085209
vn 0.8000175 -0.5999446 0.006191615
vn 0.7832469 -0.6216795 0.006231148
vn 0.8059835 -0.5919102 0.005739438
vn 0 -1 0
vn 0 -1 0
vn 0 -1 0
vn 0 -1 0
vn 0 0.1923396 0.9813284
vn 0 0.1923396 0.9813284
vn 0 -0.09346629 0.9956225
vn 0 -0.09346628 0.9956225
vn 0 0.4623949 0.8866741
vn 0 0.4623949 0.8866742
vn 0 1 0
vn 0 1 0
vn 0 1 0
vn 0 1 0
vn 0 0.9998299 -0.0184451
vn 0 0.9998299 -0.01844511
vn 0 0.9998299 -0.01844505
vn 0 0.9998299 -0.01844504
vn 2.350238E-07 0 1
vn 0 0 1
vn 0 0 1
vn 1.26961E-06 0 1
vn 1.078014E-06 0 1
vn 0 0 1
vn 0 0 1
vn 4.220352E-07 0 1
vn 3.250451E-07 0 1
vn -5.390055E-07 0 1
vn 0 0 1
vn 0 0 1
vn 0 -1 0
vn 0 -1 0
vn 0 -1 0
vn 0 -1 0
vn -0.1117768 -0.9584423 0.2624774
vn -0.5899261 -0.730631 0.3437524
vn -0.4230729 -0.8625163 0.2776236
vn 0.5899312 -0.7306335 0.3437381
vn 0 -0.7537573 0.6571528
vn 0 -0.7537572 0.657153
vn 0.111771 -0.9584488 0.2624562
vn 0.4230672 -0.8625159 0.2776335
vn 0.127239 -0.9918622 0.004423081
vn 0.5135214 -0.8576434 -0.02727043
vn 0.02649864 -0.999644 0.003108799
vn -0.1602342 -0.9870781 0.001330071
vn -0.5608823 -0.8278947 0.001259595
vn 0.0001385417 -0.9999992 0.0013378
vn 0.04771757 -0.9988465 0.005347857
vn 0.1602931 -0.9870669 0.002232312
vn 0.2323598 -0.972581 0.009759426
vn 0 -0.6558844 0.7548614
vn 0 -0.6558804 0.7548649
vn 0.4468359 -0.894615 0.001296593
vn 0.5610092 -0.827808 0.001637639
vn 0.6924646 -0.7168117 -0.08169224
vn 0.4525752 -0.8917253 0.00129295
vn 2.370591E-07 0 -1
vn -4.845342E-07 0 -1
vn 0 0 -1
vn 4.219686E-07 0 -1
vn 3.249448E-07 0 -1
vn -3.686439E-07 0 -1
vn 3.138316E-07 0 -1
vn 0 0 -1
vn 0 0 -1
vn -3.40728E-07 0 -1
vn -6.276633E-07 0 -1
vn 0 0 -1
vn 0 1 0
vn 0 1 0
vn 0 1 0
vn 0 1 0
vn 0 -1 0
vn 0 -1 0
vn 0.4999956 -0.866028 0
vn 0.4999958 -0.8660278 0
vn -0.5 -0.8660254 0
vn -0.4999999 -0.8660255 0
vn 0.4999958 -0.8660278 0
vn 0.4999956 -0.866028 0
vn 0.8660237 -0.5000029 0
vn 0.8660237 -0.5000029 0
vn 1 2.023129E-06 0
vn 1 1.905277E-06 0
vn 0.8660229 0.5000042 0
vn 0.8660229 0.5000043 0
vn 0.8660229 0.5000043 0
vn 0.8660229 0.5000042 0
vn 0.5000018 0.8660244 0
vn 0.5000018 0.8660244 0
vn 0 1 0
vn 0 1 0
vn -0.5000018 0.8660244 0
vn -0.5000018 0.8660244 0
vn -0.8660229 0.5000042 0
vn -0.8660229 0.5000045 0
vn -0.8660229 0.5000045 0
vn -0.8660229 0.5000042 0
vn -1 1.080312E-07 0
vn -1 1.276732E-07 0
vn -0.8660253 -0.5000002 0
vn -0.8660254 -0.5000001 0
vn -0.4999999 -0.8660255 0
vn -0.5 -0.8660254 0
vn 0 0 1
vn 0 0 1
vn 0 0 1
vn 0 0 1
vn 0 0 1
vn 0 0 1
vn 0 0 1
vn 1.463619E-07 0 1
vn 1.463683E-06 0 1
vn 0 0 1
vn -1.463623E-07 0 1
vn -1.463687E-06 0 1
vn -2.048324E-07 0 -1
vn 8.269661E-07 0 -1
vn 1.41241E-06 0 -1
vn 0 0 -1
vn 0 0 -1
vn 0 0 -1
vn -1.170892E-06 0 -1
vn -1.170888E-05 0 -1
vn 0 0 -1
vn -1.141841E-06 0 -1
vn 1.170887E-05 0 -1
vn 5.854492E-06 0 -1
vn 0.8572684 -0.514867 0.001663561
vn 0.9293497 -0.3691951 0.002000883
vn 0.8049904 -0.5932865 0.001279357
vn 0.5610092 -0.827808 0.001637639
vn 0.9072186 -0.4206471 0.003229545
vn 0.9124204 -0.4092354 0.003911558
vn 0.8059835 -0.5919102 0.005739438
vn 0.791225 -0.611495 0.006085209
vn 0.4468359 -0.894615 0.001296593
vn 0 -0.6257381 0.7800332
vn 0 -0.6257384 0.780033
vn 0 -0.6257375 0.7800337
vn 0 -0.6257366 0.7800344
vn 0 -0.6257394 0.7800322
vn 0 -0.6257426 0.7800297
vn 0 -0.6558844 0.7548614
vn 0 -0.6558804 0.7548649
vn -0.7585341 -0.6515997 0.006622556
vn -0.8477601 -0.5303515 0.005493014
vn -0.800065 -0.5998839 0.005942156
vn -0.7912046 -0.6115228 0.005924128
vn 1 7.795579E-07 0
vn 1 -4.04733E-07 0
vn 1 0 0
vn 1 0 0
vn 1 -3.536453E-05 0
vn 1 8.206814E-05 0
vn 1 0 0
vn 0.973585 -0.2283124 0.002382642
vn 0.9734058 -0.2290752 0.002391265
vn 0.9917428 -0.1282359 0.001340632
vn 1 0 0
vn 1 8.740359E-07 0
vn 0.8807136 -0.2014823 -0.4286589
vn 0.8477642 -0.530345 0.005492356
vn 0.9172893 0.01185353 -0.398045
vn 0.7550522 -0.5133214 -0.4079184
vn 0.8972698 -0.4414591 0.004545802
vn 0.8000175 -0.5999446 0.006191615
vn 0.7832469 -0.6216795 0.006231148
vn 0.7585362 -0.6515973 0.006620819
vn 0.644628 -0.6651055 -0.3769475
vn 0.7674527 -0.546457 -0.3352629
vn 0.9027212 -0.4302053 0.004227476
vn 0.8385964 -0.385604 -0.384793
vn 0.8859614 -0.3890606 -0.2523967
vn 0.5899312 -0.7306335 0.3437381
vn 0.8345405 -0.5180623 -0.1874927
vn 0.843595 -0.4355948 -0.3140138
vn 0.770412 -0.6217062 -0.1412329
vn 0.6924646 -0.7168117 -0.08169224
vn 0.4230672 -0.8625159 0.2776335
vn 0.5135214 -0.8576434 -0.02727043
vn 0.8442907 -0.5358855 0.0003359445
vn 0.4525752 -0.8917253 0.00129295
vn 0.9250457 -0.3798558 1.074949E-07
vn 0.9279885 -0.3726086 1.768625E-07
vn 0.9399643 -0.3412726 0.000282799
vn 0.8477017 -0.2073773 -0.4882587
vn 0.9250795 -0.3797735 0
vn -0.9027354 -0.4301754 0.004227736
vn -0.7585341 -0.6515997 0.006622556
vn -0.7912046 -0.6115228 0.005924128
vn -0.9072063 -0.4206754 0.003014414
vn -0.5899261 -0.730631 0.3437524
vn -0.8573733 -0.5146934 0.001337969
vn -0.4230729 -0.8625163 0.2776236
vn -0.5608823 -0.8278947 0.001259595
vn -0.1362462 0.7199833 0.6804858
vn -0.123103 0.6165824 0.7776065
vn -0.1271129 0.8670614 0.4817123
vn 0.2146343 0.5676594 0.7947924
vn 0.1646488 0.8435518 0.5111861
vn 0.1078626 0.9703043 0.2165069
vn -0.336458 0.8310451 0.4428996
vn 0.1925243 0.8413479 0.5050427
vn -0.09769999 0.8962452 0.4326653
vn -0.5299113 0.7877744 0.3140151
vn 0.2399766 0.8808876 0.4079806
vn 0 0.9907469 0.135723
vn 0.08235904 0.8997455 0.4285733
vn -0.8335765 0.5281651 -0.161839
vn 0 0.9590818 0.2831294
vn 0 0.9999657 -0.008292418
vn 0 0.9522938 -0.3051831
vn -0.2709173 0.9166796 -0.2937729
vn 9.069454E-06 0.8351353 0.5500447
vn 0 0.5542898 0.8323237
vn 6.210718E-05 0.835118 0.5500709
vn 0 0.9999657 -0.008294611
vn 0.009377002 0.9652629 -0.2611121
vn 0 0.9990778 -0.04293542
vn 0 0.8653758 -0.5011234
vn 0 0.8653767 -0.501122
vn 0.007743287 0.6962842 -0.7177245
vn -0.0007429738 0.8421576 -0.5392311
vn -0.4733209 0.8388664 -0.2688318
vn 0 -0.99991 0.01341612
vn 0 -0.99964 0.02683001
vn 0 -0.99964 0.02683
vn 0 -0.99991 0.01341611
vn 0 -1 0
vn 0 -1 0
vn 0 -0.9999934 0.003627499
vn 0 -0.9999934 0.0036275
vn 0 -0.9999737 0.007255075
vn 0 -0.9999737 0.007255078
vn 0 0.9048655 -0.4256976
vn 0 0.9744539 -0.2245875
vn 0 0.9744533 -0.2245899
vn 0 0.9744533 -0.22459
vn 0 0.9048644 -0.4256999
vn 0 0.5960677 -0.8029342
vn 0 0.9048648 -0.4256991
vn 0 0.5960677 -0.8029342
vn 0 0.5960668 -0.8029349
vn 0 -0.004068394 -0.9999918
vn 0 -0.004068394 -0.9999918
vn 0 -0.004068395 -0.9999918
vn 0 -0.004068393 -0.9999918
vn 0 -0.004068392 -0.9999918
vn 0 -0.004068392 -0.9999918
vn 0.0005985713 0.9682209 -0.2500956
vn -4.447026E-05 0.7405171 -0.6720375
vn 0 0.7399889 -0.672619
vn 0 0.9682387 -0.2500278
vn 7.342166E-05 0.9999975 -0.002226589
vn -0.0001008787 0.9720281 -0.2348649
vn -0.001627871 0.7641568 -0.6450284
vn 0 0.9999977 -0.002121302
vn 0 0.9999973 -0.00235376
vn 0 -0.9999993 -0.001207397
vn 0 -0.9999971 -0.002414615
vn 0 -0.9999971 -0.002414613
vn 0 -0.9999993 -0.001207382
vn 0 -0.9999993 -0.001207407
vn 0 -1 2.665154E-05
vn 0 -1 2.697814E-05
vn 4.64304E-05 -0.9998548 0.01704086
vn 0 -0.9998562 0.01695928
vn 0 -1 2.991556E-05
vn 0 -0.9999971 -0.002414611
vn 0.001573578 -0.9994164 0.0341227
vn 0.0008790207 -0.9994162 0.03415377
vn 0 -0.9998536 0.01711052
vn 0 -0.9994166 0.03415384
vn 0 0.3516552 -0.9361296
vn 0 0.5960677 -0.8029342
vn 0 0.5960668 -0.8029349
vn 0 0.3516553 -0.9361295
vn 0 0.5960677 -0.8029342
vn 0 0.3516557 -0.9361295
vn 0.1807649 0.2977185 0.9373835
vn 0.1840883 0.1356091 0.97351
vn 0 0.1501998 0.9886557
vn 0.2146343 0.5676594 0.7947924
vn 0 0.302705 0.9530843
vn 0 -0.005988978 0.9999821
vn 0.05780026 -0.07338443 0.9956273
vn 0.1380862 -0.07459663 0.9876069
vn -0.07706935 -0.0803327 0.9937842
vn 0.1760036 0.1406612 0.974288
vn -0.123103 0.6165824 0.7776065
vn -0.1366104 0.1812541 0.9739017
vn -0.1016574 -0.1033227 0.9894393
vn -0.2250812 0.1555444 0.9618442
vn -0.1362462 0.7199833 0.6804858
vn 1 3.165898E-07 0
vn 1 7.695789E-07 0
vn 1 3.296215E-07 0
vn 1 0 0
vn 1 0 0
vn 1 0 0
vn -1 0 0
vn -1 4.006446E-07 0
vn -1 1.046959E-06 0
vn -1 0 0
vn -1 6.053182E-07 0
vn -1 -1.122321E-06 0
vn -1 -1.877472E-06 0
vn -1 6.131787E-07 0
vn -1 0 0
vn -1 0 0
vn -1 3.849357E-07 0
vn -1 3.479327E-07 0
vn -0.9984938 0.02461343 0.04903422
vn -0.9996214 0.0117373 0.02488527
vn -0.9693044 0.2438219 -0.0316193
vn -0.968483 0.2457856 -0.04037641
vn -0.8335765 0.5281651 -0.161839
vn -0.5299113 0.7877744 0.3140151
vn -0.001856142 0.9999862 -0.004936797
vn -1.043319E-06 0.9478814 -0.3186237
vn 0.003967721 0.9999814 -0.004633397
vn 0 0.9471658 -0.3207445
vn -8.855654E-05 0.9519091 -0.3063806
vn 0 0.9622276 -0.2722461
vn 0 0.65994 -0.7513183
vn 0 0.6599396 -0.7513186
vn 8.121272E-07 0.8331745 -0.55301
vn 6.685499E-07 0.6589532 -0.7521839
vn 0 0.7136311 -0.7005216
vn 0.8385964 -0.385604 -0.384793
vn 0.7550522 -0.5133214 -0.4079184
vn 0.644628 -0.6651055 -0.3769475
vn 0.8807136 -0.2014823 -0.4286589
vn 0.8477017 -0.2073773 -0.4882587
vn 0.9172893 0.01185353 -0.398045
vn -0.01503401 0.5614196 -0.8273947
vn 0.007743287 0.6962842 -0.7177245
vn 0 0.54383 -0.8391954
vn 0.1626111 0.4656711 -0.8698897
vn 0.0803391 0.5538775 -0.8287131
vn 6.685499E-07 0.6589532 -0.7521839
vn 0 0.7136311 -0.7005216
vn 0.009377002 0.9652629 -0.2611121
vn 0.06651543 0.6169109 -0.7842172
vn 0 0.4956783 -0.8685062
vn 0 0.495678 -0.8685063
vn 0 0.6599396 -0.7513186
vn 0 0.65994 -0.7513183
vn -0.9997695 0.000303006 0.02147003
vn -0.9961577 0.01942373 0.08539586
vn -0.9954028 0.03387115 0.08958702
vn -0.9997692 8.698503E-05 0.02148668
vn -0.9707311 0.1647091 0.1747915
vn -0.9643542 0.1805794 0.1934225
vn -0.9548255 0.2970656 0.007768183
vn -0.9516151 0.3063676 -0.02382347
vn 0 0.02645332 0.9996501
vn 0 0.02645371 0.9996501
vn 0 0.02645328 0.9996501
vn -6.575061E-06 0.1877072 0.982225
vn 0 0.1275489 0.9918323
vn 1.669444E-05 0.3048962 0.9523857
vn -9.602711E-06 0.3051886 0.9522919
vn 7.934363E-06 0.3051976 0.952289
vn -0.5299113 0.7877744 0.3140151
vn 0 0.5542898 0.8323237
vn -4.447026E-05 0.7405171 -0.6720375
vn 0 0.8653767 -0.501122
vn 0 0.8653758 -0.5011234
vn 0 0.7399889 -0.672619
vn -0.0007429738 0.8421576 -0.5392311
vn -0.001627871 0.7641568 -0.6450284
vn 1 0 0
vn 1 0 0
vn 1 0 0
vn 1 0 0
vn 1 -1.015169E-07 0
vn 1 -1.575231E-07 0
vn 1 0 0
vn 1 0 0
vn 1 0 0
vn 1 0 0
vn 1 0 0
vn 1 0 0
vn 1 0 0
vn 1 0 0
vn 1 1.486166E-07 0
vn 1 0 0
vn 1 0 0
vn 1 0 0
vn 1 3.441257E-07 0
vn 1 -3.005667E-07 0
vn 1 1.844815E-07 0
vn 1 2.897785E-07 0
vn 1 4.643406E-07 0
vn 1 0 0
vn 1 0 0
vn 1 0 0
vn 1 1.068489E-07 0
vn 1 -6.864768E-07 0
vn 1 -1.945914E-07 0
vn 1 0 0
vn 0.9663082 -0.2573874 0
vn 0.9663079 -0.2573885 0
vn 0.9918218 -0.1276302 0
vn 0.7071097 -0.7071037 0
vn 0.9918218 -0.1276302 0
vn 0.7071091 -0.7071044 0
vn -0.1950942 -0.9807844 0
vn -0.1950947 -0.9807844 0
vn -0.7071261 -0.7070874 0
vn -0.7071241 -0.7070894 0
vn 0.1950738 -0.9807885 0
vn 0.1950735 -0.9807886 0
vn 0.7071091 -0.7071044 0
vn 0.7071097 -0.7071037 0
vn 0 -1 0
vn 0 -1 0
vn 0 -1 0
vn 0 -1 0
vn -0.9663037 -0.2574047 0
vn -0.9663042 -0.2574024 0
vn -0.9918177 -0.1276629 0
vn -0.9918177 -0.1276629 0
vn -0.7071241 -0.7070894 0
vn -0.7071261 -0.7070874 0
vn 0.8661239 0.3557815 -0.3510682
vn 0.9274324 0.373991 -1.084733E-06
vn 1 5.824333E-06 1.370194E-05
vn 0.8661415 0.3557437 0.3510631
vn 0.9272458 -1.095249E-06 -0.3744532
vn 0.8661308 -0.3557633 -0.35107
vn 0.6768683 0.289274 -0.6768826
vn 0.6769465 0.6769503 0.288932
vn 0.5773646 0.5772235 0.5774627
vn 0.7071683 0.7070451 1.902387E-06
vn 0.6769543 0.6769434 -0.2889301
vn 0.5773627 0.5772247 -0.5774634
vn 0.6768951 0.2892433 0.6768688
vn 0.9272547 3.104782E-06 0.374431
vn 0.866147 -0.3557329 0.3510605
vn 0.7071329 1.202107E-05 0.7070806
vn 0.676891 -0.2892584 0.6768665
vn 0.5773489 -0.577237 0.5774649
vn 0.6769858 -0.6769057 0.2889446
vn 0.9274281 -0.3740017 4.394279E-06
vn 0.6770095 -0.6768866 -0.2889335
vn 0.7071622 -0.7070513 3.792469E-06
vn 0.5773676 -0.5772154 -0.5774678
vn 0.676865 -0.2892902 -0.6768788
vn 0.7071012 1.243744E-05 -0.7071124
vn -0.9272459 1.369062E-07 -0.374453
vn -0.8661247 0.355777 -0.351071
vn -0.6768691 0.2892708 -0.676883
vn -0.7071031 1.113333E-05 -0.7071104
vn -0.6768664 -0.2892871 -0.6768787
vn -0.8661342 -0.3557596 -0.3510653
vn -0.5773665 -0.5772159 -0.5774684
vn -1 6.243064E-06 1.387852E-05
vn -0.9274313 0.3739936 1.02447E-06
vn -0.8661383 0.3557478 0.3510667
vn -0.6770115 -0.6768862 -0.2889297
vn -0.9274257 -0.3740074 5.343448E-06
vn -0.927256 4.179898E-06 0.3744279
vn -0.6768948 0.2892424 0.6768695
vn -0.8661472 -0.3557405 0.3510522
vn -0.6769928 -0.6769146 0.2889072
vn -0.7071559 -0.7070577 2.047335E-05
vn -0.6769426 0.6769526 0.2889355
vn -0.7071656 0.7070479 6.472578E-06
vn -0.5773593 0.5772231 0.5774683
vn -0.6769547 0.6769437 -0.2889282
vn -0.7071366 1.12381E-05 0.707077
vn -0.6769053 -0.2892448 0.6768579
vn -0.5773678 -0.5772554 0.5774276
vn -0.5773679 0.5772209 -0.577462
vn -0.3557898 -0.8661056 0.351105
vn -0.2890951 -0.6776879 0.6761383
vn -0.5773678 -0.5772554 0.5774276
vn -0.6769928 -0.6769146 0.2889072
vn -0.3740565 -0.9274059 1.714055E-05
vn -4.534181E-07 -0.9272323 0.3744864
vn -4.2912E-06 -0.707096 0.7071175
vn 0 -1 1.751316E-05
vn 0.2890956 -0.6776622 0.6761639
vn 0.3557779 -0.8661113 0.351103
vn 0.3740517 -0.9274079 1.204305E-05
vn 0.3557778 -0.8661004 -0.3511301
vn -2.788389E-07 -0.9272222 -0.3745117
vn -0.3557769 -0.8660997 -0.3511327
vn -0.6770115 -0.6768862 -0.2889297
vn 0.2890967 -0.6776267 -0.6761991
vn -0.7071559 -0.7070577 2.047335E-05
vn -0.2890926 -0.6776309 -0.6761966
vn 2.887369E-06 -0.7070675 -0.707146
vn -0.5773665 -0.5772159 -0.5774684
vn 0.6770095 -0.6768866 -0.2889335
vn 0.7071622 -0.7070513 3.792469E-06
vn 0.5773676 -0.5772154 -0.5774678
vn 0.6769858 -0.6769057 0.2889446
vn 0.5773489 -0.577237 0.5774649
vn -0.2890926 -0.6776309 -0.6761966
vn -0.3510734 -0.3557567 -0.8661319
vn -2.857574E-06 -0.3740008 -0.9274285
vn 2.887369E-06 -0.7070675 -0.707146
vn 0.2890967 -0.6776267 -0.6761991
vn 0.351077 -0.3557553 -0.8661311
vn 0.5773676 -0.5772154 -0.5774678
vn 0.676865 -0.2892902 -0.6768788
vn 0.3744286 1.718249E-06 -0.9272558
vn 0.7071012 1.243744E-05 -0.7071124
vn -1.861581E-06 4.49756E-06 -1
vn -0.3744287 1.753417E-06 -0.9272557
vn -0.3510682 0.3557784 -0.8661252
vn -2.862521E-07 0.3739904 -0.9274325
vn 0.3510661 0.3557777 -0.8661264
vn 0.6768683 0.289274 -0.6768826
vn -0.6768691 0.2892708 -0.676883
vn 0.5773627 0.5772247 -0.5774634
vn 0.2890919 0.6776978 -0.6761298
vn -3.562934E-06 0.7070516 -0.7071619
vn -0.2890998 0.6776965 -0.6761279
vn -0.5773679 0.5772209 -0.577462
vn -0.7071031 1.113333E-05 -0.7071104
vn -0.6768664 -0.2892871 -0.6768787
vn -0.5773665 -0.5772159 -0.5774684
vn 0.3557511 0.8661304 0.3510831
vn 0.289096 0.6777132 0.6761127
vn 0.5773646 0.5772235 0.5774627
vn 0.6769465 0.6769503 0.288932
vn 0.3740271 0.9274178 4.057819E-06
vn -5.224879E-07 0.9272407 0.374466
vn -5.460397E-06 0.7070793 0.7071342
vn -2.017961E-07 1 1.269045E-05
vn -0.2890997 0.6777129 0.6761113
vn -0.3557501 0.8661324 0.3510788
vn -0.3740273 0.9274177 5.978751E-06
vn -0.3557544 0.8661353 -0.3510676
vn 0 0.9272324 -0.3744864
vn 0.3557553 0.8661349 -0.3510678
vn 0.6769543 0.6769434 -0.2889301
vn -0.2890998 0.6776965 -0.6761279
vn 0.7071683 0.7070451 1.902387E-06
vn 0.2890919 0.6776978 -0.6761298
vn -3.562934E-06 0.7070516 -0.7071619
vn 0.5773627 0.5772247 -0.5774634
vn -0.6769547 0.6769437 -0.2889282
vn -0.7071656 0.7070479 6.472578E-06
vn -0.5773679 0.5772209 -0.577462
vn -0.6769426 0.6769526 0.2889355
vn -0.5773593 0.5772231 0.5774683
vn -0.3510532 -0.3557935 0.866125
vn -0.6769053 -0.2892448 0.6768579
vn -0.5773678 -0.5772554 0.5774276
vn -0.2890951 -0.6776879 0.6761383
vn 1.886255E-05 -0.3740059 0.9274263
vn -0.3744771 1.171347E-05 0.9272361
vn -0.7071366 1.12381E-05 0.707077
vn 2.653606E-06 8.147479E-06 1
vn -0.6768948 0.2892424 0.6768695
vn -0.3510489 0.3557701 0.8661364
vn -4.605074E-06 0.3739961 0.9274303
vn 0.3510469 0.3557732 0.866136
vn 0.3744654 6.179548E-07 0.927241
vn 0.3510534 -0.3557522 0.8661419
vn 0.2890956 -0.6776622 0.6761639
vn 0.6768951 0.2892433 0.6768688
vn -4.2912E-06 -0.707096 0.7071175
vn 0.676891 -0.2892584 0.6768665
vn 0.7071329 1.202107E-05 0.7070806
vn 0.5773489 -0.577237 0.5774649
vn 0.289096 0.6777132 0.6761127
vn -5.460397E-06 0.7070793 0.7071342
vn 0.5773646 0.5772235 0.5774627
vn -0.2890997 0.6777129 0.6761113
vn -0.5773593 0.5772231 0.5774683
vn 1.848233E-07 -1 0
vn 0 -1 0
vn 0.7071021 -0.7071114 0
vn 0.707102 -0.7071115 0
vn -0.7071066 -0.7071069 0
vn -0.7071068 -0.7071068 0
vn 0.707102 -0.7071115 0
vn 0.7071021 -0.7071114 0
vn 1 4.312567E-07 0
vn 1 -1.437522E-07 0
vn 0.707102 0.7071115 0
vn 0.7071022 0.7071114 0
vn 0.7071022 0.7071114 0
vn 0.707102 0.7071115 0
vn 1.848233E-07 1 0
vn -1.026796E-07 1 0
vn -0.7071066 0.7071069 0
vn -0.7071068 0.7071068 0
vn -0.7071068 0.7071068 0
vn -0.7071066 0.7071069 0
vn -1 2.464311E-07 0
vn -1 0 0
vn -0.7071068 -0.7071068 0
vn -0.7071066 -0.7071069 0
vn 0 0 1
vn 4.747121E-07 0 1
vn 0 0 1
vn -1.171156E-06 0 1
vn -1.867619E-06 0 1
vn 6.361768E-06 0 1
vn 0 0 1
vn 0 0 1
vn 0.7023295 -0.7023298 -0.1160434
vn 1.387053E-05 -1.523804E-05 -1
vn 0.9932441 -3.082476E-06 -0.1160443
vn 0.7023264 0.7023328 -0.1160444
vn 0 0 -1
vn 0 0 -1
vn 0 0 -1
vn 0 0 -1
vn 0 0 -1
vn 4.484668E-07 0 -1
vn 0 0 -1
vn 1.459019E-05 0 -1
vn 1.371308E-05 0 -1
vn 0 0 -1
vn 0 0 -1
vn -1.044203E-05 0 -1
vn -1.169209E-05 0 -1
vn 0 0 -1
vn -2.242278E-07 0 -1
vn 0 0 -1
vn -0.7023296 0.7023296 -0.1160453
vn 1.387053E-05 -1.523804E-05 -1
vn -0.9932441 -3.082455E-06 -0.1160443
vn -0.7023324 -0.7023268 -0.1160443
vn 0.7023264 0.7023328 -0.1160444
vn 1.387053E-05 -1.523804E-05 -1
vn 2.617974E-06 0.993244 -0.1160445
vn -0.7023296 0.7023296 -0.1160453
vn -0.7023324 -0.7023268 -0.1160443
vn 1.387053E-05 -1.523804E-05 -1
vn 2.913573E-06 -0.9932441 -0.1160442
vn 0.7023295 -0.7023298 -0.1160434
vn -0.5145838 -0.8569272 0.02965668
vn 0.5145836 -0.8569272 0.0296567
vn -0.8571455 -0.04859808 -0.5127764
vn -0.7888483 0.3037756 -0.5342644

vt 0.444346 0.89831
vt 0.444346 0.915464
vt 0.447967 0.915464
vt 0.447967 0.89831
vt 0.622107 0.890493
vt 0.622107 0.907647
vt 0.625728 0.907647
vt 0.625728 0.890493
vt 0.444346 0.878753
vt 0.444346 0.895907
vt 0.447967 0.895907
vt 0.447967 0.878753
vt 0.609499 0.242927
vt 0.609499 0.246548
vt 0.611554 0.246548
vt 0.611554 0.242927
vt 0.618415 0.242927
vt 0.618415 0.246548
vt 0.620469 0.246548
vt 0.620469 0.242927
vt 0.605041 0.246548
vt 0.607096 0.246548
vt 0.607096 0.242927
vt 0.605041 0.242927
vt 0.392733 0.957702
vt 0.392733 0.974855
vt 0.394788 0.974855
vt 0.394788 0.957702
vt 0.392733 0.938145
vt 0.392733 0.955299
vt 0.394788 0.955299
vt 0.394788 0.938145
vt 0.648249 0.9557
vt 0.648249 0.972854
vt 0.650304 0.972854
vt 0.650304 0.9557
vt 0.616011 0.242927
vt 0.613957 0.242927
vt 0.613957 0.246548
vt 0.616011 0.246548
vt 0.629385 0.246548
vt 0.629385 0.242927
vt 0.627331 0.242927
vt 0.627331 0.246548
vt 0.211447 0.983024
vt 0.211447 0.965871
vt 0.209392 0.965871
vt 0.209392 0.983024
vt 0.624927 0.242927
vt 0.622873 0.242927
vt 0.622873 0.246548
vt 0.624927 0.246548
vt 0.325559 0.938653
vt 0.325559 0.955806
vt 0.327614 0.955806
vt 0.327614 0.938653
vt 0.821829 0.965146
vt 0.821829 0.947992
vt 0.819775 0.947992
vt 0.819775 0.965146
vt 0.993164 0.322423
vt 0.994185 0.303358
vt 0.987066 0.308769
vt 0.986466 0.324555
vt 0.987066 0.342745
vt 0.994185 0.348156
vt 0.993164 0.329091
vt 0.986466 0.326959
vt 0.732419 0.974064
vt 0.71362 0.974064
vt 0.71362 0.998478
vt 0.732419 0.998478
vt 0.760739 0.994903
vt 0.779539 0.994903
vt 0.779539 0.979105
vt 0.760739 0.979105
vt 0.762159 0.973423
vt 0.778119 0.973423
vt 0.779539 0.9698
vt 0.760739 0.9698
vt 0.760739 0.979105
vt 0.779539 0.979105
vt 0.676319 0.228046
vt 0.676319 0.244005
vt 0.681997 0.245425
vt 0.681997 0.226626
vt 0.670568 0.226626
vt 0.670568 0.245425
vt 0.676319 0.244005
vt 0.676319 0.228046
vt 0.994185 0.348156
vt 0.998644 0.351616
vt 0.998644 0.327202
vt 0.998645 0.324312
vt 0.998645 0.299899
vt 0.994185 0.303358
vt 0.994185 0.348156
vt 0.998644 0.327202
vt 0.993164 0.329091
vt 0.998645 0.324312
vt 0.994185 0.303358
vt 0.993164 0.322423
vt 0.568821 0.640394
vt 0.568821 0.770227
vt 0.576923 0.763621
vt 0.625893 0.770294
vt 0.620491 0.763673
vt 0.625893 0.640462
vt 0.576923 0.646011
vt 0.620491 0.646062
vt 0.702307 0.780264
vt 0.684791 0.78368
vt 0.687628 0.78905
vt 0.67238 0.799697
vt 0.704291 0.786004
vt 0.677641 0.802731
vt 0.659826 0.841704
vt 0.653944 0.840192
vt 0.65435 0.84984
vt 0.660242 0.848371
vt 0.661609 0.85816
vt 0.664327 0.852729
vt 0.679945 0.866279
vt 0.682663 0.860848
vt 0.69056 0.868263
vt 0.684897 0.879829
vt 0.691997 0.865386
vt 0.698629 0.886505
vt 0.704291 0.874939
vt 0.069609 0.79854
vt 0.069609 0.680889
vt 0.060615 0.715024
vt 0.060615 0.680467
vt 0.060615 0.798118
vt 0.617183 0.878939
vt 0.619168 0.873199
vt 0.602504 0.870153
vt 0.599667 0.875523
vt 0.587256 0.859506
vt 0.592517 0.856472
vt 0.574703 0.817499
vt 0.568821 0.819011
vt 0.569226 0.809363
vt 0.575119 0.810832
vt 0.576485 0.801043
vt 0.579203 0.806474
vt 0.594822 0.792924
vt 0.59754 0.798355
vt 0.605436 0.79094
vt 0.599774 0.779374
vt 0.606873 0.793817
vt 0.613505 0.772698
vt 0.619168 0.784264
vt 0.320428 0.967337
vt 0.304329 0.967337
vt 0.30442 0.987363
vt 0.320519 0.987363
vt 0.304434 0.997739
vt 0.320606 0.961724
vt 0.304507 0.961724
vt 0.320533 0.997739
vt 0.058212 0.680569
vt 0.009296 0.687096
vt 0.052816 0.687174
vt 0.058212 0.772263
vt 0.052816 0.770237
vt 0.052816 0.80478
vt 0.001202 0.680467
vt 0.058212 0.810397
vt 0.009296 0.804702
vt 0.001202 0.810294
vt 0.979125 0.198203
vt 0.962993 0.198432
vt 0.96261 0.209334
vt 0.978742 0.209106
vt 0.962993 0.229305
vt 0.978864 0.182958
vt 0.962731 0.183187
vt 0.979125 0.229077
vt 0.962926 0.239688
vt 0.979058 0.23946
vt 0.028301 0.99084
vt 0.028301 0.974706
vt 0.015199 0.975317
vt 0.015199 0.991451
vt 0.897225 0.896473
vt 0.913369 0.896473
vt 0.913575 0.876732
vt 0.897431 0.876732
vt 0.897233 0.940966
vt 0.913377 0.940966
vt 0.897431 0.949559
vt 0.913575 0.949559
vt 0.967137 0.354678
vt 0.967137 0.370777
vt 0.981221 0.369824
vt 0.981221 0.353726
vt 0.977932 0.710187
vt 0.961806 0.710186
vt 0.962011 0.716062
vt 0.978137 0.716063
vt 0.977921 0.667335
vt 0.961795 0.667334
vt 0.978137 0.650725
vt 0.962011 0.650724
vt 0.444752 0.917867
vt 0.444752 0.933993
vt 0.447967 0.933999
vt 0.447967 0.917873
vt 0.795455 0.990882
vt 0.795455 0.974756
vt 0.782581 0.974737
vt 0.782581 0.990863
vt 0.974231 0.821442
vt 0.974231 0.805316
vt 0.969855 0.805588
vt 0.969855 0.821714
vt 0.977065 0.646585
vt 0.977065 0.630486
vt 0.961798 0.630508
vt 0.961798 0.646606
vt 0.36541 0.977562
vt 0.36541 0.987653
vt 0.369573 0.987653
vt 0.369573 0.977562
vt 0.991893 0.944961
vt 0.994486 0.949444
vt 0.993791 0.946853
vt 0.9893 0.944274
vt 0.985147 0.944287
vt 0.979961 0.949488
vt 0.979961 0.976181
vt 0.994486 0.976137
vt 0.980765 0.979714
vt 0.980656 0.946893
vt 0.982554 0.944989
vt 0.994431 0.979673
vt 0.984125 0.987088
vt 0.994201 0.987057
vt 0.995084 0.655891
vt 0.98054 0.682547
vt 0.995084 0.682527
vt 0.994279 0.686055
vt 0.98054 0.655911
vt 0.985733 0.65073
vt 0.981236 0.653323
vt 0.983137 0.651427
vt 0.989891 0.650724
vt 0.992488 0.651414
vt 0.994388 0.653305
vt 0.980596 0.686075
vt 0.990915 0.693428
vt 0.980826 0.693442
vt 0.128278 0.926431
vt 0.128285 0.919032
vt 0.124123 0.919027
vt 0.124116 0.926426
vt 0.124114 0.929966
vt 0.128276 0.929971
vt 0.128271 0.956681
vt 0.124109 0.956676
vt 0.124123 0.959239
vt 0.128285 0.959243
vt 0.859553 0.79382
vt 0.859597 0.820501
vt 0.863759 0.820499
vt 0.859615 0.823047
vt 0.863715 0.793818
vt 0.863725 0.790233
vt 0.859563 0.790234
vt 0.859615 0.782636
vt 0.863777 0.782634
vt 0.863777 0.823045
vt 0.953537 0.114366
vt 0.953537 0.118525
vt 0.9577 0.118525
vt 0.9577 0.114366
vt 0.953537 0.121122
vt 0.9577 0.121122
vt 0.953537 0.123022
vt 0.9577 0.123022
vt 0.9577 0.11177
vt 0.953537 0.11177
vt 0.9577 0.109869
vt 0.953537 0.109869
vt 0.721911 0.237239
vt 0.716135 0.243025
vt 0.724304 0.239638
vt 0.718528 0.245425
vt 0.721912 0.245426
vt 0.724304 0.243029
vt 0.718528 0.237237
vt 0.716135 0.239634
vt 0.635357 0.975788
vt 0.635357 0.984638
vt 0.638412 0.984716
vt 0.638412 0.975867
vt 0.632155 0.975848
vt 0.632155 0.984697
vt 0.223978 0.976404
vt 0.223978 0.985266
vt 0.227111 0.985266
vt 0.227111 0.976404
vt 0.230245 0.985266
vt 0.230245 0.976404
vt 0.238914 0.985266
vt 0.238914 0.976404
vt 0.235781 0.976404
vt 0.235781 0.985266
vt 0.232648 0.976404
vt 0.232648 0.985266
vt 0.253198 0.985265
vt 0.253198 0.976404
vt 0.249964 0.976421
vt 0.249964 0.985282
vt 0.256207 0.98529
vt 0.256207 0.976429
vt 0.247561 0.98529
vt 0.247561 0.976429
vt 0.244552 0.976404
vt 0.244552 0.985265
vt 0.241318 0.976421
vt 0.241318 0.985282
vt 0.694982 0.239636
vt 0.703159 0.243026
vt 0.700764 0.237237
vt 0.697377 0.237237
vt 0.703159 0.239635
vt 0.697377 0.245425
vt 0.700764 0.245425
vt 0.694982 0.243027
vt 0.822908 0.936727
vt 0.822908 0.945589
vt 0.826041 0.945589
vt 0.826041 0.936727
vt 0.819775 0.936727
vt 0.819775 0.945589
vt 0.640815 0.975848
vt 0.640815 0.984697
vt 0.644017 0.984638
vt 0.644017 0.975788
vt 0.647071 0.984716
vt 0.647071 0.975867
vt 0.215308 0.976404
vt 0.215308 0.985266
vt 0.218442 0.985266
vt 0.218442 0.976404
vt 0.221575 0.985266
vt 0.221575 0.976404
vt 0.711339 0.237239
vt 0.705563 0.243025
vt 0.713732 0.239638
vt 0.707955 0.245425
vt 0.711339 0.245426
vt 0.713732 0.243029
vt 0.707955 0.237237
vt 0.705563 0.239634
vt 0.692578 0.243027
vt 0.684401 0.239635
vt 0.686795 0.245425
vt 0.690183 0.245425
vt 0.6844 0.243027
vt 0.690183 0.237237
vt 0.686796 0.237237
vt 0.692578 0.239635
vt 0.134791 0.879339
vt 0.134791 0.881224
vt 0.136489 0.880835
vt 0.136489 0.879296
vt 0.136489 0.863286
vt 0.131378 0.881213
vt 0.131378 0.879329
vt 0.134791 0.862437
vt 0.837293 0.247307
vt 0.837293 0.245422
vt 0.833881 0.245412
vt 0.838939 0.246495
vt 0.833881 0.247297
vt 0.838939 0.245183
vt 0.838939 0.236228
vt 0.837293 0.235322
vt 0.271156 0.719796
vt 0.273043 0.719796
vt 0.273043 0.709643
vt 0.271156 0.709643
vt 0.271156 0.723284
vt 0.273043 0.723284
vt 0.271156 0.764757
vt 0.273043 0.764757
vt 0.259758 0.842346
vt 0.259758 0.844234
vt 0.263164 0.844238
vt 0.263164 0.842351
vt 0.264872 0.842929
vt 0.264872 0.844473
vt 0.264872 0.86033
vt 0.263164 0.861162
vt 0.392733 0.801145
vt 0.396148 0.801141
vt 0.396148 0.790991
vt 0.392733 0.790994
vt 0.392733 0.804632
vt 0.396148 0.804629
vt 0.392733 0.846097
vt 0.396148 0.846093
vt 0.564719 0.950304
vt 0.561308 0.950308
vt 0.561308 0.960459
vt 0.564719 0.960455
vt 0.566402 0.95971
vt 0.566402 0.950313
vt 0.564719 0.946816
vt 0.561308 0.94682
vt 0.566417 0.94683
vt 0.564719 0.905351
vt 0.561308 0.905355
vt 0.566417 0.905364
vt 0.728296 0.234893
vt 0.728296 0.23678
vt 0.731701 0.236785
vt 0.731701 0.234898
vt 0.733411 0.235233
vt 0.733411 0.236775
vt 0.733411 0.245157
vt 0.731701 0.246898
vt 0.446234 0.824926
vt 0.444346 0.824926
vt 0.444346 0.849193
vt 0.446234 0.849193
vt 0.444346 0.851455
vt 0.446234 0.851455
vt 0.444346 0.87635
vt 0.446234 0.87635
vt 0.704982 0.913803
vt 0.704982 0.888913
vt 0.703315 0.889687
vt 0.703315 0.913798
vt 0.708393 0.888909
vt 0.708393 0.913799
vt 0.704982 0.916064
vt 0.703315 0.91606
vt 0.703315 0.93941
vt 0.704982 0.940327
vt 0.708393 0.91606
vt 0.708393 0.940323
vt 0.96284 0.167668
vt 0.964154 0.167668
vt 0.964154 0.126195
vt 0.973122 0.167668
vt 0.964154 0.171156
vt 0.980012 0.171156
vt 0.96284 0.126195
vt 0.973122 0.126195
vt 0.96261 0.171156
vt 0.96261 0.180555
vt 0.964154 0.180555
vt 0.980012 0.180555
vt 0.981235 0.10923
vt 0.981235 0.085876
vt 0.965203 0.085876
vt 0.965203 0.10923
vt 0.982777 0.085876
vt 0.982777 0.10923
vt 0.972852 0.083614
vt 0.981235 0.083614
vt 0.982777 0.083614
vt 0.982777 0.059498
vt 0.981235 0.059498
vt 0.972852 0.059498
vt 0.97112 0.083614
vt 0.97112 0.058719
vt 0.948308 0.956936
vt 0.946624 0.956921
vt 0.946624 0.966317
vt 0.948308 0.967087
vt 0.392733 0.911479
vt 0.392733 0.935742
vt 0.39442 0.934846
vt 0.39442 0.911496
vt 0.965203 0.001202
vt 0.965203 0.011354
vt 0.982129 0.011354
vt 0.982129 0.001202
vt 0.975318 0.014843
vt 0.965203 0.014843
vt 0.975318 0.056316
vt 0.965203 0.056316
vt 0.859553 0.780231
vt 0.862968 0.780228
vt 0.862968 0.755965
vt 0.859553 0.755969
vt 0.862968 0.753704
vt 0.859553 0.753707
vt 0.862968 0.728815
vt 0.859553 0.728818
vt 0.859553 0.82545
vt 0.859553 0.866914
vt 0.861241 0.866931
vt 0.861241 0.825467
vt 0.649475 0.982778
vt 0.651146 0.983637
vt 0.651146 0.976568
vt 0.649477 0.975788
vt 0.984063 0.324166
vt 0.984063 0.299899
vt 0.967137 0.299899
vt 0.967137 0.324166
vt 0.973948 0.326428
vt 0.984063 0.326428
vt 0.984063 0.351322
vt 0.973948 0.351322
vt 0.946624 0.971176
vt 0.946646 0.977953
vt 0.948311 0.977103
vt 0.948311 0.96949
vt 0.643826 0.245977
vt 0.644657 0.245973
vt 0.644657 0.242927
vt 0.643826 0.242932
vt 0.64543 0.242934
vt 0.64543 0.24598
vt 0.640618 0.242927
vt 0.639813 0.242927
vt 0.639813 0.245974
vt 0.640618 0.245974
vt 0.641423 0.242927
vt 0.641423 0.245974
vt 0.632611 0.242927
vt 0.631788 0.242943
vt 0.631788 0.245985
vt 0.632611 0.245969
vt 0.633396 0.242947
vt 0.633396 0.245989
vt 0.636604 0.242927
vt 0.635799 0.242927
vt 0.635799 0.245974
vt 0.636604 0.245974
vt 0.63741 0.242927
vt 0.63741 0.245974
vt 0.401205 0.247259
vt 0.39972 0.245772
vt 0.40059 0.247875
vt 0.399104 0.246388
vt 0.399104 0.247259
vt 0.39972 0.247875
vt 0.401205 0.246388
vt 0.40059 0.245771
vt 0.403609 0.246387
vt 0.405708 0.24726
vt 0.405093 0.245772
vt 0.404224 0.245771
vt 0.405708 0.246388
vt 0.404224 0.247875
vt 0.405093 0.247876
vt 0.403609 0.247259
vt 0.201099 0.680935
vt 0.210093 0.718661
vt 0.210093 0.680513
vt 0.201099 0.810813
vt 0.210093 0.81039
vt 0.259758 0.839521
vt 0.268753 0.839943
vt 0.268753 0.710066
vt 0.259758 0.709643
vt 0.130354 0.827552
vt 0.130354 0.709901
vt 0.121359 0.710324
vt 0.121359 0.827975
vt 0.201099 0.813244
vt 0.201099 0.87028
vt 0.21009 0.870253
vt 0.21009 0.813216
vt 0.499976 0.942796
vt 0.508968 0.942768
vt 0.508968 0.899228
vt 0.499976 0.899255
vt 0.98518 0.115645
vt 0.994183 0.115632
vt 0.994183 0.058719
vt 0.98518 0.058732
vt 0.825041 0.948032
vt 0.825041 0.991478
vt 0.834044 0.991465
vt 0.834044 0.948019
vt 0.587041 0.97951
vt 0.587041 0.985662
vt 0.589359 0.985727
vt 0.589359 0.979575
vt 0.584638 0.985713
vt 0.584638 0.979548
vt 0.582294 0.97951
vt 0.582294 0.985675
vt 0.074372 0.782362
vt 0.072013 0.781753
vt 0.072013 0.805478
vt 0.074372 0.806087
vt 0.331728 0.91261
vt 0.325559 0.912638
vt 0.325559 0.936249
vt 0.331728 0.936222
vt 0.323009 0.961762
vt 0.323009 0.985377
vt 0.329171 0.985339
vt 0.329171 0.961724
vt 0.271156 0.818794
vt 0.271156 0.842519
vt 0.27174 0.841765
vt 0.27174 0.819246
vt 0.272931 0.818938
vt 0.272931 0.841457
vt 0.273515 0.84191
vt 0.271156 0.842519
vt 0.273515 0.818185
vt 0.273515 0.818185
vt 0.535161 0.241952
vt 0.535161 0.247165
vt 0.540356 0.247165
vt 0.540356 0.241952
vt 0.542759 0.247165
vt 0.547953 0.247165
vt 0.547953 0.241952
vt 0.542759 0.241952
vt 0.750205 0.990187
vt 0.755389 0.990187
vt 0.755389 0.974064
vt 0.750205 0.974064
vt 0.816182 0.974737
vt 0.810999 0.974737
vt 0.810999 0.990861
vt 0.816182 0.990861
vt 0.988808 0.354653
vt 0.983624 0.354653
vt 0.983624 0.370777
vt 0.988808 0.370777
vt 0.982416 0.24448
vt 0.987611 0.24448
vt 0.987611 0.228356
vt 0.982416 0.228356
vt 0.536989 0.280797
vt 0.580753 0.283708
vt 0.580753 0.255493
vt 0.53016 0.251259
vt 0.580753 0.634954
vt 0.526804 0.637991
vt 0.512367 0.27964
vt 0.513737 0.250487
vt 0.073321 0.814807
vt 0.044 0.8128
vt 0.049506 0.929983
vt 0.073321 0.932458
vt 0.607777 0.607681
vt 0.600949 0.637219
vt 0.651541 0.632985
vt 0.583156 0.608838
vt 0.651541 0.60477
vt 0.651541 0.253524
vt 0.597593 0.250487
vt 0.584526 0.637991
vt 0.871007 0.835652
vt 0.894822 0.867734
vt 0.894822 0.833177
vt 0.865501 0.952835
vt 0.894822 0.950828
vt 0.555979 0.90441
vt 0.555979 0.787337
vt 0.512367 0.787337
vt 0.512367 0.90441
vt 0.661052 0.40196
vt 0.711216 0.629893
vt 0.704664 0.40196
vt 0.711216 0.278698
vt 0.704664 0.318878
vt 0.653944 0.629893
vt 0.653944 0.278698
vt 0.653944 0.250487
vt 0.661052 0.284326
vt 0.711216 0.250487
vt 0.704664 0.284326
vt 0.961798 0.585454
vt 0.985719 0.585454
vt 0.985719 0.541843
vt 0.961798 0.541843
vt 0.836447 0.901954
vt 0.836447 0.959225
vt 0.860955 0.959225
vt 0.860955 0.901954
vt 0.450501 0.846425
vt 0.450501 0.896825
vt 0.507773 0.896825
vt 0.507773 0.846425
vt 0.507773 0.830042
vt 0.450501 0.830042
vt 0.27258 0.70724
vt 0.27258 0.350289
vt 0.215308 0.350289
vt 0.215308 0.70724
vt 0.649579 0.224222
vt 0.678703 0.224222
vt 0.678703 0.166951
vt 0.649579 0.166951
vt 0.276585 0.910207
vt 0.330618 0.910207
vt 0.330618 0.852936
vt 0.276585 0.852936
vt 0.96946 0.474214
vt 0.96946 0.464764
vt 0.966525 0.464866
vt 0.966525 0.474316
vt 0.972395 0.474316
vt 0.972395 0.464866
vt 0.968376 0.113463
vt 0.968376 0.122947
vt 0.971311 0.122947
vt 0.971311 0.113463
vt 0.974246 0.122947
vt 0.974246 0.113463
vt 0.960103 0.113593
vt 0.960103 0.123022
vt 0.963038 0.122893
vt 0.963038 0.113463
vt 0.965973 0.123022
vt 0.965973 0.113593
vt 0.974798 0.464764
vt 0.974798 0.474248
vt 0.977733 0.474248
vt 0.977733 0.464764
vt 0.980668 0.474248
vt 0.980668 0.464764
vt 0.84894 0.237576
vt 0.856596 0.24074
vt 0.854353 0.235322
vt 0.851182 0.235327
vt 0.856596 0.237564
vt 0.851182 0.242993
vt 0.84894 0.240751
vt 0.854353 0.242989
vt 0.062857 0.800948
vt 0.068271 0.803186
vt 0.066028 0.800944
vt 0.060615 0.803197
vt 0.060615 0.806373
vt 0.068271 0.806362
vt 0.066028 0.80861
vt 0.062857 0.808615
vt 0.948278 0.109869
vt 0.948278 0.123508
vt 0.951134 0.123772
vt 0.945422 0.123772
vt 0.951134 0.110133
vt 0.945422 0.110133
vt 0.607811 0.975788
vt 0.607811 0.989781
vt 0.610666 0.989781
vt 0.610666 0.975788
vt 0.613522 0.989781
vt 0.613522 0.975788
vt 0.629752 0.976026
vt 0.626896 0.975788
vt 0.626896 0.989496
vt 0.62404 0.976026
vt 0.629752 0.989733
vt 0.62404 0.989733
vt 0.621637 0.975788
vt 0.618781 0.975788
vt 0.618781 0.989781
vt 0.621637 0.989781
vt 0.615926 0.989781
vt 0.615926 0.975788
vt 0.909606 0.132857
vt 0.906593 0.125362
vt 0.904463 0.130571
vt 0.906593 0.132793
vt 0.904463 0.127494
vt 0.909606 0.125427
vt 0.911736 0.127648
vt 0.911736 0.130726
vt 0.91928 0.132793
vt 0.914139 0.130727
vt 0.916268 0.132857
vt 0.92141 0.130571
vt 0.92141 0.127493
vt 0.91928 0.125362
vt 0.916269 0.125427
vt 0.914139 0.127649
vt 0.044 0.978473
vt 0.073375 0.978473
vt 0.073375 0.934862
vt 0.044 0.934862
vt 0.093306 0.919027
vt 0.121705 0.949182
vt 0.115704 0.925765
vt 0.105309 0.919294
vt 0.121705 0.936704
vt 0.07691 0.935707
vt 0.082911 0.925034
vt 0.082911 0.959124
vt 0.07691 0.948184
vt 0.093306 0.965594
vt 0.105309 0.965862
vt 0.115704 0.959854
vt 0.095394 0.988007
vt 0.095394 0.978112
vt 0.076981 0.978175
vt 0.076981 0.988071
vt 0.095323 0.9953
vt 0.07691 0.968329
vt 0.095323 0.968265
vt 0.07691 0.995364
vt 0.432214 0.942147
vt 0.423285 0.942029
vt 0.423285 0.977922
vt 0.432214 0.978039
vt 0.411168 0.97788
vt 0.411168 0.941988
vt 0.399112 0.977925
vt 0.399112 0.942032
vt 0.140641 0.945144
vt 0.131727 0.945239
vt 0.131727 0.981132
vt 0.140641 0.981037
vt 0.152752 0.945109
vt 0.152752 0.981003
vt 0.164814 0.945146
vt 0.164814 0.981039
vt 0.569025 0.968258
vt 0.569583 0.977107
vt 0.605407 0.977107
vt 0.604849 0.968258
vt 0.568821 0.956171
vt 0.604645 0.956171
vt 0.569025 0.944084
vt 0.604849 0.944084
vt 0.569583 0.935236
vt 0.605407 0.935236
vt 0.932134 0.956921
vt 0.920047 0.95724
vt 0.920047 0.99296
vt 0.932134 0.992641
vt 0.944221 0.95724
vt 0.944221 0.99296
vt 0.211203 0.92424
vt 0.176647 0.92424
vt 0.176774 0.931721
vt 0.211329 0.931721
vt 0.21054 0.913729
vt 0.175984 0.913729
vt 0.176774 0.945476
vt 0.211329 0.945476
vt 0.176647 0.952957
vt 0.211203 0.952957
vt 0.175984 0.963468
vt 0.21054 0.963468
vt 0.036031 0.950998
vt 0.001409 0.950998
vt 0.001329 0.962646
vt 0.03595 0.962646
vt 0.001202 0.972303
vt 0.035977 0.936675
vt 0.001356 0.936675
vt 0.035823 0.972303
vt 0.683133 0.946024
vt 0.683133 0.98048
vt 0.696205 0.980134
vt 0.696205 0.945679
vt 0.709278 0.98048
vt 0.709278 0.946024
vt 0.1152 0.912693
vt 0.108883 0.86471
vt 0.07691 0.896779
vt 0.124911 0.902952
vt 0.128778 0.881401
vt 0.128778 0.896243
vt 0.095369 0.864751
vt 0.083666 0.871543
vt 0.07691 0.883266
vt 0.121357 0.868569
vt 0.09366 0.916624
vt 0.108502 0.916579
vt 0.080806 0.909241
vt 0.782749 0.972334
vt 0.817371 0.972334
vt 0.817268 0.962694
vt 0.782646 0.962694
vt 0.817203 0.951056
vt 0.782581 0.951056
vt 0.817246 0.936727
vt 0.782624 0.936727
vt 0.615813 0.89601
vt 0.568821 0.900108
vt 0.600121 0.932833
vt 0.606305 0.88607
vt 0.585218 0.881342
vt 0.599749 0.881989
vt 0.586892 0.932244
vt 0.575435 0.925112
vt 0.568821 0.91335
vt 0.572635 0.888054
vt 0.619598 0.917286
vt 0.619598 0.902741
vt 0.612333 0.929559
vt 0.294774 0.95504
vt 0.285948 0.949944
vt 0.282824 0.953081
vt 0.293631 0.95932
vt 0.304966 0.955025
vt 0.30611 0.959302
vt 0.313792 0.949903
vt 0.316916 0.95303
vt 0.323156 0.942186
vt 0.318888 0.941046
vt 0.318888 0.930828
vt 0.323156 0.929675
vt 0.313792 0.921987
vt 0.316916 0.91885
vt 0.30611 0.91261
vt 0.304966 0.916891
vt 0.293631 0.912629
vt 0.294775 0.916906
vt 0.282824 0.918901
vt 0.285948 0.922028
vt 0.280853 0.930885
vt 0.276585 0.929745
vt 0.276585 0.942256
vt 0.280853 0.941103
vt 0.621732 0.973385
vt 0.645846 0.949173
vt 0.612906 0.940373
vt 0.645846 0.959391
vt 0.64075 0.968248
vt 0.631924 0.97337
vt 0.607811 0.959448
vt 0.612906 0.968289
vt 0.607811 0.94923
vt 0.631924 0.935236
vt 0.621732 0.935251
vt 0.64075 0.940332
vt 0.836614 0.988599
vt 0.83707 0.995825
vt 0.855448 0.995825
vt 0.854992 0.988599
vt 0.836447 0.978727
vt 0.854825 0.978727
vt 0.836614 0.968855
vt 0.854992 0.968855
vt 0.83707 0.961629
vt 0.855448 0.961629
vt 0.668165 0.236497
vt 0.667904 0.226626
vt 0.649579 0.226626
vt 0.64984 0.236497
vt 0.667904 0.246369
vt 0.649579 0.246369
vt 0.116267 0.975597
vt 0.11621 0.968317
vt 0.097797 0.968265
vt 0.097854 0.975545
vt 0.116267 0.985488
vt 0.097854 0.985436
vt 0.11621 0.99534
vt 0.097797 0.995288
vt 0.859553 0.726412
vt 0.863338 0.726412
vt 0.863338 0.721181
vt 0.859553 0.721181
vt 0.859553 0.616198
vt 0.863338 0.616198
vt 0.863338 0.610686
vt 0.859553 0.610686
vt 0.931887 0.133808
vt 0.960206 0.133805
vt 0.952595 0.126195
vt 0.931887 0.238991
vt 0.939498 0.126196
vt 0.934116 0.128426
vt 0.957977 0.128423
vt 0.960206 0.238988
vt 0.939498 0.246601
vt 0.952595 0.246599
vt 0.957977 0.244369
vt 0.934116 0.244372
vt 0.392733 0.909076
vt 0.396518 0.909076
vt 0.396518 0.904579
vt 0.392733 0.904579
vt 0.392733 0.892051
vt 0.396518 0.892051
vt 0.396518 0.886253
vt 0.392733 0.886253
vt 0.706695 0.863806
vt 0.71048 0.863806
vt 0.71048 0.858612
vt 0.71048 0.876865
vt 0.706695 0.858612
vt 0.706695 0.876865
vt 0.706695 0.882403
vt 0.71048 0.882403
vt 0.625893 0.882954
vt 0.622107 0.882954
vt 0.622107 0.88809
vt 0.625893 0.88809
vt 0.622107 0.778273
vt 0.625893 0.778273
vt 0.625893 0.772698
vt 0.622107 0.772698
vt 0.94712 0.946644
vt 0.921311 0.946642
vt 0.940515 0.953249
vt 0.945186 0.951314
vt 0.940756 0.954517
vt 0.927917 0.953248
vt 0.927658 0.954516
vt 0.923246 0.951313
vt 0.922276 0.952287
vt 0.920047 0.946905
vt 0.921311 0.841955
vt 0.920047 0.841718
vt 0.94712 0.841957
vt 0.948367 0.946907
vt 0.946137 0.952288
vt 0.927917 0.83535
vt 0.940515 0.835351
vt 0.940756 0.834109
vt 0.945186 0.837286
vt 0.946137 0.836339
vt 0.948367 0.841721
vt 0.923246 0.837284
vt 0.922276 0.836337
vt 0.927658 0.834108
vt 0.245469 0.709643
vt 0.224158 0.811159
vt 0.227069 0.808529
vt 0.215308 0.79264
vt 0.246696 0.710073
vt 0.230764 0.807213
vt 0.248692 0.710772
vt 0.251153 0.711633
vt 0.234682 0.807412
vt 0.238226 0.809094
vt 0.253703 0.712526
vt 0.227511 0.836761
vt 0.25373 0.816512
vt 0.257355 0.713805
vt 0.257355 0.847211
vt 0.230009 0.843344
vt 0.256586 0.85265
vt 0.238645 0.861285
vt 0.253794 0.857381
vt 0.249404 0.860683
vt 0.244085 0.862054
vt 0.22924 0.848783
vt 0.230611 0.854103
vt 0.233914 0.858493
vt 0.218845 0.813702
vt 0.215329 0.804135
vt 0.135664 0.793574
vt 0.133416 0.793574
vt 0.133416 0.805066
vt 0.135664 0.709901
vt 0.135664 0.805066
vt 0.135664 0.814551
vt 0.133416 0.814551
vt 0.135664 0.837406
vt 0.133416 0.837406
vt 0.135664 0.84393
vt 0.133416 0.84393
vt 0.135664 0.849386
vt 0.133416 0.849386
vt 0.135664 0.854673
vt 0.133416 0.854673
vt 0.135664 0.858986
vt 0.133416 0.858987
vt 0.133416 0.709901
vt 0.132757 0.793674
vt 0.132757 0.804933
vt 0.133676 0.350294
vt 0.133676 0.451517
vt 0.135924 0.451517
vt 0.135924 0.350294
vt 0.135924 0.482423
vt 0.133676 0.482423
vt 0.135924 0.487704
vt 0.133676 0.487704
vt 0.135924 0.492003
vt 0.133676 0.492003
vt 0.376783 0.977562
vt 0.376783 0.978805
vt 0.379031 0.978805
vt 0.379031 0.977562
vt 0.379031 0.980826
vt 0.376783 0.980826
vt 0.379031 0.983316
vt 0.376783 0.983316
vt 0.379031 0.985897
vt 0.376783 0.985897
vt 0.379031 0.989595
vt 0.376783 0.989595
vt 0.625014 0.929001
vt 0.625014 0.92559
vt 0.622766 0.92559
vt 0.622766 0.929001
vt 0.622766 0.920791
vt 0.625014 0.920791
vt 0.622766 0.915334
vt 0.625014 0.915334
vt 0.622766 0.91005
vt 0.625014 0.91005
vt 0.622107 0.915388
vt 0.622107 0.920585
vt 0.089723 0.735418
vt 0.09228 0.728677
vt 0.09161 0.728611
vt 0.089112 0.735194
vt 0.091506 0.7232
vt 0.090841 0.723172
vt 0.092812 0.718135
vt 0.092213 0.717853
vt 0.095957 0.713954
vt 0.095515 0.713463
vt 0.100246 0.71067
vt 0.100463 0.711295
vt 0.117548 0.719517
vt 0.080447 0.758252
vt 0.081058 0.758475
vt 0.077584 0.767928
vt 0.076931 0.76782
vt 0.114666 0.755405
vt 0.077563 0.77919
vt 0.118286 0.724742
vt 0.118956 0.724743
vt 0.115331 0.755441
vt 0.118275 0.857674
vt 0.118187 0.719304
vt 0.115395 0.714573
vt 0.114889 0.715012
vt 0.110709 0.711868
vt 0.111006 0.711272
vt 0.105643 0.710562
vt 0.105686 0.709901
vt 0.118956 0.858145
vt 0.115304 0.859424
vt 0.11508 0.858793
vt 0.112754 0.860317
vt 0.11253 0.859686
vt 0.110294 0.861178
vt 0.11007 0.860548
vt 0.108074 0.861247
vt 0.108298 0.861877
vt 0.107461 0.861461
vt 0.10707 0.862307
vt 0.07691 0.779314
vt 0.329207 0.499494
vt 0.329207 0.536473
vt 0.343088 0.536473
vt 0.322214 0.536521
vt 0.343088 0.499494
vt 0.350082 0.536521
vt 0.343088 0.700909
vt 0.329207 0.700909
vt 0.322214 0.700812
vt 0.350082 0.700812
vt 0.343088 0.721008
vt 0.329207 0.721008
vt 0.322214 0.720904
vt 0.350082 0.720904
vt 0.343088 0.746889
vt 0.329207 0.746889
vt 0.322214 0.746572
vt 0.350082 0.746572
vt 0.343088 0.798834
vt 0.329207 0.798834
vt 0.322214 0.798917
vt 0.317095 0.799146
vt 0.350082 0.798917
vt 0.355201 0.799146
vt 0.343088 0.840005
vt 0.329207 0.840005
vt 0.322214 0.840301
vt 0.317095 0.841111
vt 0.350082 0.840301
vt 0.355201 0.841111
vt 0.317095 0.745708
vt 0.355201 0.745708
vt 0.302578 0.801374
vt 0.302578 0.733764
vt 0.288698 0.733764
vt 0.309572 0.734406
vt 0.288698 0.801374
vt 0.302578 0.850531
vt 0.309572 0.801596
vt 0.281704 0.734406
vt 0.288698 0.714384
vt 0.302578 0.714384
vt 0.309572 0.714801
vt 0.281704 0.714801
vt 0.288698 0.693125
vt 0.302578 0.693125
vt 0.309572 0.693534
vt 0.314691 0.694651
vt 0.281704 0.693534
vt 0.276585 0.694651
vt 0.288698 0.527805
vt 0.302578 0.527805
vt 0.309572 0.528064
vt 0.314691 0.52877
vt 0.281704 0.528064
vt 0.276585 0.52877
vt 0.288698 0.499494
vt 0.302578 0.499494
vt 0.309572 0.499629
vt 0.281704 0.499629
vt 0.314691 0.715939
vt 0.276585 0.715939
vt 0.219752 0.299973
vt 0.261091 0.302142
vt 0.248097 0.245677
vt 0.210953 0.23593
vt 0.249849 0.221438
vt 0.228033 0.347044
vt 0.260148 0.345011
vt 0.267017 0.344596
vt 0.20765 0.215037
vt 0.25766 0.202066
vt 0.257111 0.222562
vt 0.255302 0.247592
vt 0.267943 0.302522
vt 0.202942 0.193979
vt 0.261591 0.038327
vt 0.153061 0.030401
vt 0.261591 0.002122
vt 0.1511 0.001238
vt 0.268877 0.002201
vt 0.268877 0.03888
vt 0.264933 0.203163
vt 0.262398 0.223425
vt 0.260548 0.249033
vt 0.274182 0.002298
vt 0.274182 0.039325
vt 0.270228 0.204006
vt 0.145998 0.029907
vt 0.144069 0.001202
vt 0.195711 0.192932
vt 0.200413 0.213961
vt 0.140799 0.029584
vt 0.138892 0.001215
vt 0.203584 0.23402
vt 0.212597 0.299618
vt 0.19816 0.232661
vt 0.195086 0.213214
vt 0.20733 0.299398
vt 0.21586 0.347885
vt 0.221022 0.347507
vt 0.073274 0.113172
vt 0.069972 0.134064
vt 0.11217 0.127661
vt 0.110418 0.103423
vt 0.082073 0.04913
vt 0.11998 0.147032
vt 0.065263 0.155122
vt 0.119428 0.126532
vt 0.117619 0.101503
vt 0.123912 0.310766
vt 0.015383 0.318696
vt 0.123911 0.34697
vt 0.013422 0.347859
vt 0.123412 0.046959
vt 0.090354 0.00206
vt 0.13026 0.046574
vt 0.122468 0.004091
vt 0.129334 0.004502
vt 0.08334 0.001593
vt 0.074915 0.04948
vt 0.078168 0.001202
vt 0.069638 0.049688
vt 0.131194 0.346886
vt 0.131194 0.310208
vt 0.136489 0.346776
vt 0.136489 0.309751
vt 0.065902 0.115077
vt 0.060469 0.116423
vt 0.062731 0.135135
vt 0.057395 0.13587
vt 0.12725 0.14593
vt 0.132535 0.145075
vt 0.124706 0.125657
vt 0.058029 0.156164
vt 0.008317 0.319187
vt 0.006388 0.347891
vt 0.003109 0.319497
vt 0.001202 0.347865
vt 0.122855 0.100049
vt 0.862079 0.008126
vt 0.874192 0.001202
vt 0.867199 0.003057
vt 0.860205 0.015049
vt 0.90206 0.015049
vt 0.888073 0.001202
vt 0.900186 0.008126
vt 0.895066 0.003057
vt 0.860205 0.119838
vt 0.90206 0.119838
vt 0.888073 0.133147
vt 0.900186 0.126492
vt 0.895066 0.131364
vt 0.874192 0.133147
vt 0.862079 0.126492
vt 0.867199 0.131364
vt 0.288698 0.850531
vt 0.281704 0.801596
vt 0.281704 0.850533
vt 0.309572 0.850533
vt 0.173581 0.928899
vt 0.131727 0.928899
vt 0.159594 0.942706
vt 0.145714 0.942706
vt 0.133601 0.935803
vt 0.13872 0.940856
vt 0.173581 0.897212
vt 0.131727 0.897212
vt 0.171707 0.935803
vt 0.166588 0.940856
vt 0.145714 0.883627
vt 0.13872 0.885447
vt 0.133601 0.89042
vt 0.159594 0.883627
vt 0.166588 0.885447
vt 0.171707 0.89042
vt 0.259684 0.967615
vt 0.259684 0.971641
vt 0.274182 0.971641
vt 0.259171 0.984147
vt 0.274182 0.967615
vt 0.259171 0.955109
vt 0.273735 0.984147
vt 0.273735 0.955109
vt 0.761485 0.837365
vt 0.776718 0.838042
vt 0.778204 0.742479
vt 0.761036 0.741834
vt 0.778347 0.729919
vt 0.760925 0.729264
vt 0.778347 0.720615
vt 0.760739 0.719953
vt 0.761491 0.84983
vt 0.776472 0.850496
vt 0.761392 0.858846
vt 0.776187 0.859504
vt 0.778079 0.695315
vt 0.778079 0.59978
vt 0.760916 0.600505
vt 0.762851 0.696063
vt 0.760739 0.587952
vt 0.778155 0.587216
vt 0.760763 0.578668
vt 0.778365 0.577924
vt 0.778155 0.707787
vt 0.76318 0.708523
vt 0.778365 0.716823
vt 0.763575 0.71755
vt 0.707995 0.657308
vt 0.704644 0.644803
vt 0.682983 0.632297
vt 0.678957 0.632297
vt 0.653944 0.657308
vt 0.653944 0.752854
vt 0.707995 0.752854
vt 0.682983 0.777861
vt 0.704644 0.765357
vt 0.695489 0.774511
vt 0.678957 0.777861
vt 0.657295 0.765357
vt 0.666451 0.774511
vt 0.657295 0.644803
vt 0.666451 0.635648
vt 0.695489 0.635648
vt 0.176458 0.978377
vt 0.176458 0.982403
vt 0.193849 0.982403
vt 0.175984 0.994909
vt 0.193849 0.978377
vt 0.175984 0.965871
vt 0.193308 0.994909
vt 0.193308 0.965871
vt 0.566417 0.665229
vt 0.563066 0.652806
vt 0.541405 0.640394
vt 0.53738 0.640396
vt 0.512367 0.665258
vt 0.512367 0.760091
vt 0.566417 0.760062
vt 0.541405 0.784931
vt 0.563066 0.772492
vt 0.553911 0.781595
vt 0.53738 0.784934
vt 0.515718 0.772517
vt 0.524873 0.78161
vt 0.515718 0.652832
vt 0.524873 0.643732
vt 0.553911 0.643716
vt 0.952499 0.971455
vt 0.951253 0.957407
vt 0.95077 0.971972
vt 0.953572 0.954016
vt 0.951884 0.953416
vt 0.955064 0.951599
vt 0.954079 0.950112
vt 0.957517 0.949442
vt 0.957537 0.951228
vt 0.96017 0.949755
vt 0.960211 0.951541
vt 0.961123 0.949839
vt 0.962309 0.951173
vt 0.963052 0.948764
vt 0.961308 0.948345
vt 0.963353 0.947222
vt 0.961797 0.946341
vt 0.963523 0.944781
vt 0.964326 0.946374
vt 0.965625 0.944274
vt 0.96579 0.946052
vt 0.967704 0.944311
vt 0.967561 0.946093
vt 0.971703 0.944898
vt 0.972975 0.947098
vt 0.97364 0.945434
vt 0.974353 0.947807
vt 0.975467 0.946397
vt 0.975322 0.948883
vt 0.976914 0.948029
vt 0.977558 0.950169
vt 0.975762 0.950435
vt 0.977558 0.974669
vt 0.97575 0.97445
vt 0.975399 0.976446
vt 0.977154 0.976939
vt 0.974654 0.978453
vt 0.976291 0.979265
vt 0.973519 0.980305
vt 0.97495 0.981444
vt 0.971998 0.981833
vt 0.973092 0.983301
vt 0.970094 0.98287
vt 0.970703 0.984597
vt 0.967918 0.985098
vt 0.967867 0.983269
vt 0.9656 0.982968
vt 0.965059 0.984711
vt 0.963632 0.981927
vt 0.962458 0.983315
vt 0.9623 0.980105
vt 0.960633 0.9808
vt 0.959792 0.974797
vt 0.961215 0.973673
vt 0.958844 0.972529
vt 0.958495 0.974322
vt 0.955982 0.974506
vt 0.953423 0.972771
vt 0.95263 0.974412
vt 0.676139 0.98368
vt 0.674096 0.982348
vt 0.670725 0.984684
vt 0.675501 0.981973
vt 0.676431 0.981516
vt 0.67061 0.982859
vt 0.677517 0.98297
vt 0.676921 0.980999
vt 0.678485 0.981895
vt 0.678926 0.980342
vt 0.677159 0.980033
vt 0.678914 0.956328
vt 0.677135 0.956504
vt 0.676836 0.954783
vt 0.669147 0.982903
vt 0.668955 0.984724
vt 0.668322 0.982766
vt 0.667491 0.984402
vt 0.668102 0.982629
vt 0.666518 0.983553
vt 0.666217 0.982012
vt 0.667989 0.981551
vt 0.665474 0.979602
vt 0.666687 0.978225
vt 0.678563 0.954332
vt 0.676211 0.953093
vt 0.663446 0.977406
vt 0.663376 0.979235
vt 0.677818 0.952324
vt 0.675281 0.951568
vt 0.676683 0.950472
vt 0.674096 0.950369
vt 0.675162 0.948944
vt 0.672677 0.949591
vt 0.673258 0.947907
vt 0.671032 0.947508
vt 0.671009 0.949293
vt 0.669334 0.949509
vt 0.668765 0.947808
vt 0.667998 0.950195
vt 0.666797 0.948849
vt 0.667161 0.951324
vt 0.665466 0.950671
vt 0.666913 0.953585
vt 0.664381 0.957103
vt 0.665832 0.958184
vt 0.662386 0.959997
vt 0.662009 0.958246
vt 0.658997 0.95988
vt 0.65659 0.958003
vt 0.657411 0.959601
vt 0.655665 0.959319
vt 0.657422 0.959793
vt 0.657739 0.963574
vt 0.658023 0.972984
vt 0.656738 0.976759
vt 0.658454 0.976117
vt 0.659244 0.977645
vt 0.65823 0.979175
vt 0.660702 0.979546
vt 0.660749 0.977717
vt 0.965974 0.947873
vt 0.967438 0.947917
vt 0.967561 0.946093
vt 0.970923 0.948429
vt 0.972975 0.947098
vt 0.972329 0.948804
vt 0.973259 0.949261
vt 0.96579 0.946052
vt 0.974353 0.947807
vt 0.973749 0.949779
vt 0.975322 0.948883
vt 0.975762 0.950435
vt 0.973987 0.950744
vt 0.97575 0.97445
vt 0.973963 0.974274
vt 0.973664 0.975994
vt 0.965149 0.94801
vt 0.964326 0.946374
vt 0.964929 0.948147
vt 0.963353 0.947222
vt 0.963052 0.948764
vt 0.964816 0.949225
vt 0.962309 0.951173
vt 0.963514 0.95255
vt 0.960272 0.953369
vt 0.960211 0.951541
vt 0.957576 0.953057
vt 0.957537 0.951228
vt 0.95607 0.953129
vt 0.955064 0.951599
vt 0.953572 0.954016
vt 0.95528 0.954657
vt 0.954849 0.95779
vt 0.952499 0.971455
vt 0.954248 0.970981
vt 0.954237 0.971173
vt 0.953423 0.972771
vt 0.955823 0.970894
vt 0.958844 0.972529
vt 0.959212 0.970778
vt 0.961215 0.973673
vt 0.962658 0.972591
vt 0.96374 0.97719
vt 0.9623 0.980105
vt 0.963988 0.979451
vt 0.963632 0.981927
vt 0.964825 0.980581
vt 0.9656 0.982968
vt 0.966161 0.981268
vt 0.967867 0.983269
vt 0.967837 0.981483
vt 0.969505 0.981186
vt 0.970094 0.98287
vt 0.971998 0.981833
vt 0.970924 0.980408
vt 0.973519 0.980305
vt 0.972108 0.979209
vt 0.974654 0.978453
vt 0.973038 0.977684
vt 0.975399 0.976446
vt 0.394833 0.881875
vt 0.392745 0.881875
vt 0.392749 0.883849
vt 0.394837 0.88385
vt 0.392733 0.857836
vt 0.394821 0.857836
vt 0.394822 0.85553
vt 0.392734 0.855529
vt 0.392736 0.85308
vt 0.394824 0.853081
vt 0.394829 0.850683
vt 0.392741 0.850682
vt 0.394837 0.848501
vt 0.392749 0.8485
vt 0.65823 0.979175
vt 0.657253 0.980662
vt 0.660691 0.981332
vt 0.660702 0.979546
vt 0.663343 0.98102
vt 0.663376 0.979235
vt 0.664297 0.980936
vt 0.665474 0.979602
vt 0.666217 0.982012
vt 0.664482 0.98243
vt 0.666518 0.983553
vt 0.66497 0.984435
vt 0.666696 0.985995
vt 0.667491 0.984402
vt 0.668798 0.986501
vt 0.668955 0.984724
vt 0.670876 0.986465
vt 0.670725 0.984684
vt 0.674875 0.985879
vt 0.676139 0.98368
vt 0.676812 0.985343
vt 0.677517 0.98297
vt 0.678639 0.984381
vt 0.678485 0.981895
vt 0.680086 0.982748
vt 0.680729 0.980609
vt 0.678926 0.980342
vt 0.680729 0.956109
vt 0.678914 0.956328
vt 0.678563 0.954332
vt 0.680326 0.953838
vt 0.677818 0.952324
vt 0.679462 0.951513
vt 0.676683 0.950472
vt 0.678122 0.949334
vt 0.675162 0.948944
vt 0.676264 0.947476
vt 0.673258 0.947907
vt 0.673876 0.94618
vt 0.67109 0.945679
vt 0.671032 0.947508
vt 0.668765 0.947808
vt 0.668232 0.946064
vt 0.666797 0.948849
vt 0.665632 0.94746
vt 0.665466 0.950671
vt 0.663806 0.949975
vt 0.662966 0.955978
vt 0.664381 0.957103
vt 0.662009 0.958246
vt 0.661669 0.956452
vt 0.659156 0.956268
vt 0.65659 0.958003
vt 0.655804 0.956362
vt 0.653944 0.958802
vt 0.655665 0.959319
vt 0.654428 0.973366
vt 0.656738 0.976759
vt 0.655059 0.977357
vt 0.989597 0.731172
vt 0.989597 0.728935
vt 0.98751 0.728935
vt 0.989597 0.726129
vt 0.98751 0.731172
vt 0.98751 0.726129
vt 0.989597 0.723247
vt 0.98751 0.723247
vt 0.989597 0.720592
vt 0.98751 0.720592
vt 0.989597 0.718466
vt 0.98751 0.718466
vt 0.558125 0.243962
vt 0.556037 0.243962
vt 0.556037 0.24602
vt 0.558125 0.24602
vt 0.556037 0.2475
vt 0.558125 0.2475
vt 0.558125 0.241952
vt 0.556037 0.241952
vt 0.5754 0.97951
vt 0.573312 0.97951
vt 0.573312 0.980083
vt 0.5754 0.980083
vt 0.573312 0.981079
vt 0.5754 0.981079
vt 0.573312 0.982528
vt 0.5754 0.982528
vt 0.5754 0.98605
vt 0.573312 0.98605
vt 0.573312 0.987499
vt 0.5754 0.987499
vt 0.573312 0.988287
vt 0.5754 0.988287
vt 0.5754 0.98848
vt 0.573312 0.98848
vt 0.133676 0.698927
vt 0.135764 0.698927
vt 0.135764 0.676493
vt 0.133676 0.676493
vt 0.135764 0.675645
vt 0.133676 0.700657
vt 0.135764 0.700657
vt 0.133676 0.702458
vt 0.133676 0.675645
vt 0.135764 0.702458
vt 0.135764 0.704193
vt 0.133676 0.704193
vt 0.133676 0.705695
vt 0.135764 0.705695
vt 0.570909 0.98663
vt 0.570909 0.983313
vt 0.568821 0.983313
vt 0.570909 0.98087
vt 0.568821 0.98663
vt 0.570909 0.988888
vt 0.568821 0.988888
vt 0.568821 0.98087
vt 0.570909 0.97951
vt 0.568821 0.97951
vt 0.64825 0.936889
vt 0.648249 0.940046
vt 0.650337 0.940047
vt 0.65034 0.949335
vt 0.648252 0.953105
vt 0.65034 0.953106
vt 0.650338 0.936889
vt 0.648253 0.953296
vt 0.65034 0.953297
vt 0.65034 0.935237
vt 0.648253 0.935236
vt 0.579891 0.984329
vt 0.577803 0.984329
vt 0.577803 0.988049
vt 0.579891 0.988049
vt 0.579891 0.981018
vt 0.577803 0.981018
vt 0.577803 0.97951
vt 0.579891 0.97951
vt 0.821863 0.967549
vt 0.819775 0.967549
vt 0.819775 0.969271
vt 0.821863 0.969271
vt 0.819775 0.971243
vt 0.821863 0.971243
vt 0.819775 0.973246
vt 0.821863 0.973246
vt 0.819775 0.977285
vt 0.821863 0.977285
vt 0.819775 0.979335
vt 0.821863 0.979335
vt 0.819775 0.98131
vt 0.821863 0.98131
vt 0.757736 0.93945
vt 0.755648 0.93945
vt 0.755648 0.953478
vt 0.757736 0.953478
vt 0.757736 0.935455
vt 0.755648 0.935455
vt 0.755648 0.93164
vt 0.757736 0.93164
vt 0.925901 0.128678
vt 0.923813 0.128678
vt 0.923813 0.131387
vt 0.923813 0.125628
vt 0.925901 0.131387
vt 0.923813 0.132857
vt 0.925901 0.125628
vt 0.925901 0.132857
vt 0.59385 0.981684
vt 0.593851 0.979514
vt 0.591763 0.97951
vt 0.591762 0.98168
vt 0.591763 0.985983
vt 0.593851 0.985987
vt 0.969855 0.826956
vt 0.971943 0.826956
vt 0.971943 0.82537
vt 0.971943 0.828644
vt 0.969855 0.82537
vt 0.969855 0.828643
vt 0.969855 0.830082
vt 0.971943 0.830082
vt 0.969855 0.831112
vt 0.971943 0.831112
vt 0.969855 0.824117
vt 0.971943 0.824118
vt 0.562616 0.241952
vt 0.560529 0.241952
vt 0.560529 0.247419
vt 0.562616 0.247419
vt 0.602637 0.245467
vt 0.602638 0.241952
vt 0.60055 0.241953
vt 0.600549 0.245468
vt 0.60055 0.246548
vt 0.602638 0.246547
vt 0.979554 0.888599
vt 0.979554 0.891857
vt 0.981642 0.891857
vt 0.981642 0.888599
vt 0.979554 0.885934
vt 0.981642 0.885934
vt 0.981642 0.884981
vt 0.979554 0.884981
vt 0.668647 0.123257
vt 0.662364 0.124266
vt 0.666774 0.130744
vt 0.611608 0.138042
vt 0.665612 0.118014
vt 0.61204 0.142908
vt 0.604509 0.138902
vt 0.60397 0.132828
vt 0.673119 0.129826
vt 0.673151 0.122374
vt 0.670116 0.117131
vt 0.669037 0.113649
vt 0.668732 0.135408
vt 0.671747 0.152607
vt 0.675077 0.13449
vt 0.677669 0.129009
vt 0.61106 0.131858
vt 0.605452 0.126916
vt 0.613794 0.162694
vt 0.598685 0.133394
vt 0.599216 0.139388
vt 0.600166 0.127482
vt 0.60494 0.143769
vt 0.60672 0.163844
vt 0.599648 0.144255
vt 0.601446 0.164542
vt 0.612542 0.125947
vt 0.609913 0.122614
vt 0.617003 0.121645
vt 0.620329 0.117596
vt 0.659329 0.119023
vt 0.628777 0.115972
vt 0.6346 0.025458
vt 0.65825 0.115541
vt 0.65902 0.109865
vt 0.6427 0.026078
vt 0.670143 0.027945
vt 0.641794 0.017058
vt 0.655357 0.01184
vt 0.64373 0.013847
vt 0.655748 0.005781
vt 0.636174 0.00851
vt 0.640389 0.006606
vt 0.639541 0.002082
vt 0.655938 0.001202
vt 0.669079 0.014565
vt 0.671672 0.008944
vt 0.673475 0.004684
vt 0.671511 0.016569
vt 0.677947 0.014114
vt 0.676243 0.028291
vt 0.665351 0.108505
vt 0.682563 0.012172
vt 0.680612 0.0284
vt 0.66989 0.107365
vt 0.63052 0.004461
vt 0.633367 0.013186
vt 0.664533 0.114532
vt 0.628575 0.02486
vt 0.627103 0.010206
vt 0.61405 0.118641
vt 0.385207 0.906443
vt 0.362727 0.906443
vt 0.362727 0.914045
vt 0.385207 0.914045
vt 0.362727 0.919061
vt 0.357604 0.913831
vt 0.357604 0.906258
vt 0.362727 0.900593
vt 0.385207 0.900593
vt 0.385207 0.896945
vt 0.357604 0.918848
vt 0.357604 0.935827
vt 0.39033 0.913831
vt 0.39033 0.906258
vt 0.39033 0.900408
vt 0.39033 0.896759
vt 0.362727 0.93597
vt 0.385207 0.919061
vt 0.39033 0.918848
vt 0.39033 0.935827
vt 0.385207 0.93597
vt 0.39033 0.890884
vt 0.385207 0.890981
vt 0.362727 0.896945
vt 0.362727 0.890981
vt 0.357604 0.890884
vt 0.385207 0.817572
vt 0.362727 0.817572
vt 0.357604 0.817047
vt 0.39033 0.817047
vt 0.385207 0.801629
vt 0.362727 0.801629
vt 0.357604 0.801809
vt 0.362727 0.790991
vt 0.385207 0.790991
vt 0.39033 0.801809
vt 0.357604 0.896759
vt 0.357604 0.792253
vt 0.39033 0.792253
vt 0.357604 0.900408
vt 0.586713 0.03585
vt 0.582238 0.042429
vt 0.586864 0.043268
vt 0.591384 0.036622
vt 0.58032 0.034956
vt 0.575907 0.041444
vt 0.525122 0.027748
vt 0.524573 0.033936
vt 0.517522 0.032964
vt 0.518061 0.026886
vt 0.512352 0.03237
vt 0.512884 0.026371
vt 0.519005 0.038876
vt 0.526056 0.039848
vt 0.513835 0.038282
vt 0.572871 0.046695
vt 0.579201 0.04768
vt 0.583827 0.048519
vt 0.523468 0.043172
vt 0.530519 0.044144
vt 0.533891 0.048175
vt 0.571791 0.050181
vt 0.5423 0.049799
vt 0.548171 0.140332
vt 0.578121 0.051166
vt 0.582747 0.052004
vt 0.57894 0.057194
vt 0.583601 0.05829
vt 0.572562 0.055858
vt 0.556232 0.139712
vt 0.555325 0.148738
vt 0.568897 0.153936
vt 0.557262 0.151948
vt 0.569331 0.159983
vt 0.583691 0.137798
vt 0.589838 0.137428
vt 0.594329 0.137274
vt 0.582626 0.151186
vt 0.585265 0.156792
vt 0.58506 0.149177
vt 0.591544 0.151609
vt 0.596281 0.153506
vt 0.587187 0.161013
vt 0.56964 0.164527
vt 0.553233 0.163674
vt 0.553962 0.159184
vt 0.549745 0.157286
vt 0.544207 0.161309
vt 0.546937 0.152613
vt 0.540788 0.155567
vt 0.542261 0.140904
vt 0.527726 0.047103
vt 0.969571 0.786647
vt 0.947091 0.786647
vt 0.947091 0.802912
vt 0.941968 0.801798
vt 0.969571 0.802912
vt 0.974694 0.801798
vt 0.969571 0.770345
vt 0.947091 0.770345
vt 0.941968 0.786062
vt 0.974694 0.786062
vt 0.969571 0.75929
vt 0.947091 0.75929
vt 0.941968 0.760807
vt 0.941968 0.77013
vt 0.974694 0.760807
vt 0.974694 0.77013
vt 0.385207 0.963651
vt 0.362727 0.963651
vt 0.362727 0.96962
vt 0.357604 0.963543
vt 0.357604 0.958673
vt 0.385207 0.958782
vt 0.39033 0.958673
vt 0.385207 0.96962
vt 0.39033 0.963543
vt 0.357604 0.969541
vt 0.362727 0.975159
vt 0.385207 0.975159
vt 0.39033 0.969541
vt 0.39033 0.97508
vt 0.39033 0.938374
vt 0.385207 0.938404
vt 0.362727 0.958782
vt 0.362727 0.938404
vt 0.357604 0.938374
vt 0.357604 0.97508
vt 0.92436 0.13555
vt 0.901881 0.13555
vt 0.901881 0.225677
vt 0.896758 0.135575
vt 0.92436 0.225677
vt 0.901881 0.241246
vt 0.929483 0.135575
vt 0.896758 0.239822
vt 0.896758 0.225127
vt 0.92436 0.241246
vt 0.901881 0.246601
vt 0.896758 0.244834
vt 0.929483 0.239822
vt 0.929483 0.225127
vt 0.92436 0.246601
vt 0.929483 0.244834
vt 0.969214 0.591608
vt 0.967329 0.596731
vt 0.977273 0.596731
vt 0.963684 0.591608
vt 0.979558 0.591608
vt 0.974366 0.587857
vt 0.968836 0.587857
vt 0.967329 0.61921
vt 0.977273 0.61921
vt 0.969214 0.624333
vt 0.961798 0.596731
vt 0.979558 0.624333
vt 0.974366 0.628083
vt 0.985801 0.628083
vt 0.985801 0.587857
vt 0.963684 0.624333
vt 0.961798 0.61921
vt 0.968836 0.628083
vt 0.679627 0.133674
vt 0.678047 0.15143
vt 0.682563 0.150424
vt 0.520274 0.001928
vt 0.515115 0.001202
vt 0.513316 0.021502
vt 0.518493 0.022016
vt 0.527308 0.003081
vt 0.525553 0.022879
vt 0.585296 0.013074
vt 0.582279 0.030286
vt 0.588672 0.03118
vt 0.591644 0.014227
vt 0.593343 0.031952
vt 0.596281 0.015189
vt 0.825552 0.863064
vt 0.824179 0.855978
vt 0.815306 0.848891
vt 0.792827 0.848891
vt 0.782581 0.863064
vt 0.782581 0.921518
vt 0.825552 0.921518
vt 0.815306 0.934324
vt 0.82418 0.927921
vt 0.820429 0.932608
vt 0.792827 0.934324
vt 0.783953 0.927921
vt 0.787704 0.932608
vt 0.783953 0.855978
vt 0.787704 0.85079
vt 0.820429 0.85079
vt 0.39425 0.267118
vt 0.396708 0.250487
vt 0.276585 0.261346
vt 0.281022 0.275696
vt 0.395122 0.283575
vt 0.282154 0.290374
vt 0.288163 0.429983
vt 0.396708 0.453
vt 0.283031 0.468891
vt 0.394804 0.49709
vt 0.394258 0.231423
vt 0.281037 0.222972
vt 0.276585 0.237358
vt 0.396701 0.248084
vt 0.395115 0.21496
vt 0.282153 0.208289
vt 0.288162 0.068515
vt 0.396701 0.045339
vt 0.283031 0.029569
vt 0.394797 0.001202
vt 0.781049 0.162544
vt 0.82388 0.162544
vt 0.82388 0.028124
vt 0.781049 0.028124
vt 0.82327 0.014146
vt 0.781049 0.201625
vt 0.82388 0.201625
vt 0.781658 0.014146
vt 0.82388 0.001202
vt 0.781049 0.001202
vt 0.756451 0.811496
vt 0.71362 0.811496
vt 0.71362 0.929237
vt 0.756451 0.929237
vt 0.736424 0.228013
vt 0.778036 0.228013
vt 0.778645 0.211961
vt 0.735814 0.211961
vt 0.778645 0.045039
vt 0.735814 0.045039
vt 0.778645 0.001202
vt 0.735814 0.001202
vt 0.735814 0.244886
vt 0.778645 0.244886
vt 0.508437 0.214863
vt 0.40405 0.20866
vt 0.399104 0.233502
vt 0.509949 0.243368
vt 0.410046 0.068188
vt 0.509949 0.045231
vt 0.404693 0.028883
vt 0.508076 0.001202
vt 0.508447 0.278956
vt 0.509964 0.250487
vt 0.399112 0.260478
vt 0.404052 0.28528
vt 0.410052 0.425584
vt 0.509964 0.448393
vt 0.404704 0.464854
vt 0.508094 0.492376
vt 0.173563 0.85759
vt 0.173581 0.72018
vt 0.138892 0.72018
vt 0.13891 0.85759
vt 0.173311 0.881224
vt 0.139027 0.680513
vt 0.173446 0.680513
vt 0.139162 0.881224
vt 0.894294 0.243878
vt 0.894355 0.13555
vt 0.860205 0.13555
vt 0.860266 0.243878
vt 0.782581 0.818413
vt 0.782827 0.846488
vt 0.816855 0.846488
vt 0.817102 0.818413
vt 0.782584 0.653918
vt 0.817098 0.653918
vt 0.782631 0.610681
vt 0.817051 0.610681
vt 0.441943 0.939584
vt 0.441943 0.824926
vt 0.437737 0.829131
vt 0.437737 0.935399
vt 0.399112 0.939584
vt 0.403317 0.829131
vt 0.399112 0.824926
vt 0.403317 0.935399
vt 0.950911 0.932726
vt 0.952891 0.930032
vt 0.95083 0.929458
vt 0.953442 0.935925
vt 0.951479 0.935912
vt 0.954712 0.93818
vt 0.953162 0.938821
vt 0.956412 0.94085
vt 0.957161 0.939699
vt 0.960999 0.941556
vt 0.969606 0.940587
vt 0.969786 0.941871
vt 0.972533 0.940137
vt 0.973493 0.941233
vt 0.974401 0.938592
vt 0.976249 0.938932
vt 0.977151 0.935065
vt 0.975058 0.935437
vt 0.975074 0.89762
vt 0.977151 0.896794
vt 0.973792 0.894079
vt 0.975414 0.892358
vt 0.971126 0.890156
vt 0.970518 0.892478
vt 0.966136 0.889748
vt 0.966117 0.892149
vt 0.957129 0.890265
vt 0.957399 0.89265
vt 0.954714 0.893136
vt 0.953644 0.891
vt 0.951446 0.893326
vt 0.953322 0.894657
vt 0.95077 0.89649
vt 0.952823 0.897221
vt 0.950841 0.904935
vt 0.952901 0.905509
vt 0.952891 0.845948
vt 0.953442 0.840054
vt 0.950911 0.843253
vt 0.951479 0.840067
vt 0.95083 0.846521
vt 0.954712 0.837799
vt 0.953162 0.837159
vt 0.956412 0.835129
vt 0.957161 0.83628
vt 0.960999 0.834423
vt 0.969606 0.835392
vt 0.969786 0.834108
vt 0.972533 0.835843
vt 0.973493 0.834746
vt 0.974401 0.837387
vt 0.976249 0.837047
vt 0.977151 0.840914
vt 0.975058 0.840542
vt 0.975074 0.87836
vt 0.977151 0.879186
vt 0.973792 0.8819
vt 0.975414 0.883621
vt 0.971126 0.885823
vt 0.970518 0.883502
vt 0.966136 0.886231
vt 0.966117 0.88383
vt 0.957129 0.885714
vt 0.966178 0.887345
vt 0.95717 0.886828
vt 0.953644 0.884979
vt 0.954714 0.882843
vt 0.951446 0.882653
vt 0.953322 0.881322
vt 0.957399 0.883329
vt 0.95077 0.87949
vt 0.952823 0.878758
vt 0.950841 0.871044
vt 0.952901 0.87047
vt 0.953685 0.886092
vt 0.971167 0.886936
vt 0.952891 0.930032
vt 0.955057 0.932442
vt 0.954992 0.929492
vt 0.953442 0.935925
vt 0.955445 0.934825
vt 0.956303 0.936426
vt 0.954712 0.93818
vt 0.957161 0.939699
vt 0.957951 0.937435
vt 0.961391 0.937887
vt 0.969606 0.940587
vt 0.969468 0.93819
vt 0.961433 0.936774
vt 0.971615 0.937926
vt 0.972533 0.940137
vt 0.972594 0.937139
vt 0.974401 0.938592
vt 0.975058 0.935437
vt 0.973006 0.934695
vt 0.973039 0.897332
vt 0.975074 0.89762
vt 0.972211 0.894687
vt 0.973792 0.894079
vt 0.970518 0.892478
vt 0.96995 0.893686
vt 0.966117 0.892149
vt 0.966139 0.893437
vt 0.957399 0.89265
vt 0.955825 0.894159
vt 0.954714 0.893136
vt 0.953322 0.894657
vt 0.955239 0.894875
vt 0.952823 0.897221
vt 0.954917 0.89684
vt 0.952901 0.905509
vt 0.955003 0.904969
vt 0.861956 0.886151
vt 0.859553 0.886151
vt 0.859553 0.889797
vt 0.861956 0.889797
vt 0.859553 0.892362
vt 0.859553 0.877365
vt 0.861956 0.877365
vt 0.861956 0.892362
vt 0.861956 0.872736
vt 0.859553 0.872736
vt 0.861956 0.869335
vt 0.859553 0.869335
vt 0.273559 0.770707
vt 0.271156 0.770707
vt 0.271156 0.812751
vt 0.271156 0.767984
vt 0.273559 0.812751
vt 0.271156 0.815781
vt 0.273559 0.815781
vt 0.273559 0.767984
vt 0.273559 0.767161
vt 0.271156 0.767161
vt 0.953442 0.840054
vt 0.955057 0.843537
vt 0.955445 0.841154
vt 0.952891 0.845948
vt 0.954992 0.846487
vt 0.956303 0.839554
vt 0.954712 0.837799
vt 0.957161 0.83628
vt 0.957951 0.838544
vt 0.961391 0.838092
vt 0.969606 0.835392
vt 0.969468 0.837789
vt 0.971615 0.838053
vt 0.972533 0.835843
vt 0.971656 0.839166
vt 0.969509 0.838902
vt 0.972594 0.83884
vt 0.974401 0.837387
vt 0.975058 0.840542
vt 0.973006 0.841284
vt 0.973039 0.878647
vt 0.975074 0.87836
vt 0.972211 0.881292
vt 0.973792 0.8819
vt 0.970518 0.883502
vt 0.969951 0.882294
vt 0.966117 0.88383
vt 0.966139 0.882542
vt 0.957399 0.883329
vt 0.955825 0.88182
vt 0.954714 0.882843
vt 0.953322 0.881322
vt 0.955239 0.881104
vt 0.952823 0.878758
vt 0.954917 0.879139
vt 0.952901 0.87047
vt 0.955003 0.87101
vt 0.133676 0.625884
vt 0.136079 0.625884
vt 0.136079 0.620779
vt 0.133676 0.620779
vt 0.133676 0.618019
vt 0.136079 0.618019
vt 0.133676 0.668949
vt 0.136079 0.668949
vt 0.133676 0.673242
vt 0.136079 0.673242
vt 0.040837 0.961449
vt 0.038434 0.961449
vt 0.038434 0.970958
vt 0.040837 0.970958
vt 0.040837 0.957933
vt 0.038434 0.957933
vt 0.038434 0.955458
vt 0.040837 0.955458
vt 0.388644 0.983593
vt 0.386241 0.983593
vt 0.386241 0.985451
vt 0.386241 0.980886
vt 0.388644 0.985451
vt 0.386241 0.986695
vt 0.388644 0.986695
vt 0.388644 0.980886
vt 0.388644 0.977562
vt 0.386241 0.977562
vt 0.383838 0.981246
vt 0.381434 0.981246
vt 0.381434 0.984868
vt 0.381434 0.977562
vt 0.383838 0.984868
vt 0.383838 0.977562
vt 0.383838 0.98825
vt 0.381434 0.98825
vt 0.040837 0.950722
vt 0.040837 0.946902
vt 0.038434 0.946902
vt 0.038434 0.936675
vt 0.038434 0.950722
vt 0.040837 0.953055
vt 0.040837 0.936675
vt 0.038434 0.953055
vt 0.371976 0.980519
vt 0.371976 0.989672
vt 0.374379 0.989672
vt 0.374379 0.980519
vt 0.371976 0.978329
vt 0.374379 0.978329
vt 0.371976 0.977562
vt 0.374379 0.977562
vt 0.733142 0.569879
vt 0.733142 0.575285
vt 0.760655 0.575285
vt 0.760655 0.569879
vt 0.760655 0.56114
vt 0.771926 0.560007
vt 0.760655 0.281067
vt 0.733142 0.281067
vt 0.733142 0.56114
vt 0.721871 0.560007
vt 0.733142 0.256522
vt 0.721871 0.278149
vt 0.721871 0.568746
vt 0.721871 0.575521
vt 0.721871 0.254905
vt 0.71362 0.270177
vt 0.71362 0.250487
vt 0.771926 0.568746
vt 0.771926 0.575521
vt 0.771926 0.278149
vt 0.760655 0.256522
vt 0.780177 0.55691
vt 0.771926 0.254905
vt 0.780177 0.270177
vt 0.780177 0.250487
vt 0.245032 0.923746
vt 0.243551 0.973949
vt 0.247601 0.973883
vt 0.23951 0.923743
vt 0.250143 0.923728
vt 0.255583 0.9738
vt 0.255583 0.923647
vt 0.238462 0.973989
vt 0.223155 0.923652
vt 0.22133 0.973957
vt 0.215524 0.923706
vt 0.215308 0.974001
vt 0.590834 0.17975
vt 0.582807 0.172475
vt 0.582807 0.17663
vt 0.593027 0.167978
vt 0.594921 0.182323
vt 0.597806 0.166951
vt 0.600032 0.183808
vt 0.617142 0.182322
vt 0.632246 0.166951
vt 0.623187 0.183942
vt 0.627612 0.188367
vt 0.629232 0.194413
vt 0.632246 0.239548
vt 0.629232 0.215037
vt 0.627612 0.221082
vt 0.623187 0.225508
vt 0.617142 0.227128
vt 0.597806 0.239548
vt 0.600006 0.224491
vt 0.594878 0.225845
vt 0.647176 0.189493
vt 0.645498 0.178222
vt 0.647176 0.217006
vt 0.645498 0.228277
vt 0.640915 0.236528
vt 0.593027 0.238521
vt 0.590834 0.228391
vt 0.582807 0.234024
vt 0.582807 0.231511
vt 0.640915 0.169971
vt 0.011174 0.676919
vt 0.022485 0.677007
vt 0.012332 0.666779
vt 0.004632 0.670328
vt 0.023464 0.66215
vt 0.038549 0.677347
vt 0.059136 0.677878
vt 0.020033 0.653507
vt 0.008901 0.658136
vt 0.016075 0.371206
vt 0.001202 0.661685
vt 0.059136 0.350294
vt 0.027373 0.359912
vt 0.016383 0.351507
vt 0.063979 0.350312
vt 0.024787 0.350363
vt 0.063979 0.677964
vt 0.074507 0.678063
vt 0.074507 0.350411
vt 0.544884 0.167009
vt 0.512352 0.189657
vt 0.544884 0.239548
vt 0.512352 0.217149
vt 0.528618 0.236593
vt 0.516711 0.228394
vt 0.528618 0.170089
vt 0.516711 0.178379
vt 0.565442 0.16693
vt 0.565442 0.23947
vt 0.570206 0.238428
vt 0.570206 0.167941
vt 0.580404 0.233906
vt 0.580404 0.172407
vt 0.150787 0.361716
vt 0.160967 0.351464
vt 0.148892 0.35159
vt 0.142332 0.358196
vt 0.138892 0.366848
vt 0.147347 0.370368
vt 0.145962 0.648892
vt 0.15454 0.657291
vt 0.158778 0.374966
vt 0.162218 0.366315
vt 0.177343 0.351082
vt 0.166137 0.668554
vt 0.154849 0.676989
vt 0.197985 0.678097
vt 0.163545 0.678109
vt 0.197985 0.350502
vt 0.20275 0.678069
vt 0.20275 0.350406
vt 0.212905 0.677951
vt 0.212905 0.350289
vt 0.403266 0.544945
vt 0.460661 0.822523
vt 0.458148 0.544945
vt 0.460661 0.494779
vt 0.458148 0.494779
vt 0.399112 0.822523
vt 0.399112 0.494779
vt 0.403266 0.494779
vt 0.917405 0.955335
vt 0.907779 0.955238
vt 0.907779 0.993429
vt 0.917405 0.993526
vt 0.898269 0.993533
vt 0.898269 0.955342
vt 0.980778 0.479661
vt 0.971209 0.479764
vt 0.971209 0.517954
vt 0.980778 0.517851
vt 0.990347 0.479764
vt 0.990347 0.517954
vt 0.483361 0.951922
vt 0.483361 0.990111
vt 0.495343 0.990216
vt 0.495343 0.952027
vt 0.506607 0.990065
vt 0.506607 0.951876
vt 0.331893 0.985761
vt 0.343477 0.985634
vt 0.343477 0.947443
vt 0.331893 0.94757
vt 0.355201 0.947561
vt 0.355201 0.985752
vt 0.97818 0.411919
vt 0.97818 0.373719
vt 0.966525 0.373778
vt 0.966525 0.411978
vt 0.989836 0.411978
vt 0.989836 0.373778
vt 0.973451 0.756656
vt 0.985106 0.756782
vt 0.985106 0.718592
vt 0.973451 0.718466
vt 0.961795 0.718592
vt 0.961795 0.756782
vt 0.484302 0.899228
vt 0.481617 0.949414
vt 0.487663 0.949425
vt 0.491964 0.899242
vt 0.492089 0.949472
vt 0.497573 0.899302
vt 0.458163 0.899266
vt 0.460993 0.949444
vt 0.454948 0.949472
vt 0.450501 0.899302
vt 0.247731 0.864457
vt 0.261001 0.872119
vt 0.255392 0.866511
vt 0.263053 0.879781
vt 0.263053 0.90592
vt 0.247731 0.921244
vt 0.231408 0.916237
vt 0.255392 0.919191
vt 0.261001 0.913582
vt 0.231433 0.868312
vt 0.225888 0.915909
vt 0.225912 0.868486
vt 0.220793 0.867876
vt 0.220793 0.916517
vt 0.215308 0.919637
vt 0.215308 0.864756
vt 0.51807 0.907026
vt 0.512367 0.906961
vt 0.512432 0.957113
vt 0.52067 0.957169
vt 0.523196 0.907025
vt 0.524893 0.957223
vt 0.528677 0.906999
vt 0.530108 0.957242
vt 0.544585 0.906813
vt 0.547002 0.957117
vt 0.552378 0.906842
vt 0.553152 0.95714
vt 0.558389 0.906972
vt 0.557894 0.957242
vt 0.868219 0.97566
vt 0.868219 0.965303
vt 0.865501 0.964177
vt 0.865501 0.976792
vt 0.874394 0.985704
vt 0.87552 0.957974
vt 0.874394 0.955249
vt 0.885846 0.957965
vt 0.886972 0.955238
vt 0.895865 0.964151
vt 0.893148 0.965282
vt 0.895865 0.976766
vt 0.893148 0.975639
vt 0.886972 0.985693
vt 0.885846 0.982968
vt 0.87552 0.982977
vt 0.460551 0.979604
vt 0.459421 0.98233
vt 0.472037 0.982331
vt 0.470908 0.979605
vt 0.478231 0.972282
vt 0.480957 0.973412
vt 0.478231 0.961926
vt 0.480957 0.960797
vt 0.470908 0.954602
vt 0.472037 0.951877
vt 0.459421 0.951876
vt 0.460551 0.954602
vt 0.450501 0.960795
vt 0.453227 0.961924
vt 0.453227 0.97228
vt 0.450501 0.973409
vt 0.996235 0.797539
vt 0.996235 0.759339
vt 0.986666 0.75929
vt 0.986666 0.79749
vt 0.977097 0.759339
vt 0.977097 0.797539
vt 0.512367 0.959684
vt 0.512367 0.997873
vt 0.522205 0.997959
vt 0.522205 0.95977
vt 0.531452 0.997835
vt 0.531452 0.959646
vt 0.028901 0.81294
vt 0.029996 0.934171
vt 0.041596 0.934043
vt 0.026356 0.814467
vt 0.041596 0.8128
vt 0.027437 0.934192
vt 0.021001 0.822519
vt 0.02201 0.934212
vt 0.018608 0.824804
vt 0.019596 0.93422
vt 0.001202 0.834552
vt 0.002102 0.934272
vt 0.167797 0.964207
vt 0.169299 0.964262
vt 0.169537 0.958941
vt 0.16773 0.966674
vt 0.168045 0.958681
vt 0.168567 0.956175
vt 0.169232 0.966709
vt 0.168985 0.983542
vt 0.167467 0.984612
vt 0.169048 0.986694
vt 0.170566 0.985607
vt 0.173118 0.988012
vt 0.173581 0.986583
vt 0.170059 0.956445
vt 0.172152 0.945109
vt 0.173581 0.945572
vt 0.990916 0.463612
vt 0.992386 0.4633
vt 0.988967 0.446091
vt 0.992906 0.465847
vt 0.987275 0.445338
vt 0.988434 0.442936
vt 0.990131 0.443713
vt 0.99218 0.440876
vt 0.992906 0.442187
vt 0.991445 0.466193
vt 0.755925 0.971228
vt 0.757426 0.971199
vt 0.757153 0.958702
vt 0.755648 0.958529
vt 0.757426 0.956074
vt 0.755926 0.955881
vt 0.982419 0.225115
vt 0.985588 0.225115
vt 0.985585 0.126233
vt 0.987725 0.126195
vt 0.982416 0.126234
vt 0.987725 0.225953
vt 0.922874 0.113217
vt 0.927977 0.121301
vt 0.929051 0.001586
vt 0.923895 0.001506
vt 0.920555 0.110854
vt 0.921537 0.001468
vt 0.904463 0.100957
vt 0.905377 0.001202
vt 0.93159 0.001615
vt 0.930492 0.12285
vt 0.943019 0.001715
vt 0.943019 0.122959
vt 0.133676 0.494406
vt 0.133676 0.615615
vt 0.135178 0.615615
vt 0.135178 0.494406
vt 0.072013 0.680467
vt 0.072013 0.77935
vt 0.073514 0.779349
vt 0.073514 0.680467
vt 0.269903 0.852936
vt 0.269903 0.951843
vt 0.274182 0.951843
vt 0.267758 0.852954
vt 0.274182 0.852936
vt 0.267758 0.952706
vt 0.917448 0.898103
vt 0.917448 0.889872
vt 0.915978 0.89015
vt 0.91602 0.898343
vt 0.684967 0.232489
vt 0.708253 0.232489
vt 0.708253 0.001202
vt 0.720319 0.232489
vt 0.684967 0.001202
vt 0.720319 0.001202
vt 0.733411 0.001202
vt 0.733411 0.232489
vt 0.863956 0.250943
vt 0.842326 0.250544
vt 0.83963 0.588014
vt 0.863956 0.608283
vt 0.836447 0.585394
vt 0.83916 0.250487
vt 0.993852 0.842023
vt 0.98933 0.850582
vt 0.99237 0.850103
vt 0.993988 0.849848
vt 0.993921 0.865703
vt 0.980041 0.844198
vt 0.985241 0.851226
vt 0.979554 0.836428
vt 0.994283 0.834108
vt 0.990882 0.866182
vt 0.994283 0.881433
vt 0.991244 0.881912
vt 0.846537 0.246999
vt 0.846537 0.235322
vt 0.841343 0.235322
vt 0.841343 0.246999
vt 0.984872 0.462361
vt 0.981743 0.451617
vt 0.975479 0.451617
vt 0.966525 0.462361
vt 0.977244 0.443117
vt 0.982304 0.442382
vt 0.976852 0.433861
vt 0.981628 0.432255
vt 0.974214 0.42323
vt 0.977735 0.421583
vt 0.972786 0.414381
vt 0.97052 0.416069
vt 0.993852 0.933972
vt 0.992371 0.925907
vt 0.989332 0.925428
vt 0.99399 0.926162
vt 0.980042 0.931794
vt 0.979554 0.939548
vt 0.985243 0.924783
vt 0.994283 0.941871
vt 0.993924 0.910339
vt 0.990885 0.90986
vt 0.994283 0.89474
vt 0.991244 0.894261
vt 0.831477 0.235323
vt 0.826283 0.235322
vt 0.826283 0.247053
vt 0.831477 0.247055
vt 0.967137 0.297495
vt 0.985483 0.297495
vt 0.976538 0.286773
vt 0.970273 0.286773
vt 0.974779 0.27829
vt 0.96972 0.277555
vt 0.975178 0.269051
vt 0.970403 0.267449
vt 0.977824 0.258441
vt 0.974304 0.256798
vt 0.979259 0.24961
vt 0.981523 0.251294
vt 0.994773 0.038524
vt 0.984568 0.038543
vt 0.984564 0.049315
vt 0.994769 0.049297
vt 0.994751 0.029291
vt 0.984546 0.029309
vt 0.994737 0.019156
vt 0.984533 0.019174
vt 0.994748 0.008448
vt 0.984543 0.008466
vt 0.994773 0.001202
vt 0.984568 0.00122
vt 0.821844 0.840069
vt 0.821844 0.846253
vt 0.824917 0.846254
vt 0.824917 0.840069
vt 0.43464 0.944122
vt 0.444845 0.944119
vt 0.44484 0.941988
vt 0.434635 0.941991
vt 0.204703 0.965881
vt 0.198518 0.965871
vt 0.196252 0.981084
vt 0.206989 0.981101
vt 0.196252 0.996466
vt 0.206989 0.996483
vt 0.676229 0.941729
vt 0.676229 0.89045
vt 0.673252 0.893697
vt 0.673252 0.93848
vt 0.679347 0.943271
vt 0.679347 0.888909
vt 0.700911 0.943275
vt 0.700911 0.888913
vt 0.670375 0.895238
vt 0.670375 0.936937
vt 0.653944 0.90804
vt 0.653944 0.924129
vt 0.659703 0.93266
vt 0.655631 0.929205
vt 0.659704 0.899511
vt 0.655631 0.902964
vt 0.857851 0.985721
vt 0.86304 0.985721
vt 0.86304 0.961629
vt 0.857851 0.961629
vt 0.030704 0.982523
vt 0.041441 0.982526
vt 0.041442 0.974709
vt 0.030705 0.974706
vt 0.030705 0.990388
vt 0.041442 0.990391
vt 0.98054 0.714114
vt 0.990745 0.714105
vt 0.990745 0.695846
vt 0.98054 0.695855
vt 0.201099 0.88846
vt 0.211836 0.88846
vt 0.209557 0.872683
vt 0.203372 0.872684
vt 0.201099 0.904137
vt 0.211836 0.904136
vt 0.434629 0.950337
vt 0.444834 0.950334
vt 0.444845 0.944119
vt 0.43464 0.944122
vt 0.43462 0.960168
vt 0.444825 0.960164
vt 0.434617 0.969132
vt 0.444822 0.969129
vt 0.43462 0.977816
vt 0.444825 0.977813
vt 0.43464 0.99022
vt 0.444845 0.990217
vt 0.553634 0.241952
vt 0.550358 0.242047
vt 0.550357 0.24685
vt 0.553634 0.247709
vt 0.317095 0.849992
vt 0.322286 0.84999
vt 0.322286 0.843514
vt 0.317095 0.843516
vt 0.990205 0.638725
vt 0.979468 0.638731
vt 0.979487 0.646309
vt 0.990224 0.646303
vt 0.990224 0.630486
vt 0.979487 0.630492
vt 0.976649 0.112209
vt 0.976649 0.122947
vt 0.980785 0.122947
vt 0.980785 0.11221
vt 0.131273 0.350294
vt 0.07691 0.350297
vt 0.07691 0.707498
vt 0.131273 0.707495
vt 0.998798 0.414381
vt 0.993431 0.425006
vt 0.998798 0.438473
vt 0.992922 0.423766
vt 0.991694 0.423254
vt 0.987275 0.416208
vt 0.987275 0.422684
vt 0.993431 0.42786
vt 0.992922 0.429101
vt 0.991694 0.429616
vt 0.987275 0.436671
vt 0.987275 0.430195
vt 0.797859 0.989641
vt 0.808595 0.989644
vt 0.808595 0.974741
vt 0.797859 0.974737
vt 0.477174 0.525136
vt 0.468986 0.516764
vt 0.472199 0.522684
vt 0.501557 0.516764
vt 0.50624 0.497838
vt 0.464543 0.497838
vt 0.493263 0.525136
vt 0.49827 0.522684
vt 0.495043 0.729351
vt 0.496802 0.658122
vt 0.490878 0.729985
vt 0.477263 0.827638
vt 0.472203 0.827584
vt 0.490879 0.731347
vt 0.490898 0.798509
vt 0.493351 0.827638
vt 0.495882 0.799764
vt 0.463064 0.494779
vt 0.507773 0.494779
vt 0.498428 0.801022
vt 0.498443 0.827584
vt 0.498345 0.65494
vt 0.496768 0.728716
vt 0.001202 0.974706
vt 0.001202 0.998798
vt 0.006602 0.98818
vt 0.006602 0.985326
vt 0.007114 0.984086
vt 0.00835 0.983572
vt 0.012796 0.976523
vt 0.012796 0.982999
vt 0.007114 0.989421
vt 0.00835 0.989935
vt 0.012796 0.996987
vt 0.012796 0.99051
vt 0.915978 0.876732
vt 0.915978 0.887469
vt 0.917615 0.887469
vt 0.917615 0.876732
vt 0.846825 0.899458
vt 0.846825 0.610686
vt 0.836447 0.610772
vt 0.836447 0.899544
vt 0.85715 0.899551
vt 0.85715 0.610779
vt 0.895092 0.539408
vt 0.895092 0.250487
vt 0.887014 0.250511
vt 0.887014 0.539433
vt 0.876497 0.250519
vt 0.876497 0.53944
vt 0.866359 0.250506
vt 0.866359 0.539428
vt 0.357604 0.499974
vt 0.357604 0.788587
vt 0.365168 0.788236
vt 0.365168 0.499623
vt 0.375514 0.788107
vt 0.375514 0.499494
vt 0.385871 0.788234
vt 0.385871 0.499621
vt 0.393464 0.788584
vt 0.393464 0.499971
vt 0.866359 0.541848
vt 0.866359 0.830771
vt 0.876638 0.830773
vt 0.876638 0.54185
vt 0.887056 0.830771
vt 0.887056 0.541849
vt 0.894822 0.830766
vt 0.894822 0.541843
vt 0.747936 0.96634
vt 0.738741 0.931681
vt 0.71362 0.95693
vt 0.753245 0.957083
vt 0.753245 0.946371
vt 0.747936 0.937073
vt 0.738741 0.971661
vt 0.728123 0.97162
vt 0.718928 0.966228
vt 0.728123 0.93164
vt 0.718928 0.936961
vt 0.71362 0.946218
vt 0.79564 0.244033
vt 0.820912 0.218642
vt 0.786389 0.209417
vt 0.806321 0.244016
vt 0.815571 0.238644
vt 0.820912 0.229356
vt 0.781049 0.229419
vt 0.786389 0.23869
vt 0.781049 0.218704
vt 0.806321 0.204028
vt 0.79564 0.204045
vt 0.815571 0.209371
vt 0.991106 0.799959
vt 0.982309 0.807361
vt 0.991102 0.820335
vt 0.995419 0.799942
vt 0.98013 0.799987
vt 0.980076 0.806668
vt 0.977097 0.805755
vt 0.977144 0.799996
vt 0.995419 0.826516
vt 0.941429 0.479842
vt 0.941429 0.534203
vt 0.963151 0.534022
vt 0.963151 0.479661
vt 0.965959 0.481143
vt 0.965959 0.532493
vt 0.968806 0.529149
vt 0.968806 0.48444
vt 0.830754 0.942915
vt 0.834044 0.945616
vt 0.834044 0.610779
vt 0.830824 0.610681
vt 0.829047 0.500061
vt 0.834044 0.250487
vt 0.82767 0.376759
vt 0.834044 0.607822
vt 0.829159 0.506159
vt 0.829208 0.508822
vt 0.828413 0.603772
vt 0.812458 0.608214
vt 0.812422 0.603638
vt 0.809768 0.270747
vt 0.819934 0.381374
vt 0.814442 0.38893
vt 0.81108 0.435388
vt 0.806526 0.273374
vt 0.815058 0.435197
vt 0.807836 0.435546
vt 0.809705 0.603623
vt 0.809232 0.608278
vt 0.809193 0.603474
vt 0.803119 0.276045
vt 0.807695 0.435553
vt 0.804517 0.435621
vt 0.800124 0.27907
vt 0.807496 0.438159
vt 0.801513 0.435681
vt 0.786855 0.297835
vt 0.786321 0.43808
vt 0.789173 0.435921
vt 0.786338 0.43598
vt 0.784827 0.436011
vt 0.782581 0.303713
vt 0.783788 0.439188
vt 0.787616 0.508443
vt 0.784955 0.509805
vt 0.787932 0.508191
vt 0.80856 0.495992
vt 0.815539 0.485284
vt 0.814911 0.437799
vt 0.808247 0.496471
vt 0.914681 0.871335
vt 0.917643 0.874328
vt 0.917643 0.542009
vt 0.914718 0.541982
vt 0.901419 0.852704
vt 0.903906 0.541881
vt 0.897225 0.846877
vt 0.899734 0.541843
vt 0.337897 0.943323
vt 0.340405 0.94504
vt 0.34134 0.938669
vt 0.345779 0.945034
vt 0.345778 0.938371
vt 0.348683 0.940974
vt 0.343303 0.928902
vt 0.345782 0.927996
vt 0.343713 0.921145
vt 0.337893 0.940986
vt 0.348687 0.924339
vt 0.355197 0.940967
vt 0.348688 0.919897
vt 0.337897 0.943323
vt 0.355201 0.924331
vt 0.34861 0.852306
vt 0.355201 0.943303
vt 0.348687 0.943311
vt 0.337731 0.9284
vt 0.33429 0.940991
vt 0.341175 0.922394
vt 0.355124 0.852299
vt 0.348606 0.848448
vt 0.355119 0.848441
vt 0.355113 0.843514
vt 0.3486 0.843522
vt 0.342642 0.848455
vt 0.342636 0.843528
vt 0.345779 0.945034
vt 0.824907 0.705635
vt 0.824917 0.610682
vt 0.819515 0.610681
vt 0.819505 0.705634
vt 0.819505 0.708296
vt 0.824907 0.708297
vt 0.819506 0.714392
vt 0.824908 0.714393
vt 0.824917 0.837665
vt 0.819515 0.837664
vt 0.124428 0.984448
vt 0.118671 0.98445
vt 0.118671 0.990964
vt 0.118671 0.968272
vt 0.124428 0.990962
vt 0.128122 0.984443
vt 0.124428 0.96827
vt 0.128122 0.968265
vt 0.128122 0.990957
vt 0.265049 0.939827
vt 0.257986 0.939826
vt 0.257986 0.94634
vt 0.265049 0.946341
vt 0.257986 0.923647
vt 0.265049 0.923649
vt 0.9576 0.46836
vt 0.957608 0.477125
vt 0.964121 0.477125
vt 0.964113 0.46836
vt 0.957608 0.373719
vt 0.943459 0.468453
vt 0.945484 0.477258
vt 0.964121 0.373719
vt 0.941429 0.373719
vt 0.192164 0.785995
vt 0.192182 0.911325
vt 0.198695 0.911326
vt 0.175985 0.785992
vt 0.198677 0.785996
vt 0.192163 0.779908
vt 0.175985 0.779905
vt 0.192162 0.777213
vt 0.175984 0.77721
vt 0.198676 0.779909
vt 0.176004 0.911322
vt 0.176003 0.680539
vt 0.192182 0.680513
vt 0.198676 0.777215
vt 0.198695 0.680514
vt 0.734822 0.980587
vt 0.747802 0.980578
vt 0.747802 0.974064
vt 0.734822 0.974073
vt 0.747802 0.996756
vt 0.734822 0.996765
vt 0.550034 0.95965
vt 0.550018 0.968821
vt 0.556531 0.968824
vt 0.547112 0.960957
vt 0.556547 0.959653
vt 0.556547 0.991283
vt 0.550034 0.991281
vt 0.547114 0.986505
vt 0.539057 0.986522
vt 0.547101 0.968342
vt 0.541738 0.960955
vt 0.539528 0.968391
vt 0.533856 0.991299
vt 0.534812 0.968879
vt 0.539244 0.959646
vt 0.710222 0.784125
vt 0.710222 0.780264
vt 0.706695 0.783092
vt 0.706704 0.784456
vt 0.707171 0.851647
vt 0.710222 0.856209
vt 0.849839 0.230723
vt 0.842159 0.225987
vt 0.840502 0.22775
vt 0.852958 0.232919
vt 0.857505 0.107596
vt 0.837893 0.224088
vt 0.836773 0.218344
vt 0.853119 0.107456
vt 0.853325 0.10136
vt 0.857711 0.101509
vt 0.853416 0.098698
vt 0.857802 0.098815
vt 0.854083 0.003746
vt 0.857802 0.002143
vt 0.83519 0.001202
vt 0.83545 0.003608
vt 0.826283 0.003724
vt 0.826943 0.006053
vt 0.561886 0.84393
vt 0.566156 0.795232
vt 0.559123 0.841244
vt 0.560757 0.795041
vt 0.56479 0.891512
vt 0.560071 0.891345
vt 0.566417 0.787528
vt 0.561018 0.787337
vt 0.562259 0.902313
vt 0.566417 0.902948
vt 0.562372 0.902805
vt 0.396642 0.986028
vt 0.393182 0.984506
vt 0.39327 0.984675
vt 0.392733 0.98104
vt 0.396642 0.97837
vt 0.393995 0.977259
vt 0.559485 0.985415
vt 0.561262 0.986064
vt 0.55954 0.985063
vt 0.55983 0.988692
vt 0.561121 0.9899
vt 0.566417 0.964898
vt 0.562918 0.962863
vt 0.566417 0.989062
vt 0.564522 0.992333
vt 0.363007 0.977569
vt 0.357604 0.977562
vt 0.357604 0.985747
vt 0.363007 0.985753
vt 0.957748 0.24961
vt 0.941429 0.344569
vt 0.948415 0.344226
vt 0.964733 0.250814
vt 0.946675 0.356712
vt 0.951594 0.353514
vt 0.964733 0.36641
vt 0.964255 0.371316
vt 0.129748 0.858277
vt 0.121359 0.843694
vt 0.124447 0.85932
vt 0.127107 0.839895
vt 0.122125 0.840875
vt 0.122266 0.840327
vt 0.124863 0.836672
vt 0.125805 0.833451
vt 0.129748 0.830378
vt 0.126212 0.831073
vt 0.987495 0.532481
vt 0.971218 0.532481
vt 0.971209 0.538994
vt 0.987485 0.538994
vt 0.971227 0.526517
vt 0.987393 0.520357
vt 0.729995 0.67481
vt 0.758336 0.672149
vt 0.758336 0.600066
vt 0.758336 0.67601
vt 0.738465 0.687491
vt 0.746907 0.58298
vt 0.738371 0.580314
vt 0.747624 0.580669
vt 0.719754 0.57997
vt 0.717999 0.674907
vt 0.726131 0.677505
vt 0.738756 0.577924
vt 0.718021 0.67757
vt 0.723213 0.683627
vt 0.718072 0.683669
vt 0.731243 0.698593
vt 0.738041 0.700183
vt 0.725983 0.802442
vt 0.731551 0.794942
vt 0.718201 0.806978
vt 0.713692 0.683695
vt 0.713642 0.677605
vt 0.71362 0.674909
vt 0.716114 0.578242
vt 0.738625 0.794914
vt 0.730287 0.800655
vt 0.727592 0.804248
vt 0.715033 0.809093
vt 0.74267 0.691589
vt 0.757995 0.680927
vt 0.517548 0.243225
vt 0.512353 0.243224
vt 0.512353 0.247715
vt 0.517546 0.241953
vt 0.517548 0.247716
vt 0.512352 0.241952
vt 0.52755 0.243187
vt 0.532741 0.243187
vt 0.532758 0.241952
vt 0.527567 0.241952
vt 0.527549 0.246041
vt 0.53274 0.246041
vt 0.527565 0.247287
vt 0.532757 0.247287
vt 0.32469 0.849992
vt 0.329881 0.84999
vt 0.329881 0.843514
vt 0.32469 0.843516
vt 0.525145 0.243205
vt 0.519951 0.243205
vt 0.519951 0.247679
vt 0.525145 0.247679
vt 0.525145 0.241952
vt 0.519951 0.241952
vt 0.583716 0.242719
vt 0.583575 0.243617
vt 0.584515 0.243713
vt 0.583532 0.244523
vt 0.584625 0.242759
vt 0.585546 0.242906
vt 0.583988 0.241958
vt 0.582816 0.244301
vt 0.583003 0.245011
vt 0.582805 0.243536
vt 0.58297 0.242789
vt 0.583297 0.24213
vt 0.583645 0.245321
vt 0.58443 0.244669
vt 0.585362 0.24471
vt 0.584385 0.24548
vt 0.585153 0.245475
vt 0.585877 0.245304
vt 0.586171 0.244643
vt 0.58548 0.243811
vt 0.586325 0.243132
vt 0.586325 0.243896
vt 0.586171 0.242423
vt 0.585496 0.242112
vt 0.584745 0.241952
vt 0.567736 0.243834
vt 0.567582 0.24474
vt 0.56838 0.244653
vt 0.568546 0.243909
vt 0.568546 0.243143
vt 0.567783 0.242908
vt 0.56838 0.242426
vt 0.566781 0.243734
vt 0.566677 0.244683
vt 0.565781 0.244543
vt 0.567722 0.242117
vt 0.566886 0.242776
vt 0.565827 0.243625
vt 0.56502 0.244285
vt 0.565981 0.24271
vt 0.566212 0.241952
vt 0.566976 0.241954
vt 0.565844 0.245311
vt 0.56659 0.245478
vt 0.565186 0.244989
vt 0.567354 0.245476
vt 0.56502 0.243523
vt 0.565185 0.242775
vt 0.565501 0.242111
vt 0.568065 0.245304
vt 0.573503 0.2427
vt 0.574314 0.242782
vt 0.574009 0.242124
vt 0.573291 0.241955
vt 0.572592 0.242757
vt 0.573647 0.243611
vt 0.574474 0.243528
vt 0.572687 0.243711
vt 0.574474 0.244293
vt 0.573697 0.244534
vt 0.572794 0.244666
vt 0.571895 0.244726
vt 0.571739 0.243813
vt 0.571701 0.242892
vt 0.571781 0.242115
vt 0.571114 0.244649
vt 0.572525 0.241952
vt 0.570954 0.243139
vt 0.570949 0.243902
vt 0.571131 0.24243
vt 0.572137 0.245476
vt 0.572898 0.245479
vt 0.571436 0.24531
vt 0.573647 0.245316
vt 0.574314 0.245004
vt 0.588742 0.244305
vt 0.589451 0.244524
vt 0.58949 0.243618
vt 0.588728 0.24354
vt 0.588893 0.242793
vt 0.589631 0.24272
vt 0.589222 0.242133
vt 0.589909 0.241959
vt 0.590537 0.242758
vt 0.590663 0.241952
vt 0.590425 0.243712
vt 0.590346 0.244668
vt 0.591279 0.244708
vt 0.591393 0.243808
vt 0.59146 0.242904
vt 0.591415 0.242111
vt 0.591078 0.245474
vt 0.592094 0.242421
vt 0.592245 0.243129
vt 0.592245 0.243893
vt 0.592094 0.244641
vt 0.591805 0.245303
vt 0.59031 0.245481
vt 0.589572 0.245323
vt 0.588934 0.245015
vt 0.577817 0.244729
vt 0.577043 0.244646
vt 0.577366 0.245304
vt 0.578064 0.245475
vt 0.578714 0.244674
vt 0.577661 0.243819
vt 0.576877 0.243899
vt 0.578606 0.24372
vt 0.576885 0.243135
vt 0.577626 0.242895
vt 0.578515 0.242765
vt 0.579427 0.242707
vt 0.579568 0.243619
vt 0.579618 0.244541
vt 0.579574 0.245317
vt 0.580243 0.242784
vt 0.578824 0.245479
vt 0.580401 0.244295
vt 0.580401 0.243531
vt 0.580243 0.245003
vt 0.579222 0.241955
vt 0.578455 0.241952
vt 0.579942 0.242123
vt 0.577713 0.242113
vt 0.577065 0.242423
vt 0.595351 0.242903
vt 0.595502 0.242105
vt 0.59488 0.242409
vt 0.594671 0.243118
vt 0.595375 0.24381
vt 0.596232 0.242764
vt 0.596232 0.241952
vt 0.596295 0.243721
vt 0.597 0.241963
vt 0.59717 0.242731
vt 0.597268 0.243631
vt 0.597338 0.244536
vt 0.596411 0.244676
vt 0.59552 0.244708
vt 0.594813 0.244631
vt 0.597315 0.245329
vt 0.594648 0.243883
vt 0.595817 0.24547
vt 0.596562 0.245483
vt 0.595149 0.245292
vt 0.598146 0.244316
vt 0.598146 0.243552
vt 0.598004 0.245022
vt 0.598004 0.242803
vt 0.597735 0.242139
vt 0.907239 0.249744
vt 0.907239 0.53944
vt 0.917058 0.539312
vt 0.917058 0.249616
vt 0.897495 0.24961
vt 0.897495 0.539306
vt 0.920047 0.541855
vt 0.920047 0.8317
vt 0.930083 0.831688
vt 0.930083 0.541843
vt 0.939565 0.831705
vt 0.939565 0.541859
vt 0.919462 0.249798
vt 0.919462 0.539335
vt 0.929236 0.539146
vt 0.929236 0.24961
vt 0.939026 0.539333
vt 0.939026 0.249796
vt 0.628296 0.640394
vt 0.628296 0.930241
vt 0.637973 0.930245
vt 0.637973 0.640397
vt 0.647854 0.930242
vt 0.647854 0.640395
vt 0.294504 0.987322
vt 0.284007 0.961724
vt 0.276585 0.979735
vt 0.301926 0.979888
vt 0.301926 0.969311
vt 0.294504 0.961787
vt 0.284007 0.987258
vt 0.276585 0.969158
vt 0.945422 0.002727
vt 0.9628 0.107465
vt 0.954356 0.00193
vt 0.9628 0.001202
vt 0.966098 0.822806
vt 0.959427 0.82951
vt 0.959988 0.830866
vt 0.967452 0.823365
vt 0.967452 0.812782
vt 0.949993 0.829532
vt 0.949432 0.83089
vt 0.941968 0.823424
vt 0.943322 0.822859
vt 0.941968 0.812841
vt 0.943322 0.8134
vt 0.949993 0.806696
vt 0.949432 0.80534
vt 0.959988 0.805316
vt 0.959427 0.806674
vt 0.966098 0.813347
vt 0.941968 0.652127
vt 0.959392 0.756887
vt 0.95059 0.651436
vt 0.959392 0.650724
vt 0.959395 0.648321
vt 0.959395 0.541843
vt 0.950675 0.64777
vt 0.941968 0.646884
vt 0.778224 0.967397
vt 0.769367 0.861908
vt 0.769516 0.96728
vt 0.760739 0.967397
vt 0.322214 0.499669
vt 0.350082 0.499669
vt 0.969509 0.937077
vt 0.957992 0.936321

usemtl _Plain
usemap _Plain
f 1/1/1 2/2/2 3/3/3
f 1/1/1 3/3/3 4/4/4
f 5/5/5 6/6/6 7/7/7
f 5/5/5 7/7/7 8/8/8
f 9/9/9 10/10/10 11/11/11
f 9/9/9 11/11/11 12/12/12
f 13/13/13 14/14/14 15/15/15
f 13/13/13 15/15/15 16/16/16
f 17/17/17 18/18/18 19/19/19
f 17/17/17 19/19/19 20/20/20
f 21/21/21 22/22/22 23/23/23
f 21/21/21 23/23/23 24/24/24
f 25/25/25 26/26/26 27/27/27
f 25/25/25 27/27/27 28/28/28
f 29/29/29 30/30/30 31/31/31
f 29/29/29 31/31/31 32/32/32
f 33/33/33 34/34/34 35/35/35
f 33/33/33 35/35/35 36/36/36
f 37/37/37 38/38/38 39/39/39
f 37/37/37 39/39/39 40/40/40
f 41/41/41 42/42/42 43/43/43
f 41/41/41 43/43/43 44/44/44
f 45/45/45 46/46/46 47/47/47
f 45/45/45 47/47/47 48/48/48
f 49/49/49 50/50/50 51/51/51
f 49/49/49 51/51/51 52/52/52
f 53/53/53 54/54/54 55/55/55
f 53/53/53 55/55/55 56/56/56
f 57/57/57 58/58/58 59/59/59
f 57/57/57 59/59/59 60/60/60
f 61/61/61 62/62/62 63/63/63
f 61/61/61 63/63/63 64/64/64
f 65/65/65 66/66/66 67/67/67
f 65/65/65 67/67/67 68/68/68
f 69/69/69 70/70/70 71/71/71
f 69/69/69 71/71/71 72/72/72
f 73/73/73 74/74/74 75/75/75
f 73/73/73 75/75/75 76/76/76
f 77/77/77 78/78/78 79/79/79
f 77/77/77 79/79/79 80/80/80
f 81/81/81 78/78/78 77/77/77
f 81/81/81 82/82/82 78/78/78
f 83/83/83 84/84/84 85/85/85
f 83/83/83 85/85/85 86/86/86
f 87/87/87 88/88/88 89/89/89
f 87/87/87 89/89/89 90/90/90
f 91/91/91 92/92/92 93/93/93
f 94/94/94 95/95/95 96/96/96
f 97/97/97 98/98/98 99/99/99
f 100/100/100 101/101/101 102/102/102
f 103/103/103 104/104/104 105/105/105
f 104/104/104 106/106/106 105/105/105
f 105/105/105 106/106/106 107/107/107
f 107/107/107 106/106/106 108/108/108
f 109/109/109 108/108/108 103/103/103
f 103/103/103 105/105/105 109/109/109
f 109/109/109 110/110/110 108/108/108
f 107/107/107 108/108/108 110/110/110
f 111/111/111 112/112/112 113/113/113
f 113/113/113 112/112/112 114/114/114
f 111/111/111 113/113/113 115/115/115
f 113/113/113 114/114/114 116/116/116
f 114/114/114 117/117/117 116/116/116
f 114/114/114 118/118/118 117/117/117
f 117/117/117 118/118/118 119/119/119
f 117/117/117 119/119/119 120/120/120
f 120/120/120 119/119/119 121/121/121
f 120/120/120 121/121/121 122/122/122
f 122/122/122 121/121/121 123/123/123
f 122/122/122 123/123/123 124/124/124
f 124/124/124 123/123/123 125/125/125
f 126/126/126 125/125/125 123/123/123
f 124/124/124 125/125/125 127/127/127
f 128/128/128 125/125/125 126/126/126
f 128/128/128 129/129/129 125/125/125
f 130/130/130 131/131/131 132/132/132
f 132/132/132 131/131/131 133/133/133
f 134/134/134 130/130/130 132/132/132
f 135/135/135 136/136/136 137/137/137
f 135/135/135 137/137/137 138/138/138
f 139/139/139 138/138/138 137/137/137
f 139/139/139 137/137/137 140/140/140
f 139/139/139 140/140/140 141/141/141
f 139/139/139 141/141/141 142/142/142
f 143/143/143 142/142/142 141/141/141
f 143/143/143 141/141/141 144/144/144
f 145/145/145 143/143/143 144/144/144
f 145/145/145 144/144/144 146/146/146
f 147/147/147 145/145/145 146/146/146
f 147/147/147 146/146/146 148/148/148
f 148/148/148 149/149/149 147/147/147
f 150/150/150 147/147/147 149/149/149
f 148/148/148 151/151/151 149/149/149
f 152/152/152 150/150/150 149/149/149
f 152/152/152 149/149/149 153/153/153
f 154/154/154 155/155/155 156/156/156
f 154/154/154 156/156/156 157/157/157
f 157/157/157 156/156/156 158/158/158
f 159/159/159 155/155/155 154/154/154
f 159/159/159 160/160/160 155/155/155
f 157/157/157 158/158/158 161/161/161
f 162/162/162 163/163/163 164/164/164
f 162/162/162 164/164/164 165/165/165
f 165/165/165 164/164/164 166/166/166
f 165/165/165 166/166/166 167/167/167
f 168/168/168 163/163/163 162/162/162
f 165/165/165 167/167/167 169/169/169
f 170/170/170 169/169/169 167/167/167
f 170/170/170 171/171/171 169/169/169
f 171/171/171 170/170/170 163/163/163
f 171/171/171 163/163/163 168/168/168
f 172/172/172 173/173/173 174/174/174
f 172/172/172 174/174/174 175/175/175
f 175/175/175 174/174/174 176/176/176
f 177/177/177 173/173/173 172/172/172
f 177/177/177 178/178/178 173/173/173
f 175/175/175 176/176/176 179/179/179
f 179/179/179 176/176/176 180/180/180
f 179/179/179 180/180/180 181/181/181
f 182/182/182 183/183/183 184/184/184
f 182/182/182 184/184/184 185/185/185
f 186/186/186 187/187/187 188/188/188
f 186/186/186 188/188/188 189/189/189
f 190/190/190 187/187/187 186/186/186
f 190/190/190 191/191/191 187/187/187
f 192/192/192 191/191/191 190/190/190
f 192/192/192 193/193/193 191/191/191
f 194/194/194 195/195/195 196/196/196
f 194/194/194 196/196/196 197/197/197
f 198/198/198 199/199/199 200/200/200
f 198/198/198 200/200/200 201/201/201
f 202/202/202 199/199/199 198/198/198
f 202/202/202 203/203/203 199/199/199
f 204/204/204 203/203/203 202/202/202
f 204/204/204 205/205/205 203/203/203
f 206/206/206 207/207/207 208/208/208
f 206/206/206 208/208/208 209/209/209
f 210/210/210 211/211/211 212/212/212
f 210/210/210 212/212/212 213/213/213
f 214/214/214 215/215/215 216/216/216
f 214/214/214 216/216/216 217/217/217
f 218/218/218 219/219/219 220/220/220
f 218/218/218 220/220/220 221/221/221
f 222/222/222 223/223/223 224/224/224
f 222/222/222 224/224/224 225/225/225
f 226/226/226 227/227/227 228/228/228
f 229/229/229 227/227/227 226/226/226
f 230/230/230 227/227/227 229/229/229
f 227/227/227 230/230/230 231/231/231
f 232/232/232 227/227/227 231/231/231
f 227/227/227 232/232/232 233/233/233
f 233/233/233 232/232/232 234/234/234
f 231/231/231 230/230/230 235/235/235
f 235/235/235 230/230/230 236/236/236
f 233/233/233 234/234/234 237/237/237
f 238/238/238 237/237/237 234/234/234
f 238/238/238 239/239/239 237/237/237
f 240/240/240 241/241/241 242/242/242
f 243/243/243 242/242/242 241/241/241
f 241/241/241 240/240/240 244/244/244
f 240/240/240 245/245/245 244/244/244
f 244/244/244 245/245/245 246/246/246
f 246/246/246 245/245/245 247/247/247
f 245/245/245 240/240/240 248/248/248
f 248/248/248 240/240/240 249/249/249
f 249/249/249 240/240/240 250/250/250
f 243/243/243 241/241/241 251/251/251
f 251/251/251 252/252/252 243/243/243
f 251/251/251 253/253/253 252/252/252
f 254/254/254 255/255/255 256/256/256
f 254/254/254 256/256/256 257/257/257
f 258/258/258 254/254/254 257/257/257
f 258/258/258 259/259/259 254/254/254
f 260/260/260 259/259/259 258/258/258
f 260/260/260 258/258/258 261/261/261
f 260/260/260 261/261/261 262/262/262
f 260/260/260 262/262/262 263/263/263
f 264/264/264 265/265/265 266/266/266
f 266/266/266 265/265/265 267/267/267
f 264/264/264 266/266/266 268/268/268
f 269/269/269 264/264/264 268/268/268
f 269/269/269 270/270/270 264/264/264
f 271/271/271 270/270/270 269/269/269
f 271/271/271 269/269/269 272/272/272
f 266/266/266 267/267/267 273/273/273
f 274/274/274 275/275/275 276/276/276
f 274/274/274 276/276/276 277/277/277
f 278/278/278 276/276/276 275/275/275
f 278/278/278 279/279/279 276/276/276
f 280/280/280 279/279/279 278/278/278
f 280/280/280 281/281/281 279/279/279
f 282/282/282 274/274/274 277/277/277
f 282/282/282 283/283/283 274/274/274
f 284/284/284 283/283/283 282/282/282
f 284/284/284 285/285/285 283/283/283
f 286/286/286 287/287/287 288/288/288
f 289/289/289 288/288/288 287/287/287
f 290/290/290 288/288/288 289/289/289
f 288/288/288 290/290/290 291/291/291
f 292/292/292 287/287/287 286/286/286
f 287/287/287 292/292/292 293/293/293
f 294/294/294 295/295/295 296/296/296
f 294/294/294 296/296/296 297/297/297
f 298/298/298 295/295/295 294/294/294
f 298/298/298 299/299/299 295/295/295
f 300/300/300 301/301/301 302/302/302
f 300/300/300 302/302/302 303/303/303
f 303/303/303 302/302/302 304/304/304
f 303/303/303 304/304/304 305/305/305
f 306/306/306 307/307/307 308/308/308
f 306/306/306 308/308/308 309/309/309
f 309/309/309 308/308/308 310/310/310
f 309/309/309 310/310/310 311/311/311
f 312/312/312 313/313/313 314/314/314
f 312/312/312 314/314/314 315/315/315
f 316/316/316 313/313/313 312/312/312
f 316/316/316 317/317/317 313/313/313
f 318/318/318 319/319/319 320/320/320
f 318/318/318 320/320/320 321/321/321
f 321/321/321 320/320/320 322/322/322
f 321/321/321 322/322/322 323/323/323
f 324/324/324 325/325/325 326/326/326
f 324/324/324 326/326/326 327/327/327
f 326/326/326 325/325/325 328/328/328
f 325/325/325 324/324/324 329/329/329
f 325/325/325 329/329/329 330/330/330
f 329/329/329 324/324/324 331/331/331
f 332/332/332 333/333/333 334/334/334
f 332/332/332 334/334/334 335/335/335
f 336/336/336 333/333/333 332/332/332
f 336/336/336 337/337/337 333/333/333
f 338/338/338 339/339/339 340/340/340
f 338/338/338 340/340/340 341/341/341
f 341/341/341 340/340/340 342/342/342
f 341/341/341 342/342/342 343/343/343
f 344/344/344 345/345/345 346/346/346
f 344/344/344 346/346/346 347/347/347
f 347/347/347 346/346/346 348/348/348
f 347/347/347 348/348/348 349/349/349
f 350/350/350 351/351/351 352/352/352
f 353/353/353 352/352/352 351/351/351
f 354/354/354 352/352/352 353/353/353
f 352/352/352 354/354/354 355/355/355
f 356/356/356 351/351/351 350/350/350
f 351/351/351 356/356/356 357/357/357
f 358/358/358 359/359/359 360/360/360
f 358/358/358 360/360/360 361/361/361
f 360/360/360 359/359/359 362/362/362
f 359/359/359 358/358/358 363/363/363
f 359/359/359 363/363/363 364/364/364
f 363/363/363 358/358/358 365/365/365
f 366/366/366 367/367/367 368/368/368
f 366/366/366 368/368/368 369/369/369
f 366/366/366 369/369/369 370/370/370
f 366/366/366 371/371/371 367/367/367
f 366/366/366 372/372/372 371/371/371
f 366/366/366 370/370/370 373/373/373
f 374/374/374 375/375/375 376/376/376
f 375/375/375 374/374/374 377/377/377
f 374/374/374 376/376/376 378/378/378
f 375/375/375 377/377/377 379/379/379
f 375/375/375 379/379/379 380/380/380
f 375/375/375 380/380/380 381/381/381
f 382/382/382 383/383/383 384/384/384
f 382/382/382 384/384/384 385/385/385
f 386/386/386 383/383/383 382/382/382
f 386/386/386 387/387/387 383/383/383
f 388/388/388 387/387/387 386/386/386
f 388/388/388 389/389/389 387/387/387
f 390/390/390 391/391/391 392/392/392
f 390/390/390 392/392/392 393/393/393
f 392/392/392 394/394/394 393/393/393
f 392/392/392 395/395/395 394/394/394
f 392/392/392 396/396/396 395/395/395
f 392/392/392 397/397/397 396/396/396
f 398/398/398 399/399/399 400/400/400
f 398/398/398 400/400/400 401/401/401
f 402/402/402 399/399/399 398/398/398
f 402/402/402 403/403/403 399/399/399
f 404/404/404 403/403/403 402/402/402
f 404/404/404 405/405/405 403/403/403
f 406/406/406 407/407/407 408/408/408
f 406/406/406 408/408/408 409/409/409
f 406/406/406 409/409/409 410/410/410
f 406/406/406 410/410/410 411/411/411
f 412/412/412 406/406/406 411/411/411
f 412/412/412 407/407/407 406/406/406
f 412/412/412 413/413/413 407/407/407
f 412/412/412 411/411/411 414/414/414
f 415/415/415 412/412/412 414/414/414
f 415/415/415 413/413/413 412/412/412
f 415/415/415 416/416/416 413/413/413
f 415/415/415 414/414/414 417/417/417
f 418/418/418 419/419/419 420/420/420
f 418/418/418 420/420/420 421/421/421
f 420/420/420 422/422/422 421/421/421
f 420/420/420 423/423/423 422/422/422
f 420/420/420 424/424/424 423/423/423
f 420/420/420 425/425/425 424/424/424
f 426/426/426 427/427/427 428/428/428
f 426/426/426 428/428/428 429/429/429
f 430/430/430 429/429/429 428/428/428
f 430/430/430 431/431/431 429/429/429
f 431/431/431 430/430/430 432/432/432
f 431/431/431 432/432/432 433/433/433
f 434/434/434 435/435/435 436/436/436
f 434/434/434 436/436/436 437/437/437
f 434/434/434 438/438/438 435/435/435
f 434/434/434 439/439/439 438/438/438
f 439/439/439 434/434/434 440/440/440
f 441/441/441 440/440/440 434/434/434
f 441/441/441 434/434/434 437/437/437
f 440/440/440 441/441/441 442/442/442
f 440/440/440 442/442/442 443/443/443
f 443/443/443 444/444/444 440/440/440
f 439/439/439 440/440/440 444/444/444
f 443/443/443 445/445/445 444/444/444
f 446/446/446 447/447/447 448/448/448
f 448/448/448 447/447/447 449/449/449
f 450/450/450 447/447/447 446/446/446
f 450/450/450 449/449/449 447/447/447
f 450/450/450 451/451/451 449/449/449
f 446/446/446 448/448/448 452/452/452
f 448/448/448 449/449/449 453/453/453
f 450/450/450 446/446/446 454/454/454
f 455/455/455 450/450/450 454/454/454
f 455/455/455 456/456/456 450/450/450
f 450/450/450 456/456/456 457/457/457
f 450/450/450 457/457/457 451/451/451
f 458/458/458 459/459/459 460/460/460
f 458/458/458 460/460/460 461/461/461
f 458/458/458 462/462/462 459/459/459
f 458/458/458 463/463/463 462/462/462
f 459/459/459 464/464/464 460/460/460
f 459/459/459 465/465/465 464/464/464
f 466/466/466 465/465/465 459/459/459
f 466/466/466 459/459/459 462/462/462
f 465/465/465 466/466/466 467/467/467
f 465/465/465 467/467/467 468/468/468
f 465/465/465 468/468/468 469/469/469
f 465/465/465 469/469/469 464/464/464
f 470/470/470 464/464/464 469/469/469
f 470/470/470 469/469/469 471/471/471
f 472/472/472 473/473/473 474/474/474
f 472/472/472 474/474/474 475/475/475
f 476/476/476 477/477/477 478/478/478
f 476/476/476 478/478/478 479/479/479
f 480/480/480 481/481/481 482/482/482
f 480/480/480 482/482/482 483/483/483
f 481/481/481 484/484/484 482/482/482
f 481/481/481 485/485/485 484/484/484
f 485/485/485 486/486/486 484/484/484
f 485/485/485 487/487/487 486/486/486
f 488/488/488 489/489/489 490/490/490
f 488/488/488 490/490/490 491/491/491
f 492/492/492 491/491/491 490/490/490
f 492/492/492 493/493/493 491/491/491
f 493/493/493 492/492/492 494/494/494
f 493/493/493 494/494/494 495/495/495
f 496/496/496 497/497/497 498/498/498
f 496/496/496 498/498/498 499/499/499
f 500/500/500 501/501/501 502/502/502
f 500/500/500 502/502/502 503/503/503
f 504/504/504 505/505/505 506/506/506
f 504/504/504 506/506/506 507/507/507
f 508/508/508 504/504/504 507/507/507
f 508/508/508 509/509/509 504/504/504
f 510/510/510 509/509/509 508/508/508
f 510/510/510 508/508/508 511/511/511
f 512/512/512 513/513/513 514/514/514
f 512/512/512 514/514/514 515/515/515
f 516/516/516 517/517/517 518/518/518
f 516/516/516 518/518/518 519/519/519
f 517/517/517 520/520/520 518/518/518
f 517/517/517 521/521/521 520/520/520
f 522/522/522 523/523/523 524/524/524
f 522/522/522 524/524/524 525/525/525
f 526/526/526 522/522/522 525/525/525
f 526/526/526 525/525/525 527/527/527
f 528/528/528 529/529/529 530/530/530
f 528/528/528 530/530/530 531/531/531
f 532/532/532 528/528/528 531/531/531
f 532/532/532 531/531/531 533/533/533
f 534/534/534 535/535/535 536/536/536
f 534/534/534 536/536/536 537/537/537
f 538/538/538 534/534/534 537/537/537
f 538/538/538 537/537/537 539/539/539
f 540/540/540 541/541/541 542/542/542
f 543/543/543 542/542/542 541/541/541
f 544/544/544 542/542/542 543/543/543
f 542/542/542 544/544/544 545/545/545
f 546/546/546 541/541/541 540/540/540
f 541/541/541 546/546/546 547/547/547
f 548/548/548 549/549/549 550/550/550
f 548/548/548 550/550/550 551/551/551
f 550/550/550 549/549/549 552/552/552
f 549/549/549 548/548/548 553/553/553
f 549/549/549 553/553/553 554/554/554
f 553/553/553 548/548/548 555/555/555
f 556/556/556 557/557/557 558/558/558
f 559/559/559 557/557/557 556/556/556
f 557/557/557 559/559/559 560/560/560
f 561/561/561 562/562/562 563/563/563
f 561/561/561 563/563/563 564/564/564
f 565/565/565 566/566/566 567/567/567
f 565/565/565 567/567/567 568/568/568
f 569/569/569 570/570/570 571/571/571
f 569/569/569 571/571/571 572/572/572
f 573/573/573 574/574/574 575/575/575
f 573/573/573 575/575/575 576/576/576
f 577/577/577 578/578/578 579/579/579
f 577/577/577 579/579/579 580/580/580
f 581/581/581 582/582/582 583/583/583
f 581/581/581 583/583/583 584/584/584
f 585/585/585 586/586/586 587/587/587
f 585/585/585 587/587/587 588/588/588
f 589/589/589 590/590/590 591/591/591
f 589/589/589 591/591/591 592/592/592
f 593/593/593 594/594/594 595/595/595
f 593/593/593 595/595/595 596/596/596
f 597/597/597 598/598/598 599/599/599
f 597/597/597 599/599/599 600/600/600
f 601/601/601 602/602/602 603/603/603
f 601/601/601 603/603/603 604/604/604
f 605/605/605 606/606/606 607/607/607
f 605/605/605 607/607/607 608/608/608
f 605/605/605 608/608/608 609/609/609
f 608/608/608 607/607/607 610/610/610
f 608/608/608 610/610/610 609/609/609
f 609/609/609 610/610/610 611/611/611
f 607/607/607 611/611/611 610/610/610
f 607/607/607 612/612/612 611/611/611
f 609/609/609 611/611/611 613/613/613
f 605/605/605 609/609/609 614/614/614
f 615/615/615 616/616/616 617/617/617
f 615/615/615 617/617/617 618/618/618
f 619/619/619 620/620/620 621/621/621
f 619/619/619 621/621/621 622/622/622
f 623/623/623 624/624/624 625/625/625
f 623/623/623 625/625/625 626/626/626
f 627/627/627 628/628/628 629/629/629
f 627/627/627 629/629/629 630/630/630
f 631/631/631 632/632/632 633/633/633
f 631/631/631 633/633/633 634/634/634
f 635/635/635 636/636/636 637/637/637
f 635/635/635 637/637/637 638/638/638
f 639/639/639 640/640/640 641/641/641
f 639/639/639 641/641/641 642/642/642
f 639/639/639 643/643/643 640/640/640
f 639/639/639 644/644/644 643/643/643
f 642/642/642 645/645/645 639/639/639
f 642/642/642 646/646/646 645/645/645
f 647/647/647 648/648/648 649/649/649
f 647/647/647 649/649/649 650/650/650
f 651/651/651 652/652/652 653/653/653
f 652/652/652 651/651/651 654/654/654
f 651/651/651 653/653/653 655/655/655
f 656/656/656 651/651/651 655/655/655
f 656/656/656 657/657/657 651/651/651
f 652/652/652 654/654/654 658/658/658
f 659/659/659 660/660/660 661/661/661
f 662/662/662 660/660/660 659/659/659
f 663/663/663 660/660/660 662/662/662
f 664/664/664 665/665/665 666/666/666
f 664/664/664 666/666/666 667/667/667
f 668/668/668 669/669/669 670/670/670
f 671/671/671 670/670/670 669/669/669
f 672/672/672 670/670/670 671/671/671
f 673/673/673 669/669/669 668/668/668
f 673/673/673 668/668/668 674/674/674
f 675/675/675 674/674/674 671/671/671
f 676/676/676 671/671/671 674/674/674
f 674/674/674 668/668/668 676/676/676
f 675/675/675 671/671/671 677/677/677
f 671/671/671 678/678/678 672/672/672
f 678/678/678 671/671/671 676/676/676
f 679/679/679 680/680/680 681/681/681
f 679/679/679 681/681/681 682/682/682
f 683/683/683 684/684/684 685/685/685
f 683/683/683 685/685/685 686/686/686
f 687/687/687 688/688/688 689/689/689
f 687/687/687 689/689/689 690/690/690
f 687/687/687 690/690/690 691/691/691
f 687/687/687 691/691/691 692/692/692
f 693/693/693 694/694/694 695/695/695
f 693/693/693 695/695/695 696/696/696
f 697/697/697 698/698/698 699/699/699
f 697/697/697 699/699/699 700/700/700
f 701/701/701 702/702/702 703/703/703
f 701/701/701 703/703/703 704/704/704
f 705/705/705 706/706/706 707/707/707
f 705/705/705 707/707/707 708/708/708
f 709/709/709 706/706/706 705/705/705
f 709/709/709 710/710/710 706/706/706
f 711/711/711 712/712/712 713/713/713
f 711/711/711 713/713/713 714/714/714
f 714/714/714 713/713/713 715/715/715
f 714/714/714 715/715/715 716/716/716
f 717/717/717 718/718/718 719/719/719
f 717/717/717 719/719/719 720/720/720
f 720/720/720 719/719/719 721/721/721
f 720/720/720 721/721/721 722/722/722
f 723/723/723 724/724/724 725/725/725
f 723/723/723 725/725/725 726/726/726
f 726/726/726 725/725/725 727/727/727
f 726/726/726 727/727/727 728/728/728
f 729/729/729 730/730/730 731/731/731
f 729/729/729 731/731/731 732/732/732
f 731/731/731 730/730/730 733/733/733
f 734/734/734 730/730/730 729/729/729
f 734/734/734 729/729/729 735/735/735
f 730/730/730 734/734/734 736/736/736
f 737/737/737 738/738/738 739/739/739
f 740/740/740 738/738/738 737/737/737
f 741/741/741 738/738/738 740/740/740
f 738/738/738 741/741/741 742/742/742
f 742/742/742 741/741/741 743/743/743
f 743/743/743 741/741/741 744/744/744
f 745/745/745 746/746/746 747/747/747
f 748/748/748 746/746/746 745/745/745
f 745/745/745 747/747/747 749/749/749
f 748/748/748 745/745/745 750/750/750
f 751/751/751 752/752/752 753/753/753
f 751/751/751 753/753/753 754/754/754
f 754/754/754 753/753/753 755/755/755
f 754/754/754 755/755/755 756/756/756
f 757/757/757 758/758/758 759/759/759
f 759/759/759 758/758/758 760/760/760
f 757/757/757 759/759/759 761/761/761
f 759/759/759 760/760/760 762/762/762
f 763/763/763 764/764/764 765/765/765
f 763/763/763 765/765/765 766/766/766
f 764/764/764 767/767/767 765/765/765
f 764/764/764 768/768/768 767/767/767
f 769/769/769 770/770/770 771/771/771
f 769/769/769 771/771/771 772/772/772
f 771/771/771 770/770/770 773/773/773
f 770/770/770 769/769/769 774/774/774
f 774/774/774 769/769/769 775/775/775
f 775/775/775 769/769/769 776/776/776
f 777/777/777 778/778/778 779/779/779
f 780/780/780 778/778/778 777/777/777
f 781/781/781 778/778/778 780/780/780
f 782/782/782 778/778/778 781/781/781
f 783/783/783 778/778/778 782/782/782
f 778/778/778 783/783/783 784/784/784
f 785/785/785 786/786/786 787/787/787
f 785/785/785 787/787/787 788/788/788
f 789/789/789 790/790/790 791/791/791
f 789/789/789 791/791/791 792/792/792
f 791/791/791 790/790/790 793/793/793
f 794/794/794 790/790/790 789/789/789
f 794/794/794 789/789/789 795/795/795
f 796/796/796 790/790/790 794/794/794
f 796/796/796 794/794/794 797/797/797
f 798/798/798 790/790/790 796/796/796
f 799/799/799 790/790/790 798/798/798
f 790/790/790 799/799/799 800/800/800
f 801/801/801 802/802/802 803/803/803
f 801/801/801 803/803/803 804/804/804
f 805/805/805 801/801/801 804/804/804
f 802/802/802 806/806/806 803/803/803
f 802/802/802 807/807/807 806/806/806
f 805/805/805 804/804/804 808/808/808
f 809/809/809 810/810/810 811/811/811
f 809/809/809 811/811/811 812/812/812
f 810/810/810 813/813/813 811/811/811
f 810/810/810 814/814/814 813/813/813
f 814/814/814 815/815/815 813/813/813
f 814/814/814 816/816/816 815/815/815
f 817/817/817 818/818/818 819/819/819
f 817/817/817 819/819/819 820/820/820
f 821/821/821 817/817/817 820/820/820
f 821/821/821 820/820/820 822/822/822
f 823/823/823 821/821/821 822/822/822
f 823/823/823 822/822/822 824/824/824
f 825/825/825 826/826/826 827/827/827
f 825/825/825 827/827/827 828/828/828
f 829/829/829 825/825/825 828/828/828
f 829/829/829 828/828/828 830/830/830
f 831/831/831 829/829/829 830/830/830
f 831/831/831 830/830/830 832/832/832
f 833/833/833 831/831/831 832/832/832
f 833/833/833 832/832/832 834/834/834
f 835/835/835 836/836/836 837/837/837
f 835/835/835 837/837/837 838/838/838
f 839/839/839 835/835/835 838/838/838
f 839/839/839 838/838/838 840/840/840
f 841/841/841 842/842/842 843/843/843
f 841/841/841 843/843/843 844/844/844
f 845/845/845 842/842/842 841/841/841
f 845/845/845 846/846/846 842/842/842
f 847/847/847 844/844/844 843/843/843
f 847/847/847 848/848/848 844/844/844
f 848/848/848 847/847/847 849/849/849
f 848/848/848 849/849/849 850/850/850
f 850/850/850 849/849/849 851/851/851
f 850/850/850 851/851/851 852/852/852
f 853/853/853 854/854/854 855/855/855
f 853/853/853 855/855/855 856/856/856
f 856/856/856 855/855/855 857/857/857
f 858/858/858 854/854/854 853/853/853
f 858/858/858 859/859/859 854/854/854
f 856/856/856 857/857/857 860/860/860
f 861/861/861 862/862/862 863/863/863
f 861/861/861 863/863/863 864/864/864
f 864/864/864 863/863/863 865/865/865
f 864/864/864 865/865/865 866/866/866
f 867/867/867 868/868/868 869/869/869
f 870/870/870 868/868/868 867/867/867
f 871/871/871 868/868/868 870/870/870
f 872/872/872 871/871/871 870/870/870
f 873/873/873 869/869/869 868/868/868
f 874/874/874 869/869/869 873/873/873
f 869/869/869 874/874/874 875/875/875
f 868/868/868 871/871/871 876/876/876
f 867/867/867 869/869/869 877/877/877
f 867/867/867 877/877/877 878/878/878
f 877/877/877 869/869/869 879/879/879
f 880/880/880 881/881/881 882/882/882
f 880/880/880 882/882/882 883/883/883
f 883/883/883 882/882/882 884/884/884
f 883/883/883 884/884/884 885/885/885
f 885/885/885 884/884/884 886/886/886
f 885/885/885 886/886/886 887/887/887
f 888/888/888 889/889/889 890/890/890
f 891/891/891 889/889/889 888/888/888
f 892/892/892 889/889/889 891/891/891
f 893/893/893 892/892/892 891/891/891
f 890/890/890 889/889/889 894/894/894
f 894/894/894 889/889/889 895/895/895
f 895/895/895 889/889/889 896/896/896
f 889/889/889 892/892/892 897/897/897
f 888/888/888 890/890/890 898/898/898
f 888/888/888 898/898/898 899/899/899
f 898/898/898 890/890/890 900/900/900
f 901/901/901 902/902/902 903/903/903
f 901/901/901 903/903/903 904/904/904
f 905/905/905 901/901/901 904/904/904
f 905/905/905 904/904/904 906/906/906
f 907/907/907 905/905/905 906/906/906
f 907/907/907 906/906/906 908/908/908
f 907/907/907 908/908/908 909/909/909
f 907/907/907 909/909/909 910/910/910
f 911/911/911 910/910/910 909/909/909
f 911/911/911 909/909/909 912/912/912
f 913/913/913 911/911/911 912/912/912
f 913/913/913 912/912/912 914/914/914
f 913/913/913 914/914/914 915/915/915
f 913/913/913 915/915/915 916/916/916
f 916/916/916 915/915/915 917/917/917
f 916/916/916 917/917/917 918/918/918
f 918/918/918 917/917/917 919/919/919
f 918/918/918 919/919/919 920/920/920
f 921/921/921 920/920/920 919/919/919
f 921/921/921 919/919/919 922/922/922
f 921/921/921 922/922/922 923/923/923
f 921/921/921 923/923/923 924/924/924
f 902/902/902 924/924/924 923/923/923
f 902/902/902 923/923/923 903/903/903
f 925/925/925 926/926/926 927/927/927
f 926/926/926 925/925/925 928/928/928
f 928/928/928 925/925/925 929/929/929
f 929/929/929 925/925/925 930/930/930
f 925/925/925 927/927/927 931/931/931
f 925/925/925 931/931/931 932/932/932
f 931/931/931 927/927/927 933/933/933
f 927/927/927 926/926/926 934/934/934
f 927/927/927 934/934/934 935/935/935
f 934/934/934 926/926/926 936/936/936
f 937/937/937 938/938/938 939/939/939
f 937/937/937 939/939/939 940/940/940
f 941/941/941 937/937/937 940/940/940
f 941/941/941 940/940/940 942/942/942
f 943/943/943 941/941/941 942/942/942
f 943/943/943 942/942/942 944/944/944
f 945/945/945 943/943/943 944/944/944
f 945/945/945 944/944/944 946/946/946
f 947/947/947 948/948/948 949/949/949
f 947/947/947 949/949/949 950/950/950
f 951/951/951 947/947/947 950/950/950
f 951/951/951 950/950/950 952/952/952
f 953/953/953 954/954/954 955/955/955
f 953/953/953 955/955/955 956/956/956
f 957/957/957 953/953/953 956/956/956
f 957/957/957 956/956/956 958/958/958
f 959/959/959 957/957/957 958/958/958
f 959/959/959 958/958/958 960/960/960
f 961/961/961 962/962/962 963/963/963
f 961/961/961 963/963/963 964/964/964
f 965/965/965 964/964/964 963/963/963
f 965/965/965 963/963/963 966/966/966
f 967/967/967 965/965/965 966/966/966
f 967/967/967 968/968/968 965/965/965
f 969/969/969 970/970/970 971/971/971
f 972/972/972 970/970/970 969/969/969
f 971/971/971 973/973/973 969/969/969
f 969/969/969 973/973/973 974/974/974
f 971/971/971 970/970/970 975/975/975
f 970/970/970 972/972/972 976/976/976
f 972/972/972 977/977/977 976/976/976
f 978/978/978 976/976/976 977/977/977
f 976/976/976 978/978/978 979/979/979
f 977/977/977 972/972/972 980/980/980
f 981/981/981 982/982/982 983/983/983
f 981/981/981 983/983/983 984/984/984
f 985/985/985 984/984/984 983/983/983
f 985/985/985 983/983/983 986/986/986
f 985/985/985 986/986/986 987/987/987
f 985/985/985 987/987/987 988/988/988
f 989/989/989 990/990/990 991/991/991
f 992/992/992 990/990/990 989/989/989
f 989/989/989 991/991/991 993/993/993
f 992/992/992 989/989/989 994/994/994
f 992/992/992 994/994/994 995/995/995
f 992/992/992 995/995/995 996/996/996
f 997/997/997 998/998/998 999/999/999
f 997/997/997 999/999/999 1000/1000/1000
f 997/997/997 1001/1001/1001 998/998/998
f 997/997/997 1002/1002/1002 1001/1001/1001
f 1003/1003/1003 1001/1001/1001 1002/1002/1002
f 1003/1003/1003 1004/1004/1004 1001/1001/1001
f 1005/1005/1005 1006/1006/1006 1007/1007/1007
f 1005/1005/1005 1007/1007/1007 1008/1008/1008
f 1008/1008/1008 1007/1007/1007 1009/1009/1009
f 1007/1007/1007 1006/1006/1006 1010/1010/1010
f 1007/1007/1007 1010/1010/1010 1011/1011/1011
f 1007/1007/1007 1011/1011/1011 1009/1009/1009
f 1010/1010/1010 1006/1006/1006 1012/1012/1012
f 1012/1012/1012 1011/1011/1011 1010/1010/1010
f 1012/1012/1012 1013/1013/1013 1011/1011/1011
f 1012/1012/1012 1006/1006/1006 1014/1014/1014
f 1012/1012/1012 1014/1014/1014 1013/1013/1013
f 1006/1006/1006 1005/1005/1005 1015/1015/1015
f 1015/1015/1015 1014/1014/1014 1006/1006/1006
f 1015/1015/1015 1016/1016/1016 1014/1014/1014
f 1017/1017/1017 1015/1015/1015 1005/1005/1005
f 1017/1017/1017 1005/1005/1005 1018/1018/1018
f 1008/1008/1008 1018/1018/1018 1005/1005/1005
f 1008/1008/1008 1019/1019/1019 1018/1018/1018
f 1008/1008/1008 1009/1009/1009 1019/1019/1019
f 1020/1020/1020 1015/1015/1015 1017/1017/1017
f 1020/1020/1020 1017/1017/1017 1021/1021/1021
f 1020/1020/1020 1021/1021/1021 1022/1022/1022
f 1021/1021/1021 1017/1017/1017 1023/1023/1023
f 1023/1023/1023 1022/1022/1022 1021/1021/1021
f 1023/1023/1023 1024/1024/1024 1022/1022/1022
f 1023/1023/1023 1017/1017/1017 1025/1025/1025
f 1023/1023/1023 1025/1025/1025 1024/1024/1024
f 1017/1017/1017 1018/1018/1018 1025/1025/1025
f 1015/1015/1015 1020/1020/1020 1026/1026/1026
f 1026/1026/1026 1016/1016/1016 1015/1015/1015
f 1026/1026/1026 1027/1027/1027 1016/1016/1016
f 1026/1026/1026 1020/1020/1020 1028/1028/1028
f 1026/1026/1026 1028/1028/1028 1027/1027/1027
f 1020/1020/1020 1022/1022/1022 1028/1028/1028
f 1029/1029/1029 1030/1030/1030 1031/1031/1031
f 1032/1032/1032 1030/1030/1030 1029/1029/1029
f 1029/1029/1029 1031/1031/1031 1033/1033/1033
f 1033/1033/1033 1031/1031/1031 1034/1034/1034
f 1031/1031/1031 1030/1030/1030 1034/1034/1034
f 1033/1033/1033 1034/1034/1034 1035/1035/1035
f 1034/1034/1034 1036/1036/1036 1035/1035/1035
f 1034/1034/1034 1037/1037/1037 1036/1036/1036
f 1034/1034/1034 1030/1030/1030 1037/1037/1037
f 1037/1037/1037 1030/1030/1030 1038/1038/1038
f 1037/1037/1037 1038/1038/1038 1039/1039/1039
f 1037/1037/1037 1039/1039/1039 1036/1036/1036
f 1040/1040/1040 1038/1038/1038 1030/1030/1030
f 1038/1038/1038 1040/1040/1040 1041/1041/1041
f 1038/1038/1038 1041/1041/1041 1042/1042/1042
f 1038/1038/1038 1042/1042/1042 1039/1039/1039
f 1040/1040/1040 1043/1043/1043 1041/1041/1041
f 1044/1044/1044 1043/1043/1043 1040/1040/1040
f 1043/1043/1043 1044/1044/1044 1045/1045/1045
f 1045/1045/1045 1044/1044/1044 1046/1046/1046
f 1045/1045/1045 1046/1046/1046 1047/1047/1047
f 1047/1047/1047 1046/1046/1046 1048/1048/1048
f 1048/1048/1048 1046/1046/1046 1049/1049/1049
f 1050/1050/1050 1046/1046/1046 1044/1044/1044
f 1051/1051/1051 1046/1046/1046 1050/1050/1050
f 1046/1046/1046 1051/1051/1051 1052/1052/1052
f 1040/1040/1040 1030/1030/1030 1053/1053/1053
f 1030/1030/1030 1054/1054/1054 1053/1053/1053
f 1054/1054/1054 1030/1030/1030 1032/1032/1032
f 1055/1055/1055 1056/1056/1056 1057/1057/1057
f 1056/1056/1056 1055/1055/1055 1058/1058/1058
f 1055/1055/1055 1057/1057/1057 1059/1059/1059
f 1060/1060/1060 1059/1059/1059 1057/1057/1057
f 1060/1060/1060 1057/1057/1057 1061/1061/1061
f 1062/1062/1062 1060/1060/1060 1061/1061/1061
f 1062/1062/1062 1061/1061/1061 1063/1063/1063
f 1064/1064/1064 1062/1062/1062 1063/1063/1063
f 1064/1064/1064 1063/1063/1063 1065/1065/1065
f 1066/1066/1066 1064/1064/1064 1065/1065/1065
f 1066/1066/1066 1065/1065/1065 1067/1067/1067
f 1068/1068/1068 1066/1066/1066 1067/1067/1067
f 1068/1068/1068 1067/1067/1067 1069/1069/1069
f 1070/1070/1070 1068/1068/1068 1069/1069/1069
f 1070/1070/1070 1069/1069/1069 1071/1071/1071
f 1056/1056/1056 1058/1058/1058 1072/1072/1072
f 1073/1073/1073 1074/1074/1074 1057/1057/1057
f 1073/1073/1073 1057/1057/1057 1056/1056/1056
f 1075/1075/1075 1076/1076/1076 1077/1077/1077
f 1075/1075/1075 1077/1077/1077 1078/1078/1078
f 1076/1076/1076 1079/1079/1079 1077/1077/1077
f 1076/1076/1076 1080/1080/1080 1079/1079/1079
f 1080/1080/1080 1081/1081/1081 1079/1079/1079
f 1080/1080/1080 1082/1082/1082 1081/1081/1081
f 1082/1082/1082 1083/1083/1083 1081/1081/1081
f 1082/1082/1082 1084/1084/1084 1083/1083/1083
f 1085/1085/1085 1086/1086/1086 1087/1087/1087
f 1085/1085/1085 1087/1087/1087 1088/1088/1088
f 1086/1086/1086 1089/1089/1089 1087/1087/1087
f 1086/1086/1086 1090/1090/1090 1089/1089/1089
f 1090/1090/1090 1091/1091/1091 1089/1089/1089
f 1090/1090/1090 1092/1092/1092 1091/1091/1091
f 1092/1092/1092 1093/1093/1093 1091/1091/1091
f 1092/1092/1092 1094/1094/1094 1093/1093/1093
f 1094/1094/1094 1095/1095/1095 1093/1093/1093
f 1094/1094/1094 1096/1096/1096 1095/1095/1095
f 1097/1097/1097 1098/1098/1098 1099/1099/1099
f 1097/1097/1097 1099/1099/1099 1100/1100/1100
f 1098/1098/1098 1101/1101/1101 1099/1099/1099
f 1098/1098/1098 1102/1102/1102 1101/1101/1101
f 1102/1102/1102 1103/1103/1103 1101/1101/1101
f 1102/1102/1102 1104/1104/1104 1103/1103/1103
f 1104/1104/1104 1105/1105/1105 1103/1103/1103
f 1104/1104/1104 1106/1106/1106 1105/1105/1105
f 1107/1107/1107 1101/1101/1101 1103/1103/1103
f 1107/1107/1107 1108/1108/1108 1101/1101/1101
f 1109/1109/1109 1110/1110/1110 1111/1111/1111
f 1109/1109/1109 1111/1111/1111 1112/1112/1112
f 1113/1113/1113 1111/1111/1111 1110/1110/1110
f 1113/1113/1113 1114/1114/1114 1111/1111/1111
f 1115/1115/1115 1114/1114/1114 1113/1113/1113
f 1115/1115/1115 1116/1116/1116 1114/1114/1114
f 1117/1117/1117 1116/1116/1116 1115/1115/1115
f 1117/1117/1117 1118/1118/1118 1116/1116/1116
f 1117/1117/1117 1119/1119/1119 1118/1118/1118
f 1117/1117/1117 1120/1120/1120 1119/1119/1119
f 1115/1115/1115 1120/1120/1120 1117/1117/1117
f 1115/1115/1115 1121/1121/1121 1120/1120/1120
f 1113/1113/1113 1121/1121/1121 1115/1115/1115
f 1122/1122/1122 1109/1109/1109 1112/1112/1112
f 1122/1122/1122 1123/1123/1123 1109/1109/1109
f 1124/1124/1124 1123/1123/1123 1122/1122/1122
f 1124/1124/1124 1122/1122/1122 1125/1125/1125
f 1124/1124/1124 1126/1126/1126 1123/1123/1123
f 1127/1127/1127 1126/1126/1126 1124/1124/1124
f 1123/1123/1123 1126/1126/1126 1109/1109/1109
f 1126/1126/1126 1128/1128/1128 1109/1109/1109
f 1121/1121/1121 1128/1128/1128 1129/1129/1129
f 1130/1130/1130 1129/1129/1129 1128/1128/1128
f 1130/1130/1130 1128/1128/1128 1126/1126/1126
f 1130/1130/1130 1126/1126/1126 1131/1131/1131
f 1126/1126/1126 1127/1127/1127 1131/1131/1131
f 1121/1121/1121 1129/1129/1129 1132/1132/1132
f 1121/1121/1121 1132/1132/1132 1133/1133/1133
f 1121/1121/1121 1133/1133/1133 1134/1134/1134
f 1135/1135/1135 1134/1134/1134 1133/1133/1133
f 1135/1135/1135 1121/1121/1121 1134/1134/1134
f 1135/1135/1135 1133/1133/1133 1136/1136/1136
f 1137/1137/1137 1135/1135/1135 1136/1136/1136
f 1137/1137/1137 1136/1136/1136 1138/1138/1138
f 1130/1130/1130 1131/1131/1131 1139/1139/1139
f 1131/1131/1131 1140/1140/1140 1139/1139/1139
f 1131/1131/1131 1141/1141/1141 1140/1140/1140
f 1141/1141/1141 1131/1131/1131 1127/1127/1127
f 1141/1141/1141 1142/1142/1142 1140/1140/1140
f 1141/1141/1141 1143/1143/1143 1142/1142/1142
f 1143/1143/1143 1144/1144/1144 1142/1142/1142
f 1143/1143/1143 1145/1145/1145 1144/1144/1144
f 1146/1146/1146 1144/1144/1144 1145/1145/1145
f 1146/1146/1146 1147/1147/1147 1144/1144/1144
f 1148/1148/1148 1147/1147/1147 1146/1146/1146
f 1148/1148/1148 1149/1149/1149 1147/1147/1147
f 1148/1148/1148 1150/1150/1150 1149/1149/1149
f 1148/1148/1148 1127/1127/1127 1150/1150/1150
f 1145/1145/1145 1127/1127/1127 1146/1146/1146
f 1146/1146/1146 1127/1127/1127 1148/1148/1148
f 1145/1145/1145 1143/1143/1143 1127/1127/1127
f 1141/1141/1141 1127/1127/1127 1143/1143/1143
f 1120/1120/1120 1121/1121/1121 1137/1137/1137
f 1137/1137/1137 1121/1121/1121 1135/1135/1135
f 1121/1121/1121 1113/1113/1113 1128/1128/1128
f 1110/1110/1110 1128/1128/1128 1113/1113/1113
f 1109/1109/1109 1128/1128/1128 1110/1110/1110
f 1151/1151/1151 1152/1152/1152 1153/1153/1153
f 1154/1154/1154 1152/1152/1152 1151/1151/1151
f 1151/1151/1151 1153/1153/1153 1155/1155/1155
f 1155/1155/1155 1153/1153/1153 1156/1156/1156
f 1152/1152/1152 1157/1157/1157 1153/1153/1153
f 1152/1152/1152 1158/1158/1158 1157/1157/1157
f 1159/1159/1159 1158/1158/1158 1152/1152/1152
f 1159/1159/1159 1152/1152/1152 1154/1154/1154
f 1153/1153/1153 1157/1157/1157 1160/1160/1160
f 1153/1153/1153 1160/1160/1160 1156/1156/1156
f 1158/1158/1158 1161/1161/1161 1157/1157/1157
f 1161/1161/1161 1160/1160/1160 1157/1157/1157
f 1158/1158/1158 1162/1162/1162 1161/1161/1161
f 1159/1159/1159 1162/1162/1162 1158/1158/1158
f 1159/1159/1159 1163/1163/1163 1162/1162/1162
f 1161/1161/1161 1164/1164/1164 1160/1160/1160
f 1162/1162/1162 1165/1165/1165 1161/1161/1161
f 1162/1162/1162 1166/1166/1166 1165/1165/1165
f 1167/1167/1167 1166/1166/1166 1162/1162/1162
f 1167/1167/1167 1162/1162/1162 1163/1163/1163
f 1161/1161/1161 1165/1165/1165 1168/1168/1168
f 1161/1161/1161 1168/1168/1168 1164/1164/1164
f 1166/1166/1166 1169/1169/1169 1165/1165/1165
f 1166/1166/1166 1170/1170/1170 1169/1169/1169
f 1171/1171/1171 1170/1170/1170 1166/1166/1166
f 1171/1171/1171 1166/1166/1166 1167/1167/1167
f 1172/1172/1172 1171/1171/1171 1167/1167/1167
f 1165/1165/1165 1169/1169/1169 1173/1173/1173
f 1165/1165/1165 1173/1173/1173 1168/1168/1168
f 1168/1168/1168 1173/1173/1173 1174/1174/1174
f 1170/1170/1170 1175/1175/1175 1169/1169/1169
f 1175/1175/1175 1173/1173/1173 1169/1169/1169
f 1170/1170/1170 1176/1176/1176 1175/1175/1175
f 1171/1171/1171 1176/1176/1176 1170/1170/1170
f 1171/1171/1171 1177/1177/1177 1176/1176/1176
f 1172/1172/1172 1177/1177/1177 1171/1171/1171
f 1172/1172/1172 1178/1178/1178 1177/1177/1177
f 1175/1175/1175 1179/1179/1179 1173/1173/1173
f 1179/1179/1179 1174/1174/1174 1173/1173/1173
f 1179/1179/1179 1180/1180/1180 1174/1174/1174
f 1172/1172/1172 1167/1167/1167 1181/1181/1181
f 1168/1168/1168 1174/1174/1174 1182/1182/1182
f 1183/1183/1183 1184/1184/1184 1185/1185/1185
f 1186/1186/1186 1184/1184/1184 1183/1183/1183
f 1183/1183/1183 1185/1185/1185 1187/1187/1187
f 1188/1188/1188 1183/1183/1183 1187/1187/1187
f 1189/1189/1189 1183/1183/1183 1188/1188/1188
f 1186/1186/1186 1183/1183/1183 1189/1189/1189
f 1187/1187/1187 1185/1185/1185 1190/1190/1190
f 1184/1184/1184 1191/1191/1191 1185/1185/1185
f 1184/1184/1184 1192/1192/1192 1191/1191/1191
f 1193/1193/1193 1192/1192/1192 1184/1184/1184
f 1193/1193/1193 1184/1184/1184 1186/1186/1186
f 1185/1185/1185 1191/1191/1191 1194/1194/1194
f 1185/1185/1185 1194/1194/1194 1190/1190/1190
f 1192/1192/1192 1195/1195/1195 1191/1191/1191
f 1192/1192/1192 1196/1196/1196 1195/1195/1195
f 1197/1197/1197 1196/1196/1196 1192/1192/1192
f 1197/1197/1197 1192/1192/1192 1193/1193/1193
f 1198/1198/1198 1197/1197/1197 1193/1193/1193
f 1191/1191/1191 1195/1195/1195 1199/1199/1199
f 1191/1191/1191 1199/1199/1199 1194/1194/1194
f 1194/1194/1194 1199/1199/1199 1200/1200/1200
f 1196/1196/1196 1201/1201/1201 1195/1195/1195
f 1196/1196/1196 1202/1202/1202 1201/1201/1201
f 1203/1203/1203 1202/1202/1202 1196/1196/1196
f 1203/1203/1203 1196/1196/1196 1197/1197/1197
f 1204/1204/1204 1203/1203/1203 1197/1197/1197
f 1204/1204/1204 1197/1197/1197 1198/1198/1198
f 1195/1195/1195 1201/1201/1201 1205/1205/1205
f 1195/1195/1195 1205/1205/1205 1199/1199/1199
f 1199/1199/1199 1205/1205/1205 1206/1206/1206
f 1199/1199/1199 1206/1206/1206 1200/1200/1200
f 1202/1202/1202 1207/1207/1207 1201/1201/1201
f 1202/1202/1202 1208/1208/1208 1207/1207/1207
f 1209/1209/1209 1208/1208/1208 1202/1202/1202
f 1209/1209/1209 1202/1202/1202 1203/1203/1203
f 1201/1201/1201 1207/1207/1207 1210/1210/1210
f 1201/1201/1201 1210/1210/1210 1205/1205/1205
f 1198/1198/1198 1193/1193/1193 1211/1211/1211
f 1194/1194/1194 1200/1200/1200 1212/1212/1212
f 1213/1213/1213 1214/1214/1214 1215/1215/1215
f 1213/1213/1213 1215/1215/1215 1216/1216/1216
f 1216/1216/1216 1215/1215/1215 1217/1217/1217
f 1218/1218/1218 1214/1214/1214 1213/1213/1213
f 1218/1218/1218 1219/1219/1219 1214/1214/1214
f 1214/1214/1214 1219/1219/1219 1220/1220/1220
f 1216/1216/1216 1217/1217/1217 1221/1221/1221
f 1221/1221/1221 1217/1217/1217 1222/1222/1222
f 1222/1222/1222 1217/1217/1217 1223/1223/1223
f 1215/1215/1215 1223/1223/1223 1217/1217/1217
f 1215/1215/1215 1224/1224/1224 1223/1223/1223
f 1214/1214/1214 1224/1224/1224 1215/1215/1215
f 1214/1214/1214 1225/1225/1225 1224/1224/1224
f 1214/1214/1214 1220/1220/1220 1225/1225/1225
f 1221/1221/1221 1222/1222/1222 1226/1226/1226
f 1226/1226/1226 1222/1222/1222 1227/1227/1227
f 1226/1226/1226 1227/1227/1227 1228/1228/1228
f 1228/1228/1228 1227/1227/1227 1229/1229/1229
f 1228/1228/1228 1229/1229/1229 1230/1230/1230
f 1227/1227/1227 1231/1231/1231 1229/1229/1229
f 1227/1227/1227 1232/1232/1232 1231/1231/1231
f 1222/1222/1222 1232/1232/1232 1227/1227/1227
f 1222/1222/1222 1233/1233/1233 1232/1232/1232
f 1222/1222/1222 1223/1223/1223 1233/1233/1233
f 1233/1233/1233 1223/1223/1223 1234/1234/1234
f 1224/1224/1224 1234/1234/1234 1223/1223/1223
f 1224/1224/1224 1235/1235/1235 1234/1234/1234
f 1232/1232/1232 1236/1236/1236 1231/1231/1231
f 1232/1232/1232 1237/1237/1237 1236/1236/1236
f 1233/1233/1233 1237/1237/1237 1232/1232/1232
f 1233/1233/1233 1238/1238/1238 1237/1237/1237
f 1233/1233/1233 1234/1234/1234 1238/1238/1238
f 1230/1230/1230 1239/1239/1239 1228/1228/1228
f 1230/1230/1230 1240/1240/1240 1239/1239/1239
f 1228/1228/1228 1239/1239/1239 1241/1241/1241
f 1228/1228/1228 1241/1241/1241 1226/1226/1226
f 1226/1226/1226 1241/1241/1241 1242/1242/1242
f 1240/1240/1240 1243/1243/1243 1239/1239/1239
f 1240/1240/1240 1244/1244/1244 1243/1243/1243
f 1221/1221/1221 1242/1242/1242 1245/1245/1245
f 1221/1221/1221 1245/1245/1245 1216/1216/1216
f 1216/1216/1216 1245/1245/1245 1246/1246/1246
f 1242/1242/1242 1247/1247/1247 1245/1245/1245
f 1242/1242/1242 1248/1248/1248 1247/1247/1247
f 1245/1245/1245 1247/1247/1247 1249/1249/1249
f 1245/1245/1245 1249/1249/1249 1246/1246/1246
f 1246/1246/1246 1249/1249/1249 1250/1250/1250
f 1246/1246/1246 1250/1250/1250 1251/1251/1251
f 1213/1213/1213 1246/1246/1246 1251/1251/1251
f 1216/1216/1216 1246/1246/1246 1213/1213/1213
f 1213/1213/1213 1251/1251/1251 1218/1218/1218
f 1226/1226/1226 1242/1242/1242 1221/1221/1221
f 1252/1252/1252 1253/1253/1253 1254/1254/1254
f 1252/1252/1252 1254/1254/1254 1255/1255/1255
f 1256/1256/1256 1252/1252/1252 1255/1255/1255
f 1253/1253/1253 1257/1257/1257 1254/1254/1254
f 1253/1253/1253 1258/1258/1258 1257/1257/1257
f 1259/1259/1259 1254/1254/1254 1257/1257/1257
f 1259/1259/1259 1255/1255/1255 1254/1254/1254
f 1259/1259/1259 1260/1260/1260 1255/1255/1255
f 1258/1258/1258 1261/1261/1261 1257/1257/1257
f 1258/1258/1258 1262/1262/1262 1261/1261/1261
f 1262/1262/1262 1263/1263/1263 1261/1261/1261
f 1262/1262/1262 1264/1264/1264 1263/1263/1263
f 1256/1256/1256 1255/1255/1255 1265/1265/1265
f 1260/1260/1260 1265/1265/1265 1255/1255/1255
f 1266/1266/1266 1256/1256/1256 1265/1265/1265
f 1260/1260/1260 1267/1267/1267 1265/1265/1265
f 1266/1266/1266 1265/1265/1265 1268/1268/1268
f 1269/1269/1269 1268/1268/1268 1265/1265/1265
f 1269/1269/1269 1265/1265/1265 1267/1267/1267
f 1270/1270/1270 1256/1256/1256 1266/1266/1266
f 1270/1270/1270 1271/1271/1271 1256/1256/1256
f 1272/1272/1272 1271/1271/1271 1270/1270/1270
f 1272/1272/1272 1273/1273/1273 1271/1271/1271
f 1274/1274/1274 1261/1261/1261 1263/1263/1263
f 1274/1274/1274 1275/1275/1275 1261/1261/1261
f 1276/1276/1276 1275/1275/1275 1274/1274/1274
f 1276/1276/1276 1277/1277/1277 1275/1275/1275
f 1273/1273/1273 1278/1278/1278 1271/1271/1271
f 1273/1273/1273 1279/1279/1279 1278/1278/1278
f 1271/1271/1271 1278/1278/1278 1252/1252/1252
f 1279/1279/1279 1280/1280/1280 1278/1278/1278
f 1279/1279/1279 1281/1281/1281 1280/1280/1280
f 1278/1278/1278 1280/1280/1280 1253/1253/1253
f 1278/1278/1278 1253/1253/1253 1252/1252/1252
f 1271/1271/1271 1252/1252/1252 1256/1256/1256
f 1277/1277/1277 1282/1282/1282 1275/1275/1275
f 1277/1277/1277 1283/1283/1283 1282/1282/1282
f 1275/1275/1275 1282/1282/1282 1257/1257/1257
f 1275/1275/1275 1257/1257/1257 1261/1261/1261
f 1284/1284/1284 1282/1282/1282 1283/1283/1283
f 1284/1284/1284 1259/1259/1259 1282/1282/1282
f 1259/1259/1259 1257/1257/1257 1282/1282/1282
f 1280/1280/1280 1258/1258/1258 1253/1253/1253
f 1280/1280/1280 1285/1285/1285 1258/1258/1258
f 1285/1285/1285 1262/1262/1262 1258/1258/1258
f 1285/1285/1285 1286/1286/1286 1262/1262/1262
f 1286/1286/1286 1264/1264/1264 1262/1262/1262
f 1286/1286/1286 1287/1287/1287 1264/1264/1264
f 1288/1288/1288 1287/1287/1287 1286/1286/1286
f 1288/1288/1288 1289/1289/1289 1287/1287/1287
f 1284/1284/1284 1260/1260/1260 1259/1259/1259
f 1284/1284/1284 1290/1290/1290 1260/1260/1260
f 1291/1291/1291 1292/1292/1292 1293/1293/1293
f 1294/1294/1294 1292/1292/1292 1291/1291/1291
f 1295/1295/1295 1292/1292/1292 1294/1294/1294
f 1292/1292/1292 1295/1295/1295 1296/1296/1296
f 1295/1295/1295 1297/1297/1297 1296/1296/1296
f 1296/1296/1296 1297/1297/1297 1298/1298/1298
f 1299/1299/1299 1295/1295/1295 1294/1294/1294
f 1295/1295/1295 1299/1299/1299 1300/1300/1300
f 1299/1299/1299 1301/1301/1301 1300/1300/1300
f 1300/1300/1300 1301/1301/1301 1302/1302/1302
f 1302/1302/1302 1301/1301/1301 1303/1303/1303
f 1301/1301/1301 1299/1299/1299 1304/1304/1304
f 1299/1299/1299 1305/1305/1305 1304/1304/1304
f 1304/1304/1304 1305/1305/1305 1306/1306/1306
f 1307/1307/1307 1187/1187/1187 1308/1308/1308
f 1188/1188/1188 1187/1187/1187 1307/1307/1307
f 1307/1307/1307 1308/1308/1308 1309/1309/1309
f 1187/1187/1187 1190/1190/1190 1308/1308/1308
f 1189/1189/1189 1188/1188/1188 1310/1310/1310
f 1311/1311/1311 1312/1312/1312 1313/1313/1313
f 1313/1313/1313 1312/1312/1312 1314/1314/1314
f 1312/1312/1312 1315/1315/1315 1314/1314/1314
f 1314/1314/1314 1315/1315/1315 1316/1316/1316
f 1317/1317/1317 1312/1312/1312 1311/1311/1311
f 1312/1312/1312 1317/1317/1317 1318/1318/1318
f 1311/1311/1311 1313/1313/1313 1319/1319/1319
f 1319/1319/1319 1313/1313/1313 1320/1320/1320
f 1318/1318/1318 1317/1317/1317 1321/1321/1321
f 1321/1321/1321 1322/1322/1322 1318/1318/1318
f 1318/1318/1318 1322/1322/1322 1323/1323/1323
f 1321/1321/1321 1317/1317/1317 1324/1324/1324
f 1324/1324/1324 1317/1317/1317 1325/1325/1325
f 1325/1325/1325 1317/1317/1317 1326/1326/1326
f 1327/1327/1327 1328/1328/1328 1329/1329/1329
f 1329/1329/1329 1328/1328/1328 1330/1330/1330
f 1327/1327/1327 1329/1329/1329 1331/1331/1331
f 1332/1332/1332 1327/1327/1327 1331/1331/1331
f 1329/1329/1329 1330/1330/1330 1333/1333/1333
f 1332/1332/1332 1331/1331/1331 1334/1334/1334
f 1335/1335/1335 1336/1336/1336 1337/1337/1337
f 1335/1335/1335 1337/1337/1337 1338/1338/1338
f 1339/1339/1339 1338/1338/1338 1337/1337/1337
f 1339/1339/1339 1340/1340/1340 1338/1338/1338
f 1341/1341/1341 1340/1340/1340 1339/1339/1339
f 1341/1341/1341 1342/1342/1342 1340/1340/1340
f 1343/1343/1343 1336/1336/1336 1335/1335/1335
f 1343/1343/1343 1344/1344/1344 1336/1336/1336
f 1345/1345/1345 1344/1344/1344 1343/1343/1343
f 1345/1345/1345 1346/1346/1346 1344/1344/1344
f 1347/1347/1347 1348/1348/1348 1349/1349/1349
f 1347/1347/1347 1349/1349/1349 1350/1350/1350
f 1348/1348/1348 1351/1351/1351 1349/1349/1349
f 1348/1348/1348 1352/1352/1352 1351/1351/1351
f 1352/1352/1352 1353/1353/1353 1351/1351/1351
f 1352/1352/1352 1354/1354/1354 1353/1353/1353
f 1350/1350/1350 1355/1355/1355 1347/1347/1347
f 1350/1350/1350 1356/1356/1356 1355/1355/1355
f 1356/1356/1356 1357/1357/1357 1355/1355/1355
f 1356/1356/1356 1358/1358/1358 1357/1357/1357
f 1359/1359/1359 1360/1360/1360 1361/1361/1361
f 1362/1362/1362 1359/1359/1359 1361/1361/1361
f 1359/1359/1359 1362/1362/1362 1363/1363/1363
f 1364/1364/1364 1359/1359/1359 1363/1363/1363
f 1359/1359/1359 1364/1364/1364 1365/1365/1365
f 1364/1364/1364 1366/1366/1366 1365/1365/1365
f 1365/1365/1365 1366/1366/1366 1367/1367/1367
f 1367/1367/1367 1366/1366/1366 1368/1368/1368
f 1366/1366/1366 1364/1364/1364 1369/1369/1369
f 1364/1364/1364 1370/1370/1370 1369/1369/1369
f 1369/1369/1369 1370/1370/1370 1371/1371/1371
f 1363/1363/1363 1362/1362/1362 1372/1372/1372
f 1372/1372/1372 1362/1362/1362 1373/1373/1373
f 1361/1361/1361 1360/1360/1360 1374/1374/1374
f 1375/1375/1375 1376/1376/1376 1377/1377/1377
f 1377/1377/1377 1376/1376/1376 1378/1378/1378
f 1375/1375/1375 1377/1377/1377 1379/1379/1379
f 1380/1380/1380 1375/1375/1375 1379/1379/1379
f 1377/1377/1377 1378/1378/1378 1381/1381/1381
f 1380/1380/1380 1379/1379/1379 1382/1382/1382
f 1383/1383/1383 1384/1384/1384 1385/1385/1385
f 1386/1386/1386 1383/1383/1383 1385/1385/1385
f 1383/1383/1383 1386/1386/1386 1387/1387/1387
f 1388/1388/1388 1383/1383/1383 1387/1387/1387
f 1383/1383/1383 1388/1388/1388 1389/1389/1389
f 1388/1388/1388 1390/1390/1390 1389/1389/1389
f 1389/1389/1389 1390/1390/1390 1391/1391/1391
f 1391/1391/1391 1390/1390/1390 1392/1392/1392
f 1390/1390/1390 1388/1388/1388 1393/1393/1393
f 1388/1388/1388 1394/1394/1394 1393/1393/1393
f 1393/1393/1393 1394/1394/1394 1395/1395/1395
f 1387/1387/1387 1386/1386/1386 1396/1396/1396
f 1396/1396/1396 1386/1386/1386 1397/1397/1397
f 1385/1385/1385 1384/1384/1384 1398/1398/1398
f 1399/1399/1399 1400/1400/1400 1401/1401/1401
f 1402/1402/1402 1400/1400/1400 1399/1399/1399
f 1403/1403/1403 1400/1400/1400 1402/1402/1402
f 1403/1403/1403 1402/1402/1402 1404/1404/1404
f 1403/1403/1403 1404/1404/1404 1405/1405/1405
f 1406/1406/1406 1405/1405/1405 1404/1404/1404
f 1406/1406/1406 1404/1404/1404 1407/1407/1407
f 1408/1408/1408 1406/1406/1406 1407/1407/1407
f 1408/1408/1408 1407/1407/1407 1409/1409/1409
f 1410/1410/1410 1408/1408/1408 1409/1409/1409
f 1410/1410/1410 1409/1409/1409 1411/1411/1411
f 1412/1412/1412 1410/1410/1410 1411/1411/1411
f 1412/1412/1412 1413/1413/1413 1410/1410/1410
f 1413/1413/1413 1412/1412/1412 1414/1414/1414
f 1413/1413/1413 1414/1414/1414 1415/1415/1415
f 1416/1416/1416 1415/1415/1415 1414/1414/1414
f 1416/1416/1416 1414/1414/1414 1417/1417/1417
f 1418/1418/1418 1416/1416/1416 1417/1417/1417
f 1418/1418/1418 1417/1417/1417 1419/1419/1419
f 1419/1419/1419 1420/1420/1420 1418/1418/1418
f 1419/1419/1419 1421/1421/1421 1420/1420/1420
f 1421/1421/1421 1422/1422/1422 1420/1420/1420
f 1421/1421/1421 1423/1423/1423 1422/1422/1422
f 1422/1422/1422 1423/1423/1423 1424/1424/1424
f 1424/1424/1424 1423/1423/1423 1425/1425/1425
f 1424/1424/1424 1425/1425/1425 1426/1426/1426
f 1426/1426/1426 1425/1425/1425 1427/1427/1427
f 1426/1426/1426 1427/1427/1427 1428/1428/1428
f 1429/1429/1429 1428/1428/1428 1427/1427/1427
f 1429/1429/1429 1427/1427/1427 1430/1430/1430
f 1431/1431/1431 1429/1429/1429 1430/1430/1430
f 1431/1431/1431 1430/1430/1430 1432/1432/1432
f 1431/1431/1431 1432/1432/1432 1433/1433/1433
f 1431/1431/1431 1433/1433/1433 1434/1434/1434
f 1434/1434/1434 1433/1433/1433 1435/1435/1435
f 1434/1434/1434 1435/1435/1435 1436/1436/1436
f 1436/1436/1436 1435/1435/1435 1437/1437/1437
f 1436/1436/1436 1437/1437/1437 1438/1438/1438
f 1438/1438/1438 1437/1437/1437 1439/1439/1439
f 1438/1438/1438 1439/1439/1439 1440/1440/1440
f 1440/1440/1440 1439/1439/1439 1441/1441/1441
f 1440/1440/1440 1441/1441/1441 1442/1442/1442
f 1443/1443/1443 1442/1442/1442 1441/1441/1441
f 1443/1443/1443 1441/1441/1441 1444/1444/1444
f 1443/1443/1443 1444/1444/1444 1445/1445/1445
f 1443/1443/1443 1445/1445/1445 1446/1446/1446
f 1446/1446/1446 1445/1445/1445 1447/1447/1447
f 1446/1446/1446 1447/1447/1447 1448/1448/1448
f 1448/1448/1448 1447/1447/1447 1449/1449/1449
f 1448/1448/1448 1449/1449/1449 1450/1450/1450
f 1451/1451/1451 1450/1450/1450 1449/1449/1449
f 1451/1451/1451 1449/1449/1449 1452/1452/1452
f 1451/1451/1451 1452/1452/1452 1453/1453/1453
f 1451/1451/1451 1453/1453/1453 1454/1454/1454
f 1453/1453/1453 1455/1455/1455 1454/1454/1454
f 1456/1456/1456 1455/1455/1455 1453/1453/1453
f 1457/1457/1457 1455/1455/1455 1456/1456/1456
f 1401/1401/1401 1457/1457/1457 1456/1456/1456
f 1401/1401/1401 1456/1456/1456 1399/1399/1399
f 1458/1458/1458 1459/1459/1459 1460/1460/1460
f 1459/1459/1459 1458/1458/1458 1461/1461/1461
f 1462/1462/1462 1461/1461/1461 1458/1458/1458
f 1459/1459/1459 1463/1463/1463 1460/1460/1460
f 1462/1462/1462 1458/1458/1458 1464/1464/1464
f 1465/1465/1465 1462/1462/1462 1464/1464/1464
f 1465/1465/1465 1464/1464/1464 1466/1466/1466
f 1465/1465/1465 1466/1466/1466 1467/1467/1467
f 1465/1465/1465 1467/1467/1467 1468/1468/1468
f 1468/1468/1468 1467/1467/1467 1469/1469/1469
f 1468/1468/1468 1469/1469/1469 1470/1470/1470
f 1471/1471/1471 1470/1470/1470 1469/1469/1469
f 1472/1472/1472 1460/1460/1460 1463/1463/1463
f 1472/1472/1472 1473/1473/1473 1460/1460/1460
f 1474/1474/1474 1473/1473/1473 1472/1472/1472
f 1474/1474/1474 1475/1475/1475 1473/1473/1473
f 1476/1476/1476 1475/1475/1475 1474/1474/1474
f 1476/1476/1476 1477/1477/1477 1475/1475/1475
f 1476/1476/1476 1478/1478/1478 1477/1477/1477
f 1476/1476/1476 1479/1479/1479 1478/1478/1478
f 1479/1479/1479 1480/1480/1480 1478/1478/1478
f 1479/1479/1479 1481/1481/1481 1480/1480/1480
f 1471/1471/1471 1469/1469/1469 1482/1482/1482
f 1483/1483/1483 1471/1471/1471 1482/1482/1482
f 1484/1484/1484 1480/1480/1480 1481/1481/1481
f 1484/1484/1484 1485/1485/1485 1480/1480/1480
f 1483/1483/1483 1482/1482/1482 1486/1486/1486
f 1487/1487/1487 1483/1483/1483 1486/1486/1486
f 1487/1487/1487 1486/1486/1486 1488/1488/1488
f 1489/1489/1489 1487/1487/1487 1488/1488/1488
f 1489/1489/1489 1488/1488/1488 1490/1490/1490
f 1491/1491/1491 1489/1489/1489 1490/1490/1490
f 1491/1491/1491 1490/1490/1490 1492/1492/1492
f 1491/1491/1491 1492/1492/1492 1493/1493/1493
f 1491/1491/1491 1493/1493/1493 1494/1494/1494
f 1495/1495/1495 1494/1494/1494 1493/1493/1493
f 1495/1495/1495 1493/1493/1493 1496/1496/1496
f 1497/1497/1497 1495/1495/1495 1496/1496/1496
f 1497/1497/1497 1496/1496/1496 1498/1498/1498
f 1499/1499/1499 1497/1497/1497 1498/1498/1498
f 1499/1499/1499 1498/1498/1498 1500/1500/1500
f 1500/1500/1500 1501/1501/1501 1499/1499/1499
f 1502/1502/1502 1501/1501/1501 1500/1500/1500
f 1501/1501/1501 1502/1502/1502 1503/1503/1503
f 1504/1504/1504 1503/1503/1503 1502/1502/1502
f 1504/1504/1504 1502/1502/1502 1505/1505/1505
f 1505/1505/1505 1506/1506/1506 1504/1504/1504
f 1507/1507/1507 1506/1506/1506 1505/1505/1505
f 1506/1506/1506 1507/1507/1507 1508/1508/1508
f 1509/1509/1509 1508/1508/1508 1507/1507/1507
f 1509/1509/1509 1510/1510/1510 1508/1508/1508
f 1509/1509/1509 1511/1511/1511 1510/1510/1510
f 1512/1512/1512 1511/1511/1511 1509/1509/1509
f 1513/1513/1513 1512/1512/1512 1509/1509/1509
f 1512/1512/1512 1513/1513/1513 1514/1514/1514
f 1515/1515/1515 1514/1514/1514 1513/1513/1513
f 1515/1515/1515 1513/1513/1513 1516/1516/1516
f 1515/1515/1515 1516/1516/1516 1517/1517/1517
f 1515/1515/1515 1517/1517/1517 1518/1518/1518
f 1518/1518/1518 1517/1517/1517 1485/1485/1485
f 1518/1518/1518 1485/1485/1485 1484/1484/1484
f 1519/1519/1519 1520/1520/1520 1521/1521/1521
f 1522/1522/1522 1521/1521/1521 1520/1520/1520
f 1521/1521/1521 1522/1522/1522 1523/1523/1523
f 1523/1523/1523 1522/1522/1522 1524/1524/1524
f 1523/1523/1523 1524/1524/1524 1525/1525/1525
f 1519/1519/1519 1521/1521/1521 1526/1526/1526
f 1523/1523/1523 1525/1525/1525 1527/1527/1527
f 1527/1527/1527 1525/1525/1525 1528/1528/1528
f 1527/1527/1527 1528/1528/1528 1529/1529/1529
f 1530/1530/1530 1529/1529/1529 1528/1528/1528
f 1530/1530/1530 1528/1528/1528 1531/1531/1531
f 1531/1531/1531 1532/1532/1532 1530/1530/1530
f 1531/1531/1531 1533/1533/1533 1532/1532/1532
f 1532/1532/1532 1533/1533/1533 1534/1534/1534
f 1526/1526/1526 1535/1535/1535 1519/1519/1519
f 1526/1526/1526 1536/1536/1536 1535/1535/1535
f 1536/1536/1536 1537/1537/1537 1535/1535/1535
f 1536/1536/1536 1538/1538/1538 1537/1537/1537
f 1539/1539/1539 1537/1537/1537 1538/1538/1538
f 1539/1539/1539 1540/1540/1540 1537/1537/1537
f 1541/1541/1541 1540/1540/1540 1539/1539/1539
f 1541/1541/1541 1542/1542/1542 1540/1540/1540
f 1541/1541/1541 1543/1543/1543 1542/1542/1542
f 1541/1541/1541 1544/1544/1544 1543/1543/1543
f 1544/1544/1544 1545/1545/1545 1543/1543/1543
f 1544/1544/1544 1546/1546/1546 1545/1545/1545
f 1546/1546/1546 1547/1547/1547 1545/1545/1545
f 1546/1546/1546 1548/1548/1548 1547/1547/1547
f 1549/1549/1549 1547/1547/1547 1548/1548/1548
f 1549/1549/1549 1550/1550/1550 1547/1547/1547
f 1549/1549/1549 1551/1551/1551 1550/1550/1550
f 1552/1552/1552 1551/1551/1551 1549/1549/1549
f 1551/1551/1551 1552/1552/1552 1553/1553/1553
f 1554/1554/1554 1553/1553/1553 1552/1552/1552
f 1554/1554/1554 1552/1552/1552 1555/1555/1555
f 1554/1554/1554 1555/1555/1555 1556/1556/1556
f 1555/1555/1555 1557/1557/1557 1556/1556/1556
f 1556/1556/1556 1557/1557/1557 1558/1558/1558
f 1559/1559/1559 1558/1558/1558 1557/1557/1557
f 1559/1559/1559 1560/1560/1560 1558/1558/1558
f 1560/1560/1560 1559/1559/1559 1561/1561/1561
f 1559/1559/1559 1562/1562/1562 1561/1561/1561
f 1561/1561/1561 1562/1562/1562 1563/1563/1563
f 1564/1564/1564 1563/1563/1563 1562/1562/1562
f 1564/1564/1564 1565/1565/1565 1563/1563/1563
f 1566/1566/1566 1565/1565/1565 1564/1564/1564
f 1566/1566/1566 1567/1567/1567 1565/1565/1565
f 1568/1568/1568 1567/1567/1567 1566/1566/1566
f 1568/1568/1568 1569/1569/1569 1567/1567/1567
f 1568/1568/1568 1570/1570/1570 1569/1569/1569
f 1568/1568/1568 1571/1571/1571 1570/1570/1570
f 1572/1572/1572 1570/1570/1570 1571/1571/1571
f 1572/1572/1572 1573/1573/1573 1570/1570/1570
f 1574/1574/1574 1573/1573/1573 1572/1572/1572
f 1574/1574/1574 1575/1575/1575 1573/1573/1573
f 1576/1576/1576 1575/1575/1575 1574/1574/1574
f 1576/1576/1576 1577/1577/1577 1575/1575/1575
f 1578/1578/1578 1577/1577/1577 1576/1576/1576
f 1578/1578/1578 1534/1534/1534 1577/1577/1577
f 1532/1532/1532 1534/1534/1534 1578/1578/1578
f 1579/1579/1579 1580/1580/1580 1581/1581/1581
f 1579/1579/1579 1581/1581/1581 1582/1582/1582
f 1579/1579/1579 1583/1583/1583 1580/1580/1580
f 1579/1579/1579 1584/1584/1584 1583/1583/1583
f 1585/1585/1585 1583/1583/1583 1584/1584/1584
f 1585/1585/1585 1586/1586/1586 1583/1583/1583
f 1587/1587/1587 1586/1586/1586 1585/1585/1585
f 1587/1587/1587 1585/1585/1585 1588/1588/1588
f 1589/1589/1589 1587/1587/1587 1588/1588/1588
f 1589/1589/1589 1590/1590/1590 1587/1587/1587
f 1591/1591/1591 1590/1590/1590 1589/1589/1589
f 1591/1591/1591 1592/1592/1592 1590/1590/1590
f 1593/1593/1593 1594/1594/1594 1595/1595/1595
f 1593/1593/1593 1595/1595/1595 1596/1596/1596
f 1596/1596/1596 1595/1595/1595 1597/1597/1597
f 1596/1596/1596 1597/1597/1597 1598/1598/1598
f 1598/1598/1598 1597/1597/1597 1599/1599/1599
f 1598/1598/1598 1599/1599/1599 1600/1600/1600
f 1599/1599/1599 1601/1601/1601 1600/1600/1600
f 1599/1599/1599 1602/1602/1602 1601/1601/1601
f 1603/1603/1603 1601/1601/1601 1602/1602/1602
f 1603/1603/1603 1602/1602/1602 1604/1604/1604
f 1603/1603/1603 1604/1604/1604 1605/1605/1605
f 1603/1603/1603 1605/1605/1605 1606/1606/1606
f 1606/1606/1606 1605/1605/1605 1607/1607/1607
f 1606/1606/1606 1607/1607/1607 1608/1608/1608
f 1609/1609/1609 1608/1608/1608 1607/1607/1607
f 1609/1609/1609 1610/1610/1610 1608/1608/1608
f 1610/1610/1610 1609/1609/1609 1611/1611/1611
f 1610/1610/1610 1611/1611/1611 1612/1612/1612
f 1612/1612/1612 1611/1611/1611 1613/1613/1613
f 1614/1614/1614 1612/1612/1612 1613/1613/1613
f 1614/1614/1614 1613/1613/1613 1615/1615/1615
f 1616/1616/1616 1614/1614/1614 1615/1615/1615
f 1616/1616/1616 1615/1615/1615 1617/1617/1617
f 1616/1616/1616 1617/1617/1617 1618/1618/1618
f 1616/1616/1616 1618/1618/1618 1619/1619/1619
f 1619/1619/1619 1618/1618/1618 1620/1620/1620
f 1619/1619/1619 1620/1620/1620 1621/1621/1621
f 1622/1622/1622 1621/1621/1621 1620/1620/1620
f 1622/1622/1622 1620/1620/1620 1623/1623/1623
f 1624/1624/1624 1622/1622/1622 1623/1623/1623
f 1624/1624/1624 1623/1623/1623 1625/1625/1625
f 1626/1626/1626 1624/1624/1624 1625/1625/1625
f 1626/1626/1626 1625/1625/1625 1627/1627/1627
f 1628/1628/1628 1626/1626/1626 1627/1627/1627
f 1628/1628/1628 1627/1627/1627 1629/1629/1629
f 1630/1630/1630 1628/1628/1628 1629/1629/1629
f 1630/1630/1630 1629/1629/1629 1631/1631/1631
f 1630/1630/1630 1631/1631/1631 1632/1632/1632
f 1630/1630/1630 1632/1632/1632 1633/1633/1633
f 1634/1634/1634 1633/1633/1633 1632/1632/1632
f 1634/1634/1634 1632/1632/1632 1635/1635/1635
f 1636/1636/1636 1634/1634/1634 1635/1635/1635
f 1636/1636/1636 1635/1635/1635 1637/1637/1637
f 1638/1638/1638 1636/1636/1636 1637/1637/1637
f 1638/1638/1638 1637/1637/1637 1639/1639/1639
f 1638/1638/1638 1639/1639/1639 1640/1640/1640
f 1638/1638/1638 1640/1640/1640 1641/1641/1641
f 1642/1642/1642 1641/1641/1641 1640/1640/1640
f 1642/1642/1642 1640/1640/1640 1643/1643/1643
f 1644/1644/1644 1642/1642/1642 1643/1643/1643
f 1645/1645/1645 1642/1642/1642 1644/1644/1644
f 1646/1646/1646 1645/1645/1645 1644/1644/1644
f 1645/1645/1645 1646/1646/1646 1647/1647/1647
f 1645/1645/1645 1647/1647/1647 1648/1648/1648
f 1649/1649/1649 1648/1648/1648 1647/1647/1647
f 1650/1650/1650 1648/1648/1648 1649/1649/1649
f 1651/1651/1651 1650/1650/1650 1649/1649/1649
f 1593/1593/1593 1650/1650/1650 1651/1651/1651
f 1593/1593/1593 1651/1651/1651 1594/1594/1594
f 1652/1652/1652 1653/1653/1653 1654/1654/1654
f 1654/1654/1654 1653/1653/1653 1655/1655/1655
f 1652/1652/1652 1654/1654/1654 1656/1656/1656
f 1654/1654/1654 1655/1655/1655 1657/1657/1657
f 1657/1657/1657 1655/1655/1655 1658/1658/1658
f 1657/1657/1657 1658/1658/1658 1659/1659/1659
f 1659/1659/1659 1658/1658/1658 1660/1660/1660
f 1659/1659/1659 1660/1660/1660 1661/1661/1661
f 1661/1661/1661 1660/1660/1660 1662/1662/1662
f 1661/1661/1661 1662/1662/1662 1663/1663/1663
f 1664/1664/1664 1665/1665/1665 1666/1666/1666
f 1664/1664/1664 1666/1666/1666 1667/1667/1667
f 1667/1667/1667 1666/1666/1666 1668/1668/1668
f 1667/1667/1667 1668/1668/1668 1669/1669/1669
f 1670/1670/1670 1665/1665/1665 1664/1664/1664
f 1670/1670/1670 1671/1671/1671 1665/1665/1665
f 1672/1672/1672 1673/1673/1673 1674/1674/1674
f 1672/1672/1672 1674/1674/1674 1675/1675/1675
f 1675/1675/1675 1674/1674/1674 1676/1676/1676
f 1675/1675/1675 1676/1676/1676 1677/1677/1677
f 1677/1677/1677 1676/1676/1676 1678/1678/1678
f 1677/1677/1677 1678/1678/1678 1679/1679/1679
f 1680/1680/1680 1679/1679/1679 1678/1678/1678
f 1680/1680/1680 1678/1678/1678 1681/1681/1681
f 1680/1680/1680 1681/1681/1681 1682/1682/1682
f 1680/1680/1680 1682/1682/1682 1683/1683/1683
f 1683/1683/1683 1682/1682/1682 1684/1684/1684
f 1683/1683/1683 1684/1684/1684 1685/1685/1685
f 1684/1684/1684 1686/1686/1686 1685/1685/1685
f 1684/1684/1684 1687/1687/1687 1686/1686/1686
f 1688/1688/1688 1689/1689/1689 1690/1690/1690
f 1688/1688/1688 1690/1690/1690 1691/1691/1691
f 1691/1691/1691 1690/1690/1690 1692/1692/1692
f 1693/1693/1693 1689/1689/1689 1688/1688/1688
f 1693/1693/1693 1694/1694/1694 1689/1689/1689
f 1694/1694/1694 1693/1693/1693 1695/1695/1695
f 1691/1691/1691 1692/1692/1692 1696/1696/1696
f 1694/1694/1694 1695/1695/1695 1697/1697/1697
f 1698/1698/1698 1697/1697/1697 1695/1695/1695
f 1698/1698/1698 1695/1695/1695 1699/1699/1699
f 1700/1700/1700 1698/1698/1698 1699/1699/1699
f 1700/1700/1700 1701/1701/1701 1698/1698/1698
f 1702/1702/1702 1703/1703/1703 1704/1704/1704
f 1704/1704/1704 1703/1703/1703 1705/1705/1705
f 1702/1702/1702 1704/1704/1704 1706/1706/1706
f 1707/1707/1707 1702/1702/1702 1706/1706/1706
f 1707/1707/1707 1706/1706/1706 1708/1708/1708
f 1704/1704/1704 1705/1705/1705 1709/1709/1709
f 1709/1709/1709 1705/1705/1705 1710/1710/1710
f 1709/1709/1709 1710/1710/1710 1711/1711/1711
f 1712/1712/1712 1713/1713/1713 1714/1714/1714
f 1713/1713/1713 1715/1715/1715 1714/1714/1714
f 1713/1713/1713 1716/1716/1716 1715/1715/1715
f 1715/1715/1715 1716/1716/1716 1717/1717/1717
f 1712/1712/1712 1714/1714/1714 1718/1718/1718
f 1719/1719/1719 1717/1717/1717 1716/1716/1716
f 1719/1719/1719 1720/1720/1720 1717/1717/1717
f 1721/1721/1721 1712/1712/1712 1718/1718/1718
f 1721/1721/1721 1722/1722/1722 1712/1712/1712
f 1723/1723/1723 1724/1724/1724 1725/1725/1725
f 1723/1723/1723 1725/1725/1725 1726/1726/1726
f 1727/1727/1727 1724/1724/1724 1723/1723/1723
f 1727/1727/1727 1728/1728/1728 1724/1724/1724
f 1729/1729/1729 1728/1728/1728 1727/1727/1727
f 1729/1729/1729 1727/1727/1727 1730/1730/1730
f 1731/1731/1731 1732/1732/1732 1733/1733/1733
f 1731/1731/1731 1733/1733/1733 1734/1734/1734
f 1734/1734/1734 1733/1733/1733 1735/1735/1735
f 1734/1734/1734 1735/1735/1735 1736/1736/1736
f 1736/1736/1736 1735/1735/1735 1737/1737/1737
f 1736/1736/1736 1737/1737/1737 1738/1738/1738
f 1738/1738/1738 1737/1737/1737 1739/1739/1739
f 1738/1738/1738 1739/1739/1739 1740/1740/1740
f 1740/1740/1740 1739/1739/1739 1741/1741/1741
f 1740/1740/1740 1741/1741/1741 1742/1742/1742
f 1742/1742/1742 1741/1741/1741 1743/1743/1743
f 1742/1742/1742 1743/1743/1743 1744/1744/1744
f 1745/1745/1745 1746/1746/1746 1747/1747/1747
f 1745/1745/1745 1747/1747/1747 1748/1748/1748
f 1749/1749/1749 1746/1746/1746 1745/1745/1745
f 1749/1749/1749 1750/1750/1750 1746/1746/1746
f 1751/1751/1751 1750/1750/1750 1749/1749/1749
f 1751/1751/1751 1749/1749/1749 1752/1752/1752
f 1753/1753/1753 1754/1754/1754 1755/1755/1755
f 1756/1756/1756 1754/1754/1754 1753/1753/1753
f 1753/1753/1753 1755/1755/1755 1757/1757/1757
f 1757/1757/1757 1755/1755/1755 1758/1758/1758
f 1756/1756/1756 1753/1753/1753 1759/1759/1759
f 1757/1757/1757 1758/1758/1758 1760/1760/1760
f 1761/1761/1761 1762/1762/1762 1763/1763/1763
f 1761/1761/1761 1763/1763/1763 1764/1764/1764
f 1765/1765/1765 1761/1761/1761 1764/1764/1764
f 1765/1765/1765 1766/1766/1766 1761/1761/1761
f 1767/1767/1767 1768/1768/1768 1769/1769/1769
f 1770/1770/1770 1768/1768/1768 1767/1767/1767
f 1767/1767/1767 1769/1769/1769 1771/1771/1771
f 1770/1770/1770 1767/1767/1767 1772/1772/1772
f 1770/1770/1770 1772/1772/1772 1773/1773/1773
f 1770/1770/1770 1773/1773/1773 1774/1774/1774
f 1775/1775/1775 1774/1774/1774 1773/1773/1773
f 1775/1775/1775 1776/1776/1776 1774/1774/1774
f 1769/1769/1769 1777/1777/1777 1771/1771/1771
f 1769/1769/1769 1778/1778/1778 1777/1777/1777
f 1779/1779/1779 1780/1780/1780 1781/1781/1781
f 1779/1779/1779 1781/1781/1781 1782/1782/1782
f 1783/1783/1783 1784/1784/1784 1785/1785/1785
f 1783/1783/1783 1785/1785/1785 1786/1786/1786
f 1787/1787/1787 1783/1783/1783 1786/1786/1786
f 1787/1787/1787 1788/1788/1788 1783/1783/1783
f 1789/1789/1789 1790/1790/1790 1791/1791/1791
f 1789/1789/1789 1791/1791/1791 1792/1792/1792
f 1793/1793/1793 1789/1789/1789 1792/1792/1792
f 1793/1793/1793 1792/1792/1792 1794/1794/1794
f 1793/1793/1793 1794/1794/1794 1795/1795/1795
f 1793/1793/1793 1795/1795/1795 1796/1796/1796
f 1797/1797/1797 1798/1798/1798 1799/1799/1799
f 1800/1800/1800 1799/1799/1799 1798/1798/1798
f 1798/1798/1798 1797/1797/1797 1801/1801/1801
f 1799/1799/1799 1800/1800/1800 1802/1802/1802
f 1802/1802/1802 1800/1800/1800 1803/1803/1803
f 1804/1804/1804 1803/1803/1803 1800/1800/1800
f 1797/1797/1797 1799/1799/1799 1805/1805/1805
f 1806/1806/1806 1797/1797/1797 1805/1805/1805
f 1797/1797/1797 1806/1806/1806 1807/1807/1807
f 1797/1797/1797 1807/1807/1807 1801/1801/1801
f 1801/1801/1801 1807/1807/1807 1808/1808/1808
f 1805/1805/1805 1799/1799/1799 1809/1809/1809
f 1799/1799/1799 1802/1802/1802 1809/1809/1809
f 1810/1810/1810 1809/1809/1809 1802/1802/1802
f 1811/1811/1811 1809/1809/1809 1810/1810/1810
f 1805/1805/1805 1809/1809/1809 1811/1811/1811
f 1812/1812/1812 1805/1805/1805 1811/1811/1811
f 1806/1806/1806 1805/1805/1805 1812/1812/1812
f 1800/1800/1800 1798/1798/1798 1813/1813/1813
f 1804/1804/1804 1800/1800/1800 1813/1813/1813
f 1814/1814/1814 1804/1804/1804 1813/1813/1813
f 1810/1810/1810 1802/1802/1802 1815/1815/1815
f 1816/1816/1816 1803/1803/1803 1804/1804/1804
f 1816/1816/1816 1817/1817/1817 1803/1803/1803
f 1818/1818/1818 1816/1816/1816 1804/1804/1804
f 1818/1818/1818 1804/1804/1804 1814/1814/1814
f 1819/1819/1819 1803/1803/1803 1817/1817/1817
f 1819/1819/1819 1820/1820/1820 1815/1815/1815
f 1821/1821/1821 1820/1820/1820 1819/1819/1819
f 1819/1819/1819 1817/1817/1817 1821/1821/1821
f 1821/1821/1821 1822/1822/1822 1820/1820/1820
f 1819/1819/1819 1815/1815/1815 1802/1802/1802
f 1802/1802/1802 1803/1803/1803 1819/1819/1819
f 1814/1814/1814 1813/1813/1813 1823/1823/1823
f 1824/1824/1824 1814/1814/1814 1823/1823/1823
f 1823/1823/1823 1813/1813/1813 1798/1798/1798
f 1824/1824/1824 1823/1823/1823 1825/1825/1825
f 1826/1826/1826 1824/1824/1824 1825/1825/1825
f 1825/1825/1825 1823/1823/1823 1827/1827/1827
f 1823/1823/1823 1798/1798/1798 1827/1827/1827
f 1826/1826/1826 1825/1825/1825 1828/1828/1828
f 1829/1829/1829 1826/1826/1826 1828/1828/1828
f 1830/1830/1830 1828/1828/1828 1825/1825/1825
f 1825/1825/1825 1827/1827/1827 1830/1830/1830
f 1830/1830/1830 1831/1831/1831 1828/1828/1828
f 1831/1831/1831 1832/1832/1832 1828/1828/1828
f 1829/1829/1829 1828/1828/1828 1832/1832/1832
f 1831/1831/1831 1833/1833/1833 1832/1832/1832
f 1829/1829/1829 1832/1832/1832 1834/1834/1834
f 1832/1832/1832 1835/1835/1835 1834/1834/1834
f 1833/1833/1833 1835/1835/1835 1832/1832/1832
f 1834/1834/1834 1835/1835/1835 1836/1836/1836
f 1836/1836/1836 1835/1835/1835 1837/1837/1837
f 1834/1834/1834 1836/1836/1836 1838/1838/1838
f 1836/1836/1836 1839/1839/1839 1838/1838/1838
f 1836/1836/1836 1837/1837/1837 1839/1839/1839
f 1838/1838/1838 1839/1839/1839 1840/1840/1840
f 1837/1837/1837 1840/1840/1840 1839/1839/1839
f 1837/1837/1837 1841/1841/1841 1840/1840/1840
f 1833/1833/1833 1842/1842/1842 1835/1835/1835
f 1842/1842/1842 1837/1837/1837 1835/1835/1835
f 1842/1842/1842 1843/1843/1843 1837/1837/1837
f 1843/1843/1843 1841/1841/1841 1837/1837/1837
f 1843/1843/1843 1844/1844/1844 1841/1841/1841
f 1845/1845/1845 1842/1842/1842 1833/1833/1833
f 1845/1845/1845 1843/1843/1843 1842/1842/1842
f 1845/1845/1845 1846/1846/1846 1843/1843/1843
f 1846/1846/1846 1844/1844/1844 1843/1843/1843
f 1847/1847/1847 1846/1846/1846 1845/1845/1845
f 1847/1847/1847 1845/1845/1845 1833/1833/1833
f 1848/1848/1848 1847/1847/1847 1833/1833/1833
f 1846/1846/1846 1849/1849/1849 1844/1844/1844
f 1850/1850/1850 1849/1849/1849 1846/1846/1846
f 1850/1850/1850 1846/1846/1846 1847/1847/1847
f 1851/1851/1851 1850/1850/1850 1847/1847/1847
f 1851/1851/1851 1847/1847/1847 1848/1848/1848
f 1808/1808/1808 1851/1851/1851 1848/1848/1848
f 1838/1838/1838 1840/1840/1840 1852/1852/1852
f 1853/1853/1853 1838/1838/1838 1852/1852/1852
f 1808/1808/1808 1848/1848/1848 1854/1854/1854
f 1854/1854/1854 1848/1848/1848 1831/1831/1831
f 1854/1854/1854 1831/1831/1831 1830/1830/1830
f 1848/1848/1848 1833/1833/1833 1831/1831/1831
f 1834/1834/1834 1838/1838/1838 1853/1853/1853
f 1829/1829/1829 1834/1834/1834 1853/1853/1853
f 1855/1855/1855 1829/1829/1829 1853/1853/1853
f 1855/1855/1855 1853/1853/1853 1856/1856/1856
f 1853/1853/1853 1852/1852/1852 1856/1856/1856
f 1855/1855/1855 1826/1826/1826 1829/1829/1829
f 1855/1855/1855 1857/1857/1857 1826/1826/1826
f 1801/1801/1801 1808/1808/1808 1854/1854/1854
f 1827/1827/1827 1801/1801/1801 1854/1854/1854
f 1827/1827/1827 1854/1854/1854 1830/1830/1830
f 1798/1798/1798 1801/1801/1801 1827/1827/1827
f 1858/1858/1858 1859/1859/1859 1860/1860/1860
f 1858/1858/1858 1860/1860/1860 1861/1861/1861
f 1861/1861/1861 1860/1860/1860 1862/1862/1862
f 1859/1859/1859 1863/1863/1863 1860/1860/1860
f 1859/1859/1859 1864/1864/1864 1863/1863/1863
f 1864/1864/1864 1859/1859/1859 1865/1865/1865
f 1858/1858/1858 1865/1865/1865 1859/1859/1859
f 1858/1858/1858 1866/1866/1866 1865/1865/1865
f 1865/1865/1865 1866/1866/1866 1867/1867/1867
f 1860/1860/1860 1863/1863/1863 1868/1868/1868
f 1860/1860/1860 1868/1868/1868 1862/1862/1862
f 1862/1862/1862 1868/1868/1868 1869/1869/1869
f 1870/1870/1870 1858/1858/1858 1861/1861/1861
f 1870/1870/1870 1871/1871/1871 1858/1858/1858
f 1871/1871/1871 1866/1866/1866 1858/1858/1858
f 1871/1871/1871 1872/1872/1872 1866/1866/1866
f 1872/1872/1872 1867/1867/1867 1866/1866/1866
f 1872/1872/1872 1873/1873/1873 1867/1867/1867
f 1862/1862/1862 1869/1869/1869 1874/1874/1874
f 1875/1875/1875 1862/1862/1862 1874/1874/1874
f 1861/1861/1861 1862/1862/1862 1875/1875/1875
f 1861/1861/1861 1875/1875/1875 1876/1876/1876
f 1861/1861/1861 1876/1876/1876 1870/1870/1870
f 1877/1877/1877 1876/1876/1876 1875/1875/1875
f 1875/1875/1875 1874/1874/1874 1878/1878/1878
f 1877/1877/1877 1875/1875/1875 1878/1878/1878
f 1879/1879/1879 1867/1867/1867 1873/1873/1873
f 1879/1879/1879 1880/1880/1880 1867/1867/1867
f 1880/1880/1880 1881/1881/1881 1867/1867/1867
f 1880/1880/1880 1882/1882/1882 1881/1881/1881
f 1881/1881/1881 1882/1882/1882 1883/1883/1883
f 1884/1884/1884 1882/1882/1882 1880/1880/1880
f 1884/1884/1884 1885/1885/1885 1882/1882/1882
f 1882/1882/1882 1885/1885/1885 1886/1886/1886
f 1882/1882/1882 1886/1886/1886 1883/1883/1883
f 1887/1887/1887 1884/1884/1884 1880/1880/1880
f 1887/1887/1887 1880/1880/1880 1879/1879/1879
f 1888/1888/1888 1885/1885/1885 1884/1884/1884
f 1888/1888/1888 1889/1889/1889 1885/1885/1885
f 1885/1885/1885 1889/1889/1889 1890/1890/1890
f 1885/1885/1885 1890/1890/1890 1886/1886/1886
f 1890/1890/1890 1889/1889/1889 1891/1891/1891
f 1892/1892/1892 1891/1891/1891 1889/1889/1889
f 1892/1892/1892 1889/1889/1889 1888/1888/1888
f 1893/1893/1893 1888/1888/1888 1884/1884/1884
f 1892/1892/1892 1888/1888/1888 1893/1893/1893
f 1893/1893/1893 1884/1884/1884 1887/1887/1887
f 1881/1881/1881 1883/1883/1883 1894/1894/1894
f 1890/1890/1890 1891/1891/1891 1895/1895/1895
f 1892/1892/1892 1893/1893/1893 1896/1896/1896
f 1897/1897/1897 1881/1881/1881 1894/1894/1894
f 1897/1897/1897 1865/1865/1865 1881/1881/1881
f 1864/1864/1864 1865/1865/1865 1897/1897/1897
f 1865/1865/1865 1867/1867/1867 1881/1881/1881
f 1898/1898/1898 1899/1899/1899 1900/1900/1900
f 1898/1898/1898 1900/1900/1900 1901/1901/1901
f 1902/1902/1902 1899/1899/1899 1898/1898/1898
f 1902/1902/1902 1903/1903/1903 1899/1899/1899
f 1903/1903/1903 1902/1902/1902 1904/1904/1904
f 1903/1903/1903 1904/1904/1904 1905/1905/1905
f 1904/1904/1904 1906/1906/1906 1905/1905/1905
f 1904/1904/1904 1907/1907/1907 1906/1906/1906
f 1907/1907/1907 1908/1908/1908 1906/1906/1906
f 1907/1907/1907 1909/1909/1909 1908/1908/1908
f 1910/1910/1910 1905/1905/1905 1906/1906/1906
f 1910/1910/1910 1911/1911/1911 1905/1905/1905
f 1911/1911/1911 1903/1903/1903 1905/1905/1905
f 1912/1912/1912 1910/1910/1910 1906/1906/1906
f 1912/1912/1912 1906/1906/1906 1908/1908/1908
f 1911/1911/1911 1913/1913/1913 1903/1903/1903
f 1903/1903/1903 1913/1913/1913 1914/1914/1914
f 1903/1903/1903 1914/1914/1914 1899/1899/1899
f 1899/1899/1899 1914/1914/1914 1915/1915/1915
f 1916/1916/1916 1911/1911/1911 1910/1910/1910
f 1916/1916/1916 1917/1917/1917 1911/1911/1911
f 1917/1917/1917 1913/1913/1913 1911/1911/1911
f 1917/1917/1917 1916/1916/1916 1918/1918/1918
f 1917/1917/1917 1919/1919/1919 1913/1913/1913
f 1919/1919/1919 1917/1917/1917 1920/1920/1920
f 1917/1917/1917 1918/1918/1918 1920/1920/1920
f 1920/1920/1920 1918/1918/1918 1921/1921/1921
f 1913/1913/1913 1919/1919/1919 1922/1922/1922
f 1913/1913/1913 1922/1922/1922 1914/1914/1914
f 1914/1914/1914 1922/1922/1922 1923/1923/1923
f 1914/1914/1914 1923/1923/1923 1915/1915/1915
f 1924/1924/1924 1923/1923/1923 1922/1922/1922
f 1924/1924/1924 1925/1925/1925 1923/1923/1923
f 1926/1926/1926 1924/1924/1924 1922/1922/1922
f 1919/1919/1919 1920/1920/1920 1926/1926/1926
f 1926/1926/1926 1922/1922/1922 1919/1919/1919
f 1926/1926/1926 1920/1920/1920 1927/1927/1927
f 1920/1920/1920 1921/1921/1921 1927/1927/1927
f 1928/1928/1928 1927/1927/1927 1921/1921/1921
f 1928/1928/1928 1929/1929/1929 1927/1927/1927
f 1929/1929/1929 1928/1928/1928 1930/1930/1930
f 1931/1931/1931 1929/1929/1929 1930/1930/1930
f 1926/1926/1926 1927/1927/1927 1932/1932/1932
f 1932/1932/1932 1924/1924/1924 1926/1926/1926
f 1929/1929/1929 1932/1932/1932 1927/1927/1927
f 1932/1932/1932 1933/1933/1933 1924/1924/1924
f 1933/1933/1933 1925/1925/1925 1924/1924/1924
f 1933/1933/1933 1934/1934/1934 1925/1925/1925
f 1929/1929/1929 1935/1935/1935 1932/1932/1932
f 1931/1931/1931 1935/1935/1935 1929/1929/1929
f 1931/1931/1931 1936/1936/1936 1935/1935/1935
f 1937/1937/1937 1932/1932/1932 1935/1935/1935
f 1937/1937/1937 1933/1933/1933 1932/1932/1932
f 1936/1936/1936 1937/1937/1937 1935/1935/1935
f 1937/1937/1937 1938/1938/1938 1933/1933/1933
f 1936/1936/1936 1938/1938/1938 1937/1937/1937
f 1938/1938/1938 1934/1934/1934 1933/1933/1933
f 1938/1938/1938 1939/1939/1939 1934/1934/1934
f 1940/1940/1940 1939/1939/1939 1938/1938/1938
f 1940/1940/1940 1938/1938/1938 1936/1936/1936
f 1941/1941/1941 1940/1940/1940 1936/1936/1936
f 1941/1941/1941 1936/1936/1936 1931/1931/1931
f 1942/1942/1942 1941/1941/1941 1931/1931/1931
f 1942/1942/1942 1931/1931/1931 1943/1943/1943
f 1931/1931/1931 1930/1930/1930 1943/1943/1943
f 1942/1942/1942 1943/1943/1943 1944/1944/1944
f 1943/1943/1943 1930/1930/1930 1944/1944/1944
f 1942/1942/1942 1944/1944/1944 1945/1945/1945
f 1946/1946/1946 1945/1945/1945 1944/1944/1944
f 1946/1946/1946 1947/1947/1947 1945/1945/1945
f 1928/1928/1928 1946/1946/1946 1944/1944/1944
f 1946/1946/1946 1948/1948/1948 1947/1947/1947
f 1946/1946/1946 1921/1921/1921 1948/1948/1948
f 1928/1928/1928 1921/1921/1921 1946/1946/1946
f 1918/1918/1918 1948/1948/1948 1921/1921/1921
f 1918/1918/1918 1949/1949/1949 1948/1948/1948
f 1928/1928/1928 1944/1944/1944 1930/1930/1930
f 1950/1950/1950 1951/1951/1951 1952/1952/1952
f 1953/1953/1953 1952/1952/1952 1951/1951/1951
f 1950/1950/1950 1952/1952/1952 1954/1954/1954
f 1950/1950/1950 1954/1954/1954 1955/1955/1955
f 1956/1956/1956 1951/1951/1951 1950/1950/1950
f 1956/1956/1956 1957/1957/1957 1951/1951/1951
f 1958/1958/1958 1951/1951/1951 1957/1957/1957
f 1953/1953/1953 1951/1951/1951 1958/1958/1958
f 1956/1956/1956 1950/1950/1950 1959/1959/1959
f 1950/1950/1950 1955/1955/1955 1959/1959/1959
f 1960/1960/1960 1957/1957/1957 1956/1956/1956
f 1960/1960/1960 1961/1961/1961 1957/1957/1957
f 1962/1962/1962 1957/1957/1957 1961/1961/1961
f 1962/1962/1962 1963/1963/1963 1957/1957/1957
f 1958/1958/1958 1957/1957/1957 1963/1963/1963
f 1956/1956/1956 1964/1964/1964 1960/1960/1960
f 1956/1956/1956 1965/1965/1965 1964/1964/1964
f 1956/1956/1956 1959/1959/1959 1965/1965/1965
f 1966/1966/1966 1967/1967/1967 1968/1968/1968
f 1968/1968/1968 1967/1967/1967 1969/1969/1969
f 1970/1970/1970 1969/1969/1969 1967/1967/1967
f 1967/1967/1967 1966/1966/1966 1971/1971/1971
f 1972/1972/1972 1971/1971/1971 1966/1966/1966
f 1966/1966/1966 1968/1968/1968 1973/1973/1973
f 1974/1974/1974 1966/1966/1966 1973/1973/1973
f 1972/1972/1972 1966/1966/1966 1974/1974/1974
f 1968/1968/1968 1969/1969/1969 1975/1975/1975
f 1976/1976/1976 1968/1968/1968 1975/1975/1975
f 1976/1976/1976 1973/1973/1973 1968/1968/1968
f 1976/1976/1976 1977/1977/1977 1973/1973/1973
f 1974/1974/1974 1973/1973/1973 1978/1978/1978
f 1977/1977/1977 1978/1978/1978 1973/1973/1973
f 1977/1977/1977 1979/1979/1979 1978/1978/1978
f 1980/1980/1980 1971/1971/1971 1972/1972/1972
f 1980/1980/1980 1981/1981/1981 1971/1971/1971
f 1981/1981/1981 1982/1982/1982 1971/1971/1971
f 1970/1970/1970 1967/1967/1967 1982/1982/1982
f 1967/1967/1967 1971/1971/1971 1982/1982/1982
f 1981/1981/1981 1983/1983/1983 1982/1982/1982
f 1982/1982/1982 1983/1983/1983 1984/1984/1984
f 1982/1982/1982 1984/1984/1984 1970/1970/1970
f 1976/1976/1976 1975/1975/1975 1985/1985/1985
f 1986/1986/1986 1987/1987/1987 1988/1988/1988
f 1988/1988/1988 1987/1987/1987 1989/1989/1989
f 1986/1986/1986 1988/1988/1988 1990/1990/1990
f 1990/1990/1990 1988/1988/1988 1991/1991/1991
f 1992/1992/1992 1986/1986/1986 1990/1990/1990
f 1988/1988/1988 1993/1993/1993 1991/1991/1991
f 1988/1988/1988 1994/1994/1994 1993/1993/1993
f 1988/1988/1988 1989/1989/1989 1994/1994/1994
f 1990/1990/1990 1991/1991/1991 1995/1995/1995
f 1995/1995/1995 1991/1991/1991 1996/1996/1996
f 1993/1993/1993 1996/1996/1996 1991/1991/1991
f 1993/1993/1993 1997/1997/1997 1996/1996/1996
f 1998/1998/1998 1990/1990/1990 1995/1995/1995
f 1998/1998/1998 1999/1999/1999 1990/1990/1990
f 1992/1992/1992 1990/1990/1990 1999/1999/1999
f 1998/1998/1998 1995/1995/1995 2000/2000/2000
f 1995/1995/1995 1996/1996/1996 2000/2000/2000
f 1998/1998/1998 2000/2000/2000 2001/2001/2001
f 2002/2002/2002 2003/2003/2003 2004/2004/2004
f 2003/2003/2003 2002/2002/2002 2005/2005/2005
f 2002/2002/2002 2004/2004/2004 2006/2006/2006
f 2007/2007/2007 2002/2002/2002 2006/2006/2006
f 2002/2002/2002 2007/2007/2007 2008/2008/2008
f 2002/2002/2002 2008/2008/2008 2005/2005/2005
f 2009/2009/2009 2004/2004/2004 2003/2003/2003
f 2009/2009/2009 2010/2010/2010 2004/2004/2004
f 2010/2010/2010 2009/2009/2009 2011/2011/2011
f 2009/2009/2009 2003/2003/2003 2012/2012/2012
f 2003/2003/2003 2005/2005/2005 2012/2012/2012
f 2010/2010/2010 2011/2011/2011 2013/2013/2013
f 2013/2013/2013 2011/2011/2011 2014/2014/2014
f 2013/2013/2013 2014/2014/2014 2015/2015/2015
f 2007/2007/2007 2006/2006/2006 2016/2016/2016
f 2009/2009/2009 2017/2017/2017 2011/2011/2011
f 2009/2009/2009 2018/2018/2018 2017/2017/2017
f 2009/2009/2009 2012/2012/2012 2018/2018/2018
f 2011/2011/2011 2017/2017/2017 2019/2019/2019
f 2011/2011/2011 2019/2019/2019 2014/2014/2014
f 2020/2020/2020 1811/1811/1811 2021/2021/2021
f 2020/2020/2020 2021/2021/2021 2022/2022/2022
f 1812/1812/1812 1811/1811/1811 2020/2020/2020
f 1811/1811/1811 1810/1810/1810 2021/2021/2021
f 2023/2023/2023 2024/2024/2024 2025/2025/2025
f 2023/2023/2023 2025/2025/2025 2026/2026/2026
f 2027/2027/2027 2023/2023/2023 2026/2026/2026
f 2026/2026/2026 2025/2025/2025 1909/1909/1909
f 2027/2027/2027 2026/2026/2026 2028/2028/2028
f 2029/2029/2029 2027/2027/2027 2028/2028/2028
f 2028/2028/2028 2026/2026/2026 1907/1907/1907
f 2026/2026/2026 1909/1909/1909 1907/1907/1907
f 2029/2029/2029 2028/2028/2028 2030/2030/2030
f 2029/2029/2029 2030/2030/2030 2031/2031/2031
f 1898/1898/1898 2031/2031/2031 2030/2030/2030
f 1902/1902/1902 2030/2030/2030 2028/2028/2028
f 1898/1898/1898 2030/2030/2030 1902/1902/1902
f 2029/2029/2029 2031/2031/2031 2032/2032/2032
f 2032/2032/2032 2031/2031/2031 2033/2033/2033
f 1901/1901/1901 2033/2033/2033 2031/2031/2031
f 1901/1901/1901 2031/2031/2031 1898/1898/1898
f 2032/2032/2032 2033/2033/2033 2034/2034/2034
f 2028/2028/2028 1907/1907/1907 1904/1904/1904
f 1902/1902/1902 2028/2028/2028 1904/1904/1904
f 2035/2035/2035 2036/2036/2036 2037/2037/2037
f 2038/2038/2038 2035/2035/2035 2037/2037/2037
f 2035/2035/2035 2038/2038/2038 2039/2039/2039
f 2040/2040/2040 2035/2035/2035 2039/2039/2039
f 2035/2035/2035 2040/2040/2040 2041/2041/2041
f 2040/2040/2040 2042/2042/2042 2041/2041/2041
f 2041/2041/2041 2042/2042/2042 2043/2043/2043
f 2043/2043/2043 2042/2042/2042 2044/2044/2044
f 2042/2042/2042 2040/2040/2040 2045/2045/2045
f 2040/2040/2040 2046/2046/2046 2045/2045/2045
f 2045/2045/2045 2046/2046/2046 2047/2047/2047
f 2039/2039/2039 2038/2038/2038 2048/2048/2048
f 2048/2048/2048 2038/2038/2038 2049/2049/2049
f 2037/2037/2037 2036/2036/2036 2050/2050/2050
f 2051/2051/2051 2052/2052/2052 2053/2053/2053
f 2051/2051/2051 2053/2053/2053 2054/2054/2054
f 2055/2055/2055 2051/2051/2051 2054/2054/2054
f 2055/2055/2055 2054/2054/2054 2056/2056/2056
f 2057/2057/2057 2055/2055/2055 2056/2056/2056
f 2057/2057/2057 2058/2058/2058 2055/2055/2055
f 2059/2059/2059 2058/2058/2058 2057/2057/2057
f 2059/2059/2059 2060/2060/2060 2058/2058/2058
f 2061/2061/2061 2062/2062/2062 2063/2063/2063
f 2061/2061/2061 2063/2063/2063 2064/2064/2064
f 2065/2065/2065 2062/2062/2062 2061/2061/2061
f 2065/2065/2065 2066/2066/2066 2062/2062/2062
f 2065/2065/2065 2067/2067/2067 2066/2066/2066
f 2065/2065/2065 2068/2068/2068 2067/2067/2067
f 2068/2068/2068 2069/2069/2069 2067/2067/2067
f 2068/2068/2068 2070/2070/2070 2069/2069/2069
f 2071/2071/2071 2072/2072/2072 2073/2073/2073
f 2071/2071/2071 2073/2073/2073 2074/2074/2074
f 2074/2074/2074 2073/2073/2073 2075/2075/2075
f 2076/2076/2076 2072/2072/2072 2071/2071/2071
f 2076/2076/2076 2077/2077/2077 2072/2072/2072
f 2074/2074/2074 2075/2075/2075 2078/2078/2078
f 2078/2078/2078 2075/2075/2075 2079/2079/2079
f 2078/2078/2078 2079/2079/2079 2080/2080/2080
f 2081/2081/2081 2082/2082/2082 2083/2083/2083
f 2081/2081/2081 2083/2083/2083 2084/2084/2084
f 2085/2085/2085 2086/2086/2086 2087/2087/2087
f 2085/2085/2085 2087/2087/2087 2088/2088/2088
f 2088/2088/2088 2087/2087/2087 2089/2089/2089
f 2088/2088/2088 2089/2089/2089 2090/2090/2090
f 2090/2090/2090 2089/2089/2089 2091/2091/2091
f 2090/2090/2090 2091/2091/2091 2092/2092/2092
f 2093/2093/2093 2086/2086/2086 2085/2085/2085
f 2093/2093/2093 2094/2094/2094 2086/2086/2086
f 2095/2095/2095 2096/2096/2096 2097/2097/2097
f 2095/2095/2095 2097/2097/2097 2098/2098/2098
f 2095/2095/2095 2099/2099/2099 2096/2096/2096
f 2095/2095/2095 2100/2100/2100 2099/2099/2099
f 2100/2100/2100 2101/2101/2101 2099/2099/2099
f 2100/2100/2100 2102/2102/2102 2101/2101/2101
f 2103/2103/2103 2104/2104/2104 2105/2105/2105
f 2103/2103/2103 2105/2105/2105 2106/2106/2106
f 2107/2107/2107 2103/2103/2103 2106/2106/2106
f 2107/2107/2107 2108/2108/2108 2103/2103/2103
f 2109/2109/2109 2108/2108/2108 2107/2107/2107
f 2109/2109/2109 2110/2110/2110 2108/2108/2108
f 2111/2111/2111 2112/2112/2112 2113/2113/2113
f 2111/2111/2111 2113/2113/2113 2114/2114/2114
f 2115/2115/2115 2111/2111/2111 2114/2114/2114
f 2112/2112/2112 2116/2116/2116 2113/2113/2113
f 2112/2112/2112 2117/2117/2117 2116/2116/2116
f 2115/2115/2115 2114/2114/2114 2118/2118/2118
f 2119/2119/2119 2120/2120/2120 2121/2121/2121
f 2119/2119/2119 2121/2121/2121 2122/2122/2122
f 2123/2123/2123 2124/2124/2124 2125/2125/2125
f 2123/2123/2123 2125/2125/2125 2126/2126/2126
f 2127/2127/2127 2123/2123/2123 2126/2126/2126
f 2127/2127/2127 2126/2126/2126 2128/2128/2128
f 2129/2129/2129 2127/2127/2127 2128/2128/2128
f 2129/2129/2129 2128/2128/2128 2130/2130/2130
f 2131/2131/2131 2132/2132/2132 2133/2133/2133
f 2131/2131/2131 2133/2133/2133 2134/2134/2134
f 2135/2135/2135 2131/2131/2131 2134/2134/2134
f 2132/2132/2132 2136/2136/2136 2133/2133/2133
f 2132/2132/2132 2137/2137/2137 2136/2136/2136
f 2135/2135/2135 2136/2136/2136 2137/2137/2137
f 2135/2135/2135 2138/2138/2138 2136/2136/2136
f 2135/2135/2135 2134/2134/2134 2138/2138/2138
f 2139/2139/2139 2140/2140/2140 2141/2141/2141
f 2140/2140/2140 2139/2139/2139 2142/2142/2142
f 2142/2142/2142 2139/2139/2139 2143/2143/2143
f 2143/2143/2143 2144/2144/2144 2142/2142/2142
f 2143/2143/2143 2145/2145/2145 2144/2144/2144
f 2146/2146/2146 2144/2144/2144 2145/2145/2145
f 2146/2146/2146 2147/2147/2147 2144/2144/2144
f 2148/2148/2148 2147/2147/2147 2146/2146/2146
f 2147/2147/2147 2148/2148/2148 2149/2149/2149
f 2149/2149/2149 2148/2148/2148 2150/2150/2150
f 2150/2150/2150 2151/2151/2151 2149/2149/2149
f 2150/2150/2150 2152/2152/2152 2151/2151/2151
f 2152/2152/2152 2153/2153/2153 2151/2151/2151
f 2152/2152/2152 2154/2154/2154 2153/2153/2153
f 2155/2155/2155 2153/2153/2153 2154/2154/2154
f 2155/2155/2155 2156/2156/2156 2153/2153/2153
f 2155/2155/2155 2157/2157/2157 2156/2156/2156
f 2155/2155/2155 2158/2158/2158 2157/2157/2157
f 2158/2158/2158 2159/2159/2159 2157/2157/2157
f 2158/2158/2158 2160/2160/2160 2159/2159/2159
f 2161/2161/2161 2159/2159/2159 2160/2160/2160
f 2161/2161/2161 2162/2162/2162 2159/2159/2159
f 2163/2163/2163 2162/2162/2162 2161/2161/2161
f 2163/2163/2163 2164/2164/2164 2162/2162/2162
f 2165/2165/2165 2164/2164/2164 2163/2163/2163
f 2165/2165/2165 2166/2166/2166 2164/2164/2164
f 2165/2165/2165 2167/2167/2167 2166/2166/2166
f 2165/2165/2165 2168/2168/2168 2167/2167/2167
f 2169/2169/2169 2167/2167/2167 2168/2168/2168
f 2169/2169/2169 2170/2170/2170 2167/2167/2167
f 2171/2171/2171 2170/2170/2170 2169/2169/2169
f 2171/2171/2171 2172/2172/2172 2170/2170/2170
f 2172/2172/2172 2171/2171/2171 2173/2173/2173
f 2172/2172/2172 2173/2173/2173 2174/2174/2174
f 2175/2175/2175 2176/2176/2176 2177/2177/2177
f 2177/2177/2177 2176/2176/2176 2178/2178/2178
f 2179/2179/2179 2175/2175/2175 2177/2177/2177
f 2180/2180/2180 2178/2178/2178 2176/2176/2176
f 2180/2180/2180 2181/2181/2181 2178/2178/2178
f 2180/2180/2180 2182/2182/2182 2181/2181/2181
f 2180/2180/2180 2183/2183/2183 2182/2182/2182
f 2182/2182/2182 2183/2183/2183 2184/2184/2184
f 2183/2183/2183 2185/2185/2185 2184/2184/2184
f 2184/2184/2184 2185/2185/2185 2186/2186/2186
f 2187/2187/2187 2186/2186/2186 2185/2185/2185
f 2187/2187/2187 2188/2188/2188 2186/2186/2186
f 2189/2189/2189 2188/2188/2188 2187/2187/2187
f 2189/2189/2189 2190/2190/2190 2188/2188/2188
f 2189/2189/2189 2191/2191/2191 2190/2190/2190
f 2189/2189/2189 2192/2192/2192 2191/2191/2191
f 2191/2191/2191 2192/2192/2192 2193/2193/2193
f 2191/2191/2191 2193/2193/2193 2194/2194/2194
f 2195/2195/2195 2194/2194/2194 2193/2193/2193
f 2195/2195/2195 2196/2196/2196 2194/2194/2194
f 2195/2195/2195 2197/2197/2197 2196/2196/2196
f 2195/2195/2195 2198/2198/2198 2197/2197/2197
f 2198/2198/2198 2199/2199/2199 2197/2197/2197
f 2198/2198/2198 2200/2200/2200 2199/2199/2199
f 2201/2201/2201 2199/2199/2199 2200/2200/2200
f 2197/2197/2197 2199/2199/2199 2202/2202/2202
f 2203/2203/2203 2202/2202/2202 2199/2199/2199
f 2203/2203/2203 2199/2199/2199 2201/2201/2201
f 2203/2203/2203 2201/2201/2201 2204/2204/2204
f 2205/2205/2205 2204/2204/2204 2201/2201/2201
f 2205/2205/2205 2206/2206/2206 2204/2204/2204
f 2205/2205/2205 2207/2207/2207 2206/2206/2206
f 2201/2201/2201 2200/2200/2200 2208/2208/2208
f 2205/2205/2205 2201/2201/2201 2208/2208/2208
f 2207/2207/2207 2209/2209/2209 2206/2206/2206
f 2207/2207/2207 2210/2210/2210 2209/2209/2209
f 2210/2210/2210 2211/2211/2211 2209/2209/2209
f 2210/2210/2210 2212/2212/2212 2211/2211/2211
f 2203/2203/2203 2204/2204/2204 2213/2213/2213
f 2197/2197/2197 2202/2202/2202 2214/2214/2214
f 2215/2215/2215 2216/2216/2216 2217/2217/2217
f 2218/2218/2218 2216/2216/2216 2215/2215/2215
f 2216/2216/2216 2218/2218/2218 2219/2219/2219
f 2218/2218/2218 2220/2220/2220 2219/2219/2219
f 2218/2218/2218 2221/2221/2221 2220/2220/2220
f 2222/2222/2222 2220/2220/2220 2221/2221/2221
f 2222/2222/2222 2223/2223/2223 2220/2220/2220
f 2222/2222/2222 2224/2224/2224 2223/2223/2223
f 2225/2225/2225 2224/2224/2224 2222/2222/2222
f 2224/2224/2224 2225/2225/2225 2226/2226/2226
f 2227/2227/2227 2224/2224/2224 2226/2226/2226
f 2223/2223/2223 2224/2224/2224 2227/2227/2227
f 2225/2225/2225 2228/2228/2228 2226/2226/2226
f 2225/2225/2225 2229/2229/2229 2228/2228/2228
f 2229/2229/2229 2230/2230/2230 2228/2228/2228
f 2229/2229/2229 2231/2231/2231 2230/2230/2230
f 2232/2232/2232 2230/2230/2230 2231/2231/2231
f 2232/2232/2232 2233/2233/2233 2230/2230/2230
f 2234/2234/2234 2233/2233/2233 2232/2232/2232
f 2234/2234/2234 2232/2232/2232 2235/2235/2235
f 2235/2235/2235 2236/2236/2236 2234/2234/2234
f 2235/2235/2235 2237/2237/2237 2236/2236/2236
f 2238/2238/2238 2236/2236/2236 2237/2237/2237
f 2238/2238/2238 2239/2239/2239 2236/2236/2236
f 2239/2239/2239 2238/2238/2238 2240/2240/2240
f 2239/2239/2239 2240/2240/2240 2241/2241/2241
f 2242/2242/2242 2241/2241/2241 2240/2240/2240
f 2242/2242/2242 2243/2243/2243 2241/2241/2241
f 2243/2243/2243 2242/2242/2242 2244/2244/2244
f 2245/2245/2245 2243/2243/2243 2244/2244/2244
f 2245/2245/2245 2246/2246/2246 2243/2243/2243
f 2247/2247/2247 2246/2246/2246 2245/2245/2245
f 2247/2247/2247 2248/2248/2248 2246/2246/2246
f 2249/2249/2249 2248/2248/2248 2247/2247/2247
f 2249/2249/2249 2250/2250/2250 2248/2248/2248
f 2251/2251/2251 2252/2252/2252 2253/2253/2253
f 2251/2251/2251 2253/2253/2253 2254/2254/2254
f 2254/2254/2254 2253/2253/2253 2255/2255/2255
f 2251/2251/2251 2256/2256/2256 2252/2252/2252
f 2251/2251/2251 2257/2257/2257 2256/2256/2256
f 2254/2254/2254 2255/2255/2255 2258/2258/2258
f 2259/2259/2259 2256/2256/2256 2257/2257/2257
f 2259/2259/2259 2260/2260/2260 2256/2256/2256
f 2261/2261/2261 2260/2260/2260 2259/2259/2259
f 2261/2261/2261 2262/2262/2262 2260/2260/2260
f 2263/2263/2263 2264/2264/2264 2265/2265/2265
f 2266/2266/2266 2264/2264/2264 2263/2263/2263
f 2263/2263/2263 2265/2265/2265 2267/2267/2267
f 2267/2267/2267 2265/2265/2265 2268/2268/2268
f 2267/2267/2267 2268/2268/2268 2269/2269/2269
f 2266/2266/2266 2263/2263/2263 2270/2270/2270
f 2271/2271/2271 2266/2266/2266 2270/2270/2270
f 2271/2271/2271 2272/2272/2272 2266/2266/2266
f 2273/2273/2273 2274/2274/2274 2275/2275/2275
f 2276/2276/2276 2274/2274/2274 2273/2273/2273
f 2277/2277/2277 2274/2274/2274 2276/2276/2276
f 2278/2278/2278 2273/2273/2273 2275/2275/2275
f 2278/2278/2278 2279/2279/2279 2273/2273/2273
f 2278/2278/2278 2280/2280/2280 2279/2279/2279
f 2278/2278/2278 2281/2281/2281 2280/2280/2280
f 2281/2281/2281 2282/2282/2282 2280/2280/2280
f 2280/2280/2280 2282/2282/2282 2283/2283/2283
f 2283/2283/2283 2282/2282/2282 2284/2284/2284
f 2285/2285/2285 2283/2283/2283 2284/2284/2284
f 2285/2285/2285 2286/2286/2286 2283/2283/2283
f 2284/2284/2284 2287/2287/2287 2285/2285/2285
f 2284/2284/2284 2288/2288/2288 2287/2287/2287
f 2289/2289/2289 2286/2286/2286 2285/2285/2285
f 2289/2289/2289 2290/2290/2290 2286/2286/2286
f 2289/2289/2289 2291/2291/2291 2290/2290/2290
f 2289/2289/2289 2292/2292/2292 2291/2291/2291
f 2293/2293/2293 2291/2291/2291 2292/2292/2292
f 2293/2293/2293 2294/2294/2294 2291/2291/2291
f 2295/2295/2295 2294/2294/2294 2293/2293/2293
f 2295/2295/2295 2296/2296/2296 2294/2294/2294
f 2295/2295/2295 2297/2297/2297 2296/2296/2296
f 2295/2295/2295 2298/2298/2298 2297/2297/2297
f 2298/2298/2298 2299/2299/2299 2297/2297/2297
f 2298/2298/2298 2300/2300/2300 2299/2299/2299
f 2301/2301/2301 2299/2299/2299 2300/2300/2300
f 2301/2301/2301 2300/2300/2300 2302/2302/2302
f 2301/2301/2301 2302/2302/2302 2303/2303/2303
f 2302/2302/2302 2304/2304/2304 2303/2303/2303
f 2302/2302/2302 2305/2305/2305 2304/2304/2304
f 2305/2305/2305 2306/2306/2306 2304/2304/2304
f 2305/2305/2305 2307/2307/2307 2306/2306/2306
f 2308/2308/2308 2306/2306/2306 2307/2307/2307
f 2308/2308/2308 2307/2307/2307 2309/2309/2309
f 2310/2310/2310 2311/2311/2311 2312/2312/2312
f 2310/2310/2310 2312/2312/2312 2313/2313/2313
f 2312/2312/2312 2314/2314/2314 2313/2313/2313
f 2312/2312/2312 2315/2315/2315 2314/2314/2314
f 2316/2316/2316 2311/2311/2311 2310/2310/2310
f 2316/2316/2316 2317/2317/2317 2311/2311/2311
f 2318/2318/2318 2317/2317/2317 2316/2316/2316
f 2318/2318/2318 2319/2319/2319 2317/2317/2317
f 2320/2320/2320 2321/2321/2321 2322/2322/2322
f 2320/2320/2320 2322/2322/2322 2323/2323/2323
f 2324/2324/2324 2321/2321/2321 2320/2320/2320
f 2324/2324/2324 2325/2325/2325 2321/2321/2321
f 2326/2326/2326 2325/2325/2325 2324/2324/2324
f 2326/2326/2326 2324/2324/2324 2327/2327/2327
f 2328/2328/2328 2329/2329/2329 2330/2330/2330
f 2331/2331/2331 2329/2329/2329 2328/2328/2328
f 2328/2328/2328 2330/2330/2330 2332/2332/2332
f 2332/2332/2332 2330/2330/2330 2333/2333/2333
f 2332/2332/2332 2333/2333/2333 2334/2334/2334
f 2331/2331/2331 2328/2328/2328 2335/2335/2335
f 2336/2336/2336 2331/2331/2331 2335/2335/2335
f 2336/2336/2336 2337/2337/2337 2331/2331/2331
f 2338/2338/2338 2339/2339/2339 2340/2340/2340
f 2341/2341/2341 2339/2339/2339 2338/2338/2338
f 2338/2338/2338 2340/2340/2340 2342/2342/2342
f 2341/2341/2341 2338/2338/2338 2343/2343/2343
f 2340/2340/2340 2344/2344/2344 2342/2342/2342
f 2340/2340/2340 2345/2345/2345 2344/2344/2344
f 2346/2346/2346 2347/2347/2347 2348/2348/2348
f 2349/2349/2349 2348/2348/2348 2347/2347/2347
f 2346/2346/2346 2348/2348/2348 2350/2350/2350
f 2351/2351/2351 2346/2346/2346 2350/2350/2350
f 2349/2349/2349 2347/2347/2347 2352/2352/2352
f 2351/2351/2351 2350/2350/2350 2353/2353/2353
f 2354/2354/2354 2355/2355/2355 2356/2356/2356
f 2354/2354/2354 2356/2356/2356 2357/2357/2357
f 2358/2358/2358 2354/2354/2354 2357/2357/2357
f 2358/2358/2358 2357/2357/2357 2359/2359/2359
f 2360/2360/2360 2358/2358/2358 2359/2359/2359
f 2360/2360/2360 2359/2359/2359 2361/2361/2361
f 2362/2362/2362 2363/2363/2363 2364/2364/2364
f 2362/2362/2362 2364/2364/2364 2365/2365/2365
f 2362/2362/2362 2365/2365/2365 2366/2366/2366
f 2367/2367/2367 2366/2366/2366 2365/2365/2365
f 2368/2368/2368 2366/2366/2366 2367/2367/2367
f 2369/2369/2369 2366/2366/2366 2368/2368/2368
f 2369/2369/2369 2370/2370/2370 2366/2366/2366
f 2362/2362/2362 2366/2366/2366 2370/2370/2370
f 2371/2371/2371 2370/2370/2370 2369/2369/2369
f 2372/2372/2372 2369/2369/2369 2368/2368/2368
f 2373/2373/2373 2369/2369/2369 2372/2372/2372
f 2371/2371/2371 2369/2369/2369 2373/2373/2373
f 2370/2370/2370 2371/2371/2371 2374/2374/2374
f 2374/2374/2374 2363/2363/2363 2362/2362/2362
f 2370/2370/2370 2374/2374/2374 2362/2362/2362
f 2374/2374/2374 2375/2375/2375 2363/2363/2363
f 2373/2373/2373 2372/2372/2372 2376/2376/2376
f 2377/2377/2377 2373/2373/2373 2376/2376/2376
f 2377/2377/2377 2376/2376/2376 2378/2378/2378
f 2364/2364/2364 2379/2379/2379 2365/2365/2365
f 2367/2367/2367 2365/2365/2365 2379/2379/2379
f 2364/2364/2364 2380/2380/2380 2379/2379/2379
f 2368/2368/2368 2367/2367/2367 2381/2381/2381
f 2382/2382/2382 2368/2368/2368 2381/2381/2381
f 2372/2372/2372 2368/2368/2368 2382/2382/2382
f 2381/2381/2381 2367/2367/2367 2383/2383/2383
f 2382/2382/2382 2381/2381/2381 2384/2384/2384
f 2384/2384/2384 2381/2381/2381 2385/2385/2385
f 2381/2381/2381 2383/2383/2383 2385/2385/2385
f 2384/2384/2384 2385/2385/2385 2386/2386/2386
f 2387/2387/2387 2388/2388/2388 2389/2389/2389
f 2388/2388/2388 2387/2387/2387 2390/2390/2390
f 2387/2387/2387 2389/2389/2389 2391/2391/2391
f 2391/2391/2391 2389/2389/2389 2392/2392/2392
f 2391/2391/2391 2392/2392/2392 2393/2393/2393
f 2388/2388/2388 2390/2390/2390 2394/2394/2394
f 2395/2395/2395 2394/2394/2394 2390/2390/2390
f 2395/2395/2395 2396/2396/2396 2394/2394/2394
f 2397/2397/2397 2396/2396/2396 2395/2395/2395
f 2397/2397/2397 2398/2398/2398 2396/2396/2396
f 2399/2399/2399 2400/2400/2400 2401/2401/2401
f 2400/2400/2400 2399/2399/2399 2402/2402/2402
f 2402/2402/2402 2399/2399/2399 2403/2403/2403
f 2404/2404/2404 2402/2402/2402 2403/2403/2403
f 2404/2404/2404 2403/2403/2403 2405/2405/2405
f 2405/2405/2405 2406/2406/2406 2404/2404/2404
f 2404/2404/2404 2406/2406/2406 2407/2407/2407
f 2408/2408/2408 2407/2407/2407 2406/2406/2406
f 2409/2409/2409 2407/2407/2407 2408/2408/2408
f 2410/2410/2410 2407/2407/2407 2409/2409/2409
f 2411/2411/2411 2407/2407/2407 2410/2410/2410
f 2411/2411/2411 2410/2410/2410 2412/2412/2412
f 2411/2411/2411 2412/2412/2412 2413/2413/2413
f 2411/2411/2411 2413/2413/2413 2414/2414/2414
f 2411/2411/2411 2414/2414/2414 2415/2415/2415
f 2411/2411/2411 2415/2415/2415 2416/2416/2416
f 2416/2416/2416 2415/2415/2415 2417/2417/2417
f 2416/2416/2416 2417/2417/2417 2418/2418/2418
f 2411/2411/2411 2419/2419/2419 2407/2407/2407
f 2419/2419/2419 2420/2420/2420 2407/2407/2407
f 2419/2419/2419 2411/2411/2411 2421/2421/2421
f 2421/2421/2421 2411/2411/2411 2422/2422/2422
f 2422/2422/2422 2411/2411/2411 2423/2423/2423
f 2416/2416/2416 2418/2418/2418 2424/2424/2424
f 2425/2425/2425 2424/2424/2424 2418/2418/2418
f 2425/2425/2425 2426/2426/2426 2424/2424/2424
f 2426/2426/2426 2425/2425/2425 2427/2427/2427
f 2407/2407/2407 2420/2420/2420 2428/2428/2428
f 2429/2429/2429 2430/2430/2430 2431/2431/2431
f 2429/2429/2429 2431/2431/2431 2432/2432/2432
f 2430/2430/2430 2433/2433/2433 2431/2431/2431
f 2430/2430/2430 2434/2434/2434 2433/2433/2433
f 2435/2435/2435 2433/2433/2433 2434/2434/2434
f 2436/2436/2436 2433/2433/2433 2435/2435/2435
f 2436/2436/2436 2431/2431/2431 2433/2433/2433
f 2436/2436/2436 2437/2437/2437 2431/2431/2431
f 2437/2437/2437 2432/2432/2432 2431/2431/2431
f 2438/2438/2438 2437/2437/2437 2436/2436/2436
f 2437/2437/2437 2439/2439/2439 2432/2432/2432
f 2440/2440/2440 2436/2436/2436 2435/2435/2435
f 2436/2436/2436 2440/2440/2440 2441/2441/2441
f 2438/2438/2438 2436/2436/2436 2441/2441/2441
f 2442/2442/2442 2438/2438/2438 2441/2441/2441
f 2443/2443/2443 2440/2440/2440 2435/2435/2435
f 2442/2442/2442 2441/2441/2441 2444/2444/2444
f 2441/2441/2441 2440/2440/2440 2444/2444/2444
f 2443/2443/2443 2435/2435/2435 2445/2445/2445
f 2443/2443/2443 2445/2445/2445 2446/2446/2446
f 2443/2443/2443 2446/2446/2446 2447/2447/2447
f 2448/2448/2448 2449/2449/2449 2450/2450/2450
f 2451/2451/2451 2450/2450/2450 2449/2449/2449
f 2450/2450/2450 2451/2451/2451 2452/2452/2452
f 2452/2452/2452 2451/2451/2451 2453/2453/2453
f 2454/2454/2454 2449/2449/2449 2448/2448/2448
f 2449/2449/2449 2454/2454/2454 2455/2455/2455
f 2448/2448/2448 2450/2450/2450 2456/2456/2456
f 2456/2456/2456 2450/2450/2450 2457/2457/2457
f 2458/2458/2458 2456/2456/2456 2457/2457/2457
f 2458/2458/2458 2459/2459/2459 2456/2456/2456
f 2459/2459/2459 2458/2458/2458 2460/2460/2460
f 2459/2459/2459 2460/2460/2460 2461/2461/2461
f 2462/2462/2462 2463/2463/2463 2464/2464/2464
f 2462/2462/2462 2464/2464/2464 2465/2465/2465
f 2466/2466/2466 2462/2462/2462 2465/2465/2465
f 2466/2466/2466 2467/2467/2467 2462/2462/2462
f 2467/2467/2467 2466/2466/2466 2468/2468/2468
f 2467/2467/2467 2468/2468/2468 2469/2469/2469
f 2470/2470/2470 2467/2467/2467 2469/2469/2469
f 2467/2467/2467 2470/2470/2470 2471/2471/2471
f 2467/2467/2467 2471/2471/2471 2462/2462/2462
f 2471/2471/2471 2463/2463/2463 2462/2462/2462
f 2471/2471/2471 2472/2472/2472 2463/2463/2463
f 2470/2470/2470 2469/2469/2469 2473/2473/2473
f 2473/2473/2473 2469/2469/2469 2474/2474/2474
f 2473/2473/2473 2475/2475/2475 2470/2470/2470
f 2473/2473/2473 2474/2474/2474 2476/2476/2476
f 2475/2475/2475 2473/2473/2473 2476/2476/2476
f 2472/2472/2472 2471/2471/2471 2477/2477/2477
f 2477/2477/2477 2470/2470/2470 2475/2475/2475
f 2471/2471/2471 2470/2470/2470 2477/2477/2477
f 2477/2477/2477 2475/2475/2475 2478/2478/2478
f 2477/2477/2477 2478/2478/2478 2479/2479/2479
f 2479/2479/2479 2478/2478/2478 2480/2480/2480
f 2479/2479/2479 2480/2480/2480 2481/2481/2481
f 2482/2482/2482 2483/2483/2483 2484/2484/2484
f 2485/2485/2485 2484/2484/2484 2483/2483/2483
f 2486/2486/2486 2484/2484/2484 2485/2485/2485
f 2487/2487/2487 2483/2483/2483 2482/2482/2482
f 2487/2487/2487 2482/2482/2482 2488/2488/2488
f 2488/2488/2488 2482/2482/2482 2489/2489/2489
f 2490/2490/2490 2491/2491/2491 2492/2492/2492
f 2490/2490/2490 2492/2492/2492 2493/2493/2493
f 2491/2491/2491 2494/2494/2494 2492/2492/2492
f 2491/2491/2491 2495/2495/2495 2494/2494/2494
f 2496/2496/2496 2497/2497/2497 2498/2498/2498
f 2496/2496/2496 2498/2498/2498 2499/2499/2499
f 2500/2500/2500 2496/2496/2496 2499/2499/2499
f 2500/2500/2500 2499/2499/2499 2501/2501/2501
f 2502/2502/2502 2503/2503/2503 2504/2504/2504
f 2502/2502/2502 2504/2504/2504 2505/2505/2505
f 2505/2505/2505 2504/2504/2504 2506/2506/2506
f 2505/2505/2505 2506/2506/2506 2507/2507/2507
f 2508/2508/2508 2509/2509/2509 2510/2510/2510
f 2508/2508/2508 2510/2510/2510 2511/2511/2511
f 2509/2509/2509 2512/2512/2512 2510/2510/2510
f 2509/2509/2509 2513/2513/2513 2512/2512/2512
f 2514/2514/2514 2515/2515/2515 2516/2516/2516
f 2514/2514/2514 2516/2516/2516 2517/2517/2517
f 2518/2518/2518 2515/2515/2515 2514/2514/2514
f 2518/2518/2518 2519/2519/2519 2515/2515/2515
f 2520/2520/2520 2521/2521/2521 2522/2522/2522
f 2520/2520/2520 2522/2522/2522 2523/2523/2523
f 2520/2520/2520 2523/2523/2523 2524/2524/2524
f 2520/2520/2520 2524/2524/2524 2525/2525/2525
f 2526/2526/2526 2527/2527/2527 2528/2528/2528
f 2526/2526/2526 2528/2528/2528 2529/2529/2529
f 2529/2529/2529 2528/2528/2528 2530/2530/2530
f 2529/2529/2529 2530/2530/2530 2531/2531/2531
f 2532/2532/2532 2527/2527/2527 2526/2526/2526
f 2532/2532/2532 2533/2533/2533 2527/2527/2527
f 2534/2534/2534 2533/2533/2533 2532/2532/2532
f 2534/2534/2534 2532/2532/2532 2535/2535/2535
f 2536/2536/2536 2537/2537/2537 2538/2538/2538
f 2537/2537/2537 2536/2536/2536 2539/2539/2539
f 2539/2539/2539 2536/2536/2536 2540/2540/2540
f 2541/2541/2541 2540/2540/2540 2536/2536/2536
f 2542/2542/2542 2541/2541/2541 2536/2536/2536
f 2543/2543/2543 2540/2540/2540 2541/2541/2541
f 2540/2540/2540 2543/2543/2543 2544/2544/2544
f 2542/2542/2542 2536/2536/2536 2545/2545/2545
f 2546/2546/2546 2542/2542/2542 2545/2545/2545
f 2546/2546/2546 2545/2545/2545 2547/2547/2547
f 2548/2548/2548 2546/2546/2546 2547/2547/2547
f 2548/2548/2548 2549/2549/2549 2546/2546/2546
f 2550/2550/2550 2549/2549/2549 2548/2548/2548
f 2550/2550/2550 2548/2548/2548 2551/2551/2551
f 2552/2552/2552 2553/2553/2553 2554/2554/2554
f 2552/2552/2552 2554/2554/2554 2555/2555/2555
f 2556/2556/2556 2552/2552/2552 2555/2555/2555
f 2556/2556/2556 2555/2555/2555 2557/2557/2557
f 2557/2557/2557 2558/2558/2558 2556/2556/2556
f 2557/2557/2557 2559/2559/2559 2558/2558/2558
f 2560/2560/2560 2558/2558/2558 2559/2559/2559
f 2560/2560/2560 2559/2559/2559 2561/2561/2561
f 2561/2561/2561 2562/2562/2562 2560/2560/2560
f 2561/2561/2561 2563/2563/2563 2562/2562/2562
f 2563/2563/2563 2564/2564/2564 2562/2562/2562
f 2563/2563/2563 2565/2565/2565 2564/2564/2564
f 2566/2566/2566 2567/2567/2567 2568/2568/2568
f 2566/2566/2566 2568/2568/2568 2569/2569/2569
f 2566/2566/2566 2569/2569/2569 2570/2570/2570
f 2571/2571/2571 2568/2568/2568 2567/2567/2567
f 2571/2571/2571 2572/2572/2572 2568/2568/2568
f 2573/2573/2573 2572/2572/2572 2571/2571/2571
f 2573/2573/2573 2574/2574/2574 2572/2572/2572
f 2573/2573/2573 2575/2575/2575 2574/2574/2574
f 2573/2573/2573 2576/2576/2576 2575/2575/2575
f 2576/2576/2576 2577/2577/2577 2575/2575/2575
f 2576/2576/2576 2578/2578/2578 2577/2577/2577
f 2578/2578/2578 2579/2579/2579 2577/2577/2577
f 2578/2578/2578 2580/2580/2580 2579/2579/2579
f 2580/2580/2580 2570/2570/2570 2579/2579/2579
f 2580/2580/2580 2581/2581/2581 2570/2570/2570
f 2566/2566/2566 2570/2570/2570 2581/2581/2581
f 2582/2582/2582 2583/2583/2583 2584/2584/2584
f 2582/2582/2582 2584/2584/2584 2585/2585/2585
f 2586/2586/2586 2585/2585/2585 2584/2584/2584
f 2586/2586/2586 2584/2584/2584 2587/2587/2587
f 2588/2588/2588 2586/2586/2586 2587/2587/2587
f 2588/2588/2588 2587/2587/2587 2589/2589/2589
f 2590/2590/2590 2588/2588/2588 2589/2589/2589
f 2590/2590/2590 2589/2589/2589 2591/2591/2591
f 2590/2590/2590 2591/2591/2591 2592/2592/2592
f 2590/2590/2590 2592/2592/2592 2593/2593/2593
f 2593/2593/2593 2592/2592/2592 2594/2594/2594
f 2593/2593/2593 2594/2594/2594 2595/2595/2595
f 2596/2596/2596 2595/2595/2595 2594/2594/2594
f 2582/2582/2582 2596/2596/2596 2597/2597/2597
f 2596/2596/2596 2594/2594/2594 2597/2597/2597
f 2582/2582/2582 2597/2597/2597 2583/2583/2583
f 2598/2598/2598 2599/2599/2599 2600/2600/2600
f 2598/2598/2598 2600/2600/2600 2601/2601/2601
f 2601/2601/2601 2600/2600/2600 2602/2602/2602
f 2601/2601/2601 2602/2602/2602 2603/2603/2603
f 2604/2604/2604 2605/2605/2605 2606/2606/2606
f 2604/2604/2604 2606/2606/2606 2607/2607/2607
f 2607/2607/2607 2606/2606/2606 2608/2608/2608
f 2607/2607/2607 2608/2608/2608 2609/2609/2609
f 2610/2610/2610 2611/2611/2611 2612/2612/2612
f 2611/2611/2611 2610/2610/2610 2613/2613/2613
f 2610/2610/2610 2612/2612/2612 2614/2614/2614
f 2611/2611/2611 2613/2613/2613 2615/2615/2615
f 2616/2616/2616 2615/2615/2615 2613/2613/2613
f 2616/2616/2616 2617/2617/2617 2615/2615/2615
f 2617/2617/2617 2616/2616/2616 2618/2618/2618
f 2617/2617/2617 2618/2618/2618 2619/2619/2619
f 2620/2620/2620 2619/2619/2619 2618/2618/2618
f 2620/2620/2620 2621/2621/2621 2619/2619/2619
f 2622/2622/2622 2623/2623/2623 2624/2624/2624
f 2623/2623/2623 2622/2622/2622 2625/2625/2625
f 2622/2622/2622 2624/2624/2624 2626/2626/2626
f 2627/2627/2627 2626/2626/2626 2624/2624/2624
f 2623/2623/2623 2625/2625/2625 2628/2628/2628
f 2625/2625/2625 2629/2629/2629 2628/2628/2628
f 2625/2625/2625 2630/2630/2630 2629/2629/2629
f 2631/2631/2631 2629/2629/2629 2630/2630/2630
f 2631/2631/2631 2632/2632/2632 2629/2629/2629
f 2633/2633/2633 2632/2632/2632 2631/2631/2631
f 2633/2633/2633 2634/2634/2634 2632/2632/2632
f 2627/2627/2627 2624/2624/2624 2635/2635/2635
f 2636/2636/2636 2627/2627/2627 2635/2635/2635
f 2636/2636/2636 2635/2635/2635 2637/2637/2637
f 2638/2638/2638 2639/2639/2639 2640/2640/2640
f 2641/2641/2641 2639/2639/2639 2638/2638/2638
f 2638/2638/2638 2640/2640/2640 2642/2642/2642
f 2640/2640/2640 2643/2643/2643 2642/2642/2642
f 2640/2640/2640 2644/2644/2644 2643/2643/2643
f 2645/2645/2645 2643/2643/2643 2644/2644/2644
f 2645/2645/2645 2644/2644/2644 2646/2646/2646
f 2641/2641/2641 2638/2638/2638 2647/2647/2647
f 2648/2648/2648 2649/2649/2649 2650/2650/2650
f 2648/2648/2648 2650/2650/2650 2651/2651/2651
f 2652/2652/2652 2651/2651/2651 2650/2650/2650
f 2652/2652/2652 2653/2653/2653 2651/2651/2651
f 2654/2654/2654 2655/2655/2655 2656/2656/2656
f 2657/2657/2657 2656/2656/2656 2655/2655/2655
f 2654/2654/2654 2656/2656/2656 2658/2658/2658
f 2657/2657/2657 2655/2655/2655 2659/2659/2659
f 2660/2660/2660 2661/2661/2661 2662/2662/2662
f 2660/2660/2660 2662/2662/2662 2663/2663/2663
f 2664/2664/2664 2660/2660/2660 2663/2663/2663
f 2664/2664/2664 2663/2663/2663 2665/2665/2665
f 2666/2666/2666 2664/2664/2664 2665/2665/2665
f 2666/2666/2666 2665/2665/2665 2667/2667/2667
f 2661/2661/2661 2668/2668/2668 2662/2662/2662
f 2661/2661/2661 2669/2669/2669 2668/2668/2668
f 2670/2670/2670 2668/2668/2668 2669/2669/2669
f 2670/2670/2670 2669/2669/2669 2671/2671/2671
f 2672/2672/2672 2673/2673/2673 2674/2674/2674
f 2672/2672/2672 2674/2674/2674 2675/2675/2675
f 2676/2676/2676 2677/2677/2677 2678/2678/2678
f 2676/2676/2676 2678/2678/2678 2679/2679/2679
f 2680/2680/2680 2681/2681/2681 2682/2682/2682
f 2681/2681/2681 2680/2680/2680 2683/2683/2683
f 2680/2680/2680 2682/2682/2682 2684/2684/2684
f 2681/2681/2681 2683/2683/2683 2685/2685/2685
f 2686/2686/2686 2687/2687/2687 2688/2688/2688
f 2686/2686/2686 2688/2688/2688 2689/2689/2689
f 2690/2690/2690 2691/2691/2691 2692/2692/2692
f 2692/2692/2692 2691/2691/2691 2693/2693/2693
f 2690/2690/2690 2692/2692/2692 2694/2694/2694
f 2692/2692/2692 2693/2693/2693 2695/2695/2695
f 2693/2693/2693 2696/2696/2696 2695/2695/2695
f 2693/2693/2693 2697/2697/2697 2696/2696/2696
f 2698/2698/2698 2699/2699/2699 2700/2700/2700
f 2698/2698/2698 2700/2700/2700 2701/2701/2701
f 2699/2699/2699 2702/2702/2702 2700/2700/2700
f 2699/2699/2699 2703/2703/2703 2702/2702/2702
f 2704/2704/2704 2705/2705/2705 2706/2706/2706
f 2704/2704/2704 2706/2706/2706 2707/2707/2707
f 2708/2708/2708 2706/2706/2706 2705/2705/2705
f 2709/2709/2709 2705/2705/2705 2704/2704/2704
f 2709/2709/2709 2710/2710/2710 2705/2705/2705
f 2704/2704/2704 2711/2711/2711 2709/2709/2709
f 2704/2704/2704 2712/2712/2712 2711/2711/2711
f 2708/2708/2708 2705/2705/2705 2713/2713/2713
f 2714/2714/2714 2708/2708/2708 2713/2713/2713
f 2714/2714/2714 2713/2713/2713 2715/2715/2715
f 2716/2716/2716 2717/2717/2717 2718/2718/2718
f 2716/2716/2716 2718/2718/2718 2719/2719/2719
f 2720/2720/2720 2721/2721/2721 2722/2722/2722
f 2720/2720/2720 2722/2722/2722 2723/2723/2723
f 2721/2721/2721 2724/2724/2724 2722/2722/2722
f 2721/2721/2721 2725/2725/2725 2724/2724/2724
f 2725/2725/2725 2726/2726/2726 2724/2724/2724
f 2725/2725/2725 2727/2727/2727 2726/2726/2726
f 2727/2727/2727 2728/2728/2728 2726/2726/2726
f 2727/2727/2727 2729/2729/2729 2728/2728/2728
f 2728/2728/2728 2729/2729/2729 2730/2730/2730
f 2728/2728/2728 2730/2730/2730 2731/2731/2731
f 2732/2732/2732 2733/2733/2733 2734/2734/2734
f 2732/2732/2732 2735/2735/2735 2733/2733/2733
f 2736/2736/2736 2732/2732/2732 2734/2734/2734
f 2732/2732/2732 2736/2736/2736 2737/2737/2737
f 2736/2736/2736 2734/2734/2734 2738/2738/2738
f 2732/2732/2732 2737/2737/2737 2739/2739/2739
f 2740/2740/2740 2734/2734/2734 2733/2733/2733
f 2740/2740/2740 2741/2741/2741 2734/2734/2734
f 2742/2742/2742 2741/2741/2741 2740/2740/2740
f 2742/2742/2742 2743/2743/2743 2741/2741/2741
f 2744/2744/2744 2745/2745/2745 2746/2746/2746
f 2744/2744/2744 2746/2746/2746 2747/2747/2747
f 2748/2748/2748 2749/2749/2749 2750/2750/2750
f 2748/2748/2748 2750/2750/2750 2751/2751/2751
f 2751/2751/2751 2750/2750/2750 2752/2752/2752
f 2751/2751/2751 2752/2752/2752 2753/2753/2753
f 2753/2753/2753 2752/2752/2752 2754/2754/2754
f 2753/2753/2753 2754/2754/2754 2755/2755/2755
f 2755/2755/2755 2754/2754/2754 2756/2756/2756
f 2755/2755/2755 2756/2756/2756 2757/2757/2757
f 2758/2758/2758 2757/2757/2757 2756/2756/2756
f 2758/2758/2758 2756/2756/2756 2759/2759/2759
f 2760/2760/2760 2761/2761/2761 2762/2762/2762
f 2760/2760/2760 2762/2762/2762 2763/2763/2763
f 2764/2764/2764 2761/2761/2761 2760/2760/2760
f 2764/2764/2764 2765/2765/2765 2761/2761/2761
f 2766/2766/2766 2765/2765/2765 2764/2764/2764
f 2766/2766/2766 2767/2767/2767 2765/2765/2765
f 2768/2768/2768 2767/2767/2767 2766/2766/2766
f 2768/2768/2768 2769/2769/2769 2767/2767/2767
f 2770/2770/2770 2769/2769/2769 2768/2768/2768
f 2770/2770/2770 2771/2771/2771 2769/2769/2769
f 2772/2772/2772 2773/2773/2773 2774/2774/2774
f 2772/2772/2772 2774/2774/2774 2775/2775/2775
f 2776/2776/2776 2777/2777/2777 2778/2778/2778
f 2776/2776/2776 2778/2778/2778 2779/2779/2779
f 2780/2780/2780 2781/2781/2781 2782/2782/2782
f 2780/2780/2780 2782/2782/2782 2783/2783/2783
f 2783/2783/2783 2782/2782/2782 2784/2784/2784
f 2783/2783/2783 2784/2784/2784 2785/2785/2785
f 2786/2786/2786 2787/2787/2787 2788/2788/2788
f 2786/2786/2786 2788/2788/2788 2789/2789/2789
f 2790/2790/2790 2787/2787/2787 2786/2786/2786
f 2790/2790/2790 2791/2791/2791 2787/2787/2787
f 2791/2791/2791 2790/2790/2790 2792/2792/2792
f 2791/2791/2791 2792/2792/2792 2793/2793/2793
f 2794/2794/2794 2789/2789/2789 2788/2788/2788
f 2794/2794/2794 2795/2795/2795 2789/2789/2789
f 2794/2794/2794 2796/2796/2796 2795/2795/2795
f 2797/2797/2797 2795/2795/2795 2796/2796/2796
f 2795/2795/2795 2797/2797/2797 2798/2798/2798
f 2798/2798/2798 2797/2797/2797 2799/2799/2799
f 2800/2800/2800 2796/2796/2796 2794/2794/2794
f 2796/2796/2796 2800/2800/2800 2801/2801/2801
f 2802/2802/2802 2803/2803/2803 2804/2804/2804
f 2802/2802/2802 2804/2804/2804 2805/2805/2805
f 2806/2806/2806 2807/2807/2807 2808/2808/2808
f 2806/2806/2806 2808/2808/2808 2809/2809/2809
f 2810/2810/2810 2807/2807/2807 2806/2806/2806
f 2810/2810/2810 2811/2811/2811 2807/2807/2807
f 2812/2812/2812 2813/2813/2813 2814/2814/2814
f 2812/2812/2812 2814/2814/2814 2815/2815/2815
f 2816/2816/2816 2817/2817/2817 2818/2818/2818
f 2816/2816/2816 2818/2818/2818 2819/2819/2819
f 2820/2820/2820 2817/2817/2817 2816/2816/2816
f 2820/2820/2820 2821/2821/2821 2817/2817/2817
f 2822/2822/2822 2823/2823/2823 2824/2824/2824
f 2822/2822/2822 2824/2824/2824 2825/2825/2825
f 2826/2826/2826 2823/2823/2823 2822/2822/2822
f 2826/2826/2826 2827/2827/2827 2823/2823/2823
f 2828/2828/2828 2827/2827/2827 2826/2826/2826
f 2828/2828/2828 2829/2829/2829 2827/2827/2827
f 2830/2830/2830 2829/2829/2829 2828/2828/2828
f 2830/2830/2830 2831/2831/2831 2829/2829/2829
f 2832/2832/2832 2831/2831/2831 2830/2830/2830
f 2832/2832/2832 2833/2833/2833 2831/2831/2831
f 2834/2834/2834 2835/2835/2835 2836/2836/2836
f 2834/2834/2834 2836/2836/2836 2837/2837/2837
f 2838/2838/2838 2839/2839/2839 2840/2840/2840
f 2838/2838/2838 2840/2840/2840 2841/2841/2841
f 2842/2842/2842 2843/2843/2843 2844/2844/2844
f 2842/2842/2842 2844/2844/2844 2845/2845/2845
f 2846/2846/2846 2843/2843/2843 2842/2842/2842
f 2846/2846/2846 2847/2847/2847 2843/2843/2843
f 2848/2848/2848 2849/2849/2849 2850/2850/2850
f 2848/2848/2848 2850/2850/2850 2851/2851/2851
f 2852/2852/2852 2853/2853/2853 2854/2854/2854
f 2852/2852/2852 2854/2854/2854 2855/2855/2855
f 2856/2856/2856 2857/2857/2857 2858/2858/2858
f 2857/2857/2857 2856/2856/2856 2859/2859/2859
f 2859/2859/2859 2856/2856/2856 2860/2860/2860
f 2861/2861/2861 2860/2860/2860 2856/2856/2856
f 2862/2862/2862 2860/2860/2860 2861/2861/2861
f 2858/2858/2858 2857/2857/2857 2863/2863/2863
f 2858/2858/2858 2863/2863/2863 2864/2864/2864
f 2858/2858/2858 2864/2864/2864 2865/2865/2865
f 2858/2858/2858 2865/2865/2865 2866/2866/2866
f 2866/2866/2866 2865/2865/2865 2867/2867/2867
f 2868/2868/2868 2869/2869/2869 2870/2870/2870
f 2868/2868/2868 2870/2870/2870 2871/2871/2871
f 2872/2872/2872 2873/2873/2873 2874/2874/2874
f 2873/2873/2873 2872/2872/2872 2875/2875/2875
f 2876/2876/2876 2873/2873/2873 2875/2875/2875
f 2873/2873/2873 2876/2876/2876 2877/2877/2877
f 2878/2878/2878 2875/2875/2875 2872/2872/2872
f 2875/2875/2875 2878/2878/2878 2879/2879/2879
f 2872/2872/2872 2880/2880/2880 2878/2878/2878
f 2880/2880/2880 2881/2881/2881 2878/2878/2878
f 2882/2882/2882 2880/2880/2880 2872/2872/2872
f 2883/2883/2883 2882/2882/2882 2872/2872/2872
f 2884/2884/2884 2883/2883/2883 2872/2872/2872
f 2884/2884/2884 2872/2872/2872 2874/2874/2874
f 2882/2882/2882 2883/2883/2883 2885/2885/2885
f 2885/2885/2885 2883/2883/2883 2886/2886/2886
f 2886/2886/2886 2883/2883/2883 2887/2887/2887
f 2886/2886/2886 2887/2887/2887 2888/2888/2888
f 2876/2876/2876 2889/2889/2889 2877/2877/2877
f 2876/2876/2876 2890/2890/2890 2889/2889/2889
f 2887/2887/2887 2891/2891/2891 2888/2888/2888
f 2887/2887/2887 2892/2892/2892 2891/2891/2891
f 2879/2879/2879 2878/2878/2878 2893/2893/2893
f 2893/2893/2893 2878/2878/2878 2881/2881/2881
f 2881/2881/2881 2880/2880/2880 2894/2894/2894
f 2895/2895/2895 2896/2896/2896 2897/2897/2897
f 2895/2895/2895 2897/2897/2897 2898/2898/2898
f 2895/2895/2895 2898/2898/2898 2899/2899/2899
f 2895/2895/2895 2899/2899/2899 2900/2900/2900
f 2895/2895/2895 2900/2900/2900 2901/2901/2901
f 2901/2901/2901 2900/2900/2900 2902/2902/2902
f 2897/2897/2897 2896/2896/2896 2903/2903/2903
f 2903/2903/2903 2896/2896/2896 2904/2904/2904
f 2905/2905/2905 2904/2904/2904 2896/2896/2896
f 2906/2906/2906 2904/2904/2904 2905/2905/2905
f 2907/2907/2907 2908/2908/2908 2909/2909/2909
f 2907/2907/2907 2909/2909/2909 2910/2910/2910
f 2911/2911/2911 2912/2912/2912 2913/2913/2913
f 2911/2911/2911 2913/2913/2913 2914/2914/2914
f 2915/2915/2915 2912/2912/2912 2911/2911/2911
f 2915/2915/2915 2916/2916/2916 2912/2912/2912
f 2917/2917/2917 2918/2918/2918 2919/2919/2919
f 2917/2917/2917 2919/2919/2919 2920/2920/2920
f 2920/2920/2920 2919/2919/2919 2921/2921/2921
f 2920/2920/2920 2921/2921/2921 2922/2922/2922
f 2922/2922/2922 2921/2921/2921 2923/2923/2923
f 2922/2922/2922 2923/2923/2923 2924/2924/2924
f 2925/2925/2925 2926/2926/2926 2927/2927/2927
f 2925/2925/2925 2927/2927/2927 2928/2928/2928
f 2928/2928/2928 2927/2927/2927 2929/2929/2929
f 2928/2928/2928 2929/2929/2929 2930/2930/2930
f 2930/2930/2930 2929/2929/2929 2931/2931/2931
f 2930/2930/2930 2931/2931/2931 2932/2932/2932
f 2932/2932/2932 2931/2931/2931 2933/2933/2933
f 2932/2932/2932 2933/2933/2933 2934/2934/2934
f 2935/2935/2935 2936/2936/2936 2937/2937/2937
f 2935/2935/2935 2937/2937/2937 2938/2938/2938
f 2938/2938/2938 2937/2937/2937 2939/2939/2939
f 2938/2938/2938 2939/2939/2939 2940/2940/2940
f 2940/2940/2940 2939/2939/2939 2941/2941/2941
f 2940/2940/2940 2941/2941/2941 2942/2942/2942
f 2943/2943/2943 2944/2944/2944 2945/2945/2945
f 2946/2946/2946 2944/2944/2944 2943/2943/2943
f 2947/2947/2947 2944/2944/2944 2946/2946/2946
f 2944/2944/2944 2947/2947/2947 2948/2948/2948
f 2943/2943/2943 2945/2945/2945 2949/2949/2949
f 2949/2949/2949 2945/2945/2945 2950/2950/2950
f 2950/2950/2950 2945/2945/2945 2951/2951/2951
f 2952/2952/2952 2945/2945/2945 2944/2944/2944
f 2953/2953/2953 2945/2945/2945 2952/2952/2952
f 2945/2945/2945 2953/2953/2953 2954/2954/2954
f 2955/2955/2955 2956/2956/2956 2957/2957/2957
f 2958/2958/2958 2956/2956/2956 2955/2955/2955
f 2959/2959/2959 2956/2956/2956 2958/2958/2958
f 2956/2956/2956 2959/2959/2959 2960/2960/2960
f 2955/2955/2955 2957/2957/2957 2961/2961/2961
f 2955/2955/2955 2961/2961/2961 2962/2962/2962
f 2961/2961/2961 2957/2957/2957 2963/2963/2963
f 2957/2957/2957 2956/2956/2956 2964/2964/2964
f 2957/2957/2957 2964/2964/2964 2965/2965/2965
f 2964/2964/2964 2956/2956/2956 2966/2966/2966
f 2967/2967/2967 2968/2968/2968 2969/2969/2969
f 2970/2970/2970 2967/2967/2967 2969/2969/2969
f 2971/2971/2971 2968/2968/2968 2967/2967/2967
f 2972/2972/2972 2968/2968/2968 2971/2971/2971
f 2971/2971/2971 2973/2973/2973 2972/2972/2972
f 2971/2971/2971 2974/2974/2974 2973/2973/2973
f 2970/2970/2970 2969/2969/2969 2975/2975/2975
f 2976/2976/2976 2977/2977/2977 2978/2978/2978
f 2976/2976/2976 2978/2978/2978 2979/2979/2979
f 2978/2978/2978 2980/2980/2980 2979/2979/2979
f 2978/2978/2978 2981/2981/2981 2980/2980/2980
f 2982/2982/2982 2980/2980/2980 2981/2981/2981
f 2982/2982/2982 2983/2983/2983 2980/2980/2980
f 2984/2984/2984 2985/2985/2985 2986/2986/2986
f 2984/2984/2984 2986/2986/2986 2987/2987/2987
f 2988/2988/2988 2989/2989/2989 2990/2990/2990
f 2989/2989/2989 2988/2988/2988 2991/2991/2991
f 2992/2992/2992 2991/2991/2991 2988/2988/2988
f 2993/2993/2993 2991/2991/2991 2992/2992/2992
f 2991/2991/2991 2993/2993/2993 2994/2994/2994
f 2991/2991/2991 2994/2994/2994 2995/2995/2995
f 2995/2995/2995 2994/2994/2994 2996/2996/2996
f 2997/2997/2997 2990/2990/2990 2989/2989/2989
f 2998/2998/2998 2990/2990/2990 2997/2997/2997
f 2999/2999/2999 2998/2998/2998 2997/2997/2997
f 3000/3000/3000 2999/2999/2999 2997/2997/2997
f 3000/3000/3000 2997/2997/2997 3001/3001/3001
f 3002/3002/3002 2999/2999/2999 3000/3000/3000
f 3000/3000/3000 3001/3001/3001 3003/3003/3003
f 3004/3004/3004 2995/2995/2995 2996/2996/2996
f 3004/3004/3004 3005/3005/3005 2995/2995/2995
f 3005/3005/3005 3004/3004/3004 3006/3006/3006
f 3001/3001/3001 3007/3007/3007 3003/3003/3003
f 3003/3003/3003 3007/3007/3007 3008/3008/3008
f 3008/3008/3008 3007/3007/3007 3009/3009/3009
f 3009/3009/3009 3007/3007/3007 3010/3010/3010
f 3009/3009/3009 3011/3011/3011 3008/3008/3008
f 3011/3011/3011 3009/3009/3009 3012/3012/3012
f 3009/3009/3009 3010/3010/3010 3012/3012/3012
f 3012/3012/3012 3010/3010/3010 3013/3013/3013
f 3011/3011/3011 3012/3012/3012 3014/3014/3014
f 3012/3012/3012 3015/3015/3015 3014/3014/3014
f 3012/3012/3012 3013/3013/3013 3015/3015/3015
f 3014/3014/3014 3015/3015/3015 3016/3016/3016
f 3014/3014/3014 3016/3016/3016 3017/3017/3017
f 3016/3016/3016 3018/3018/3018 3017/3017/3017
f 3013/3013/3013 3018/3018/3018 3015/3015/3015
f 3015/3015/3015 3018/3018/3018 3016/3016/3016
f 3014/3014/3014 3017/3017/3017 3019/3019/3019
f 3019/3019/3019 3020/3020/3020 3014/3014/3014
f 3019/3019/3019 3021/3021/3021 3020/3020/3020
f 3022/3022/3022 3014/3014/3014 3020/3020/3020
f 3014/3014/3014 3022/3022/3022 3023/3023/3023
f 3014/3014/3014 3023/3023/3023 3011/3011/3011
f 3011/3011/3011 3023/3023/3023 3024/3024/3024
f 3011/3011/3011 3024/3024/3024 3025/3025/3025
f 3023/3023/3023 3022/3022/3022 3026/3026/3026
f 3027/3027/3027 3028/3028/3028 3029/3029/3029
f 3027/3027/3027 3029/3029/3029 3030/3030/3030
f 3030/3030/3030 3031/3031/3031 3027/3027/3027
f 3030/3030/3030 3032/3032/3032 3031/3031/3031
f 3032/3032/3032 3033/3033/3033 3031/3031/3031
f 3032/3032/3032 3034/3034/3034 3033/3033/3033
f 3035/3035/3035 3036/3036/3036 3037/3037/3037
f 3037/3037/3037 3036/3036/3036 3038/3038/3038
f 3037/3037/3037 3038/3038/3038 3039/3039/3039
f 3040/3040/3040 3039/3039/3039 3038/3038/3038
f 3039/3039/3039 3041/3041/3041 3037/3037/3037
f 3039/3039/3039 3042/3042/3042 3041/3041/3041
f 3043/3043/3043 3041/3041/3041 3042/3042/3042
f 3044/3044/3044 3037/3037/3037 3041/3041/3041
f 3044/3044/3044 3041/3041/3041 3043/3043/3043
f 3045/3045/3045 3042/3042/3042 3039/3039/3039
f 3045/3045/3045 3039/3039/3039 3040/3040/3040
f 3045/3045/3045 3040/3040/3040 3046/3046/3046
f 3047/3047/3047 3042/3042/3042 3045/3045/3045
f 3043/3043/3043 3042/3042/3042 3047/3047/3047
f 3048/3048/3048 3037/3037/3037 3044/3044/3044
f 3045/3045/3045 3046/3046/3046 3049/3049/3049
f 3050/3050/3050 3045/3045/3045 3049/3049/3049
f 3040/3040/3040 3051/3051/3051 3046/3046/3046
f 3040/3040/3040 3052/3052/3052 3051/3051/3051
f 3043/3043/3043 3053/3053/3053 3044/3044/3044
f 3044/3044/3044 3053/3053/3053 3054/3054/3054
f 3055/3055/3055 3053/3053/3053 3043/3043/3043
f 3050/3050/3050 3049/3049/3049 3056/3056/3056
f 3057/3057/3057 3050/3050/3050 3056/3056/3056
f 3057/3057/3057 3056/3056/3056 3058/3058/3058
f 3057/3057/3057 3058/3058/3058 3059/3059/3059
f 3057/3057/3057 3059/3059/3059 3060/3060/3060
f 3061/3061/3061 3057/3057/3057 3060/3060/3060
f 3061/3061/3061 3060/3060/3060 3062/3062/3062
f 3040/3040/3040 3063/3063/3063 3052/3052/3052
f 3064/3064/3064 3065/3065/3065 3066/3066/3066
f 3064/3064/3064 3066/3066/3066 3067/3067/3067
f 3064/3064/3064 3067/3067/3067 3068/3068/3068
f 3064/3064/3064 3068/3068/3068 3069/3069/3069
f 3069/3069/3069 3068/3068/3068 3070/3070/3070
f 3069/3069/3069 3070/3070/3070 3071/3071/3071
f 3072/3072/3072 3071/3071/3071 3070/3070/3070
f 3072/3072/3072 3070/3070/3070 3073/3073/3073
f 3074/3074/3074 3075/3075/3075 3076/3076/3076
f 3077/3077/3077 3075/3075/3075 3074/3074/3074
f 3074/3074/3074 3076/3076/3076 3078/3078/3078
f 3079/3079/3079 3074/3074/3074 3078/3078/3078
f 3077/3077/3077 3074/3074/3074 3080/3080/3080
f 3079/3079/3079 3080/3080/3080 3074/3074/3074
f 3079/3079/3079 3081/3081/3081 3080/3080/3080
f 3079/3079/3079 3078/3078/3078 3082/3082/3082
f 3083/3083/3083 3084/3084/3084 3085/3085/3085
f 3083/3083/3083 3085/3085/3085 3086/3086/3086
f 3083/3083/3083 3087/3087/3087 3084/3084/3084
f 3083/3083/3083 3088/3088/3088 3087/3087/3087
f 3089/3089/3089 3090/3090/3090 3091/3091/3091
f 3089/3089/3089 3091/3091/3091 3092/3092/3092
f 3093/3093/3093 3089/3089/3089 3092/3092/3092
f 3094/3094/3094 3089/3089/3089 3093/3093/3093
f 3089/3089/3089 3094/3094/3094 3095/3095/3095
f 3089/3089/3089 3095/3095/3095 3090/3090/3090
f 3093/3093/3093 3092/3092/3092 3096/3096/3096
f 3094/3094/3094 3093/3093/3093 3097/3097/3097
f 3098/3098/3098 3099/3099/3099 3100/3100/3100
f 3099/3099/3099 3098/3098/3098 3101/3101/3101
f 3098/3098/3098 3100/3100/3100 3102/3102/3102
f 3103/3103/3103 3098/3098/3098 3102/3102/3102
f 3103/3103/3103 3101/3101/3101 3098/3098/3098
f 3103/3103/3103 3104/3104/3104 3101/3101/3101
f 3105/3105/3105 3104/3104/3104 3103/3103/3103
f 3105/3105/3105 3106/3106/3106 3104/3104/3104
f 3105/3105/3105 3103/3103/3103 3107/3107/3107
f 3103/3103/3103 3102/3102/3102 3107/3107/3107
f 3099/3099/3099 3101/3101/3101 3108/3108/3108
f 3105/3105/3105 3109/3109/3109 3106/3106/3106
f 3105/3105/3105 3110/3110/3110 3109/3109/3109
f 3110/3110/3110 3105/3105/3105 3111/3111/3111
f 3105/3105/3105 3107/3107/3107 3111/3111/3111
f 3110/3110/3110 3111/3111/3111 3112/3112/3112
f 3113/3113/3113 3114/3114/3114 3115/3115/3115
f 3113/3113/3113 3115/3115/3115 3116/3116/3116
f 3113/3113/3113 3117/3117/3117 3114/3114/3114
f 3113/3113/3113 3118/3118/3118 3117/3117/3117
f 3119/3119/3119 3120/3120/3120 3121/3121/3121
f 3120/3120/3120 3119/3119/3119 3122/3122/3122
f 3119/3119/3119 3121/3121/3121 3123/3123/3123
f 3120/3120/3120 3124/3124/3124 3121/3121/3121
f 3120/3120/3120 3125/3125/3125 3124/3124/3124
f 3120/3120/3120 3126/3126/3126 3125/3125/3125
f 3125/3125/3125 3126/3126/3126 3127/3127/3127
f 3120/3120/3120 3128/3128/3128 3126/3126/3126
f 3120/3120/3120 3122/3122/3122 3128/3128/3128
f 3128/3128/3128 3122/3122/3122 3129/3129/3129
f 3126/3126/3126 3128/3128/3128 3130/3130/3130
f 3128/3128/3128 3129/3129/3129 3130/3130/3130
f 3126/3126/3126 3130/3130/3130 3127/3127/3127
f 3125/3125/3125 3127/3127/3127 3131/3131/3131
f 3132/3132/3132 3131/3131/3131 3127/3127/3127
f 3132/3132/3132 3127/3127/3127 3130/3130/3130
f 3133/3133/3133 3132/3132/3132 3130/3130/3130
f 3133/3133/3133 3130/3130/3130 3129/3129/3129
f 3134/3134/3134 3135/3135/3135 3136/3136/3136
f 3134/3134/3134 3136/3136/3136 3137/3137/3137
f 3134/3134/3134 3137/3137/3137 3138/3138/3138
f 3134/3134/3134 3138/3138/3138 3139/3139/3139
f 3140/3140/3140 3141/3141/3141 3142/3142/3142
f 3140/3140/3140 3142/3142/3142 3143/3143/3143
f 3140/3140/3140 3143/3143/3143 3144/3144/3144
f 3141/3141/3141 3145/3145/3145 3142/3142/3142
f 3141/3141/3141 3146/3146/3146 3145/3145/3145
f 3140/3140/3140 3144/3144/3144 3147/3147/3147
f 3148/3148/3148 3147/3147/3147 3144/3144/3144
f 3148/3148/3148 3144/3144/3144 3149/3149/3149
f 3150/3150/3150 3148/3148/3148 3149/3149/3149
f 3150/3150/3150 3149/3149/3149 3151/3151/3151
f 3152/3152/3152 3150/3150/3150 3151/3151/3151
f 3152/3152/3152 3151/3151/3151 3153/3153/3153
f 3152/3152/3152 3153/3153/3153 3154/3154/3154
f 3152/3152/3152 3154/3154/3154 3155/3155/3155
f 3155/3155/3155 3154/3154/3154 3156/3156/3156
f 3155/3155/3155 3156/3156/3156 3157/3157/3157
f 3158/3158/3158 3159/3159/3159 3160/3160/3160
f 3160/3160/3160 3159/3159/3159 3161/3161/3161
f 3159/3159/3159 3158/3158/3158 3162/3162/3162
f 3162/3162/3162 3158/3158/3158 3163/3163/3163
f 3164/3164/3164 3161/3161/3161 3159/3159/3159
f 3164/3164/3164 3165/3165/3165 3161/3161/3161
f 3163/3163/3163 3166/3166/3166 3162/3162/3162
f 3162/3162/3162 3166/3166/3166 3167/3167/3167
f 3167/3167/3167 3166/3166/3166 3168/3168/3168
f 3169/3169/3169 3170/3170/3170 3171/3171/3171
f 3172/3172/3172 3170/3170/3170 3169/3169/3169
f 3173/3173/3173 3172/3172/3172 3169/3169/3169
f 3174/3174/3174 3172/3172/3172 3173/3173/3173
f 3175/3175/3175 3176/3176/3176 3177/3177/3177
f 3178/3178/3178 3176/3176/3176 3175/3175/3175
f 3179/3179/3179 3176/3176/3176 3178/3178/3178
f 3180/3180/3180 3177/3177/3177 3176/3176/3176
f 3180/3180/3180 3181/3181/3181 3177/3177/3177
f 3179/3179/3179 3182/3182/3182 3176/3176/3176
f 3179/3179/3179 3183/3183/3183 3182/3182/3182
f 3184/3184/3184 3185/3185/3185 3186/3186/3186
f 3184/3184/3184 3186/3186/3186 3187/3187/3187
f 3188/3188/3188 3189/3189/3189 3190/3190/3190
f 3188/3188/3188 3190/3190/3190 3191/3191/3191
f 3192/3192/3192 3190/3190/3190 3189/3189/3189
f 3192/3192/3192 3193/3193/3193 3190/3190/3190
f 3192/3192/3192 3194/3194/3194 3193/3193/3193
f 3192/3192/3192 3195/3195/3195 3194/3194/3194
f 3196/3196/3196 3197/3197/3197 3198/3198/3198
f 3199/3199/3199 3197/3197/3197 3196/3196/3196
f 3200/3200/3200 3197/3197/3197 3199/3199/3199
f 3199/3199/3199 3201/3201/3201 3200/3200/3200
f 3199/3199/3199 3202/3202/3202 3201/3201/3201
f 3199/3199/3199 3203/3203/3203 3202/3202/3202
f 3204/3204/3204 3203/3203/3203 3199/3199/3199
f 3205/3205/3205 3203/3203/3203 3204/3204/3204
f 3206/3206/3206 3207/3207/3207 3208/3208/3208
f 3206/3206/3206 3208/3208/3208 3209/3209/3209
f 3206/3206/3206 3210/3210/3210 3207/3207/3207
f 3206/3206/3206 3211/3211/3211 3210/3210/3210
f 3212/3212/3212 3213/3213/3213 3214/3214/3214
f 3213/3213/3213 3212/3212/3212 3215/3215/3215
f 3216/3216/3216 3215/3215/3215 3212/3212/3212
f 3212/3212/3212 3214/3214/3214 3217/3217/3217
f 3217/3217/3217 3218/3218/3218 3212/3212/3212
f 3218/3218/3218 3217/3217/3217 3219/3219/3219
f 3220/3220/3220 3212/3212/3212 3218/3218/3218
f 3220/3220/3220 3221/3221/3221 3212/3212/3212
f 3222/3222/3222 3212/3212/3212 3221/3221/3221
f 3216/3216/3216 3212/3212/3212 3222/3222/3222
f 3220/3220/3220 3218/3218/3218 3223/3223/3223
f 3218/3218/3218 3219/3219/3219 3223/3223/3223
f 3222/3222/3222 3221/3221/3221 3224/3224/3224
f 3224/3224/3224 3225/3225/3225 3222/3222/3222
f 3225/3225/3225 3216/3216/3216 3222/3222/3222
f 3224/3224/3224 3226/3226/3226 3225/3225/3225
f 3225/3225/3225 3227/3227/3227 3216/3216/3216
f 3216/3216/3216 3227/3227/3227 3228/3228/3228
f 3229/3229/3229 3227/3227/3227 3225/3225/3225
f 3226/3226/3226 3229/3229/3229 3225/3225/3225
f 3229/3229/3229 3230/3230/3230 3227/3227/3227
f 3230/3230/3230 3228/3228/3228 3227/3227/3227
f 3226/3226/3226 3231/3231/3231 3229/3229/3229
f 3231/3231/3231 3226/3226/3226 3232/3232/3232
f 3224/3224/3224 3232/3232/3232 3226/3226/3226
f 3224/3224/3224 3233/3233/3233 3232/3232/3232
f 3221/3221/3221 3233/3233/3233 3224/3224/3224
f 3221/3221/3221 3234/3234/3234 3233/3233/3233
f 3220/3220/3220 3234/3234/3234 3221/3221/3221
f 3220/3220/3220 3235/3235/3235 3234/3234/3234
f 3220/3220/3220 3223/3223/3223 3235/3235/3235
f 3230/3230/3230 3236/3236/3236 3228/3228/3228
f 3229/3229/3229 3237/3237/3237 3230/3230/3230
f 3229/3229/3229 3238/3238/3238 3237/3237/3237
f 3231/3231/3231 3238/3238/3238 3229/3229/3229
f 3231/3231/3231 3239/3239/3239 3238/3238/3238
f 3231/3231/3231 3232/3232/3232 3239/3239/3239
f 3216/3216/3216 3228/3228/3228 3240/3240/3240
f 3216/3216/3216 3240/3240/3240 3241/3241/3241
f 3216/3216/3216 3241/3241/3241 3215/3215/3215
f 3242/3242/3242 3243/3243/3243 3244/3244/3244
f 3243/3243/3243 3242/3242/3242 3245/3245/3245
f 3242/3242/3242 3244/3244/3244 3246/3246/3246
f 3243/3243/3243 3245/3245/3245 3247/3247/3247
f 3248/3248/3248 3249/3249/3249 3250/3250/3250
f 3248/3248/3248 3250/3250/3250 3251/3251/3251
f 3252/3252/3252 3249/3249/3249 3248/3248/3248
f 3252/3252/3252 3253/3253/3253 3249/3249/3249
f 3254/3254/3254 3253/3253/3253 3252/3252/3252
f 3254/3254/3254 3255/3255/3255 3253/3253/3253
f 3256/3256/3256 3257/3257/3257 3258/3258/3258
f 3256/3256/3256 3258/3258/3258 3259/3259/3259
f 3260/3260/3260 3261/3261/3261 3262/3262/3262
f 3260/3260/3260 3262/3262/3262 3263/3263/3263
f 3264/3264/3264 3261/3261/3261 3260/3260/3260
f 3264/3264/3264 3265/3265/3265 3261/3261/3261
f 3266/3266/3266 3267/3267/3267 3268/3268/3268
f 3268/3268/3268 3267/3267/3267 3269/3269/3269
f 3266/3266/3266 3268/3268/3268 3270/3270/3270
f 3271/3271/3271 3270/3270/3270 3268/3268/3268
f 3272/3272/3272 3266/3266/3266 3270/3270/3270
f 3267/3267/3267 3273/3273/3273 3269/3269/3269
f 3269/3269/3269 3273/3273/3273 3274/3274/3274
f 3267/3267/3267 3275/3275/3275 3273/3273/3273
f 3276/3276/3276 3275/3275/3275 3267/3267/3267
f 3276/3276/3276 3267/3267/3267 3266/3266/3266
f 3277/3277/3277 3276/3276/3276 3266/3266/3266
f 3277/3277/3277 3266/3266/3266 3272/3272/3272
f 3269/3269/3269 3274/3274/3274 3278/3278/3278
f 3279/3279/3279 3269/3269/3269 3278/3278/3278
f 3268/3268/3268 3269/3269/3269 3279/3279/3279
f 3268/3268/3268 3279/3279/3279 3280/3280/3280
f 3279/3279/3279 3278/3278/3278 3281/3281/3281
f 3279/3279/3279 3281/3281/3281 3282/3282/3282
f 3279/3279/3279 3282/3282/3282 3280/3280/3280
f 3280/3280/3280 3282/3282/3282 3283/3283/3283
f 3280/3280/3280 3283/3283/3283 3284/3284/3284
f 3285/3285/3285 3280/3280/3280 3284/3284/3284
f 3286/3286/3286 3271/3271/3271 3285/3285/3285
f 3286/3286/3286 3285/3285/3285 3287/3287/3287
f 3285/3285/3285 3284/3284/3284 3287/3287/3287
f 3268/3268/3268 3280/3280/3280 3285/3285/3285
f 3271/3271/3271 3268/3268/3268 3285/3285/3285
f 3288/3288/3288 3271/3271/3271 3286/3286/3286
f 3288/3288/3288 3289/3289/3289 3271/3271/3271
f 3289/3289/3289 3270/3270/3270 3271/3271/3271
f 3289/3289/3289 3290/3290/3290 3270/3270/3270
f 3272/3272/3272 3270/3270/3270 3290/3290/3290
f 3291/3291/3291 3292/3292/3292 3293/3293/3293
f 3291/3291/3291 3293/3293/3293 3294/3294/3294
f 3291/3291/3291 3294/3294/3294 3295/3295/3295
f 3291/3291/3291 3295/3295/3295 3296/3296/3296
f 3296/3296/3296 3295/3295/3295 3297/3297/3297
f 3298/3298/3298 3291/3291/3291 3296/3296/3296
f 3298/3298/3298 3292/3292/3292 3291/3291/3291
f 3298/3298/3298 3299/3299/3299 3292/3292/3292
f 3300/3300/3300 3299/3299/3299 3298/3298/3298
f 3296/3296/3296 3297/3297/3297 3301/3301/3301
f 3302/3302/3302 3296/3296/3296 3301/3301/3301
f 3298/3298/3298 3296/3296/3296 3302/3302/3302
f 3300/3300/3300 3298/3298/3298 3303/3303/3303
f 3304/3304/3304 3300/3300/3300 3303/3303/3303
f 3305/3305/3305 3303/3303/3303 3298/3298/3298
f 3305/3305/3305 3298/3298/3298 3302/3302/3302
f 3306/3306/3306 3305/3305/3305 3302/3302/3302
f 3306/3306/3306 3302/3302/3302 3307/3307/3307
f 3302/3302/3302 3301/3301/3301 3307/3307/3307
f 3308/3308/3308 3299/3299/3299 3300/3300/3300
f 3308/3308/3308 3309/3309/3309 3299/3299/3299
f 3310/3310/3310 3308/3308/3308 3300/3300/3300
f 3310/3310/3310 3300/3300/3300 3304/3304/3304
f 3299/3299/3299 3309/3309/3309 3311/3311/3311
f 3304/3304/3304 3303/3303/3303 3312/3312/3312
f 3313/3313/3313 3312/3312/3312 3303/3303/3303
f 3313/3313/3313 3303/3303/3303 3305/3305/3305
f 3314/3314/3314 3313/3313/3313 3305/3305/3305
f 3314/3314/3314 3305/3305/3305 3306/3306/3306
f 3299/3299/3299 3311/3311/3311 3292/3292/3292
f 3292/3292/3292 3311/3311/3311 3315/3315/3315
f 3292/3292/3292 3315/3315/3315 3293/3293/3293
f 3316/3316/3316 3317/3317/3317 3318/3318/3318
f 3316/3316/3316 3318/3318/3318 3319/3319/3319
f 3320/3320/3320 3316/3316/3316 3319/3319/3319
f 3321/3321/3321 3317/3317/3317 3316/3316/3316
f 3321/3321/3321 3322/3322/3322 3317/3317/3317
f 3323/3323/3323 3321/3321/3321 3316/3316/3316
f 3323/3323/3323 3316/3316/3316 3320/3320/3320
f 3321/3321/3321 3324/3324/3324 3322/3322/3322
f 3321/3321/3321 3325/3325/3325 3324/3324/3324
f 3323/3323/3323 3325/3325/3325 3321/3321/3321
f 3323/3323/3323 3326/3326/3326 3325/3325/3325
f 3327/3327/3327 3326/3326/3326 3323/3323/3323
f 3327/3327/3327 3323/3323/3323 3328/3328/3328
f 3329/3329/3329 3328/3328/3328 3323/3323/3323
f 3329/3329/3329 3323/3323/3323 3320/3320/3320
f 3330/3330/3330 3329/3329/3329 3320/3320/3320
f 3331/3331/3331 3327/3327/3327 3328/3328/3328
f 3330/3330/3330 3320/3320/3320 3332/3332/3332
f 3320/3320/3320 3319/3319/3319 3332/3332/3332
f 3333/3333/3333 3328/3328/3328 3329/3329/3329
f 3333/3333/3333 3334/3334/3334 3328/3328/3328
f 3331/3331/3331 3328/3328/3328 3334/3334/3334
f 3335/3335/3335 3333/3333/3333 3329/3329/3329
f 3335/3335/3335 3329/3329/3329 3330/3330/3330
f 3336/3336/3336 3326/3326/3326 3327/3327/3327
f 3336/3336/3336 3337/3337/3337 3326/3326/3326
f 3338/3338/3338 3336/3336/3336 3327/3327/3327
f 3338/3338/3338 3327/3327/3327 3331/3331/3331
f 3326/3326/3326 3337/3337/3337 3339/3339/3339
f 3326/3326/3326 3339/3339/3339 3325/3325/3325
f 3325/3325/3325 3339/3339/3339 3340/3340/3340
f 3325/3325/3325 3340/3340/3340 3324/3324/3324
f 3341/3341/3341 3342/3342/3342 3343/3343/3343
f 3341/3341/3341 3343/3343/3343 3344/3344/3344
f 3343/3343/3343 3345/3345/3345 3344/3344/3344
f 3343/3343/3343 3346/3346/3346 3345/3345/3345
f 3346/3346/3346 3347/3347/3347 3345/3345/3345
f 3346/3346/3346 3348/3348/3348 3347/3347/3347
f 3349/3349/3349 3348/3348/3348 3346/3346/3346
f 3349/3349/3349 3350/3350/3350 3348/3348/3348
f 3351/3351/3351 3349/3349/3349 3346/3346/3346
f 3351/3351/3351 3346/3346/3346 3343/3343/3343
f 3342/3342/3342 3351/3351/3351 3343/3343/3343
f 3342/3342/3342 3352/3352/3352 3351/3351/3351
f 3353/3353/3353 3351/3351/3351 3352/3352/3352
f 3353/3353/3353 3354/3354/3354 3351/3351/3351
f 3351/3351/3351 3354/3354/3354 3355/3355/3355
f 3351/3351/3351 3355/3355/3355 3349/3349/3349
f 3349/3349/3349 3355/3355/3355 3356/3356/3356
f 3349/3349/3349 3356/3356/3356 3350/3350/3350
f 3357/3357/3357 3353/3353/3353 3352/3352/3352
f 3355/3355/3355 3358/3358/3358 3356/3356/3356
f 3355/3355/3355 3359/3359/3359 3358/3358/3358
f 3354/3354/3354 3359/3359/3359 3355/3355/3355
f 3354/3354/3354 3360/3360/3360 3359/3359/3359
f 3361/3361/3361 3360/3360/3360 3354/3354/3354
f 3361/3361/3361 3354/3354/3354 3353/3353/3353
f 3362/3362/3362 3361/3361/3361 3353/3353/3353
f 3362/3362/3362 3353/3353/3353 3357/3357/3357
f 3357/3357/3357 3352/3352/3352 3363/3363/3363
f 3364/3364/3364 3363/3363/3363 3352/3352/3352
f 3364/3364/3364 3352/3352/3352 3342/3342/3342
f 3365/3365/3365 3364/3364/3364 3342/3342/3342
f 3365/3365/3365 3342/3342/3342 3341/3341/3341
f 3366/3366/3366 3367/3367/3367 3368/3368/3368
f 3366/3366/3366 3368/3368/3368 3369/3369/3369
f 3370/3370/3370 3366/3366/3366 3369/3369/3369
f 3371/3371/3371 3367/3367/3367 3366/3366/3366
f 3371/3371/3371 3372/3372/3372 3367/3367/3367
f 3373/3373/3373 3371/3371/3371 3366/3366/3366
f 3373/3373/3373 3366/3366/3366 3370/3370/3370
f 3371/3371/3371 3374/3374/3374 3372/3372/3372
f 3371/3371/3371 3375/3375/3375 3374/3374/3374
f 3373/3373/3373 3375/3375/3375 3371/3371/3371
f 3373/3373/3373 3376/3376/3376 3375/3375/3375
f 3377/3377/3377 3376/3376/3376 3373/3373/3373
f 3377/3377/3377 3373/3373/3373 3378/3378/3378
f 3379/3379/3379 3378/3378/3378 3373/3373/3373
f 3379/3379/3379 3373/3373/3373 3370/3370/3370
f 3380/3380/3380 3379/3379/3379 3370/3370/3370
f 3381/3381/3381 3377/3377/3377 3378/3378/3378
f 3380/3380/3380 3370/3370/3370 3382/3382/3382
f 3370/3370/3370 3369/3369/3369 3382/3382/3382
f 3383/3383/3383 3378/3378/3378 3379/3379/3379
f 3383/3383/3383 3384/3384/3384 3378/3378/3378
f 3381/3381/3381 3378/3378/3378 3384/3384/3384
f 3385/3385/3385 3383/3383/3383 3379/3379/3379
f 3385/3385/3385 3379/3379/3379 3380/3380/3380
f 3386/3386/3386 3376/3376/3376 3377/3377/3377
f 3386/3386/3386 3387/3387/3387 3376/3376/3376
f 3388/3388/3388 3386/3386/3386 3377/3377/3377
f 3388/3388/3388 3377/3377/3377 3381/3381/3381
f 3376/3376/3376 3387/3387/3387 3389/3389/3389
f 3376/3376/3376 3389/3389/3389 3375/3375/3375
f 3375/3375/3375 3389/3389/3389 3390/3390/3390
f 3375/3375/3375 3390/3390/3390 3374/3374/3374
f 3391/3391/3391 3392/3392/3392 3393/3393/3393
f 3391/3391/3391 3393/3393/3393 3394/3394/3394
f 3395/3395/3395 3391/3391/3391 3394/3394/3394
f 3396/3396/3396 3392/3392/3392 3391/3391/3391
f 3396/3396/3396 3397/3397/3397 3392/3392/3392
f 3398/3398/3398 3396/3396/3396 3391/3391/3391
f 3398/3398/3398 3391/3391/3391 3395/3395/3395
f 3396/3396/3396 3399/3399/3399 3397/3397/3397
f 3396/3396/3396 3400/3400/3400 3399/3399/3399
f 3398/3398/3398 3400/3400/3400 3396/3396/3396
f 3398/3398/3398 3401/3401/3401 3400/3400/3400
f 3402/3402/3402 3401/3401/3401 3398/3398/3398
f 3402/3402/3402 3398/3398/3398 3403/3403/3403
f 3404/3404/3404 3403/3403/3403 3398/3398/3398
f 3404/3404/3404 3398/3398/3398 3395/3395/3395
f 3405/3405/3405 3404/3404/3404 3395/3395/3395
f 3406/3406/3406 3402/3402/3402 3403/3403/3403
f 3405/3405/3405 3395/3395/3395 3407/3407/3407
f 3395/3395/3395 3394/3394/3394 3407/3407/3407
f 3408/3408/3408 3403/3403/3403 3404/3404/3404
f 3408/3408/3408 3409/3409/3409 3403/3403/3403
f 3406/3406/3406 3403/3403/3403 3409/3409/3409
f 3410/3410/3410 3408/3408/3408 3404/3404/3404
f 3410/3410/3410 3404/3404/3404 3405/3405/3405
f 3411/3411/3411 3401/3401/3401 3402/3402/3402
f 3411/3411/3411 3412/3412/3412 3401/3401/3401
f 3413/3413/3413 3411/3411/3411 3402/3402/3402
f 3413/3413/3413 3402/3402/3402 3406/3406/3406
f 3401/3401/3401 3412/3412/3412 3414/3414/3414
f 3401/3401/3401 3414/3414/3414 3400/3400/3400
f 3400/3400/3400 3414/3414/3414 3415/3415/3415
f 3400/3400/3400 3415/3415/3415 3399/3399/3399
f 3416/3416/3416 3417/3417/3417 3418/3418/3418
f 3416/3416/3416 3418/3418/3418 3419/3419/3419
f 3420/3420/3420 3417/3417/3417 3416/3416/3416
f 3420/3420/3420 3421/3421/3421 3417/3417/3417
f 3422/3422/3422 3423/3423/3423 3424/3424/3424
f 3422/3422/3422 3424/3424/3424 3425/3425/3425
f 3425/3425/3425 3424/3424/3424 3426/3426/3426
f 3425/3425/3425 3426/3426/3426 3427/3427/3427
f 3428/3428/3428 3429/3429/3429 3430/3430/3430
f 3428/3428/3428 3430/3430/3430 3431/3431/3431
f 3431/3431/3431 3430/3430/3430 3432/3432/3432
f 3431/3431/3431 3432/3432/3432 3433/3433/3433
f 3434/3434/3434 3435/3435/3435 3436/3436/3436
f 3434/3434/3434 3436/3436/3436 3437/3437/3437
f 3437/3437/3437 3436/3436/3436 3438/3438/3438
f 3437/3437/3437 3438/3438/3438 3439/3439/3439
f 3440/3440/3440 3441/3441/3441 3442/3442/3442
f 3443/3443/3443 3441/3441/3441 3440/3440/3440
f 3444/3444/3444 3441/3441/3441 3443/3443/3443
f 3441/3441/3441 3444/3444/3444 3445/3445/3445
f 3440/3440/3440 3442/3442/3442 3446/3446/3446
f 3442/3442/3442 3441/3441/3441 3447/3447/3447
f 3448/3448/3448 3449/3449/3449 3450/3450/3450
f 3450/3450/3450 3449/3449/3449 3451/3451/3451
f 3452/3452/3452 3453/3453/3453 3454/3454/3454
f 3452/3452/3452 3454/3454/3454 3455/3455/3455
f 3452/3452/3452 3455/3455/3455 3456/3456/3456
f 3457/3457/3457 3454/3454/3454 3453/3453/3453
f 3457/3457/3457 3458/3458/3458 3454/3454/3454
f 3457/3457/3457 3459/3459/3459 3458/3458/3458
f 3457/3457/3457 3460/3460/3460 3459/3459/3459
f 3460/3460/3460 3461/3461/3461 3459/3459/3459
f 3460/3460/3460 3462/3462/3462 3461/3461/3461
f 3463/3463/3463 3461/3461/3461 3462/3462/3462
f 3463/3463/3463 3464/3464/3464 3461/3461/3461
f 3463/3463/3463 3465/3465/3465 3464/3464/3464
f 3463/3463/3463 3466/3466/3466 3465/3465/3465
f 3466/3466/3466 3456/3456/3456 3465/3465/3465
f 3466/3466/3466 3467/3467/3467 3456/3456/3456
f 3452/3452/3452 3456/3456/3456 3467/3467/3467
f 3468/3468/3468 3469/3469/3469 3470/3470/3470
f 3470/3470/3470 3469/3469/3469 3471/3471/3471
f 3472/3472/3472 3473/3473/3473 3474/3474/3474
f 3474/3474/3474 3473/3473/3473 3475/3475/3475
f 3476/3476/3476 3477/3477/3477 3478/3478/3478
f 3478/3478/3478 3477/3477/3477 3479/3479/3479
f 1154/1154/1154 1151/1151/1151 3480/3480/3480
f 1155/1155/1155 1156/1156/1156 3481/3481/3481
f 1899/1899/1899 1915/1915/1915 1900/1900/1900
f 2227/2227/2227 2226/2226/2226 3482/3482/3482
f 2223/2223/2223 2227/2227/2227 3483/3483/3483
