#LowPoly.Res_Cube.001.obj
#Sunday, May 03, 2026
#10:39:50 PM
#-------

#LowPoly.Res_Cube.001
#-------
g LowPoly.Res_Cube.001
v 1.45057 26.16141 -7.126574
v 1.45057 26.16141 -12.33952
v 1.45057 26.74754 -12.33952
v 1.45057 26.16141 -13.00589
v 1.45057 26.74754 -7.126574
v 1.45057 26.74754 -13.00589
v 1.45057 26.74754 -15.03654
v 1.45057 26.16141 -15.03654
v 1.45057 26.74754 -6.794585
v 1.45057 26.16141 -6.794585
v 1.45057 26.16141 -6.183416
v 1.45057 26.74754 -6.183416
v 1.848412 26.16141 -15.03654
v 1.848412 25.28688 -15.03654
v 2.132158 25.3147 -14.85661
v 2.132158 26.13614 -14.85661
v 2.132158 26.6313 -14.85661
v 2.132158 23.85323 -14.85661
v 1.848412 23.731 -15.03654
v 1.848412 26.74754 -15.03654
v 1.45057 26.74754 -13.00589
v 1.45057 26.74754 -15.03654
v 1.848412 26.74754 -15.03654
v 1.848412 26.74754 -13.00589
v 1.848412 26.74754 -12.33952
v 1.45057 26.74754 -12.33952
v 1.45057 26.74754 -7.126574
v 1.848412 26.74754 -7.126574
v 1.848412 26.74754 -6.794585
v 1.45057 26.74754 -6.794585
v 1.45057 26.74754 -6.183416
v 1.848412 26.74754 -6.183416
v 1.45057 26.16141 -6.183416
v 1.45057 26.74754 -6.183416
v 1.848412 26.74754 -6.183416
v 1.848412 26.16141 -6.183416
v 1.45057 26.74754 -15.03654
v 1.45057 26.16141 -15.03654
v 1.848412 26.16141 -15.03654
v 1.848412 26.74754 -15.03654
v 1.848412 26.74754 -13.00589
v 1.848412 26.74754 -15.03654
v 2.132158 26.6313 -14.85661
v 2.132158 26.6313 -12.9038
v 1.848412 26.74754 -12.33952
v 2.132158 26.6313 -12.26298
v 2.132158 26.6313 -7.249897
v 1.848412 26.74754 -7.126574
v 2.132158 26.6313 -6.930626
v 1.848412 26.74754 -6.794585
v 2.132158 26.6313 -6.342898
v 1.848412 26.74754 -6.183416
v 1.848412 26.16141 -6.183416
v 1.848412 26.74754 -6.183416
v 2.132158 26.6313 -6.342898
v 2.132158 26.13614 -6.342898
v 2.132158 23.72218 -6.342898
v 1.848412 23.5456 -6.183416
v 1.848412 23.55285 -6.794585
v 1.848412 23.5456 -6.183416
v 2.132158 23.72218 -6.342898
v 2.132158 23.72899 -6.930626
v 2.132158 26.13614 -14.85661
v 2.132158 25.3147 -14.85661
v 2.132158 25.47888 -13.12956
v 2.132158 26.13614 -12.9038
v 2.132158 26.6313 -14.85661
v 2.132158 26.6313 -12.9038
v 2.132158 25.24221 -12.26298
v 2.132158 26.13614 -12.26298
v 2.132158 26.6313 -12.26298
v 2.132158 26.13614 -7.249897
v 2.132158 26.6313 -7.249897
v 2.132158 23.85323 -13.15009
v 2.132158 23.85323 -14.85661
v 2.132158 23.77698 -7.249897
v 2.132158 26.13614 -6.930626
v 2.132158 26.6313 -6.930626
v 2.132158 26.13614 -6.342898
v 2.132158 23.72899 -6.930626
v 2.132158 26.6313 -6.342898
v 2.132158 23.72218 -6.342898
v 1.45057 26.16141 -6.794585
v 1.45057 26.16141 -6.183416
v 1.848412 26.16141 -6.183416
v 1.848412 26.16141 -6.794585
v 1.848412 26.16141 -7.126574
v 1.45057 26.16141 -7.126574
v 1.45057 26.16141 -12.33952
v 1.848412 26.16141 -12.33952
v 1.848412 26.16141 -13.00589
v 1.45057 26.16141 -13.00589
v 1.45057 26.16141 -15.03654
v 1.848412 26.16141 -15.03654
v 1.848412 23.731 -13.00589
v 2.132158 23.85323 -13.15009
v 2.132158 23.85323 -14.85661
v 1.848412 23.731 -15.03654
v 1.848412 26.16141 -6.183416
v 1.848412 23.5456 -6.183416
v 1.848412 23.55285 -6.794585
v 1.848412 26.16141 -6.794585
v 1.848412 23.60396 -7.126574
v 1.848412 26.16141 -7.126574
v 1.848412 25.16383 -12.33952
v 1.848412 26.16141 -12.33952
v 1.848412 25.28688 -13.00589
v 1.848412 26.16141 -13.00589
v 1.848412 26.16141 -15.03654
v 1.848412 25.28688 -15.03654
v 1.848412 23.731 -13.00589
v 1.848412 23.731 -15.03654
v 1.848412 25.28688 -13.00589
v 1.848412 25.16383 -12.33952
v 2.132158 25.24221 -12.26298
v 1.848412 25.28688 -13.00589
v 2.132158 25.47888 -13.12956
v 2.132158 23.85323 -13.15009
v 1.848412 25.16383 -12.33952
v 1.848412 23.60396 -7.126574
v 2.132158 23.77698 -7.249897
v 1.848412 23.60396 -7.126574
v 1.848412 23.55285 -6.794585
v 2.132158 23.72899 -6.930626
v 2.132158 23.77698 -7.249897
v 1.848412 25.28688 -13.00589
v 2.132158 25.24221 -12.26298
v 2.132158 25.47888 -13.12956
v 1.848412 25.28688 -13.00589
v 2.132158 23.85323 -13.15009
v 1.848412 23.731 -13.00589
v 1.848412 25.16383 -12.33952
v 2.132158 23.77698 -7.249897
v 2.132158 25.24221 -12.26298
v -8.689706 18.15454 -59.10858
v -8.689706 17.3741 -56.10916
v -8.689706 17.84228 -55.98734
v -8.689706 18.62274 -58.98675
v -8.689706 17.84228 -55.98734
v -8.689706 17.3741 -56.10916
v -10.34039 17.3741 -56.10916
v -10.34039 17.84228 -55.98734
v -10.34039 17.84228 -55.98734
v -10.34039 17.3741 -56.10916
v -10.34039 18.15454 -59.10858
v -10.34039 18.62274 -58.98675
v -10.34039 18.62274 -58.98675
v -10.34039 18.15454 -59.10858
v -8.689706 18.15454 -59.10858
v -8.689706 18.62274 -58.98675
v -10.34039 17.3741 -56.10916
v -8.689706 17.3741 -56.10916
v -8.689706 18.15454 -59.10858
v -10.34039 18.15454 -59.10858
v -8.689706 17.84228 -55.98734
v -10.34039 17.84228 -55.98734
v -10.34039 18.62274 -58.98675
v -8.689706 18.62274 -58.98675
v -8.451481 19.624 -66.96261
v -8.451481 18.88385 -66.52666
v -8.451481 20.76259 -64.5217
v -8.451481 21.31115 -65.30906
v -8.451481 21.52961 -64.68564
v -8.451481 18.50609 -67.30531
v -8.451481 19.23728 -67.73598
v -8.451481 18.60283 -72.26679
v -8.451481 19.50127 -72.79595
v -8.451481 17.56015 -72.25774
v -8.451481 17.65752 -67.29794
v -8.451481 17.9931 -66.51894
v -8.451481 19.90786 -64.12066
v -8.451481 20.95125 -63.85546
v -8.451481 19.77525 -55.99758
v -8.451481 18.98275 -64.19938
v -8.451481 17.17088 -66.98418
v -8.451481 16.91894 -67.71585
v -8.451481 16.65265 -72.77124
v -8.451481 17.52637 -76.14902
v -8.451481 19.08887 -63.51938
v -8.451481 18.95118 -55.51965
v -8.451481 20.05898 -63.43682
v -8.451481 17.22647 -56.02654
v -8.451481 18.01826 -55.53026
v -8.451481 16.12349 -73.66969
v -8.451481 16.11443 -74.71235
v -8.451481 16.62793 -75.61985
v -8.451481 19.47652 -75.64458
v -8.451481 18.56903 -76.15807
v -8.451481 20.00571 -74.74613
v -8.451481 20.01476 -73.70348
v -9.196907 19.624 -66.96261
v -9.196907 21.31115 -65.30906
v -9.196907 20.76259 -64.5217
v -9.196907 21.52961 -64.68564
v -9.196907 18.88385 -66.52666
v -9.196907 19.90786 -64.12066
v -9.196907 20.95125 -63.85546
v -9.196907 19.77525 -55.99758
v -9.196907 18.95118 -55.51965
v -9.196907 20.05898 -63.43682
v -9.196907 19.08887 -63.51938
v -9.196907 18.01826 -55.53026
v -9.196907 17.22647 -56.02654
v -9.196907 18.50609 -67.30531
v -9.196907 17.9931 -66.51894
v -9.196907 18.98275 -64.19938
v -9.196907 19.23728 -67.73598
v -9.196907 17.17088 -66.98418
v -9.196907 17.65752 -67.29794
v -9.196907 18.60283 -72.26679
v -9.196907 19.50127 -72.79595
v -9.196907 17.56015 -72.25774
v -9.196907 16.91894 -67.71585
v -9.196907 16.65265 -72.77124
v -9.196907 20.01476 -73.70348
v -9.196907 20.00571 -74.74613
v -9.196907 19.47652 -75.64458
v -9.196907 16.12349 -73.66969
v -9.196907 16.11443 -74.71235
v -9.196907 17.52637 -76.14902
v -9.196907 18.56903 -76.15807
v -9.196907 16.62793 -75.61985
v -8.451481 19.50127 -72.79595
v -8.451481 19.23728 -67.73598
v -9.196907 19.23728 -67.73598
v -9.196907 19.50127 -72.79595
v -8.451481 19.23728 -67.73598
v -8.451481 19.624 -66.96261
v -9.196907 19.624 -66.96261
v -9.196907 19.23728 -67.73598
v -8.451481 20.01476 -73.70348
v -8.451481 19.50127 -72.79595
v -9.196907 19.50127 -72.79595
v -9.196907 20.01476 -73.70348
v -8.451481 16.62793 -75.61985
v -8.451481 17.52637 -76.14902
v -9.196907 17.52637 -76.14902
v -9.196907 16.62793 -75.61985
v -8.451481 19.77525 -55.99758
v -8.451481 18.95118 -55.51965
v -9.196907 18.95118 -55.51965
v -9.196907 19.77525 -55.99758
v -8.451481 18.95118 -55.51965
v -8.451481 18.01826 -55.53026
v -9.196907 18.01826 -55.53026
v -9.196907 18.95118 -55.51965
v -8.451481 19.624 -66.96261
v -8.451481 21.31115 -65.30906
v -9.196907 21.31115 -65.30906
v -9.196907 19.624 -66.96261
v -8.451481 16.91894 -67.71585
v -8.451481 16.65265 -72.77124
v -9.196907 16.65265 -72.77124
v -9.196907 16.91894 -67.71585
v -8.451481 21.52961 -64.68564
v -8.451481 19.77525 -55.99758
v -9.196907 19.77525 -55.99758
v -9.196907 21.52961 -64.68564
v -8.451481 17.17088 -66.98418
v -8.451481 16.91894 -67.71585
v -9.196907 16.91894 -67.71585
v -9.196907 17.17088 -66.98418
v -8.451481 21.31115 -65.30906
v -8.451481 21.52961 -64.68564
v -9.196907 21.52961 -64.68564
v -9.196907 21.31115 -65.30906
v -8.451481 17.52637 -76.14902
v -8.451481 18.56903 -76.15807
v -9.196907 18.56903 -76.15807
v -9.196907 17.52637 -76.14902
v -8.451481 18.98275 -64.19938
v -8.451481 17.17088 -66.98418
v -9.196907 17.17088 -66.98418
v -9.196907 18.98275 -64.19938
v -8.451481 17.22647 -56.02654
v -8.451481 19.08887 -63.51938
v -9.196907 19.08887 -63.51938
v -9.196907 17.22647 -56.02654
v -8.451481 18.56903 -76.15807
v -8.451481 19.47652 -75.64458
v -9.196907 19.47652 -75.64458
v -9.196907 18.56903 -76.15807
v -8.451481 19.47652 -75.64458
v -8.451481 20.00571 -74.74613
v -9.196907 20.00571 -74.74613
v -9.196907 19.47652 -75.64458
v -8.451481 19.08887 -63.51938
v -8.451481 18.98275 -64.19938
v -9.196907 18.98275 -64.19938
v -9.196907 19.08887 -63.51938
v -8.451481 16.65265 -72.77124
v -8.451481 16.12349 -73.66969
v -9.196907 16.12349 -73.66969
v -9.196907 16.65265 -72.77124
v -8.451481 20.00571 -74.74613
v -8.451481 20.01476 -73.70348
v -9.196907 20.01476 -73.70348
v -9.196907 20.00571 -74.74613
v -8.451481 16.12349 -73.66969
v -8.451481 16.11443 -74.71235
v -9.196907 16.11443 -74.71235
v -9.196907 16.12349 -73.66969
v -8.451481 16.11443 -74.71235
v -8.451481 16.62793 -75.61985
v -9.196907 16.62793 -75.61985
v -9.196907 16.11443 -74.71235
v -8.451481 18.01826 -55.53026
v -8.451481 17.22647 -56.02654
v -9.196907 17.22647 -56.02654
v -9.196907 18.01826 -55.53026
v 1.45057 26.98632 -25.15124
v 1.45057 23.2144 -25.15124
v 1.45057 23.2144 -5.757855
v 1.45057 26.98632 -5.757855
v 1.45057 26.98632 -5.757855
v 1.45057 23.2144 -5.757855
v 0.9175308 23.2144 -5.757855
v 0.9175308 26.98632 -5.757855
v 0.9175308 26.98632 -5.757855
v 0.9175308 23.2144 -5.757855
v 0.9175308 23.2144 -25.15124
v 0.9175308 26.98632 -25.15124
v 0.9175308 26.98632 -25.15124
v 0.9175308 23.2144 -25.15124
v 1.45057 23.2144 -25.15124
v 1.45057 26.98632 -25.15124
v 0.9175308 23.2144 -5.757855
v 1.45057 23.2144 -5.757855
v 1.45057 23.2144 -25.15124
v 0.9175308 23.2144 -25.15124
v 1.45057 26.98632 -5.757855
v 0.9175308 26.98632 -5.757855
v 0.9175308 26.98632 -25.15124
v 1.45057 26.98632 -25.15124
v 1.848412 26.16141 -15.87256
v 1.848412 26.74754 -15.87256
v 2.132158 26.6101 -16.03072
v 2.132158 26.12316 -16.03072
v 2.132158 24.46783 -16.03072
v 1.848412 24.39914 -15.87256
v 2.132158 23.89979 -16.03072
v 1.848412 23.7944 -15.87256
v 1.45057 26.16141 -15.87256
v 1.45057 26.16141 -18.22651
v 1.45057 26.74754 -18.22651
v 1.45057 26.74754 -15.87256
v 1.45057 26.74754 -24.72568
v 1.45057 26.16141 -24.72568
v 1.45057 26.16141 -15.87256
v 1.45057 26.74754 -15.87256
v 1.848412 26.74754 -15.87256
v 1.848412 26.16141 -15.87256
v 1.45057 26.16141 -24.72568
v 1.45057 26.16141 -18.22651
v 1.848412 26.16141 -18.22651
v 1.848412 26.16141 -24.72568
v 1.848412 26.16141 -15.87256
v 1.45057 26.16141 -15.87256
v 1.45057 26.74754 -15.87256
v 1.45057 26.74754 -18.22651
v 1.848412 26.74754 -18.22651
v 1.848412 26.74754 -15.87256
v 1.848412 26.74754 -24.72568
v 1.45057 26.74754 -24.72568
v 1.45057 26.74754 -24.72568
v 1.45057 26.16141 -24.72568
v 1.848412 26.16141 -24.72568
v 1.848412 26.74754 -24.72568
v 2.132158 26.6101 -18.24928
v 2.132158 26.12316 -18.24928
v 2.132158 26.12316 -16.03072
v 2.132158 24.52941 -18.14665
v 2.132158 26.12316 -24.58137
v 2.132158 24.84592 -24.6019
v 2.132158 26.6101 -16.03072
v 2.132158 24.46783 -16.03072
v 2.132158 23.89158 -18.10562
v 2.132158 26.63268 -24.62241
v 2.132158 23.89979 -16.03072
v 1.848412 26.74754 -18.22651
v 2.132158 26.6101 -18.24928
v 2.132158 26.6101 -16.03072
v 1.848412 26.74754 -15.87256
v 2.132158 26.63268 -24.62241
v 1.848412 26.16141 -18.22651
v 1.848412 24.39914 -18.22651
v 1.848412 24.75795 -24.72568
v 1.848412 26.16141 -24.72568
v 1.848412 24.39914 -15.87256
v 1.848412 23.7944 -15.87256
v 1.848412 26.16141 -15.87256
v 1.848412 23.7944 -18.22651
v 1.848412 26.16141 -24.72568
v 2.132158 26.12316 -24.58137
v 2.132158 26.63268 -24.62241
v 1.848412 24.39914 -18.22651
v 2.132158 24.52941 -18.14665
v 2.132158 24.84592 -24.6019
v 1.848412 26.16141 -24.72568
v 1.848412 24.75795 -24.72568
v 2.132158 24.84592 -24.6019
v 1.848412 26.74754 -18.22651
v 1.848412 26.74754 -24.72568
v 2.132158 26.63268 -24.62241
v 1.848412 23.7944 -18.22651
v 1.848412 23.7944 -15.87256
v 2.132158 23.89979 -16.03072
v 2.132158 23.89158 -18.10562
v 1.848412 24.39914 -18.22651
v 1.848412 23.7944 -18.22651
v 2.132158 23.89158 -18.10562
v 1.848412 26.16141 -24.72568
v 2.132158 26.63268 -24.62241
v 1.848412 26.74754 -24.72568
v 1.848412 24.39914 -18.22651
v 2.132158 24.84592 -24.6019
v 1.848412 24.75795 -24.72568
v 1.848412 26.16141 -24.72568
v 2.132158 24.84592 -24.6019
v 2.132158 26.12316 -24.58137
v 1.848412 24.39914 -18.22651
v 2.132158 23.89158 -18.10562
v 2.132158 24.52941 -18.14665
v -2.622421 34.48398 -29.48243
v -2.622421 31.66486 -29.48243
v -2.622421 31.66486 -26.6814
v -2.622421 34.48398 -26.6814
v -2.622421 34.48398 -29.48243
v -2.622421 34.48398 -26.6814
v -3.276789 34.48398 -26.6814
v -3.276789 34.48398 -29.48243
v -2.622421 31.66486 -29.48243
v -2.622421 34.48398 -29.48243
v -3.276789 34.48398 -29.48243
v -3.276789 31.66486 -29.48243
v -2.622421 34.48398 -26.6814
v -2.622421 31.66486 -26.6814
v -3.276789 31.66486 -26.6814
v -3.276789 34.48398 -26.6814
v -3.276789 31.66486 -26.6814
v -2.622421 31.66486 -26.6814
v -2.622421 31.66486 -29.48243
v -3.276789 31.66486 -29.48243
v -3.276789 34.48398 -29.48243
v -3.276789 34.48398 -26.6814
v -3.276789 31.66486 -26.6814
v -3.276789 31.66486 -29.48243
v -9.723424 20.91703 -27.12544
v 0.8433334 20.91703 -27.12544
v -1.95288 18.07679 -27.12544
v -6.927212 18.07679 -27.12544
v -9.348813 19.4969 -27.12544
v -8.325318 18.45731 -27.12544
v 0.4687018 19.4969 -27.12544
v -0.5547732 18.45731 -27.12544
v 0.8433334 27.47695 -27.12544
v -9.723424 27.47695 -27.12544
v -6.927212 30.27372 -27.12544
v -1.95288 30.27372 -27.12544
v -0.5547732 29.89903 -27.12544
v -9.348813 28.87533 -27.12544
v -8.325318 29.89903 -27.12544
v 0.468721 28.87533 -27.12544
v 0.7390773 18.67495 -29.40524
v 1.13433 20.17329 -29.40524
v 1.13433 20.17329 -30.15212
v 0.7390773 18.67495 -30.15212
v -0.3407747 17.5781 -29.40524
v -0.5547732 18.45731 -27.12544
v 0.4687018 19.4969 -27.12544
v 0.8433334 20.91703 -27.12544
v 1.13433 27.09451 -29.40524
v 0.8433334 27.47695 -27.12544
v 1.13433 27.09451 -30.15212
v 0.7390773 28.56993 -29.40524
v 0.468721 28.87533 -27.12544
v 0.7390773 28.56993 -30.15212
v -0.3407747 17.5781 -30.15212
v -0.5547732 29.89903 -27.12544
v -1.95288 30.27372 -27.12544
v -1.815879 30.04534 -29.40524
v -0.3407747 29.65001 -29.40524
v 0.468721 28.87533 -27.12544
v -1.815879 30.04534 -30.15212
v -6.927212 30.27372 -27.12544
v -7.064212 30.04534 -29.40524
v -7.064212 30.04534 -30.15212
v 0.7390773 28.56993 -29.40524
v -0.3407747 29.65001 -30.15212
v -8.325318 29.89903 -27.12544
v -8.539317 29.65001 -29.40524
v -8.539317 29.65001 -30.15212
v 0.7390773 28.56993 -30.15212
v -9.348813 28.87533 -27.12544
v -9.619168 28.56993 -29.40524
v -8.539317 29.65001 -29.40524
v -9.619168 28.56993 -30.15212
v -8.325318 29.89903 -27.12544
v -9.723424 27.47695 -27.12544
v -10.01442 27.09451 -29.40524
v -10.01442 27.09451 -30.15212
v -9.723424 20.91703 -27.12544
v -10.01442 20.17329 -29.40524
v -10.01442 20.17329 -30.15212
v -9.348813 19.4969 -27.12544
v -9.619168 18.67495 -29.40524
v -9.619168 18.67495 -30.15212
v -8.325318 18.45731 -27.12544
v -8.539317 17.5781 -29.40524
v -8.539317 17.5781 -30.15212
v -8.539317 29.65001 -30.15212
v -1.95288 18.07679 -27.12544
v -0.5547732 18.45731 -27.12544
v -0.3407747 17.5781 -29.40524
v -1.815879 17.17662 -29.40524
v -7.064212 17.17662 -29.40524
v -1.815879 17.17662 -30.15212
v -0.3407747 17.5781 -30.15212
v -6.927212 18.07679 -27.12544
v -8.539317 17.5781 -29.40524
v -7.064212 17.17662 -30.15212
v -8.325318 18.45731 -27.12544
v -8.539317 17.5781 -30.15212
v -10.01442 27.09451 -30.15212
v 1.13433 27.09451 -30.15212
v -7.064212 30.04534 -30.15212
v -1.815879 30.04534 -30.15212
v 0.7390773 28.56993 -30.15212
v -0.3407747 29.65001 -30.15212
v -10.01442 20.17329 -30.15212
v 1.13433 20.17329 -30.15212
v -9.619168 28.56993 -30.15212
v -8.539317 29.65001 -30.15212
v -1.815879 17.17662 -30.15212
v 0.7390773 18.67495 -30.15212
v -0.3407747 17.5781 -30.15212
v -7.064212 17.17662 -30.15212
v -9.619168 18.67495 -30.15212
v -8.539317 17.5781 -30.15212
v -1.86842 30.72911 -14.79643
v -1.86842 30.91395 -5.630426
v -7.011672 30.91395 -5.630426
v -0.422856 30.52653 -5.630426
v -7.011672 30.72911 -14.79643
v -1.86842 30.57711 -22.33451
v -0.422856 30.34168 -14.79643
v 0.6353774 29.46808 -5.630426
v -8.457254 30.52653 -5.630426
v -7.011672 30.57711 -22.33451
v -8.457254 30.34168 -14.79643
v -1.86842 30.48049 -27.12544
v -0.422856 30.18968 -22.33451
v 0.6353774 29.28324 -14.79643
v -0.422856 30.53372 -4.481825
v -1.86842 30.92115 -4.481825
v -7.011672 30.92115 -4.481825
v 0.6353774 29.47528 -4.481825
v -8.457254 30.53372 -4.481825
v -8.457254 30.55515 -2.934345
v -1.86842 30.94255 -2.934345
v -0.422856 30.55515 -2.934345
v 0.6353774 29.49669 -2.934345
v -0.422856 30.09307 -27.12544
v 0.6353774 29.13124 -22.33451
v 0.6353774 29.03462 -27.12544
v 0.6353774 30.1728 28.86123
v -0.422856 31.23054 28.82624
v -1.86842 31.6177 28.81343
v -7.011672 30.94255 -2.934345
v -7.011672 31.6177 28.81343
v -8.457254 31.23054 28.82624
v -9.902819 27.58875 -27.12544
v 1.022727 27.58875 -27.12544
v -7.011672 30.48049 -27.12544
v -1.86842 30.48049 -27.12544
v -0.422856 30.09307 -27.12544
v 0.6353774 29.03462 -27.12544
v -9.902819 20.8061 -27.12544
v 1.022727 20.8061 -27.12544
v -9.515488 29.03462 -27.12544
v -8.457254 30.09307 -27.12544
v -1.86842 17.86943 -27.12544
v 0.6353774 19.33776 -27.12544
v -0.422856 18.26286 -27.12544
v -7.011672 17.86943 -27.12544
v -9.515488 19.33776 -27.12544
v -8.457254 18.26286 -27.12544
v 1.022727 28.72791 28.90905
v 0.6353774 30.1728 28.86123
v 0.6353774 29.49669 -2.934345
v 1.022727 28.05081 -2.934345
v 0.6353774 29.47528 -4.481825
v 1.022727 20.80431 29.17122
v 1.022727 20.19053 -2.934345
v 1.022727 21.00467 -4.481825
v 0.6353774 19.53634 -4.481825
v 0.6353774 19.33686 29.21977
v 0.6353774 18.7222 -2.934345
v -0.422856 18.26263 29.25531
v -0.422856 17.64729 -2.934345
v 1.022727 28.02941 -4.481825
v 1.022727 22.24713 -5.630426
v 0.6353774 29.46808 -5.630426
v 0.6353774 20.77882 -5.630426
v 1.022727 28.02221 -5.630426
v 0.6353774 29.28324 -14.79643
v 1.022727 22.62564 -14.79643
v 1.022727 27.83737 -14.79643
v 0.6353774 29.13124 -22.33451
v 0.6353774 21.1573 -14.79643
v -0.422856 20.0824 -14.79643
v 1.022727 27.68537 -22.33451
v 1.022727 20.71709 -22.33451
v 0.6353774 29.03462 -27.12544
v 0.6353774 19.24875 -22.33451
v -0.422856 18.17387 -22.33451
v 1.022727 27.58875 -27.12544
v 1.022727 20.8061 -27.12544
v 0.6353774 19.33776 -27.12544
v -0.422856 18.26286 -27.12544
v -0.422856 19.70391 -5.630426
v -2.626603 8.8583 -56.14761
v -2.626603 14.07053 -56.14761
v -2.626603 14.07053 -61.12292
v -2.626603 8.8583 -61.12292
v -2.33363 30.22617 60.07734
v -2.33363 24.6572 60.07734
v -2.33363 24.6572 63.53813
v -2.33363 23.34818 60.07734
v -2.33363 30.22617 63.53813
v -2.33363 32.27404 60.52709
v -2.33363 32.27404 63.21502
v -2.33363 23.34818 63.53813
v -1.804101 29.02301 -50.77153
v -1.495265 30.68353 -50.77153
v 0.1801991 30.05447 -50.77153
v -0.4636569 28.34317 -50.77153
v 1.060516 28.60089 -50.77153
v -6.430178 30.68353 -50.77153
v -7.139637 29.02301 -50.77153
v -7.438249 29.86243 -50.77153
v -0.6792091 27.69106 -50.77153
v 1.360873 26.77649 -50.77153
v -0.5086395 26.30102 -50.77153
v 1.360873 21.77732 -50.77153
v -0.5086395 20.67876 -50.77153
v 0.3348665 20.67876 -50.77153
v -8.457254 19.70391 -5.630426
v -9.515488 20.77882 -5.630426
v -9.515488 19.53634 -4.481825
v -8.457254 18.46145 -4.481825
v -9.902819 21.00467 -4.481825
v -9.902819 22.24713 -5.630426
v -9.902819 28.02941 -4.481825
v -9.902819 28.05081 -2.934345
v -9.515488 29.47528 -4.481825
v -9.515488 29.46808 -5.630426
v -9.902819 28.02221 -5.630426
v -9.515488 29.28324 -14.79643
v -9.902819 22.62564 -14.79643
v -9.902819 27.83737 -14.79643
v -9.902819 27.68537 -22.33451
v -9.515488 29.13124 -22.33451
v -9.515488 29.03462 -27.12544
v -9.515488 21.1573 -14.79643
v -9.902819 20.71709 -22.33451
v -9.902819 27.58875 -27.12544
v -9.515488 19.24875 -22.33451
v -9.902819 20.8061 -27.12544
v -9.515488 19.33776 -27.12544
v -8.457254 18.26286 -27.12544
v -8.457254 30.09307 -27.12544
v -8.457254 30.18968 -22.33451
v -8.457254 30.34168 -14.79643
v -8.457254 20.0824 -14.79643
v -8.457254 18.17387 -22.33451
v -8.457254 30.52653 -5.630426
v -8.457254 30.53372 -4.481825
v -9.515488 29.49669 -2.934345
v -8.457254 30.55515 -2.934345
v -9.515488 30.1728 28.86123
v -8.457254 31.23054 28.82624
v -9.902819 28.72791 28.90905
v -9.902819 20.80431 29.17122
v -9.902819 20.19053 -2.934345
v -9.515488 19.33686 29.21977
v -9.515488 18.7222 -2.934345
v -8.457254 18.26263 29.25531
v -8.457254 17.64729 -2.934345
v -6.253508 14.07053 -61.12292
v -6.253508 14.07053 -56.14761
v -6.253508 8.8583 -56.14761
v -6.253508 8.8583 -61.12292
v -6.829842 24.6572 63.53813
v -6.829842 24.6572 60.07734
v -6.829842 30.22617 60.07734
v -6.829842 23.34818 63.53813
v -6.829842 30.22617 63.53813
v -6.829842 32.27404 60.52709
v -6.829842 32.27404 63.21502
v -6.829842 23.34818 60.07734
v -1.804101 29.02301 -50.77153
v -1.804101 29.02301 -82.70448
v -7.139637 29.02301 -82.70448
v -0.4636569 28.34317 -50.77153
v -7.139637 29.02301 -50.77153
v -0.4636569 28.34317 -82.70448
v 1.360873 21.77732 -82.70448
v -0.5086395 20.67876 -82.70448
v 0.3348665 20.67876 -82.70448
v -0.5086395 26.30102 -82.70448
v 1.360873 26.77649 -82.70448
v -0.6792091 27.69106 -82.70448
v 1.060516 28.60089 -82.70448
v -0.4636569 28.34317 -82.70448
v 0.1801991 30.05447 -82.70448
v -1.804101 29.02301 -82.70448
v -1.495265 30.68353 -82.70448
v -6.430178 30.68353 -82.70448
v -7.139637 29.02301 -82.70448
v -7.438249 29.86243 -82.70448
v -1.86842 19.31048 -5.630426
v -1.86842 19.68897 -14.79643
v -7.011672 19.68897 -14.79643
v -7.011672 19.31048 -5.630426
v -1.86842 18.068 -4.481825
v -7.011672 17.78044 -22.33451
v -1.86842 17.78044 -22.33451
v -0.422856 18.17387 -22.33451
v -8.457254 18.17387 -22.33451
v -7.011672 17.86943 -27.12544
v -1.86842 17.86943 -27.12544
v -0.422856 18.26286 -27.12544
v -8.457254 18.26286 -27.12544
v -7.011672 18.068 -4.481825
v -7.011672 17.25387 -2.934345
v -8.457254 17.64729 -2.934345
v -7.011672 17.86943 29.26832
v -0.422856 20.0824 -14.79643
v -1.86842 17.86943 29.26832
v -1.86842 17.25387 -2.934345
v -0.422856 17.64729 -2.934345
v -0.422856 18.26263 29.25531
v -8.457254 18.26263 29.25531
v -0.422856 18.46145 -4.481825
v -0.422856 19.70391 -5.630426
v 0.6353774 19.53634 -4.481825
v 0.6353774 20.77882 -5.630426
v 0.6353774 18.7222 -2.934345
v -8.457254 18.46145 -4.481825
v -8.457254 19.70391 -5.630426
v -8.457254 20.0824 -14.79643
v -2.626603 14.07053 -61.12292
v -2.626603 14.07053 -56.14761
v -6.253508 14.07053 -56.14761
v -6.253508 14.07053 -61.12292
v -1.495265 30.68353 -82.70448
v -1.495265 30.68353 -50.77153
v -6.430178 30.68353 -50.77153
v 0.1801991 30.05447 -82.70448
v -6.430178 30.68353 -82.70448
v -7.438249 29.86243 -50.77153
v -7.438249 29.86243 -82.70448
v 0.1801991 30.05447 -50.77153
v -2.626603 8.8583 -56.14761
v -2.626603 8.8583 -61.12292
v -6.253508 8.8583 -61.12292
v -6.253508 8.8583 -56.14761
v -6.239121 32.27404 60.52709
v -6.239121 32.27404 63.21502
v -6.829842 32.27404 63.21502
v -6.829842 32.27404 60.52709
v -2.33363 24.6572 60.07734
v -2.33363 30.22617 60.07734
v -2.924351 30.22617 60.07734
v -2.33363 32.27404 60.52709
v -2.924351 24.6572 60.07734
v -3.708008 25.53767 60.07734
v -2.924351 23.34818 60.07734
v -2.924351 32.27404 60.52709
v -3.708008 30.22617 60.07734
v -5.455445 30.22617 60.07734
v -5.455445 25.53767 60.07734
v -6.239121 30.22617 60.07734
v -6.239121 24.6572 60.07734
v -6.829842 30.22617 60.07734
v -6.239121 32.27404 60.52709
v -6.829842 32.27404 60.52709
v -6.829842 24.6572 60.07734
v -6.829842 23.34818 60.07734
v -6.239121 23.34818 60.07734
v -2.33363 23.34818 60.07734
v -6.239121 30.22617 63.53813
v -6.239121 32.27404 63.21502
v -6.239121 32.27404 60.52709
v -6.239121 30.22617 60.07734
v -2.626603 8.8583 -61.12292
v -2.626603 14.07053 -61.12292
v -6.253508 14.07053 -61.12292
v -6.253508 8.8583 -61.12292
v -2.33363 30.22617 63.53813
v -2.33363 24.6572 63.53813
v -2.924351 24.6572 63.53813
v -2.33363 23.34818 63.53813
v -2.924351 30.22617 63.53813
v -2.924351 32.27404 63.21502
v -3.708008 25.53767 63.53813
v -3.708008 30.22617 63.53813
v -5.455445 25.53767 63.53813
v -2.924351 23.34818 63.53813
v -2.33363 32.27404 63.21502
v -5.455445 30.22617 63.53813
v -6.239121 30.22617 63.53813
v -6.239121 24.6572 63.53813
v -6.829842 24.6572 63.53813
v -6.239121 23.34818 63.53813
v -6.829842 30.22617 63.53813
v -6.829842 32.27404 63.21502
v -6.239121 32.27404 63.21502
v -6.829842 23.34818 63.53813
v -2.626603 14.07053 -56.14761
v -2.626603 14.07053 -56.4635
v -6.253508 14.07053 -56.4635
v -6.253508 14.07053 -56.14761
v -9.902819 20.80431 29.17122
v 1.022727 20.80431 29.17122
v -7.011672 17.86943 29.26832
v -1.86842 17.86943 29.26832
v 0.6353774 19.33686 29.21977
v -0.422856 18.26263 29.25531
v -9.902819 28.72791 28.90905
v 1.022727 28.72791 28.90905
v -9.515488 19.33686 29.21977
v -8.457254 18.26263 29.25531
v -1.86842 31.6177 28.81343
v 0.6353774 30.1728 28.86123
v -0.422856 31.23054 28.82624
v -7.011672 31.6177 28.81343
v -8.457254 31.23054 28.82624
v -9.515488 30.1728 28.86123
v -6.239121 24.6572 63.53813
v -6.239121 24.6572 60.07734
v -6.239121 23.34818 60.07734
v -5.455445 25.53767 63.53813
v -6.239121 23.34818 63.53813
v -5.455445 25.53767 60.07734
v -2.626603 14.07053 -56.14761
v -2.626603 8.8583 -56.14761
v -6.253508 8.8583 -56.14761
v -6.253508 14.07053 -56.14761
v -0.4636569 28.34317 -82.70448
v -0.4636569 28.34317 -50.77153
v -0.6792091 27.69106 -50.77153
v -0.6792091 27.69106 -82.70448
v -0.5086395 26.30102 -50.77153
v -0.5086395 26.30102 -82.70448
v -0.5086395 20.67876 -50.77153
v -0.5086395 20.67876 -82.70448
v 0.1801991 30.05447 -50.77153
v 0.1801991 30.05447 -82.70448
v 1.060516 28.60089 -82.70448
v 1.060516 28.60089 -50.77153
v 1.360873 26.77649 -82.70448
v 1.360873 26.77649 -50.77153
v 1.360873 21.77732 -82.70448
v 1.360873 21.77732 -50.77153
v 0.3348665 20.67876 -50.77153
v 0.3348665 20.67876 -82.70448
v -7.011672 30.48049 -27.12544
v -8.457254 30.18968 -22.33451
v -8.457254 30.09307 -27.12544
v -7.438249 29.86243 -82.70448
v -7.438249 29.86243 -50.77153
v -7.139637 29.02301 -50.77153
v -7.139637 29.02301 -82.70448
v -0.5086395 20.67876 -82.70448
v -0.5086395 20.67876 -50.77153
v 0.3348665 20.67876 -50.77153
v 0.3348665 20.67876 -82.70448
v -4.51265 27.04376 33.87619
v -5.558589 28.85536 33.87619
v -5.558589 27.64762 33.87619
v -5.116512 27.20556 33.87619
v -5.720392 28.2515 33.87619
v -4.51265 29.45924 33.87619
v -5.116512 29.29743 33.87619
v -3.466713 28.85536 33.87619
v -3.908771 29.29743 33.87619
v -3.304891 28.2515 33.87619
v -3.466713 27.64762 33.87619
v -3.908771 27.20556 33.87619
v -4.51265 27.04376 49.88359
v -4.51265 29.45924 49.88359
v -3.466713 27.64762 49.88359
v -3.908771 27.20556 49.88359
v -3.908771 29.29743 49.88359
v -3.466713 28.85536 49.88359
v -3.304891 28.2515 49.88359
v -5.558589 27.64762 49.88359
v -5.116512 29.29743 49.88359
v -5.558589 28.85536 49.88359
v -5.720392 28.2515 49.88359
v -5.116512 27.20556 49.88359
v -3.304891 28.2515 38.67804
v -3.466713 27.64762 38.67804
v -2.992122 27.37362 39.26613
v -2.756889 28.2515 39.26613
v -3.466713 28.85536 38.67804
v -2.756889 28.2515 48.83473
v -2.992122 29.12936 39.26613
v -2.992122 29.12936 48.83473
v -3.466713 28.85536 49.88359
v -3.304891 28.2515 49.88359
v -2.992122 27.37362 48.83473
v -3.466713 27.64762 49.88359
v -3.304891 28.2515 33.87619
v -3.466713 28.85536 33.87619
v -3.466713 27.64762 33.87619
v -3.63477 26.73097 48.83473
v -3.908771 27.20556 49.88359
v -6.03316 29.12936 48.83473
v -5.558589 28.85536 49.88359
v -5.720392 28.2515 49.88359
v -5.116512 29.29743 49.88359
v -6.268394 28.2515 48.83473
v -6.03316 27.37362 48.83473
v -5.558589 27.64762 49.88359
v -5.116512 27.20556 49.88359
v -5.390512 26.73097 48.83473
v -6.03316 29.12936 39.26613
v -6.268394 28.2515 39.26613
v -6.03316 27.37362 39.26613
v -5.390512 29.77203 39.26613
v -5.390512 26.73097 39.26613
v -5.720392 28.2515 38.67804
v -5.558589 27.64762 38.67804
v -5.558589 28.85536 38.67804
v -5.720392 28.2515 33.87619
v -5.558589 27.64762 33.87619
v -5.558589 28.85536 33.87619
v -5.116512 29.29743 33.87619
v -5.116512 27.20556 38.67804
v -5.116512 27.20556 33.87619
v -5.116512 29.29743 38.67804
v -5.390512 29.77203 48.83473
v -3.63477 29.77203 39.26613
v -3.908771 29.29743 38.67804
v -3.466713 28.85536 38.67804
v -2.992122 29.12936 39.26613
v -4.51265 30.00724 39.26613
v -4.51265 29.45924 38.67804
v -5.116512 29.29743 38.67804
v -5.390512 29.77203 39.26613
v -6.03316 29.12936 39.26613
v -5.558589 28.85536 38.67804
v -5.116512 27.20556 38.67804
v -5.558589 27.64762 38.67804
v -6.03316 27.37362 39.26613
v -5.390512 26.73097 39.26613
v -2.992122 29.12936 48.83473
v -3.466713 28.85536 49.88359
v -3.908771 29.29743 49.88359
v -3.63477 29.77203 48.83473
v -2.992122 29.12936 39.26613
v -3.63477 29.77203 39.26613
v -4.51265 30.00724 48.83473
v -4.51265 30.00724 39.26613
v -4.51265 29.45924 49.88359
v -5.390512 29.77203 48.83473
v -5.390512 29.77203 39.26613
v -5.116512 29.29743 49.88359
v -4.51265 29.45924 38.67804
v -4.51265 29.45924 33.87619
v -3.908771 29.29743 33.87619
v -3.908771 29.29743 38.67804
v -3.466713 28.85536 33.87619
v -3.466713 28.85536 38.67804
v -5.116512 29.29743 38.67804
v -5.116512 29.29743 33.87619
v -3.908771 27.20556 38.67804
v -3.908771 27.20556 33.87619
v -4.51265 27.04376 33.87619
v -4.51265 27.04376 38.67804
v -5.116512 27.20556 33.87619
v -4.51265 26.49574 39.26613
v -5.116512 27.20556 38.67804
v -5.390512 26.73097 39.26613
v -4.51265 26.49574 48.83473
v -3.466713 27.64762 38.67804
v -3.466713 27.64762 33.87619
v -5.390512 26.73097 48.83473
v -3.63477 26.73097 48.83473
v -3.63477 26.73097 39.26613
v -2.992122 27.37362 48.83473
v -2.992122 27.37362 39.26613
v -3.908771 27.20556 49.88359
v -4.51265 27.04376 49.88359
v -5.116512 27.20556 49.88359
v -2.992122 27.37362 39.26613
v -3.466713 27.64762 38.67804
v -3.908771 27.20556 38.67804
v -3.63477 26.73097 39.26613
v -2.54782 39.12608 63.32143
v -2.232175 37.94638 63.31767
v -2.232175 37.95626 60.22441
v -2.54782 39.13597 60.22819
v -3.410183 39.9897 63.32419
v -3.410183 39.9996 60.23093
v -2.54782 36.77656 60.22065
v -2.54782 36.76665 63.31391
v -3.410183 35.91293 60.21791
v -3.410183 35.90303 63.31114
v -6.017852 35.46658 63.30976
v -4.58821 35.08297 63.30853
v -4.58821 35.09285 60.21529
v -6.017852 35.47649 60.21651
v -3.158568 35.46658 63.30976
v -3.158568 35.47649 60.21651
v -2.111997 36.51466 63.3131
v -2.111997 36.52457 60.21984
v -4.58821 40.80979 63.32682
v -6.017852 40.42614 63.32558
v -6.017852 40.43604 60.23234
v -4.58821 40.81969 60.23357
v -3.158568 40.43604 60.23234
v -3.158568 40.42614 63.32558
v -2.111997 39.38797 60.229
v -2.111997 39.37807 63.32223
v -7.064424 39.37807 63.32223
v -7.447495 37.94638 63.31767
v -7.447495 37.95626 60.22441
v -7.064424 39.38797 60.229
v -6.017852 40.42614 63.32558
v -6.017852 40.43604 60.23234
v -7.064424 36.52457 60.21984
v -7.064424 36.51466 63.3131
v -6.017852 35.47649 60.21651
v -6.017852 35.46658 63.30976
v -2.111997 39.37807 63.32223
v -2.111997 39.38797 60.229
v -1.728925 37.95626 60.22441
v -1.728925 37.94638 63.31767
v -2.111997 36.52457 60.21984
v -2.111997 36.51466 63.3131
v -4.58821 40.30579 63.32521
v -4.58821 40.80979 63.32682
v -3.158568 40.42614 63.32558
v -3.410183 39.9897 63.32419
v -2.111997 39.37807 63.32223
v -2.54782 39.12608 63.32143
v -1.728925 37.94638 63.31767
v -2.232175 37.94638 63.31767
v -2.54782 36.76665 63.31391
v -2.111997 36.51466 63.3131
v -3.410183 35.90303 63.31114
v -3.158568 35.46658 63.30976
v -4.58821 35.58693 63.31015
v -4.58821 35.08297 63.30853
v -6.017852 35.46658 63.30976
v -5.766218 35.90303 63.31114
v -7.064424 36.51466 63.3131
v -6.62858 36.76665 63.31391
v -7.447495 37.94638 63.31767
v -6.944226 37.94638 63.31767
v -6.62858 39.12608 63.32143
v -7.064424 39.37807 63.32223
v -5.766218 39.9897 63.32419
v -6.017852 40.42614 63.32558
v -4.58821 40.31571 60.23195
v -3.410183 39.9996 60.23093
v -3.158568 40.43604 60.23234
v -4.58821 40.81969 60.23357
v -6.017852 40.43604 60.23234
v -2.111997 39.38797 60.229
v -2.54782 39.13597 60.22819
v -1.728925 37.95626 60.22441
v -2.232175 37.95626 60.22441
v -2.54782 36.77656 60.22065
v -2.111997 36.52457 60.21984
v -3.410183 35.91293 60.21791
v -3.158568 35.47649 60.21651
v -4.58821 35.59682 60.21689
v -4.58821 35.09285 60.21529
v -6.017852 35.47649 60.21651
v -5.766218 35.91293 60.21791
v -7.064424 36.52457 60.21984
v -6.62858 36.77656 60.22065
v -7.447495 37.95626 60.22441
v -6.944226 37.95626 60.22441
v -6.62858 39.13597 60.22819
v -7.064424 39.38797 60.229
v -5.766218 39.9996 60.23093
v -3.410183 35.90303 63.31114
v -4.58821 35.58693 63.31015
v -4.58821 35.59682 60.21689
v -5.766218 35.90303 63.31114
v -3.410183 35.91293 60.21791
v -5.766218 35.91293 60.21791
v -6.62858 36.76665 63.31391
v -6.62858 36.77656 60.22065
v -6.62858 36.77656 60.22065
v -6.62858 36.76665 63.31391
v -6.944226 37.94638 63.31767
v -6.944226 37.95626 60.22441
v -6.62858 39.12608 63.32143
v -6.62858 39.13597 60.22819
v -6.62858 39.13597 60.22819
v -6.62858 39.12608 63.32143
v -5.766218 39.9897 63.32419
v -5.766218 39.9996 60.23093
v -4.58821 40.30579 63.32521
v -4.58821 40.31571 60.23195
v -3.410183 39.9897 63.32419
v -3.410183 39.9996 60.23093
v -6.239121 23.34818 63.53813
v -6.239121 23.34818 60.07734
v -6.829842 23.34818 60.07734
v -6.829842 23.34818 63.53813
v -2.33363 32.27404 60.52709
v -2.33363 32.27404 63.21502
v -2.924351 32.27404 63.21502
v -2.924351 32.27404 60.52709
v -2.924351 30.22617 63.53813
v -2.924351 30.22617 60.07734
v -2.924351 32.27404 60.52709
v -2.924351 32.27404 63.21502
v -3.708008 30.22617 63.53813
v -3.708008 30.22617 60.07734
v -2.924351 30.22617 60.07734
v -5.455445 30.22617 63.53813
v -2.924351 30.22617 63.53813
v -5.455445 30.22617 60.07734
v -6.239121 30.22617 63.53813
v -6.239121 30.22617 60.07734
v -3.708008 25.53767 60.07734
v -3.708008 25.53767 63.53813
v -2.924351 24.6572 63.53813
v -2.924351 24.6572 60.07734
v -2.924351 23.34818 63.53813
v -2.924351 23.34818 60.07734
v -3.708008 25.53767 63.53813
v -3.708008 25.53767 60.07734
v -5.455445 25.53767 60.07734
v -5.455445 25.53767 63.53813
v -2.33363 23.34818 63.53813
v -2.33363 23.34818 60.07734
v -2.924351 23.34818 60.07734
v -2.924351 23.34818 63.53813
v -8.780285 19.47355 -88.92184
v -8.780285 17.87108 -87.89007
v -8.780285 20.37871 -87.89687
v -8.780285 20.14747 -88.54053
v -8.780285 18.69928 -88.91511
v -8.780285 18.03207 -88.52218
v -8.780285 17.79091 -87.25429
v -8.780285 20.54358 -87.27119
v -8.780285 17.82538 -86.61443
v -8.780285 20.62933 -86.62988
v -8.780285 19.2781 -78.53109
v -8.780285 19.51217 -78.53109
v -8.780285 19.91358 -78.53109
v -8.780285 20.37476 -78.53109
v -8.780285 20.77218 -78.53109
v -8.780285 20.9993 -78.53109
v -9.276994 19.91358 -78.53109
v -9.276994 19.51217 -78.53109
v -9.276994 20.62933 -86.62988
v -9.276994 20.37476 -78.53109
v -9.276994 20.77218 -78.53109
v -9.276994 20.9993 -78.53109
v -9.276994 19.2781 -78.53109
v -9.276994 17.82538 -86.61443
v -9.276994 20.54358 -87.27119
v -9.276994 17.79091 -87.25429
v -9.276994 20.37871 -87.89687
v -9.276994 17.87108 -87.89007
v -9.276994 19.47355 -88.92184
v -9.276994 20.14747 -88.54053
v -9.276994 18.69928 -88.91511
v -9.276994 18.03207 -88.52218
v -8.780285 17.87108 -87.89007
v -8.780285 18.03207 -88.52218
v -9.276994 18.03207 -88.52218
v -9.276994 17.87108 -87.89007
v -8.780285 17.79091 -87.25429
v -9.276994 17.79091 -87.25429
v -8.780285 17.82538 -86.61443
v -9.276994 17.82538 -86.61443
v -8.780285 19.2781 -78.53109
v -9.276994 19.2781 -78.53109
v -8.780285 20.77218 -78.53109
v -8.780285 20.37476 -78.53109
v -9.276994 20.37476 -78.53109
v -9.276994 20.77218 -78.53109
v -8.780285 20.9993 -78.53109
v -9.276994 19.91358 -78.53109
v -8.780285 19.91358 -78.53109
v -9.276994 20.9993 -78.53109
v -9.276994 19.51217 -78.53109
v -8.780285 19.51217 -78.53109
v -9.276994 19.2781 -78.53109
v -8.780285 19.2781 -78.53109
v -8.780285 20.14747 -88.54053
v -8.780285 20.37871 -87.89687
v -9.276994 20.37871 -87.89687
v -9.276994 20.14747 -88.54053
v -9.276994 20.54358 -87.27119
v -8.780285 20.54358 -87.27119
v -9.276994 20.62933 -86.62988
v -8.780285 20.62933 -86.62988
v -9.276994 20.9993 -78.53109
v -8.780285 20.9993 -78.53109
v -8.780285 18.03207 -88.52218
v -8.780285 18.69928 -88.91511
v -9.276994 18.69928 -88.91511
v -9.276994 18.03207 -88.52218
v -9.276994 19.47355 -88.92184
v -8.780285 19.47355 -88.92184
v -9.276994 20.14747 -88.54053
v -8.780285 20.14747 -88.54053
v -2.041943 -1.179178 -38.27204
v -2.041943 -3.998525 -55.41315
v -2.041943 -6.27294 -54.58393
v -2.041943 -0.9659472 -55.67376
v -2.041943 -2.671777 -37.71527
v -2.041943 1.261087 -38.44973
v -2.041943 5.478253 -56.19498
v -2.041943 7.657907 -38.99464
v -2.041943 12.47389 -56.04291
v -2.041943 13.4876 -38.9693
v -2.041943 18.55619 -55.91068
v -2.041943 18.55619 -38.94726
v -2.854163 20.26952 34.22692
v -2.854163 20.26952 31.60106
v -6.025928 20.26952 31.60106
v -1.525401 20.8199 34.22692
v -6.025928 20.26952 34.22692
v -1.525401 20.8199 31.60106
v -7.354691 20.8199 31.60106
v -7.354691 20.8199 34.22692
v -3.873398 16.70318 -7.481083
v -3.873398 16.70318 -10.44257
v -3.873398 16.1767 -10.44257
v -3.873398 16.1767 -7.481083
v -3.873398 15.78183 -9.416278
v -3.873398 15.78183 -8.507379
v -3.873398 14.37705 -8.678985
v -3.873398 14.37705 -9.587883
v -3.873398 12.47631 -9.006791
v -3.873398 12.83958 -8.30794
v -3.873398 11.1538 -7.586376
v -3.873398 11.4644 -7.242244
v -6.838148 -6.27294 -54.58393
v -6.838148 -3.998525 -55.41315
v -6.838148 -1.179178 -38.27204
v -6.838148 -2.671777 -37.71527
v -6.838148 -0.9659472 -55.67376
v -6.838148 1.261087 -38.44973
v -6.838148 5.478253 -56.19498
v -6.838148 7.657907 -38.99464
v -6.838148 12.47389 -56.04291
v -6.838148 13.4876 -38.9693
v -6.838148 18.55619 -55.91068
v -6.838148 18.55619 -38.94726
v -5.006693 16.1767 -10.44257
v -5.006693 16.70318 -10.44257
v -5.006693 16.70318 -7.481083
v -5.006693 16.1767 -7.481083
v -5.006693 15.78183 -9.416278
v -5.006693 15.78183 -8.507379
v -5.006693 14.37705 -8.678985
v -5.006693 14.37705 -9.587883
v -5.006693 12.47631 -9.006791
v -5.006693 12.83958 -8.30794
v -5.006693 11.1538 -7.586376
v -5.006693 11.4644 -7.242244
v -2.041943 -0.9659472 -55.67376
v -2.041943 5.478253 -56.19498
v -6.838148 5.478253 -56.19498
v -6.838148 -0.9659472 -55.67376
v -2.041943 -3.998525 -55.41315
v -6.838148 12.47389 -56.04291
v -2.041943 12.47389 -56.04291
v -6.838148 18.55619 -55.91068
v -2.041943 18.55619 -55.91068
v -6.838148 -3.998525 -55.41315
v -2.041943 -6.27294 -54.58393
v -6.838148 -6.27294 -54.58393
v -3.873398 16.70318 -10.44257
v -3.873398 16.70318 -7.481083
v -5.006693 16.70318 -7.481083
v -5.006693 16.70318 -10.44257
v -2.854163 30.17846 31.60106
v -2.854163 30.17846 34.22692
v -6.025928 30.17846 34.22692
v -1.525401 29.62806 31.60106
v -6.025928 30.17846 31.60106
v -1.525401 29.62806 34.22692
v -7.354691 29.62806 34.22692
v -7.354691 29.62806 31.60106
v -3.873398 15.78183 -8.507379
v -3.873398 14.37705 -8.678985
v -5.006693 14.37705 -8.678985
v -5.006693 15.78183 -8.507379
v -5.006693 12.83958 -8.30794
v -3.873398 12.83958 -8.30794
v -5.006693 11.4644 -7.242244
v -3.873398 11.4644 -7.242244
v -3.873398 12.47631 -9.006791
v -3.873398 14.37705 -9.587883
v -5.006693 14.37705 -9.587883
v -5.006693 12.47631 -9.006791
v -5.006693 15.78183 -9.416278
v -3.873398 15.78183 -9.416278
v -2.041943 -1.179178 -38.27204
v -2.041943 -2.671777 -37.71527
v -6.838148 -2.671777 -37.71527
v -6.838148 -1.179178 -38.27204
v -2.041943 1.261087 -38.44973
v -6.838148 1.261087 -38.44973
v -2.041943 7.657907 -38.99464
v -6.838148 7.657907 -38.99464
v -2.041943 13.4876 -38.9693
v -6.838148 13.4876 -38.9693
v -2.041943 18.55619 -38.94726
v -6.838148 18.55619 -38.94726
v -0.9750203 28.2993 31.60106
v -0.9750203 22.14869 31.60106
v -0.9750203 22.14869 34.22692
v -0.9750203 28.2993 34.22692
v -1.525401 29.62806 34.22692
v -1.525401 29.62806 31.60106
v -1.525401 20.8199 31.60106
v -1.525401 20.8199 34.22692
v -3.873398 16.1767 -7.481083
v -3.873398 15.78183 -8.507379
v -5.006693 15.78183 -8.507379
v -5.006693 16.1767 -7.481083
v -3.873398 11.4644 -7.242244
v -3.873398 11.1538 -7.586376
v -5.006693 11.1538 -7.586376
v -5.006693 11.4644 -7.242244
v -3.873398 16.70318 -7.481083
v -3.873398 16.1767 -7.481083
v -5.006693 16.1767 -7.481083
v -5.006693 16.70318 -7.481083
v -7.90509 22.14869 34.22692
v -7.90509 22.14869 31.60106
v -7.90509 28.2993 31.60106
v -7.354691 20.8199 34.22692
v -7.90509 28.2993 34.22692
v -7.354691 29.62806 31.60106
v -7.354691 29.62806 34.22692
v -7.354691 20.8199 31.60106
v -3.873398 15.78183 -9.416278
v -3.873398 16.1767 -10.44257
v -5.006693 16.1767 -10.44257
v -5.006693 15.78183 -9.416278
v -6.349075 18.55619 -55.48886
v -6.349075 7.891011 -55.64428
v -6.349075 9.243655 -39.58135
v -6.349075 -3.124117 -54.71669
v -6.349075 18.55619 -39.36908
v -6.349075 -1.771472 -38.65377
v -3.873398 16.1767 -10.44257
v -3.873398 16.70318 -10.44257
v -5.006693 16.70318 -10.44257
v -5.006693 16.1767 -10.44257
v -0.9750203 28.2993 34.22692
v -7.90509 28.2993 34.22692
v -2.854163 30.17846 34.22692
v -1.525401 29.62806 34.22692
v -6.025928 30.17846 34.22692
v -7.354691 29.62806 34.22692
v -7.90509 22.14869 34.22692
v -0.9750203 22.14869 34.22692
v -6.025928 20.26952 34.22692
v -2.854163 20.26952 34.22692
v -1.525401 20.8199 34.22692
v -7.354691 20.8199 34.22692
v -2.041943 -2.671777 -37.71527
v -2.041943 -6.27294 -54.58393
v -6.838148 -6.27294 -54.58393
v -6.838148 -2.671777 -37.71527
v -3.873398 11.1538 -7.586376
v -3.873398 12.47631 -9.006791
v -5.006693 12.47631 -9.006791
v -5.006693 11.1538 -7.586376
v -0.9750203 22.14869 31.60106
v -7.90509 22.14869 31.60106
v -2.854163 20.26952 31.60106
v -1.525401 20.8199 31.60106
v -6.025928 20.26952 31.60106
v -7.354691 20.8199 31.60106
v -7.90509 28.2993 31.60106
v -0.9750203 28.2993 31.60106
v -6.025928 30.17846 31.60106
v -2.854163 30.17846 31.60106
v -1.525401 29.62806 31.60106
v -7.354691 29.62806 31.60106
v -5.905022 31.71034 -27.57166
v -3.300479 31.71034 -27.57166
v -3.300479 31.71034 -28.60328
v -5.905022 31.71034 -28.60328
v -5.905022 31.71034 -27.57166
v -5.09825 36.93727 -27.57166
v -4.58821 36.78008 -27.57166
v -3.300479 31.71034 -27.57166
v -4.078151 36.93727 -27.57166
v -3.704766 37.36673 -27.57166
v -3.568092 37.95338 -27.57164
v -3.300479 39.12034 -27.57166
v -5.471654 37.36673 -27.57166
v -5.608309 37.95338 -27.57164
v -5.905022 39.12034 -27.57166
v -5.471654 38.54004 -27.57166
v -5.09825 38.96951 -27.57166
v -5.75751 39.6709 -27.57166
v -5.354488 40.07392 -27.57166
v -4.58821 39.12669 -27.57166
v -4.803935 40.22143 -27.57166
v -4.401566 40.22143 -27.57166
v -3.851032 40.07392 -27.57166
v -3.704766 38.54004 -27.57166
v -4.078151 38.96951 -27.57166
v -3.447991 39.6709 -27.57166
v -5.905022 31.71034 -27.57166
v -5.905022 31.71034 -28.60328
v -5.905022 39.12034 -28.60328
v -5.905022 39.12034 -27.57166
v -5.75751 39.6709 -28.60328
v -5.75751 39.6709 -27.57166
v -5.354488 40.07392 -28.60328
v -5.354488 40.07392 -27.57166
v -3.300479 31.71034 -28.60328
v -4.078151 36.93733 -28.6033
v -4.58821 36.78013 -28.60328
v -5.905022 31.71034 -28.60328
v -5.09825 36.93733 -28.60328
v -5.471654 37.36678 -28.60328
v -5.608309 37.95344 -28.60328
v -5.905022 39.12034 -28.60328
v -3.704766 37.36678 -28.60328
v -3.568092 37.95344 -28.60328
v -3.300479 39.12034 -28.60328
v -3.704766 38.54009 -28.60328
v -4.078151 38.96957 -28.60328
v -3.447991 39.6709 -28.60328
v -3.851032 40.07392 -28.60328
v -4.58821 39.12675 -28.60328
v -4.401566 40.22143 -28.60328
v -4.803935 40.22143 -28.60328
v -5.354488 40.07392 -28.60328
v -5.09825 38.96957 -28.60328
v -5.75751 39.6709 -28.60328
v -5.471654 38.54009 -28.60328
v -4.401566 40.22143 -28.60328
v -4.401566 40.22143 -27.57166
v -4.803935 40.22143 -27.57166
v -4.803935 40.22143 -28.60328
v -5.354488 40.07392 -27.57166
v -3.851032 40.07392 -28.60328
v -3.851032 40.07392 -27.57166
v -3.447991 39.6709 -28.60328
v -3.447991 39.6709 -27.57166
v -5.354488 40.07392 -28.60328
v -3.300479 39.12034 -28.60328
v -3.300479 39.12034 -27.57166
v -3.447991 39.6709 -27.57166
v -3.447991 39.6709 -28.60328
v -3.300479 31.71034 -28.60328
v -3.300479 31.71034 -27.57166
v -4.58821 36.78013 -28.60328
v -4.58821 36.78008 -27.57166
v -5.09825 36.93727 -27.57166
v -4.078151 36.93727 -27.57166
v -5.09825 36.93733 -28.60328
v -4.078151 36.93733 -28.6033
v -5.09825 36.93733 -28.60328
v -5.09825 36.93727 -27.57166
v -5.471654 37.36673 -27.57166
v -5.471654 37.36678 -28.60328
v -5.608309 37.95338 -27.57164
v -5.608309 37.95344 -28.60328
v -5.471654 38.54004 -27.57166
v -5.471654 38.54009 -28.60328
v -5.09825 38.96951 -27.57166
v -5.09825 38.96957 -28.60328
v -4.58821 39.12669 -27.57166
v -4.078151 38.96951 -27.57166
v -4.078151 38.96957 -28.60328
v -4.58821 39.12675 -28.60328
v -5.09825 38.96957 -28.60328
v -5.09825 38.96951 -27.57166
v -3.704766 38.54004 -27.57166
v -3.568092 37.95338 -27.57164
v -3.568092 37.95344 -28.60328
v -3.704766 38.54009 -28.60328
v -4.078151 38.96951 -27.57166
v -3.704766 37.36678 -28.60328
v -3.704766 37.36673 -27.57166
v -4.078151 38.96957 -28.60328
v -4.078151 36.93733 -28.6033
v -4.078151 36.93727 -27.57166
v -8.529782 24.72841 -33.79071
v -8.529782 23.33759 -33.79071
v -8.529782 23.33759 -33.28764
v -8.529782 24.72841 -33.28764
v -11.83065 24.72841 -33.79071
v -8.529782 23.33759 -33.79071
v -8.529782 24.72841 -33.79071
v -11.83065 23.33759 -33.79071
v -12.26503 24.13352 -33.79071
v -12.26503 23.93248 -33.79071
v -12.13779 23.51182 -33.79071
v -12.13779 24.55417 -33.79071
v -8.529782 24.72841 -33.28764
v -11.83065 24.72841 -33.28764
v -11.83065 24.72841 -33.79071
v -12.13779 24.55417 -33.28764
v -8.529782 24.72841 -33.79071
v -12.13779 24.55417 -33.79071
v -12.26503 24.13352 -33.28764
v -12.26503 23.93248 -33.28764
v -12.26503 23.93248 -33.79071
v -12.26503 24.13352 -33.79071
v -12.13779 23.51182 -33.28764
v -12.13779 23.51182 -33.79071
v -12.13779 24.55417 -33.79071
v -12.13779 24.55417 -33.28764
v -12.26503 23.93248 -33.28764
v -11.83065 23.33759 -33.28764
v -12.13779 23.51182 -33.28764
v -11.83065 24.72841 -33.28764
v -8.529782 24.72841 -33.28764
v -8.529782 23.33759 -33.28764
v -12.26503 24.13352 -33.28764
v -12.13779 24.55417 -33.28764
v -11.83065 23.33759 -33.28764
v -11.83065 23.33759 -33.79071
v -12.13779 23.51182 -33.79071
v -12.13779 23.51182 -33.28764
v -8.529782 23.33759 -33.79071
v -8.529782 23.33759 -33.28764
v -2.531017 18.55619 -55.48886
v -2.041943 18.55619 -55.91068
v -2.041943 18.55619 -38.94726
v -2.531017 18.55619 -39.36908
v -6.838148 18.55619 -38.94726
v -6.349075 18.55619 -39.36908
v -6.349075 18.55619 -55.48886
v -6.838148 18.55619 -55.91068
v -2.531017 18.55619 -39.36908
v -6.349075 18.55619 -39.36908
v -6.349075 9.243655 -39.58135
v -2.531017 9.243655 -39.58135
v -6.349075 -1.771472 -38.65377
v -2.531017 -1.771472 -38.65377
v -6.349075 18.55619 -55.48886
v -2.531017 18.55619 -55.48886
v -2.531017 7.891011 -55.64428
v -6.349075 7.891011 -55.64428
v -2.531017 -3.124117 -54.71669
v -6.349075 -3.124117 -54.71669
v -2.531017 18.55619 -55.48886
v -2.531017 18.55619 -39.36908
v -2.531017 9.243655 -39.58135
v -2.531017 7.891011 -55.64428
v -2.531017 -3.124117 -54.71669
v -2.531017 -1.771472 -38.65377
v -2.531017 -3.124117 -54.71669
v -2.531017 -1.771472 -38.65377
v -6.349075 -1.771472 -38.65377
v -6.349075 -3.124117 -54.71669
v -9.1281 20.71016 -81.72065
v -9.1281 20.84663 -78.72258
v -10.37263 20.84663 -78.72258
v -10.37263 20.71016 -81.72065
v -10.37263 20.55534 -78.70932
v -9.1281 20.55534 -78.70932
v -9.1281 20.4189 -81.70741
v -10.37263 20.4189 -81.70741
v -9.1281 20.4189 -81.70741
v -9.1281 20.71016 -81.72065
v -10.37263 20.71016 -81.72065
v -10.37263 20.4189 -81.70741
v -10.37263 20.55534 -78.70932
v -10.37263 20.84663 -78.72258
v -9.1281 20.84663 -78.72258
v -9.1281 20.55534 -78.70932
v -9.1281 20.55534 -78.70932
v -9.1281 20.84663 -78.72258
v -9.1281 20.71016 -81.72065
v -9.1281 20.4189 -81.70741
v -10.37263 20.71016 -81.72065
v -10.37263 20.84663 -78.72258
v -10.37263 20.55534 -78.70932
v -10.37263 20.4189 -81.70741
v -5.064048 35.49503 61.61496
v -4.112373 35.49503 61.61496
v -4.496787 37.68325 61.75497
v -4.679614 37.68325 61.75497
v -4.112373 35.49244 62.42574
v -5.064048 35.49244 62.42574
v -4.679614 37.68151 62.2997
v -4.496787 37.68151 62.2997
v -4.112373 35.49503 61.61496
v -4.112373 35.49244 62.42574
v -4.496787 37.68151 62.2997
v -4.496787 37.68325 61.75497
v -5.064048 35.49503 61.61496
v -5.064048 35.49244 62.42574
v -4.112373 35.49244 62.42574
v -4.112373 35.49503 61.61496
v -4.496787 37.68325 61.75497
v -4.496787 37.68151 62.2997
v -4.679614 37.68151 62.2997
v -4.679614 37.68325 61.75497
v -4.679614 37.68151 62.2997
v -5.064048 35.49244 62.42574
v -5.064048 35.49503 61.61496
v -4.679614 37.68325 61.75497
v -2.597157 29.97828 -53.53034
v -2.597157 29.97828 -5.03539
v -6.282953 29.97828 -5.03539
v -1.298569 29.63033 -5.383338
v -6.282953 29.97828 -53.53034
v -2.597157 29.97828 -55.91068
v -7.581522 29.63033 -5.383338
v -6.282953 29.97828 -55.91068
v -2.597157 29.97828 -85.2614
v -7.581522 29.63033 -53.53034
v -6.282953 29.97828 -85.2614
v -2.597157 29.3447 -88.19923
v -1.298569 29.63033 -55.91068
v -1.298569 29.63033 -53.53034
v -0.3479488 28.67971 -6.333959
v -1.298569 29.63033 -85.1922
v -1.298569 29.0313 -88.14454
v -2.597157 28.25106 -90.61724
v -0.3479488 28.67971 -85.0031
v -0.3479488 28.67971 -55.91068
v -0.3479488 28.67971 -53.53034
v -1.298569 27.98475 -90.61724
v -0.3479488 28.17627 -87.98306
v -0.3479488 27.25718 -90.61724
v -6.282953 28.25106 -90.61724
v -6.282953 29.34472 -88.19923
v -7.581522 29.0313 -88.14454
v -7.581522 27.98475 -90.61724
v -8.532143 28.17627 -87.98306
v -7.581522 29.63033 -85.1922
v -7.581522 29.63033 -55.91068
v -8.532143 27.25718 -90.61724
v -6.095465 22.83148 47.48009
v -6.331849 22.695 47.90487
v -5.562962 21.92612 47.90487
v -5.426479 22.16252 47.48009
v -4.51265 21.64469 47.90487
v -4.51265 21.64469 54.18959
v -5.562962 21.92612 54.18959
v -3.462321 21.92612 54.18959
v -3.598803 22.16252 54.61434
v -4.51265 21.91765 54.61434
v -3.462321 21.92612 47.90487
v -2.693434 22.695 54.18959
v -4.51265 21.91765 47.48009
v -5.426479 22.16252 33.87619
v -2.693434 22.695 47.90487
v -4.51265 21.91765 33.87619
v -3.598803 22.16252 47.48009
v -2.929837 22.83148 47.48009
v -3.598803 22.16252 33.87619
v -2.929837 22.83148 33.87619
v -3.598803 22.16252 64.54271
v -2.929837 22.83148 64.54271
v -4.51265 21.91765 64.54271
v -2.929837 22.83148 54.61434
v -5.426479 22.16252 54.61434
v -5.426479 22.16252 64.54271
v -6.095465 24.65916 54.61434
v -6.340327 23.74533 54.61434
v -6.613292 23.74533 54.18959
v -6.331849 24.79564 54.18959
v -5.426479 25.32814 54.61434
v -6.331849 24.79564 47.90487
v -5.562962 25.56453 54.18959
v -5.562962 25.56453 47.90487
v -6.613292 23.74533 47.90487
v -6.095465 24.65916 47.48009
v -6.331849 22.695 54.18959
v -5.426479 25.32814 47.48009
v -5.426479 25.32814 33.87619
v -6.095465 22.83148 54.61434
v -6.340327 23.74533 47.48009
v -6.331849 22.695 47.90487
v -5.562962 21.92612 54.18959
v -6.095465 24.65916 33.87619
v -5.426479 22.16252 54.61434
v -6.095465 22.83148 47.48009
v -6.340327 23.74533 33.87619
v -5.562962 21.92612 47.90487
v -6.095465 22.83148 33.87619
v -5.426479 22.16252 47.48009
v -5.426479 22.16252 33.87619
v -5.426479 22.16252 64.54271
v -6.095465 22.83148 64.54271
v -6.340327 23.74533 64.54271
v -6.095465 24.65916 64.54271
v -5.426479 25.32814 64.54271
v -2.929837 22.83148 54.61434
v -2.684974 23.74533 54.61434
v -2.41201 23.74533 54.18959
v -2.693434 22.695 54.18959
v -3.462321 21.92612 54.18959
v -2.693434 22.695 47.90487
v -3.598803 22.16252 54.61434
v -2.41201 23.74533 47.90487
v -2.693434 24.79564 54.18959
v -2.929837 24.65916 54.61434
v -2.684974 23.74533 47.48009
v -2.929837 24.65916 47.48009
v -2.929837 22.83148 47.48009
v -2.929837 22.83148 33.87619
v -2.684974 23.74533 33.87619
v -2.693434 24.79564 47.90487
v -2.929837 24.65916 33.87619
v -2.929837 24.65916 64.54271
v -2.684974 23.74533 64.54271
v -2.929837 22.83148 64.54271
v -7.581522 29.63033 -55.91068
v -8.532143 28.67971 -55.91068
v -8.532143 28.67971 -85.0031
v -7.581522 29.63033 -85.1922
v -8.532143 28.67971 -53.53034
v -7.581522 29.63033 -53.53034
v -8.866357 27.43239 -53.53034
v -8.746314 27.88038 -52.22539
v -8.880092 27.38112 -55.91068
v -8.880092 26.20612 -54.85393
v -8.880092 27.38112 -84.74481
v -8.880092 25.2894 -66.86579
v -8.532143 28.67971 -52.264
v -8.532143 28.67971 -39.24834
v -8.746314 27.88038 -39.17244
v -8.532143 28.67971 -37.86798
v -8.880092 27.38112 -37.81028
v -7.581522 29.63033 -5.383338
v -8.532143 28.67971 -6.333959
v -8.880092 27.38112 -30.98468
v -8.880092 27.38112 -32.24701
v -8.880092 27.38112 -7.632528
v -8.880092 19.56174 -8.282428
v -8.880092 19.56174 -30.74043
v -8.532143 18.06392 -6.983858
v -8.532143 18.06392 -53.53034
v -7.581522 16.96741 -53.53034
v -8.880092 19.56174 -32.00551
v -8.880092 19.56174 -32.85876
v -8.880092 22.9202 -33.23544
v -8.880092 23.40252 -33.03566
v -8.880092 24.37935 -33.03566
v -8.880092 24.95971 -33.20972
v -8.880092 19.56174 -35.7781
v -8.880092 19.56174 -37.5109
v -8.880092 22.72044 -33.71774
v -8.880092 22.72044 -36.10405
v -8.880092 19.56174 -39.28286
v -8.880092 22.72044 -39.17244
v -8.880092 19.56174 -53.53034
v -7.581522 16.96741 -6.033237
v -8.532143 15.41042 -55.91068
v -8.880092 16.90824 -55.91068
v -8.880092 22.0493 -55.91068
v -8.880092 17.61286 -90.61724
v -8.532143 16.14179 -90.61724
v -7.581522 15.06491 -90.61724
v -7.581522 14.31392 -55.91068
v -8.880092 21.74818 -90.61724
v -8.880092 22.72044 -52.22539
v -8.880092 22.72044 -53.53034
v -8.880092 22.72044 -54.67355
v -8.880092 22.94778 -54.90091
v -8.880092 22.93888 -66.86632
v -8.880092 22.70852 -90.61724
v -8.880092 22.94778 -64.7033
v -8.880092 22.94778 -55.91068
v -8.880092 23.22033 -65.36127
v -8.880092 23.87832 -65.63383
v -8.880092 24.42878 -90.61724
v -8.880092 27.00248 -87.75039
v -8.532143 28.17627 -87.98306
v -8.532143 27.25718 -90.61724
v -8.880092 26.26329 -90.61724
v -8.880092 24.39216 -65.63383
v -8.880092 25.05013 -65.36127
v -8.880092 25.32268 -64.7033
v -8.880092 25.32268 -55.91068
v -8.880092 25.32268 -55.19692
v -4.51265 25.84597 47.90487
v -4.51265 25.84597 54.18959
v -5.562962 25.56453 54.18959
v -5.562962 25.56453 47.90487
v -3.462321 25.56453 47.90487
v -3.462321 25.56453 54.18959
v -4.51265 25.57299 54.61434
v -5.426479 25.32814 54.61434
v -2.693434 24.79564 47.90487
v -2.693434 24.79564 54.18959
v -3.598803 25.32814 54.61434
v -4.51265 25.57299 64.54271
v -3.598803 25.32814 64.54271
v -5.426479 25.32814 64.54271
v -2.929837 24.65916 54.61434
v -2.929837 24.65916 64.54271
v -4.51265 25.57299 47.48009
v -3.598803 25.32814 47.48009
v -3.598803 25.32814 33.87619
v -5.426479 25.32814 47.48009
v -4.51265 25.57299 33.87619
v -2.929837 24.65916 47.48009
v -2.929837 24.65916 33.87619
v -5.426479 25.32814 33.87619
v 0 27.38112 -55.91068
v 0 16.90824 -55.91068
v 0 19.56174 -53.53034
v 0 27.38112 -53.53034
v -0.3479488 28.67971 -53.53034
v 0 19.56174 -8.282428
v 0 27.38112 -7.632528
v -0.3479488 28.67971 -6.333959
v -0.3479488 18.06392 -53.53034
v -0.3479488 15.41042 -55.91068
v 0 20.21501 -7.632528
v -0.3479488 18.71717 -6.333959
v -0.3479488 18.06392 -6.983858
v -1.298569 16.96741 -53.53034
v -1.298569 14.31392 -55.91068
v -1.298569 16.96741 -6.033237
v -1.298569 17.62069 -5.383338
v -0.3479488 16.14181 -90.61724
v -1.298569 15.06491 -90.61724
v 0 17.61286 -90.61724
v 0 27.38112 -84.74481
v 0 27.00248 -87.75039
v -0.3479488 28.67971 -85.0031
v -0.3479488 28.67971 -55.91068
v 0 26.26329 -90.61724
v -0.3479488 27.25718 -90.61724
v -0.3479488 28.17627 -87.98306
v -1.298569 29.63033 -85.1922
v -2.597157 13.9201 -56.25514
v -2.597157 14.67073 -90.61724
v -6.282953 14.67073 -90.61724
v -6.282953 13.9201 -56.25514
v -1.882327 14.14089 -56.25163
v -1.947873 14.86781 -90.61724
v -6.997784 14.14095 -56.25163
v -6.932237 14.86781 -90.61724
v -7.581522 15.06491 -90.61724
v -7.581522 14.31392 -55.91068
v -6.997784 14.13351 -55.91068
v -1.298569 15.06491 -90.61724
v -1.298569 14.31392 -55.91068
v -1.882327 14.13351 -55.91068
v -1.298569 17.62069 -5.383338
v -2.597157 17.21934 -5.03539
v -2.597157 29.97828 -5.03539
v -6.282953 17.21934 -5.03539
v -1.298569 29.63033 -5.383338
v -0.3479488 18.71717 -6.333959
v -6.282953 29.97828 -5.03539
v -7.581522 17.62069 -5.383338
v -7.581522 16.96741 -6.033237
v -0.3479488 28.67971 -6.333959
v -7.581522 29.63033 -5.383338
v -1.298569 16.96741 -6.033237
v -2.597157 16.56608 -5.685269
v -6.282953 16.56608 -5.685269
v -1.298569 14.31392 -55.91068
v -1.882327 14.13351 -55.91068
v -1.882327 16.78701 -53.53034
v -1.298569 16.96741 -53.53034
v -0.3479488 16.14181 -90.61724
v -0.3479488 27.25718 -90.61724
v -1.298569 27.98475 -90.61724
v -1.298569 15.06491 -90.61724
v -2.597157 28.25106 -90.61724
v -1.947873 14.86781 -90.61724
v -2.597157 14.67073 -90.61724
v -6.282953 28.25106 -90.61724
v -6.282953 14.67073 -90.61724
v -6.932237 14.86781 -90.61724
v -7.581522 15.06491 -90.61724
v -7.581522 27.98475 -90.61724
v -8.532143 16.14179 -90.61724
v -8.532143 27.25718 -90.61724
v -8.880092 21.74818 -90.61724
v -8.880092 22.70852 -90.61724
v -8.880092 24.42878 -90.61724
v -8.880092 26.26329 -90.61724
v -8.880092 17.61286 -90.61724
v -7.581522 29.63033 -5.383338
v -7.581522 17.62069 -5.383338
v -8.532143 18.71717 -6.333959
v -8.880092 20.21501 -7.632528
v -1.298569 16.96741 -6.033237
v -1.882327 16.78701 -38.72528
v -2.597157 16.56608 -38.72595
v -1.298569 16.96741 -53.53034
v -1.882327 16.78701 -53.53034
v -2.597157 16.56608 -5.685269
v -6.282953 16.56608 -5.685269
v -6.282953 16.56608 -38.72595
v -7.581522 16.96741 -6.033237
v -6.997784 16.78701 -38.72528
v -7.581522 16.96741 -53.53034
v -6.997784 16.78701 -53.53034
v -4.51265 21.91765 33.87619
v -6.095465 24.65916 33.87619
v -6.095465 22.83148 33.87619
v -5.426479 22.16252 33.87619
v -6.340327 23.74533 33.87619
v -4.51265 25.57299 33.87619
v -5.426479 25.32814 33.87619
v -2.929837 24.65916 33.87619
v -3.598803 25.32814 33.87619
v -2.929837 22.83148 33.87619
v -2.684974 23.74533 33.87619
v -3.598803 22.16252 33.87619
v -3.267639 23.74533 64.54271
v -4.51265 23.74533 57.8833
v -3.434429 24.36782 64.54271
v -3.890145 24.82353 64.54271
v -3.434429 23.12282 64.54271
v -3.890145 22.66711 64.54271
v -7.345234 22.72044 -36.10405
v -7.345234 22.72044 -33.71774
v -8.880092 22.72044 -33.71774
v -8.880092 22.72044 -36.10405
v -7.345234 22.72044 -37.40998
v -8.880092 22.72044 -37.43747
v -7.345234 22.9202 -33.23544
v -8.880092 22.9202 -33.23544
v -7.345234 22.72044 -39.17244
v -8.880092 22.72044 -39.17244
v -7.345234 22.72044 -52.22539
v -8.880092 22.72044 -52.22539
v -8.880092 22.72044 -53.53034
v -7.345234 22.72044 -53.72677
v -8.880092 22.72044 -54.67355
v -7.345234 22.72044 -54.67355
v -8.880092 22.94778 -54.90091
v -7.345234 22.94778 -54.90091
v -7.345234 22.94778 -55.7676
v -8.880092 22.94778 -55.91068
v -7.345234 22.94778 -64.7033
v -8.880092 22.94778 -64.7033
v -8.880092 23.22033 -65.36127
v -7.345234 23.22033 -65.36127
v -7.345234 27.88038 -52.22539
v -7.345234 27.88038 -39.17244
v -7.345234 22.72044 -39.17244
v -7.345234 27.27792 -37.52872
v -7.345234 22.72044 -52.22539
v -7.345234 27.33115 -53.82529
v -7.345234 22.72044 -53.72677
v -7.345234 26.20612 -54.85393
v -7.345234 22.72044 -37.40998
v -7.345234 26.69257 -35.93166
v -7.345234 22.72044 -36.10405
v -7.345234 25.39616 -33.62996
v -7.345234 22.72044 -33.71774
v -7.345234 24.37935 -33.03566
v -7.345234 24.95971 -33.20972
v -7.345234 23.40252 -33.03566
v -7.345234 22.9202 -33.23544
v -7.345234 22.72044 -54.67355
v -7.345234 25.24221 -55.22818
v -7.345234 22.94778 -54.90091
v -7.345234 22.94778 -55.7676
v -7.345234 25.25126 -55.7676
v -7.345234 22.94778 -64.7033
v -7.345234 25.31594 -64.70335
v -7.345234 23.87832 -65.63383
v -7.345234 23.22033 -65.36127
v -7.345234 24.39216 -65.63383
v -7.345234 25.04816 -65.3613
v -7.345234 24.95971 -33.20972
v -7.345234 25.39616 -33.62996
v -8.880092 25.39616 -33.62996
v -8.880092 24.95971 -33.20972
v -7.345234 26.69257 -35.93166
v -8.880092 26.69257 -35.93166
v -7.345234 27.27792 -37.52872
v -8.880092 27.38112 -37.81028
v -7.345234 27.88038 -39.17244
v -8.746314 27.88038 -39.17244
v -7.345234 27.88038 -52.22539
v -8.746314 27.88038 -52.22539
v -8.866357 27.43239 -53.53034
v -7.345234 27.33115 -53.82529
v -8.880092 26.20612 -54.85393
v -7.345234 24.37935 -33.03566
v -7.345234 24.95971 -33.20972
v -8.880092 24.95971 -33.20972
v -8.880092 24.37935 -33.03566
v -7.345234 23.40252 -33.03566
v -8.880092 23.40252 -33.03566
v -8.880092 22.9202 -33.23544
v -7.345234 22.9202 -33.23544
v -8.880092 26.69257 -35.93166
v -8.880092 27.38112 -35.88019
v -8.880092 27.38112 -33.74844
v -8.880092 25.39616 -33.62996
v -8.880092 27.38112 -33.02963
v -7.345234 25.31594 -64.70335
v -8.880092 25.32268 -64.7033
v -8.880092 25.32268 -55.91068
v -8.880092 25.05013 -65.36127
v -7.345234 25.25126 -55.7676
v -8.880092 25.32268 -55.19692
v -7.345234 25.24221 -55.22818
v -7.345234 25.04816 -65.3613
v -8.880092 24.39216 -65.63383
v -7.345234 24.39216 -65.63383
v -7.345234 23.87832 -65.63383
v -8.880092 23.87832 -65.63383
v -7.345234 23.22033 -65.36127
v -8.880092 23.22033 -65.36127
v -7.345234 25.04816 -65.3613
v -8.880092 25.05013 -65.36127
v -8.880092 25.32268 -55.19692
v -8.880092 26.20612 -54.85393
v -7.345234 26.20612 -54.85393
v -7.345234 27.33115 -53.82529
v -7.345234 25.24221 -55.22818
v 0 17.61286 -90.61724
v 0 26.26329 -90.61724
v -1.882327 20.96255 -56.14314
v -1.882327 20.96255 -38.71267
v -1.882327 16.78701 -53.53034
v -1.882327 14.14089 -56.25163
v -1.882327 14.13351 -55.91068
v -1.882327 16.78701 -38.72528
v -6.997784 20.96255 -56.14314
v -6.997784 14.14095 -56.25163
v -6.997784 16.78701 -53.53034
v -6.997784 20.96255 -38.71267
v -6.997784 16.78701 -38.72528
v -6.997784 14.13351 -55.91068
v -6.282953 13.9201 -56.25514
v -6.997784 20.96255 -56.14314
v -2.597157 13.9201 -56.25514
v -1.882327 20.96255 -56.14314
v -1.882327 14.14089 -56.25163
v -6.997784 14.14095 -56.25163
v -1.882327 20.96255 -56.14314
v -6.997784 20.96255 -56.14314
v -6.997784 20.96255 -38.71267
v -1.882327 20.96255 -38.71267
v -6.997784 16.78701 -53.53034
v -6.997784 14.13351 -55.91068
v -7.581522 14.31392 -55.91068
v -7.581522 16.96741 -53.53034
v -2.597157 16.56608 -38.72595
v -6.997784 20.96255 -38.71267
v -6.282953 16.56608 -38.72595
v -6.997784 16.78701 -38.72528
v -1.882327 20.96255 -38.71267
v -1.882327 16.78701 -38.72528
v -4.51265 24.99032 64.54271
v -5.135138 24.82353 64.54271
v -5.426479 25.32814 64.54271
v -4.51265 25.57299 64.54271
v -3.598803 25.32814 64.54271
v -6.095465 24.65916 64.54271
v -5.590853 24.36782 64.54271
v -5.757643 23.74533 64.54271
v -6.340327 23.74533 64.54271
v -6.095465 22.83148 64.54271
v -5.590853 23.12282 64.54271
v -5.135138 22.66711 64.54271
v -5.426479 22.16252 64.54271
v -4.51265 22.50032 64.54271
v -4.51265 21.91765 64.54271
v -3.598803 22.16252 64.54271
v -3.890145 22.66711 64.54271
v -2.929837 22.83148 64.54271
v -3.434429 23.12282 64.54271
v -3.267639 23.74533 64.54271
v -2.684974 23.74533 64.54271
v -3.434429 24.36782 64.54271
v -2.929837 24.65916 64.54271
v -3.890145 24.82353 64.54271
v -5.590853 24.36782 64.54271
v -4.51265 23.74533 57.8833
v -5.757643 23.74533 64.54271
v -5.590853 23.12282 64.54271
v -4.51265 24.99032 64.54271
v -4.51265 23.74533 57.8833
v -5.135138 24.82353 64.54271
v -5.590853 24.36782 64.54271
v -3.890145 24.82353 64.54271
v -5.135138 22.66711 64.54271
v -4.51265 23.74533 57.8833
v -4.51265 22.50032 64.54271
v -3.890145 22.66711 64.54271
v -5.590853 23.12282 64.54271
v -8.880092 22.72044 -37.43747
v -1.592903 -2.46879 -84.35596
v -1.592903 -4.648443 -90.61063
v -7.287207 -4.648443 -90.61063
v -0.3911859 -1.633723 -85.22926
v -7.287207 -2.46879 -84.35596
v -8.488925 -1.633723 -85.22926
v -7.287207 -3.700777 -92.03215
v -1.592903 -3.700777 -92.03215
v -0.3911859 -3.456297 -90.45921
v -8.488925 -3.456297 -90.45921
v -3.269308 7.074821 -58.54333
v -3.269308 9.105561 -57.74431
v -3.269308 9.072721 -58.72163
v -3.269308 7.233593 -59.099
v -3.269308 5.778265 -59.43483
v -3.269308 6.088482 -59.80708
v -3.240611 9.200726 -3.993097
v -3.240611 9.924647 -4.453781
v -3.240611 9.069115 -5.901627
v -3.240611 8.345192 -5.638368
v -3.240611 8.937485 -8.863115
v -3.240611 8.509719 -9.159252
v -3.240611 9.13493 -11.95623
v -3.240611 8.674247 -12.68014
v -3.240611 10.91181 -14.45704
v -3.240611 10.38533 -14.98354
v -3.240611 10.91181 -2.808509
v -3.240611 11.37249 -3.400803
v -3.240611 13.93911 -2.611065
v -3.240611 14.00493 -3.269173
v -3.240611 15.32115 -3.532432
v -3.240611 15.45278 -2.084586
v -3.240611 16.24249 -4.453781
v -3.240611 19.01049 -4.914445
v -3.240611 19.20792 0.7452924
v -3.240611 15.58439 0.8769026
v -5.610784 7.074821 -58.54333
v -5.610784 7.233593 -59.099
v -5.610784 9.072721 -58.72163
v -5.610784 9.105561 -57.74431
v -5.610784 5.778265 -59.43483
v -5.610784 6.088482 -59.80708
v -5.639481 9.200726 -3.993097
v -5.639481 9.069115 -5.901627
v -5.639481 9.924647 -4.453781
v -5.639481 8.345192 -5.638368
v -5.639481 10.91181 -2.808509
v -5.639481 11.37249 -3.400803
v -5.639481 13.93911 -2.611065
v -5.639481 14.00493 -3.269173
v -5.639481 15.32115 -3.532432
v -5.639481 15.45278 -2.084586
v -5.639481 16.24249 -4.453781
v -5.639481 19.01049 -4.914445
v -5.639481 19.20792 0.7452924
v -5.639481 15.58439 0.8769026
v -5.639481 8.937485 -8.863115
v -5.639481 8.509719 -9.159252
v -5.639481 9.13493 -11.95623
v -5.639481 8.674247 -12.68014
v -5.639481 10.91181 -14.45704
v -5.639481 10.38533 -14.98354
v -3.240611 9.13493 -11.95623
v -3.240611 8.937485 -8.863115
v -5.639481 8.937485 -8.863115
v -5.639481 9.13493 -11.95623
v -3.240611 10.91181 -14.45704
v -5.639481 10.91181 -14.45704
v -5.639481 9.069115 -5.901627
v -3.240611 9.069115 -5.901627
v -5.639481 9.924647 -4.453781
v -3.240611 9.924647 -4.453781
v -1.592903 29.02658 -79.61757
v -1.592903 12.50452 -79.52281
v -7.287207 12.50452 -79.52281
v -0.3911859 27.80225 -80.77912
v -7.287207 29.02658 -79.61757
v -8.488925 27.80225 -80.77912
v -7.287207 4.733555 -82.60275
v -1.592903 4.733555 -82.60275
v -0.3911859 12.17612 -80.68948
v -8.488925 12.17612 -80.68948
v -7.287207 -2.46879 -84.35596
v -1.592903 -2.46879 -84.35596
v -0.3911859 -1.633723 -85.22926
v -0.3911859 4.471755 -83.74304
v -8.488925 -1.633723 -85.22926
v -8.488925 4.471755 -83.74304
v -3.240611 8.345192 -5.638368
v -3.240611 8.509719 -9.159252
v -5.639481 8.509719 -9.159252
v -5.639481 8.345192 -5.638368
v -3.240611 9.200726 -3.993097
v -5.639481 9.200726 -3.993097
v -5.639481 8.674247 -12.68014
v -3.240611 8.674247 -12.68014
v -5.639481 10.38533 -14.98354
v -3.240611 10.38533 -14.98354
v -3.240611 15.45278 -2.084586
v -3.240611 13.93911 -2.611065
v -5.639481 13.93911 -2.611065
v -5.639481 15.45278 -2.084586
v -5.639481 10.91181 -2.808509
v -3.240611 10.91181 -2.808509
v -5.639481 9.200726 -3.993097
v -3.240611 9.200726 -3.993097
v -3.269308 7.074821 -58.54333
v -3.269308 5.778265 -59.43483
v -5.610784 5.778265 -59.43483
v -5.610784 7.074821 -58.54333
v -3.269308 9.105561 -57.74431
v -5.610784 9.105561 -57.74431
v -3.240611 16.24249 -4.453781
v -3.240611 19.01049 -4.914445
v -5.639481 19.01049 -4.914445
v -5.639481 16.24249 -4.453781
v -3.240611 9.924647 -4.453781
v -3.240611 11.37249 -3.400803
v -5.639481 11.37249 -3.400803
v -5.639481 9.924647 -4.453781
v -5.639481 14.00493 -3.269173
v -3.240611 14.00493 -3.269173
v -5.639481 15.32115 -3.532432
v -3.240611 15.32115 -3.532432
v -1.592903 -3.700777 -92.03215
v -1.592903 2.601282 -91.89001
v -7.287207 2.601282 -91.89001
v -7.287207 -3.700777 -92.03215
v -7.287207 8.90334 -92.31646
v -1.592903 8.90334 -92.31646
v -7.287207 25.80931 -94.32758
v -1.592903 25.80931 -94.32758
v -8.488925 24.8708 -93.1274
v -0.3911859 24.8708 -93.1274
v -8.488925 9.199823 -91.26318
v -8.488925 2.843939 -90.8331
v -8.488925 -3.117403 -90.96754
v -0.3911859 -3.117403 -90.96754
v -0.3911859 2.843939 -90.8331
v -0.3911859 9.199823 -91.26318
v -1.592903 27.39754 -93.07863
v -7.287207 27.39754 -93.07863
v -3.240611 15.58439 0.8769026
v -3.240611 15.45278 -2.084586
v -5.639481 15.45278 -2.084586
v -5.639481 15.58439 0.8769026
v -3.269308 5.778265 -59.43483
v -3.269308 6.088482 -59.80708
v -5.610784 6.088482 -59.80708
v -5.610784 5.778265 -59.43483
v -3.240611 15.32115 -3.532432
v -3.240611 16.24249 -4.453781
v -5.639481 16.24249 -4.453781
v -5.639481 15.32115 -3.532432
v -3.269308 6.088482 -59.80708
v -3.269308 7.233593 -59.099
v -5.610784 7.233593 -59.099
v -5.610784 6.088482 -59.80708
v -5.610784 9.072721 -58.72163
v -3.269308 9.072721 -58.72163
v -3.240611 10.38533 -14.98354
v -3.240611 10.91181 -14.45704
v -5.639481 10.91181 -14.45704
v -5.639481 10.38533 -14.98354
v -3.240611 19.20792 0.7452924
v -3.240611 15.58439 0.8769026
v -5.639481 15.58439 0.8769026
v -5.639481 19.20792 0.7452924
v -0.3911859 4.471755 -83.74304
v -0.3911859 12.17612 -80.68948
v -0.3911859 9.199823 -91.26318
v -0.3911859 24.8708 -93.1274
v -0.3911859 2.843939 -90.8331
v -0.3911859 -1.633723 -85.22926
v -0.3911859 -3.117403 -90.96754
v -0.3911859 -3.456297 -90.45921
v -1.592903 -4.648443 -90.61063
v -0.3911859 27.80225 -80.77912
v -0.3911859 26.45902 -91.87842
v -1.592903 27.39754 -93.07863
v -1.592903 -3.700777 -92.03215
v -1.592903 25.80931 -94.32758
v -3.240611 19.01049 -4.914445
v -3.240611 19.20792 0.7452924
v -5.639481 19.20792 0.7452924
v -5.639481 19.01049 -4.914445
v -3.269308 9.072721 -58.72163
v -3.269308 9.105561 -57.74431
v -5.610784 9.105561 -57.74431
v -5.610784 9.072721 -58.72163
v -8.488925 -3.117403 -90.96754
v -8.488925 -1.633723 -85.22926
v -8.488925 -3.456297 -90.45921
v -7.287207 -4.648443 -90.61063
v -8.488925 2.843939 -90.8331
v -8.488925 4.471755 -83.74304
v -8.488925 9.199823 -91.26318
v -8.488925 12.17612 -80.68948
v -8.488925 24.8708 -93.1274
v -8.488925 27.80225 -80.77912
v -8.488925 26.45902 -91.87842
v -7.287207 -3.700777 -92.03215
v -7.287207 27.39754 -93.07863
v -7.287207 25.80931 -94.32758
v -1.592903 27.39754 -93.07863
v -0.3911859 26.45902 -91.87842
v -0.3911859 27.80225 -80.77912
v -1.592903 29.02658 -79.61757
v -7.287207 29.02658 -79.61757
v -7.287207 27.39754 -93.07863
v -8.488925 27.80225 -80.77912
v -8.488925 26.45902 -91.87842
v -3.597307 25.6202 52.78091
v -3.597307 25.6202 53.78923
v -3.597307 25.89005 53.78923
v -3.597307 26.10992 52.78091
v -3.597307 25.6202 51.63321
v -3.597307 26.77845 51.63321
v -3.597307 25.6202 50.32788
v -3.597307 28.68841 49.75602
v -3.597307 25.6202 48.30522
v -3.597307 28.68841 48.30522
v -3.742095 28.86008 49.72403
v -3.742095 28.86008 48.16041
v -5.283187 25.47539 51.63321
v -3.742095 25.47539 51.63321
v -3.742095 25.47539 50.35488
v -5.283187 25.47539 52.78091
v -3.597307 25.6202 51.63321
v -5.283187 25.47539 50.35488
v -3.742095 25.47539 48.16041
v -3.597307 25.6202 48.30522
v -5.283187 25.47539 48.16041
v -3.742095 25.47539 52.78091
v -3.597307 25.6202 52.78091
v -3.597307 25.6202 53.78923
v -5.283187 25.47539 53.93404
v -3.742095 25.47539 53.93404
v -3.597307 25.6202 50.32788
v -5.427995 25.6202 48.30522
v -5.427995 28.68841 48.30522
v -5.427995 28.68841 49.75602
v -5.427995 25.6202 50.32788
v -5.427995 26.77845 51.63321
v -5.427995 25.6202 51.63321
v -5.427995 26.10992 52.78091
v -5.427995 25.6202 52.78091
v -5.427995 25.89005 53.78923
v -5.427995 25.6202 53.78923
v -5.283187 25.47539 50.35488
v -5.283187 25.47539 48.16041
v -5.283187 25.47539 51.63321
v -5.283187 25.47539 52.78091
v -5.283187 25.47539 53.93404
v -5.283187 28.86008 49.72403
v -5.283187 28.86008 48.16041
v -5.283187 25.99759 53.93404
v -5.283187 25.47539 53.93404
v -3.742095 28.86008 49.72403
v -3.742095 26.91756 51.63321
v -5.283187 26.91756 51.63321
v -3.597307 28.68841 49.75602
v -5.283187 28.86008 49.72403
v -3.742095 28.86008 48.16041
v -5.283187 28.86008 48.16041
v -5.283187 26.24903 52.78091
v -3.742095 26.24903 52.78091
v -3.597307 26.77845 51.63321
v -3.742095 25.99759 53.93404
v -5.283187 25.99759 53.93404
v -5.427995 25.89005 53.78923
v -3.597307 26.10992 52.78091
v -3.597307 25.89005 53.78923
v -5.427995 26.77845 51.63321
v -5.427995 26.10992 52.78091
v -5.427995 28.68841 49.75602
v -5.283187 25.47539 48.16041
v -3.742095 25.47539 48.16041
v -3.742095 28.86008 48.16041
v -5.283187 28.86008 48.16041
v -5.427995 28.68841 48.30522
v -5.427995 25.6202 48.30522
v -3.597307 28.68841 48.30522
v -3.597307 25.6202 48.30522
v -3.742095 25.47539 53.93404
v -5.283187 25.47539 53.93404
v -5.283187 25.99759 53.93404
v -3.742095 25.99759 53.93404
v -3.597307 25.6202 53.78923
v -3.597307 25.89005 53.78923
v -6.467276 29.52764 34.22692
v -6.467276 20.75517 34.22692
v -2.596218 20.75517 34.22692
v -2.596218 29.52764 34.22692
v -2.596218 20.75517 34.73623
v -6.467276 20.75517 34.73623
v -6.467276 29.52764 34.73623
v -2.596218 29.52764 34.73623
v -2.596218 29.52764 34.22692
v -2.596218 20.75517 34.22692
v -2.596218 20.75517 34.73623
v -2.596218 29.52764 34.73623
v -2.596218 20.75517 34.22692
v -6.467276 20.75517 34.22692
v -6.467276 20.75517 34.73623
v -2.596218 20.75517 34.73623
v -6.467276 29.52764 34.22692
v -2.596218 29.52764 34.22692
v -2.596218 29.52764 34.73623
v -6.467276 29.52764 34.73623
v -6.467276 20.75517 34.22692
v -6.467276 29.52764 34.22692
v -6.467276 29.52764 34.73623
v -6.467276 20.75517 34.73623
v -4.51265 25.53938 63.52547
v -7.091624 28.21225 63.52547
v -5.409676 25.29903 63.52547
v -4.51265 28.90328 63.52547
v -3.615607 25.29903 63.52547
v -1.933659 28.21225 63.52547
v -0.04571157 26.3243 63.52547
v -2.958937 24.64233 63.52547
v 0.6453331 23.74531 63.52547
v -2.718582 23.74531 63.52547
v -8.97957 26.3243 63.52547
v -6.066346 24.64233 63.52547
v -9.670615 23.74531 63.52547
v -6.3067 23.74531 63.52547
v -8.97957 21.16634 63.52547
v -6.066346 22.84827 63.52547
v -0.04571157 21.16634 63.52547
v -2.958937 22.84827 63.52547
v -3.615607 22.1916 63.52547
v -1.933659 19.27839 63.52547
v -4.51265 21.95124 63.52547
v -4.51265 18.58735 63.52547
v -7.091624 19.27839 63.52547
v -5.409676 22.1916 63.52547
v -3.615607 25.29903 93.49432
v -2.339884 24.99978 93.49432
v -2.958937 24.64236 93.49432
v -3.258201 25.9181 93.49432
v -4.51265 26.25423 93.49432
v -4.51265 25.5394 93.49432
v -5.767101 25.9181 93.49432
v -2.003751 23.74533 93.49432
v -2.718582 23.74533 93.49432
v -5.409676 25.29903 93.49432
v -6.685418 24.99978 93.49432
v -6.066346 24.64236 93.49432
v -7.021531 23.74533 93.49432
v -6.3067 23.74533 93.49432
v -2.339884 22.49088 93.49432
v -2.958937 22.84829 93.49432
v -3.258201 21.57256 93.49432
v -6.685418 22.49088 93.49432
v -6.066346 22.84829 93.49432
v -5.767101 21.57256 93.49432
v -5.409676 22.19162 93.49432
v -4.51265 21.23643 93.49432
v -4.51265 21.95126 93.49432
v -3.615607 22.19162 93.49432
v -3.258201 21.57256 89.72915
v -4.51265 21.23643 89.72915
v -4.51265 21.23643 93.49432
v -3.258201 21.57256 93.49432
v -2.339884 22.49088 89.72915
v -2.339884 22.49088 93.49432
v -5.767101 21.57256 93.49432
v -5.767101 21.57256 89.72915
v -4.51265 26.25421 89.72915
v -3.258201 25.9181 89.72915
v -3.258201 25.9181 93.49432
v -4.51265 26.25423 93.49432
v -5.767101 25.9181 93.49432
v -5.767101 25.9181 89.72915
v -2.339884 24.99978 93.49432
v -2.339884 24.99978 89.72915
v -5.767101 21.57256 89.72915
v -6.685418 22.49088 89.72915
v -6.685418 22.49088 93.49432
v -5.767101 21.57256 93.49432
v -7.021531 23.74533 93.49432
v -7.021531 23.74533 89.72915
v -6.685418 24.99978 89.72915
v -6.685418 24.99978 93.49432
v -5.767101 25.9181 89.72915
v -5.767101 25.9181 93.49432
v -2.339884 24.99978 89.72915
v -2.003751 23.74533 89.72915
v -2.003751 23.74533 93.49432
v -2.339884 24.99978 93.49432
v -2.339884 22.49088 93.49432
v -2.339884 22.49088 89.72915
v -8.97957 26.3243 63.52547
v -7.091624 28.21225 63.52547
v -7.091624 28.21225 66.33356
v -8.97957 26.3243 66.33356
v -9.670615 23.74531 63.52547
v -9.670615 23.74531 66.33356
v -8.97957 21.16634 63.52547
v -8.97957 21.16634 66.33356
v -7.091624 19.27839 63.52547
v -7.091624 19.27839 66.33356
v 0.6453331 23.74531 63.52547
v -0.04571157 21.16634 63.52547
v -0.04571157 21.16634 66.33356
v 0.6453331 23.74531 66.33356
v -0.04571157 26.3243 63.52547
v -0.04571157 26.3243 66.33356
v -1.933659 28.21225 63.52547
v -0.04571157 26.3243 63.52547
v -0.04571157 26.3243 66.33356
v -1.933659 28.21225 66.33356
v -4.51265 28.90328 63.52547
v -4.51265 28.90328 66.33356
v -7.091624 28.21225 63.52547
v -7.091624 28.21225 66.33356
v -4.51265 18.58735 63.52547
v -7.091624 19.27839 63.52547
v -7.091624 19.27839 66.33356
v -4.51265 18.58735 66.33356
v -1.933659 19.27839 63.52547
v -1.933659 19.27839 66.33356
v -0.04571157 21.16634 63.52547
v -0.04571157 21.16634 66.33356
v -8.97957 26.3243 66.33356
v -7.091624 28.21225 66.33356
v -6.689772 27.5162 66.7031
v -8.28352 25.92243 66.7031
v -8.866875 23.74531 66.7031
v -4.51265 28.90328 66.33356
v -4.51265 28.09955 66.7031
v -9.670615 23.74531 66.33356
v -8.97957 21.16634 66.33356
v -8.28352 21.56821 66.7031
v -7.091624 19.27839 66.33356
v -6.689772 19.97444 66.7031
v -4.51265 18.58735 66.33356
v -4.51265 19.39109 66.7031
v -1.933659 19.27839 66.33356
v -2.33553 27.5162 66.7031
v -1.933659 28.21225 66.33356
v -0.7417628 25.92243 66.7031
v -0.04571157 26.3243 66.33356
v 0.6453331 23.74531 66.33356
v -0.158408 23.74531 66.7031
v -0.04571157 21.16634 66.33356
v -0.7417628 21.56821 66.7031
v -2.33553 19.97444 66.7031
v -8.28352 25.92245 87.10758
v -6.689772 27.5162 87.10758
v -7.094194 28.2167 87.36694
v -8.984021 26.32687 87.36694
v -9.675737 23.74533 87.36694
v -4.51265 28.90842 87.36694
v -4.51265 28.09955 87.10758
v -8.866875 23.74533 87.10758
v -8.984021 21.16379 87.36694
v -8.28352 21.56821 87.10758
v -6.689772 19.97444 87.10758
v -7.094194 19.27396 87.36694
v -4.51265 18.58222 87.36694
v -4.51265 19.39109 87.10758
v -2.33553 19.97444 87.10758
v -2.33553 27.5162 87.10758
v -1.931088 28.2167 87.36694
v -0.7417628 25.92245 87.10758
v -0.04126126 26.32687 87.36694
v 0.6504548 23.74533 87.36694
v -0.158408 23.74533 87.10758
v -0.04126126 21.16379 87.36694
v -0.7417628 21.56821 87.10758
v -1.931088 19.27396 87.36694
v -2.33553 19.97444 66.7031
v -4.51265 19.39109 66.7031
v -4.51265 19.39109 87.10758
v -2.33553 19.97444 87.10758
v -0.7417628 21.56821 66.7031
v -0.7417628 21.56821 87.10758
v -6.689772 19.97444 87.10758
v -6.689772 19.97444 66.7031
v -4.51265 28.09955 66.7031
v -2.33553 27.5162 66.7031
v -2.33553 27.5162 87.10758
v -4.51265 28.09955 87.10758
v -6.689772 27.5162 66.7031
v -6.689772 27.5162 87.10758
v -0.7417628 25.92245 87.10758
v -0.7417628 25.92243 66.7031
v -6.689772 19.97444 66.7031
v -8.28352 21.56821 66.7031
v -8.28352 21.56821 87.10758
v -6.689772 19.97444 87.10758
v -8.866875 23.74533 87.10758
v -8.866875 23.74531 66.7031
v -8.28352 25.92245 87.10758
v -8.28352 25.92243 66.7031
v -6.689772 27.5162 66.7031
v -6.689772 27.5162 87.10758
v -0.7417628 25.92243 66.7031
v -0.158408 23.74531 66.7031
v -0.158408 23.74533 87.10758
v -0.7417628 25.92245 87.10758
v -0.7417628 21.56821 87.10758
v -0.7417628 21.56821 66.7031
v -8.984021 26.32687 87.36694
v -7.094194 28.2167 87.36694
v -7.094194 28.2167 89.29169
v -8.984021 26.32687 89.29169
v -9.675737 23.74533 89.29169
v -9.675737 23.74533 87.36694
v -8.984021 21.16379 89.29169
v -8.984021 21.16379 87.36694
v -7.094194 19.27396 87.36694
v -7.094194 19.27396 89.29169
v 0.6504548 23.74533 87.36694
v -0.04126126 21.16379 87.36694
v -0.04126126 21.16379 89.29169
v 0.6504548 23.74533 89.29169
v -0.04126126 26.32687 87.36694
v -0.04126126 26.32687 89.29169
v -1.931088 28.2167 87.36694
v -0.04126126 26.32687 87.36694
v -0.04126126 26.32687 89.29169
v -1.931088 28.2167 89.29169
v -4.51265 28.90842 87.36694
v -4.51265 28.90842 89.29169
v -7.094194 28.2167 87.36694
v -7.094194 28.2167 89.29169
v -4.51265 18.58222 87.36694
v -7.094194 19.27396 87.36694
v -7.094194 19.27396 89.29169
v -4.51265 18.58222 89.29169
v -1.931088 19.27396 89.29169
v -1.931088 19.27396 87.36694
v -0.04126126 21.16379 87.36694
v -0.04126126 21.16379 89.29169
v -8.984021 26.32687 89.29169
v -7.094194 28.2167 89.29169
v -5.767101 25.9181 89.72915
v -6.685418 24.99978 89.72915
v -7.021531 23.74533 89.72915
v -4.51265 28.90842 89.29169
v -4.51265 26.25421 89.72915
v -9.675737 23.74533 89.29169
v -8.984021 21.16379 89.29169
v -6.685418 22.49088 89.72915
v -5.767101 21.57256 89.72915
v -7.094194 19.27396 89.29169
v -4.51265 18.58222 89.29169
v -4.51265 21.23643 89.72915
v -1.931088 19.27396 89.29169
v -3.258201 25.9181 89.72915
v -1.931088 28.2167 89.29169
v -2.339884 24.99978 89.72915
v -0.04126126 26.32687 89.29169
v 0.6504548 23.74533 89.29169
v -2.003751 23.74533 89.72915
v -0.04126126 21.16379 89.29169
v -2.339884 22.49088 89.72915
v -3.258201 21.57256 89.72915
v -3.594429 33.3645 62.77612
v -4.58821 33.36318 63.18776
v -4.58821 35.4463 63.19442
v -3.594429 35.44763 62.78278
v -5.581972 33.3645 62.77612
v -5.758564 32.90961 62.95126
v -5.581972 35.44763 62.78278
v -4.58821 32.90805 63.43604
v -5.758564 30.17179 62.94252
v -3.417856 32.90961 62.95126
v -3.417856 30.17179 62.94252
v -4.58821 30.17023 63.42729
v -4.58821 30.18084 60.11705
v -4.58821 32.91865 60.1258
v -5.758564 32.91709 60.61057
v -3.417856 32.91709 60.61057
v -3.594429 33.37085 60.78859
v -5.758564 30.17929 60.60183
v -5.581972 33.37085 60.78859
v -4.58821 33.37217 60.37697
v -3.594429 35.45398 60.79524
v -5.581972 35.45398 60.79524
v -4.58821 35.4553 60.38361
v -3.417856 30.17929 60.60183
v -6.243322 32.91335 61.78091
v -5.993606 33.36766 61.78236
v -5.581972 33.3645 62.77612
v -5.758564 32.90961 62.95126
v -6.243322 30.17555 61.77218
v -5.758564 30.17929 60.60183
v -5.758564 32.91709 60.61057
v -5.581972 33.37085 60.78859
v -5.758564 30.17179 62.94252
v -5.993606 35.45081 61.78902
v -5.581972 35.45398 60.79524
v -5.581972 35.44763 62.78278
v -3.182795 33.36766 61.78236
v -3.594429 33.3645 62.77612
v -3.594429 35.44763 62.78278
v -3.182795 35.45081 61.78902
v -3.594429 33.37085 60.78859
v -3.417856 32.91709 60.61057
v -2.933079 32.91335 61.78091
v -3.417856 30.17929 60.60183
v -3.417856 32.90961 62.95126
v -2.933079 30.17555 61.77218
v -3.417856 30.17179 62.94252
v -3.594429 35.45398 60.79524
v -5.581972 35.45398 60.79524
v -3.594429 35.44763 62.78278
v -5.581972 35.44763 62.78278
v -5.993606 35.45081 61.78902
v -4.58821 35.4463 63.19442
v -3.594429 35.45398 60.79524
v -4.58821 35.4553 60.38361
v -3.182795 35.45081 61.78902
v -6.243322 30.17555 61.77218
v -2.933079 30.17555 61.77218
v -4.58821 30.18084 60.11705
v -5.758564 30.17929 60.60183
v -3.417856 30.17929 60.60183
v -5.758564 30.17179 62.94252
v -4.58821 30.17023 63.42729
v -3.417856 30.17179 62.94252
v -8.620516 26.20612 -54.85393
v -7.586739 27.33115 -53.82529
v -8.620516 26.20282 -54.21521
v -8.620516 25.24221 -55.22818
v -8.620516 22.72044 -54.67355
v -8.620516 22.72044 -53.47636
v -8.620516 23.27504 -55.22818
v -8.620516 26.19964 -53.59735
v -7.565063 27.46205 -53.44402
v -8.620516 26.19647 -52.98629
v -7.517357 27.64006 -52.92545
v -8.620516 22.72044 -52.92545
v -8.620516 26.19254 -52.22539
v -7.452962 27.88038 -52.22539
v -7.452962 27.88038 -39.17244
v -8.620516 22.72044 -52.22539
v -8.620516 26.12511 -39.17244
v -8.620516 22.72044 -39.17244
v -7.586739 27.38112 -37.81028
v -8.620516 26.11803 -37.80305
v -8.620516 22.72044 -37.63825
v -8.620516 26.69257 -35.93166
v -8.620516 26.11049 -35.92183
v -8.620516 26.10296 -34.88483
v -8.620516 22.72044 -36.10405
v -8.620516 22.72044 -33.71774
v -8.620516 25.39616 -33.62996
v -8.620516 24.37935 -33.03566
v -8.620516 23.40252 -33.03566
v -8.620516 24.95971 -33.20972
v -8.620516 22.9202 -33.23544
v -7.038201 27.32094 -53.82529
v -7.253388 27.124 -53.37596
v -7.016525 27.45184 -53.44402
v -6.968837 27.62985 -52.92545
v -6.904442 27.87017 -52.22539
v -8.071977 26.18976 -53.53073
v -8.071977 26.19592 -54.85393
v -8.071977 25.4489 -53.25099
v -8.071977 25.232 -55.22818
v -8.071977 23.26483 -55.22818
v -8.071977 22.71023 -53.47636
v -8.071977 22.71023 -52.92545
v -8.071977 25.4475 -52.98115
v -8.071977 22.71023 -52.22539
v -8.071977 26.18368 -52.22539
v -8.071977 25.59622 -53.04536
v -8.071977 26.18868 -53.30102
v -7.244373 27.18361 -53.22053
v -8.071977 22.71023 -54.67355
v -6.904442 27.87017 -39.17244
v -8.071977 26.12293 -39.17244
v -8.071977 22.72044 -39.17244
v -8.071977 22.71023 -39.17244
v -8.071977 22.71023 -36.10405
v -8.071977 26.10305 -34.90314
v -8.071977 25.38596 -33.62996
v -8.071977 22.71023 -33.71774
v -8.071977 24.36914 -33.03566
v -8.071977 24.94949 -33.20972
v -8.071977 23.39232 -33.03566
v -8.071977 22.91 -33.23544
v -7.038201 27.37091 -37.81028
v -8.071977 26.68236 -35.93166
v -7.586739 27.33115 -53.82529
v -8.620516 26.20612 -54.85393
v -8.071977 26.19592 -54.85393
v -8.620516 25.24221 -55.22818
v -7.038201 27.32094 -53.82529
v -8.071977 25.232 -55.22818
v -8.620516 23.27504 -55.22818
v -8.071977 23.26483 -55.22818
v -8.620516 22.72044 -52.92545
v -8.620516 22.72044 -52.22539
v -8.071977 22.71023 -52.22539
v -8.620516 22.72044 -39.17244
v -8.071977 22.71023 -52.92545
v -8.620516 22.72044 -53.47636
v -8.071977 22.71023 -39.17244
v -8.620516 22.72044 -37.63825
v -8.071977 22.71023 -36.10405
v -8.620516 22.72044 -36.10405
v -8.620516 22.72044 -33.71774
v -8.071977 22.71023 -33.71774
v -8.071977 22.91 -33.23544
v -8.620516 22.9202 -33.23544
v -8.071977 22.71023 -53.47636
v -8.071977 22.71023 -54.67355
v -8.620516 22.72044 -54.67355
v -8.071977 23.26483 -55.22818
v -8.620516 23.27504 -55.22818
v -8.620516 22.9202 -33.23544
v -8.620516 23.40252 -33.03566
v -8.071977 23.39232 -33.03566
v -8.071977 22.91 -33.23544
v -8.071977 24.36914 -33.03566
v -8.620516 24.37935 -33.03566
v -8.071977 24.94949 -33.20972
v -8.620516 24.95971 -33.20972
v -8.071977 25.38596 -33.62996
v -8.620516 25.39616 -33.62996
v -7.565063 27.46205 -53.44402
v -7.586739 27.33115 -53.82529
v -7.038201 27.32094 -53.82529
v -7.016525 27.45184 -53.44402
v -7.517357 27.64006 -52.92545
v -6.968837 27.62985 -52.92545
v -7.452962 27.88038 -52.22539
v -6.904442 27.87017 -52.22539
v -6.904442 27.87017 -39.17244
v -7.452962 27.88038 -39.17244
v -7.038201 27.37091 -37.81028
v -7.586739 27.38112 -37.81028
v -8.071977 26.68236 -35.93166
v -8.620516 26.69257 -35.93166
v -8.071977 26.10305 -34.90314
v -8.620516 26.10296 -34.88483
v -8.071977 25.38596 -33.62996
v -8.620516 25.39616 -33.62996
v -8.071977 26.12293 -39.17244
v -8.071977 26.68236 -35.93166
v -7.038201 27.37091 -37.81028
v -2.718582 23.74531 63.52547
v -2.718582 23.74533 93.49432
v -2.958937 22.84829 93.49432
v -2.958937 22.84827 63.52547
v -3.615607 22.19162 93.49432
v -3.615607 22.1916 63.52547
v -2.958937 24.64233 63.52547
v -2.958937 24.64236 93.49432
v -3.615607 25.29903 63.52547
v -3.615607 25.29903 93.49432
v -6.066346 22.84829 93.49432
v -6.3067 23.74533 93.49432
v -6.3067 23.74531 63.52547
v -6.066346 24.64236 93.49432
v -6.066346 22.84827 63.52547
v -6.066346 24.64233 63.52547
v -4.51265 25.53938 63.52547
v -4.51265 25.5394 93.49432
v -3.615607 25.29903 93.49432
v -5.409676 25.29903 93.49432
v -3.615607 25.29903 63.52547
v -5.409676 25.29903 63.52547
v -6.066346 24.64233 63.52547
v -6.066346 24.64236 93.49432
v -5.409676 22.1916 63.52547
v -5.409676 22.19162 93.49432
v -6.066346 22.84829 93.49432
v -4.51265 21.95126 93.49432
v -6.066346 22.84827 63.52547
v -4.51265 21.95124 63.52547
v -3.615607 22.1916 63.52547
v -3.615607 22.19162 93.49432
v -3.310761 16.70318 -14.45704
v -3.310761 13.43709 -14.36097
v -5.56935 13.43709 -14.36097
v -5.56935 16.70318 -14.45704
v -5.56935 11.39296 -14.30085
v -3.310761 11.39296 -14.30085
v -5.56935 9.741571 -14.26957
v -3.310761 9.741571 -14.26957
v -3.310761 9.224166 -14.79263
v -2.212359 10.10515 -14.73436
v -2.212359 11.40115 -14.75626
v -2.212359 13.44528 -14.81638
v -2.212359 16.71137 -14.91245
v -2.212359 9.594423 -15.25919
v -6.667751 10.10515 -14.73436
v -6.667751 11.40115 -14.75626
v -6.667751 13.44528 -14.81638
v -6.667751 16.71137 -14.91245
v -5.56935 9.224166 -14.79263
v -6.667751 9.594423 -15.25919
v -3.310761 -2.539668 -20.16663
v -3.310761 -4.937157 -20.69014
v -5.56935 -4.937157 -20.69014
v -5.56935 -2.539668 -20.16663
v -2.212359 -4.476051 -21.05544
v -2.212359 -2.437695 -20.61036
v -6.667751 -4.476051 -21.05544
v -6.667751 -2.437695 -20.61036
v -5.56935 -1.096426 -19.88221
v -3.310761 -1.096426 -19.88221
v -3.310761 6.468888 -18.55092
v -2.212359 6.511761 -19.00506
v -2.212359 -0.9944522 -20.32594
v -5.56935 6.468888 -18.55092
v -6.667751 6.511761 -19.00506
v -3.310761 8.005184 -18.23829
v -2.212359 8.165895 -18.66841
v -6.667751 -0.9944522 -20.32594
v -5.56935 8.005184 -18.23829
v -3.310761 9.267249 -17.56002
v -2.212359 9.666913 -17.86176
v -6.667751 8.165895 -18.66841
v -5.56935 9.267249 -17.56002
v -6.667751 9.666913 -17.86176
v -3.310761 9.864779 -27.82951
v -3.310761 12.06293 -26.56692
v -5.56935 12.06293 -26.56692
v -2.212359 9.835815 -27.33186
v -5.56935 9.864779 -27.82951
v -3.310761 7.450411 -28.94927
v -2.212359 7.404181 -28.45963
v -6.667751 9.835815 -27.33186
v -5.56935 14.11678 -26.73373
v -3.310761 14.11678 -26.73373
v -5.56935 7.450411 -28.94927
v -3.310761 1.609861 -31.65808
v -2.212359 1.503725 -31.19622
v -6.667751 7.404181 -28.45963
v -5.56935 1.609861 -31.65808
v -6.667751 1.503725 -31.19622
v -5.56935 0.1739649 -31.97449
v -2.212359 14.08187 -26.23942
v -6.667751 14.08187 -26.23942
v -6.667751 12.02813 -26.07263
v -3.310761 0.1739649 -31.97449
v -3.310761 -2.024334 -31.97531
v -2.212359 -1.720294 -31.51331
v -2.212359 0.06782883 -31.51263
v -5.56935 -2.024334 -31.97531
v -6.667751 -1.720294 -31.51331
v -5.56935 -3.050917 -31.28264
v -3.310761 -3.050917 -31.28264
v -2.212359 -2.746876 -30.82063
v -6.667751 0.06782883 -31.51263
v -6.667751 -2.746876 -30.82063
v -2.212359 12.02813 -26.07263
v -3.310761 14.11678 -26.73373
v -3.310761 16.97236 -29.40896
v -5.56935 16.97236 -29.40896
v -5.56935 14.11678 -26.73373
v -2.212359 16.96391 -28.93947
v -2.212359 14.08187 -26.23942
v -6.667751 16.96391 -28.93947
v -6.667751 14.08187 -26.23942
v -3.310761 9.224166 -14.79263
v -3.310761 9.267249 -17.56002
v -5.56935 9.267249 -17.56002
v -5.56935 9.224166 -14.79263
v -6.667751 9.594423 -15.25919
v -6.667751 9.666913 -17.86176
v -2.212359 9.594423 -15.25919
v -2.212359 9.666913 -17.86176
v -1.757373 -4.085 -22.84969
v -1.757373 -4.067275 -23.91488
v -2.212359 -5.162147 -24.13717
v -2.212359 -4.874142 -25.55566
v -2.212359 -5.19821 -21.96778
v -1.757373 -3.362822 -21.93737
v -2.212359 -4.476051 -21.05544
v -2.212359 -2.437695 -20.61036
v -1.757373 -2.191509 -21.6816
v -1.757373 -3.77929 -25.33338
v -1.757373 -0.1884284 -30.39762
v -1.757373 -2.012863 -29.70523
v -2.212359 -2.746876 -30.82063
v -1.757373 -0.9862804 -30.39793
v -2.212359 0.06782883 -31.51263
v -2.212359 -1.720294 -31.51331
v -1.757373 1.247468 -30.08121
v -1.757373 -0.7482656 -21.39718
v -1.757373 7.292598 -27.27751
v -2.212359 -0.9944522 -20.32594
v -2.212359 7.404181 -28.45963
v -2.212359 1.503725 -31.19622
v -2.212359 9.835815 -27.33186
v -1.757373 6.615249 -20.10141
v -2.212359 6.511761 -19.00506
v -1.757373 9.765915 -26.13041
v -1.757373 8.553896 -19.70689
v -2.212359 8.165895 -18.66841
v -2.212359 12.02813 -26.07263
v -1.757373 10.63175 -18.5902
v -1.757373 11.94411 -24.8793
v -1.757373 13.99753 -25.04607
v -2.212359 9.666913 -17.86176
v -1.757373 10.49277 -16.40395
v -1.757373 11.45949 -17.99613
v -1.757373 13.50362 -18.05624
v -1.757373 16.7697 -18.15231
v -1.757373 16.94349 -27.80599
v -1.757373 16.73116 -16.0119
v -2.212359 14.08187 -26.23942
v -1.757373 13.46508 -15.91586
v -1.757373 11.42095 -15.85572
v -2.212359 13.44528 -14.81638
v -1.757373 10.97924 -15.85319
v -2.212359 11.40115 -14.75626
v -2.212359 16.71137 -14.91245
v -2.212359 9.594423 -15.25919
v -2.212359 10.10515 -14.73436
v -2.212359 16.96391 -28.93947
v -9.699179 20.95322 29.17122
v -9.699179 28.58143 28.90905
v -9.699179 28.67038 31.70099
v -9.699179 21.04215 31.96315
v -9.326292 19.54048 29.21977
v -9.326292 30.06141 31.65318
v -9.326292 29.97248 28.86123
v -9.326292 19.62941 32.0117
v -8.307498 18.50628 29.25531
v -8.307498 31.07973 31.61818
v -8.307498 30.9908 28.82624
v -8.307498 18.59521 32.04725
v -7.122718 8.553896 -19.70689
v -7.122718 6.615249 -20.10141
v -7.122718 9.765915 -26.13041
v -6.667751 8.165895 -18.66841
v -7.122718 10.63175 -18.5902
v -6.667751 9.666913 -17.86176
v -7.122718 10.49277 -16.40395
v -7.122718 7.292598 -27.27751
v -7.122718 -0.7482656 -21.39718
v -7.122718 11.94411 -24.8793
v -7.122718 11.45949 -17.99613
v -7.122718 13.50362 -18.05624
v -7.122718 13.99753 -25.04605
v -6.667751 12.02813 -26.07263
v -6.667751 9.835815 -27.33186
v -6.667751 7.404181 -28.45963
v -7.122718 13.46508 -15.91586
v -7.122718 11.42095 -15.85572
v -7.122718 10.97924 -15.85319
v -6.667751 13.44528 -14.81638
v -6.667751 11.40115 -14.75626
v -7.122718 16.73116 -16.0119
v -7.122718 16.7697 -18.15231
v -7.122718 16.94349 -27.80599
v -6.667751 16.71137 -14.91245
v -6.667751 14.08187 -26.23942
v -6.667751 10.10515 -14.73436
v -6.667751 9.594423 -15.25919
v -6.667751 16.96391 -28.93947
v -7.122718 1.247468 -30.08121
v -6.667751 1.503725 -31.19622
v -6.667751 0.06782883 -31.51263
v -7.122718 -0.1884284 -30.39762
v -7.122718 -2.191509 -21.6816
v -7.122718 -3.77929 -25.33338
v -7.122718 -2.012863 -29.70523
v -7.122718 -0.9862804 -30.39793
v -6.667751 -1.720294 -31.51331
v -6.667751 -2.746876 -30.82063
v -6.667751 -4.874142 -25.55566
v -7.122718 -4.067275 -23.91488
v -7.122718 -3.362822 -21.93737
v -6.667751 -2.437695 -20.61036
v -6.667751 -0.9944522 -20.32594
v -6.667751 -5.162147 -24.13717
v -7.122718 -4.085 -22.84969
v -6.667751 -5.19821 -21.96778
v -6.667751 6.511761 -19.00506
v -6.667751 -4.476051 -21.05544
v -2.212359 -5.19821 -21.96778
v -2.212359 -5.162147 -24.13717
v -3.310761 -5.615637 -24.22924
v -3.310761 -5.659315 -21.60247
v -5.56935 -5.615637 -24.22924
v -5.56935 -5.659315 -21.60247
v -5.56935 -4.937157 -20.69014
v -6.667751 -5.19821 -21.96778
v -6.667751 -5.162147 -24.13717
v -6.667751 -4.476051 -21.05544
v -6.667751 -4.874142 -25.55566
v -2.212359 -4.476051 -21.05544
v -3.310761 -4.937157 -20.69014
v -2.212359 -4.874142 -25.55566
v -3.310761 -5.327652 -25.64774
v -5.56935 -5.327652 -25.64774
v -5.56935 -3.050917 -31.28264
v -3.310761 -3.050917 -31.28264
v -2.212359 -2.746876 -30.82063
v -6.667751 -2.746876 -30.82063
v 0.4461817 29.97248 28.86123
v 0.4461817 30.06141 31.65318
v -0.5725936 31.07973 31.61818
v -0.5725936 30.9908 28.82624
v -1.964293 31.45246 31.60536
v -1.964293 31.36353 28.81343
v -6.915817 31.36353 28.81343
v -6.915817 31.45246 31.60536
v -8.307498 30.9908 28.82624
v -8.307498 31.07973 31.61818
v -6.915817 18.12774 29.26832
v -8.307498 18.50628 29.25531
v -8.307498 18.59521 32.04725
v -6.915817 18.21667 32.06025
v -1.964293 18.12774 29.26832
v -1.964293 18.21667 32.06025
v -0.5725936 18.59521 32.04725
v -0.5725936 18.50628 29.25531
v 0.4461817 19.54048 29.21977
v 0.4461817 19.62941 32.0117
v 0.8190869 21.04215 31.96315
v 0.8190869 20.95322 29.17122
v 0.8190869 28.67038 31.70099
v -0.5725936 18.50628 29.25531
v -0.5725936 18.59521 32.04725
v 0.8190869 28.58143 28.90905
v 0.4461817 30.06141 31.65318
v 0.4461817 29.97248 28.86123
v -5.928712 31.66486 -29.48243
v -5.928712 34.48398 -29.48243
v -6.58308 34.48398 -29.48243
v -6.58308 31.66486 -29.48243
v -7.122718 16.73116 -16.0119
v -5.56935 16.70318 -14.45704
v -6.667751 16.71137 -14.91245
v -7.122718 16.7697 -18.15231
v -1.757373 16.7697 -18.15231
v -3.310761 16.70318 -14.45704
v -1.757373 16.73116 -16.0119
v -2.212359 16.71137 -14.91245
v -1.757373 16.94349 -27.80599
v -7.122718 16.94349 -27.80599
v -3.310761 16.97236 -29.40896
v -2.212359 16.96391 -28.93947
v -5.56935 16.97236 -29.40896
v -6.667751 16.96391 -28.93947
v -9.699179 28.58143 28.90905
v 0.8190869 28.58143 28.90905
v -1.964293 31.36353 28.81343
v -6.915817 31.36353 28.81343
v -8.307498 30.9908 28.82624
v -9.326292 29.97248 28.86123
v 0.4461817 29.97248 28.86123
v -0.5725936 30.9908 28.82624
v 0.8190869 20.95322 29.17122
v -9.699179 20.95322 29.17122
v -6.915817 18.12774 29.26832
v -1.964293 18.12774 29.26832
v -9.326292 19.54048 29.21977
v -8.307498 18.50628 29.25531
v 0.4461817 19.54048 29.21977
v -0.5725936 18.50628 29.25531
v -9.699179 21.04215 31.96315
v 0.8190869 21.04215 31.96315
v -6.915817 18.21667 32.06025
v -1.964293 18.21667 32.06025
v 0.4461817 19.62941 32.0117
v -0.5725936 18.59521 32.04725
v -9.699179 28.67038 31.70099
v 0.8190869 28.67038 31.70099
v -9.326292 19.62941 32.0117
v -8.307498 18.59521 32.04725
v -1.964293 31.45246 31.60536
v 0.4461817 30.06141 31.65318
v -0.5725936 31.07973 31.61818
v -6.915817 31.45246 31.60536
v -8.307498 31.07973 31.61818
v -9.326292 30.06141 31.65318
v -6.58308 31.66486 -26.6814
v -6.58308 31.66486 -29.48243
v -6.58308 34.48398 -29.48243
v -6.58308 34.48398 -26.6814
v -5.928712 34.48398 -26.6814
v -5.928712 31.66486 -26.6814
v -6.58308 31.66486 -26.6814
v -6.58308 34.48398 -26.6814
v -6.58308 31.66486 -26.6814
v -5.928712 31.66486 -26.6814
v -5.928712 31.66486 -29.48243
v -6.58308 31.66486 -29.48243
v -5.928712 34.48398 -26.6814
v -5.928712 34.48398 -29.48243
v -5.928712 31.66486 -29.48243
v -5.928712 31.66486 -26.6814
v -5.928712 34.48398 -29.48243
v -5.928712 34.48398 -26.6814
v -6.58308 34.48398 -26.6814
v -6.58308 34.48398 -29.48243
v -2.501898 31.74186 -29.59334
v -2.501898 31.74186 -20.81854
v -6.703603 31.74186 -20.81854
v -6.703603 31.74186 -29.59334
v -2.501898 31.74186 -29.59334
v -2.501898 29.71269 -29.59334
v -2.501898 29.71269 -20.81854
v -2.501898 31.74186 -20.81854
v -2.501898 29.71269 -20.81854
v -2.501898 29.71269 -29.59334
v -6.703603 29.71269 -29.59334
v -6.703603 29.71269 -20.81854
v -2.501898 31.74186 -20.81854
v -2.501898 29.71269 -20.81854
v -6.703603 29.71269 -20.81854
v -6.703603 31.74186 -20.81854
v -2.501898 29.71269 -29.59334
v -2.501898 31.74186 -29.59334
v -6.703603 31.74186 -29.59334
v -6.703603 29.71269 -29.59334
v -6.703603 29.71269 -20.81854
v -6.703603 29.71269 -29.59334
v -6.703603 31.74186 -29.59334
v -6.703603 31.74186 -20.81854

vn 1 0 0
vn 1 0 0
vn 1 0 0
vn 1 0 0
vn 1 0 0
vn 1 0 0
vn 1 0 0
vn 1 0 0
vn 1 0 0
vn 1 0 0
vn 1 0 0
vn 1 0 0
vn -0.5355247 0 0.8445196
vn -0.5355247 0 0.8445196
vn -0.5355247 0 0.8445196
vn -0.5355335 0 0.8445141
vn -0.5355335 0 0.8445141
vn -0.5355269 0 0.8445181
vn -0.5355269 0 0.8445181
vn -0.5355324 0 0.8445147
vn 0 -1 0
vn 0 -1 0
vn 0 -1 0
vn 0 -1 0
vn 0 -1 0
vn 0 -1 0
vn 0 -1 0
vn 0 -1 0
vn 0 -1 0
vn 0 -1 0
vn 0 -1 0
vn 0 -1 0
vn 0 0 -1
vn 0 0 -1
vn 0 0 -1
vn 0 0 -1
vn 0 0 1
vn 0 0 1
vn 0 0 1
vn 0 0 1
vn -0.3791006 -0.9253554 0
vn -0.3791006 -0.9253554 0
vn -0.3791006 -0.9253554 0
vn -0.3791012 -0.9253553 0
vn -0.3791007 -0.9253554 0
vn -0.3791007 -0.9253554 0
vn -0.3791007 -0.9253554 0
vn -0.3791005 -0.9253556 0
vn -0.3791001 -0.9253557 0
vn -0.3791001 -0.9253557 0
vn -0.3791001 -0.9253557 0
vn -0.3791007 -0.9253554 0
vn -0.4899733 0 -0.8717374
vn -0.4899733 0 -0.8717374
vn -0.4899733 0 -0.8717374
vn -0.4899686 0 -0.87174
vn -0.4899686 0 -0.87174
vn -0.4899709 0 -0.8717388
vn -0.5242198 0.8515231 0.01010302
vn -0.5242198 0.8515231 0.01010302
vn -0.5242198 0.8515231 0.01010302
vn -0.5239475 0.8516933 0.009870992
vn -1 0 0
vn -1 0 0
vn -1 0 0
vn -1 0 0
vn -1 0 0
vn -1 0 0
vn -1 0 0
vn -1 0 0
vn -1 0 0
vn -1 0 0
vn -1 0 0
vn -1 0 0
vn -1 0 0
vn -1 0 0
vn -1 0 0
vn -1 0 0
vn -1 0 0
vn -1 0 0
vn -1 0 0
vn -1 0 0
vn 0 1 0
vn 0 1 0
vn 0 1 0
vn 0 1 0
vn 0 1 0
vn 0 1 0
vn 0 1 0
vn 0 1 0
vn 0 1 0
vn 0 1 0
vn 0 1 0
vn 0 1 0
vn -0.3956259 0.9184117 0
vn -0.3956259 0.9184117 0
vn -0.3956259 0.9184117 0
vn -0.3956259 0.9184117 0
vn 1 0 0
vn 1 0 0
vn 1 0 0
vn 1 0 0
vn 1 0 0
vn 1 0 0
vn 1 0 0
vn 1 0 0
vn 1 0 0
vn 1 0 0
vn 1 0 0
vn 1 0 0
vn 1 0 0
vn 1 0 0
vn -0.3053138 0.9364195 0.1729215
vn -0.3053138 0.9364195 0.1729215
vn -0.3053138 0.9364195 0.1729215
vn -0.4060666 0.01153732 -0.9137706
vn -0.4060666 0.01153732 -0.9137706
vn -0.4060666 0.01153732 -0.9137706
vn -0.4176119 0.8704896 0.260477
vn -0.4176119 0.8704896 0.260477
vn -0.4176119 0.8704896 0.260477
vn -0.4755398 0.8694543 0.1338325
vn -0.4755398 0.8694543 0.1338325
vn -0.4755398 0.8694543 0.1338325
vn -0.474063 0.8707094 0.1308798
vn -0.4737293 0.8495559 0.2320244
vn -0.4737293 0.8495559 0.2320244
vn -0.4737293 0.8495559 0.2320244
vn -0.4530364 0 -0.891492
vn -0.4530364 0 -0.891492
vn -0.4530364 0 -0.891492
vn -0.3225891 0.9085274 0.2655451
vn -0.3225891 0.9085274 0.2655451
vn -0.3225891 0.9085274 0.2655451
vn -1 -1.142797E-06 0
vn -1 -1.142797E-06 0
vn -1 -1.142797E-06 0
vn -1 0 0
vn 0 0.2518257 -0.9677725
vn 0 0.2518257 -0.9677725
vn 0 0.2518257 -0.9677725
vn 0 0.2518257 -0.9677725
vn 1 0 0
vn 1 0 0
vn 1 0 0
vn 1 -6.856478E-07 0
vn 0 -0.2518157 0.9677752
vn 0 -0.2518157 0.9677752
vn 0 -0.2518157 0.9677752
vn 0 -0.2518157 0.9677752
vn 0 0.9677766 0.2518103
vn 0 0.9677766 0.2518103
vn 0 0.9677766 0.2518103
vn 0 0.9677764 0.2518116
vn 0 -0.9677749 -0.2518166
vn 0 -0.9677749 -0.2518166
vn 0 -0.9677749 -0.2518166
vn 0 -0.9677748 -0.2518173
vn -1 0 0
vn -1 0 0
vn -1 0 0
vn -1 0 0
vn -1 -7.682639E-07 0
vn -1 4.555017E-07 0
vn -1 0 0
vn -1 0 0
vn -1 0 0
vn -1 0 0
vn -1 -2.065937E-06 0
vn -1 0 0
vn -1 1.062401E-06 0
vn -1 -5.191918E-07 0
vn -1 -7.682639E-07 0
vn -1 0 0
vn -1 0 0
vn -1 0 0
vn -1 0 0
vn -1 0 0
vn -1 1.477393E-06 0
vn -1 -5.191918E-07 0
vn -1 -5.191918E-07 0
vn -1 1.477393E-06 0
vn -1 0 0
vn -1 0 0
vn -1 0 0
vn -1 -1.260818E-06 0
vn -1 -1.260792E-06 0
vn -1 -1.260792E-06 0
vn -1 0 0
vn -1 -2.521585E-06 0
vn 1 -6.131944E-07 0
vn 1 -6.131944E-07 0
vn 1 -6.131944E-07 0
vn 1 0 0
vn 1 -4.766345E-07 0
vn 1 0 0
vn 1 1.661411E-06 0
vn 1 0 0
vn 1 1.661411E-06 0
vn 1 1.661411E-06 0
vn 1 -5.264754E-07 0
vn 1 -4.711761E-07 0
vn 1 -4.711761E-07 0
vn 1 0 0
vn 1 0 0
vn 1 0 0
vn 1 -2.488673E-06 0
vn 1 0 0
vn 1 3.784037E-07 0
vn 1 -2.488673E-06 0
vn 1 -2.488673E-06 0
vn 1 3.784037E-07 0
vn 1 3.784037E-07 0
vn 1 0 0
vn 1 2.521559E-06 0
vn 1 0 0
vn 1 0 0
vn 1 0 0
vn 1 3.900898E-07 0
vn 1 3.900898E-07 0
vn 1 1.969988E-07 0
vn 1 2.521636E-06 0
vn 0 -0.9986419 -0.05210044
vn 0 -0.9986419 -0.05210044
vn 0 -0.9986419 -0.05210044
vn 0 -0.9986418 -0.05210131
vn 0 -0.894414 0.4472399
vn 0 -0.894414 0.4472399
vn 0 -0.894414 0.4472399
vn 0 -0.894414 0.4472399
vn 0 -0.8703399 -0.4924515
vn 0 -0.8703399 -0.4924515
vn 0 -0.8703399 -0.4924515
vn 0 -0.870338 -0.4924549
vn 0 0.5074988 0.8616526
vn 0 0.5074988 0.8616526
vn 0 0.5074988 0.8616526
vn 0 0.5074981 0.8616529
vn 0 -0.5016956 -0.8650442
vn 0 -0.5016956 -0.8650442
vn 0 -0.5016956 -0.8650442
vn 0 -0.5016932 -0.8650457
vn 0 0.01137259 -0.9999354
vn 0 0.01137259 -0.9999354
vn 0 0.01137259 -0.9999354
vn 0 0.0113726 -0.9999354
vn 0 -0.6999586 0.7141834
vn 0 -0.6999586 0.7141834
vn 0 -0.6999586 0.7141834
vn 0 -0.6999586 0.7141834
vn 0 0.9986156 -0.05260204
vn 0 0.9986156 -0.05260204
vn 0 0.9986156 -0.05260204
vn 0 0.9986156 -0.05260139
vn 0 -0.9802155 -0.1979333
vn 0 -0.9802155 -0.1979333
vn 0 -0.9802155 -0.1979333
vn 0 -0.9802156 -0.1979325
vn 0 0.9455159 -0.3255757
vn 0 0.9455159 -0.3255757
vn 0 0.9455159 -0.3255757
vn 0 0.9455159 -0.3255757
vn 0 -0.9437327 0.3307091
vn 0 -0.9437327 0.3307091
vn 0 -0.9437327 0.3307091
vn 0 -0.9437308 0.3307145
vn 0 0.008680231 0.9999623
vn 0 0.008680231 0.9999623
vn 0 0.008680231 0.9999623
vn 0 0.008680204 0.9999623
vn 0 0.8382031 -0.5453584
vn 0 0.8382031 -0.5453584
vn 0 0.8382031 -0.5453584
vn 0 0.8382023 -0.5453594
vn 0 0.9704711 0.2412173
vn 0 0.9704711 0.2412173
vn 0 0.9704711 0.2412173
vn 0 0.9704711 0.2412173
vn 0 -0.4924634 0.8703332
vn 0 -0.4924634 0.8703332
vn 0 -0.4924634 0.8703332
vn 0 -0.4924612 0.8703344
vn 0 -0.8616476 0.5075071
vn 0 -0.8616476 0.5075071
vn 0 -0.8616476 0.5075071
vn 0 -0.861644 0.5075131
vn 0 0.9880416 -0.1541873
vn 0 0.9880416 -0.1541873
vn 0 0.9880416 -0.1541873
vn 0 0.9880415 -0.1541879
vn 0 0.8616593 -0.5074871
vn 0 0.8616593 -0.5074871
vn 0 0.8616593 -0.5074871
vn 0 0.8616593 -0.5074871
vn 0 -0.9999623 0.008680465
vn 0 -0.9999623 0.008680465
vn 0 -0.9999623 0.008680465
vn 0 -0.9999623 0.008684023
vn 0 0.9999623 -0.008683993
vn 0 0.9999623 -0.008683993
vn 0 0.9999623 -0.008683993
vn 0 0.9999623 -0.008684023
vn 0 0.8703328 0.4924639
vn 0 0.8703328 0.4924639
vn 0 0.8703328 0.4924639
vn 0 0.8703328 0.4924639
vn 0 0.5310878 -0.8473169
vn 0 0.5310878 -0.8473169
vn 0 0.5310878 -0.8473169
vn 0 0.5310895 -0.8473157
vn -1 0 0
vn -1 0 0
vn -1 0 0
vn -1 0 0
vn 0 0 -1
vn 0 0 -1
vn 0 0 -1
vn 0 0 -1
vn 1 0 0
vn 1 0 0
vn 1 0 0
vn 1 0 0
vn 0 0 1
vn 0 0 1
vn 0 0 1
vn 0 0 1
vn 0 1 0
vn 0 1 0
vn 0 1 0
vn 0 1 0
vn 0 -1 0
vn 0 -1 0
vn 0 -1 0
vn 0 -1 0
vn -0.4868719 0 -0.8734733
vn -0.4868719 0 -0.8734733
vn -0.4868719 0 -0.8734733
vn -0.4868658 0 -0.8734767
vn -0.4868658 0 -0.8734767
vn -0.4868718 0 -0.8734735
vn -0.4868718 0 -0.8734735
vn -0.4868701 0 -0.8734743
vn 1 0 0
vn 1 0 0
vn 1 0 0
vn 1 0 0
vn 1 0 0
vn 1 0 0
vn 0 0 -1
vn 0 0 -1
vn 0 0 -1
vn 0 0 -1
vn 0 1 0
vn 0 1 0
vn 0 1 0
vn 0 1 0
vn 0 1 0
vn 0 1 0
vn 0 -1 0
vn 0 -1 0
vn 0 -1 0
vn 0 -1 0
vn 0 -1 0
vn 0 -1 0
vn 0 0 1
vn 0 0 1
vn 0 0 1
vn 0 0 1
vn -1 0 0
vn -1 0 0
vn -1 0 0
vn -1 0 0
vn -1 -1.992835E-07 0
vn -1 -1.992835E-07 0
vn -1 0 0
vn -1 -1.828469E-07 0
vn -1 -1.828469E-07 0
vn -1 8.445058E-07 0
vn -1 0 0
vn -0.4359317 -0.8999798 0
vn -0.4359317 -0.8999798 0
vn -0.4359317 -0.8999798 0
vn -0.4359328 -0.8999792 0
vn -0.4361371 -0.8998746 -0.003187571
vn 1 0 0
vn 1 0 0
vn 1 0 0
vn 1 0 0
vn 1 0 0
vn 1 0 0
vn 1 0 0
vn 1 0 0
vn -0.4444228 0.07190882 0.8929263
vn -0.4444228 0.07190882 0.8929263
vn -0.4444228 0.07190882 0.8929263
vn -0.427086 0.9031261 0.04428172
vn -0.427086 0.9031261 0.04428172
vn -0.427086 0.9031261 0.04428172
vn -0.3998573 0 0.9165774
vn -0.3998573 0 0.9165774
vn -0.3998573 0 0.9165774
vn -0.3752338 -0.9269302 0
vn -0.3752338 -0.9269302 0
vn -0.3752338 -0.9269302 0
vn -0.3481775 0.9374286 0
vn -0.3481775 0.9374286 0
vn -0.3481775 0.9374286 0
vn -0.3225779 0.9465355 -0.003742074
vn -0.3919544 0 0.9199847
vn -0.3919544 0 0.9199847
vn -0.3919544 0 0.9199847
vn -0.3420336 0 0.9396877
vn -0.3420336 0 0.9396877
vn -0.3420336 0 0.9396877
vn -0.3164622 0.9471627 0.052291
vn -0.3164622 0.9471627 0.052291
vn -0.3164622 0.9471627 0.052291
vn -0.4548132 -0.0143101 0.8904719
vn -0.4548132 -0.0143101 0.8904719
vn -0.4548132 -0.0143101 0.8904719
vn -0.2963912 0.06131295 0.9530964
vn -0.2963912 0.06131295 0.9530964
vn -0.2963912 0.06131295 0.9530964
vn -1 0 0
vn -1 0 0
vn -1 0 0
vn -1 0 0
vn 0 -1 0
vn 0 -1 0
vn 0 -1 0
vn 0 -1 0
vn 0 0 1
vn 0 0 1
vn 0 0 1
vn 0 0 1
vn 0 0 -1
vn 0 0 -1
vn 0 0 -1
vn 0 0 -1
vn 0 1 0
vn 0 1 0
vn 0 1 0
vn 0 1 0
vn 1 0 0
vn 1 0 0
vn 1 0 0
vn 1 0 0
vn 3.399108E-07 0 -1
vn 0 0 -1
vn 0 0 -1
vn 2.909345E-07 0 -1
vn 1.82624E-06 0 -1
vn 1.288321E-06 0 -1
vn 0 0 -1
vn 0 0 -1
vn -4.756829E-07 0 -1
vn 0 0 -1
vn 0 0 -1
vn 0 0 -1
vn -5.233071E-07 0 -1
vn 0 0 -1
vn 0 0 -1
vn -5.233273E-06 0 -1
vn -0.8518356 0.5053298 -0.1379049
vn -0.9864421 0.1396029 -0.08627336
vn -0.9916963 0.1286025 0
vn -0.8689327 0.4949302 0
vn -0.4907046 0.8533011 -0.1763128
vn -0.4879005 0.7980822 -0.3535787
vn -0.8580828 0.4421367 -0.2611684
vn -0.9819176 0.1028994 -0.1589015
vn -0.9909723 -0.1230552 -0.05321144
vn -0.9842641 -0.1447494 -0.10135
vn -0.9914484 -0.1304998 0
vn -0.8728511 -0.4875656 -0.02026569
vn -0.8509077 -0.52442 -0.0306565
vn -0.8660661 -0.4999295 0
vn -0.5050782 0.8630736 0
vn -0.4803 -0.8756456 0.05056326
vn -0.1241364 -0.9880357 0.09151837
vn -0.133425 -0.9900116 0.04554797
vn -0.5096743 -0.8600768 0.02236127
vn -0.8509077 -0.52442 -0.0306565
vn -0.1305505 -0.9914417 0
vn 0.1241365 -0.9880356 0.09151897
vn 0.133425 -0.9900116 0.04554827
vn 0.1305504 -0.9914417 0
vn -0.8728511 -0.4875656 -0.02026569
vn -0.5000669 -0.8659868 0
vn 0.4802999 -0.8756457 0.05056331
vn 0.5096753 -0.8600762 0.02236159
vn 0.5000687 -0.8659856 0
vn -0.8660661 -0.4999295 0
vn 0.8509077 -0.5244198 -0.03065622
vn 0.8728508 -0.4875661 -0.02026538
vn 0.5096753 -0.8600762 0.02236159
vn 0.8660651 -0.4999314 0
vn 0.4802999 -0.8756457 0.05056331
vn 0.9842641 -0.1447493 -0.1013501
vn 0.9909723 -0.1230552 -0.0532114
vn 0.9914484 -0.1305001 0
vn 0.9819183 0.1028942 -0.1588996
vn 0.9864424 0.1396012 -0.08627151
vn 0.9916964 0.1286013 0
vn 0.8580844 0.442136 -0.2611643
vn 0.8518353 0.5053309 -0.1379033
vn 0.8689331 0.4949296 0
vn 0.487898 0.7980844 -0.3535771
vn 0.490704 0.8533016 -0.1763126
vn 0.5050771 0.8630742 0
vn 0.5000687 -0.8659856 0
vn -0.1224822 0.9205816 -0.3708471
vn -0.4879005 0.7980822 -0.3535787
vn -0.4907046 0.8533011 -0.1763128
vn -0.130419 0.9738679 -0.1859364
vn 0.1304189 0.9738679 -0.1859355
vn -0.1324783 0.991186 0
vn -0.5050782 0.8630736 0
vn 0.1224822 0.9205821 -0.3708459
vn 0.490704 0.8533016 -0.1763126
vn 0.1324783 0.991186 0
vn 0.487898 0.7980844 -0.3535771
vn 0.5050771 0.8630742 0
vn 0 0 1
vn 0 0 1
vn 0 0 1
vn 0 0 1
vn 0 0 1
vn 0 0 1
vn -3.053508E-07 0 1
vn 3.053505E-07 0 1
vn 0 0 1
vn 0 0 1
vn 1.548497E-07 0 1
vn 1.524572E-06 0 1
vn 0 0 1
vn -1.548497E-07 0 1
vn -1.524571E-06 0 1
vn 0 0 1
vn -0.1305296 -0.9912429 0.01998852
vn -0.130469 -0.991366 0.01309184
vn 0.1304674 -0.9913662 0.01309123
vn -0.4995447 -0.8662126 0.01143838
vn 0.1305279 -0.9912431 0.01998864
vn -0.1305295 -0.9912429 0.01998959
vn -0.5000018 -0.8658482 0.01746
vn -0.8655495 -0.5007795 0.00662474
vn 0.4995433 -0.8662134 0.01143772
vn 0.1305278 -0.9912431 0.01998979
vn 0.5000004 -0.8658491 0.01745999
vn -0.1307455 -0.9912144 0.01999017
vn -0.5000021 -0.8658482 0.01746081
vn -0.8660235 -0.4999016 0.01008055
vn -0.5003231 -0.8657951 0.008707168
vn -0.130587 -0.9913867 0.009965815
vn 0.1305854 -0.991387 0.009966317
vn -0.8663223 -0.4994601 0.005015117
vn 0.5003216 -0.8657959 0.008707783
vn 0.5002807 -0.8657297 0.01520293
vn -0.1305691 -0.9912865 0.01740178
vn -0.5002822 -0.865729 0.0152024
vn -0.8662996 -0.4994479 0.008760693
vn -0.5014358 -0.8650191 0.01744515
vn -0.8660235 -0.4999015 0.01008102
vn -0.8674566 -0.4974118 0.0100319
vn -0.8668659 -0.4984286 0.01059903
vn -0.5008438 -0.8653421 0.01840189
vn -0.1306553 -0.9912038 0.02107876
vn 0.1305675 -0.9912867 0.0174023
vn 0.1306538 -0.991204 0.02107882
vn 0.5008425 -0.8653429 0.01840201
vn 0 0 1
vn 4.449497E-07 0 1
vn 0 0 1
vn 0 0 1
vn 4.895071E-07 0 1
vn 4.895272E-06 0 1
vn 0 0 1
vn 0 0 1
vn 0 0 1
vn 0 0 1
vn 2.218027E-07 0 1
vn 2.415906E-07 0 1
vn 2.410138E-06 0 1
vn -4.435983E-07 0 1
vn -4.831826E-07 0 1
vn -4.820195E-06 0 1
vn -0.9915712 -0.1295339 0.002754487
vn -0.8668659 -0.4984286 0.01059903
vn -0.8662996 -0.4994479 0.008760693
vn -0.9914852 -0.1301993 0.002279618
vn -0.8663223 -0.4994601 0.005015117
vn -0.9915469 0.1297251 -0.002480014
vn -0.9880118 0.1484266 0.04245118
vn -0.9822526 0.1393232 0.1255744
vn -0.8043637 0.4618669 0.3737352
vn -0.8679166 0.4966194 -0.009493596
vn -0.845034 0.5180062 0.132616
vn -0.5040115 0.8635392 -0.01650738
vn -0.4801389 0.8540702 0.2000764
vn -0.9914876 -0.1301944 0.001305226
vn -0.9946752 0.09656731 0.03599969
vn -0.8655495 -0.5007795 0.00662474
vn -0.8764203 0.432294 0.2121537
vn -0.9913715 -0.1310707 0.001739636
vn -0.8660235 -0.4999016 0.01008055
vn -0.9930806 0.1169034 -0.01116714
vn -0.9914445 -0.1305021 0.002631598
vn -0.8660235 -0.4999015 0.01008102
vn -0.8781419 0.4759043 -0.04880288
vn -0.5138554 0.8531218 -0.0901985
vn -0.9914445 -0.1305025 0.002631688
vn -0.9901019 0.1392487 -0.01754882
vn -0.8674566 -0.4974118 0.0100319
vn -0.8582211 0.5096843 -0.06065128
vn -0.4937119 0.8640087 -0.09867949
vn -0.9916599 -0.1288557 0.002598601
vn -0.991886 0.127109 0.002361514
vn -0.8702025 0.4926092 0.009151728
vn -0.5063585 0.8621743 0.01601535
vn -0.4899678 0.7777846 0.3936783
vn -1 0 0
vn -1 0 0
vn -1 0 0
vn -1 0 0
vn -1 0 0
vn -1 0 0
vn -1 0 0
vn -1 0 0
vn -1 0 0
vn -1 0 0
vn -1 0 0
vn -1 0 0
vn 0 0 -1
vn 0 0 -1
vn 0 0 -1
vn 0 0 -1
vn -2.886134E-06 0 -1
vn 0 0 -1
vn 0 0 -1
vn 0 0 -1
vn -2.906726E-06 0 -1
vn -2.306881E-06 0 -1
vn -7.737618E-07 0 -1
vn -6.50256E-07 0 -1
vn -6.904521E-07 0 -1
vn 0 0 -1
vn 0.4899666 0.7777852 0.3936788
vn 0.8764246 0.4322876 0.2121495
vn 0.8043675 0.4618625 0.3737324
vn 0.4270643 0.721772 0.5446663
vn 0.9822542 0.139317 0.1255689
vn 0.9946758 0.09656283 0.03599805
vn 0.9914885 -0.1301882 0.001305292
vn 0.991486 -0.1301934 0.002279556
vn 0.8663254 -0.4994548 0.005014183
vn 0.8655525 -0.5007742 0.006623737
vn 0.9913723 -0.1310646 0.001739569
vn 0.8660265 -0.4998964 0.01008045
vn 0.9930812 0.1168981 -0.01116662
vn 0.9914453 -0.1304962 0.00263149
vn 0.9914452 -0.1304965 0.002631585
vn 0.8660267 -0.4998963 0.01008106
vn 0.8674597 -0.4974065 0.01003144
vn 0.8781452 0.4758986 -0.04880223
vn 0.9901029 0.1392423 -0.01754805
vn 0.9916608 -0.1288496 0.002598514
vn 0.8582239 0.5096796 -0.06065082
vn 0.9918867 0.1271029 0.002361426
vn 0.8702057 0.4926036 0.009151632
vn 0.5063571 0.8621751 0.01601523
vn 0.5014342 -0.8650199 0.01744517
vn 0.5000007 -0.8658489 0.01746105
vn 0.5000004 -0.8658491 0.01745999
vn 0.5138541 0.8531225 -0.0901987
vn 0.4937104 0.8640094 -0.09867953
vn 0.4995433 -0.8662134 0.01143772
vn 0.5003216 -0.8657959 0.008707783
vn 0.8663026 -0.4994428 0.008760478
vn 0.5002807 -0.8657297 0.01520293
vn 0.8668691 -0.4984232 0.01059898
vn 0.5008425 -0.8653429 0.01840201
vn 0.991572 -0.1295278 0.002754364
vn 0.9915478 0.1297188 -0.002479906
vn 0.9880129 0.1484201 0.04244928
vn 0.8679197 0.4966137 -0.009493504
vn 0.8450367 0.5180021 0.132615
vn 0.5040102 0.8635399 -0.01650739
vn 0.4801373 0.8540711 0.2000765
vn 1 0 0
vn 1 0 0
vn 1 0 0
vn 1 0 0
vn 1 0 0
vn 1 0 0
vn 1 1.343407E-07 0
vn 1 0 0
vn 1 0 0
vn 1 1.931544E-07 0
vn 1 0 0
vn 1 0 0
vn 0.232538 0.9725874 0
vn 0.2325381 0.9725873 0
vn 0 1 0
vn 0.4523271 0.8918521 0
vn 0 1 0
vn 0.4523271 0.8918521 0
vn -4.432567E-06 0 1
vn -5.523617E-06 0 1
vn 0 0 1
vn 2.199582E-06 0 1
vn 3.705018E-06 0 1
vn 2.552785E-06 0 1
vn 5.214594E-06 0 1
vn 4.752557E-06 0 1
vn 2.156803E-06 0 1
vn -1.183562E-06 0 1
vn 1.847864E-06 0 1
vn 0 0 1
vn 0 0 1
vn 0 0 1
vn -0.1227954 0.8945594 0.4297497
vn -0.1333763 0.9856451 -0.10351
vn 0.1333745 0.9856455 -0.1035101
vn 0.1227939 0.8945597 0.4297495
vn -0.1062271 0.793803 0.5988262
vn 0.1302503 0.9851012 -0.1122964
vn -0.1302519 0.985101 -0.1122963
vn -0.4937119 0.8640087 -0.09867949
vn 0.4937104 0.8640094 -0.09867953
vn 0.1326553 0.9909914 0.01840676
vn -0.132657 0.9909911 0.01840711
vn -0.5063585 0.8621743 0.01601535
vn 0.5063571 0.8621751 0.01601523
vn 0.1062258 0.793803 0.5988262
vn 0.1267885 0.9662066 0.2244317
vn 0.4801373 0.8540711 0.2000765
vn 0.1322999 0.9910287 -0.01894406
vn -0.5138554 0.8531218 -0.0901985
vn -0.1323016 0.9910285 -0.01894406
vn -0.1267901 0.9662063 0.224432
vn -0.4801389 0.8540702 0.2000764
vn -0.5040115 0.8635392 -0.01650738
vn 0.5040102 0.8635399 -0.01650739
vn -0.4270655 0.7217716 0.5446658
vn -0.4899678 0.7777846 0.3936783
vn -0.8043637 0.4618669 0.3737352
vn -0.8764203 0.432294 0.2121537
vn -0.845034 0.5180062 0.132616
vn 0.4270643 0.721772 0.5446663
vn 0.4899666 0.7777852 0.3936788
vn 0.5138541 0.8531225 -0.0901987
vn 0 -1 0
vn 0 -1 0
vn 0 -1 0
vn 0 -1 0
vn -0.1786223 -0.9839177 0
vn -0.1786223 -0.9839177 0
vn 0.335154 -0.9421633 0
vn -0.6386279 -0.7695157 0
vn 0.3351541 -0.9421633 0
vn 0.6315398 -0.7753436 0
vn 0.6315395 -0.7753437 0
vn -0.6386279 -0.7695157 0
vn 0 1 0
vn 0 1 0
vn 0 1 0
vn 0 1 0
vn 0 -1 0
vn 0 -1 0
vn 0 -1 0
vn 0 -1 0
vn 0 0 1
vn 0 -0.107882 0.9941637
vn 3.550811E-07 -0.07187433 0.9974137
vn 0 -0.214505 0.9767229
vn 1.889446E-06 0 1
vn 5.671582E-06 0 1
vn 0 0 1
vn 0 -0.214505 0.9767229
vn 0 0 1
vn 0 0 1
vn -4.253568E-06 0 1
vn -2.663103E-07 -0.07187427 0.9974137
vn -1.41707E-06 0 1
vn 0 -0.1078819 0.9941638
vn 0 -0.2145043 0.976723
vn 0 -0.2145043 0.9767231
vn 0 0 1
vn 0 0 1
vn 0 0 1
vn 0 0 1
vn -1 1.856276E-07 0
vn -1 4.980516E-07 0
vn -1 0 0
vn -1 -2.417675E-07 0
vn 0 0 1
vn 0 0 1
vn 0 0 1
vn 0 0 1
vn 0 -0.07816403 -0.9969406
vn 0 0 -1
vn 0 0 -1
vn 0 0 -1
vn 0 -0.05209153 -0.9986423
vn 0 -0.15585 -0.9877807
vn 0 0 -1
vn 0 0 -1
vn 2.835712E-06 0 -1
vn 0 0 -1
vn 0 -0.15585 -0.9877807
vn 0 0 -1
vn 1.77101E-07 -0.05209149 -0.9986423
vn 9.447132E-07 0 -1
vn 0 0 -1
vn 0 0 -1
vn 0 -0.07816392 -0.9969406
vn 0 -0.1558495 -0.9877808
vn 0 -0.1558495 -0.9877808
vn 0 0 -1
vn 0 1 0
vn 0 1 0
vn 0 1 0
vn 0 1 0
vn 3.179852E-07 -0.03306796 -0.9994531
vn -3.179845E-07 -0.03306797 -0.9994531
vn -2.823561E-07 -0.0330679 -0.9994531
vn 2.823644E-07 -0.0330679 -0.9994531
vn -1.104393E-06 -0.03306856 -0.9994531
vn 4.820729E-06 -0.03307582 -0.9994529
vn 1.899447E-06 -0.03307116 -0.999453
vn -1.303224E-06 -0.03307192 -0.999453
vn 1.104363E-06 -0.03306857 -0.9994531
vn -4.820637E-06 -0.03307588 -0.9994529
vn 1.272847E-07 -0.03307106 -0.999453
vn -5.594504E-06 -0.03307881 -0.9994528
vn 8.567907E-06 -0.03305105 -0.9994537
vn -6.51663E-07 -0.03307156 -0.999453
vn -7.776915E-07 -0.03307058 -0.999453
vn 2.447902E-05 -0.03308653 -0.9994525
vn -0.9346048 0.355688 0
vn -0.9346049 0.3556876 0
vn -1 0 0
vn -0.409356 0.9123747 0
vn -1 0 0
vn -0.4093564 0.9123746 0
vn 0 0 -1
vn 0 0 -1
vn 0 0 -1
vn 0 0 -1
vn 0.9494736 -0.313847 0
vn 0.9494736 -0.3138468 0
vn 0.9951456 -0.09841293 0
vn 0.9951456 -0.09841274 0
vn 0.9981371 0.06101074 0
vn 0.9981371 0.06101067 0
vn 1 0 0
vn 1 0 0
vn -0.6386279 -0.7695157 0
vn -0.6386279 -0.7695157 0
vn -0.9380437 -0.3465169 0
vn -0.9380437 -0.3465168 0
vn -0.9966738 -0.08149463 0
vn -0.9966738 -0.08149458 0
vn -0.9302759 0.3668609 0
vn -0.9302759 0.3668608 0
vn -0.3983946 0.9172141 0
vn -0.3983947 0.9172141 0
vn 0.1307438 -0.9912146 0.01999059
vn 0.5000007 -0.8658489 0.01746105
vn 0.5014342 -0.8650199 0.01744517
vn 0.9421609 0.3351609 0
vn 0.9421609 0.3351609 0
vn 0.9421609 0.3351609 0
vn 0.9421609 0.3351609 0
vn 0 1 0
vn 0 1 0
vn -0.3983946 0.9172141 0
vn -0.3983947 0.9172141 0
vn -1.627809E-07 0 1
vn 1.052212E-06 0 1
vn 1.40289E-06 0 1
vn 0 0 1
vn 1.402923E-05 0 1
vn -3.507228E-07 0 1
vn -3.507148E-06 0 1
vn 0 0 1
vn 0 0 1
vn -1.026985E-06 0 1
vn -4.270719E-06 0 1
vn 3.507148E-06 0 1
vn 7.014548E-07 0 -1
vn 0 0 -1
vn 0 0 -1
vn 0 0 -1
vn 0 0 -1
vn 0 0 -1
vn 0 0 -1
vn 7.014493E-07 0 -1
vn 0 0 -1
vn 0 0 -1
vn 0 0 -1
vn 7.014787E-06 0 -1
vn -0.92137 -6.26466E-06 0.3886865
vn -0.7979249 0.4606961 0.3886835
vn -0.8121411 0.4688939 0.3472253
vn -0.9377825 -3.824237E-06 0.3472234
vn -0.7979311 -0.4606882 0.3886802
vn -0.973241 -3.596519E-06 -0.229787
vn -0.8121439 -0.4688877 0.3472272
vn -0.8428522 -0.486618 -0.2297892
vn -0.7675726 -0.4431583 -0.4630799
vn -0.8863151 -7.082919E-06 -0.4630826
vn -0.8428497 0.4866233 -0.2297874
vn -0.7675647 0.4431669 -0.4630848
vn -1 -4.645371E-06 0
vn -0.8660237 -0.5000028 0
vn -0.8660201 0.5000092 0
vn -0.4866228 0.8428497 -0.2297883
vn -0.4431561 0.7675705 -0.4630857
vn 0.8428521 -0.4866191 -0.2297871
vn 0.7675769 -0.4431593 -0.4630719
vn 0.886319 -3.382967E-06 -0.4630752
vn 0.4431626 -0.7675683 -0.4630829
vn 0.973241 -2.378469E-06 -0.2297871
vn 0.8428494 0.4866241 -0.2297865
vn 0.7675731 0.443165 -0.4630726
vn 0.4431558 0.767573 -0.4630817
vn 0.4866233 0.842849 -0.2297898
vn 0.812144 -0.4688908 0.3472226
vn 0.9377832 -2.436282E-06 0.3472212
vn 0.8121421 0.4688944 0.3472224
vn 0.4688938 -0.8121411 0.3472252
vn 0.4688933 0.8121402 0.3472282
vn 0.921373 -2.897093E-06 0.3886795
vn 0.7979293 0.4606927 0.3886784
vn 0.7979313 -0.4606889 0.3886792
vn 1 -3.476636E-06 0
vn 0.8660216 0.5000066 0
vn 0.8660262 -0.4999985 0
vn 0.5000002 -0.8660253 0
vn 0.4606794 0.7979347 0.3886834
vn 0.4999893 0.8660316 0
vn 0.4606865 -0.7979311 0.3886821
vn 0.4866227 -0.8428497 -0.2297888
vn -0.4688916 -0.8121421 0.3472261
vn -0.4606898 -0.7979277 0.3886854
vn -0.7979311 -0.4606882 0.3886802
vn -0.8121439 -0.4688877 0.3472272
vn 2.700253E-06 -0.9377818 0.3472252
vn 4.759159E-06 -0.9213721 0.3886817
vn 0.4606865 -0.7979311 0.3886821
vn 0.4688938 -0.8121411 0.3472252
vn 0.812144 -0.4688908 0.3472226
vn 0.7979313 -0.4606889 0.3886792
vn 0.4606794 0.7979347 0.3886834
vn 0.7979293 0.4606927 0.3886784
vn 0.8121421 0.4688944 0.3472224
vn 0.4688933 0.8121402 0.3472282
vn -0.8428522 -0.486618 -0.2297892
vn -0.7675726 -0.4431583 -0.4630799
vn -0.4431606 -0.7675683 -0.463085
vn -0.4866207 -0.8428507 -0.2297892
vn -0.8121439 -0.4688877 0.3472272
vn -0.4688916 -0.8121421 0.3472261
vn 1.461647E-06 -0.973241 -0.2297863
vn 2.700253E-06 -0.9377818 0.3472252
vn 3.95811E-06 -0.8863155 -0.463082
vn 0.4866227 -0.8428497 -0.2297888
vn 0.4688938 -0.8121411 0.3472252
vn 0.4431626 -0.7675683 -0.4630829
vn 4.759159E-06 -0.9213721 0.3886817
vn 4.00697E-06 -1 0
vn -0.500006 -0.8660221 0
vn -0.4606898 -0.7979277 0.3886854
vn -0.8660237 -0.5000028 0
vn -0.7979311 -0.4606882 0.3886802
vn 0.4606865 -0.7979311 0.3886821
vn 0.5000002 -0.8660253 0
vn -0.4606831 0.7979316 0.3886854
vn -0.4999956 0.866028 0
vn 4.056075E-06 1 0
vn 6.457807E-06 0.9213689 0.3886892
vn 0.4999893 0.8660316 0
vn 3.297648E-06 0.9377805 0.3472285
vn 0.4606794 0.7979347 0.3886834
vn 0.4688933 0.8121402 0.3472282
vn 2.352279E-06 0.97324 -0.229791
vn -0.7979249 0.4606961 0.3886835
vn -0.8660201 0.5000092 0
vn 0.4866233 0.842849 -0.2297898
vn -0.4866228 0.8428497 -0.2297883
vn -0.4688928 0.8121413 0.3472265
vn -0.8428497 0.4866233 -0.2297874
vn -0.8121411 0.4688939 0.3472253
vn -0.4431561 0.7675705 -0.4630857
vn 4.727988E-06 0.8863096 -0.4630931
vn 0.4431558 0.767573 -0.4630817
vn -0.8121411 0.4688939 0.3472253
vn -0.7979249 0.4606961 0.3886835
vn -0.4606831 0.7979316 0.3886854
vn -0.4688928 0.8121413 0.3472265
vn 0.8662999 0.4995216 0.001597907
vn 1 2.042573E-06 -1.512482E-06
vn 1 -2.464852E-06 4.762762E-07
vn 0.8662995 0.4995224 0.001598192
vn 0.5004702 0.8657493 0.00277218
vn 0.5004739 0.8657473 0.002769303
vn 0.8663009 -0.4995199 -0.001600613
vn 0.8662977 -0.4995254 -0.001599494
vn 0.5004742 -0.8657471 -0.002771603
vn 0.500469 -0.86575 -0.002769896
vn 0.5004683 0.8657504 0.002771402
vn 0 0.9999949 0.003193932
vn 0 0.9999949 0.003202804
vn 0.5004766 0.8657457 0.002774051
vn -0.5004687 0.8657502 0.002771405
vn -0.5004766 0.8657457 0.002774051
vn -0.8662959 0.4995287 0.001600336
vn -0.8662958 0.4995288 0.001597677
vn 0 -0.9999949 -0.003199594
vn 0.5004737 -0.8657474 -0.002770528
vn 0.5004717 -0.8657485 -0.002770526
vn 0 -0.9999949 -0.003201367
vn -0.5004718 -0.8657485 -0.002770526
vn -0.5004737 -0.8657474 -0.002770529
vn -0.8662947 -0.4995307 -0.001598928
vn -0.8662955 -0.4995293 -0.001598927
vn 0.8662956 -0.4995291 -0.001598927
vn 1 0 8.852446E-07
vn 1 1.757801E-06 -8.823337E-07
vn 0.8662947 -0.4995307 -0.001598928
vn 0.5004737 -0.8657474 -0.002770528
vn 0.5004717 -0.8657485 -0.002770526
vn 0.8662959 0.4995287 0.001597677
vn 0.8662957 0.4995289 0.001600336
vn 0.5004766 0.8657457 0.002774051
vn 0.5004683 0.8657504 0.002771402
vn -0.8662955 -0.4995293 -0.001598927
vn -0.8662947 -0.4995307 -0.001598928
vn -1 1.777441E-06 -8.823146E-07
vn -1 -2.553218E-07 8.852638E-07
vn -0.8662958 0.4995288 0.001597677
vn -0.8662959 0.4995287 0.001600336
vn 0 0.003203999 -0.9999949
vn 0 0.003203239 -0.9999949
vn 0 0.003205717 -0.9999949
vn 8.713263E-07 0.003205464 -0.9999949
vn 1.100534E-05 0.003193997 -0.9999949
vn 1.079549E-05 0.003192693 -0.9999949
vn 2.007214E-06 0.003187227 -0.999995
vn 0 0.003186651 -0.999995
vn 4.614938E-06 0.003192729 -0.9999949
vn 5.412357E-06 0.00318965 -0.999995
vn 7.050361E-06 0.003169976 -0.999995
vn 7.603145E-06 0.003172948 -0.999995
vn 0 0.003195818 -0.9999949
vn 0 0.003203434 -0.9999949
vn -7.603222E-06 0.003172963 -0.999995
vn -7.0501E-06 0.003169984 -0.999995
vn -5.412162E-06 0.003189648 -0.999995
vn -4.614838E-06 0.003192721 -0.9999949
vn -2.007195E-06 0.003187233 -0.999995
vn 0 0.003186662 -0.999995
vn -1.0795E-05 0.003192685 -0.9999949
vn -1.100494E-05 0.003193991 -0.9999949
vn -8.71315E-07 0.00320548 -0.9999949
vn 0 0.003205732 -0.9999949
vn 0 -0.003198788 0.9999949
vn -8.179206E-06 -0.003209461 0.9999949
vn -1.180643E-05 -0.003208696 0.9999949
vn 0 -0.003194261 0.9999949
vn 1.180633E-05 -0.003208687 0.9999949
vn -5.7216E-06 -0.00319471 0.9999949
vn -2.307303E-06 -0.0031917 0.999995
vn 2.007201E-06 -0.003196206 0.9999949
vn 0 -0.003196378 0.9999949
vn 1.541E-05 -0.003184276 0.999995
vn 1.641758E-05 -0.00318782 0.999995
vn 7.921855E-06 -0.003209491 0.9999949
vn 7.60355E-06 -0.003208718 0.9999949
vn 0 -0.0031988 0.9999949
vn 0 -0.003194261 0.9999949
vn -7.603453E-06 -0.003208709 0.9999949
vn -7.921473E-06 -0.003209491 0.9999949
vn -1.641706E-05 -0.003187829 0.999995
vn -1.540959E-05 -0.003184295 0.999995
vn -2.007182E-06 -0.003196212 0.9999949
vn 0 -0.003196388 0.9999949
vn 2.307295E-06 -0.003191719 0.999995
vn 5.721447E-06 -0.003194719 0.9999949
vn 8.178319E-06 -0.003209461 0.9999949
vn 0.500469 -0.86575 -0.002769896
vn -2.288537E-06 -0.9999949 -0.003199781
vn -2.013514E-06 -0.9999949 -0.003199225
vn -0.5004714 -0.8657487 -0.002770099
vn 0.5004742 -0.8657471 -0.002771603
vn -0.5004762 -0.865746 -0.002771233
vn -0.866298 -0.499525 -0.001599885
vn -0.8663009 -0.4995197 -0.00159986
vn -0.8663009 -0.4995197 -0.00159986
vn -0.866298 -0.499525 -0.001599885
vn -1 2.101494E-06 -1.512405E-06
vn -1 -2.749636E-06 4.763913E-07
vn -0.8663 0.4995216 0.001597907
vn -0.8662996 0.4995222 0.001598192
vn -0.8662996 0.4995222 0.001598192
vn -0.8663 0.4995216 0.001597907
vn -0.5004706 0.8657491 0.002769913
vn -0.5004742 0.865747 0.002771622
vn -3.663589E-06 0.9999949 0.00320276
vn -3.4475E-06 0.9999949 0.00320276
vn 0.5004702 0.8657493 0.00277218
vn 0.5004739 0.8657473 0.002769303
vn 0 1 0
vn 0 1 0
vn 0 1 0
vn 0 1 0
vn 0 -1 0
vn 0 -1 0
vn 0 -1 0
vn 0 -1 0
vn 1 0 0
vn 1 1.692373E-07 0
vn 1 0 0
vn 1 -2.490258E-07 0
vn 0 -1 0
vn 0 -1 0
vn 0 -1 0
vn 0 -1 0
vn 0 -1 0
vn 0 -1 0
vn 0 -1 0
vn 0 -1 0
vn 0.4093619 0.9123721 0
vn 0.4093613 0.9123724 0
vn 0.9346069 0.3556823 0
vn 0.9346071 0.3556817 0
vn 1 0 0
vn 1 0 0
vn 0.4093613 0.9123724 0
vn 0.4093619 0.9123721 0
vn -0.4093564 0.9123746 0
vn -0.409356 0.9123747 0
vn 0 1 0
vn 0 1 0
vn 0 1 0
vn 0 1 0
vn -1 -3.342533E-07 0
vn -1 -2.163757E-07 0
vn -1 -3.478914E-07 0
vn -1 -3.966617E-06 0
vn -1 -2.62164E-07 0
vn -1 -1.911958E-06 0
vn -1 -2.523703E-07 0
vn -1 1.527925E-07 0
vn -1 0 0
vn -1 2.578771E-07 0
vn -1 0 0
vn -1 0 0
vn -1 0 0
vn -1 0 0
vn -1 0 0
vn -1 0 0
vn 1 0 0
vn 1 0 0
vn 1 -3.599635E-07 0
vn 1 0 0
vn 1 0 0
vn 1 0 0
vn 1 0 0
vn 1 2.992861E-07 0
vn 1 -3.107513E-07 0
vn 1 7.49005E-07 0
vn 1 1.654625E-07 0
vn 1 3.953575E-07 0
vn 1 0 0
vn 1 1.983246E-06 0
vn 1 0 0
vn 1 0 0
vn 0 0.9824902 0.1863138
vn 0 0.7997135 0.6003819
vn 0 0.7997137 0.6003816
vn 0 0.9824901 0.1863145
vn 0 0.9993592 0.03579538
vn 0 0.9993592 0.03579444
vn 0 0.9933002 -0.1155626
vn 0 0.9933 -0.1155644
vn 0 0.9842318 -0.1768834
vn 0 0.9842318 -0.1768833
vn 0 0 -1
vn 0 0 -1
vn 0 0 -1
vn 0 0 -1
vn 0 0 -1
vn 0 0 -1
vn 0 0 -1
vn 0 0 -1
vn 0 0 -1
vn 0 0 -1
vn 0 0 -1
vn 0 0 -1
vn 0 -0.7645854 0.6445225
vn 0 -0.9549581 0.2967406
vn 0 -0.9549587 0.2967386
vn 0 -0.7645854 0.6445224
vn 0 -0.9809933 0.1940415
vn 0 -0.9809926 0.1940451
vn 0 -0.996017 0.08916363
vn 0 -0.9960168 0.08916629
vn 0 -0.9989582 0.04563477
vn 0 -0.9989582 0.04563477
vn 0 0.7997135 0.6003819
vn 0 0.2671791 0.9636469
vn 0 0.2671795 0.9636468
vn 0 0.7997137 0.6003816
vn 0 -0.2504065 0.9681408
vn 0 -0.2504072 0.9681406
vn 0 -0.7645854 0.6445224
vn 0 -0.7645854 0.6445225
vn -1 0 0
vn -1 0 0
vn -1 0 0
vn -1 0 0
vn -1 0 0
vn -1 0 0
vn -1 0 0
vn -1 0 0
vn -1 0 0
vn -1 0 0
vn -1 0 0
vn -1 0 0
vn -0.1950869 0.9807859 0
vn -0.1950871 0.9807859 0
vn 0.1950871 0.9807859 0
vn -0.7071089 0.7071046 0
vn 0.195087 0.9807859 0
vn -0.707109 0.7071045 0
vn 0.7071046 0.707109 0
vn 0.7071044 0.7071091 0
vn -1 0 0
vn -1 0 0
vn -1 -1.110734E-07 0
vn -1 0 0
vn -1 -3.286351E-07 0
vn -1 1.151207E-07 0
vn -1 0 0
vn -1 -1.928554E-07 0
vn -1 0 0
vn -1 0 0
vn -1 1.595007E-07 0
vn -1 2.130503E-07 0
vn 1 0 0
vn 1 0 0
vn 1 -1.811587E-07 0
vn 1 -3.782035E-07 0
vn 1 0 0
vn 1 0 0
vn 1 0 0
vn 1 0 0
vn 1 0 0
vn 1 0 0
vn 1 1.70322E-07 0
vn 1 0 0
vn 1 0 0
vn 1 0 0
vn 1 0 0
vn 1 0 0
vn 1 0 0
vn 1 -1.381448E-07 0
vn 1 0 0
vn 1 1.000513E-07 0
vn 1 -2.943471E-07 0
vn 1 -1.997303E-07 0
vn 1 -1.196119E-07 0
vn 1 0 0
vn 0 0.08312027 0.9965396
vn 0 0.02948166 0.9995653
vn 0 0.02948166 0.9995653
vn 0 0.08312027 0.9965396
vn 0 0.2159524 0.9764039
vn 0 -0.02173401 0.9997638
vn 0 -0.02173401 0.9997638
vn 0 -0.02173449 0.9997638
vn 0 -0.0217345 0.9997638
vn 0 0.2159524 0.9764039
vn 0 0.3425304 0.9395068
vn 0 0.3425303 0.9395068
vn 0 -1 0
vn 0 -1 0
vn 0 -1 0
vn 0 -1 0
vn -0.1950935 -0.9807847 0
vn -0.1950935 -0.9807847 0
vn 0.1950934 -0.9807847 0
vn -0.7071114 -0.7071021 0
vn 0.1950935 -0.9807847 0
vn -0.7071115 -0.707102 0
vn 0.7071074 -0.7071061 0
vn 0.7071071 -0.7071064 0
vn 0 0.1212567 -0.9926212
vn 0 -0.05759385 -0.9983401
vn 0 -0.05759373 -0.9983401
vn 0 0.1212567 -0.9926212
vn 0 -0.4332015 -0.9012971
vn 0 -0.4332018 -0.901297
vn 0 -0.6125458 -0.7904352
vn 0 -0.612546 -0.790435
vn 0 0.5302419 0.8478464
vn 0 0.08745772 0.9961682
vn 0 0.08745772 0.9961682
vn 0 0.5302419 0.8478464
vn 0 -0.1212567 0.9926212
vn 0 -0.1212568 0.9926212
vn 0 -0.2132101 -0.9770064
vn 0 -0.3494954 -0.936938
vn 0 -0.3494954 -0.936938
vn 0 -0.2132101 -0.9770064
vn 0 -0.07875164 -0.9968942
vn 0 -0.07875163 -0.9968942
vn 0 -0.04030571 -0.9991874
vn 0 -0.04030572 -0.9991874
vn 0 0.004347546 -0.9999906
vn 0 0.004347544 -0.9999906
vn 0 0.00434818 -0.9999906
vn 0 0.004348178 -0.9999906
vn -0.9807859 -0.1950869 0
vn -0.9807865 0.1950842 0
vn -0.9807865 0.1950841 0
vn -0.980786 -0.1950866 0
vn -0.7071115 -0.707102 0
vn -0.7071114 -0.7071021 0
vn -0.707109 0.7071045 0
vn -0.7071089 0.7071046 0
vn 0 0.9333029 -0.35909
vn 0 0.9333026 -0.3590908
vn 0 0.9333029 -0.3590899
vn 0 0.9333032 -0.3590891
vn 0 0.7423476 -0.670015
vn 0 0.7423469 -0.6700157
vn 0 0.7423488 -0.6700137
vn 0 0.7423494 -0.670013
vn 0 0 -1
vn 0 0 -1
vn 0 0 -1
vn 0 0 -1
vn 0.9807854 0.1950902 0
vn 0.9807854 0.1950901 0
vn 0.9807847 -0.1950932 0
vn 0.7071044 0.7071091 0
vn 0.9807848 -0.1950927 0
vn 0.7071071 -0.7071064 0
vn 0.7071074 -0.7071061 0
vn 0.7071046 0.707109 0
vn 0 0.9333029 0.35909
vn 0 0.9333032 0.3590891
vn 0 0.9333028 0.3590901
vn 0 0.9333025 0.359091
vn -1 0 0
vn -1 0 0
vn -1 0 0
vn -1 0 0
vn -1 0 0
vn -1 0 0
vn 0 0 1
vn 0 0 1
vn 0 0 1
vn 0 0 1
vn 0 0 -1
vn 0 0 -1
vn 0 0 -1
vn 0 0 -1
vn 0 0 -1
vn 0 0 -1
vn 0 0 -1
vn 0 0 -1
vn 0 0 -1
vn 0 0 -1
vn 0 0 -1
vn 0 0 -1
vn 0 0.9779631 -0.2087779
vn 0 0.977963 -0.2087779
vn 0 0.977963 -0.2087779
vn 0 0.9779631 -0.2087779
vn 0 0.7318804 0.681433
vn 0 0.5302419 0.8478464
vn 0 0.5302419 0.8478464
vn 0 0.7318807 0.6814329
vn -2.677569E-07 0 1
vn 5.355103E-07 0 1
vn -2.677615E-07 0 1
vn -1.874274E-06 0 1
vn 5.355194E-07 0 1
vn 3.748576E-06 0 1
vn 5.3552E-07 0 1
vn -5.355225E-07 0 1
vn 5.355202E-07 0 1
vn -5.355223E-07 0 1
vn -3.748653E-06 0 1
vn 3.748688E-06 0 1
vn 0 1 0
vn 0 1 0
vn 0 1 0
vn 0 1 0
vn -1.529312E-07 1.423828E-07 -1
vn -5.392696E-06 0 -1
vn 0 0 -1
vn 1.617299E-07 1.328736E-07 -1
vn 3.962206E-06 0 -1
vn 7.168848E-05 5.732868E-06 -1
vn -3.963334E-05 -2.396936E-06 -1
vn -3.540914E-06 -3.108456E-06 -1
vn -6.884289E-05 6.032918E-06 -1
vn 3.638874E-05 -2.563032E-06 -1
vn 2.980859E-06 -3.239277E-06 -1
vn -2.058099E-05 -1.487891E-05 -1
vn -6.288739E-07 0 -1
vn 1.711227E-06 0 -1
vn -5.88435E-07 0 -1
vn -1.083682E-06 0 -1
vn 0 0 -1
vn 0 0 -1
vn 0 0 -1
vn 2.200424E-05 -1.484036E-05 -1
vn -1.065458E-06 0 -1
vn -2.310529E-06 0 -1
vn 1 0 0
vn 1 0 0
vn 0.991446 -0.1305178 0
vn 0.9914458 -0.1305192 0
vn 0.8660287 -0.4999943 0
vn 0.8660278 -0.4999958 0
vn 0.4999925 -0.8660297 0
vn 0.4999919 -0.8660301 0
vn -1.194241E-07 3.861981E-07 1
vn -1.870819E-05 1.249723E-06 1
vn 1.320777E-05 3.662317E-06 1
vn 0 0 1
vn 2.317533E-06 0 1
vn -7.823995E-06 0 1
vn -4.762218E-06 0 1
vn -4.312519E-07 0 1
vn 6.593604E-06 -7.018724E-07 1
vn 1.638919E-06 0 1
vn -7.928847E-07 0 1
vn 0 0 1
vn -1.63537E-06 0 1
vn -5.776498E-07 0 1
vn 3.291176E-06 0 1
vn 0 0 1
vn 4.465074E-06 0 1
vn -4.511856E-06 0 1
vn -3.215272E-06 0 1
vn 1.381846E-06 0 1
vn 0 0 1
vn 0 0 1
vn -0.1305233 -0.9914452 0
vn -0.1305229 -0.9914453 0
vn 0.1305184 -0.9914459 0
vn 0.1305188 -0.9914458 0
vn 0.4999919 -0.8660301 0
vn -0.4999858 -0.8660336 0
vn -0.4999858 -0.8660336 0
vn -0.8660221 -0.5000058 0
vn -0.8660226 -0.5000049 0
vn 0.4999925 -0.8660297 0
vn -0.9914457 -0.1305196 0
vn -0.9914458 -0.1305188 0
vn -0.8660226 -0.5000049 0
vn -0.8660221 -0.5000058 0
vn -1 0 0
vn -1 0 0
vn -2.302949E-06 -1 -5.210215E-05
vn -5.757554E-06 -1 -5.210254E-05
vn -0.5455382 -0.838086 -4.288762E-05
vn 0.5455447 -0.8380817 -4.531496E-05
vn -0.5455468 -0.8380804 -4.453618E-05
vn 0.5455533 -0.8380761 -4.531462E-05
vn -0.5455468 -0.8380804 -4.453618E-05
vn -0.5455382 -0.838086 -4.288762E-05
vn -0.8905321 -0.4549207 -2.44315E-05
vn -0.8905376 -0.4549098 -2.606454E-05
vn -1 -7.958015E-06 -5.667529E-07
vn -1 8.250074E-06 -5.65679E-07
vn -0.8905436 0.4548981 2.309002E-05
vn -0.8905366 0.4549117 2.635813E-05
vn -0.5455412 0.838084 4.444595E-05
vn -0.5455337 0.8380888 5.134826E-05
vn -5.29082E-06 1 5.7083E-05
vn 0.5455472 0.83808 4.703468E-05
vn 0.5455399 0.8380849 5.213485E-05
vn -5.539104E-06 1 6.252305E-05
vn -0.5455337 0.8380888 5.134826E-05
vn -0.5455412 0.838084 4.444595E-05
vn 0.8905421 0.4549009 2.309021E-05
vn 1 -7.797351E-06 -5.667503E-07
vn 1 8.673838E-06 -5.656622E-07
vn 0.8905353 0.4549142 2.635838E-05
vn 0.5455472 0.83808 4.703468E-05
vn 0.8905355 -0.4549135 -2.606482E-05
vn 0.8905312 -0.4549222 -2.606517E-05
vn 0.5455399 0.8380849 5.213485E-05
vn 0.5455533 -0.8380761 -4.531462E-05
vn 0.5455447 -0.8380817 -4.531496E-05
vn -1 0 0
vn -1 0 0
vn -1 0 0
vn -1 0 0
vn -2.180128E-06 0 1
vn 0 0 1
vn 0 0 1
vn -1.726851E-06 0 1
vn -6.409706E-06 0 1
vn 0 0 1
vn 0 0 1
vn 0 0 1
vn 0 -1 0
vn 0.2551483 -0.9669019 0
vn 0.2551494 -0.9669017 0
vn 0.7811668 -0.6243224 0
vn 0 -1 0
vn 0.7811701 -0.6243182 0
vn 0.9892349 -0.1463365 0
vn 0.9892355 0.1463324 0
vn 0.989235 0.1463355 0
vn 0.9892355 -0.1463324 0
vn 0.7811707 0.6243175 0
vn 0.7811679 0.6243209 0
vn 0.7811701 -0.6243182 0
vn 0.7811668 -0.6243224 0
vn 6.409718E-06 0 -1
vn 2.180127E-06 0 -1
vn 0 0 -1
vn 1.72686E-06 0 -1
vn 0 0 -1
vn 0 0 -1
vn 0 0 -1
vn 0 0 -1
vn 0.2551494 0.9669017 0
vn 0.2551483 0.9669019 0
vn 0.7811679 0.6243209 0
vn 0.7811707 0.6243175 0
vn 0 1 0
vn 0 1 0
vn 0 -1 0
vn 0 -1 0
vn 0 -1 0
vn 0 -1 0
vn 0 -1 -1.663671E-06
vn 0 -1 -2.194394E-06
vn 0 -1 2.194393E-06
vn 0 -1 1.663673E-06
vn 0 -0.02278871 0.9997403
vn 0 -0.0227887 0.9997403
vn 0 0.03060577 0.9995315
vn 0 0.03060576 0.9995315
vn 0 0.08391298 0.9964731
vn 0 0.08391298 0.9964731
vn 0 0.01457058 -0.9998939
vn 0 0.01457058 -0.9998939
vn 0 -0.03471337 -0.9993973
vn 0 -0.03471337 -0.9993973
vn 0 -0.08391298 -0.9964731
vn 0 -0.08391298 -0.9964731
vn 1 0 0
vn 1 0 0
vn 1 0 0
vn 1 0 0
vn 1 0 0
vn 1 0 0
vn 0 -0.9964731 0.0839121
vn 0 -0.9964731 0.08391207
vn 0 -0.9964731 0.08391207
vn 0 -0.9964731 0.08391211
vn 0 -0.9989656 0.04547093
vn 0 -0.9989657 0.04546979
vn 0 -0.9989656 0.04547017
vn 0 -0.9989656 0.04547132
vn 0 0.998966 -0.04546395
vn 0 0.998966 -0.04546393
vn 0 0.998966 -0.04546398
vn 0 0.998966 -0.045464
vn 0 0.04545701 0.9989662
vn 0 0.04545692 0.9989662
vn 0 0.04545745 0.9989662
vn 0 0.04545755 0.9989662
vn 0 -0.04545461 -0.9989663
vn 0 -0.04545481 -0.9989663
vn 0 -0.04545369 -0.9989665
vn 0 -0.04545349 -0.9989665
vn -1 0 0
vn -1 0 0
vn -1 1.515861E-06 0
vn -1 1.615468E-06 0
vn 1 0 0
vn 1 -7.587328E-07 0
vn 1 -7.119537E-07 0
vn 1 0 0
vn 0 -0.06385324 0.9979594
vn 0 -0.06385323 0.9979594
vn 0 -0.06385341 0.9979593
vn 0 -0.06385347 0.9979593
vn 0 -0.05748333 -0.9983464
vn 0 -0.05748333 -0.9983464
vn 0 -0.05748342 -0.9983464
vn 0 -0.05748346 -0.9983464
vn -0.9849234 -0.1729902 -0.0005527542
vn -0.9849234 -0.1729906 -0.00055236
vn -0.9849237 -0.1729885 -0.0005543317
vn -0.9849238 -0.1729879 -0.000554882
vn 0 0.9999949 0.003197747
vn 0 0.9999949 0.003197747
vn 0 0.9999949 0.003197747
vn 0 0.9999949 0.003197747
vn 0 -0.9999949 -0.003204182
vn 0 -0.9999949 -0.003193256
vn 0 -0.9999949 -0.003196093
vn 0 -0.9999949 -0.00320702
vn 0.9849223 -0.1729965 -0.0005528908
vn 0.984922 -0.1729984 -0.0005538799
vn 0.984922 -0.172998 -0.000553682
vn 0.9849223 -0.1729959 -0.0005526146
vn -0.1305238 -0.9914452 0
vn -0.1190712 -0.9928856 0
vn 0.1190727 -0.9928855 0
vn -0.5542302 -0.58857 -0.5885698
vn 0.1305256 -0.9914449 0
vn -0.1305239 -0.9914452 0
vn 0.4259765 -0.9047343 0
vn 0.1305256 -0.9914449 0
vn -0.131295 -0.9856777 0.105836
vn 0.4999987 -0.8660262 0
vn 0.131296 -0.9856778 0.1058334
vn -0.1195697 -0.9438904 0.3078539
vn -0.4999981 -0.8660265 0
vn -0.4999979 -0.8660267 0
vn -0.8820347 -0.333178 -0.3331772
vn -0.4930644 -0.865768 0.08563428
vn -0.4594545 -0.8472799 0.2664926
vn -0.1024325 -0.9099291 0.4019163
vn -0.8615859 -0.5060796 0.03941147
vn -0.8660267 -0.4999977 0
vn -0.8660267 -0.4999979 0
vn -0.4284869 -0.8403675 0.3319358
vn -0.8398683 -0.5215085 0.1504999
vn -0.8319116 -0.5281289 0.1703027
vn 0.1024334 -0.909928 0.4019185
vn 0.1195729 -0.94389 0.3078539
vn 0.4594605 -0.8472766 0.2664928
vn 0.4284875 -0.8403673 0.3319355
vn 0.8398685 -0.521508 0.1504999
vn 0.4930669 -0.8657668 0.08563311
vn 0.4999995 -0.8660257 0
vn 0.8319113 -0.5281293 0.1703026
vn 0.8274514 0.4777332 0.295119
vn 0.8338823 0.4814484 0.2699032
vn 0.4814374 0.833886 0.2699113
vn 0.4777244 0.8274526 0.2951295
vn 4.435821E-06 0.9628856 0.2699101
vn 5.491489E-07 0.9628823 -0.2699216
vn 0.4814378 0.8338827 -0.2699211
vn -0.4814357 0.8338831 -0.2699232
vn -0.4777232 0.8274481 -0.2951444
vn 3.996002E-07 0.9554532 -0.2951425
vn -0.4814396 0.8338844 0.2699124
vn -0.8338834 0.4814357 -0.2699224
vn 6.393594E-06 0.9554574 0.2951292
vn 0.4999951 0.8660282 0
vn -0.8338834 0.4814411 0.2699127
vn 2.641855E-06 1 0
vn -0.4777304 0.8274483 0.295132
vn -0.8274496 0.4777289 0.2951308
vn -0.4999993 0.8660258 0
vn -0.8660258 0.4999995 0
vn -0.499999 0.866026 0
vn -0.8660256 0.4999996 0
vn 2.582929E-06 1 0
vn -0.8274475 0.4777248 -0.2951434
vn 0.477721 0.8274497 -0.2951435
vn 0.4999955 0.866028 0
vn 0.8274492 -0.4777292 -0.2951314
vn 0.9554555 0 -0.2951352
vn 0.9628844 -9.543494E-07 -0.2699143
vn 0.8338802 -0.4814475 -0.2699114
vn 0.4777206 -0.8274538 -0.2951329
vn 0.8338792 -0.4814529 0.2699048
vn 0.4814433 -0.833881 -0.2699161
vn 0.4814485 -0.8338823 0.2699034
vn 0.9628863 -1.172939E-07 0.2699072
vn 0.82745 -0.4777341 0.2951215
vn 0.833881 0.481445 -0.2699131
vn 0.4777285 -0.8274526 0.2951231
vn 0.4999931 -0.8660294 0
vn 0.8274468 0.4777317 -0.2951342
vn 0.9554591 6.322923E-07 0.2951234
vn 0.8338823 0.4814484 0.2699032
vn 0.4814378 0.8338827 -0.2699211
vn 0.8660248 -0.500001 0
vn 0.477721 0.8274497 -0.2951435
vn 0.8274514 0.4777332 0.295119
vn 1 -2.533823E-06 0
vn 0.4814374 0.833886 0.2699113
vn 0.8660221 0.5000058 0
vn 0.4777244 0.8274526 0.2951295
vn 0.4999951 0.8660282 0
vn 0.4999955 0.866028 0
vn 0.8660223 0.5000054 0
vn 1 -2.524002E-06 0
vn 0.8660246 -0.5000015 0
vn 0.4999925 -0.8660297 0
vn -0.8274475 0.4777248 -0.2951434
vn -0.9554544 -4.532045E-07 -0.2951386
vn -0.9628832 -6.984308E-07 -0.2699182
vn -0.8338834 0.4814357 -0.2699224
vn -0.4814357 0.8338831 -0.2699232
vn -0.8338834 0.4814411 0.2699127
vn -0.4777232 0.8274481 -0.2951444
vn -0.9628857 -2.409843E-06 0.2699099
vn -0.8338829 -0.4814374 -0.2699213
vn -0.8274491 -0.4777215 -0.2951442
vn -0.9554585 -2.914149E-06 0.2951258
vn -0.8274539 -0.4777216 0.2951309
vn -0.8274496 0.4777289 0.2951308
vn -0.8660258 0.4999995 0
vn -1 -2.366865E-06 0
vn -0.8338848 -0.4814385 0.2699133
vn -0.8660285 -0.4999948 0
vn -0.8660284 -0.4999948 0
vn -1 -2.553464E-06 0
vn -0.8660256 0.4999996 0
vn 0.4999995 -0.8660257 0
vn 0.8660264 -0.4999982 2.652408E-07
vn 0.8615859 -0.5060794 0.03941144
vn 0.4930669 -0.8657668 0.08563311
vn 0.8660256 -0.4999997 -6.739576E-07
vn 0.4999987 -0.8660262 0
vn 0.9781209 -0.2080341 -0.00116511
vn 0.9659278 -0.2588117 -1.058704E-06
vn 0.9914738 -0.1303038 -0.0007809569
vn 0.9999946 -0.002203735 -0.002450036
vn 0.990928 -0.1341739 0.007682792
vn 1 -1.526142E-07 0
vn 0.8660273 -0.4999966 0
vn 0.8660292 -0.4999935 0
vn 0.9659278 -0.2588114 7.052653E-07
vn 0.8660271 -0.499997 4.600453E-07
vn 0.9730603 -0.2305508 9.947737E-07
vn 0.4259765 -0.9047343 0
vn 0.8820347 -0.3331781 -0.3331773
vn 0.9914452 -0.1305237 0
vn 0.9914452 -0.1305234 0
vn 0.9902613 -0.09844363 -0.09844515
vn 0.9928623 0.1147769 -0.03241659
vn 0.9934945 0.1138807 0
vn 0.9011236 0.4106718 -0.1390136
vn 0.9005787 0.3922571 -0.1873294
vn 0.5377779 0.7552239 -0.3747425
vn 0.9934945 0.1138802 0
vn 0.9934933 0.1138913 0
vn 1 7.567069E-07 0
vn 1 2.884309E-07 0
vn 1 0 0
vn 1 -2.389404E-07 0
vn 0.9934943 0.1138815 0
vn 0.9934946 0.1138791 0
vn 1 0 0
vn 1 0 0
vn 0.9934947 0.113879 0
vn 1 2.246417E-07 0
vn 0.9960653 0.08349286 -0.02971199
vn 0.5877649 0.7492405 -0.3052392
vn 0.8405327 0.4785815 -0.2538987
vn 0.9853221 0.1430335 -0.09317549
vn 1 0 0
vn 0.9934331 0.1143901 0.002322386
vn 0.8893554 0.4571171 0.009542857
vn 0.5423576 0.8399543 0.01802914
vn 0.4922639 0.7986197 -0.3462409
vn 1 0 0
vn 1 0 0
vn 1 0 0
vn 1 0 0
vn 1 0 0
vn 1 1.92379E-07 0
vn 1 0 0
vn 1 4.658954E-06 0
vn 1 0 0
vn 1 0 0
vn 1 0 0
vn 1 0 0
vn 0.9889071 -0.1443355 0.0350718
vn 0.8398685 -0.521508 0.1504999
vn 0.8319113 -0.5281293 0.1703026
vn 0.9893249 -0.1411115 0.03638415
vn 1 0 0
vn 1 -3.18781E-06 0
vn 1 -5.157598E-07 0
vn 1 -4.818219E-07 0
vn 1 -2.173875E-06 0
vn -1.183607E-06 -0.9628837 0.2699168
vn 2.075991E-06 -0.96288 -0.2699301
vn 0.4814433 -0.833881 -0.2699161
vn 0.4814485 -0.8338823 0.2699034
vn -0.4814423 -0.8338848 0.2699061
vn -0.4814412 -0.833882 -0.2699169
vn 2.465824E-06 -0.9554524 -0.2951452
vn 0.4777206 -0.8274538 -0.2951329
vn -0.8338848 -0.4814385 0.2699133
vn -0.8338829 -0.4814374 -0.2699213
vn -0.4777213 -0.8274523 -0.2951356
vn 2.553452E-06 -1 0
vn -0.4999971 -0.8660271 0
vn 0.4999925 -0.8660297 0
vn -0.8274491 -0.4777215 -0.2951442
vn -0.8660284 -0.4999948 0
vn -1.886219E-06 -0.9554554 0.2951354
vn -0.4777236 -0.8274556 0.2951226
vn -0.499997 -0.8660271 0
vn 0.4777285 -0.8274526 0.2951231
vn 2.592734E-06 -1 0
vn -0.8274539 -0.4777216 0.2951309
vn -0.8660285 -0.4999948 0
vn 0.4999931 -0.8660294 0
vn -0.9914452 -0.1305237 0
vn -0.9853222 0.1430334 -0.09317519
vn -0.9960653 0.08349301 -0.02971199
vn -0.9914452 -0.1305238 0
vn -0.8660267 -0.4999979 0
vn -0.9928623 0.1147766 -0.03241658
vn -0.9902614 -0.09844315 -0.0984452
vn -0.8820347 -0.333178 -0.3331772
vn -0.9005788 0.3922571 -0.1873293
vn -0.8405328 0.4785814 -0.2538985
vn -0.9910851 0.02945627 -0.1299329
vn -0.8874829 0.1345123 -0.4407726
vn -0.9011236 0.4106719 -0.1390136
vn -0.5377751 0.7552252 -0.3747434
vn -0.492274 0.7986086 -0.3462522
vn -0.5877631 0.7492415 -0.3052403
vn -0.571276 0.3065304 -0.761369
vn -0.8893568 0.4571142 0.009542967
vn -0.5423585 0.8399537 0.01803007
vn -0.993433 0.1143916 0.002322416
vn -0.990928 -0.1341739 0.007682793
vn -0.9889071 -0.1443357 0.0350718
vn -0.8615859 -0.5060796 0.03941147
vn -0.8660267 -0.4999977 0
vn -0.989325 -0.1411111 0.03638417
vn -0.8319116 -0.5281289 0.1703027
vn -0.8398683 -0.5215085 0.1504999
vn -0.4930644 -0.865768 0.08563428
vn -0.1491591 0.9885774 0.021595
vn -0.1471124 0.988885 0.02154768
vn 0.1471128 0.988885 0.0215469
vn 0.1491953 0.9885719 0.02159487
vn -0.2951403 0.9552287 0.02074128
vn -0.2903945 0.9566811 0.02078998
vn 0.2951317 0.9552307 0.02077572
vn 0.2903987 0.9566799 0.02078841
vn 0.5423576 0.8399543 0.01802914
vn 0.4922639 0.7986197 -0.3462409
vn 0.275808 0.8924211 -0.3570918
vn -0.5423585 0.8399537 0.01803007
vn -0.492274 0.7986086 -0.3462522
vn -0.2757946 0.8923966 -0.3571635
vn -0.571276 0.3065304 -0.761369
vn -0.1701555 0.3914718 -0.9043213
vn -0.1190712 0 -0.9928856
vn 0.1701578 0.3914712 -0.9043211
vn -0.5542302 -0.58857 -0.5885698
vn -0.8874829 0.1345123 -0.4407726
vn 0.1190729 0 -0.9928855
vn 0.5712782 0.3065296 -0.7613677
vn 0.5877649 0.7492405 -0.3052392
vn -0.8820347 -0.333178 -0.3331772
vn 0.4259771 0 -0.904734
vn -0.5877631 0.7492415 -0.3052403
vn -0.1777321 0.9041115 -0.388579
vn 0.1777343 0.9041107 -0.3885798
vn -0.492274 0.7986086 -0.3462522
vn -0.2757946 0.8923966 -0.3571635
vn -0.2675292 0.8656479 -0.4231807
vn -0.5377751 0.7552252 -0.3747434
vn 0 0 1
vn -5.2251E-06 0 1
vn -6.460364E-07 0 1
vn -1.358483E-05 0 1
vn -3.363854E-07 0 1
vn -8.389573E-06 0 1
vn 0 0 1
vn 2.594603E-07 0 1
vn -2.090517E-06 0 1
vn 5.69234E-06 0 1
vn 1.40841E-05 0 1
vn 0 0 1
vn 1.575313E-06 0 1
vn 1.275702E-06 0 1
vn -5.271279E-06 0 1
vn 8.29667E-05 0 1
vn 0.0001408562 0 1
vn 0 0 1
vn 0 0 1
vn 0.4259771 0 -0.904734
vn 0.5712782 0.3065296 -0.7613677
vn 0.887483 0.1345122 -0.4407727
vn 0.9910851 0.02945648 -0.129933
vn -0.5877631 0.7492415 -0.3052403
vn -0.2952714 0.9554134 0
vn -0.149269 0.9887966 1.103238E-07
vn -0.5377751 0.7552252 -0.3747434
vn -0.2675292 0.8656479 -0.4231807
vn -0.1777321 0.9041115 -0.388579
vn 0.1777343 0.9041107 -0.3885798
vn 0.1492694 0.9887966 0
vn 0.5877649 0.7492405 -0.3052392
vn 0.2952773 0.9554116 0
vn 0.5377779 0.7552239 -0.3747425
vn 0.2675349 0.8656459 -0.4231811
vn 3.063171E-07 0 1
vn -4.518614E-07 0 1
vn -1.807426E-06 0 1
vn 1.225235E-05 0 1
vn 0 0 1
vn 3.062961E-07 0 1
vn 3.062862E-06 0 1
vn 7.5815E-07 0 1
vn 0 0 1
vn 2.113703E-06 0 1
vn 0 0 1
vn -9.188925E-06 0 1
vn 0.9829691 3.6621E-06 -0.183771
vn -8.591132E-06 1.743926E-07 -1
vn 0.8512776 0.4914819 -0.1837715
vn 0.4914783 0.8512797 -0.1837712
vn 0.8512793 -0.4914786 -0.1837728
vn 0.4914784 -0.8512794 -0.1837731
vn 0 -1 0
vn 0 -0.9807869 0.1950821
vn 0 -0.9807874 0.1950796
vn 0 -1 0
vn 0 -1 0
vn 0 -1 0
vn 0 -0.7071137 0.7070998
vn 0 -0.7071155 0.707098
vn 0 -1 0
vn 0 -1 0
vn 0 -1 0
vn 0 -1 0
vn 0 -1 0
vn 0 -1 0
vn 0 -0.9238798 -0.3826827
vn 0 -0.9238786 -0.3826857
vn 0 -0.9238796 -0.3826832
vn 0 -0.9238784 -0.3826861
vn 0 -1 0
vn 0 -1 0
vn 0 -0.9807851 -0.1950909
vn 0 -0.9807851 -0.1950909
vn 0 -0.707112 -0.7071015
vn 0 -0.707112 -0.7071015
vn 1 0 0
vn 1 0 0
vn 1 0 0
vn 1 0 0
vn 1 0 0
vn 1 0 0
vn 1 -1.565086E-07 0
vn 1 0 0
vn 1 0 0
vn 1 0 0
vn 1 0 0
vn 1 0 0
vn 1 2.775206E-07 0
vn 1 0 0
vn 1 0 0
vn 1 2.540269E-07 0
vn 1 1.778195E-06 0
vn 1 -2.69813E-07 0
vn 1 1.358594E-07 0
vn 1 0 0
vn 1 0 0
vn 1 0 0
vn 1 0 0
vn 1 1.035995E-07 0
vn 1 -1.302099E-07 0
vn 1 1.910994E-06 0
vn 1 2.748969E-07 0
vn 1 1.911111E-06 0
vn 0 0.5046112 0.8633467
vn 0 0.7908297 0.6120362
vn 0 0.7908286 0.6120377
vn 0 0.5046102 0.8633472
vn 0 0.9080748 0.4188079
vn 4.185785E-07 0.9080749 0.4188078
vn 9.207783E-07 0.9389213 0.3441319
vn 1.045099E-06 0.938921 0.3441331
vn 2.012614E-07 0.9846117 0.1747568
vn 0 0.9837168 0.1797252
vn -1.147204E-06 0.9863619 -0.1645914
vn 0 0.9856134 -0.1690156
vn -0.03820433 0.8680504 -0.4950041
vn -0.0261755 0.8331363 -0.552448
vn -0.02111501 0.5444105 -0.8385531
vn 0 0.145177 0.9894057
vn 0 0.5046112 0.8633467
vn 0 0.5046102 0.8633472
vn 0 0.1451776 0.9894056
vn 0 -0.1950912 0.9807851
vn 0 -0.1950912 0.9807851
vn 0 -0.7071155 0.707098
vn 0 -0.7071137 0.7070998
vn 1 4.505101E-07 0
vn 0.9914452 -0.1305232 0
vn 0.9914451 -0.1305245 0
vn 1 0 0
vn 0.9914453 -0.1305227 0
vn 0.005566235 0.9812592 -0.1926121
vn 0.004296484 0.9807978 -0.1949796
vn 0.04384674 0.9990324 0.003431847
vn 0.00202245 0.7078755 -0.7063343
vn 0.04856697 0.998771 0.009885359
vn 0.04782428 0.9988492 0.00362397
vn 0.0526892 0.9984704 0.0167558
vn 0.000715929 0.7094011 -0.7048045
vn 0.0001770256 0.1952445 -0.9807546
vn 0 0.1956132 -0.9806811
vn 0 -0.1950983 -0.9807838
vn 0 -0.1950983 -0.9807838
vn 0 -0.707112 -0.7071015
vn 0 -0.707112 -0.7071015
vn 0.000715929 0.7094011 -0.7048045
vn 0.00202245 0.7078755 -0.7063343
vn -2.587802E-06 0.3619316 -0.9322046
vn -0.02111501 0.5444105 -0.8385531
vn -2.277159E-06 0.5273727 -0.8496341
vn -0.0261755 0.8331363 -0.552448
vn -6.909685E-06 0.361936 -0.9322029
vn -3.613009E-07 0 1
vn -2.914683E-05 0 1
vn 1 0 0
vn 1 0 0
vn 1 0 0
vn 1 0 0
vn 1 0 0
vn 1 0 0
vn -1 0 0
vn -1 0 0
vn -1 0 0
vn -1 0 0
vn -1 0 0
vn -1 0 0
vn -3.471412E-06 0.01590233 -0.9998735
vn -5.429553E-07 0.01590209 -0.9998735
vn 7.405887E-06 0.01590226 -0.9998735
vn 1.158294E-06 0.01590208 -0.9998735
vn 1.798858E-05 0.01590257 -0.9998735
vn -8.432219E-06 0.01590275 -0.9998735
vn 0 1 0
vn 0 1 0
vn 0 1 0
vn 0 1 0
vn 0.2675349 0.8656459 -0.4231811
vn 0.275808 0.8924211 -0.3570918
vn 0.4922639 0.7986197 -0.3462409
vn 0.5377779 0.7552239 -0.3747425
vn -4.483924E-06 -0.00301936 0.9999955
vn 1.50796E-06 -0.003019713 0.9999955
vn 5.739418E-06 -0.003019359 0.9999955
vn 1.469591E-05 -0.003018611 0.9999955
vn -1.178095E-06 -0.003019714 0.9999955
vn -1.148119E-05 -0.003018612 0.9999955
vn 0 0 -1
vn -2.148291E-06 0 -1
vn -5.148671E-06 0 -1
vn 0 0 -1
vn 0 0 -1
vn -4.213513E-07 0 -1
vn 3.779043E-06 0 -1
vn 2.540122E-06 0 -1
vn 0 0 -1
vn 6.00317E-06 0 -1
vn 1.133744E-05 0 -1
vn 1.270018E-06 0 -1
vn 0 0 -1
vn 0 0 -1
vn 0 0 -1
vn 0 0 -1
vn -1.270037E-06 0 -1
vn -6.003404E-06 0 -1
vn -1.133784E-05 0 -1
vn -2.540142E-06 0 -1
vn 0 0 -1
vn 0 0 -1
vn 0 0 -1
vn 0 0 -1
vn -0.8512781 0.491482 -0.1837689
vn -8.591132E-06 1.743926E-07 -1
vn -0.9829696 3.621634E-06 -0.1837679
vn -0.8512794 -0.4914796 -0.1837698
vn -3.459774E-06 0.9829694 -0.1837693
vn -8.591132E-06 1.743926E-07 -1
vn -0.4914819 0.8512781 -0.1837694
vn -0.8512781 0.491482 -0.1837689
vn 0.4914783 0.8512797 -0.1837712
vn -0.4914811 -0.8512779 -0.1837717
vn -8.591132E-06 1.743926E-07 -1
vn -3.449659E-06 -0.9829689 -0.1837721
vn 0.4914784 -0.8512794 -0.1837731
vn -0.8512794 -0.4914796 -0.1837698
vn 1 -1.754544E-07 0
vn -0.3477274 0.6313058 -0.6932091
vn -0.348884 0.9296967 0.1180846
vn 0.348884 0.9296967 0.1180847
vn -0.8802049 0.316103 -0.3540033
vn 0.3477267 0.6313058 -0.6932093
vn 0.8802046 0.3161032 -0.354004
vn 0.3483928 0.4340222 0.8308111
vn -0.348393 0.4340225 0.830811
vn -0.8827897 0.4660241 0.05919413
vn 0.8827894 0.4660245 0.0591941
vn -1 0 0
vn -1 0 0
vn -1 0 0
vn -1 -1.243348E-07 0
vn -1 -3.957662E-07 0
vn -1 -5.305423E-07 0
vn -1 2.090555E-07 0
vn -1 3.052929E-07 0
vn -1 -1.112088E-07 0
vn -1 -2.664614E-07 0
vn -1 0 0
vn -1 0 0
vn -1 -3.056041E-07 0
vn -1 -3.504285E-07 0
vn -1 4.522337E-07 0
vn -1 6.48555E-07 0
vn -1 0 0
vn -1 0 0
vn -1 1.528989E-07 0
vn -1 4.450065E-07 0
vn -1 0 0
vn -1 0 0
vn -1 -1.806024E-07 0
vn -1 0 0
vn -1 0 0
vn -1 1.275328E-07 0
vn 1 0 0
vn 1 0 0
vn 1 0 0
vn 1 0 0
vn 1 0 0
vn 1 0 0
vn 1 0 0
vn 1 0 0
vn 1 0 0
vn 1 0 0
vn 1 0 0
vn 1 0 0
vn 1 0 0
vn 1 0 0
vn 1 0 0
vn 1 0 0
vn 1 0 0
vn 1 0 0
vn 1 0 0
vn 1 0 0
vn 1 -3.1416E-07 0
vn 1 -6.178618E-07 0
vn 1 0 0
vn 1 0 0
vn 1 0 0
vn 1 0 0
vn 0 -0.9425042 -0.3341944
vn 0 -0.9999533 -0.009664315
vn 0 -0.9999533 -0.009664313
vn 0 -0.9425042 -0.3341944
vn 0 -0.8151815 -0.5792056
vn 0 -0.8151815 -0.5792056
vn 0 -0.9585124 0.285051
vn 0 -0.9585122 0.2850513
vn 0 -0.739916 0.6726992
vn 0 -0.7399154 0.6726999
vn -0.2807317 -0.005504718 -0.9597705
vn -0.3490151 0.1601198 -0.9233364
vn 0.3490148 0.1601199 -0.9233365
vn -0.9007038 -0.3355774 -0.2758992
vn 0.2807313 -0.005504727 -0.9597706
vn 0.9007037 -0.3355775 -0.2758995
vn 0.3443294 0.2912557 -0.8925287
vn -0.3443295 0.2912557 -0.8925287
vn -0.8924568 0.1027871 -0.4392672
vn 0.8924566 0.1027872 -0.4392676
vn 0.3477267 0.6313058 -0.6932093
vn -0.3477274 0.6313058 -0.6932091
vn -0.8802049 0.316103 -0.3540033
vn -0.9141502 0.1169679 -0.3881338
vn 0.8802046 0.3161032 -0.354004
vn 0.9141502 0.1169679 -0.3881339
vn 0 0.9766746 -0.2147251
vn 0 0.99891 0.04667799
vn 0 0.99891 0.04667787
vn 0 0.9766744 -0.2147252
vn 0 0.7502307 -0.6611761
vn 0 0.7502307 -0.6611761
vn 0 0.9418161 0.3361286
vn 0 0.9418161 0.3361285
vn 0 0.8027455 0.5963218
vn 0 0.8027458 0.5963215
vn 0 0.3285142 -0.9444991
vn 0 0.1986004 -0.9800806
vn 0 0.1986002 -0.9800806
vn 0 0.3285138 -0.9444991
vn 0 0.3290854 -0.9443001
vn 0 0.3290854 -0.9443001
vn 0 0.7502307 -0.6611761
vn 0 0.7502307 -0.6611761
vn 0 0.469393 -0.8829894
vn 0 0.5665795 -0.8240071
vn 0 0.5665793 -0.8240072
vn 0 0.4693929 -0.8829894
vn 0 0.36614 -0.9305598
vn 0 0.3661402 -0.9305598
vn 0 0.4574776 0.8892211
vn 0 0.1641671 0.9864325
vn 0 0.1641673 0.9864325
vn 0 0.4574768 0.8892215
vn 0 -0.7399154 0.6726999
vn 0 -0.3329006 0.9429619
vn 0 -0.332901 0.9429618
vn 0 -0.739916 0.6726992
vn 0 0.07365588 0.9972837
vn 0 0.07365599 0.9972837
vn 0 0.4718621 0.8816723
vn 0 0.471863 0.8816719
vn -0.348393 0.4340225 0.830811
vn -0.357262 0.01940221 0.9338027
vn 0.3572619 0.01940219 0.9338027
vn 0.3483928 0.4340222 0.8308111
vn 0.3589809 0.08586182 0.9293871
vn -0.3589812 0.08586181 0.929387
vn 0.388866 -0.2673724 0.8816434
vn -0.3888668 -0.2673729 0.8816429
vn 0.9030818 -0.07403114 0.4230396
vn -0.9030824 -0.07403118 0.4230386
vn 0.9154902 0.03813425 0.4005289
vn 0.9161254 0.01053833 0.4007534
vn 0.8804984 0.2160827 0.421937
vn -0.8804987 0.2160825 0.4219365
vn -0.9161254 0.01053835 0.4007532
vn -0.9154904 0.03813424 0.4005286
vn -0.3886162 -0.7935216 0.4682957
vn 0.3886162 -0.7935216 0.4682957
vn 0 0.999014 -0.04439673
vn 0 0.999014 -0.04439672
vn 0 0.999014 -0.04439673
vn 0 0.999014 -0.04439674
vn 0 0.7682164 0.6401902
vn 0 0.7682166 0.6401901
vn 0 0.7682155 0.6401913
vn 0 0.7682154 0.6401914
vn 0 0.471863 0.8816719
vn 0 0.4574776 0.8892211
vn 0 0.4574768 0.8892215
vn 0 0.4718621 0.8816723
vn 0 -0.5259246 0.8505312
vn 0 -0.3691489 0.9293702
vn 0 -0.3691486 0.9293704
vn 0 -0.525924 0.8505315
vn 0 -0.2010053 0.9795902
vn 0 -0.2010054 0.9795902
vn 0 -0.7071196 0.7070939
vn 0 -0.7071193 0.7070942
vn 0 -0.7071206 0.7070929
vn 0 -0.7071209 0.7070926
vn 0 -0.03629704 -0.9993411
vn 0 -0.03629704 -0.9993411
vn 0 -0.03629704 -0.9993411
vn 0 -0.03629704 -0.9993411
vn -0.9141502 0.1169679 -0.3881338
vn -0.8924568 0.1027871 -0.4392672
vn -0.9154904 0.03813424 0.4005286
vn -0.9030824 -0.07403118 0.4230386
vn -0.9161254 0.01053835 0.4007532
vn -0.8802049 0.316103 -0.3540033
vn -0.8804987 0.2160825 0.4219365
vn -0.8827897 0.4660241 0.05919413
vn -0.348884 0.9296967 0.1180846
vn -0.9007038 -0.3355774 -0.2758992
vn -0.9027057 -0.3944993 0.1717343
vn -0.3886162 -0.7935216 0.4682957
vn -0.348393 0.4340225 0.830811
vn -0.3888668 -0.2673729 0.8816429
vn 0 -0.9993922 0.03486115
vn 0 -0.9993922 0.03486145
vn 0 -0.9993922 0.03486134
vn 0 -0.9993922 0.03486105
vn 0 -0.999436 0.03358282
vn 0 -0.999436 0.03358222
vn 0 -0.9994358 0.03358401
vn 0 -0.9994358 0.03358461
vn 0.8804984 0.2160827 0.421937
vn 0.8802046 0.3161032 -0.354004
vn 0.8827894 0.4660245 0.0591941
vn 0.348884 0.9296967 0.1180847
vn 0.9161254 0.01053833 0.4007534
vn 0.9141502 0.1169679 -0.3881339
vn 0.9154902 0.03813425 0.4005289
vn 0.8924566 0.1027872 -0.4392676
vn 0.9030818 -0.07403114 0.4230396
vn 0.9007037 -0.3355775 -0.2758995
vn 0.9027057 -0.3944997 0.1717341
vn 0.3483928 0.4340222 0.8308111
vn 0.3886162 -0.7935216 0.4682957
vn 0.388866 -0.2673724 0.8816434
vn -0.3886162 -0.7935216 0.4682957
vn -0.9027057 -0.3944993 0.1717343
vn -0.9007038 -0.3355774 -0.2758992
vn -0.2572826 -0.9593367 0.1160979
vn 0.2572825 -0.9593368 0.1160979
vn 0.3886162 -0.7935216 0.4682957
vn 0.9007037 -0.3355775 -0.2758995
vn 0.9027057 -0.3944997 0.1717341
vn -0.923893 0.3826512 0
vn -0.9054292 0.3001667 -0.3001632
vn -0.895297 -0.2873078 -0.3404371
vn -0.9285354 -0.348977 -0.1266371
vn -0.9238924 0.3826523 0
vn -0.9129111 -0.3307283 -0.2391909
vn -0.9238929 0.3826514 0
vn -0.8746333 -0.4159883 -0.2489385
vn -0.9054316 0.3001647 0.3001578
vn -0.9153641 -0.2628118 0.3050221
vn -0.3650312 -0.869541 -0.332642
vn -0.4053494 -0.6502335 0.6425638
vn 0.3826825 0.9238799 0
vn -0.3827146 0.9238666 0
vn -0.3827156 0.9238662 0
vn 0.3826856 0.9238786 0
vn -0.9238924 0.3826523 0
vn 0.382686 0.9238785 0
vn -0.3913884 0.6506998 0.6506959
vn -0.9054316 0.3001647 0.3001578
vn 0.3913637 0.6507067 0.6507037
vn -0.3827158 0.9238661 0
vn -0.923893 0.3826512 0
vn -0.9054292 0.3001667 -0.3001632
vn 0.2879822 0.9576358 0
vn -0.3913885 0.6507004 -0.650695
vn -0.9238929 0.3826514 0
vn 0.9054119 0.3001933 0.3001887
vn 0.9153487 -0.2628385 0.3050453
vn 0.8746168 -0.4160163 -0.2489495
vn 0.9238808 0.3826806 0
vn 0.9128982 -0.3307511 -0.2392082
vn 0.9238793 0.3826839 0
vn 0.928524 -0.3490032 -0.1266486
vn 0.9238805 0.382681 0
vn 0.8952798 -0.2873301 -0.3404638
vn 0.9054114 0.3001921 -0.3001915
vn 0.382686 0.9238785 0
vn 0.3913637 0.6507067 0.6507037
vn 0.3826825 0.9238799 0
vn 0.3826856 0.9238786 0
vn 0.2879822 0.9576358 0
vn 0.3650052 -0.8695503 -0.332646
vn 0.4053302 -0.6502409 0.6425685
vn 0.3763902 -0.5791587 -0.7231221
vn 0.2879869 0 -0.9576343
vn -0.3650312 -0.869541 -0.332642
vn -0.3196197 -0.7372914 -0.5951846
vn 0.3195883 -0.7373001 -0.5951906
vn -0.8746333 -0.4159883 -0.2489385
vn 0.3650052 -0.8695503 -0.332646
vn -0.4053494 -0.6502335 0.6425638
vn 0.4053302 -0.6502409 0.6425685
vn 0.3666849 -0.8627752 -0.3480821
vn -0.3667171 -0.8627638 -0.3480764
vn -0.9129111 -0.3307283 -0.2391909
vn -0.3764134 -0.5791531 -0.7231146
vn 0.3763902 -0.5791587 -0.7231221
vn 0.8952798 -0.2873301 -0.3404638
vn -0.9285354 -0.348977 -0.1266371
vn -0.895297 -0.2873078 -0.3404371
vn 0.9128982 -0.3307511 -0.2392082
vn 0.928524 -0.3490032 -0.1266486
vn 0.8746168 -0.4160163 -0.2489495
vn 0.3913637 0.6507067 0.6507037
vn -0.3913884 0.6506998 0.6506959
vn -0.4053494 -0.6502335 0.6425638
vn 0.4053302 -0.6502409 0.6425685
vn 0.9153487 -0.2628385 0.3050453
vn 0.9054119 0.3001933 0.3001887
vn -0.9153641 -0.2628118 0.3050221
vn -0.9054316 0.3001647 0.3001578
vn -0.3913885 0.6507004 -0.650695
vn 0.2879869 0 -0.9576343
vn 0.3763902 -0.5791587 -0.7231221
vn -0.3764134 -0.5791531 -0.7231146
vn -0.9054292 0.3001667 -0.3001632
vn -0.895297 -0.2873078 -0.3404371
vn 0 0 1
vn 0 0 1
vn 0 0 1
vn 0 0 1
vn 0 0 -1
vn 0 0 -1
vn 0 0 -1
vn 0 0 -1
vn -1 0 0
vn -1 0 0
vn -1 0 0
vn -1 0 0
vn 0 1 0
vn 0 1 0
vn 0 1 0
vn 0 1 0
vn 0 -1 0
vn 0 -1 0
vn 0 -1 0
vn 0 -1 0
vn 1 0 0
vn 1 0 0
vn 1 0 0
vn 1 0 0
vn -3.179839E-06 0 1
vn 0 0 1
vn -2.112081E-06 0 1
vn -5.925561E-07 0 1
vn 0 0 1
vn -6.320241E-07 0 1
vn -1.101078E-06 0 1
vn 3.104648E-06 0 1
vn -1.028492E-06 0 1
vn 0 0 1
vn 5.868324E-07 0 1
vn -3.104647E-06 0 1
vn 1.028494E-06 0 1
vn -1.056044E-06 0 1
vn -3.386054E-07 0 1
vn -1.817063E-06 0 1
vn 0 0 1
vn 0 0 1
vn 4.542711E-07 0 1
vn 0 0 1
vn 7.934198E-07 0 1
vn 1.264049E-06 0 1
vn 1.028502E-06 0 1
vn 0 0 1
vn 2.589698E-06 0 -1
vn -4.647915E-07 0 -1
vn -2.131465E-06 0 -1
vn 0 0 -1
vn 2.33305E-06 0 -1
vn 9.198221E-06 0 -1
vn -1.82591E-06 0 -1
vn -1.296243E-06 0 -1
vn 0 0 -1
vn 0 0 -1
vn -1.29624E-06 0 -1
vn 0 0 -1
vn 0 0 -1
vn 0 0 -1
vn -3.057355E-06 0 -1
vn -2.131492E-06 0 -1
vn -1.296246E-06 0 -1
vn 0 0 -1
vn 0 0 -1
vn 0 0 -1
vn -2.589629E-06 0 -1
vn -1.231405E-06 0 -1
vn -2.137889E-06 0 -1
vn 1.942166E-06 0 -1
vn -0.5000004 0.8660251 0
vn 0 1 0
vn 0 1 0
vn -0.5000013 0.8660247 0
vn -0.8660247 0.5000013 0
vn -0.8660251 0.5000006 0
vn 0.5000011 0.8660247 0
vn 0.5000005 0.8660251 0
vn 0 -1 9.818737E-07
vn -0.4999948 -0.8660285 0
vn -0.5000002 -0.8660253 1.830819E-06
vn 0 -1 4.643512E-06
vn 0.5 -0.8660254 1.830818E-06
vn 0.4999948 -0.8660284 0
vn -0.8660253 -0.5000004 0
vn -0.8660244 -0.5000016 0
vn 0.5000005 0.8660251 0
vn 0.8660284 0.4999949 0
vn 0.8660287 0.4999942 0
vn 0.5000011 0.8660247 0
vn 1 0 0
vn 1 0 0
vn 0.8660284 -0.4999948 0
vn 0.8660287 -0.4999942 0
vn 0.4999948 -0.8660284 0
vn 0.5 -0.8660254 1.830818E-06
vn -0.8660244 -0.5000016 0
vn -1 -2.258836E-07 0
vn -1 0 0
vn -0.8660253 -0.5000004 0
vn -0.8660251 0.5000006 0
vn -0.8660247 0.5000013 0
vn 0.866025 -0.5000008 0
vn 0.4999988 -0.8660262 0
vn 0.4999987 -0.866026 0
vn 0.8660248 -0.500001 0
vn 1 9.379079E-07 0
vn 1 5.794405E-07 0
vn 0.8660244 0.5000016 0
vn 0.8660248 0.500001 0
vn 0.500002 0.8660243 0
vn 0.5000024 0.8660241 0
vn -1 7.513084E-07 0
vn -0.8660247 0.5000012 0
vn -0.866025 0.5000008 0
vn -1 7.709504E-07 0
vn -0.8660248 -0.500001 0
vn -0.8660248 -0.500001 0
vn -0.4999977 -0.8660267 0
vn -0.8660248 -0.500001 0
vn -0.8660248 -0.500001 0
vn -0.4999979 -0.8660267 0
vn 7.807699E-07 -1 0
vn 7.51307E-07 -1 0
vn 0.4999988 -0.8660262 0
vn 0.4999987 -0.866026 0
vn 7.562187E-07 1 0
vn 0.500002 0.8660243 0
vn 0.5000024 0.8660241 0
vn 7.660397E-07 1 0
vn -0.5000007 0.8660251 0
vn -0.500001 0.8660248 0
vn -0.8660247 0.5000012 0
vn -0.866025 0.5000008 0
vn 0.3617811 -0.2088728 -0.908563
vn 0.2088726 -0.3617829 -0.9085622
vn 0.2088745 -0.3617817 -0.9085624
vn 0.3617837 -0.2088711 -0.9085624
vn 0.4177426 4.218795E-07 -0.9085654
vn 0 -0.4177522 -0.908561
vn 0 -0.4177532 -0.9085606
vn 0.4177406 2.248993E-07 -0.9085664
vn 0.3617737 0.2088738 -0.9085657
vn 0.3617764 0.2088735 -0.9085647
vn 0.2088733 0.3617817 -0.9085625
vn 0.2088774 0.3617808 -0.9085619
vn 2.600397E-07 0.417746 -0.9085639
vn 1.855441E-07 0.4177454 -0.9085641
vn -0.2088692 0.3617784 -0.9085649
vn -0.2088729 -0.361781 -0.908563
vn -0.2088723 -0.3617798 -0.9085635
vn -0.3617743 -0.2088728 -0.9085656
vn -0.3617722 -0.2088737 -0.9085663
vn -0.4177452 8.939745E-07 -0.9085642
vn -0.4177468 1.368257E-06 -0.9085634
vn -0.3617775 0.2088737 -0.9085641
vn -0.3617794 0.2088733 -0.9085634
vn -0.2088693 0.3617786 -0.9085647
vn 0.2644277 -0.1526678 0.952245
vn 0.1526651 -0.2644271 0.9522455
vn 0.1526635 -0.2644278 0.9522457
vn 0.264428 -0.1526666 0.9522451
vn 0.3053374 0 0.9522442
vn 0 -0.3053347 0.9522451
vn 0 -0.3053351 0.952245
vn 0.3053383 -1.72528E-07 0.9522439
vn 0.2644343 0.1526663 0.9522434
vn 0.2644367 0.1526667 0.9522426
vn 0.1526675 0.2644309 0.9522442
vn 0.1526647 0.2644318 0.9522445
vn 0 0.3053358 0.9522446
vn 0 0.3053351 0.952245
vn -0.1526679 0.2644294 0.9522445
vn -0.1526614 -0.2644261 0.9522465
vn -0.1526622 -0.2644258 0.9522464
vn -0.2644272 -0.1526677 0.9522452
vn -0.264428 -0.1526666 0.9522451
vn -0.3053374 0 0.9522442
vn -0.3053383 0 0.9522439
vn -0.264429 0.1526665 0.9522448
vn -0.2644287 0.1526677 0.9522448
vn -0.1526689 0.2644286 0.9522446
vn -0.4999996 0.8660256 0
vn 0 1 0
vn 0 1 0
vn -0.4999996 0.8660256 0
vn -0.8660253 0.5000002 0
vn -0.8660258 0.4999994 -1.147841E-07
vn 0.5000023 0.8660242 0
vn 0.5000022 0.8660241 0
vn 0 -1 0
vn -0.4999995 -0.8660257 3.443511E-07
vn -0.4999969 -0.8660272 0
vn 0 -1 0
vn 0.500002 -0.8660243 2.869614E-07
vn 0.4999995 -0.8660258 0
vn -0.8660243 -0.500002 1.493631E-07
vn -0.8660259 -0.4999992 4.65018E-07
vn 0.5000022 0.8660241 0
vn 0.8660269 0.4999974 -1.147848E-07
vn 0.8660272 0.4999969 0
vn 0.5000023 0.8660242 0
vn 1 2.749883E-07 1.14784E-07
vn 1 1.001744E-06 0
vn 0.8660259 -0.4999992 1.450406E-07
vn 0.8660274 -0.4999966 4.320013E-07
vn 0.500002 -0.8660243 2.869614E-07
vn 0.4999995 -0.8660258 0
vn -0.8660259 -0.4999992 4.65018E-07
vn -1 1.178522E-06 0
vn -1 0 0
vn -0.8660243 -0.500002 1.493631E-07
vn -0.8660258 0.4999994 -1.147841E-07
vn -0.8660253 0.5000002 0
vn 0.8660258 -0.4999993 0
vn 0.4999987 -0.8660262 0
vn 0.4999991 -0.866026 0
vn 0.8660258 -0.4999993 0
vn 1 1.041027E-06 0
vn 1 7.7586E-07 0
vn 0.8660256 0.4999996 0
vn 0.8660258 0.4999993 0
vn 0.5000018 0.8660244 0
vn 0.5000018 0.8660244 0
vn -1 6.580078E-07 0
vn -0.866026 0.4999991 0
vn -0.8660258 0.4999995 0
vn -1 1.134327E-06 0
vn -0.8660259 -0.4999991 0
vn -0.866026 -0.4999991 0
vn -0.4999974 -0.8660269 0
vn -0.8660259 -0.4999991 0
vn -0.866026 -0.4999991 0
vn -0.4999978 -0.8660267 0
vn 3.290037E-07 -1 0
vn 2.995408E-07 -1 0
vn 0.4999987 -0.8660262 0
vn 0.4999991 -0.866026 0
vn 9.477291E-07 1 0
vn 0.5000018 0.8660244 0
vn 0.5000018 0.8660244 0
vn 9.428188E-07 1 0
vn -0.500001 0.8660248 0
vn -0.500001 0.8660248 0
vn -0.866026 0.4999991 0
vn -0.8660258 0.4999995 0
vn 0.1408369 -0.08131137 -0.9866881
vn 0.08131324 -0.1408363 -0.986688
vn 0.08131335 -0.1408362 -0.986688
vn 0.140836 -0.08131088 -0.9866882
vn 0.1626219 0 -0.9866884
vn 1.022712E-07 -0.1626234 -0.9866882
vn 0 -0.1626232 -0.9866882
vn 0.162623 0 -0.9866883
vn 0.1408381 0.08131125 -0.986688
vn 0.1408333 0.081311 -0.9866887
vn 0.08131289 0.1408357 -0.9866881
vn 0.08131288 0.1408359 -0.9866881
vn -2.201685E-06 0.1626229 -0.9866883
vn 1.505571E-06 0.1626225 -0.9866883
vn -0.08131465 0.1408353 -0.9866881
vn -0.08131117 -0.1408359 -0.9866882
vn -0.08131091 -0.1408357 -0.9866883
vn -0.140835 -0.0813116 -0.9866883
vn -0.1408352 -0.08131111 -0.9866883
vn -0.1626231 -1.107939E-07 -0.9866882
vn -0.1626218 -2.242555E-07 -0.9866884
vn -0.1408375 0.08131109 -0.9866881
vn -0.1408318 0.08131181 -0.9866888
vn -0.0813105 0.1408352 -0.9866884
vn -0.6819022 -0.2624327 -0.6827434
vn 2.109963E-06 -0.2615403 -0.9651926
vn 3.460293E-06 0.003195962 -0.9999949
vn -0.7071061 0.002260367 -0.7071038
vn 0.681902 -0.2624419 -0.6827401
vn 0.6872777 -0.2329903 -0.6880152
vn 0.7071083 0.002260406 -0.7071015
vn -2.681618E-07 -0.2320765 -0.9726976
vn 0.7071087 0.002258947 -0.7071013
vn -0.6872728 -0.2329822 -0.6880227
vn -0.7071033 0.002259041 -0.7071066
vn 7.39295E-07 0.003195544 -0.9999949
vn -4.415213E-07 -0.003195134 0.9999949
vn 1.251419E-06 -0.2382806 0.9711963
vn 0.6872836 -0.2373685 0.6865111
vn -0.6872795 -0.2373603 0.6865181
vn -0.6819016 -0.2667773 0.681058
vn 0.7071109 -0.002258672 0.707099
vn 0.6818993 -0.266789 0.6810557
vn 3.833124E-06 -0.2676928 0.9635044
vn -0.7071068 -0.00225562 0.7071031
vn 0.7071091 -0.002255635 0.7071008
vn 3.28578E-06 -0.003185625 0.999995
vn -0.7071065 -0.002258597 0.7071034
vn 0.9719518 -0.2351786 -0.0007509998
vn 0.9643542 -0.2646134 -0.0008499547
vn 0.681902 -0.2624419 -0.6827401
vn 0.6872777 -0.2329903 -0.6880152
vn 1 6.94043E-07 -6.386607E-06
vn 0.7071109 -0.002258672 0.707099
vn 0.6872836 -0.2373685 0.6865111
vn 0.6818993 -0.266789 0.6810557
vn 0.7071087 0.002258947 -0.7071013
vn 1 5.264769E-07 -4.20989E-06
vn 0.7071091 -0.002255635 0.7071008
vn 0.7071083 0.002260406 -0.7071015
vn -0.9643547 -0.2646117 -0.0008449413
vn -0.6819022 -0.2624327 -0.6827434
vn -0.7071061 0.002260367 -0.7071038
vn -1 4.931057E-07 -3.665684E-06
vn -0.6819016 -0.2667773 0.681058
vn -0.6872795 -0.2373603 0.6865181
vn -0.9719523 -0.2351769 -0.0007481574
vn -0.7071065 -0.002258597 0.7071034
vn -0.6872728 -0.2329822 -0.6880227
vn -1 8.116868E-07 -6.653609E-06
vn -0.7071033 0.002259041 -0.7071066
vn -0.7071068 -0.00225562 0.7071031
vn -3.717368E-06 -0.9999949 -0.00319981
vn 3.717445E-06 -0.9999949 -0.003197576
vn -3.717432E-06 -0.9999949 -0.003198502
vn -2.230452E-05 -0.9999949 -0.003193421
vn 0 -0.9999949 -0.003216903
vn 3.717379E-06 -0.9999949 -0.003198885
vn 0 -0.9999948 -0.003230307
vn 2.230452E-05 -0.9999949 -0.003193421
vn -1.079037E-06 0.9999949 0.003207069
vn 1.635575E-06 0.9999949 0.003205585
vn 0 0.9999949 0.00319735
vn -6.474162E-06 0.9999949 0.003198803
vn 6.493078E-06 0.999995 0.003191574
vn -7.870594E-07 0.9999949 0.003212538
vn -1.020735E-06 0.9999949 0.003209214
vn 5.681552E-06 0.9999949 0.003223045
vn 0.9703459 -0.2417174 -0.0012505
vn 0.3276398 -0.8327454 0.4463038
vn 0.93218 -0.3619902 -0.001869241
vn 1 -1.770266E-07 0
vn 1 0 0
vn 1 0 0
vn 1 0 0
vn 0.9363188 -0.3511039 0.005754033
vn 0.4207715 -0.8704148 0.2555963
vn 0.9442654 -0.3291394 0.005481455
vn 0.4419381 -0.8627777 0.2455714
vn 1 0 0
vn 0.9519752 -0.3061031 0.006641708
vn 0.4264925 -0.8951033 0.1299784
vn 0.4317714 -0.8913373 -0.1381708
vn 1 0 0
vn 0.9530795 -0.3023301 -0.01536335
vn 1 0 0
vn 0.3985231 -0.8927033 -0.2103809
vn 0.9511413 -0.3058659 0.04214546
vn 1 0 0
vn 0.6871724 -0.6858929 -0.2394679
vn 1 -9.684339E-07 0
vn 1 -4.199501E-07 0
vn 1 0 0
vn 1 -2.940073E-07 0
vn 1 -2.683288E-07 0
vn 1 0 0
vn 1 -2.540269E-07 0
vn 1 0 0
vn 1 -1.778195E-06 0
vn -0.7706683 0.6331374 -0.07216208
vn -0.7689268 0.6259173 -0.1303034
vn -0.8163005 0.5625575 -0.1310821
vn -0.8163875 0.5651305 -0.1189066
vn -0.8200765 0.5699317 -0.0515029
vn -0.9341935 0.3567612 -0.002032275
vn -0.9703557 0.2416786 0.001124716
vn -1 0 0
vn -1 0 0
vn -1 -4.195137E-07 0
vn -1 -2.014874E-07 0
vn -1 -1.213919E-07 0
vn -1 -2.871035E-07 0
vn -1 -1.111257E-07 0
vn -0.9507122 0.3098527 -0.01173713
vn -1 -4.620024E-07 0
vn -0.9382732 0.3458846 -0.002701117
vn -0.756243 0.6340431 -0.1615113
vn -1 -2.064529E-06 0
vn -0.8297079 0.5555273 0.05453692
vn -0.9544397 0.2984036 -0.00030971
vn -1 0 0
vn -1 0 0
vn -1 0 0
vn -1 0 0
vn -1 1.70085E-07 0
vn -1 0 0
vn -1 1.700899E-07 0
vn -1 2.040916E-06 0
vn -1 0 0
vn -1 0 0
vn -0.7582027 0.6516603 -0.0216218
vn -0.9859503 0.1646048 -0.02841449
vn 0.3276398 -0.8327454 0.4463038
vn -0.009101049 -0.488732 0.8723865
vn -0.01018039 -0.5470704 0.8370247
vn -0.003463506 -0.1862195 0.982502
vn -0.01611797 -0.8663942 0.4991005
vn -0.003381406 -0.1820065 0.9832916
vn 0.007053143 0.3787981 0.9254524
vn 0.007193558 0.3865362 0.9222463
vn 0.0185976 0.9998271 0
vn 0.01859767 0.9998271 0
vn 0.01859771 0.9998271 0
vn 0.01859764 0.9998271 0
vn 0.0185977 0.9998271 0
vn 0.01859767 0.9998271 0
vn 0.01859765 0.9998271 0
vn 0.0185977 0.9998271 0
vn 0.01859773 0.9998271 0
vn 0.01859774 0.9998271 0
vn 0.01823842 0.9805356 -0.195492
vn 0.01824204 0.9807114 -0.1946082
vn 0.01319044 0.7093045 -0.7047789
vn 0.01310808 0.7047734 -0.7093114
vn 0.01859775 0.9998271 0
vn 0.01719142 0.9244053 0.3810241
vn 0.01717046 0.923078 0.3842293
vn 0.007193558 0.3865362 0.9222463
vn 0.007053143 0.3787981 0.9254524
vn 0.01310808 0.7047734 -0.7093114
vn 0.00358881 0.1928637 -0.981219
vn 0.003669471 0.1973101 -0.9803342
vn 0.01319044 0.7093045 -0.7047789
vn -0.002674287 -0.1434968 -0.9896472
vn -0.002735636 -0.1468606 -0.9891533
vn -0.009362669 -0.5024965 -0.8645285
vn -0.009434527 -0.5066578 -0.8620957
vn -0.01470742 -0.7900947 -0.6128084
vn -0.01472679 -0.7913835 -0.6111426
vn 0.4207715 -0.8704148 0.2555963
vn 0.3276398 -0.8327454 0.4463038
vn -0.01611797 -0.8663942 0.4991005
vn -0.01758812 -0.945264 0.3258324
vn 0.4419381 -0.8627777 0.2455714
vn -0.01758599 -0.945179 0.326079
vn 0.4264925 -0.8951033 0.1299784
vn -0.01835987 -0.9867917 0.1609498
vn -0.01832946 -0.9851691 -0.1706048
vn 0.4317714 -0.8913373 -0.1381708
vn -0.01743508 -0.9372002 -0.3483558
vn 0.3985231 -0.8927033 -0.2103809
vn -0.01692817 -0.9101281 -0.4139811
vn 0.6871724 -0.6858929 -0.2394679
vn -0.01621439 -0.8711864 -0.4906844
vn -0.01621535 -0.8711867 -0.4906841
vn -0.01470742 -0.7900947 -0.6128084
vn -0.01472679 -0.7913835 -0.6111426
vn -0.9544397 0.2984036 -0.00030971
vn -0.9859503 0.1646048 -0.02841449
vn -0.7582027 0.6516603 -0.0216218
vn 1 2.514177E-06 0
vn 1 2.612389E-06 0
vn 0.8660274 -0.4999965 3.316881E-07
vn 0.8660271 -0.499997 2.941992E-07
vn 0.4999963 -0.8660275 5.598848E-07
vn 0.4999961 -0.8660277 5.098996E-07
vn 0.8660297 0.4999926 -3.319364E-07
vn 0.8660259 0.4999992 -1.070091E-07
vn 0.5000031 0.8660237 -2.49921E-07
vn 0.5000054 0.8660223 -2.999015E-07
vn -0.8660276 -0.4999963 2.806978E-07
vn -1 2.65167E-06 0
vn -1 2.798985E-06 0
vn -0.866026 0.4999989 -3.829311E-07
vn -0.8660268 -0.4999976 2.931936E-07
vn -0.8660296 0.4999928 -1.080149E-07
vn -2.720416E-06 1 0
vn -2.759718E-06 1 -6.1188E-07
vn 0.5000054 0.8660223 -2.999015E-07
vn -0.5000076 0.866021 -5.998151E-07
vn 0.5000031 0.8660237 -2.49921E-07
vn -0.5000056 0.8660221 0
vn -0.8660296 0.4999928 -1.080149E-07
vn -0.866026 0.4999989 -3.829311E-07
vn -0.4999985 -0.8660262 5.099051E-07
vn -0.499999 -0.866026 5.099055E-07
vn -0.8660276 -0.4999963 2.806978E-07
vn -2.386505E-06 -1 6.118802E-07
vn -0.8660268 -0.4999976 2.931936E-07
vn -2.779344E-06 -1 6.1188E-07
vn 0.4999961 -0.8660277 5.098996E-07
vn 0.4999963 -0.8660275 5.598848E-07
vn -0.19621 -0.02882867 -0.980138
vn -0.19509 -0.02883379 -0.9803615
vn 0.1950902 -0.02883379 -0.9803613
vn 0.1962101 -0.02882871 -0.980138
vn 0.1952508 -0.0234243 -0.9804736
vn -0.1952506 -0.02342431 -0.9804736
vn 0.2249947 0.377947 -0.8980721
vn -0.2249946 0.377947 -0.8980721
vn -0.2116342 0.8984736 -0.3846506
vn -0.7145564 0.2515568 -0.652785
vn -0.7066395 -0.01611877 -0.7073901
vn -0.707104 -0.02078874 -0.7068039
vn -0.712808 -0.02061914 -0.7010561
vn -0.6921956 0.6804734 -0.2404604
vn 0.71456 0.2515551 -0.6527818
vn 0.7066448 -0.01611866 -0.7073848
vn 0.7071092 -0.02078857 -0.7067987
vn 0.7128136 -0.02061907 -0.7010505
vn 0.2116342 0.8984736 -0.3846507
vn 0.6921993 0.6804702 -0.2404586
vn -0.1949328 0.1994732 -0.9603185
vn -0.2228934 0.5273041 -0.8199202
vn 0.2228931 0.5273043 -0.81992
vn 0.1949328 0.1994732 -0.9603185
vn -0.7153994 0.3581156 -0.599964
vn -0.7059822 0.1440188 -0.6934318
vn 0.715403 0.3581135 -0.599961
vn 0.7059875 0.1440176 -0.6934266
vn 0.1948224 0.1798735 -0.9642041
vn -0.1948223 0.1798735 -0.9642043
vn -0.195096 0.1829368 -0.9635724
vn -0.7082742 0.1315791 -0.6935666
vn -0.7058231 0.1298738 -0.6963811
vn 0.1950957 0.1829368 -0.9635724
vn 0.7082796 0.131578 -0.6935614
vn -0.2002905 0.3329622 -0.9214228
vn -0.7275868 0.2332125 -0.6451585
vn 0.7058284 0.1298727 -0.6963758
vn 0.2002906 0.3329622 -0.9214228
vn -0.2240902 0.8467742 -0.4824491
vn -0.7957951 0.5333135 -0.2868568
vn 0.7275925 0.2332105 -0.6451527
vn 0.2240904 0.8467741 -0.4824491
vn 0.795801 0.5333065 -0.2868533
vn -0.1945147 -0.4491381 0.8720316
vn -0.2163477 -0.2194218 0.95134
vn 0.2163479 -0.2194218 0.9513399
vn -0.702279 -0.3276362 0.6320275
vn 0.1945151 -0.4491381 0.8720315
vn -0.1983868 -0.4123811 0.8891482
vn -0.7118092 -0.2955191 0.6371783
vn 0.7022848 -0.3276335 0.6320224
vn 0.1917309 0.4180049 0.8879815
vn -0.1917307 0.4180048 0.8879817
vn 0.1983866 -0.4123812 0.8891482
vn -0.1987206 -0.3123291 0.9289567
vn -0.7030323 -0.2278026 0.6736852
vn 0.7118144 -0.2955167 0.6371735
vn 0.1987206 -0.3123291 0.9289567
vn 0.7030371 -0.2278011 0.6736805
vn 0.1984179 -0.107676 0.9741849
vn -0.7309523 0.293274 0.6161972
vn 0.7309611 0.2932698 0.6161889
vn 0.7627915 -0.1446281 0.6302635
vn -0.1984176 -0.107676 0.9741849
vn -0.2156739 0.2943501 0.9310439
vn -0.7104688 0.1976777 0.6753945
vn -0.702621 -0.07674285 0.7074139
vn 0.2156741 0.2943501 0.9310438
vn 0.7104728 0.1976761 0.6753907
vn 0.2146332 0.7526709 0.62243
vn -0.2146334 0.7526708 0.6224301
vn -0.7088436 0.5537878 0.436875
vn 0.702626 -0.0767422 0.7074089
vn 0.7088475 0.553785 0.4368723
vn -0.7627857 -0.1446292 0.6302701
vn -0.1917307 0.4180048 0.8879817
vn -0.1338601 0.6775326 0.7232088
vn 0.1338603 0.6775326 0.7232088
vn 0.1917309 0.4180049 0.8879815
vn -0.5100791 0.5880584 0.6276994
vn -0.7309523 0.293274 0.6161972
vn 0.510083 0.5880566 0.6276979
vn 0.7309611 0.2932698 0.6161889
vn -0.2116342 0.8984736 -0.3846506
vn -0.2240902 0.8467742 -0.4824491
vn 0.2240904 0.8467741 -0.4824491
vn 0.2116342 0.8984736 -0.3846507
vn 0.6921993 0.6804702 -0.2404586
vn 0.795801 0.5333065 -0.2868533
vn -0.6921956 0.6804734 -0.2404604
vn -0.7957951 0.5333135 -0.2868568
vn -0.9787567 0.1997527 -0.04619947
vn -0.9790134 0.2027141 0.02097006
vn -0.6992931 0.7106565 0.07717946
vn -0.6992978 0.6844822 0.2060743
vn -0.7153292 0.6662294 -0.210814
vn -0.9787754 0.09081995 -0.1837134
vn -0.7153994 0.3581156 -0.599964
vn -0.7059822 0.1440188 -0.6934318
vn -0.9805573 0.03988061 -0.1921378
vn -0.9790125 0.1948455 0.05974748
vn -0.9793879 -0.02023991 0.2009718
vn -0.9784179 0.1696304 0.1179991
vn -0.7088436 0.5537878 0.436875
vn -0.9788269 0.04645696 0.1993484
vn -0.702621 -0.07674285 0.7074139
vn -0.7104688 0.1976777 0.6753945
vn -0.9794589 -0.0658448 0.1905908
vn -0.9805351 0.03594898 -0.1930251
vn -0.9814256 -0.08071643 0.1740358
vn -0.7058231 0.1298738 -0.6963811
vn -0.7118092 -0.2955191 0.6371783
vn -0.7030323 -0.2278026 0.6736852
vn -0.702279 -0.3276362 0.6320275
vn -0.9810402 0.03598461 -0.1904345
vn -0.7082742 0.1315791 -0.6935666
vn -0.979572 -0.09447517 0.1775198
vn -0.9843792 0.05999959 -0.1655224
vn -0.7275868 0.2332125 -0.6451585
vn -0.7627857 -0.1446292 0.6302701
vn -0.9933035 0.09922738 -0.05917827
vn -0.9889949 -0.02926401 0.1450268
vn -0.9879543 0.05195175 0.1457649
vn -0.7957951 0.5333135 -0.2868568
vn -0.9700126 0.2398529 -0.03931915
vn -1 0 0
vn -1 0 0
vn -1 0 0
vn -0.9288813 0.2532238 0.2702912
vn -0.9818931 -0.005568353 -0.1893539
vn -0.7309523 0.293274 0.6161972
vn -0.9807848 -0.005736222 -0.1950083
vn -0.9805189 -0.003499934 -0.1963935
vn -0.707104 -0.02078874 -0.7068039
vn -0.9786311 0.062833 -0.1957885
vn -0.7066395 -0.01611877 -0.7073901
vn -0.712808 -0.02061914 -0.7010561
vn -0.6921956 0.6804734 -0.2404604
vn -0.7145564 0.2515568 -0.652785
vn -0.5100791 0.5880584 0.6276994
vn 0.9917228 0.1283327 -0.004087827
vn 0.9914206 -0.1306445 0.00416158
vn 0.9914744 -0.130236 0.004149319
vn 0.9916703 0.1287373 -0.004100588
vn 0.8691075 0.4943723 -0.01574682
vn 0.8662296 -0.4993929 0.01590761
vn 0.8658706 -0.5000144 0.01592618
vn 0.8687539 0.4949929 -0.01576668
vn 0.5052503 0.8625354 -0.02747399
vn 0.5002201 -0.8654594 0.02756781
vn 0.4998601 -0.8656672 0.027573
vn 0.5048869 0.8627478 -0.02748049
vn 0.9843804 0.0599974 -0.1655162
vn 0.9810416 0.03598326 -0.1904273
vn 0.9795735 -0.09447159 0.177513
vn 0.7275925 0.2332105 -0.6451527
vn 0.9933041 0.09922341 -0.05917606
vn 0.795801 0.5333065 -0.2868533
vn 0.9700149 0.2398443 -0.03931751
vn 0.9814271 -0.08071324 0.1740292
vn 0.9805366 0.03594777 -0.1930179
vn 0.9889956 -0.02926347 0.1450218
vn 1 -1.315585E-07 0
vn 1 0 0
vn 0.9879556 0.05194883 0.1457572
vn 0.7627915 -0.1446281 0.6302635
vn 0.7022848 -0.3276335 0.6320224
vn 0.7118144 -0.2955167 0.6371735
vn 0.9807863 -0.005735956 -0.195001
vn 0.9805203 -0.003500143 -0.1963864
vn 0.9786327 0.06282998 -0.1957811
vn 0.7071092 -0.02078857 -0.7067987
vn 0.7066448 -0.01611866 -0.7073848
vn 0.9818946 -0.005568217 -0.1893464
vn 1 0 0
vn 0.9288861 0.2532152 0.2702824
vn 0.7128136 -0.02061907 -0.7010505
vn 0.7309611 0.2932698 0.6161889
vn 0.71456 0.2515551 -0.6527818
vn 0.6921993 0.6804702 -0.2404586
vn 0.510083 0.5880566 0.6276979
vn 0.9794604 -0.06584236 0.1905836
vn 0.7030371 -0.2278011 0.6736805
vn 0.702626 -0.0767422 0.7074089
vn 0.9793895 -0.02023898 0.2009641
vn 0.9805587 0.03987915 -0.1921307
vn 0.9790142 0.1948374 0.05974581
vn 0.9784197 0.1696239 0.1179946
vn 0.9788285 0.04645523 0.199341
vn 0.7104728 0.1976761 0.6753907
vn 0.7088475 0.553785 0.4368723
vn 0.6993021 0.684478 0.2060736
vn 0.9790151 0.2027058 0.02096842
vn 0.978777 0.09081618 -0.1837064
vn 0.7059875 0.1440176 -0.6934266
vn 0.7058284 0.1298727 -0.6963758
vn 0.6992976 0.7106521 0.07717814
vn 0.9787585 0.1997444 -0.04619758
vn 0.715333 0.6662259 -0.2108124
vn 0.7082796 0.131578 -0.6935614
vn 0.715403 0.3581135 -0.599961
vn -0.7153292 0.6662294 -0.210814
vn -0.6992931 0.7106565 0.07717946
vn -0.1951449 0.9749092 0.1071006
vn -0.2228494 0.9190736 -0.3250259
vn 0.1951449 0.9749092 0.1071006
vn 0.2228495 0.9190737 -0.3250258
vn 0.2228931 0.5273043 -0.81992
vn 0.715333 0.6662259 -0.2108124
vn 0.6992976 0.7106521 0.07717814
vn 0.715403 0.3581135 -0.599961
vn 0.6993021 0.684478 0.2060736
vn -0.7153994 0.3581156 -0.599964
vn -0.2228934 0.5273041 -0.8199202
vn -0.6992978 0.6844822 0.2060743
vn -0.1951505 0.9394863 0.2815704
vn 0.1951504 0.9394861 0.2815706
vn 0.2146332 0.7526709 0.62243
vn -0.2146334 0.7526708 0.6224301
vn -0.7088436 0.5537878 0.436875
vn 0.7088475 0.553785 0.4368723
vn -0.8658701 -0.5000154 0.0159266
vn -0.8662286 -0.4993944 0.01590788
vn -0.5002227 -0.8654578 0.02756777
vn -0.499863 -0.8656656 0.02757297
vn -0.1305687 -0.9909367 0.03156445
vn -0.1305142 -0.9909438 0.03156397
vn 0.130516 -0.9909436 0.03156365
vn 0.1305705 -0.9909365 0.03156412
vn 0.4998601 -0.8656672 0.027573
vn 0.5002201 -0.8654594 0.02756781
vn 0.1325014 0.9906804 -0.03155587
vn 0.5052503 0.8625354 -0.02747399
vn 0.5048869 0.8627478 -0.02748049
vn 0.1324461 0.9906878 -0.0315555
vn -0.1324997 0.9906806 -0.0315556
vn -0.1324443 0.990688 -0.03155571
vn -0.5048898 0.8627463 -0.02748059
vn -0.5052528 0.8625339 -0.02747383
vn -0.8691066 0.4943741 -0.01574696
vn -0.8687533 0.494994 -0.01576683
vn -0.9916694 0.1287435 -0.004100812
vn -0.9917219 0.1283392 -0.004087816
vn -0.9914734 -0.1302428 0.004149478
vn -0.5052528 0.8625339 -0.02747383
vn -0.5048898 0.8627463 -0.02748059
vn -0.9914198 -0.1306508 0.00416186
vn -0.8662286 -0.4993944 0.01590788
vn -0.8658701 -0.5000154 0.0159266
vn 0 0 1
vn 0 0 1
vn 0 0 1
vn 0 0 1
vn 5.908817E-06 -0.9998379 -0.01800245
vn 2.12652E-06 -0.999838 -0.01800065
vn 9.67516E-06 -0.9998379 -0.01800367
vn 6.689002E-07 -0.999838 -0.01799997
vn -6.688992E-07 -0.999838 -0.0179999
vn -2.126505E-06 -0.999838 -0.01800091
vn -5.90876E-06 -0.9998379 -0.01800247
vn -9.675239E-06 -0.9998379 -0.01800519
vn -9.105677E-07 -0.9998379 -0.01800238
vn 9.105743E-07 -0.9998379 -0.01800245
vn -9.398922E-07 -0.9998379 -0.01800682
vn -6.477953E-06 -0.9998379 -0.01800273
vn 9.398984E-07 -0.9998379 -0.01800759
vn 6.477898E-06 -0.999838 -0.01800125
vn -1.569039E-06 0.03435005 0.9994098
vn 1.405976E-06 0.03435088 0.9994098
vn -2.573761E-07 0.03434971 0.9994099
vn 7.030956E-07 0.03435008 0.9994098
vn 1.367304E-06 0.03434905 0.9994099
vn -2.112749E-05 0.03436575 0.9994093
vn 5.903656E-06 0.03435764 0.9994096
vn -1.056387E-05 0.03432843 0.9994106
vn 0 0.03434692 0.9994099
vn 0 0.03434696 0.9994099
vn 0 0.0343467 0.9994099
vn 0 0.03434672 0.9994099
vn 0 0.03434772 0.9994099
vn 0 0.03435459 0.9994097
vn 0 0.03434751 0.9994099
vn 0 0.03435471 0.9994097
vn -3.430652E-07 -0.03434691 -0.9994099
vn 3.430632E-07 -0.0343469 -0.9994099
vn -8.919048E-07 -0.03434668 -0.9994099
vn 1.131204E-06 -0.0343467 -0.9994099
vn 2.755516E-06 -0.03434761 -0.9994099
vn 1.040169E-05 -0.03435453 -0.9994097
vn -1.569081E-06 -0.03434807 -0.9994099
vn 1.406005E-06 -0.03434774 -0.9994099
vn -2.494836E-06 -0.03434764 -0.9994099
vn -7.801427E-06 -0.03435432 -0.9994097
vn 2.228508E-07 -0.03435098 -0.9994098
vn 6.432011E-06 -0.03434506 -0.99941
vn -5.281901E-06 -0.03435805 -0.9994096
vn 7.030967E-07 -0.03435074 -0.9994098
vn 1.367326E-06 -0.03434885 -0.9994099
vn -2.112798E-05 -0.0343413 -0.9994102
vn 1 0 0
vn 1 0 0
vn 1 0 0
vn 1 0 0
vn 0 0 -1
vn 0 0 -1
vn 0 0 -1
vn 0 0 -1
vn 0 1 0
vn 0 1 0
vn 0 1 0
vn 0 1 0
vn -1 0 0
vn -1 0 0
vn -1 0 0
vn -1 0 0
vn 0 -1 0
vn 0 -1 0
vn 0 -1 0
vn 0 -1 0
vn 0 -1 0
vn 0 -1 0
vn 0 -1 0
vn 0 -1 0
vn -1 0 0
vn -1 0 0
vn -1 0 0
vn -1 0 0
vn 0 1 0
vn 0 1 0
vn 0 1 0
vn 0 1 0
vn 0 0 -1
vn 0 0 -1
vn 0 0 -1
vn 0 0 -1
vn 0 0 1
vn 0 0 1
vn 0 0 1
vn 0 0 1
vn 1 0 0
vn 1 0 0
vn 1 0 0
vn 1 0 0

vt 0.969662 0.61623
vt 0.969662 0.647802
vt 0.97321 0.647802
vt 0.969662 0.651838
vt 0.97321 0.61623
vt 0.97321 0.651838
vt 0.97321 0.664136
vt 0.969662 0.664136
vt 0.97321 0.61422
vt 0.969662 0.61422
vt 0.969662 0.610518
vt 0.97321 0.610518
vt 0.985839 0.885377
vt 0.985839 0.880098
vt 0.984116 0.880352
vt 0.984116 0.885311
vt 0.984116 0.888301
vt 0.984116 0.871529
vt 0.985839 0.870705
vt 0.985839 0.888915
vt 0.962495 0.04596
vt 0.962495 0.058257
vt 0.964903 0.058257
vt 0.964903 0.045961
vt 0.964903 0.041926
vt 0.962495 0.041925
vt 0.962495 0.010358
vt 0.964903 0.010359
vt 0.964903 0.008349
vt 0.962495 0.008348
vt 0.962495 0.004647
vt 0.964903 0.004648
vt 0.983395 0.091964
vt 0.983395 0.095514
vt 0.985803 0.095515
vt 0.985803 0.091965
vt 0.988247 0.888916
vt 0.988247 0.885378
vt 0.985839 0.885377
vt 0.985839 0.888915
vt 0.964903 0.045961
vt 0.964903 0.058257
vt 0.966633 0.057155
vt 0.966633 0.04533
vt 0.964903 0.041926
vt 0.966633 0.041449
vt 0.966633 0.011093
vt 0.964903 0.010359
vt 0.966633 0.00916
vt 0.964903 0.008349
vt 0.966633 0.005601
vt 0.964903 0.004648
vt 0.985803 0.091965
vt 0.985803 0.095515
vt 0.987534 0.094796
vt 0.987534 0.091797
vt 0.987534 0.077179
vt 0.985803 0.076124
vt 0.825102 0.827838
vt 0.825112 0.83154
vt 0.826839 0.830553
vt 0.826829 0.826993
vt 0.920654 0.129052
vt 0.925626 0.129052
vt 0.924632 0.118592
vt 0.920654 0.117225
vt 0.917657 0.129052
vt 0.917656 0.117225
vt 0.926065 0.113344
vt 0.920654 0.113344
vt 0.917656 0.113344
vt 0.920653 0.082983
vt 0.917655 0.082983
vt 0.934473 0.118717
vt 0.934473 0.129052
vt 0.934933 0.082983
vt 0.920653 0.08105
vt 0.917655 0.08105
vt 0.920652 0.07749
vt 0.935224 0.08105
vt 0.917655 0.07749
vt 0.935265 0.07749
vt 0.37545 0.628041
vt 0.37545 0.631742
vt 0.377858 0.631743
vt 0.377858 0.628042
vt 0.377858 0.626031
vt 0.37545 0.626031
vt 0.37545 0.594462
vt 0.377858 0.594462
vt 0.377858 0.590427
vt 0.37545 0.590426
vt 0.37545 0.578129
vt 0.377858 0.57813
vt 0.995355 0.039999
vt 0.993629 0.040883
vt 0.993629 0.051218
vt 0.995355 0.052296
vt 0.933289 0.53502
vt 0.949123 0.53502
vt 0.94908 0.531319
vt 0.933289 0.531319
vt 0.94877 0.529308
vt 0.933289 0.529308
vt 0.939329 0.497736
vt 0.93329 0.497736
vt 0.938584 0.493701
vt 0.93329 0.493701
vt 0.93329 0.481402
vt 0.938584 0.481402
vt 0.948002 0.493701
vt 0.948002 0.481402
vt 0.82511 0.79006
vt 0.825114 0.794107
vt 0.826838 0.794558
vt 0.144218 0.985931
vt 0.14249 0.984779
vt 0.142488 0.994626
vt 0.825114 0.794107
vt 0.825099 0.825823
vt 0.826827 0.825055
vt 0.825099 0.825823
vt 0.825102 0.827838
vt 0.826829 0.826993
vt 0.826827 0.825055
vt 0.82511 0.79006
vt 0.826838 0.794558
vt 0.826839 0.789288
vt 0.144218 0.985931
vt 0.142488 0.994626
vt 0.144218 0.995353
vt 0.825114 0.794107
vt 0.826827 0.825055
vt 0.826838 0.794558
vt 0.989411 0.541421
vt 0.989411 0.522651
vt 0.986483 0.522651
vt 0.986483 0.541421
vt 0.278776 0.984445
vt 0.275931 0.984435
vt 0.275931 0.994431
vt 0.278776 0.994441
vt 0.654245 0.986924
vt 0.657174 0.986924
vt 0.657174 0.968153
vt 0.654245 0.968153
vt 0.266641 0.984437
vt 0.263757 0.984435
vt 0.263757 0.994432
vt 0.266641 0.994434
vt 0.988587 0.828378
vt 0.978596 0.828405
vt 0.978596 0.846643
vt 0.988587 0.846615
vt 0.301871 0.965747
vt 0.291881 0.96579
vt 0.291881 0.984044
vt 0.301871 0.984002
vt 0.848059 0.761695
vt 0.852696 0.75934
vt 0.842103 0.74651
vt 0.838491 0.751062
vt 0.837407 0.747211
vt 0.854684 0.764189
vt 0.850104 0.766516
vt 0.852225 0.794142
vt 0.846598 0.797001
vt 0.858528 0.794482
vt 0.859813 0.764465
vt 0.85808 0.75963
vt 0.847418 0.744409
vt 0.841214 0.742412
vt 0.851287 0.695359
vt 0.852977 0.745235
vt 0.862872 0.762753
vt 0.864118 0.767271
vt 0.863817 0.797929
vt 0.857263 0.818015
vt 0.852593 0.741085
vt 0.856446 0.692782
vt 0.846763 0.740219
vt 0.866675 0.696498
vt 0.862078 0.693199
vt 0.866675 0.80356
vt 0.866335 0.809865
vt 0.86289 0.815157
vt 0.845671 0.814229
vt 0.85096 0.817676
vt 0.842814 0.808598
vt 0.843153 0.802292
vt 0.848059 0.614574
vt 0.838491 0.625207
vt 0.842103 0.629759
vt 0.837407 0.629058
vt 0.852696 0.616929
vt 0.847418 0.63186
vt 0.841214 0.633857
vt 0.851287 0.68091
vt 0.856446 0.683488
vt 0.846763 0.63605
vt 0.852593 0.635185
vt 0.862078 0.683071
vt 0.866675 0.679772
vt 0.854684 0.61208
vt 0.85808 0.616639
vt 0.852977 0.631034
vt 0.850104 0.609753
vt 0.862872 0.613516
vt 0.859813 0.611804
vt 0.852226 0.582126
vt 0.846598 0.579267
vt 0.858528 0.581787
vt 0.864118 0.608998
vt 0.863817 0.57834
vt 0.843153 0.573976
vt 0.842814 0.56767
vt 0.845671 0.562039
vt 0.866675 0.572709
vt 0.866336 0.566403
vt 0.857263 0.558253
vt 0.85096 0.558592
vt 0.86289 0.561112
vt 0.868386 0.944694
vt 0.868398 0.914022
vt 0.863887 0.914023
vt 0.863875 0.944695
vt 0.868398 0.914022
vt 0.868354 0.909385
vt 0.863842 0.909386
vt 0.863887 0.914023
vt 0.868334 0.950249
vt 0.868386 0.944694
vt 0.863875 0.944695
vt 0.863822 0.95025
vt 0.131019 0.988381
vt 0.131005 0.983215
vt 0.126492 0.983213
vt 0.126506 0.98838
vt 0.679982 0.973579
vt 0.680025 0.978524
vt 0.684537 0.978525
vt 0.684494 0.97358
vt 0.680025 0.978524
vt 0.680025 0.984175
vt 0.684537 0.984175
vt 0.684537 0.978525
vt 0.976485 0.257052
vt 0.976485 0.246062
vt 0.971973 0.246079
vt 0.971973 0.257068
vt 0.931492 0.209796
vt 0.931489 0.240386
vt 0.936001 0.24039
vt 0.936004 0.2098
vt 0.777455 0.80612
vt 0.77749 0.753303
vt 0.772978 0.753315
vt 0.772943 0.806132
vt 0.931478 0.205389
vt 0.931492 0.209796
vt 0.936004 0.2098
vt 0.93599 0.205393
vt 0.77749 0.809869
vt 0.777455 0.80612
vt 0.772943 0.806132
vt 0.772978 0.809881
vt 0.131005 0.983215
vt 0.131005 0.976925
vt 0.126493 0.976923
vt 0.126492 0.983213
vt 0.931365 0.188696
vt 0.931478 0.205389
vt 0.93599 0.205393
vt 0.935878 0.1887
vt 0.931521 0.139037
vt 0.931361 0.184588
vt 0.935873 0.184592
vt 0.936033 0.139041
vt 0.131005 0.976925
vt 0.131019 0.971196
vt 0.126506 0.971195
vt 0.126493 0.976923
vt 0.868398 0.96194
vt 0.868338 0.956562
vt 0.863827 0.956563
vt 0.863887 0.961941
vt 0.931361 0.184588
vt 0.931365 0.188696
vt 0.935878 0.1887
vt 0.935873 0.184592
vt 0.931489 0.240386
vt 0.931521 0.245777
vt 0.936033 0.245781
vt 0.936001 0.24039
vt 0.868338 0.956562
vt 0.868334 0.950249
vt 0.863822 0.95025
vt 0.863827 0.956563
vt 0.931521 0.245777
vt 0.931517 0.25209
vt 0.936029 0.252094
vt 0.936033 0.245781
vt 0.931517 0.25209
vt 0.931478 0.257634
vt 0.93599 0.257638
vt 0.936029 0.252094
vt 0.680025 0.984175
vt 0.679982 0.989017
vt 0.684494 0.989017
vt 0.684537 0.984175
vt 0.885533 0.1221
vt 0.908366 0.1221
vt 0.908366 0.004648
vt 0.885533 0.004647
vt 0.985097 0.504245
vt 0.985097 0.481403
vt 0.981871 0.481402
vt 0.981871 0.504244
vt 0.884844 0.332419
vt 0.907677 0.332418
vt 0.907677 0.214964
vt 0.884844 0.214964
vt 0.9825 0.610518
vt 0.9825 0.633289
vt 0.985726 0.63329
vt 0.985726 0.610519
vt 0.182305 0.811703
vt 0.179079 0.811703
vt 0.179079 0.929146
vt 0.182305 0.929147
vt 0.939304 0.558254
vt 0.936077 0.558253
vt 0.936077 0.675688
vt 0.939304 0.675689
vt 0.86623 0.98557
vt 0.86623 0.989119
vt 0.867961 0.988273
vt 0.867961 0.985324
vt 0.867961 0.975299
vt 0.86623 0.974898
vt 0.867961 0.971859
vt 0.86623 0.971236
vt 0.974105 0.129742
vt 0.974105 0.115486
vt 0.970557 0.115486
vt 0.970557 0.129742
vt 0.970557 0.076124
vt 0.974105 0.076124
vt 0.863822 0.985569
vt 0.863822 0.989119
vt 0.86623 0.989119
vt 0.86623 0.98557
vt 0.37545 0.515221
vt 0.37545 0.554579
vt 0.377858 0.55458
vt 0.377858 0.515222
vt 0.377858 0.568835
vt 0.37545 0.568834
vt 0.963966 0.472108
vt 0.963966 0.457854
vt 0.961558 0.457853
vt 0.961558 0.472107
vt 0.961558 0.418498
vt 0.963966 0.418498
vt 0.332607 0.824724
vt 0.332607 0.821186
vt 0.330199 0.821185
vt 0.330199 0.824724
vt 0.569257 0.936682
vt 0.56631 0.936689
vt 0.566345 0.950126
vt 0.556664 0.937336
vt 0.566209 0.89834
vt 0.558477 0.898236
vt 0.569293 0.950118
vt 0.556325 0.950152
vt 0.552804 0.937594
vt 0.569293 0.898084
vt 0.552886 0.950161
vt 0.961558 0.457853
vt 0.959826 0.457731
vt 0.959826 0.471165
vt 0.961558 0.472107
vt 0.959828 0.419136
vt 0.945218 0.916355
vt 0.934551 0.916355
vt 0.936723 0.955717
vt 0.945218 0.955717
vt 0.934551 0.902099
vt 0.93089 0.902099
vt 0.945218 0.902099
vt 0.93089 0.916355
vt 0.330199 0.821185
vt 0.328478 0.821024
vt 0.328479 0.82408
vt 0.825099 0.880226
vt 0.826826 0.880697
vt 0.826826 0.841575
vt 0.330199 0.821185
vt 0.330199 0.812712
vt 0.328478 0.813303
vt 0.961558 0.457853
vt 0.961558 0.418498
vt 0.959828 0.419136
vt 0.994687 0.704185
vt 0.994687 0.689929
vt 0.992963 0.690897
vt 0.992963 0.703461
vt 0.563677 0.342216
vt 0.563676 0.345867
vt 0.565397 0.345223
vt 0.330199 0.821185
vt 0.328479 0.82408
vt 0.330199 0.824724
vt 0.825099 0.880226
vt 0.826826 0.841575
vt 0.825102 0.840834
vt 0.330199 0.821185
vt 0.328478 0.813303
vt 0.328478 0.821024
vt 0.563677 0.342216
vt 0.565397 0.345223
vt 0.565397 0.341392
vt 0.476889 0.978335
vt 0.476889 0.961261
vt 0.459934 0.961262
vt 0.459934 0.978336
vt 0.670693 0.990542
vt 0.670693 0.973581
vt 0.666732 0.973579
vt 0.666732 0.990541
vt 0.989589 0.435518
vt 0.989589 0.418499
vt 0.985628 0.418498
vt 0.985628 0.435517
vt 0.877795 0.973013
vt 0.877795 0.990085
vt 0.881756 0.990086
vt 0.881756 0.973014
vt 0.985775 0.2006
vt 0.989735 0.2006
vt 0.989735 0.183638
vt 0.985775 0.183637
vt 0.569759 0.959455
vt 0.552804 0.959455
vt 0.552804 0.976529
vt 0.569759 0.976529
vt 0.191595 0.745735
vt 0.255552 0.745749
vt 0.238628 0.728546
vt 0.208519 0.728539
vt 0.193862 0.737135
vt 0.200057 0.730841
vt 0.253285 0.737149
vt 0.24709 0.730852
vt 0.255552 0.785475
vt 0.191595 0.785461
vt 0.208519 0.802401
vt 0.238628 0.802408
vt 0.24709 0.800141
vt 0.193862 0.79393
vt 0.200057 0.80013
vt 0.253285 0.793943
vt 0.890068 0.193156
vt 0.890054 0.184074
vt 0.885533 0.18407
vt 0.885547 0.193152
vt 0.890122 0.199821
vt 0.903939 0.194513
vt 0.903887 0.188196
vt 0.903874 0.179587
vt 0.890092 0.142155
vt 0.90391 0.139857
vt 0.885571 0.142151
vt 0.890122 0.133227
vt 0.903939 0.131395
vt 0.885601 0.133223
vt 0.885601 0.199817
vt 0.949208 0.811131
vt 0.949183 0.802624
vt 0.93541 0.803452
vt 0.935436 0.812427
vt 0.949314 0.817439
vt 0.93089 0.803443
vt 0.949251 0.772501
vt 0.935482 0.77167
vt 0.930962 0.771661
vt 0.935548 0.819083
vt 0.930916 0.812419
vt 0.949314 0.764075
vt 0.935548 0.76278
vt 0.931028 0.762772
vt 0.931028 0.819075
vt 0.095956 0.747327
vt 0.082143 0.745482
vt 0.082193 0.752003
vt 0.077623 0.745481
vt 0.096003 0.753508
vt 0.095939 0.738864
vt 0.082125 0.736553
vt 0.077604 0.736553
vt 0.095939 0.699134
vt 0.082125 0.694634
vt 0.077604 0.694634
vt 0.095956 0.690526
vt 0.082143 0.685552
vt 0.077623 0.685552
vt 0.096004 0.68421
vt 0.082193 0.678889
vt 0.077672 0.678889
vt 0.077672 0.752003
vt 0.16076 0.907742
vt 0.160725 0.899249
vt 0.147009 0.898015
vt 0.147046 0.906977
vt 0.147046 0.938761
vt 0.142526 0.906977
vt 0.142488 0.898016
vt 0.16076 0.937868
vt 0.147009 0.947667
vt 0.142526 0.938762
vt 0.160725 0.946309
vt 0.142488 0.947668
vt 0.332921 0.715799
vt 0.265435 0.715775
vt 0.315063 0.733606
vt 0.283293 0.733595
vt 0.267827 0.724683
vt 0.274364 0.731206
vt 0.332921 0.674015
vt 0.265435 0.673991
vt 0.330529 0.724705
vt 0.323992 0.731223
vt 0.283293 0.655907
vt 0.267827 0.664947
vt 0.274364 0.658327
vt 0.315063 0.655918
vt 0.330529 0.664969
vt 0.323992 0.658345
vt 0.514551 0.079275
vt 0.514551 0.134758
vt 0.545679 0.13478
vt 0.50576 0.134797
vt 0.54568 0.079298
vt 0.514551 0.033647
vt 0.50576 0.079315
vt 0.49924 0.134917
vt 0.554387 0.134832
vt 0.54568 0.033669
vt 0.554387 0.079349
vt 0.514551 0.004647
vt 0.50576 0.033686
vt 0.49924 0.079435
vt 0.505758 0.141752
vt 0.514549 0.141712
vt 0.545678 0.141734
vt 0.499239 0.141871
vt 0.554385 0.141786
vt 0.554384 0.151154
vt 0.514548 0.15108
vt 0.505757 0.15112
vt 0.499237 0.15124
vt 0.50576 0.004686
vt 0.499241 0.033806
vt 0.499241 0.004806
vt 0.499241 0.343696
vt 0.50576 0.343365
vt 0.514551 0.343248
vt 0.545677 0.151103
vt 0.54568 0.34327
vt 0.554387 0.343399
vt 0.172108 0.738229
vt 0.105973 0.738206
vt 0.154607 0.75568
vt 0.123474 0.755669
vt 0.114723 0.753327
vt 0.108317 0.746935
vt 0.172108 0.697282
vt 0.105973 0.697259
vt 0.169763 0.746957
vt 0.163358 0.753344
vt 0.123474 0.679536
vt 0.108317 0.688395
vt 0.114723 0.681908
vt 0.154607 0.679547
vt 0.169763 0.688416
vt 0.163358 0.681925
vt 0.416669 0.34515
vt 0.425412 0.34506
vt 0.425232 0.152452
vt 0.416489 0.152252
vt 0.425292 0.14308
vt 0.368683 0.34576
vt 0.368919 0.151283
vt 0.374036 0.142014
vt 0.365142 0.141854
vt 0.359788 0.345895
vt 0.360024 0.151124
vt 0.35326 0.346036
vt 0.353496 0.15105
vt 0.41655 0.14288
vt 0.381697 0.135212
vt 0.42539 0.136124
vt 0.372802 0.135052
vt 0.416648 0.135924
vt 0.425399 0.0806
vt 0.385115 0.079758
vt 0.416657 0.0804
vt 0.425407 0.034938
vt 0.376221 0.079598
vt 0.369693 0.079524
vt 0.416665 0.034738
vt 0.374492 0.033879
vt 0.425412 0.005917
vt 0.365598 0.033719
vt 0.35907 0.033646
vt 0.416669 0.005717
vt 0.37562 0.004881
vt 0.366726 0.004721
vt 0.360198 0.004647
vt 0.366274 0.134979
vt 0.103083 0.898095
vt 0.103083 0.929663
vt 0.133199 0.929662
vt 0.133199 0.898094
vt 0.397478 0.924592
vt 0.397478 0.890864
vt 0.37653 0.890864
vt 0.397478 0.882936
vt 0.37653 0.924593
vt 0.394756 0.936995
vt 0.378486 0.936996
vt 0.37653 0.882936
vt 0.204883 0.837001
vt 0.197166 0.830293
vt 0.191595 0.839587
vt 0.201091 0.845274
vt 0.192897 0.849794
vt 0.220553 0.811703
vt 0.230169 0.816902
vt 0.228423 0.811798
vt 0.204568 0.847553
vt 0.198345 0.859574
vt 0.208995 0.854786
vt 0.217172 0.883274
vt 0.230169 0.881439
vt 0.226172 0.884617
vt 0.27845 0.215708
vt 0.284976 0.215624
vt 0.277315 0.208822
vt 0.270789 0.208906
vt 0.286209 0.208659
vt 0.293869 0.215461
vt 0.328723 0.207793
vt 0.328662 0.19842
vt 0.337466 0.207597
vt 0.337564 0.214553
vt 0.328821 0.214749
vt 0.337573 0.270077
vt 0.297288 0.270916
vt 0.32883 0.270273
vt 0.328837 0.315936
vt 0.33758 0.31574
vt 0.337585 0.344762
vt 0.288394 0.271079
vt 0.286665 0.316795
vt 0.328842 0.344958
vt 0.277771 0.316958
vt 0.287793 0.345794
vt 0.278899 0.345957
vt 0.272373 0.346041
vt 0.34397 0.344583
vt 0.343965 0.315561
vt 0.343958 0.269898
vt 0.281868 0.271163
vt 0.271245 0.317042
vt 0.343949 0.214374
vt 0.343851 0.207418
vt 0.337405 0.198224
vt 0.34379 0.198045
vt 0.337585 0.005614
vt 0.34397 0.005647
vt 0.328842 0.00552
vt 0.280856 0.00491
vt 0.281091 0.199389
vt 0.271961 0.004779
vt 0.272197 0.199552
vt 0.265435 0.004647
vt 0.265671 0.199636
vt 0.612956 0.898085
vt 0.582839 0.898084
vt 0.582839 0.929653
vt 0.612956 0.929653
vt 0.057801 0.928869
vt 0.078749 0.92887
vt 0.078749 0.895141
vt 0.057801 0.936798
vt 0.057801 0.895141
vt 0.076027 0.882738
vt 0.059757 0.882738
vt 0.078749 0.936798
vt 0.742741 0.548882
vt 0.742741 0.355501
vt 0.710445 0.355495
vt 0.750808 0.548947
vt 0.710445 0.548876
vt 0.750808 0.355566
vt 0.862947 0.828621
vt 0.875926 0.830495
vt 0.871934 0.82731
vt 0.854782 0.857038
vt 0.844147 0.852222
vt 0.850362 0.864244
vt 0.838707 0.861969
vt 0.846889 0.866509
vt 0.837407 0.872156
vt 0.850676 0.874781
vt 0.84297 0.881453
vt 0.866324 0.90009
vt 0.875926 0.89493
vt 0.874182 0.900021
vt 0.449957 0.216128
vt 0.449947 0.271672
vt 0.481079 0.271668
vt 0.481089 0.216124
vt 0.45004 0.209055
vt 0.481223 0.317137
vt 0.450091 0.317141
vt 0.441314 0.317179
vt 0.489946 0.317174
vt 0.481225 0.346159
vt 0.450093 0.346162
vt 0.441316 0.3462
vt 0.489948 0.346195
vt 0.481172 0.209051
vt 0.481225 0.199603
vt 0.489948 0.19964
vt 0.481127 0.004647
vt 0.44117 0.27171
vt 0.449995 0.004651
vt 0.450093 0.199607
vt 0.441316 0.199645
vt 0.441218 0.004767
vt 0.48985 0.004762
vt 0.441263 0.209093
vt 0.44118 0.216166
vt 0.434784 0.209195
vt 0.434701 0.216268
vt 0.434837 0.199747
vt 0.489895 0.209088
vt 0.489812 0.216161
vt 0.489802 0.271704
vt 0.899746 0.963719
vt 0.899746 0.933591
vt 0.877795 0.933584
vt 0.877795 0.963711
vt 0.710297 0.558253
vt 0.710297 0.751621
vt 0.740165 0.751631
vt 0.700088 0.558323
vt 0.740165 0.558263
vt 0.746177 0.75173
vt 0.746177 0.558362
vt 0.700088 0.751691
vt 0.630435 0.928725
vt 0.630435 0.958855
vt 0.652388 0.958859
vt 0.652388 0.928729
vt 0.391668 0.976969
vt 0.391668 0.993246
vt 0.395243 0.993247
vt 0.395243 0.97697
vt 0.133197 0.880897
vt 0.13319 0.847277
vt 0.129614 0.847277
vt 0.133199 0.834696
vt 0.129621 0.880897
vt 0.124876 0.875581
vt 0.129623 0.888799
vt 0.129623 0.834695
vt 0.12487 0.847276
vt 0.114292 0.847275
vt 0.114298 0.875579
vt 0.109548 0.847274
vt 0.109556 0.880894
vt 0.105973 0.847274
vt 0.109558 0.834692
vt 0.105982 0.834692
vt 0.10598 0.880894
vt 0.105982 0.888796
vt 0.109558 0.888797
vt 0.133199 0.8888
vt 0.541736 0.962274
vt 0.52934 0.96423
vt 0.52934 0.980509
vt 0.541736 0.983233
vt 0.751323 0.915663
vt 0.751323 0.947129
vt 0.773278 0.947137
vt 0.773278 0.91567
vt 0.142517 0.847063
vt 0.142517 0.880788
vt 0.146092 0.880789
vt 0.142517 0.888715
vt 0.146092 0.847064
vt 0.146063 0.834693
vt 0.150835 0.875458
vt 0.150835 0.847065
vt 0.161412 0.87546
vt 0.146092 0.888716
vt 0.142488 0.834692
vt 0.161412 0.847067
vt 0.166155 0.847068
vt 0.166155 0.880793
vt 0.169731 0.880794
vt 0.166155 0.88872
vt 0.169731 0.847069
vt 0.169702 0.834698
vt 0.166127 0.834697
vt 0.169731 0.888721
vt 0.827313 0.900473
vt 0.825401 0.900473
vt 0.825401 0.922438
vt 0.827313 0.922438
vt 0.684747 0.273904
vt 0.618618 0.273857
vt 0.667248 0.291655
vt 0.636118 0.291633
vt 0.620963 0.28274
vt 0.627368 0.289247
vt 0.684747 0.225945
vt 0.618618 0.225897
vt 0.682403 0.282784
vt 0.675998 0.289282
vt 0.636118 0.208419
vt 0.620963 0.217154
vt 0.627368 0.210756
vt 0.667248 0.208441
vt 0.675998 0.210791
vt 0.682403 0.217197
vt 0.735563 0.981657
vt 0.735563 0.960697
vt 0.727639 0.960697
vt 0.740908 0.981613
vt 0.727639 0.981657
vt 0.740908 0.960654
vt 0.342211 0.913266
vt 0.342211 0.944831
vt 0.364163 0.944836
vt 0.364163 0.913272
vt 0.690799 0.751652
vt 0.690799 0.558253
vt 0.686856 0.558263
vt 0.686855 0.751662
vt 0.678438 0.558255
vt 0.678438 0.751654
vt 0.644405 0.558256
vt 0.644405 0.751655
vt 0.701156 0.548958
vt 0.701156 0.355562
vt 0.692375 0.355513
vt 0.692374 0.548909
vt 0.681337 0.355496
vt 0.681337 0.548892
vt 0.651075 0.355495
vt 0.651075 0.548891
vt 0.644405 0.548948
vt 0.644405 0.355552
vt 0.54568 0.004669
vt 0.554387 0.033721
vt 0.554387 0.004721
vt 0.924 0.548907
vt 0.924 0.355509
vt 0.918913 0.355495
vt 0.918913 0.548894
vt 0.922072 0.332419
vt 0.922072 0.139038
vt 0.916966 0.139037
vt 0.916966 0.332418
vt 0.786779 0.980285
vt 0.795705 0.971339
vt 0.788665 0.973222
vt 0.786779 0.976499
vt 0.791933 0.971334
vt 0.800859 0.976517
vt 0.798972 0.973236
vt 0.798972 0.983579
vt 0.800859 0.980303
vt 0.795705 0.985468
vt 0.791933 0.985463
vt 0.788665 0.983566
vt 0.115311 0.973088
vt 0.104975 0.983432
vt 0.117203 0.980154
vt 0.117203 0.976367
vt 0.108251 0.985326
vt 0.112035 0.985326
vt 0.115311 0.983433
vt 0.108251 0.971195
vt 0.103083 0.980153
vt 0.103083 0.976367
vt 0.104975 0.973088
vt 0.112035 0.971195
vt 0.894426 0.856391
vt 0.890767 0.8564
vt 0.889118 0.859935
vt 0.894437 0.859922
vt 0.898078 0.8564
vt 0.894437 0.917873
vt 0.899746 0.859936
vt 0.899746 0.917886
vt 0.898078 0.924265
vt 0.894426 0.924256
vt 0.889118 0.917886
vt 0.890767 0.924265
vt 0.894426 0.82731
vt 0.898078 0.827319
vt 0.890767 0.827319
vt 0.885215 0.917922
vt 0.888082 0.924289
vt 0.92291 0.564648
vt 0.921242 0.558273
vt 0.91759 0.558281
vt 0.92391 0.558253
vt 0.9176 0.564659
vt 0.912282 0.564648
vt 0.913931 0.558274
vt 0.911247 0.558253
vt 0.908379 0.564618
vt 0.92291 0.622599
vt 0.9176 0.62261
vt 0.912282 0.622599
vt 0.926788 0.622569
vt 0.908379 0.622569
vt 0.91759 0.626146
vt 0.913931 0.626139
vt 0.921242 0.626139
vt 0.91759 0.655228
vt 0.913931 0.655221
vt 0.921242 0.655221
vt 0.92391 0.6552
vt 0.911247 0.626118
vt 0.911247 0.6552
vt 0.92391 0.626118
vt 0.926788 0.564618
vt 0.980456 0.766665
vt 0.983606 0.768339
vt 0.986273 0.765661
vt 0.984334 0.762772
vt 0.979037 0.771982
vt 0.982629 0.771997
vt 0.983606 0.775654
vt 0.980456 0.777299
vt 0.984334 0.78119
vt 0.986273 0.77833
vt 0.156493 0.989619
vt 0.156493 0.985838
vt 0.153508 0.984779
vt 0.153508 0.990276
vt 0.945475 0.834762
vt 0.942633 0.828378
vt 0.939909 0.828429
vt 0.941516 0.834836
vt 0.945475 0.892704
vt 0.941516 0.892778
vt 0.936178 0.834862
vt 0.936178 0.892804
vt 0.936237 0.828447
vt 0.93089 0.834833
vt 0.93089 0.892775
vt 0.9326 0.828426
vt 0.617142 0.968025
vt 0.617142 0.938948
vt 0.61347 0.938965
vt 0.61347 0.968043
vt 0.610747 0.939016
vt 0.610747 0.968094
vt 0.62078 0.968045
vt 0.62078 0.938968
vt 0.245018 0.879576
vt 0.245018 0.908655
vt 0.248685 0.908641
vt 0.248685 0.879562
vt 0.252329 0.908657
vt 0.248722 0.875948
vt 0.252329 0.879577
vt 0.25402 0.875972
vt 0.248722 0.818003
vt 0.242312 0.879617
vt 0.242312 0.908697
vt 0.25402 0.818026
vt 0.243392 0.818024
vt 0.243392 0.87597
vt 0.239458 0.818084
vt 0.239458 0.87603
vt 0.245018 0.811717
vt 0.248685 0.811703
vt 0.252329 0.811718
vt 0.178461 0.79677
vt 0.175453 0.797851
vt 0.175453 0.801631
vt 0.178461 0.802265
vt 0.076565 0.965597
vt 0.07658 0.958446
vt 0.057856 0.958446
vt 0.057841 0.965597
vt 0.076525 0.970844
vt 0.057801 0.970844
vt 0.057841 0.951307
vt 0.076565 0.951307
vt 0.057801 0.946092
vt 0.076525 0.946092
vt 0.95847 0.522651
vt 0.958413 0.531283
vt 0.977136 0.531342
vt 0.977193 0.52271
vt 0.958413 0.539967
vt 0.977136 0.540027
vt 0.95847 0.546378
vt 0.977193 0.546437
vt 0.954583 0.960806
vt 0.954508 0.969422
vt 0.97323 0.969498
vt 0.973304 0.960882
vt 0.973305 0.952183
vt 0.954583 0.952107
vt 0.97323 0.945732
vt 0.954508 0.945656
vt 0.964064 0.207347
vt 0.964047 0.198683
vt 0.945323 0.198682
vt 0.94534 0.207346
vt 0.964113 0.213675
vt 0.945389 0.213675
vt 0.94534 0.190004
vt 0.964064 0.190004
vt 0.945389 0.183637
vt 0.964113 0.183637
vt 0.974466 0.749934
vt 0.974466 0.7312
vt 0.965807 0.731179
vt 0.965807 0.749913
vt 0.957133 0.7312
vt 0.957133 0.749934
vt 0.671897 0.331505
vt 0.671108 0.334454
vt 0.680067 0.334448
vt 0.679279 0.331501
vt 0.687826 0.329956
vt 0.685672 0.327799
vt 0.692305 0.32218
vt 0.689363 0.321392
vt 0.689363 0.313996
vt 0.692305 0.313204
vt 0.685672 0.307593
vt 0.687826 0.305433
vt 0.679279 0.303898
vt 0.680067 0.30095
vt 0.671108 0.300955
vt 0.671897 0.303902
vt 0.66335 0.305447
vt 0.665504 0.307604
vt 0.65887 0.313223
vt 0.661813 0.314012
vt 0.661813 0.321408
vt 0.65887 0.322199
vt 0.665504 0.327811
vt 0.66335 0.32997
vt 0.222043 0.906954
vt 0.222043 0.91434
vt 0.224981 0.91513
vt 0.224981 0.906166
vt 0.220508 0.898401
vt 0.220508 0.922891
vt 0.218357 0.920735
vt 0.212761 0.927369
vt 0.211974 0.924425
vt 0.204602 0.924421
vt 0.203815 0.927365
vt 0.198219 0.920725
vt 0.196068 0.92288
vt 0.194533 0.914327
vt 0.191595 0.915114
vt 0.191595 0.90615
vt 0.194533 0.906941
vt 0.196068 0.89839
vt 0.198219 0.900546
vt 0.203815 0.893911
vt 0.204602 0.896856
vt 0.211973 0.896859
vt 0.212761 0.893915
vt 0.218357 0.900555
vt 0.26379 0.955558
vt 0.263757 0.962657
vt 0.282479 0.962657
vt 0.263786 0.969825
vt 0.282512 0.955558
vt 0.282508 0.969825
vt 0.263869 0.97514
vt 0.282591 0.97514
vt 0.851689 0.9803
vt 0.851689 0.961566
vt 0.844554 0.961548
vt 0.844554 0.980282
vt 0.837407 0.961566
vt 0.837407 0.980299
vt 0.75141 0.975982
vt 0.770133 0.975982
vt 0.770069 0.9707
vt 0.751346 0.9707
vt 0.770046 0.963544
vt 0.751323 0.963544
vt 0.770071 0.956431
vt 0.751348 0.956431
vt 0.982594 0.945656
vt 0.982594 0.966614
vt 0.986169 0.966615
vt 0.986169 0.945657
vt 0.614322 0.993666
vt 0.614322 0.977389
vt 0.610747 0.977388
vt 0.610747 0.993664
vt 0.507654 0.962274
vt 0.507654 0.983234
vt 0.52005 0.980509
vt 0.52005 0.96423
vt 0.959508 0.891663
vt 0.959508 0.870706
vt 0.954765 0.870705
vt 0.970084 0.891667
vt 0.954765 0.891661
vt 0.970084 0.87071
vt 0.974827 0.891668
vt 0.974827 0.870712
vt 0.234411 0.961367
vt 0.234411 0.982327
vt 0.239755 0.982363
vt 0.239755 0.961403
vt 0.247679 0.982363
vt 0.247679 0.961403
vt 0.93089 0.965011
vt 0.93089 0.985969
vt 0.941467 0.985971
vt 0.941467 0.965013
vt 0.986075 0.663543
vt 0.986075 0.642585
vt 0.9825 0.642585
vt 0.9825 0.663543
vt 0.93713 0.753266
vt 0.947152 0.747548
vt 0.931992 0.746772
vt 0.933181 0.75074
vt 0.941812 0.753477
vt 0.945973 0.751318
vt 0.947844 0.743729
vt 0.931199 0.742934
vt 0.947844 0.739849
vt 0.93089 0.739028
vt 0.941695 0.690491
vt 0.94028 0.690414
vt 0.937854 0.690283
vt 0.935066 0.690133
vt 0.932664 0.690004
vt 0.931291 0.689929
vt 0.924619 0.067842
vt 0.927045 0.067711
vt 0.917655 0.019096
vt 0.921831 0.067992
vt 0.919429 0.068122
vt 0.918056 0.068196
vt 0.92846 0.067635
vt 0.934609 0.018276
vt 0.917965 0.01519
vt 0.934609 0.014395
vt 0.918757 0.011353
vt 0.933917 0.010576
vt 0.923895 0.004859
vt 0.919946 0.007385
vt 0.928577 0.004647
vt 0.932738 0.006806
vt 0.091059 0.886586
vt 0.091076 0.882743
vt 0.088069 0.882738
vt 0.088053 0.886581
vt 0.091048 0.890443
vt 0.088042 0.890438
vt 0.091045 0.894315
vt 0.088039 0.89431
vt 0.091076 0.94313
vt 0.088069 0.943125
vt 0.088039 0.985595
vt 0.088039 0.988002
vt 0.091045 0.988002
vt 0.091045 0.985596
vt 0.088039 0.98422
vt 0.091045 0.990795
vt 0.088039 0.990795
vt 0.091045 0.98422
vt 0.091045 0.993226
vt 0.088039 0.993226
vt 0.091045 0.994644
vt 0.088039 0.994643
vt 0.331519 0.803418
vt 0.331499 0.799548
vt 0.328493 0.799542
vt 0.328512 0.803412
vt 0.328481 0.795773
vt 0.331487 0.795778
vt 0.328478 0.791899
vt 0.331484 0.791905
vt 0.328512 0.742901
vt 0.331519 0.742906
vt 0.995147 0.01741
vt 0.995136 0.013573
vt 0.99213 0.013572
vt 0.99214 0.017409
vt 0.99213 0.008901
vt 0.995136 0.008902
vt 0.99214 0.004647
vt 0.995147 0.004648
vt 0.540673 0.481008
vt 0.436102 0.492043
vt 0.440315 0.506086
vt 0.435591 0.473616
vt 0.543514 0.490228
vt 0.540455 0.466191
vt 0.434701 0.434469
vt 0.539406 0.427322
vt 0.438073 0.392224
vt 0.541603 0.392083
vt 0.441005 0.355495
vt 0.543514 0.361444
vt 0.945323 0.166258
vt 0.961216 0.166255
vt 0.961216 0.147046
vt 0.945374 0.174343
vt 0.945323 0.147049
vt 0.961268 0.17434
vt 0.961268 0.139037
vt 0.945374 0.139039
vt 0.451674 0.91587
vt 0.433766 0.915054
vt 0.433621 0.918239
vt 0.451529 0.919056
vt 0.439718 0.920911
vt 0.445214 0.921162
vt 0.443789 0.929614
vt 0.438293 0.929363
vt 0.441283 0.941023
vt 0.445609 0.939018
vt 0.449508 0.949416
vt 0.451674 0.947632
vt 0.271049 0.355335
vt 0.266836 0.369378
vt 0.371408 0.380413
vt 0.374249 0.371193
vt 0.266324 0.387806
vt 0.37119 0.39523
vt 0.265435 0.426953
vt 0.370141 0.434099
vt 0.268807 0.469197
vt 0.372339 0.469338
vt 0.271739 0.505927
vt 0.374249 0.499977
vt 0.314868 0.944444
vt 0.315014 0.947629
vt 0.332921 0.946813
vt 0.332776 0.943627
vt 0.320965 0.941772
vt 0.326461 0.941521
vt 0.325036 0.933069
vt 0.319541 0.93332
vt 0.32253 0.92166
vt 0.326856 0.923665
vt 0.330755 0.913266
vt 0.332921 0.915051
vt 0.789135 0.473252
vt 0.78913 0.434602
vt 0.760097 0.434585
vt 0.760102 0.473235
vt 0.789137 0.491433
vt 0.760111 0.392278
vt 0.789144 0.392295
vt 0.760123 0.355495
vt 0.789156 0.355512
vt 0.760105 0.491416
vt 0.789156 0.504761
vt 0.760123 0.504744
vt 0.9792 0.355495
vt 0.9792 0.373428
vt 0.986059 0.37343
vt 0.986059 0.355497
vt 0.944554 0.10469
vt 0.960447 0.104684
vt 0.960447 0.085477
vt 0.944619 0.112796
vt 0.944554 0.085483
vt 0.960511 0.11279
vt 0.960511 0.07749
vt 0.944619 0.077496
vt 0.975981 0.004647
vt 0.975929 0.01317
vt 0.982788 0.013201
vt 0.98284 0.004678
vt 0.982781 0.022477
vt 0.975922 0.022446
vt 0.98284 0.030704
vt 0.975981 0.030673
vt 0.700906 0.288123
vt 0.700897 0.276931
vt 0.694037 0.276925
vt 0.694046 0.288117
vt 0.694046 0.268361
vt 0.700906 0.268367
vt 0.814037 0.337183
vt 0.814078 0.346169
vt 0.843108 0.3462
vt 0.843067 0.337214
vt 0.814034 0.322422
vt 0.843063 0.322453
vt 0.814018 0.283735
vt 0.843048 0.283767
vt 0.81405 0.248429
vt 0.84308 0.248461
vt 0.814078 0.217733
vt 0.843108 0.217764
vt 0.476889 0.94393
vt 0.476889 0.906678
vt 0.460994 0.906679
vt 0.460994 0.94393
vt 0.460963 0.951967
vt 0.476858 0.951966
vt 0.476858 0.898619
vt 0.460963 0.89862
vt 0.86134 0.20241
vt 0.867515 0.202382
vt 0.867515 0.195518
vt 0.86134 0.195546
vt 0.961402 0.989573
vt 0.961367 0.987519
vt 0.954508 0.987562
vt 0.954542 0.989616
vt 0.969662 0.680294
vt 0.972849 0.680294
vt 0.972849 0.673431
vt 0.969662 0.673431
vt 0.523549 0.90769
vt 0.507654 0.90769
vt 0.507654 0.944942
vt 0.523574 0.899632
vt 0.523549 0.944942
vt 0.50768 0.952979
vt 0.523574 0.952979
vt 0.50768 0.899632
vt 0.831394 0.201407
vt 0.825145 0.201381
vt 0.825145 0.208244
vt 0.831394 0.20827
vt 0.437911 0.515381
vt 0.434701 0.579902
vt 0.532159 0.575133
vt 0.437967 0.646771
vt 0.535426 0.518811
vt 0.535426 0.642002
vt 0.969693 0.599864
vt 0.97287 0.599863
vt 0.97287 0.592999
vt 0.969693 0.593
vt 0.742034 0.879303
vt 0.700088 0.879293
vt 0.73066 0.89068
vt 0.738703 0.887349
vt 0.711462 0.890676
vt 0.70342 0.887341
vt 0.700088 0.842046
vt 0.742034 0.842056
vt 0.711462 0.830669
vt 0.73066 0.830673
vt 0.738703 0.834008
vt 0.70342 0.834
vt 0.81581 0.891178
vt 0.81581 0.789364
vt 0.786779 0.789288
vt 0.786779 0.891103
vt 0.961367 0.987519
vt 0.961402 0.978792
vt 0.954542 0.978835
vt 0.954508 0.987562
vt 0.265435 0.845528
vt 0.307384 0.845543
vt 0.27681 0.834188
vt 0.268766 0.837508
vt 0.296009 0.834194
vt 0.304053 0.83752
vt 0.307384 0.882674
vt 0.265435 0.88266
vt 0.296009 0.894015
vt 0.27681 0.894008
vt 0.268766 0.890683
vt 0.304053 0.890695
vt 0.954837 0.678476
vt 0.954837 0.662703
vt 0.948593 0.662704
vt 0.948593 0.678477
vt 0.715853 0.951518
vt 0.71097 0.919864
vt 0.707882 0.920815
vt 0.700088 0.951515
vt 0.704795 0.919862
vt 0.702535 0.917261
vt 0.701708 0.913708
vt 0.700088 0.906641
vt 0.71323 0.917264
vt 0.714057 0.913711
vt 0.715853 0.906644
vt 0.71323 0.910158
vt 0.71097 0.907557
vt 0.71496 0.90331
vt 0.712521 0.900869
vt 0.707882 0.906604
vt 0.709188 0.899975
vt 0.706753 0.899974
vt 0.703421 0.900867
vt 0.702535 0.910156
vt 0.704795 0.907555
vt 0.700981 0.903307
vt 0.700304 0.208422
vt 0.694059 0.208419
vt 0.694037 0.253298
vt 0.700281 0.253301
vt 0.694042 0.25663
vt 0.700287 0.256633
vt 0.694059 0.259063
vt 0.700304 0.259066
vt 0.740908 0.951359
vt 0.736201 0.919802
vt 0.733113 0.92075
vt 0.725142 0.951354
vt 0.730026 0.9198
vt 0.727766 0.917207
vt 0.726938 0.913665
vt 0.725142 0.906619
vt 0.738461 0.91721
vt 0.739288 0.913669
vt 0.740908 0.906625
vt 0.738461 0.910127
vt 0.736201 0.907533
vt 0.740015 0.903301
vt 0.737576 0.900867
vt 0.733113 0.906583
vt 0.734243 0.899975
vt 0.731807 0.899974
vt 0.728475 0.900864
vt 0.730026 0.907531
vt 0.726035 0.903296
vt 0.727766 0.910123
vt 0.170616 0.984761
vt 0.17686 0.984784
vt 0.17687 0.982347
vt 0.170626 0.982324
vt 0.176901 0.979029
vt 0.17062 0.98811
vt 0.176863 0.988134
vt 0.170657 0.990595
vt 0.176901 0.990618
vt 0.170657 0.979006
vt 0.532864 0.902965
vt 0.539108 0.902964
vt 0.539116 0.899632
vt 0.532871 0.899633
vt 0.532871 0.947844
vt 0.539116 0.947842
vt 0.934465 0.343185
vt 0.934465 0.336938
vt 0.931361 0.336955
vt 0.937535 0.336957
vt 0.931361 0.343202
vt 0.937535 0.343204
vt 0.900822 0.805128
vt 0.894578 0.805128
vt 0.894557 0.807722
vt 0.900802 0.807722
vt 0.894549 0.811272
vt 0.900794 0.811272
vt 0.894557 0.814828
vt 0.900802 0.814828
vt 0.894578 0.817437
vt 0.900822 0.817437
vt 0.947631 0.122105
vt 0.944554 0.12209
vt 0.944554 0.128337
vt 0.947631 0.128353
vt 0.950729 0.128338
vt 0.950729 0.122091
vt 0.376116 0.979577
vt 0.37611 0.983133
vt 0.382355 0.983133
vt 0.382361 0.979577
vt 0.376134 0.976969
vt 0.382361 0.986683
vt 0.376116 0.986684
vt 0.382378 0.976969
vt 0.382378 0.989278
vt 0.376134 0.989278
vt 0.962741 0.408179
vt 0.962741 0.399755
vt 0.959696 0.399755
vt 0.959696 0.408179
vt 0.978316 0.922093
vt 0.986708 0.902099
vt 0.978316 0.902102
vt 0.986708 0.92209
vt 0.981905 0.924723
vt 0.983118 0.924722
vt 0.985656 0.923951
vt 0.979367 0.923953
vt 0.986458 0.126639
vt 0.986439 0.10665
vt 0.983395 0.106654
vt 0.986458 0.104809
vt 0.983413 0.126643
vt 0.983413 0.104813
vt 0.973602 0.170031
vt 0.973602 0.168813
vt 0.970557 0.168813
vt 0.970557 0.170031
vt 0.973608 0.166263
vt 0.970563 0.166263
vt 0.970563 0.172576
vt 0.973608 0.172576
vt 0.980739 0.039999
vt 0.98434 0.042629
vt 0.983285 0.040769
vt 0.975922 0.04263
vt 0.975922 0.06262
vt 0.98434 0.062618
vt 0.979523 0.039999
vt 0.976977 0.04077
vt 0.983755 0.73303
vt 0.9868 0.733027
vt 0.986815 0.731179
vt 0.983771 0.731182
vt 0.986815 0.753018
vt 0.983771 0.75302
vt 0.402598 0.871086
vt 0.405558 0.873641
vt 0.405558 0.77092
vt 0.402598 0.773474
vt 0.37653 0.77091
vt 0.37949 0.773465
vt 0.37949 0.871078
vt 0.37653 0.873631
vt 0.89909 0.558264
vt 0.875978 0.558253
vt 0.875964 0.614576
vt 0.899076 0.614588
vt 0.875978 0.680623
vt 0.89909 0.680635
vt 0.875555 0.214981
vt 0.852445 0.214964
vt 0.852398 0.279565
vt 0.875507 0.279583
vt 0.852445 0.346183
vt 0.875555 0.3462
vt 0.268645 0.646612
vt 0.366161 0.643181
vt 0.362894 0.58686
vt 0.265435 0.582091
vt 0.268701 0.515221
vt 0.366161 0.51999
vt 0.689841 0.927813
vt 0.689841 0.830704
vt 0.666732 0.830661
vt 0.666732 0.92777
vt 0.986325 0.28508
vt 0.986325 0.266941
vt 0.978793 0.266933
vt 0.978793 0.285071
vt 0.986324 0.308398
vt 0.978791 0.308393
vt 0.978791 0.326536
vt 0.986324 0.326541
vt 0.984649 0.166263
vt 0.982898 0.166264
vt 0.982898 0.173801
vt 0.984649 0.1738
vt 0.9825 0.680376
vt 0.984261 0.680374
vt 0.984261 0.672838
vt 0.9825 0.672839
vt 0.991572 0.400901
vt 0.993337 0.400901
vt 0.993337 0.382725
vt 0.991572 0.382725
vt 0.992991 0.576429
vt 0.992991 0.558253
vt 0.991226 0.558253
vt 0.991226 0.576429
vt 0.601437 0.975227
vt 0.595676 0.975227
vt 0.598004 0.988505
vt 0.599111 0.988505
vt 0.982594 0.989154
vt 0.988354 0.989154
vt 0.986013 0.975909
vt 0.984906 0.975909
vt 0.071998 0.993386
vt 0.076906 0.993386
vt 0.076122 0.980138
vt 0.072825 0.980138
vt 0.847143 0.205446
vt 0.852051 0.205445
vt 0.852051 0.199681
vt 0.847143 0.199682
vt 0.574687 0.341392
vt 0.574687 0.344691
vt 0.575793 0.344691
vt 0.575793 0.341392
vt 0.058588 0.980138
vt 0.057801 0.993387
vt 0.062709 0.993387
vt 0.061885 0.980138
vt 0.242306 0.29832
vt 0.242394 0.004662
vt 0.220087 0.004647
vt 0.250291 0.006733
vt 0.219998 0.298305
vt 0.242301 0.312734
vt 0.212264 0.006708
vt 0.219994 0.312719
vt 0.242248 0.490465
vt 0.212176 0.298259
vt 0.21994 0.490451
vt 0.242311 0.508181
vt 0.250199 0.312698
vt 0.250203 0.298284
vt 0.256145 0.012381
vt 0.250145 0.49001
vt 0.250204 0.507818
vt 0.242425 0.522694
vt 0.256002 0.488757
vt 0.256055 0.31259
vt 0.256059 0.298176
vt 0.250313 0.522668
vt 0.256051 0.506743
vt 0.256145 0.522586
vt 0.220117 0.52268
vt 0.220003 0.508166
vt 0.212178 0.507793
vt 0.212286 0.522643
vt 0.206517 0.506711
vt 0.212118 0.489986
vt 0.212172 0.312673
vt 0.206611 0.522554
vt 0.776039 0.661706
vt 0.77749 0.659127
vt 0.772889 0.659035
vt 0.772036 0.661627
vt 0.766551 0.658983
vt 0.766702 0.620924
vt 0.77304 0.620977
vt 0.760325 0.620924
vt 0.761145 0.618377
vt 0.766693 0.618377
vt 0.760174 0.658983
vt 0.755618 0.620977
vt 0.766521 0.661581
vt 0.771708 0.744009
vt 0.755467 0.659036
vt 0.766194 0.743963
vt 0.760973 0.661581
vt 0.756878 0.661627
vt 0.760645 0.743963
vt 0.75655 0.744009
vt 0.761385 0.558253
vt 0.757289 0.558299
vt 0.766933 0.558253
vt 0.75705 0.618423
vt 0.772208 0.618423
vt 0.772447 0.558299
vt 0.598798 0.684877
vt 0.604326 0.684865
vt 0.604321 0.68228
vt 0.597968 0.682293
vt 0.594761 0.684908
vt 0.597968 0.64423
vt 0.593328 0.682329
vt 0.593328 0.644266
vt 0.604321 0.644217
vt 0.598798 0.641669
vt 0.610684 0.682293
vt 0.594761 0.6417
vt 0.594761 0.559309
vt 0.609862 0.684876
vt 0.604326 0.641657
vt 0.610684 0.64423
vt 0.615352 0.682328
vt 0.598798 0.559278
vt 0.613924 0.684907
vt 0.609862 0.641668
vt 0.604326 0.559266
vt 0.615352 0.644266
vt 0.609862 0.559278
vt 0.613924 0.641699
vt 0.613924 0.559309
vt 0.613924 0.745037
vt 0.609862 0.745006
vt 0.604326 0.744995
vt 0.598798 0.745007
vt 0.594761 0.745038
vt 0.840156 0.130258
vt 0.845693 0.130244
vt 0.845698 0.127656
vt 0.839335 0.127672
vt 0.834665 0.127715
vt 0.839334 0.08961
vt 0.836093 0.130295
vt 0.845697 0.089594
vt 0.852051 0.127672
vt 0.85122 0.130258
vt 0.845692 0.087037
vt 0.851218 0.08705
vt 0.840155 0.087051
vt 0.840152 0.004661
vt 0.845689 0.004647
vt 0.852049 0.08961
vt 0.851216 0.004661
vt 0.851222 0.190387
vt 0.845695 0.190373
vt 0.840158 0.190387
vt 0.09736 0.310661
vt 0.091623 0.310705
vt 0.091623 0.486901
vt 0.09736 0.488002
vt 0.091623 0.296289
vt 0.09736 0.296245
vt 0.084079 0.296305
vt 0.086788 0.288396
vt 0.083769 0.310721
vt 0.076656 0.304322
vt 0.083769 0.485353
vt 0.071107 0.37707
vt 0.091623 0.288619
vt 0.091623 0.209791
vt 0.086788 0.209342
vt 0.091623 0.201431
vt 0.083769 0.201098
vt 0.09736 0.004647
vt 0.091623 0.010449
vt 0.083769 0.15976
vt 0.083768 0.167405
vt 0.083769 0.01833
vt 0.036435 0.022267
vt 0.036435 0.158282
vt 0.027362 0.014386
vt 0.027362 0.29629
vt 0.020707 0.296247
vt 0.036435 0.165943
vt 0.036435 0.171111
vt 0.056765 0.173392
vt 0.059685 0.172182
vt 0.065598 0.172182
vt 0.069111 0.173236
vt 0.036435 0.188792
vt 0.036435 0.199286
vt 0.055556 0.176313
vt 0.055556 0.190765
vt 0.036435 0.210018
vt 0.055556 0.209349
vt 0.036435 0.296306
vt 0.020707 0.008585
vt 0.0113 0.310707
vt 0.020373 0.310723
vt 0.051493 0.310722
vt 0.024638 0.52092
vt 0.015727 0.520904
vt 0.009191 0.52086
vt 0.004645 0.310663
vt 0.049671 0.520919
vt 0.055556 0.288402
vt 0.055556 0.296306
vt 0.055556 0.30323
vt 0.056932 0.304607
vt 0.056878 0.377074
vt 0.055484 0.520919
vt 0.056932 0.363974
vt 0.056932 0.310722
vt 0.058582 0.367959
vt 0.062565 0.369609
vt 0.065897 0.520919
vt 0.081476 0.503556
vt 0.088575 0.504948
vt 0.083012 0.520902
vt 0.077002 0.520918
vt 0.065675 0.369609
vt 0.069658 0.367958
vt 0.071308 0.363973
vt 0.071308 0.310722
vt 0.071308 0.306399
vt 0.348537 0.756792
vt 0.348537 0.718736
vt 0.342211 0.7187
vt 0.342211 0.756757
vt 0.354925 0.756761
vt 0.354925 0.718705
vt 0.348567 0.716131
vt 0.343062 0.716101
vt 0.359661 0.756673
vt 0.359661 0.718616
vt 0.354124 0.716105
vt 0.348567 0.656011
vt 0.354124 0.655984
vt 0.343062 0.65598
vt 0.358245 0.716027
vt 0.358245 0.655907
vt 0.348567 0.759332
vt 0.354124 0.759306
vt 0.354124 0.841683
vt 0.343062 0.759302
vt 0.348567 0.84171
vt 0.358245 0.759228
vt 0.358245 0.841606
vt 0.343062 0.841679
vt 0.185768 0.214798
vt 0.122377 0.215558
vt 0.138612 0.22978
vt 0.185942 0.229213
vt 0.193795 0.229138
vt 0.141903 0.503796
vt 0.18928 0.507164
vt 0.197228 0.514954
vt 0.129539 0.229908
vt 0.113304 0.215686
vt 0.145904 0.507684
vt 0.136926 0.515677
vt 0.132924 0.511788
vt 0.122883 0.230041
vt 0.106649 0.215819
vt 0.126338 0.517678
vt 0.130339 0.521567
vt 0.115207 0.005454
vt 0.10867 0.005586
vt 0.124118 0.005328
vt 0.183671 0.040181
vt 0.181161 0.022007
vt 0.191506 0.038542
vt 0.193622 0.214723
vt 0.176478 0.0047
vt 0.182487 0.004647
vt 0.188242 0.020533
vt 0.197228 0.037382
vt 0.743927 0.212847
vt 0.743928 0.004685
vt 0.721618 0.004686
vt 0.721617 0.212849
vt 0.748269 0.212847
vt 0.747871 0.004666
vt 0.717306 0.21285
vt 0.717701 0.004668
vt 0.713785 0.00465
vt 0.713785 0.214898
vt 0.717305 0.214915
vt 0.751815 0.004647
vt 0.751815 0.214896
vt 0.748269 0.214913
vt 0.042673 0.774304
vt 0.034783 0.771904
vt 0.034783 0.84917
vt 0.012474 0.771899
vt 0.042673 0.847032
vt 0.048511 0.780855
vt 0.012474 0.849165
vt 0.004645 0.774295
vt 0.004702 0.770278
vt 0.048511 0.841187
vt 0.004645 0.847023
vt 0.042731 0.770286
vt 0.03484 0.767887
vt 0.012531 0.767882
vt 0.586387 0.976274
vt 0.582839 0.975227
vt 0.582839 0.991523
vt 0.586387 0.99257
vt 0.317082 0.816017
vt 0.317082 0.748913
vt 0.311328 0.744519
vt 0.311328 0.822516
vt 0.303467 0.742909
vt 0.307397 0.823705
vt 0.303467 0.824893
vt 0.281156 0.742901
vt 0.281156 0.824886
vt 0.277226 0.823694
vt 0.273295 0.822503
vt 0.273295 0.744506
vt 0.267541 0.816
vt 0.267541 0.748896
vt 0.265435 0.782153
vt 0.265435 0.776356
vt 0.265435 0.765971
vt 0.265435 0.754896
vt 0.265435 0.807118
vt 0.09736 0.004647
vt 0.024662 0.004649
vt 0.031317 0.01045
vt 0.04039 0.018331
vt 0.425412 0.642973
vt 0.421866 0.445011
vt 0.417524 0.445027
vt 0.425412 0.355337
vt 0.421866 0.355354
vt 0.417524 0.645116
vt 0.395214 0.645112
vt 0.395214 0.445023
vt 0.387381 0.642966
vt 0.390902 0.445006
vt 0.387381 0.355331
vt 0.390902 0.355348
vt 0.363518 0.961974
vt 0.350009 0.975512
vt 0.360663 0.972661
vt 0.363518 0.967703
vt 0.355719 0.975519
vt 0.342211 0.967675
vt 0.345065 0.972641
vt 0.345065 0.956988
vt 0.342211 0.961946
vt 0.355719 0.954138
vt 0.35001 0.95413
vt 0.360663 0.957009
vt 0.04085 0.914104
vt 0.047309 0.953973
vt 0.044574 0.91351
vt 0.047309 0.913089
vt 0.037134 0.914712
vt 0.034423 0.915172
vt 0.912287 0.867154
vt 0.912289 0.881604
vt 0.921579 0.881605
vt 0.921576 0.867155
vt 0.912285 0.859246
vt 0.921575 0.859081
vt 0.912311 0.884501
vt 0.921601 0.884502
vt 0.912283 0.848573
vt 0.921573 0.848575
vt 0.91227 0.769532
vt 0.92156 0.769534
vt 0.921558 0.761631
vt 0.912269 0.76044
vt 0.921557 0.754709
vt 0.912268 0.754707
vt 0.921582 0.753305
vt 0.912292 0.753304
vt 0.912291 0.748055
vt 0.921581 0.747191
vt 0.912282 0.693946
vt 0.921572 0.693947
vt 0.921601 0.689931
vt 0.912311 0.689929
vt 0.584038 0.675487
vt 0.584038 0.596433
vt 0.552804 0.596434
vt 0.580391 0.586478
vt 0.552804 0.675487
vt 0.580714 0.685176
vt 0.552804 0.68458
vt 0.573904 0.691406
vt 0.552804 0.585759
vt 0.576848 0.576805
vt 0.552804 0.57785
vt 0.569001 0.562866
vt 0.552804 0.563398
vt 0.562846 0.559266
vt 0.566359 0.560321
vt 0.556932 0.559267
vt 0.554013 0.560477
vt 0.552804 0.690315
vt 0.568069 0.693673
vt 0.55418 0.691691
vt 0.55418 0.69694
vt 0.568123 0.69694
vt 0.55418 0.751059
vt 0.568515 0.751058
vt 0.559813 0.756694
vt 0.55583 0.755044
vt 0.562923 0.756694
vt 0.566894 0.755043
vt 0.624818 0.559271
vt 0.62479 0.561857
vt 0.63408 0.561853
vt 0.634109 0.559266
vt 0.62471 0.575918
vt 0.634001 0.575914
vt 0.624676 0.585645
vt 0.633961 0.587355
vt 0.624642 0.595656
vt 0.633122 0.595652
vt 0.624693 0.674702
vt 0.633174 0.674698
vt 0.633936 0.682558
vt 0.624737 0.684339
vt 0.634108 0.690458
vt 0.875964 0.814034
vt 0.875969 0.817453
vt 0.88526 0.817456
vt 0.885255 0.814037
vt 0.875964 0.808137
vt 0.885255 0.80814
vt 0.88526 0.805131
vt 0.875969 0.805128
vt 0.0796 0.189721
vt 0.083768 0.189409
vt 0.083769 0.176498
vt 0.071753 0.175781
vt 0.083768 0.172145
vt 0.943898 0.062211
vt 0.953188 0.062216
vt 0.953204 0.00897
vt 0.953205 0.066175
vt 0.943919 0.008092
vt 0.953205 0.004647
vt 0.943921 0.004824
vt 0.943915 0.066171
vt 0.967894 0.811486
vt 0.958604 0.811484
vt 0.958604 0.814596
vt 0.967894 0.814598
vt 0.958628 0.818555
vt 0.967918 0.818557
vt 0.958628 0.807486
vt 0.967918 0.807476
vt 0.806565 0.196027
vt 0.806565 0.20141
vt 0.815855 0.20136
vt 0.815803 0.20827
vt 0.815855 0.195487
vt 0.319188 0.807137
vt 0.319188 0.754914
vt 0.828117 0.663819
vt 0.828117 0.558253
vt 0.802841 0.647995
vt 0.786824 0.664477
vt 0.786779 0.662412
vt 0.802841 0.55833
vt 0.828117 0.674429
vt 0.786824 0.673771
vt 0.802841 0.690252
vt 0.828117 0.779994
vt 0.802841 0.779917
vt 0.786779 0.675836
vt 0.645254 0.343608
vt 0.649581 0.30095
vt 0.622945 0.343608
vt 0.618618 0.30095
vt 0.618618 0.342271
vt 0.649581 0.34227
vt 0.088764 0.767887
vt 0.057801 0.767882
vt 0.057801 0.873438
vt 0.088764 0.873443
vt 0.816876 0.976243
vt 0.816876 0.992539
vt 0.820395 0.991401
vt 0.820395 0.975105
vt 0.760097 0.540716
vt 0.786631 0.514055
vt 0.760097 0.518393
vt 0.761431 0.514063
vt 0.786631 0.545037
vt 0.761431 0.545045
vt 0.392122 0.951651
vt 0.394072 0.955031
vt 0.397478 0.954118
vt 0.394615 0.949155
vt 0.389657 0.94629
vt 0.397478 0.959848
vt 0.394072 0.958934
vt 0.392122 0.962315
vt 0.394616 0.96481
vt 0.389657 0.967675
vt 0.388744 0.964266
vt 0.384844 0.964266
vt 0.383931 0.967675
vt 0.381466 0.962314
vt 0.378973 0.96481
vt 0.37611 0.959848
vt 0.379516 0.958934
vt 0.37611 0.954118
vt 0.379516 0.955031
vt 0.381466 0.951651
vt 0.378973 0.949155
vt 0.384844 0.949699
vt 0.383931 0.94629
vt 0.388744 0.949699
vt 0.048451 0.89903
vt 0.048451 0.858465
vt 0.044695 0.898691
vt 0.040947 0.898333
vt 0.857791 0.500298
vt 0.864267 0.539984
vt 0.86152 0.499682
vt 0.864267 0.499196
vt 0.85408 0.50088
vt 0.632082 0.740275
vt 0.634862 0.699752
vt 0.628341 0.739695
vt 0.624642 0.739082
vt 0.634862 0.740667
vt 0.055556 0.198841
vt 0.84479 0.50653
vt 0.807139 0.506686
vt 0.807139 0.541172
vt 0.839426 0.499196
vt 0.84479 0.541016
vt 0.839426 0.548238
vt 0.798445 0.541109
vt 0.798445 0.506623
vt 0.807943 0.499327
vt 0.807943 0.548368
vt 0.093471 0.965641
vt 0.093471 0.952424
vt 0.088039 0.954776
vt 0.089989 0.965978
vt 0.091323 0.974925
vt 0.088539 0.974003
vt 0.37653 0.700516
vt 0.381675 0.701226
vt 0.383398 0.691188
vt 0.379026 0.689566
vt 0.39439 0.676997
vt 0.393575 0.673953
vt 0.407416 0.663489
vt 0.408125 0.65834
vt 0.425412 0.658905
vt 0.425044 0.654411
vt 0.379787 0.712692
vt 0.384233 0.711763
vt 0.392985 0.725468
vt 0.395866 0.722688
vt 0.402972 0.72663
vt 0.397908 0.733832
vt 0.410833 0.725987
vt 0.425412 0.734708
vt 0.404155 0.761616
vt 0.386916 0.748022
vt 0.180885 0.774259
vt 0.177403 0.773921
vt 0.175453 0.785124
vt 0.180885 0.787476
vt 0.178737 0.764974
vt 0.175953 0.765897
vt 0.710445 0.300094
vt 0.717313 0.309422
vt 0.71559 0.299384
vt 0.712941 0.311044
vt 0.713702 0.287918
vt 0.718148 0.288847
vt 0.7269 0.275142
vt 0.729782 0.277923
vt 0.736887 0.27398
vt 0.731824 0.266779
vt 0.744748 0.274623
vt 0.759327 0.265903
vt 0.73807 0.238994
vt 0.720832 0.252588
vt 0.728305 0.323613
vt 0.727491 0.326657
vt 0.741331 0.337122
vt 0.742041 0.34227
vt 0.759327 0.341706
vt 0.75896 0.3462
vt 0.931361 0.282306
vt 0.931373 0.301059
vt 0.945892 0.301039
vt 0.94588 0.282285
vt 0.931526 0.266953
vt 0.946045 0.266933
vt 0.945937 0.318956
vt 0.931418 0.318977
vt 0.946045 0.327623
vt 0.931526 0.327643
vt 0.697135 0.195827
vt 0.696906 0.095781
vt 0.662441 0.095849
vt 0.704495 0.188288
vt 0.66267 0.195895
vt 0.655482 0.188385
vt 0.662609 0.048498
vt 0.697075 0.04843
vt 0.704279 0.093668
vt 0.655266 0.093764
vt 0.662668 0.004715
vt 0.697133 0.004647
vt 0.704495 0.009607
vt 0.704445 0.046722
vt 0.655482 0.009704
vt 0.655432 0.046819
vt 0.331223 0.890973
vt 0.331209 0.869636
vt 0.316689 0.869651
vt 0.316703 0.890988
vt 0.331294 0.900856
vt 0.316774 0.900871
vt 0.316674 0.848313
vt 0.331194 0.848298
vt 0.316774 0.834203
vt 0.331294 0.834188
vt 0.19597 0.717578
vt 0.195977 0.708362
vt 0.181458 0.70842
vt 0.18145 0.717637
vt 0.181398 0.690069
vt 0.195917 0.690011
vt 0.181458 0.679594
vt 0.195977 0.679536
vt 0.433655 0.971162
vt 0.433621 0.979099
vt 0.447793 0.979021
vt 0.447827 0.971084
vt 0.433655 0.958789
vt 0.447827 0.958711
vt 0.644956 0.984655
vt 0.644956 0.968169
vt 0.630435 0.968153
vt 0.630435 0.98464
vt 0.954786 0.828383
vt 0.954765 0.837636
vt 0.969286 0.837631
vt 0.969307 0.828378
vt 0.969294 0.853587
vt 0.954773 0.853592
vt 0.969307 0.861405
vt 0.954786 0.86141
vt 0.213838 0.531989
vt 0.213821 0.570103
vt 0.248291 0.570127
vt 0.248307 0.532012
vt 0.248289 0.607965
vt 0.21382 0.607941
vt 0.248308 0.709049
vt 0.213838 0.709025
vt 0.255552 0.703972
vt 0.206534 0.703938
vt 0.255535 0.610272
vt 0.255536 0.572111
vt 0.255552 0.536057
vt 0.206534 0.536023
vt 0.206519 0.572077
vt 0.206517 0.610239
vt 0.213802 0.719221
vt 0.248271 0.719244
vt 0.985077 0.156968
vt 0.985077 0.139047
vt 0.970557 0.139037
vt 0.970557 0.156959
vt 0.972973 0.978813
vt 0.970691 0.978792
vt 0.970691 0.992972
vt 0.972973 0.992993
vt 0.191595 0.986805
vt 0.197258 0.986867
vt 0.197258 0.972339
vt 0.191595 0.972277
vt 0.047297 0.981811
vt 0.047309 0.974554
vt 0.033135 0.974562
vt 0.033123 0.981819
vt 0.033135 0.963275
vt 0.047309 0.963268
vt 0.994659 0.585736
vt 0.991226 0.585724
vt 0.991226 0.600252
vt 0.994659 0.600265
vt 0.019164 0.979293
vt 0.019164 0.957362
vt 0.004645 0.957351
vt 0.004645 0.979282
vt 0.586307 0.058497
vt 0.566282 0.104519
vt 0.630849 0.088631
vt 0.638971 0.183866
vt 0.629527 0.050071
vt 0.596527 0.021839
vt 0.631541 0.014013
vt 0.628534 0.01186
vt 0.629624 0.004647
vt 0.563676 0.199125
vt 0.631095 0.193228
vt 0.6381 0.199125
vt 0.638033 0.01067
vt 0.645976 0.189762
vt 0.954508 0.902099
vt 0.954508 0.936348
vt 0.969026 0.936362
vt 0.969026 0.902113
vt 0.206548 0.986462
vt 0.212459 0.986456
vt 0.212459 0.972277
vt 0.206548 0.972283
vt 0.567257 0.364858
vt 0.602271 0.372685
vt 0.570264 0.362705
vt 0.569163 0.355495
vt 0.56927 0.400917
vt 0.612491 0.409344
vt 0.567946 0.439476
vt 0.632514 0.455366
vt 0.559821 0.534711
vt 0.635115 0.549972
vt 0.567696 0.544074
vt 0.560754 0.361517
vt 0.560679 0.549972
vt 0.552804 0.540609
vt 0.476321 0.826901
vt 0.483711 0.819541
vt 0.483711 0.752488
vt 0.476321 0.745579
vt 0.441857 0.745493
vt 0.441857 0.826814
vt 0.434701 0.752365
vt 0.434701 0.819418
vt 0.25402 0.924098
vt 0.25402 0.917991
vt 0.252386 0.917991
vt 0.251055 0.924098
vt 0.25402 0.931049
vt 0.247009 0.931048
vt 0.25402 0.938954
vt 0.235447 0.942417
vt 0.25402 0.951204
vt 0.235447 0.951203
vt 0.234411 0.942603
vt 0.234411 0.952072
vt 0.96991 0.36943
vt 0.960582 0.369428
vt 0.960582 0.37717
vt 0.96991 0.36248
vt 0.959696 0.369442
vt 0.96991 0.377171
vt 0.960582 0.390459
vt 0.959696 0.389596
vt 0.96991 0.390461
vt 0.960582 0.362478
vt 0.959696 0.362492
vt 0.959696 0.356385
vt 0.96991 0.355496
vt 0.960582 0.355495
vt 0.959696 0.377347
vt 0.024254 0.913959
vt 0.005681 0.91396
vt 0.005681 0.922746
vt 0.024254 0.92621
vt 0.017243 0.934115
vt 0.024254 0.934115
vt 0.021289 0.941066
vt 0.024254 0.941066
vt 0.02262 0.947173
vt 0.024254 0.947173
vt 0.025133 0.92638
vt 0.025133 0.913089
vt 0.025133 0.934122
vt 0.025133 0.941073
vt 0.025133 0.948056
vt 0.004645 0.922559
vt 0.004645 0.91309
vt 0.021972 0.948057
vt 0.025133 0.948056
vt 0.959561 0.77235
vt 0.959495 0.784141
vt 0.968821 0.78403
vt 0.958668 0.772575
vt 0.968887 0.772239
vt 0.959445 0.762882
vt 0.968771 0.762772
vt 0.968835 0.791059
vt 0.959508 0.79117
vt 0.958604 0.784168
vt 0.959567 0.798182
vt 0.968893 0.798071
vt 0.969748 0.797196
vt 0.958617 0.791197
vt 0.958668 0.797328
vt 0.969683 0.784036
vt 0.969696 0.791065
vt 0.969748 0.772443
vt 0.496387 0.962079
vt 0.487058 0.962076
vt 0.487058 0.98251
vt 0.496387 0.982513
vt 0.49726 0.981547
vt 0.49726 0.963024
vt 0.486178 0.981543
vt 0.486178 0.96302
vt 0.981952 0.345168
vt 0.981952 0.335835
vt 0.978791 0.335836
vt 0.978791 0.345169
vt 0.981089 0.346058
vt 0.979456 0.346058
vt 0.365643 0.903972
vt 0.365643 0.851013
vt 0.342211 0.851004
vt 0.342211 0.903964
vt 0.484394 0.8362
vt 0.460963 0.836195
vt 0.460963 0.88932
vt 0.484394 0.889325
vt 0.976485 0.236768
vt 0.976485 0.183637
vt 0.973402 0.183637
vt 0.973402 0.236768
vt 0.9792 0.382725
vt 0.9792 0.406169
vt 0.982282 0.406169
vt 0.982282 0.382725
vt 0.983673 0.713371
vt 0.983673 0.689929
vt 0.980591 0.689931
vt 0.980591 0.713372
vt 0.973255 0.418498
vt 0.973255 0.471629
vt 0.976338 0.471629
vt 0.976338 0.418498
vt 0.572412 0.798968
vt 0.56086 0.818228
vt 0.575214 0.803842
vt 0.552804 0.804215
vt 0.572412 0.793344
vt 0.552804 0.788046
vt 0.56086 0.774054
vt 0.575214 0.788478
vt 0.574813 0.765989
vt 0.580067 0.785672
vt 0.574813 0.826331
vt 0.580067 0.806661
vt 0.590925 0.826352
vt 0.585671 0.806668
vt 0.604878 0.818286
vt 0.590524 0.803862
vt 0.590925 0.76601
vt 0.585671 0.78568
vt 0.590525 0.788498
vt 0.604879 0.774112
vt 0.593327 0.793372
vt 0.612935 0.788125
vt 0.612935 0.804294
vt 0.593327 0.798996
vt 0.804255 0.904655
vt 0.797516 0.900473
vt 0.798635 0.904655
vt 0.805375 0.900473
vt 0.812182 0.904406
vt 0.809123 0.907467
vt 0.816112 0.911218
vt 0.790709 0.904405
vt 0.793768 0.907467
vt 0.811933 0.912338
vt 0.816112 0.919083
vt 0.811933 0.917963
vt 0.812182 0.925895
vt 0.809123 0.922834
vt 0.786779 0.911217
vt 0.790958 0.912338
vt 0.786779 0.919083
vt 0.805375 0.929828
vt 0.804255 0.925646
vt 0.797516 0.929828
vt 0.798635 0.925646
vt 0.790709 0.925895
vt 0.793768 0.922834
vt 0.790958 0.917962
vt 0.801965 0.939208
vt 0.794349 0.939238
vt 0.794349 0.962039
vt 0.801965 0.962009
vt 0.807587 0.939122
vt 0.807587 0.961924
vt 0.786779 0.962006
vt 0.786779 0.939205
vt 0.116369 0.938958
vt 0.10874 0.938994
vt 0.10874 0.961794
vt 0.116369 0.961757
vt 0.123925 0.961799
vt 0.123925 0.939
vt 0.103083 0.9619
vt 0.103083 0.9391
vt 0.214387 0.962983
vt 0.214429 0.957404
vt 0.191638 0.957404
vt 0.191595 0.962983
vt 0.191653 0.9498
vt 0.214444 0.9498
vt 0.214429 0.942209
vt 0.191637 0.942209
vt 0.214386 0.936664
vt 0.191595 0.936664
vt 0.314868 0.979726
vt 0.322455 0.979746
vt 0.322455 0.956942
vt 0.314868 0.956923
vt 0.330056 0.956924
vt 0.330056 0.979727
vt 0.933321 0.398204
vt 0.933409 0.409603
vt 0.950406 0.409604
vt 0.950319 0.398204
vt 0.933289 0.382597
vt 0.950287 0.382597
vt 0.933321 0.366964
vt 0.950319 0.366965
vt 0.933409 0.355495
vt 0.950406 0.355495
vt 0.945323 0.238576
vt 0.945361 0.25421
vt 0.962359 0.254209
vt 0.96232 0.238575
vt 0.945361 0.22297
vt 0.962359 0.22297
vt 0.265435 0.934544
vt 0.265596 0.946181
vt 0.282591 0.946263
vt 0.28243 0.934626
vt 0.265435 0.918851
vt 0.28243 0.918933
vt 0.265596 0.903309
vt 0.282591 0.903391
vt 0.854403 0.925023
vt 0.854533 0.909452
vt 0.837537 0.909385
vt 0.837407 0.924956
vt 0.854403 0.94069
vt 0.837407 0.940622
vt 0.854533 0.952254
vt 0.837537 0.952186
vt 0.760393 0.799285
vt 0.760393 0.783114
vt 0.755742 0.784372
vt 0.755742 0.798023
vt 0.748922 0.809845
vt 0.752313 0.769109
vt 0.748922 0.77255
vt 0.752314 0.813289
vt 0.73832 0.821374
vt 0.737109 0.816671
vt 0.722162 0.821374
vt 0.723468 0.816671
vt 0.708168 0.813289
vt 0.711655 0.809845
vt 0.700089 0.799285
vt 0.737108 0.765724
vt 0.738319 0.761024
vt 0.723468 0.765724
vt 0.722161 0.761024
vt 0.708167 0.769109
vt 0.711655 0.77255
vt 0.700088 0.783114
vt 0.704835 0.784372
vt 0.704835 0.798023
vt 0.129391 0.820621
vt 0.117612 0.813781
vt 0.114037 0.817266
vt 0.128004 0.825377
vt 0.144132 0.825398
vt 0.105973 0.803239
vt 0.110811 0.801951
vt 0.142992 0.820639
vt 0.1581 0.817324
vt 0.154772 0.813829
vt 0.161572 0.802018
vt 0.166164 0.803318
vt 0.166164 0.787133
vt 0.161572 0.788369
vt 0.154772 0.776539
vt 0.110811 0.788302
vt 0.105973 0.787054
vt 0.117612 0.776491
vt 0.114037 0.773048
vt 0.128004 0.764974
vt 0.129391 0.769681
vt 0.144132 0.764996
vt 0.142992 0.769699
vt 0.1581 0.773106
vt 0.794973 0.222582
vt 0.781755 0.222634
vt 0.781755 0.3462
vt 0.794973 0.346148
vt 0.804729 0.222433
vt 0.804729 0.345999
vt 0.768617 0.346143
vt 0.768617 0.222577
vt 0.784162 0.004647
vt 0.770922 0.004711
vt 0.770922 0.128269
vt 0.784162 0.128205
vt 0.797276 0.00472
vt 0.797276 0.128278
vt 0.761104 0.128453
vt 0.761104 0.004895
vt 0.563676 0.331998
vt 0.573353 0.332071
vt 0.573354 0.208494
vt 0.563676 0.20842
vt 0.586543 0.20852
vt 0.586543 0.332098
vt 0.599711 0.208493
vt 0.599711 0.33207
vt 0.609329 0.331996
vt 0.609329 0.208419
vt 0.838948 0.479071
vt 0.852115 0.479104
vt 0.852115 0.355528
vt 0.838948 0.355495
vt 0.865306 0.355496
vt 0.865306 0.479072
vt 0.48621 0.941371
vt 0.486298 0.952782
vt 0.497948 0.952782
vt 0.497861 0.941371
vt 0.497829 0.925749
vt 0.486178 0.925748
vt 0.497861 0.9101
vt 0.48621 0.9101
vt 0.486298 0.898619
vt 0.497948 0.89862
vt 0.170616 0.954063
vt 0.170655 0.969712
vt 0.182305 0.969711
vt 0.182267 0.954062
vt 0.170655 0.938441
vt 0.182305 0.938441
vt 0.948593 0.589518
vt 0.948755 0.601167
vt 0.960404 0.601224
vt 0.960242 0.589574
vt 0.948593 0.57381
vt 0.960242 0.573867
vt 0.948755 0.558253
vt 0.960404 0.558309
vt 0.960243 0.626151
vt 0.960373 0.610565
vt 0.948723 0.610518
vt 0.948593 0.626105
vt 0.948593 0.641787
vt 0.960243 0.641833
vt 0.960373 0.653408
vt 0.948723 0.653362
vt 0.690799 0.799255
vt 0.690799 0.783068
vt 0.67534 0.787227
vt 0.67534 0.795092
vt 0.67141 0.801904
vt 0.682712 0.76905
vt 0.67141 0.780415
vt 0.682712 0.813273
vt 0.668704 0.821367
vt 0.664603 0.805837
vt 0.656744 0.805837
vt 0.65253 0.821366
vt 0.638522 0.813273
vt 0.649937 0.801904
vt 0.630435 0.799254
vt 0.664603 0.776482
vt 0.668704 0.760956
vt 0.656744 0.776482
vt 0.652529 0.760956
vt 0.638522 0.769049
vt 0.649937 0.780415
vt 0.630435 0.783067
vt 0.646007 0.787226
vt 0.646007 0.795092
vt 0.956387 0.321039
vt 0.962439 0.321009
vt 0.962439 0.308393
vt 0.956387 0.308423
vt 0.968417 0.321041
vt 0.969502 0.323779
vt 0.968417 0.308425
vt 0.962461 0.323741
vt 0.969502 0.34036
vt 0.955334 0.323776
vt 0.955334 0.340357
vt 0.962461 0.340322
vt 0.962432 0.266933
vt 0.962432 0.283465
vt 0.969503 0.283694
vt 0.955334 0.283689
vt 0.956399 0.286515
vt 0.969503 0.267161
vt 0.96843 0.286519
vt 0.962425 0.286325
vt 0.956399 0.299095
vt 0.96843 0.299099
vt 0.962425 0.298904
vt 0.955334 0.267157
vt 0.96552 0.496766
vt 0.965508 0.494019
vt 0.959473 0.494026
vt 0.958413 0.496775
vt 0.96552 0.513348
vt 0.972581 0.513357
vt 0.972581 0.496775
vt 0.971504 0.494027
vt 0.958413 0.513357
vt 0.965508 0.481402
vt 0.971504 0.48141
vt 0.959473 0.48141
vt 0.96423 0.709268
vt 0.958192 0.70926
vt 0.958192 0.721876
vt 0.96423 0.721884
vt 0.970223 0.709259
vt 0.971301 0.706511
vt 0.964244 0.706521
vt 0.971301 0.689929
vt 0.957133 0.706512
vt 0.964244 0.689939
vt 0.957133 0.68993
vt 0.970223 0.721876
vt 0.908381 0.675644
vt 0.924095 0.669129
vt 0.912982 0.664522
vt 0.908379 0.669129
vt 0.919491 0.664523
vt 0.919494 0.68025
vt 0.912984 0.68025
vt 0.924096 0.675644
vt 0.147911 0.956963
vt 0.155576 0.975485
vt 0.160999 0.962388
vt 0.155578 0.956963
vt 0.160999 0.97006
vt 0.142489 0.962388
vt 0.142488 0.97006
vt 0.147909 0.975485
vt 0.819545 0.487635
vt 0.826336 0.481357
vt 0.819525 0.483766
vt 0.813711 0.489901
vt 0.798445 0.486543
vt 0.798445 0.479292
vt 0.801803 0.489902
vt 0.819506 0.480024
vt 0.827128 0.479047
vt 0.819487 0.476324
vt 0.828205 0.475904
vt 0.798445 0.475956
vt 0.819463 0.471715
vt 0.829659 0.471661
vt 0.829659 0.392607
vt 0.798445 0.471716
vt 0.819055 0.392661
vt 0.798445 0.392662
vt 0.826639 0.384364
vt 0.819012 0.384368
vt 0.798445 0.38337
vt 0.82249 0.373034
vt 0.818967 0.372974
vt 0.818921 0.366694
vt 0.798445 0.374078
vt 0.798445 0.359626
vt 0.814642 0.359094
vt 0.808487 0.355495
vt 0.802574 0.355495
vt 0.812 0.356549
vt 0.799655 0.356705
vt 0.510982 0.782032
vt 0.512178 0.779299
vt 0.510189 0.779724
vt 0.50911 0.776586
vt 0.507654 0.77235
vt 0.51785 0.78019
vt 0.517813 0.788204
vt 0.522334 0.778496
vt 0.523647 0.790471
vt 0.535555 0.790471
vt 0.538913 0.779862
vt 0.538913 0.776525
vt 0.522343 0.776862
vt 0.538913 0.772285
vt 0.517887 0.772285
vt 0.521443 0.777251
vt 0.517856 0.778799
vt 0.511817 0.778358
vt 0.538913 0.787112
vt 0.507654 0.693297
vt 0.518254 0.693232
vt 0.538851 0.693233
vt 0.538913 0.693233
vt 0.538913 0.674649
vt 0.518375 0.667376
vt 0.522716 0.659665
vt 0.538913 0.660197
vt 0.528871 0.656066
vt 0.525358 0.65712
vt 0.534784 0.656066
vt 0.537703 0.657276
vt 0.510679 0.68504
vt 0.514868 0.673605
vt 0.821204 0.939868
vt 0.816876 0.948466
vt 0.820112 0.947721
vt 0.818323 0.95429
vt 0.82444 0.939122
vt 0.821559 0.953545
vt 0.821204 0.965811
vt 0.82444 0.965065
vt 0.49501 0.75949
vt 0.495011 0.76373
vt 0.49833 0.763731
vt 0.495025 0.842776
vt 0.498329 0.759491
vt 0.495009 0.756154
vt 0.498345 0.842777
vt 0.495027 0.852067
vt 0.498348 0.861359
vt 0.495028 0.861358
vt 0.495031 0.875809
vt 0.498351 0.87581
vt 0.498365 0.878712
vt 0.495045 0.878711
vt 0.498329 0.756155
vt 0.498327 0.748905
vt 0.495008 0.748904
vt 0.498365 0.745494
vt 0.495045 0.745493
vt 0.221786 0.97233
vt 0.221762 0.97527
vt 0.225082 0.975217
vt 0.225107 0.972277
vt 0.225068 0.981132
vt 0.221748 0.981185
vt 0.225076 0.98463
vt 0.221755 0.984683
vt 0.225107 0.987234
vt 0.221786 0.987287
vt 0.423716 0.773382
vt 0.423964 0.7711
vt 0.420648 0.77091
vt 0.420401 0.773193
vt 0.42327 0.776481
vt 0.419954 0.776292
vt 0.422667 0.780664
vt 0.419351 0.780475
vt 0.414848 0.859388
vt 0.418163 0.859577
vt 0.415129 0.867725
vt 0.418444 0.867914
vt 0.420648 0.879518
vt 0.423964 0.879707
vt 0.420227 0.8858
vt 0.423535 0.886101
vt 0.419706 0.893577
vt 0.423021 0.893766
vt 0.985364 0.810057
vt 0.985364 0.790484
vt 0.979037 0.801912
vt 0.815987 0.004689
vt 0.815987 0.186192
vt 0.821413 0.186181
vt 0.821413 0.004678
vt 0.825376 0.186151
vt 0.825376 0.004647
vt 0.810553 0.004678
vt 0.810553 0.186181
vt 0.806565 0.004648
vt 0.806565 0.186151
vt 0.909624 0.355508
vt 0.904198 0.355495
vt 0.904198 0.536996
vt 0.898764 0.355508
vt 0.909624 0.537009
vt 0.898764 0.537009
vt 0.880008 0.537064
vt 0.880008 0.355578
vt 0.874595 0.355554
vt 0.885454 0.355556
vt 0.874595 0.537041
vt 0.885454 0.537043
vt 0.889474 0.536982
vt 0.889474 0.355495
vt 0.865385 0.186148
vt 0.865385 0.004674
vt 0.86134 0.004749
vt 0.870841 0.004647
vt 0.86134 0.186224
vt 0.870841 0.186122
vt 0.876244 0.186152
vt 0.876244 0.004677
vt 0.011354 0.858471
vt 0.011367 0.878241
vt 0.025038 0.878241
vt 0.025025 0.858471
vt 0.025046 0.890614
vt 0.011375 0.890614
vt 0.025051 0.900612
vt 0.01138 0.900612
vt 0.011335 0.903795
vt 0.00469 0.898454
vt 0.004687 0.890608
vt 0.004679 0.878235
vt 0.004666 0.858465
vt 0.004645 0.901597
vt 0.031658 0.898454
vt 0.031654 0.890608
vt 0.031646 0.878235
vt 0.031633 0.858465
vt 0.025005 0.903795
vt 0.031612 0.901597
vt 0.637164 0.904863
vt 0.637166 0.919431
vt 0.650836 0.919389
vt 0.650835 0.904821
vt 0.630476 0.916694
vt 0.630475 0.904308
vt 0.657443 0.916611
vt 0.657442 0.904225
vt 0.650831 0.896054
vt 0.63716 0.896096
vt 0.637127 0.850155
vt 0.630438 0.849959
vt 0.630471 0.895541
vt 0.650798 0.850113
vt 0.657405 0.849877
vt 0.637124 0.840822
vt 0.630435 0.83991
vt 0.657438 0.895458
vt 0.650795 0.84078
vt 0.637159 0.833115
vt 0.630476 0.830744
vt 0.657402 0.839827
vt 0.650829 0.833073
vt 0.657443 0.830661
vt 0.896302 0.716168
vt 0.896317 0.702284
vt 0.882645 0.702298
vt 0.902964 0.716094
vt 0.88263 0.716182
vt 0.896293 0.731288
vt 0.902955 0.731323
vt 0.875994 0.716122
vt 0.882623 0.68998
vt 0.896295 0.689966
vt 0.882622 0.731302
vt 0.896272 0.767865
vt 0.902934 0.768275
vt 0.875986 0.73135
vt 0.8826 0.767879
vt 0.875964 0.768302
vt 0.882604 0.776702
vt 0.902957 0.689929
vt 0.875987 0.689957
vt 0.876009 0.702274
vt 0.896276 0.776688
vt 0.896294 0.789959
vt 0.902952 0.787892
vt 0.902937 0.777097
vt 0.882622 0.789973
vt 0.875982 0.78792
vt 0.882648 0.795834
vt 0.89632 0.79582
vt 0.902978 0.793753
vt 0.875968 0.777125
vt 0.876009 0.79378
vt 0.902978 0.702247
vt 0.669727 0.95744
vt 0.686189 0.957633
vt 0.686189 0.943954
vt 0.669727 0.943761
vt 0.683346 0.964285
vt 0.666732 0.96409
vt 0.683346 0.937302
vt 0.666732 0.937107
vt 0.601457 0.945627
vt 0.584703 0.945627
vt 0.584703 0.959305
vt 0.601457 0.959305
vt 0.598599 0.965932
vt 0.582839 0.96593
vt 0.598599 0.93895
vt 0.582839 0.938948
vt 0.14163 0.53849
vt 0.14802 0.537624
vt 0.148326 0.530861
vt 0.157077 0.531292
vt 0.135311 0.532623
vt 0.136829 0.543646
vt 0.13051 0.537779
vt 0.129704 0.55039
vt 0.136366 0.550892
vt 0.156771 0.538055
vt 0.190348 0.554937
vt 0.184542 0.544645
vt 0.190521 0.539227
vt 0.189623 0.55016
vt 0.197228 0.555449
vt 0.195602 0.544742
vt 0.189763 0.563823
vt 0.135979 0.559793
vt 0.178495 0.602575
vt 0.129318 0.559291
vt 0.185644 0.60216
vt 0.196643 0.564335
vt 0.181111 0.617748
vt 0.134935 0.605064
vt 0.128254 0.605439
vt 0.173885 0.61843
vt 0.134341 0.617031
vt 0.127747 0.61565
vt 0.175574 0.632023
vt 0.129553 0.630491
vt 0.168383 0.632613
vt 0.171252 0.644756
vt 0.124288 0.625373
vt 0.116343 0.631653
vt 0.126752 0.635989
vt 0.128975 0.648173
vt 0.132526 0.667641
vt 0.190453 0.659878
vt 0.119683 0.669363
vt 0.178444 0.644167
vt 0.116131 0.649895
vt 0.113909 0.63771
vt 0.109508 0.650773
vt 0.113491 0.635068
vt 0.107285 0.638589
vt 0.113059 0.670242
vt 0.108648 0.627313
vt 0.105973 0.630849
vt 0.197228 0.658961
vt 0.751323 0.845567
vt 0.751323 0.891795
vt 0.768232 0.891753
vt 0.768232 0.845525
vt 0.75134 0.836999
vt 0.768249 0.900176
vt 0.75134 0.900218
vt 0.768249 0.836957
vt 0.751387 0.830711
vt 0.768295 0.906326
vt 0.751387 0.906368
vt 0.768295 0.830669
vt 0.033009 0.583424
vt 0.033603 0.595392
vt 0.072553 0.582025
vt 0.026419 0.584806
vt 0.028221 0.569965
vt 0.02296 0.575083
vt 0.015011 0.568803
vt 0.077164 0.59788
vt 0.034647 0.640663
vt 0.067051 0.567842
vt 0.02542 0.564467
vt 0.027643 0.552282
vt 0.069921 0.555699
vt 0.074247 0.568433
vt 0.079784 0.582708
vt 0.084317 0.598295
vt 0.014799 0.550561
vt 0.012576 0.562746
vt 0.012159 0.565388
vt 0.00818 0.549682
vt 0.005957 0.561867
vt 0.01835 0.531093
vt 0.031194 0.532814
vt 0.089121 0.540577
vt 0.011731 0.530214
vt 0.077117 0.556288
vt 0.004645 0.569607
vt 0.00732 0.573143
vt 0.095901 0.541494
vt 0.088432 0.636633
vt 0.095316 0.63612
vt 0.095901 0.645006
vt 0.089017 0.645519
vt 0.035034 0.649563
vt 0.055439 0.6624
vt 0.083211 0.655811
vt 0.088292 0.650296
vt 0.094275 0.655713
vt 0.089195 0.661228
vt 0.05575 0.669164
vt 0.046688 0.662831
vt 0.035497 0.65681
vt 0.028377 0.650066
vt 0.02799 0.641165
vt 0.046999 0.669595
vt 0.040298 0.661966
vt 0.033984 0.667832
vt 0.026926 0.595017
vt 0.029182 0.662676
vt 0.788096 0.194347
vt 0.788072 0.181206
vt 0.781392 0.180704
vt 0.781421 0.196615
vt 0.767721 0.180729
vt 0.767749 0.19664
vt 0.76781 0.202097
vt 0.761128 0.194397
vt 0.761104 0.181256
vt 0.761188 0.199853
vt 0.761107 0.172638
vt 0.788157 0.199804
vt 0.781481 0.202072
vt 0.788075 0.172589
vt 0.781394 0.172086
vt 0.767723 0.172111
vt 0.767811 0.137772
vt 0.781482 0.137747
vt 0.788157 0.140504
vt 0.761188 0.140554
vt 0.93365 0.472018
vt 0.950537 0.472108
vt 0.950244 0.465827
vt 0.933358 0.465737
vt 0.950176 0.457358
vt 0.933289 0.457268
vt 0.933476 0.427284
vt 0.950363 0.427374
vt 0.93365 0.418898
vt 0.950537 0.418988
vt 0.423849 0.911463
vt 0.423964 0.903061
vt 0.407074 0.90307
vt 0.406959 0.911472
vt 0.42385 0.94145
vt 0.406959 0.941459
vt 0.407074 0.949914
vt 0.423964 0.949905
vt 0.434715 0.899414
vt 0.451623 0.89947
vt 0.451609 0.8909
vt 0.434701 0.890844
vt 0.451647 0.844672
vt 0.434766 0.905704
vt 0.451674 0.90576
vt 0.434738 0.844617
vt 0.451674 0.836251
vt 0.434766 0.836195
vt 0.989589 0.461833
vt 0.989589 0.444814
vt 0.985628 0.444812
vt 0.985628 0.461832
vt 0.540127 0.880919
vt 0.530726 0.890338
vt 0.537374 0.887579
vt 0.540127 0.867954
vt 0.507654 0.867953
vt 0.517056 0.890337
vt 0.507654 0.880918
vt 0.510408 0.887579
vt 0.507654 0.809475
vt 0.540127 0.809476
vt 0.517056 0.799765
vt 0.510408 0.802609
vt 0.530726 0.799766
vt 0.537374 0.80261
vt 0.068315 0.741847
vt 0.004645 0.741815
vt 0.021493 0.758572
vt 0.051466 0.758587
vt 0.05989 0.756348
vt 0.066057 0.75022
vt 0.006902 0.750191
vt 0.013069 0.756324
vt 0.004645 0.695891
vt 0.068315 0.695923
vt 0.051466 0.678904
vt 0.021493 0.678889
vt 0.066058 0.687416
vt 0.059891 0.681187
vt 0.006902 0.687387
vt 0.013069 0.681164
vt 0.434701 0.673155
vt 0.498365 0.673202
vt 0.451548 0.656066
vt 0.481518 0.656088
vt 0.496108 0.664649
vt 0.489941 0.658385
vt 0.434701 0.719325
vt 0.498365 0.719372
vt 0.436958 0.664606
vt 0.443124 0.658351
vt 0.481518 0.736198
vt 0.496108 0.72779
vt 0.489941 0.733949
vt 0.451548 0.736177
vt 0.443124 0.733914
vt 0.436958 0.727746
vt 0.406959 0.976282
vt 0.423915 0.976283
vt 0.423915 0.959208
vt 0.406959 0.959208
vt 0.891045 0.973013
vt 0.891045 0.990085
vt 0.895006 0.990086
vt 0.895006 0.973014
vt 0.989735 0.209896
vt 0.985775 0.209895
vt 0.985775 0.226858
vt 0.989735 0.226858
vt 0.700088 0.977887
vt 0.717043 0.977887
vt 0.717043 0.960813
vt 0.700088 0.960813
vt 0.989735 0.253116
vt 0.989735 0.236154
vt 0.985775 0.236153
vt 0.985775 0.253114
vt 0.612956 0.88879
vt 0.612956 0.835655
vt 0.587526 0.835646
vt 0.587526 0.888781
vt 0.304164 0.90331
vt 0.291881 0.903309
vt 0.291881 0.956452
vt 0.304164 0.956453
vt 0.552804 0.835646
vt 0.552804 0.888785
vt 0.578236 0.888789
vt 0.578236 0.835651
vt 0.921599 0.956235
vt 0.909317 0.956238
vt 0.909317 0.981683
vt 0.921599 0.98168
vt 0.981937 0.558253
vt 0.969693 0.558257
vt 0.969693 0.583705
vt 0.981937 0.5837
vt 0.909317 0.893797
vt 0.909317 0.946941
vt 0.921601 0.946941
vt 0.921601 0.893797

usemtl _Plain
usemap _Plain
f 1/1/1 2/2/2 3/3/3
f 3/3/3 2/2/2 4/4/4
f 1/1/1 3/3/3 5/5/5
f 3/3/3 4/4/4 6/6/6
f 4/4/4 7/7/7 6/6/6
f 4/4/4 8/8/8 7/7/7
f 9/9/9 1/1/1 5/5/5
f 9/9/9 10/10/10 1/1/1
f 11/11/11 10/10/10 9/9/9
f 11/11/11 9/9/9 12/12/12
f 13/13/13 14/14/14 15/15/15
f 13/13/13 15/15/15 16/16/16
f 13/13/13 16/16/16 17/17/17
f 14/14/14 18/18/18 15/15/15
f 14/14/14 19/19/19 18/18/18
f 13/13/13 17/17/17 20/20/20
f 21/21/21 22/22/22 23/23/23
f 21/21/21 23/23/23 24/24/24
f 25/25/25 21/21/21 24/24/24
f 25/25/25 26/26/26 21/21/21
f 27/27/27 26/26/26 25/25/25
f 27/27/27 25/25/25 28/28/28
f 29/29/29 27/27/27 28/28/28
f 29/29/29 30/30/30 27/27/27
f 31/31/31 30/30/30 29/29/29
f 31/31/31 29/29/29 32/32/32
f 33/33/33 34/34/34 35/35/35
f 33/33/33 35/35/35 36/36/36
f 37/37/37 38/38/38 39/39/39
f 37/37/37 39/39/39 40/40/40
f 41/41/41 42/42/42 43/43/43
f 41/41/41 43/43/43 44/44/44
f 45/45/45 41/41/41 44/44/44
f 45/45/45 44/44/44 46/46/46
f 45/45/45 46/46/46 47/47/47
f 45/45/45 47/47/47 48/48/48
f 49/49/49 48/48/48 47/47/47
f 49/49/49 50/50/50 48/48/48
f 50/50/50 49/49/49 51/51/51
f 50/50/50 51/51/51 52/52/52
f 53/53/53 54/54/54 55/55/55
f 53/53/53 55/55/55 56/56/56
f 53/53/53 56/56/56 57/57/57
f 53/53/53 57/57/57 58/58/58
f 59/59/59 60/60/60 61/61/61
f 59/59/59 61/61/61 62/62/62
f 63/63/63 64/64/64 65/65/65
f 63/63/63 65/65/65 66/66/66
f 67/67/67 63/63/63 66/66/66
f 67/67/67 66/66/66 68/68/68
f 69/69/69 66/66/66 65/65/65
f 69/69/69 70/70/70 66/66/66
f 70/70/70 68/68/68 66/66/66
f 70/70/70 71/71/71 68/68/68
f 71/71/71 70/70/70 72/72/72
f 72/72/72 70/70/70 69/69/69
f 71/71/71 72/72/72 73/73/73
f 64/64/64 74/74/74 65/65/65
f 64/64/64 75/75/75 74/74/74
f 72/72/72 69/69/69 76/76/76
f 77/77/77 72/72/72 76/76/76
f 77/77/77 73/73/73 72/72/72
f 77/77/77 78/78/78 73/73/73
f 78/78/78 77/77/77 79/79/79
f 79/79/79 77/77/77 80/80/80
f 77/77/77 76/76/76 80/80/80
f 78/78/78 79/79/79 81/81/81
f 79/79/79 80/80/80 82/82/82
f 83/83/83 84/84/84 85/85/85
f 83/83/83 85/85/85 86/86/86
f 87/87/87 83/83/83 86/86/86
f 87/87/87 88/88/88 83/83/83
f 89/89/89 88/88/88 87/87/87
f 89/89/89 87/87/87 90/90/90
f 91/91/91 89/89/89 90/90/90
f 91/91/91 92/92/92 89/89/89
f 93/93/93 92/92/92 91/91/91
f 93/93/93 91/91/91 94/94/94
f 95/95/95 96/96/96 97/97/97
f 95/95/95 97/97/97 98/98/98
f 99/99/99 100/100/100 101/101/101
f 99/99/99 101/101/101 102/102/102
f 103/103/103 102/102/102 101/101/101
f 103/103/103 104/104/104 102/102/102
f 104/104/104 103/103/103 105/105/105
f 104/104/104 105/105/105 106/106/106
f 107/107/107 106/106/106 105/105/105
f 107/107/107 108/108/108 106/106/106
f 109/109/109 108/108/108 107/107/107
f 109/109/109 107/107/107 110/110/110
f 110/110/110 107/107/107 111/111/111
f 110/110/110 111/111/111 112/112/112
f 113/113/113 114/114/114 115/115/115
f 116/116/116 117/117/117 118/118/118
f 119/119/119 120/120/120 121/121/121
f 122/122/122 123/123/123 124/124/124
f 122/122/122 124/124/124 125/125/125
f 126/126/126 127/127/127 128/128/128
f 129/129/129 130/130/130 131/131/131
f 132/132/132 133/133/133 134/134/134
f 135/135/135 136/136/136 137/137/137
f 135/135/135 137/137/137 138/138/138
f 139/139/139 140/140/140 141/141/141
f 139/139/139 141/141/141 142/142/142
f 143/143/143 144/144/144 145/145/145
f 143/143/143 145/145/145 146/146/146
f 147/147/147 148/148/148 149/149/149
f 147/147/147 149/149/149 150/150/150
f 151/151/151 152/152/152 153/153/153
f 151/151/151 153/153/153 154/154/154
f 155/155/155 156/156/156 157/157/157
f 155/155/155 157/157/157 158/158/158
f 159/159/159 160/160/160 161/161/161
f 159/159/159 161/161/161 162/162/162
f 163/163/163 162/162/162 161/161/161
f 159/159/159 164/164/164 160/160/160
f 159/159/159 165/165/165 164/164/164
f 165/165/165 166/166/166 164/164/164
f 165/165/165 167/167/167 166/166/166
f 164/164/164 166/166/166 168/168/168
f 164/164/164 168/168/168 169/169/169
f 164/164/164 169/169/169 170/170/170
f 164/164/164 170/170/170 160/160/160
f 160/160/160 170/170/170 171/171/171
f 160/160/160 171/171/171 161/161/161
f 172/172/172 161/161/161 171/171/171
f 163/163/163 161/161/161 172/172/172
f 173/173/173 163/163/163 172/172/172
f 170/170/170 174/174/174 171/171/171
f 170/170/170 175/175/175 174/174/174
f 169/169/169 175/175/175 170/170/170
f 169/169/169 176/176/176 175/175/175
f 168/168/168 176/176/176 169/169/169
f 168/168/168 177/177/177 176/176/176
f 166/166/166 177/177/177 168/168/168
f 166/166/166 178/178/178 177/177/177
f 171/171/171 174/174/174 179/179/179
f 173/173/173 172/172/172 180/180/180
f 180/180/180 172/172/172 181/181/181
f 172/172/172 171/171/171 181/181/181
f 171/171/171 179/179/179 181/181/181
f 181/181/181 179/179/179 182/182/182
f 180/180/180 181/181/181 183/183/183
f 181/181/181 182/182/182 183/183/183
f 177/177/177 178/178/178 184/184/184
f 184/184/184 178/178/178 185/185/185
f 185/185/185 178/178/178 186/186/186
f 178/178/178 187/187/187 188/188/188
f 187/187/187 178/178/178 189/189/189
f 189/189/189 178/178/178 190/190/190
f 190/190/190 178/178/178 166/166/166
f 190/190/190 166/166/166 167/167/167
f 191/191/191 192/192/192 193/193/193
f 193/193/193 192/192/192 194/194/194
f 191/191/191 193/193/193 195/195/195
f 195/195/195 193/193/193 196/196/196
f 196/196/196 193/193/193 197/197/197
f 193/193/193 194/194/194 197/197/197
f 197/197/197 194/194/194 198/198/198
f 197/197/197 198/198/198 199/199/199
f 200/200/200 197/197/197 199/199/199
f 196/196/196 197/197/197 200/200/200
f 196/196/196 200/200/200 201/201/201
f 200/200/200 199/199/199 202/202/202
f 200/200/200 202/202/202 203/203/203
f 200/200/200 203/203/203 201/201/201
f 204/204/204 191/191/191 195/195/195
f 204/204/204 195/195/195 205/205/205
f 195/195/195 196/196/196 205/205/205
f 205/205/205 196/196/196 206/206/206
f 196/196/196 201/201/201 206/206/206
f 204/204/204 207/207/207 191/191/191
f 205/205/205 206/206/206 208/208/208
f 209/209/209 205/205/205 208/208/208
f 204/204/204 205/205/205 209/209/209
f 210/210/210 207/207/207 204/204/204
f 210/210/210 211/211/211 207/207/207
f 212/212/212 210/210/210 204/204/204
f 212/212/212 204/204/204 209/209/209
f 212/212/212 209/209/209 213/213/213
f 209/209/209 208/208/208 213/213/213
f 212/212/212 213/213/213 214/214/214
f 214/214/214 210/210/210 212/212/212
f 210/210/210 215/215/215 211/211/211
f 215/215/215 210/210/210 216/216/216
f 216/216/216 210/210/210 217/217/217
f 218/218/218 210/210/210 214/214/214
f 219/219/219 210/210/210 218/218/218
f 220/220/220 210/210/210 219/219/219
f 217/217/217 210/210/210 220/220/220
f 217/217/217 220/220/220 221/221/221
f 220/220/220 219/219/219 222/222/222
f 223/223/223 224/224/224 225/225/225
f 223/223/223 225/225/225 226/226/226
f 227/227/227 228/228/228 229/229/229
f 227/227/227 229/229/229 230/230/230
f 231/231/231 232/232/232 233/233/233
f 231/231/231 233/233/233 234/234/234
f 235/235/235 236/236/236 237/237/237
f 235/235/235 237/237/237 238/238/238
f 239/239/239 240/240/240 241/241/241
f 239/239/239 241/241/241 242/242/242
f 243/243/243 244/244/244 245/245/245
f 243/243/243 245/245/245 246/246/246
f 247/247/247 248/248/248 249/249/249
f 247/247/247 249/249/249 250/250/250
f 251/251/251 252/252/252 253/253/253
f 251/251/251 253/253/253 254/254/254
f 255/255/255 256/256/256 257/257/257
f 255/255/255 257/257/257 258/258/258
f 259/259/259 260/260/260 261/261/261
f 259/259/259 261/261/261 262/262/262
f 263/263/263 264/264/264 265/265/265
f 263/263/263 265/265/265 266/266/266
f 267/267/267 268/268/268 269/269/269
f 267/267/267 269/269/269 270/270/270
f 271/271/271 272/272/272 273/273/273
f 271/271/271 273/273/273 274/274/274
f 275/275/275 276/276/276 277/277/277
f 275/275/275 277/277/277 278/278/278
f 279/279/279 280/280/280 281/281/281
f 279/279/279 281/281/281 282/282/282
f 283/283/283 284/284/284 285/285/285
f 283/283/283 285/285/285 286/286/286
f 287/287/287 288/288/288 289/289/289
f 287/287/287 289/289/289 290/290/290
f 291/291/291 292/292/292 293/293/293
f 291/291/291 293/293/293 294/294/294
f 295/295/295 296/296/296 297/297/297
f 295/295/295 297/297/297 298/298/298
f 299/299/299 300/300/300 301/301/301
f 299/299/299 301/301/301 302/302/302
f 303/303/303 304/304/304 305/305/305
f 303/303/303 305/305/305 306/306/306
f 307/307/307 308/308/308 309/309/309
f 307/307/307 309/309/309 310/310/310
f 311/311/311 312/312/312 313/313/313
f 311/311/311 313/313/313 314/314/314
f 315/315/315 316/316/316 317/317/317
f 315/315/315 317/317/317 318/318/318
f 319/319/319 320/320/320 321/321/321
f 319/319/319 321/321/321 322/322/322
f 323/323/323 324/324/324 325/325/325
f 323/323/323 325/325/325 326/326/326
f 327/327/327 328/328/328 329/329/329
f 327/327/327 329/329/329 330/330/330
f 331/331/331 332/332/332 333/333/333
f 331/331/331 333/333/333 334/334/334
f 335/335/335 336/336/336 337/337/337
f 335/335/335 337/337/337 338/338/338
f 335/335/335 338/338/338 339/339/339
f 335/335/335 339/339/339 340/340/340
f 340/340/340 339/339/339 341/341/341
f 340/340/340 341/341/341 342/342/342
f 343/343/343 344/344/344 345/345/345
f 343/343/343 345/345/345 346/346/346
f 344/344/344 347/347/347 345/345/345
f 344/344/344 348/348/348 347/347/347
f 349/349/349 350/350/350 351/351/351
f 349/349/349 351/351/351 352/352/352
f 353/353/353 354/354/354 355/355/355
f 353/353/353 355/355/355 356/356/356
f 354/354/354 357/357/357 355/355/355
f 354/354/354 358/358/358 357/357/357
f 359/359/359 360/360/360 361/361/361
f 359/359/359 361/361/361 362/362/362
f 360/360/360 363/363/363 361/361/361
f 360/360/360 364/364/364 363/363/363
f 365/365/365 366/366/366 367/367/367
f 365/365/365 367/367/367 368/368/368
f 369/369/369 370/370/370 371/371/371
f 371/371/371 370/370/370 372/372/372
f 373/373/373 370/370/370 369/369/369
f 370/370/370 373/373/373 374/374/374
f 370/370/370 374/374/374 372/372/372
f 369/369/369 371/371/371 375/375/375
f 371/371/371 372/372/372 376/376/376
f 376/376/376 372/372/372 377/377/377
f 373/373/373 369/369/369 378/378/378
f 376/376/376 377/377/377 379/379/379
f 380/380/380 381/381/381 382/382/382
f 380/380/380 382/382/382 383/383/383
f 380/380/380 384/384/384 381/381/381
f 385/385/385 386/386/386 387/387/387
f 385/385/385 387/387/387 388/388/388
f 385/385/385 389/389/389 386/386/386
f 386/386/386 389/389/389 390/390/390
f 385/385/385 391/391/391 389/389/389
f 386/386/386 390/390/390 392/392/392
f 393/393/393 394/394/394 395/395/395
f 396/396/396 397/397/397 398/398/398
f 399/399/399 400/400/400 401/401/401
f 402/402/402 403/403/403 404/404/404
f 405/405/405 406/406/406 407/407/407
f 405/405/405 407/407/407 408/408/408
f 409/409/409 410/410/410 411/411/411
f 412/412/412 413/413/413 414/414/414
f 415/415/415 416/416/416 417/417/417
f 418/418/418 419/419/419 420/420/420
f 421/421/421 422/422/422 423/423/423
f 424/424/424 425/425/425 426/426/426
f 424/424/424 426/426/426 427/427/427
f 428/428/428 429/429/429 430/430/430
f 428/428/428 430/430/430 431/431/431
f 432/432/432 433/433/433 434/434/434
f 432/432/432 434/434/434 435/435/435
f 436/436/436 437/437/437 438/438/438
f 436/436/436 438/438/438 439/439/439
f 440/440/440 441/441/441 442/442/442
f 440/440/440 442/442/442 443/443/443
f 444/444/444 445/445/445 446/446/446
f 444/444/444 446/446/446 447/447/447
f 448/448/448 449/449/449 450/450/450
f 451/451/451 448/448/448 450/450/450
f 448/448/448 451/451/451 452/452/452
f 452/452/452 451/451/451 453/453/453
f 454/454/454 450/450/450 449/449/449
f 450/450/450 454/454/454 455/455/455
f 449/449/449 448/448/448 456/456/456
f 457/457/457 456/456/456 448/448/448
f 456/456/456 457/457/457 458/458/458
f 459/459/459 456/456/456 458/458/458
f 460/460/460 456/456/456 459/459/459
f 461/461/461 458/458/458 457/457/457
f 458/458/458 461/461/461 462/462/462
f 456/456/456 460/460/460 463/463/463
f 464/464/464 465/465/465 466/466/466
f 464/464/464 466/466/466 467/467/467
f 468/468/468 464/464/464 467/467/467
f 469/469/469 464/464/464 468/468/468
f 469/469/469 470/470/470 464/464/464
f 470/470/470 465/465/465 464/464/464
f 470/470/470 471/471/471 465/465/465
f 471/471/471 472/472/472 465/465/465
f 471/471/471 473/473/473 472/472/472
f 465/465/465 472/472/472 474/474/474
f 465/465/465 474/474/474 466/466/466
f 473/473/473 475/475/475 472/472/472
f 473/473/473 476/476/476 475/475/475
f 472/472/472 475/475/475 477/477/477
f 472/472/472 477/477/477 474/474/474
f 468/468/468 467/467/467 478/478/478
f 479/479/479 480/480/480 481/481/481
f 479/479/479 481/481/481 482/482/482
f 483/483/483 479/479/479 482/482/482
f 482/482/482 481/481/481 484/484/484
f 485/485/485 481/481/481 480/480/480
f 485/485/485 486/486/486 481/481/481
f 481/481/481 486/486/486 487/487/487
f 481/481/481 487/487/487 484/484/484
f 483/483/483 482/482/482 488/488/488
f 488/488/488 482/482/482 489/489/489
f 482/482/482 484/484/484 489/489/489
f 490/490/490 486/486/486 485/485/485
f 490/490/490 491/491/491 486/486/486
f 486/486/486 491/491/491 492/492/492
f 486/486/486 492/492/492 487/487/487
f 488/488/488 489/489/489 493/493/493
f 494/494/494 495/495/495 496/496/496
f 496/496/496 495/495/495 497/497/497
f 494/494/494 496/496/496 498/498/498
f 499/499/499 495/495/495 494/494/494
f 499/499/499 500/500/500 495/495/495
f 495/495/495 500/500/500 501/501/501
f 495/495/495 501/501/501 497/497/497
f 502/502/502 500/500/500 499/499/499
f 502/502/502 503/503/503 500/500/500
f 500/500/500 503/503/503 504/504/504
f 500/500/500 504/504/504 501/501/501
f 505/505/505 503/503/503 502/502/502
f 505/505/505 506/506/506 503/503/503
f 503/503/503 506/506/506 507/507/507
f 503/503/503 507/507/507 504/504/504
f 508/508/508 506/506/506 505/505/505
f 508/508/508 509/509/509 506/506/506
f 506/506/506 509/509/509 510/510/510
f 506/506/506 510/510/510 507/507/507
f 496/496/496 497/497/497 511/511/511
f 512/512/512 513/513/513 514/514/514
f 512/512/512 514/514/514 515/515/515
f 512/512/512 515/515/515 516/516/516
f 516/516/516 515/515/515 517/517/517
f 515/515/515 514/514/514 518/518/518
f 515/515/515 518/518/518 517/517/517
f 512/512/512 516/516/516 519/519/519
f 519/519/519 516/516/516 520/520/520
f 520/520/520 516/516/516 521/521/521
f 516/516/516 517/517/517 521/521/521
f 519/519/519 520/520/520 522/522/522
f 520/520/520 521/521/521 523/523/523
f 524/524/524 525/525/525 526/526/526
f 526/526/526 525/525/525 527/527/527
f 525/525/525 528/528/528 527/527/527
f 527/527/527 528/528/528 529/529/529
f 530/530/530 525/525/525 524/524/524
f 525/525/525 530/530/530 531/531/531
f 524/524/524 526/526/526 532/532/532
f 532/532/532 526/526/526 533/533/533
f 531/531/531 530/530/530 534/534/534
f 531/531/531 534/534/534 535/535/535
f 535/535/535 534/534/534 536/536/536
f 534/534/534 530/530/530 537/537/537
f 530/530/530 538/538/538 537/537/537
f 537/537/537 538/538/538 539/539/539
f 540/540/540 541/541/541 542/542/542
f 543/543/543 541/541/541 540/540/540
f 540/540/540 542/542/542 544/544/544
f 545/545/545 540/540/540 544/544/544
f 546/546/546 540/540/540 545/545/545
f 543/543/543 540/540/540 546/546/546
f 547/547/547 543/543/543 546/546/546
f 544/544/544 542/542/542 548/548/548
f 545/545/545 544/544/544 549/549/549
f 549/549/549 544/544/544 550/550/550
f 544/544/544 548/548/548 550/550/550
f 551/551/551 545/545/545 549/549/549
f 552/552/552 545/545/545 551/551/551
f 546/546/546 545/545/545 552/552/552
f 553/553/553 546/546/546 552/552/552
f 547/547/547 546/546/546 553/553/553
f 554/554/554 541/541/541 543/543/543
f 554/554/554 555/555/555 541/541/541
f 541/541/541 555/555/555 556/556/556
f 541/541/541 556/556/556 542/542/542
f 557/557/557 554/554/554 543/543/543
f 557/557/557 543/543/543 547/547/547
f 542/542/542 556/556/556 558/558/558
f 559/559/559 558/558/558 556/556/556
f 556/556/556 555/555/555 560/560/560
f 561/561/561 560/560/560 555/555/555
f 561/561/561 555/555/555 554/554/554
f 562/562/562 561/561/561 554/554/554
f 562/562/562 554/554/554 557/557/557
f 552/552/552 551/551/551 563/563/563
f 564/564/564 552/552/552 563/563/563
f 553/553/553 552/552/552 564/564/564
f 564/564/564 563/563/563 565/565/565
f 566/566/566 561/561/561 562/562/562
f 566/566/566 567/567/567 561/561/561
f 567/567/567 560/560/560 561/561/561
f 567/567/567 568/568/568 560/560/560
f 568/568/568 569/569/569 560/560/560
f 559/559/559 556/556/556 569/569/569
f 556/556/556 560/560/560 569/569/569
f 568/568/568 570/570/570 569/569/569
f 569/569/569 570/570/570 571/571/571
f 569/569/569 571/571/571 559/559/559
f 542/542/542 558/558/558 548/548/548
f 572/572/572 573/573/573 574/574/574
f 574/574/574 573/573/573 575/575/575
f 575/575/575 573/573/573 576/576/576
f 576/576/576 573/573/573 577/577/577
f 578/578/578 573/573/573 572/572/572
f 573/573/573 578/578/578 579/579/579
f 572/572/572 574/574/574 580/580/580
f 580/580/580 574/574/574 581/581/581
f 579/579/579 578/578/578 582/582/582
f 579/579/579 582/582/582 583/583/583
f 583/583/583 582/582/582 584/584/584
f 582/582/582 578/578/578 585/585/585
f 578/578/578 586/586/586 585/585/585
f 585/585/585 586/586/586 587/587/587
f 588/588/588 589/589/589 590/590/590
f 588/588/588 590/590/590 591/591/591
f 591/591/591 590/590/590 592/592/592
f 591/591/591 593/593/593 588/588/588
f 591/591/591 594/594/594 593/593/593
f 595/595/595 594/594/594 591/591/591
f 594/594/594 595/595/595 596/596/596
f 594/594/594 597/597/597 593/593/593
f 594/594/594 598/598/598 597/597/597
f 594/594/594 596/596/596 598/598/598
f 598/598/598 599/599/599 597/597/597
f 598/598/598 600/600/600 599/599/599
f 591/591/591 592/592/592 601/601/601
f 595/595/595 591/591/591 601/601/601
f 602/602/602 595/595/595 601/601/601
f 601/601/601 592/592/592 603/603/603
f 595/595/595 602/602/602 604/604/604
f 595/595/595 604/604/604 596/596/596
f 602/602/602 601/601/601 605/605/605
f 601/601/601 603/603/603 605/605/605
f 605/605/605 603/603/603 606/606/606
f 605/605/605 607/607/607 602/602/602
f 605/605/605 608/608/608 607/607/607
f 605/605/605 606/606/606 608/608/608
f 608/608/608 606/606/606 609/609/609
f 602/602/602 607/607/607 610/610/610
f 602/602/602 610/610/610 604/604/604
f 604/604/604 610/610/610 611/611/611
f 612/612/612 607/607/607 608/608/608
f 608/608/608 609/609/609 612/612/612
f 612/612/612 613/613/613 607/607/607
f 613/613/613 610/610/610 607/607/607
f 612/612/612 609/609/609 614/614/614
f 613/613/613 615/615/615 610/610/610
f 615/615/615 611/611/611 610/610/610
f 615/615/615 616/616/616 611/611/611
f 617/617/617 613/613/613 612/612/612
f 612/612/612 614/614/614 617/617/617
f 617/617/617 618/618/618 613/613/613
f 613/613/613 618/618/618 619/619/619
f 613/613/613 619/619/619 615/615/615
f 615/615/615 619/619/619 620/620/620
f 615/615/615 620/620/620 616/616/616
f 604/604/604 611/611/611 621/621/621
f 622/622/622 623/623/623 624/624/624
f 622/622/622 624/624/624 625/625/625
f 626/626/626 627/627/627 628/628/628
f 628/628/628 627/627/627 629/629/629
f 626/626/626 628/628/628 630/630/630
f 630/630/630 631/631/631 626/626/626
f 630/630/630 632/632/632 631/631/631
f 628/628/628 629/629/629 633/633/633
f 634/634/634 635/635/635 636/636/636
f 634/634/634 636/636/636 637/637/637
f 637/637/637 636/636/636 638/638/638
f 634/634/634 639/639/639 635/635/635
f 640/640/640 639/639/639 634/634/634
f 639/639/639 640/640/640 641/641/641
f 637/637/637 638/638/638 642/642/642
f 642/642/642 638/638/638 643/643/643
f 642/642/642 643/643/643 644/644/644
f 645/645/645 644/644/644 643/643/643
f 644/644/644 645/645/645 646/646/646
f 646/646/646 645/645/645 647/647/647
f 648/648/648 649/649/649 650/650/650
f 648/648/648 650/650/650 651/651/651
f 649/649/649 652/652/652 650/650/650
f 649/649/649 653/653/653 652/652/652
f 654/654/654 652/652/652 653/653/653
f 652/652/652 654/654/654 655/655/655
f 655/655/655 654/654/654 656/656/656
f 657/657/657 656/656/656 654/654/654
f 654/654/654 653/653/653 658/658/658
f 657/657/657 654/654/654 658/658/658
f 659/659/659 657/657/657 658/658/658
f 660/660/660 658/658/658 653/653/653
f 660/660/660 661/661/661 658/658/658
f 659/659/659 658/658/658 661/661/661
f 662/662/662 661/661/661 660/660/660
f 663/663/663 659/659/659 661/661/661
f 663/663/663 661/661/661 662/662/662
f 664/664/664 663/663/663 662/662/662
f 665/665/665 660/660/660 653/653/653
f 662/662/662 660/660/660 666/666/666
f 665/665/665 666/666/666 660/660/660
f 667/667/667 662/662/662 666/666/666
f 664/664/664 662/662/662 667/667/667
f 665/665/665 668/668/668 666/666/666
f 667/667/667 666/666/666 669/669/669
f 670/670/670 669/669/669 666/666/666
f 670/670/670 666/666/666 668/668/668
f 671/671/671 670/670/670 668/668/668
f 672/672/672 663/663/663 664/664/664
f 672/672/672 673/673/673 663/663/663
f 673/673/673 659/659/659 663/663/663
f 673/673/673 674/674/674 659/659/659
f 675/675/675 668/668/668 665/665/665
f 675/675/675 676/676/676 668/668/668
f 671/671/671 668/668/668 676/676/676
f 675/675/675 665/665/665 649/649/649
f 675/675/675 649/649/649 648/648/648
f 665/665/665 653/653/653 649/649/649
f 674/674/674 677/677/677 657/657/657
f 677/677/677 656/656/656 657/657/657
f 677/677/677 678/678/678 656/656/656
f 679/679/679 656/656/656 678/678/678
f 674/674/674 657/657/657 659/659/659
f 679/679/679 678/678/678 680/680/680
f 680/680/680 681/681/681 679/679/679
f 680/680/680 682/682/682 681/681/681
f 679/679/679 681/681/681 683/683/683
f 679/679/679 683/683/683 655/655/655
f 655/655/655 656/656/656 679/679/679
f 655/655/655 683/683/683 684/684/684
f 655/655/655 684/684/684 685/685/685
f 686/686/686 685/685/685 684/684/684
f 686/686/686 687/687/687 685/685/685
f 685/685/685 687/687/687 650/650/650
f 688/688/688 687/687/687 686/686/686
f 688/688/688 689/689/689 687/687/687
f 687/687/687 689/689/689 651/651/651
f 687/687/687 651/651/651 650/650/650
f 685/685/685 650/650/650 652/652/652
f 652/652/652 655/655/655 685/685/685
f 690/690/690 691/691/691 692/692/692
f 690/690/690 692/692/692 693/693/693
f 694/694/694 695/695/695 696/696/696
f 695/695/695 694/694/694 697/697/697
f 694/694/694 696/696/696 698/698/698
f 698/698/698 696/696/696 699/699/699
f 698/698/698 699/699/699 700/700/700
f 695/695/695 697/697/697 701/701/701
f 702/702/702 703/703/703 704/704/704
f 703/703/703 702/702/702 705/705/705
f 702/702/702 704/704/704 706/706/706
f 703/703/703 705/705/705 707/707/707
f 708/708/708 709/709/709 710/710/710
f 709/709/709 708/708/708 711/711/711
f 711/711/711 708/708/708 712/712/712
f 713/713/713 711/711/711 712/712/712
f 713/713/713 712/712/712 714/714/714
f 715/715/715 713/713/713 714/714/714
f 715/715/715 714/714/714 716/716/716
f 717/717/717 715/715/715 716/716/716
f 717/717/717 716/716/716 718/718/718
f 719/719/719 717/717/717 718/718/718
f 717/717/717 719/719/719 720/720/720
f 720/720/720 719/719/719 721/721/721
f 722/722/722 723/723/723 724/724/724
f 722/722/722 724/724/724 725/725/725
f 726/726/726 722/722/722 725/725/725
f 723/723/723 727/727/727 724/724/724
f 723/723/723 728/728/728 727/727/727
f 729/729/729 728/728/728 723/723/723
f 724/724/724 727/727/727 730/730/730
f 728/728/728 731/731/731 727/727/727
f 731/731/731 730/730/730 727/727/727
f 728/728/728 732/732/732 731/731/731
f 729/729/729 732/732/732 728/728/728
f 729/729/729 733/733/733 732/732/732
f 731/731/731 734/734/734 730/730/730
f 726/726/726 725/725/725 735/735/735
f 726/726/726 735/735/735 736/736/736
f 737/737/737 736/736/736 735/735/735
f 738/738/738 736/736/736 737/737/737
f 729/729/729 723/723/723 739/739/739
f 740/740/740 736/736/736 738/738/738
f 740/740/740 741/741/741 736/736/736
f 726/726/726 736/736/736 741/741/741
f 742/742/742 741/741/741 740/740/740
f 742/742/742 740/740/740 743/743/743
f 738/738/738 737/737/737 744/744/744
f 742/742/742 726/726/726 741/741/741
f 742/742/742 745/745/745 726/726/726
f 745/745/745 722/722/722 726/726/726
f 745/745/745 746/746/746 722/722/722
f 746/746/746 739/739/739 723/723/723
f 746/746/746 723/723/723 722/722/722
f 747/747/747 746/746/746 745/745/745
f 747/747/747 748/748/748 746/746/746
f 749/749/749 747/747/747 745/745/745
f 749/749/749 745/745/745 742/742/742
f 737/737/737 735/735/735 750/750/750
f 725/725/725 750/750/750 735/735/735
f 725/725/725 751/751/751 750/750/750
f 724/724/724 751/751/751 725/725/725
f 724/724/724 752/752/752 751/751/751
f 724/724/724 730/730/730 752/752/752
f 753/753/753 754/754/754 755/755/755
f 753/753/753 755/755/755 756/756/756
f 757/757/757 758/758/758 759/759/759
f 758/758/758 757/757/757 760/760/760
f 757/757/757 759/759/759 761/761/761
f 762/762/762 761/761/761 759/759/759
f 762/762/762 763/763/763 761/761/761
f 758/758/758 760/760/760 764/764/764
f 765/765/765 766/766/766 767/767/767
f 765/765/765 767/767/767 768/768/768
f 769/769/769 770/770/770 771/771/771
f 769/769/769 771/771/771 772/772/772
f 773/773/773 774/774/774 775/775/775
f 775/775/775 774/774/774 776/776/776
f 773/773/773 775/775/775 777/777/777
f 778/778/778 777/777/777 775/775/775
f 773/773/773 777/777/777 779/779/779
f 775/775/775 776/776/776 780/780/780
f 778/778/778 775/775/775 781/781/781
f 778/778/778 781/781/781 782/782/782
f 778/778/778 782/782/782 783/783/783
f 784/784/784 783/783/783 782/782/782
f 784/784/784 785/785/785 783/783/783
f 785/785/785 784/784/784 786/786/786
f 786/786/786 784/784/784 787/787/787
f 786/786/786 787/787/787 788/788/788
f 785/785/785 786/786/786 789/789/789
f 785/785/785 789/789/789 790/790/790
f 785/785/785 790/790/790 791/791/791
f 773/773/773 779/779/779 792/792/792
f 793/793/793 794/794/794 795/795/795
f 793/793/793 795/795/795 796/796/796
f 797/797/797 798/798/798 799/799/799
f 797/797/797 799/799/799 800/800/800
f 801/801/801 802/802/802 803/803/803
f 803/803/803 802/802/802 804/804/804
f 801/801/801 803/803/803 805/805/805
f 801/801/801 805/805/805 806/806/806
f 807/807/807 805/805/805 803/803/803
f 807/807/807 808/808/808 805/805/805
f 808/808/808 807/807/807 809/809/809
f 803/803/803 804/804/804 810/810/810
f 801/801/801 806/806/806 811/811/811
f 808/808/808 809/809/809 812/812/812
f 813/813/813 812/812/812 809/809/809
f 813/813/813 809/809/809 814/814/814
f 813/813/813 814/814/814 815/815/815
f 815/815/815 814/814/814 816/816/816
f 813/813/813 815/815/815 817/817/817
f 813/813/813 817/817/817 818/818/818
f 813/813/813 818/818/818 819/819/819
f 815/815/815 816/816/816 820/820/820
f 821/821/821 822/822/822 823/823/823
f 821/821/821 823/823/823 824/824/824
f 825/825/825 826/826/826 827/827/827
f 827/827/827 826/826/826 828/828/828
f 826/826/826 829/829/829 828/828/828
f 828/828/828 829/829/829 830/830/830
f 831/831/831 826/826/826 825/825/825
f 826/826/826 831/831/831 832/832/832
f 825/825/825 827/827/827 833/833/833
f 833/833/833 827/827/827 834/834/834
f 832/832/832 831/831/831 835/835/835
f 832/832/832 835/835/835 836/836/836
f 836/836/836 835/835/835 837/837/837
f 835/835/835 831/831/831 838/838/838
f 838/838/838 831/831/831 839/839/839
f 839/839/839 831/831/831 840/840/840
f 841/841/841 842/842/842 843/843/843
f 842/842/842 841/841/841 844/844/844
f 841/841/841 843/843/843 845/845/845
f 842/842/842 844/844/844 846/846/846
f 847/847/847 848/848/848 849/849/849
f 847/847/847 849/849/849 850/850/850
f 851/851/851 852/852/852 853/853/853
f 851/851/851 853/853/853 854/854/854
f 854/854/854 853/853/853 855/855/855
f 854/854/854 855/855/855 856/856/856
f 856/856/856 855/855/855 857/857/857
f 856/856/856 857/857/857 858/858/858
f 859/859/859 860/860/860 861/861/861
f 859/859/859 861/861/861 862/862/862
f 862/862/862 861/861/861 863/863/863
f 862/862/862 863/863/863 864/864/864
f 864/864/864 863/863/863 865/865/865
f 864/864/864 865/865/865 866/866/866
f 865/865/865 867/867/867 866/866/866
f 865/865/865 868/868/868 867/867/867
f 869/869/869 549/549/549 870/870/870
f 869/869/869 870/870/870 871/871/871
f 549/549/549 550/550/550 870/870/870
f 551/551/551 549/549/549 869/869/869
f 872/872/872 873/873/873 874/874/874
f 872/872/872 874/874/874 875/875/875
f 876/876/876 877/877/877 878/878/878
f 876/876/876 878/878/878 879/879/879
f 880/880/880 881/881/881 882/882/882
f 880/880/880 882/882/882 883/883/883
f 882/882/882 881/881/881 884/884/884
f 881/881/881 880/880/880 885/885/885
f 881/881/881 885/885/885 886/886/886
f 885/885/885 880/880/880 887/887/887
f 885/885/885 887/887/887 888/888/888
f 887/887/887 880/880/880 889/889/889
f 889/889/889 880/880/880 890/890/890
f 890/890/890 880/880/880 891/891/891
f 892/892/892 893/893/893 894/894/894
f 892/892/892 894/894/894 895/895/895
f 896/896/896 894/894/894 893/893/893
f 897/897/897 894/894/894 896/896/896
f 894/894/894 897/897/897 898/898/898
f 899/899/899 893/893/893 892/892/892
f 893/893/893 899/899/899 900/900/900
f 900/900/900 899/899/899 901/901/901
f 901/901/901 899/899/899 902/902/902
f 899/899/899 892/892/892 903/903/903
f 904/904/904 905/905/905 906/906/906
f 904/904/904 906/906/906 907/907/907
f 908/908/908 904/904/904 907/907/907
f 909/909/909 907/907/907 906/906/906
f 908/908/908 907/907/907 910/910/910
f 911/911/911 910/910/910 907/907/907
f 911/911/911 907/907/907 909/909/909
f 909/909/909 912/912/912 911/911/911
f 909/909/909 913/913/913 912/912/912
f 914/914/914 913/913/913 909/909/909
f 909/909/909 906/906/906 914/914/914
f 914/914/914 915/915/915 913/913/913
f 908/908/908 916/916/916 904/904/904
f 908/908/908 917/917/917 916/916/916
f 904/904/904 916/916/916 918/918/918
f 904/904/904 918/918/918 905/905/905
f 919/919/919 915/915/915 914/914/914
f 919/919/919 920/920/920 915/915/915
f 921/921/921 922/922/922 923/923/923
f 924/924/924 922/922/922 921/921/921
f 921/921/921 923/923/923 925/925/925
f 923/923/923 926/926/926 925/925/925
f 923/923/923 927/927/927 926/926/926
f 926/926/926 927/927/927 928/928/928
f 926/926/926 928/928/928 929/929/929
f 925/925/925 930/930/930 921/921/921
f 925/925/925 931/931/931 930/930/930
f 926/926/926 931/931/931 925/925/925
f 926/926/926 932/932/932 931/931/931
f 929/929/929 932/932/932 926/926/926
f 921/921/921 930/930/930 933/933/933
f 929/929/929 934/934/934 932/932/932
f 932/932/932 935/935/935 931/931/931
f 932/932/932 936/936/936 935/935/935
f 931/931/931 935/935/935 937/937/937
f 931/931/931 937/937/937 930/930/930
f 936/936/936 938/938/938 935/935/935
f 936/936/936 939/939/939 938/938/938
f 935/935/935 938/938/938 940/940/940
f 935/935/935 940/940/940 937/937/937
f 937/937/937 940/940/940 941/941/941
f 942/942/942 939/939/939 936/936/936
f 942/942/942 943/943/943 939/939/939
f 937/937/937 941/941/941 944/944/944
f 921/921/921 933/933/933 945/945/945
f 924/924/924 921/921/921 945/945/945
f 946/946/946 947/947/947 948/948/948
f 946/946/946 948/948/948 949/949/949
f 950/950/950 947/947/947 946/946/946
f 950/950/950 951/951/951 947/947/947
f 952/952/952 951/951/951 950/950/950
f 952/952/952 950/950/950 953/953/953
f 954/954/954 952/952/952 953/953/953
f 954/954/954 955/955/955 952/952/952
f 956/956/956 957/957/957 958/958/958
f 956/956/956 958/958/958 959/959/959
f 960/960/960 961/961/961 962/962/962
f 960/960/960 962/962/962 963/963/963
f 963/963/963 964/964/964 960/960/960
f 963/963/963 965/965/965 964/964/964
f 966/966/966 965/965/965 963/963/963
f 962/962/962 966/966/966 963/963/963
f 966/966/966 967/967/967 965/965/965
f 962/962/962 968/968/968 966/966/966
f 969/969/969 967/967/967 966/966/966
f 968/968/968 969/969/969 966/966/966
f 969/969/969 970/970/970 967/967/967
f 968/968/968 971/971/971 969/969/969
f 972/972/972 973/973/973 974/974/974
f 972/972/972 974/974/974 975/975/975
f 975/975/975 974/974/974 976/976/976
f 975/975/975 976/976/976 977/977/977
f 978/978/978 973/973/973 972/972/972
f 978/978/978 979/979/979 973/973/973
f 980/980/980 981/981/981 982/982/982
f 980/980/980 982/982/982 983/983/983
f 983/983/983 982/982/982 984/984/984
f 980/980/980 983/983/983 985/985/985
f 983/983/983 984/984/984 986/986/986
f 983/983/983 986/986/986 987/987/987
f 983/983/983 987/987/987 985/985/985
f 988/988/988 985/985/985 987/987/987
f 989/989/989 981/981/981 980/980/980
f 989/989/989 990/990/990 981/981/981
f 988/988/988 987/987/987 991/991/991
f 992/992/992 985/985/985 988/988/988
f 992/992/992 993/993/993 985/985/985
f 980/980/980 985/985/985 993/993/993
f 994/994/994 993/993/993 992/992/992
f 994/994/994 995/995/995 993/993/993
f 988/988/988 996/996/996 992/992/992
f 988/988/988 997/997/997 996/996/996
f 998/998/998 997/997/997 988/988/988
f 998/998/998 988/988/988 991/991/991
f 999/999/999 1000/1000/1000 1001/1001/1001
f 999/999/999 1001/1001/1001 1002/1002/1002
f 1003/1003/1003 1004/1004/1004 1005/1005/1005
f 1003/1003/1003 1005/1005/1005 1006/1006/1006
f 1007/1007/1007 1003/1003/1003 1006/1006/1006
f 1007/1007/1007 1006/1006/1006 1008/1008/1008
f 1004/1004/1004 1009/1009/1009 1005/1005/1005
f 1004/1004/1004 1010/1010/1010 1009/1009/1009
f 1010/1010/1010 1011/1011/1011 1009/1009/1009
f 1010/1010/1010 1012/1012/1012 1011/1011/1011
f 1013/1013/1013 1014/1014/1014 1015/1015/1015
f 1013/1013/1013 1015/1015/1015 1016/1016/1016
f 1017/1017/1017 1015/1015/1015 1014/1014/1014
f 1017/1017/1017 1018/1018/1018 1015/1015/1015
f 1019/1019/1019 1018/1018/1018 1017/1017/1017
f 1019/1019/1019 1020/1020/1020 1018/1018/1018
f 1021/1021/1021 1022/1022/1022 1023/1023/1023
f 1021/1021/1021 1023/1023/1023 1024/1024/1024
f 1021/1021/1021 1024/1024/1024 1025/1025/1025
f 1021/1021/1021 1025/1025/1025 1026/1026/1026
f 1026/1026/1026 1025/1025/1025 1027/1027/1027
f 1026/1026/1026 1027/1027/1027 1028/1028/1028
f 1029/1029/1029 1030/1030/1030 1031/1031/1031
f 1029/1029/1029 1031/1031/1031 1032/1032/1032
f 1033/1033/1033 1029/1029/1029 1032/1032/1032
f 1033/1033/1033 1032/1032/1032 1034/1034/1034
f 1030/1030/1030 1035/1035/1035 1031/1031/1031
f 1030/1030/1030 1036/1036/1036 1035/1035/1035
f 1036/1036/1036 1037/1037/1037 1035/1035/1035
f 1036/1036/1036 1038/1038/1038 1037/1037/1037
f 1039/1039/1039 1040/1040/1040 1041/1041/1041
f 1039/1039/1039 1041/1041/1041 1042/1042/1042
f 1042/1042/1042 1041/1041/1041 1043/1043/1043
f 1042/1042/1042 1043/1043/1043 1044/1044/1044
f 1045/1045/1045 1046/1046/1046 1047/1047/1047
f 1045/1045/1045 1047/1047/1047 1048/1048/1048
f 1048/1048/1048 1047/1047/1047 1049/1049/1049
f 1048/1048/1048 1049/1049/1049 1050/1050/1050
f 1050/1050/1050 1049/1049/1049 1051/1051/1051
f 1050/1050/1050 1051/1051/1051 1052/1052/1052
f 1053/1053/1053 1052/1052/1052 1051/1051/1051
f 1053/1053/1053 1051/1051/1051 1054/1054/1054
f 1055/1055/1055 1053/1053/1053 1054/1054/1054
f 1055/1055/1055 1054/1054/1054 1056/1056/1056
f 1057/1057/1057 1055/1055/1055 1056/1056/1056
f 1057/1057/1057 1056/1056/1056 1058/1058/1058
f 1057/1057/1057 1058/1058/1058 1059/1059/1059
f 1057/1057/1057 1059/1059/1059 1060/1060/1060
f 1060/1060/1060 1059/1059/1059 1061/1061/1061
f 1060/1060/1060 1061/1061/1061 1062/1062/1062
f 1062/1062/1062 1061/1061/1061 1063/1063/1063
f 1062/1062/1062 1063/1063/1063 1064/1064/1064
f 1065/1065/1065 1064/1064/1064 1063/1063/1063
f 1065/1065/1065 1063/1063/1063 1066/1066/1066
f 1067/1067/1067 1065/1065/1065 1066/1066/1066
f 1067/1067/1067 1066/1066/1066 1068/1068/1068
f 1045/1045/1045 1067/1067/1067 1068/1068/1068
f 1045/1045/1045 1068/1068/1068 1046/1046/1046
f 1069/1069/1069 1070/1070/1070 1071/1071/1071
f 1069/1069/1069 1071/1071/1071 1072/1072/1072
f 1069/1069/1069 1072/1072/1072 1073/1073/1073
f 1070/1070/1070 1074/1074/1074 1071/1071/1071
f 1070/1070/1070 1075/1075/1075 1074/1074/1074
f 1075/1075/1075 1076/1076/1076 1074/1074/1074
f 1075/1075/1075 1077/1077/1077 1076/1076/1076
f 1078/1078/1078 1076/1076/1076 1077/1077/1077
f 1078/1078/1078 1079/1079/1079 1076/1076/1076
f 1080/1080/1080 1079/1079/1079 1078/1078/1078
f 1080/1080/1080 1081/1081/1081 1079/1079/1079
f 1082/1082/1082 1081/1081/1081 1080/1080/1080
f 1082/1082/1082 1083/1083/1083 1081/1081/1081
f 1082/1082/1082 1084/1084/1084 1083/1083/1083
f 1082/1082/1082 1085/1085/1085 1084/1084/1084
f 1085/1085/1085 1086/1086/1086 1084/1084/1084
f 1085/1085/1085 1087/1087/1087 1086/1086/1086
f 1087/1087/1087 1088/1088/1088 1086/1086/1086
f 1087/1087/1087 1089/1089/1089 1088/1088/1088
f 1090/1090/1090 1088/1088/1088 1089/1089/1089
f 1090/1090/1090 1091/1091/1091 1088/1088/1088
f 1092/1092/1092 1091/1091/1091 1090/1090/1090
f 1092/1092/1092 1073/1073/1073 1091/1091/1091
f 1069/1069/1069 1073/1073/1073 1092/1092/1092
f 1093/1093/1093 1094/1094/1094 1095/1095/1095
f 1095/1095/1095 1094/1094/1094 1096/1096/1096
f 1093/1093/1093 1095/1095/1095 1097/1097/1097
f 1095/1095/1095 1096/1096/1096 1098/1098/1098
f 1098/1098/1098 1096/1096/1096 1099/1099/1099
f 1098/1098/1098 1099/1099/1099 1100/1100/1100
f 1101/1101/1101 1102/1102/1102 1103/1103/1103
f 1101/1101/1101 1103/1103/1103 1104/1104/1104
f 1104/1104/1104 1103/1103/1103 1105/1105/1105
f 1104/1104/1104 1105/1105/1105 1106/1106/1106
f 1107/1107/1107 1108/1108/1108 1109/1109/1109
f 1107/1107/1107 1109/1109/1109 1110/1110/1110
f 1110/1110/1110 1109/1109/1109 1111/1111/1111
f 1110/1110/1110 1111/1111/1111 1112/1112/1112
f 1112/1112/1112 1111/1111/1111 1113/1113/1113
f 1112/1112/1112 1113/1113/1113 1114/1114/1114
f 1115/1115/1115 1116/1116/1116 1117/1117/1117
f 1115/1115/1115 1117/1117/1117 1118/1118/1118
f 1119/1119/1119 1120/1120/1120 1121/1121/1121
f 1119/1119/1119 1121/1121/1121 1122/1122/1122
f 1123/1123/1123 1124/1124/1124 1125/1125/1125
f 1123/1123/1123 1125/1125/1125 1126/1126/1126
f 1127/1127/1127 1128/1128/1128 1129/1129/1129
f 1128/1128/1128 1127/1127/1127 1130/1130/1130
f 1127/1127/1127 1129/1129/1129 1131/1131/1131
f 1128/1128/1128 1130/1130/1130 1132/1132/1132
f 1133/1133/1133 1132/1132/1132 1130/1130/1130
f 1133/1133/1133 1134/1134/1134 1132/1132/1132
f 1135/1135/1135 1136/1136/1136 1137/1137/1137
f 1135/1135/1135 1137/1137/1137 1138/1138/1138
f 1138/1138/1138 1137/1137/1137 1139/1139/1139
f 1138/1138/1138 1139/1139/1139 1140/1140/1140
f 1141/1141/1141 1142/1142/1142 1143/1143/1143
f 1141/1141/1141 1143/1143/1143 1144/1144/1144
f 1145/1145/1145 1146/1146/1146 1147/1147/1147
f 1145/1145/1145 1147/1147/1147 1148/1148/1148
f 1149/1149/1149 1150/1150/1150 1151/1151/1151
f 1152/1152/1152 1149/1149/1149 1151/1151/1151
f 1149/1149/1149 1153/1153/1153 1150/1150/1150
f 1150/1150/1150 1153/1153/1153 1154/1154/1154
f 1155/1155/1155 1151/1151/1151 1150/1150/1150
f 1151/1151/1151 1155/1155/1155 1156/1156/1156
f 1157/1157/1157 1156/1156/1156 1155/1155/1155
f 1156/1156/1156 1157/1157/1157 1158/1158/1158
f 1159/1159/1159 1158/1158/1158 1157/1157/1157
f 1160/1160/1160 1158/1158/1158 1159/1159/1159
f 1158/1158/1158 1160/1160/1160 1161/1161/1161
f 1158/1158/1158 1161/1161/1161 1162/1162/1162
f 1163/1163/1163 1158/1158/1158 1162/1162/1162
f 1164/1164/1164 1158/1158/1158 1163/1163/1163
f 1165/1165/1165 1166/1166/1166 1167/1167/1167
f 1168/1168/1168 1165/1165/1165 1167/1167/1167
f 1168/1168/1168 1167/1167/1167 1169/1169/1169
f 1169/1169/1169 1167/1167/1167 1170/1170/1170
f 1171/1171/1171 1167/1167/1167 1166/1166/1166
f 1172/1172/1172 1167/1167/1167 1171/1171/1171
f 1167/1167/1167 1172/1172/1172 1173/1173/1173
f 1174/1174/1174 1173/1173/1173 1172/1172/1172
f 1173/1173/1173 1174/1174/1174 1175/1175/1175
f 1176/1176/1176 1175/1175/1175 1174/1174/1174
f 1175/1175/1175 1176/1176/1176 1177/1177/1177
f 1175/1175/1175 1177/1177/1177 1178/1178/1178
f 1176/1176/1176 1179/1179/1179 1177/1177/1177
f 1179/1179/1179 1176/1176/1176 1180/1180/1180
f 1181/1181/1181 1182/1182/1182 1183/1183/1183
f 1181/1181/1181 1183/1183/1183 1184/1184/1184
f 1185/1185/1185 1181/1181/1181 1184/1184/1184
f 1185/1185/1185 1184/1184/1184 1186/1186/1186
f 1187/1187/1187 1185/1185/1185 1186/1186/1186
f 1187/1187/1187 1186/1186/1186 1188/1188/1188
f 1189/1189/1189 1187/1187/1187 1188/1188/1188
f 1189/1189/1189 1188/1188/1188 1190/1190/1190
f 1191/1191/1191 1192/1192/1192 1193/1193/1193
f 1191/1191/1191 1193/1193/1193 1194/1194/1194
f 1195/1195/1195 1191/1191/1191 1194/1194/1194
f 1192/1192/1192 1196/1196/1196 1193/1193/1193
f 1192/1192/1192 1197/1197/1197 1196/1196/1196
f 1195/1195/1195 1194/1194/1194 1198/1198/1198
f 1197/1197/1197 1199/1199/1199 1196/1196/1196
f 1197/1197/1197 1200/1200/1200 1199/1199/1199
f 1200/1200/1200 1201/1201/1201 1199/1199/1199
f 1200/1200/1200 1202/1202/1202 1201/1201/1201
f 1203/1203/1203 1204/1204/1204 1205/1205/1205
f 1203/1203/1203 1205/1205/1205 1206/1206/1206
f 1204/1204/1204 1207/1207/1207 1205/1205/1205
f 1204/1204/1204 1208/1208/1208 1207/1207/1207
f 1208/1208/1208 1209/1209/1209 1207/1207/1207
f 1208/1208/1208 1210/1210/1210 1209/1209/1209
f 1210/1210/1210 1211/1211/1211 1209/1209/1209
f 1210/1210/1210 1212/1212/1212 1211/1211/1211
f 1213/1213/1213 1214/1214/1214 1215/1215/1215
f 1213/1213/1213 1215/1215/1215 1216/1216/1216
f 1214/1214/1214 1217/1217/1217 1215/1215/1215
f 1214/1214/1214 1218/1218/1218 1217/1217/1217
f 1218/1218/1218 1219/1219/1219 1217/1217/1217
f 1218/1218/1218 1220/1220/1220 1219/1219/1219
f 1221/1221/1221 1222/1222/1222 1223/1223/1223
f 1224/1224/1224 1222/1222/1222 1221/1221/1221
f 1221/1221/1221 1223/1223/1223 1225/1225/1225
f 1224/1224/1224 1221/1221/1221 1226/1226/1226
f 1227/1227/1227 1224/1224/1224 1226/1226/1226
f 1227/1227/1227 1226/1226/1226 1228/1228/1228
f 1229/1229/1229 1227/1227/1227 1228/1228/1228
f 1229/1229/1229 1228/1228/1228 1230/1230/1230
f 1231/1231/1231 1229/1229/1229 1230/1230/1230
f 1231/1231/1231 1230/1230/1230 1232/1232/1232
f 1233/1233/1233 1234/1234/1234 1235/1235/1235
f 1234/1234/1234 1233/1233/1233 1236/1236/1236
f 1233/1233/1233 1235/1235/1235 1237/1237/1237
f 1234/1234/1234 1236/1236/1236 1238/1238/1238
f 1239/1239/1239 1237/1237/1237 1235/1235/1235
f 1239/1239/1239 1240/1240/1240 1237/1237/1237
f 1241/1241/1241 1242/1242/1242 1243/1243/1243
f 1241/1241/1241 1243/1243/1243 1244/1244/1244
f 1244/1244/1244 1243/1243/1243 1245/1245/1245
f 1244/1244/1244 1245/1245/1245 1246/1246/1246
f 1245/1245/1245 1247/1247/1247 1246/1246/1246
f 1245/1245/1245 1248/1248/1248 1247/1247/1247
f 1247/1247/1247 1248/1248/1248 1249/1249/1249
f 1247/1247/1247 1249/1249/1249 1250/1250/1250
f 1250/1250/1250 1249/1249/1249 1251/1251/1251
f 1250/1250/1250 1251/1251/1251 1252/1252/1252
f 1253/1253/1253 1254/1254/1254 1255/1255/1255
f 1253/1253/1253 1255/1255/1255 1256/1256/1256
f 1257/1257/1257 1255/1255/1255 1254/1254/1254
f 1257/1257/1257 1258/1258/1258 1255/1255/1255
f 1259/1259/1259 1258/1258/1258 1257/1257/1257
f 1259/1259/1259 1260/1260/1260 1258/1258/1258
f 1261/1261/1261 1260/1260/1260 1259/1259/1259
f 1261/1261/1261 1262/1262/1262 1260/1260/1260
f 1263/1263/1263 1262/1262/1262 1261/1261/1261
f 1263/1263/1263 1264/1264/1264 1262/1262/1262
f 1265/1265/1265 1266/1266/1266 1267/1267/1267
f 1265/1265/1265 1267/1267/1267 1268/1268/1268
f 1269/1269/1269 1265/1265/1265 1268/1268/1268
f 1269/1269/1269 1268/1268/1268 1270/1270/1270
f 1269/1269/1269 1270/1270/1270 1271/1271/1271
f 1269/1269/1269 1271/1271/1271 1272/1272/1272
f 1273/1273/1273 1272/1272/1272 1271/1271/1271
f 1273/1273/1273 1271/1271/1271 1274/1274/1274
f 1275/1275/1275 1273/1273/1273 1274/1274/1274
f 1275/1275/1275 1274/1274/1274 1276/1276/1276
f 1277/1277/1277 1278/1278/1278 1279/1279/1279
f 1277/1277/1277 1279/1279/1279 1280/1280/1280
f 1281/1281/1281 1277/1277/1277 1280/1280/1280
f 1278/1278/1278 1282/1282/1282 1279/1279/1279
f 1278/1278/1278 1283/1283/1283 1282/1282/1282
f 1283/1283/1283 1284/1284/1284 1282/1282/1282
f 1283/1283/1283 1285/1285/1285 1284/1284/1284
f 1281/1281/1281 1280/1280/1280 1286/1286/1286
f 1287/1287/1287 1281/1281/1281 1286/1286/1286
f 1287/1287/1287 1286/1286/1286 1288/1288/1288
f 1289/1289/1289 1290/1290/1290 1291/1291/1291
f 1289/1289/1289 1291/1291/1291 1292/1292/1292
f 1293/1293/1293 1294/1294/1294 1295/1295/1295
f 1294/1294/1294 1293/1293/1293 1296/1296/1296
f 1293/1293/1293 1295/1295/1295 1297/1297/1297
f 1294/1294/1294 1296/1296/1296 1298/1298/1298
f 1299/1299/1299 1297/1297/1297 1295/1295/1295
f 1299/1299/1299 1300/1300/1300 1297/1297/1297
f 1301/1301/1301 1302/1302/1302 1303/1303/1303
f 1301/1301/1301 1303/1303/1303 1304/1304/1304
f 1302/1302/1302 1305/1305/1305 1303/1303/1303
f 1302/1302/1302 1306/1306/1306 1305/1305/1305
f 1306/1306/1306 1307/1307/1307 1305/1305/1305
f 1306/1306/1306 1308/1308/1308 1307/1307/1307
f 1309/1309/1309 1310/1310/1310 1311/1311/1311
f 1309/1309/1309 1311/1311/1311 1312/1312/1312
f 1310/1310/1310 1313/1313/1313 1311/1311/1311
f 1310/1310/1310 1314/1314/1314 1313/1313/1313
f 1315/1315/1315 1316/1316/1316 1317/1317/1317
f 1315/1315/1315 1317/1317/1317 1318/1318/1318
f 1319/1319/1319 1315/1315/1315 1318/1318/1318
f 1319/1319/1319 1318/1318/1318 1320/1320/1320
f 1321/1321/1321 1319/1319/1319 1320/1320/1320
f 1321/1321/1321 1320/1320/1320 1322/1322/1322
f 1323/1323/1323 1321/1321/1321 1322/1322/1322
f 1323/1323/1323 1322/1322/1322 1324/1324/1324
f 1325/1325/1325 1323/1323/1323 1324/1324/1324
f 1325/1325/1325 1324/1324/1324 1326/1326/1326
f 1327/1327/1327 1328/1328/1328 1329/1329/1329
f 1327/1327/1327 1329/1329/1329 1330/1330/1330
f 1331/1331/1331 1327/1327/1327 1330/1330/1330
f 1331/1331/1331 1332/1332/1332 1327/1327/1327
f 1333/1333/1333 1329/1329/1329 1328/1328/1328
f 1333/1333/1333 1334/1334/1334 1329/1329/1329
f 1335/1335/1335 1336/1336/1336 1337/1337/1337
f 1335/1335/1335 1337/1337/1337 1338/1338/1338
f 1339/1339/1339 1340/1340/1340 1341/1341/1341
f 1339/1339/1339 1341/1341/1341 1342/1342/1342
f 1343/1343/1343 1344/1344/1344 1345/1345/1345
f 1343/1343/1343 1345/1345/1345 1346/1346/1346
f 1347/1347/1347 1348/1348/1348 1349/1349/1349
f 1348/1348/1348 1347/1347/1347 1350/1350/1350
f 1347/1347/1347 1349/1349/1349 1351/1351/1351
f 1351/1351/1351 1349/1349/1349 1352/1352/1352
f 1351/1351/1351 1352/1352/1352 1353/1353/1353
f 1348/1348/1348 1350/1350/1350 1354/1354/1354
f 1355/1355/1355 1356/1356/1356 1357/1357/1357
f 1355/1355/1355 1357/1357/1357 1358/1358/1358
f 1359/1359/1359 1360/1360/1360 1361/1361/1361
f 1361/1361/1361 1360/1360/1360 1362/1362/1362
f 1359/1359/1359 1361/1361/1361 1363/1363/1363
f 1361/1361/1361 1362/1362/1362 1364/1364/1364
f 1365/1365/1365 1366/1366/1366 1367/1367/1367
f 1365/1365/1365 1367/1367/1367 1368/1368/1368
f 1369/1369/1369 1370/1370/1370 1371/1371/1371
f 1369/1369/1369 1371/1371/1371 1372/1372/1372
f 1371/1371/1371 1370/1370/1370 1373/1373/1373
f 1373/1373/1373 1370/1370/1370 1374/1374/1374
f 1370/1370/1370 1369/1369/1369 1375/1375/1375
f 1376/1376/1376 1375/1375/1375 1369/1369/1369
f 1377/1377/1377 1375/1375/1375 1376/1376/1376
f 1377/1377/1377 1376/1376/1376 1378/1378/1378
f 1378/1378/1378 1376/1376/1376 1379/1379/1379
f 1375/1375/1375 1377/1377/1377 1380/1380/1380
f 1381/1381/1381 1382/1382/1382 1383/1383/1383
f 1381/1381/1381 1383/1383/1383 1384/1384/1384
f 1385/1385/1385 1386/1386/1386 1387/1387/1387
f 1385/1385/1385 1387/1387/1387 1388/1388/1388
f 1389/1389/1389 1390/1390/1390 1391/1391/1391
f 1389/1389/1389 1391/1391/1391 1392/1392/1392
f 1391/1391/1391 1390/1390/1390 1393/1393/1393
f 1393/1393/1393 1390/1390/1390 1394/1394/1394
f 1390/1390/1390 1389/1389/1389 1395/1395/1395
f 1396/1396/1396 1395/1395/1395 1389/1389/1389
f 1397/1397/1397 1395/1395/1395 1396/1396/1396
f 1397/1397/1397 1396/1396/1396 1398/1398/1398
f 1398/1398/1398 1396/1396/1396 1399/1399/1399
f 1395/1395/1395 1397/1397/1397 1400/1400/1400
f 1401/1401/1401 1402/1402/1402 1403/1403/1403
f 1401/1401/1401 1403/1403/1403 1404/1404/1404
f 1405/1405/1405 1406/1406/1406 1407/1407/1407
f 1405/1405/1405 1407/1407/1407 1408/1408/1408
f 1408/1408/1408 1407/1407/1407 1409/1409/1409
f 1408/1408/1408 1409/1409/1409 1410/1410/1410
f 1408/1408/1408 1410/1410/1410 1411/1411/1411
f 1408/1408/1408 1411/1411/1411 1412/1412/1412
f 1406/1406/1406 1405/1405/1405 1413/1413/1413
f 1413/1413/1413 1405/1405/1405 1414/1414/1414
f 1414/1414/1414 1405/1405/1405 1415/1415/1415
f 1415/1415/1415 1416/1416/1416 1414/1414/1414
f 1415/1415/1415 1417/1417/1417 1416/1416/1416
f 1418/1418/1418 1417/1417/1417 1415/1415/1415
f 1419/1419/1419 1417/1417/1417 1418/1418/1418
f 1419/1419/1419 1420/1420/1420 1417/1417/1417
f 1421/1421/1421 1420/1420/1420 1419/1419/1419
f 1422/1422/1422 1420/1420/1420 1421/1421/1421
f 1423/1423/1423 1420/1420/1420 1422/1422/1422
f 1424/1424/1424 1412/1412/1412 1411/1411/1411
f 1425/1425/1425 1412/1412/1412 1424/1424/1424
f 1425/1425/1425 1420/1420/1420 1423/1423/1423
f 1412/1412/1412 1425/1425/1425 1426/1426/1426
f 1426/1426/1426 1425/1425/1425 1423/1423/1423
f 1427/1427/1427 1428/1428/1428 1429/1429/1429
f 1427/1427/1427 1429/1429/1429 1430/1430/1430
f 1431/1431/1431 1430/1430/1430 1429/1429/1429
f 1431/1431/1431 1432/1432/1432 1430/1430/1430
f 1433/1433/1433 1432/1432/1432 1431/1431/1431
f 1433/1433/1433 1434/1434/1434 1432/1432/1432
f 1435/1435/1435 1436/1436/1436 1437/1437/1437
f 1435/1435/1435 1437/1437/1437 1438/1438/1438
f 1438/1438/1438 1437/1437/1437 1439/1439/1439
f 1438/1438/1438 1439/1439/1439 1440/1440/1440
f 1438/1438/1438 1440/1440/1440 1441/1441/1441
f 1438/1438/1438 1441/1441/1441 1442/1442/1442
f 1436/1436/1436 1435/1435/1435 1443/1443/1443
f 1443/1443/1443 1435/1435/1435 1444/1444/1444
f 1444/1444/1444 1435/1435/1435 1445/1445/1445
f 1445/1445/1445 1446/1446/1446 1444/1444/1444
f 1445/1445/1445 1447/1447/1447 1446/1446/1446
f 1448/1448/1448 1447/1447/1447 1445/1445/1445
f 1449/1449/1449 1447/1447/1447 1448/1448/1448
f 1449/1449/1449 1450/1450/1450 1447/1447/1447
f 1451/1451/1451 1450/1450/1450 1449/1449/1449
f 1452/1452/1452 1450/1450/1450 1451/1451/1451
f 1453/1453/1453 1450/1450/1450 1452/1452/1452
f 1453/1453/1453 1454/1454/1454 1450/1450/1450
f 1442/1442/1442 1454/1454/1454 1455/1455/1455
f 1455/1455/1455 1454/1454/1454 1453/1453/1453
f 1456/1456/1456 1442/1442/1442 1441/1441/1441
f 1454/1454/1454 1442/1442/1442 1456/1456/1456
f 1457/1457/1457 1458/1458/1458 1459/1459/1459
f 1457/1457/1457 1459/1459/1459 1460/1460/1460
f 1460/1460/1460 1459/1459/1459 1461/1461/1461
f 1462/1462/1462 1458/1458/1458 1457/1457/1457
f 1462/1462/1462 1463/1463/1463 1458/1458/1458
f 1464/1464/1464 1463/1463/1463 1462/1462/1462
f 1464/1464/1464 1465/1465/1465 1463/1463/1463
f 1460/1460/1460 1461/1461/1461 1466/1466/1466
f 1467/1467/1467 1468/1468/1468 1469/1469/1469
f 1467/1467/1467 1469/1469/1469 1470/1470/1470
f 1471/1471/1471 1468/1468/1468 1467/1467/1467
f 1471/1471/1471 1472/1472/1472 1468/1468/1468
f 1473/1473/1473 1474/1474/1474 1475/1475/1475
f 1476/1476/1476 1474/1474/1474 1473/1473/1473
f 1473/1473/1473 1475/1475/1475 1477/1477/1477
f 1476/1476/1476 1473/1473/1473 1478/1478/1478
f 1479/1479/1479 1480/1480/1480 1481/1481/1481
f 1479/1479/1479 1481/1481/1481 1482/1482/1482
f 1482/1482/1482 1481/1481/1481 1483/1483/1483
f 1482/1482/1482 1483/1483/1483 1484/1484/1484
f 1484/1484/1484 1483/1483/1483 1485/1485/1485
f 1484/1484/1484 1485/1485/1485 1486/1486/1486
f 1486/1486/1486 1485/1485/1485 1487/1487/1487
f 1486/1486/1486 1487/1487/1487 1488/1488/1488
f 1489/1489/1489 1490/1490/1490 1491/1491/1491
f 1489/1489/1489 1491/1491/1491 1492/1492/1492
f 1493/1493/1493 1489/1489/1489 1492/1492/1492
f 1493/1493/1493 1494/1494/1494 1489/1489/1489
f 1495/1495/1495 1496/1496/1496 1497/1497/1497
f 1495/1495/1495 1497/1497/1497 1498/1498/1498
f 1499/1499/1499 1495/1495/1495 1498/1498/1498
f 1496/1496/1496 1500/1500/1500 1497/1497/1497
f 1496/1496/1496 1501/1501/1501 1500/1500/1500
f 1499/1499/1499 1498/1498/1498 1502/1502/1502
f 1501/1501/1501 1503/1503/1503 1500/1500/1500
f 1501/1501/1501 1504/1504/1504 1503/1503/1503
f 1505/1505/1505 1506/1506/1506 1507/1507/1507
f 1505/1505/1505 1507/1507/1507 1508/1508/1508
f 1509/1509/1509 1510/1510/1510 1511/1511/1511
f 1510/1510/1510 1509/1509/1509 1512/1512/1512
f 1509/1509/1509 1513/1513/1513 1512/1512/1512
f 1514/1514/1514 1512/1512/1512 1513/1513/1513
f 1512/1512/1512 1514/1514/1514 1515/1515/1515
f 1513/1513/1513 1509/1509/1509 1516/1516/1516
f 1517/1517/1517 1518/1518/1518 1519/1519/1519
f 1519/1519/1519 1518/1518/1518 1520/1520/1520
f 1517/1517/1517 1519/1519/1519 1521/1521/1521
f 1519/1519/1519 1520/1520/1520 1522/1522/1522
f 1523/1523/1523 1524/1524/1524 1525/1525/1525
f 1523/1523/1523 1525/1525/1525 1526/1526/1526
f 1527/1527/1527 1525/1525/1525 1524/1524/1524
f 1527/1527/1527 1528/1528/1528 1525/1525/1525
f 1529/1529/1529 1523/1523/1523 1526/1526/1526
f 1529/1529/1529 1530/1530/1530 1523/1523/1523
f 1531/1531/1531 1532/1532/1532 1533/1533/1533
f 1532/1532/1532 1531/1531/1531 1534/1534/1534
f 1535/1535/1535 1532/1532/1532 1534/1534/1534
f 1532/1532/1532 1535/1535/1535 1536/1536/1536
f 1537/1537/1537 1534/1534/1534 1531/1531/1531
f 1534/1534/1534 1537/1537/1537 1538/1538/1538
f 1539/1539/1539 1540/1540/1540 1541/1541/1541
f 1539/1539/1539 1541/1541/1541 1542/1542/1542
f 1539/1539/1539 1543/1543/1543 1540/1540/1540
f 1539/1539/1539 1544/1544/1544 1543/1543/1543
f 1545/1545/1545 1546/1546/1546 1547/1547/1547
f 1545/1545/1545 1547/1547/1547 1548/1548/1548
f 1548/1548/1548 1547/1547/1547 1549/1549/1549
f 1548/1548/1548 1549/1549/1549 1550/1550/1550
f 1551/1551/1551 1550/1550/1550 1549/1549/1549
f 1545/1545/1545 1551/1551/1551 1552/1552/1552
f 1551/1551/1551 1549/1549/1549 1552/1552/1552
f 1545/1545/1545 1552/1552/1552 1546/1546/1546
f 1553/1553/1553 1554/1554/1554 1555/1555/1555
f 1553/1553/1553 1555/1555/1555 1556/1556/1556
f 1556/1556/1556 1555/1555/1555 1557/1557/1557
f 1556/1556/1556 1557/1557/1557 1558/1558/1558
f 1559/1559/1559 1560/1560/1560 1561/1561/1561
f 1559/1559/1559 1561/1561/1561 1562/1562/1562
f 1562/1562/1562 1561/1561/1561 1563/1563/1563
f 1562/1562/1562 1563/1563/1563 1564/1564/1564
f 1565/1565/1565 1566/1566/1566 1567/1567/1567
f 1565/1565/1565 1567/1567/1567 1568/1568/1568
f 1567/1567/1567 1569/1569/1569 1568/1568/1568
f 1567/1567/1567 1570/1570/1570 1569/1569/1569
f 1571/1571/1571 1572/1572/1572 1573/1573/1573
f 1571/1571/1571 1573/1573/1573 1574/1574/1574
f 1575/1575/1575 1576/1576/1576 1577/1577/1577
f 1575/1575/1575 1577/1577/1577 1578/1578/1578
f 1579/1579/1579 1580/1580/1580 1581/1581/1581
f 1579/1579/1579 1581/1581/1581 1582/1582/1582
f 1583/1583/1583 1584/1584/1584 1585/1585/1585
f 1583/1583/1583 1585/1585/1585 1586/1586/1586
f 1587/1587/1587 1588/1588/1588 1589/1589/1589
f 1587/1587/1587 1589/1589/1589 1590/1590/1590
f 1591/1591/1591 1592/1592/1592 1593/1593/1593
f 1591/1591/1591 1593/1593/1593 1594/1594/1594
f 1595/1595/1595 1596/1596/1596 1597/1597/1597
f 1595/1595/1595 1597/1597/1597 1598/1598/1598
f 1599/1599/1599 1600/1600/1600 1601/1601/1601
f 1599/1599/1599 1601/1601/1601 1602/1602/1602
f 1603/1603/1603 1604/1604/1604 1605/1605/1605
f 1603/1603/1603 1605/1605/1605 1606/1606/1606
f 1607/1607/1607 1608/1608/1608 1609/1609/1609
f 1607/1607/1607 1609/1609/1609 1610/1610/1610
f 1611/1611/1611 1612/1612/1612 1613/1613/1613
f 1611/1611/1611 1613/1613/1613 1614/1614/1614
f 1615/1615/1615 1616/1616/1616 1617/1617/1617
f 1615/1615/1615 1617/1617/1617 1618/1618/1618
f 1619/1619/1619 1620/1620/1620 1621/1621/1621
f 1619/1619/1619 1621/1621/1621 1622/1622/1622
f 1623/1623/1623 1624/1624/1624 1625/1625/1625
f 1626/1626/1626 1624/1624/1624 1623/1623/1623
f 1623/1623/1623 1625/1625/1625 1627/1627/1627
f 1628/1628/1628 1623/1623/1623 1627/1627/1627
f 1627/1627/1627 1625/1625/1625 1629/1629/1629
f 1628/1628/1628 1627/1627/1627 1630/1630/1630
f 1631/1631/1631 1628/1628/1628 1630/1630/1630
f 1630/1630/1630 1627/1627/1627 1632/1632/1632
f 1627/1627/1627 1629/1629/1629 1632/1632/1632
f 1631/1631/1631 1630/1630/1630 1633/1633/1633
f 1634/1634/1634 1631/1631/1631 1633/1633/1633
f 1635/1635/1635 1623/1623/1623 1628/1628/1628
f 1635/1635/1635 1636/1636/1636 1623/1623/1623
f 1626/1626/1626 1623/1623/1623 1636/1636/1636
f 1637/1637/1637 1626/1626/1626 1636/1636/1636
f 1638/1638/1638 1635/1635/1635 1628/1628/1628
f 1638/1638/1638 1628/1628/1628 1631/1631/1631
f 1634/1634/1634 1638/1638/1638 1631/1631/1631
f 1634/1634/1634 1639/1639/1639 1638/1638/1638
f 1639/1639/1639 1634/1634/1634 1640/1640/1640
f 1641/1641/1641 1635/1635/1635 1638/1638/1638
f 1641/1641/1641 1642/1642/1642 1635/1635/1635
f 1642/1642/1642 1636/1636/1636 1635/1635/1635
f 1642/1642/1642 1643/1643/1643 1636/1636/1636
f 1637/1637/1637 1636/1636/1636 1643/1643/1643
f 1639/1639/1639 1640/1640/1640 1644/1644/1644
f 1645/1645/1645 1639/1639/1639 1644/1644/1644
f 1645/1645/1645 1638/1638/1638 1639/1639/1639
f 1645/1645/1645 1644/1644/1644 1646/1646/1646
f 1634/1634/1634 1647/1647/1647 1640/1640/1640
f 1634/1634/1634 1648/1648/1648 1647/1647/1647
f 1634/1634/1634 1633/1633/1633 1648/1648/1648
f 1647/1647/1647 1648/1648/1648 1649/1649/1649
f 1647/1647/1647 1649/1649/1649 1650/1650/1650
f 1650/1650/1650 1649/1649/1649 1651/1651/1651
f 1651/1651/1651 1649/1649/1649 1652/1652/1652
f 1648/1648/1648 1652/1652/1652 1649/1649/1649
f 1648/1648/1648 1633/1633/1633 1652/1652/1652
f 1630/1630/1630 1652/1652/1652 1633/1633/1633
f 1630/1630/1630 1653/1653/1653 1652/1652/1652
f 1630/1630/1630 1632/1632/1632 1653/1653/1653
f 1650/1650/1650 1651/1651/1651 1654/1654/1654
f 1655/1655/1655 1656/1656/1656 1657/1657/1657
f 1655/1655/1655 1657/1657/1657 1658/1658/1658
f 1658/1658/1658 1657/1657/1657 1659/1659/1659
f 1657/1657/1657 1660/1660/1660 1659/1659/1659
f 1657/1657/1657 1661/1661/1661 1660/1660/1660
f 1659/1659/1659 1660/1660/1660 1662/1662/1662
f 1663/1663/1663 1662/1662/1662 1660/1660/1660
f 1664/1664/1664 1660/1660/1660 1661/1661/1661
f 1663/1663/1663 1660/1660/1660 1664/1664/1664
f 1659/1659/1659 1662/1662/1662 1665/1665/1665
f 1665/1665/1665 1662/1662/1662 1666/1666/1666
f 1667/1667/1667 1659/1659/1659 1665/1665/1665
f 1658/1658/1658 1659/1659/1659 1667/1667/1667
f 1668/1668/1668 1658/1658/1658 1667/1667/1667
f 1665/1665/1665 1666/1666/1666 1669/1669/1669
f 1668/1668/1668 1667/1667/1667 1670/1670/1670
f 1670/1670/1670 1667/1667/1667 1671/1671/1671
f 1667/1667/1667 1665/1665/1665 1671/1671/1671
f 1672/1672/1672 1671/1671/1671 1665/1665/1665
f 1672/1672/1672 1665/1665/1665 1669/1669/1669
f 1673/1673/1673 1671/1671/1671 1672/1672/1672
f 1670/1670/1670 1671/1671/1671 1673/1673/1673
f 1673/1673/1673 1672/1672/1672 1674/1674/1674
f 1664/1664/1664 1675/1675/1675 1663/1663/1663
f 1663/1663/1663 1675/1675/1675 1676/1676/1676
f 1664/1664/1664 1677/1677/1677 1675/1675/1675
f 1663/1663/1663 1676/1676/1676 1678/1678/1678
f 1679/1679/1679 1677/1677/1677 1664/1664/1664
f 1679/1679/1679 1680/1680/1680 1677/1677/1677
f 1664/1664/1664 1661/1661/1661 1679/1679/1679
f 1681/1681/1681 1682/1682/1682 1683/1683/1683
f 1681/1681/1681 1683/1683/1683 1684/1684/1684
f 1685/1685/1685 1681/1681/1681 1684/1684/1684
f 1686/1686/1686 1684/1684/1684 1683/1683/1683
f 1685/1685/1685 1684/1684/1684 1687/1687/1687
f 1688/1688/1688 1687/1687/1687 1684/1684/1684
f 1688/1688/1688 1684/1684/1684 1686/1686/1686
f 1686/1686/1686 1683/1683/1683 1689/1689/1689
f 1690/1690/1690 1686/1686/1686 1689/1689/1689
f 1690/1690/1690 1688/1688/1688 1686/1686/1686
f 1689/1689/1689 1683/1683/1683 1691/1691/1691
f 1682/1682/1682 1691/1691/1691 1683/1683/1683
f 1690/1690/1690 1692/1692/1692 1688/1688/1688
f 1693/1693/1693 1692/1692/1692 1690/1690/1690
f 1682/1682/1682 1694/1694/1694 1691/1691/1691
f 1690/1690/1690 1689/1689/1689 1695/1695/1695
f 1695/1695/1695 1689/1689/1689 1696/1696/1696
f 1689/1689/1689 1691/1691/1691 1696/1696/1696
f 1696/1696/1696 1691/1691/1691 1697/1697/1697
f 1694/1694/1694 1697/1697/1697 1691/1691/1691
f 1698/1698/1698 1690/1690/1690 1695/1695/1695
f 1693/1693/1693 1690/1690/1690 1698/1698/1698
f 1694/1694/1694 1699/1699/1699 1697/1697/1697
f 1695/1695/1695 1696/1696/1696 1700/1700/1700
f 1701/1701/1701 1695/1695/1695 1700/1700/1700
f 1698/1698/1698 1695/1695/1695 1701/1701/1701
f 1696/1696/1696 1697/1697/1697 1702/1702/1702
f 1701/1701/1701 1700/1700/1700 1703/1703/1703
f 1703/1703/1703 1700/1700/1700 1704/1704/1704
f 1703/1703/1703 1704/1704/1704 1705/1705/1705
f 1694/1694/1694 1706/1706/1706 1699/1699/1699
f 1694/1694/1694 1707/1707/1707 1706/1706/1706
f 1682/1682/1682 1707/1707/1707 1694/1694/1694
f 1682/1682/1682 1708/1708/1708 1707/1707/1707
f 1681/1681/1681 1708/1708/1708 1682/1682/1682
f 1681/1681/1681 1709/1709/1709 1708/1708/1708
f 1685/1685/1685 1709/1709/1709 1681/1681/1681
f 1685/1685/1685 1710/1710/1710 1709/1709/1709
f 1711/1711/1711 1712/1712/1712 1713/1713/1713
f 1711/1711/1711 1713/1713/1713 1714/1714/1714
f 1711/1711/1711 1714/1714/1714 1715/1715/1715
f 1716/1716/1716 1714/1714/1714 1713/1713/1713
f 1711/1711/1711 1715/1715/1715 1717/1717/1717
f 1716/1716/1716 1713/1713/1713 1718/1718/1718
f 1718/1718/1718 1713/1713/1713 1719/1719/1719
f 1712/1712/1712 1719/1719/1719 1713/1713/1713
f 1712/1712/1712 1720/1720/1720 1719/1719/1719
f 1721/1721/1721 1716/1716/1716 1718/1718/1718
f 1722/1722/1722 1721/1721/1721 1718/1718/1718
f 1721/1721/1721 1723/1723/1723 1716/1716/1716
f 1724/1724/1724 1723/1723/1723 1721/1721/1721
f 1725/1725/1725 1721/1721/1721 1722/1722/1722
f 1724/1724/1724 1721/1721/1721 1725/1725/1725
f 1722/1722/1722 1718/1718/1718 1726/1726/1726
f 1718/1718/1718 1719/1719/1719 1726/1726/1726
f 1725/1725/1725 1722/1722/1722 1727/1727/1727
f 1712/1712/1712 1728/1728/1728 1720/1720/1720
f 1712/1712/1712 1729/1729/1729 1728/1728/1728
f 1711/1711/1711 1729/1729/1729 1712/1712/1712
f 1711/1711/1711 1730/1730/1730 1729/1729/1729
f 1731/1731/1731 1732/1732/1732 1733/1733/1733
f 1731/1731/1731 1733/1733/1733 1734/1734/1734
f 1731/1731/1731 1735/1735/1735 1732/1732/1732
f 1731/1731/1731 1736/1736/1736 1735/1735/1735
f 1732/1732/1732 1735/1735/1735 1737/1737/1737
f 1738/1738/1738 1737/1737/1737 1735/1735/1735
f 1732/1732/1732 1737/1737/1737 1739/1739/1739
f 1739/1739/1739 1737/1737/1737 1740/1740/1740
f 1732/1732/1732 1739/1739/1739 1741/1741/1741
f 1732/1732/1732 1741/1741/1741 1733/1733/1733
f 1741/1741/1741 1739/1739/1739 1742/1742/1742
f 1736/1736/1736 1743/1743/1743 1735/1735/1735
f 1738/1738/1738 1735/1735/1735 1743/1743/1743
f 1736/1736/1736 1744/1744/1744 1743/1743/1743
f 1744/1744/1744 1738/1738/1738 1743/1743/1743
f 1744/1744/1744 1745/1745/1745 1738/1738/1738
f 1744/1744/1744 1736/1736/1736 1746/1746/1746
f 1746/1746/1746 1745/1745/1745 1744/1744/1744
f 1746/1746/1746 1747/1747/1747 1745/1745/1745
f 1748/1748/1748 1746/1746/1746 1736/1736/1736
f 1749/1749/1749 1746/1746/1746 1748/1748/1748
f 1749/1749/1749 1750/1750/1750 1746/1746/1746
f 1746/1746/1746 1750/1750/1750 1751/1751/1751
f 1752/1752/1752 1750/1750/1750 1749/1749/1749
f 1750/1750/1750 1752/1752/1752 1753/1753/1753
f 1754/1754/1754 1750/1750/1750 1753/1753/1753
f 1755/1755/1755 1754/1754/1754 1753/1753/1753
f 1756/1756/1756 1754/1754/1754 1755/1755/1755
f 1757/1757/1757 1756/1756/1756 1755/1755/1755
f 1758/1758/1758 1754/1754/1754 1756/1756/1756
f 1758/1758/1758 1756/1756/1756 1759/1759/1759
f 1760/1760/1760 1758/1758/1758 1759/1759/1759
f 1758/1758/1758 1760/1760/1760 1754/1754/1754
f 1760/1760/1760 1761/1761/1761 1754/1754/1754
f 1754/1754/1754 1761/1761/1761 1750/1750/1750
f 1750/1750/1750 1761/1761/1761 1762/1762/1762
f 1750/1750/1750 1762/1762/1762 1751/1751/1751
f 1751/1751/1751 1762/1762/1762 1763/1763/1763
f 1759/1759/1759 1756/1756/1756 1764/1764/1764
f 1765/1765/1765 1764/1764/1764 1756/1756/1756
f 1766/1766/1766 1759/1759/1759 1764/1764/1764
f 1760/1760/1760 1759/1759/1759 1766/1766/1766
f 1767/1767/1767 1764/1764/1764 1765/1765/1765
f 1766/1766/1766 1764/1764/1764 1767/1767/1767
f 1768/1768/1768 1765/1765/1765 1756/1756/1756
f 1765/1765/1765 1768/1768/1768 1769/1769/1769
f 1770/1770/1770 1768/1768/1768 1756/1756/1756
f 1757/1757/1757 1755/1755/1755 1771/1771/1771
f 1757/1757/1757 1772/1772/1772 1756/1756/1756
f 1756/1756/1756 1772/1772/1772 1773/1773/1773
f 1756/1756/1756 1773/1773/1773 1770/1770/1770
f 1774/1774/1774 1770/1770/1770 1773/1773/1773
f 1774/1774/1774 1773/1773/1773 1775/1775/1775
f 1776/1776/1776 1775/1775/1775 1773/1773/1773
f 1776/1776/1776 1773/1773/1773 1772/1772/1772
f 1777/1777/1777 1776/1776/1776 1772/1772/1772
f 1777/1777/1777 1772/1772/1772 1778/1778/1778
f 1757/1757/1757 1778/1778/1778 1772/1772/1772
f 1774/1774/1774 1775/1775/1775 1779/1779/1779
f 1770/1770/1770 1780/1780/1780 1768/1768/1768
f 1768/1768/1768 1780/1780/1780 1769/1769/1769
f 1780/1780/1780 1770/1770/1770 1781/1781/1781
f 1781/1781/1781 1770/1770/1770 1782/1782/1782
f 1782/1782/1782 1770/1770/1770 1774/1774/1774
f 1783/1783/1783 1782/1782/1782 1774/1774/1774
f 1779/1779/1779 1784/1784/1784 1774/1774/1774
f 1785/1785/1785 1784/1784/1784 1779/1779/1779
f 1784/1784/1784 1786/1786/1786 1774/1774/1774
f 1774/1774/1774 1786/1786/1786 1787/1787/1787
f 1783/1783/1783 1774/1774/1774 1787/1787/1787
f 1786/1786/1786 1784/1784/1784 1788/1788/1788
f 1788/1788/1788 1784/1784/1784 1789/1789/1789
f 1790/1790/1790 1784/1784/1784 1785/1785/1785
f 1742/1742/1742 1784/1784/1784 1790/1790/1790
f 1784/1784/1784 1742/1742/1742 1789/1789/1789
f 1790/1790/1790 1741/1741/1741 1742/1742/1742
f 1790/1790/1790 1791/1791/1791 1741/1741/1741
f 1791/1791/1791 1733/1733/1733 1741/1741/1741
f 1791/1791/1791 1792/1792/1792 1733/1733/1733
f 1793/1793/1793 1792/1792/1792 1791/1791/1791
f 1793/1793/1793 1791/1791/1791 1794/1794/1794
f 1794/1794/1794 1791/1791/1791 1790/1790/1790
f 1792/1792/1792 1734/1734/1734 1733/1733/1733
f 1789/1789/1789 1742/1742/1742 1795/1795/1795
f 1795/1795/1795 1742/1742/1742 1796/1796/1796
f 1796/1796/1796 1742/1742/1742 1797/1797/1797
f 1742/1742/1742 1739/1739/1739 1797/1797/1797
f 1797/1797/1797 1739/1739/1739 1798/1798/1798
f 1740/1740/1740 1798/1798/1798 1739/1739/1739
f 1740/1740/1740 1799/1799/1799 1798/1798/1798
f 1800/1800/1800 1801/1801/1801 1802/1802/1802
f 1800/1800/1800 1802/1802/1802 1803/1803/1803
f 1804/1804/1804 1801/1801/1801 1800/1800/1800
f 1804/1804/1804 1805/1805/1805 1801/1801/1801
f 1806/1806/1806 1801/1801/1801 1805/1805/1805
f 1806/1806/1806 1802/1802/1802 1801/1801/1801
f 1806/1806/1806 1807/1807/1807 1802/1802/1802
f 1808/1808/1808 1805/1805/1805 1804/1804/1804
f 1808/1808/1808 1809/1809/1809 1805/1805/1805
f 1810/1810/1810 1805/1805/1805 1809/1809/1809
f 1806/1806/1806 1805/1805/1805 1810/1810/1810
f 1810/1810/1810 1811/1811/1811 1806/1806/1806
f 1810/1810/1810 1812/1812/1812 1811/1811/1811
f 1806/1806/1806 1811/1811/1811 1813/1813/1813
f 1806/1806/1806 1813/1813/1813 1807/1807/1807
f 1814/1814/1814 1812/1812/1812 1810/1810/1810
f 1810/1810/1810 1809/1809/1809 1814/1814/1814
f 1814/1814/1814 1815/1815/1815 1812/1812/1812
f 1816/1816/1816 1804/1804/1804 1800/1800/1800
f 1816/1816/1816 1817/1817/1817 1804/1804/1804
f 1817/1817/1817 1808/1808/1808 1804/1804/1804
f 1818/1818/1818 1817/1817/1817 1816/1816/1816
f 1819/1819/1819 1816/1816/1816 1800/1800/1800
f 1820/1820/1820 1816/1816/1816 1819/1819/1819
f 1818/1818/1818 1816/1816/1816 1820/1820/1820
f 1817/1817/1817 1821/1821/1821 1808/1808/1808
f 1822/1822/1822 1821/1821/1821 1817/1817/1817
f 1822/1822/1822 1817/1817/1817 1818/1818/1818
f 1820/1820/1820 1819/1819/1819 1823/1823/1823
f 1819/1819/1819 1800/1800/1800 1803/1803/1803
f 1824/1824/1824 1825/1825/1825 1826/1826/1826
f 1824/1824/1824 1826/1826/1826 1827/1827/1827
f 1824/1824/1824 1827/1827/1827 1828/1828/1828
f 1829/1829/1829 1827/1827/1827 1826/1826/1826
f 1829/1829/1829 1830/1830/1830 1827/1827/1827
f 1830/1830/1830 1828/1828/1828 1827/1827/1827
f 1830/1830/1830 1831/1831/1831 1828/1828/1828
f 1829/1829/1829 1826/1826/1826 1832/1832/1832
f 1825/1825/1825 1832/1832/1832 1826/1826/1826
f 1825/1825/1825 1833/1833/1833 1832/1832/1832
f 1830/1830/1830 1829/1829/1829 1834/1834/1834
f 1834/1834/1834 1831/1831/1831 1830/1830/1830
f 1834/1834/1834 1835/1835/1835 1831/1831/1831
f 1829/1829/1829 1835/1835/1835 1834/1834/1834
f 1829/1829/1829 1836/1836/1836 1835/1835/1835
f 1829/1829/1829 1832/1832/1832 1836/1836/1836
f 1836/1836/1836 1832/1832/1832 1837/1837/1837
f 1833/1833/1833 1837/1837/1837 1832/1832/1832
f 1833/1833/1833 1838/1838/1838 1837/1837/1837
f 1836/1836/1836 1837/1837/1837 1839/1839/1839
f 1836/1836/1836 1839/1839/1839 1840/1840/1840
f 1836/1836/1836 1840/1840/1840 1835/1835/1835
f 1825/1825/1825 1841/1841/1841 1833/1833/1833
f 1833/1833/1833 1841/1841/1841 1842/1842/1842
f 1833/1833/1833 1842/1842/1842 1838/1838/1838
f 1825/1825/1825 1843/1843/1843 1841/1841/1841
f 1825/1825/1825 1844/1844/1844 1843/1843/1843
f 1845/1845/1845 1843/1843/1843 1844/1844/1844
f 1845/1845/1845 1844/1844/1844 1846/1846/1846
f 1824/1824/1824 1844/1844/1844 1825/1825/1825
f 1844/1844/1844 1824/1824/1824 1847/1847/1847
f 1844/1844/1844 1847/1847/1847 1846/1846/1846
f 1824/1824/1824 1828/1828/1828 1847/1847/1847
f 1843/1843/1843 1845/1845/1845 1848/1848/1848
f 1845/1845/1845 1849/1849/1849 1848/1848/1848
f 1845/1845/1845 1850/1850/1850 1849/1849/1849
f 1845/1845/1845 1846/1846/1846 1850/1850/1850
f 1850/1850/1850 1846/1846/1846 1851/1851/1851
f 1852/1852/1852 1853/1853/1853 1854/1854/1854
f 1852/1852/1852 1854/1854/1854 1855/1855/1855
f 1856/1856/1856 1853/1853/1853 1852/1852/1852
f 1856/1856/1856 1857/1857/1857 1853/1853/1853
f 1854/1854/1854 1858/1858/1858 1855/1855/1855
f 1854/1854/1854 1859/1859/1859 1858/1858/1858
f 1860/1860/1860 1858/1858/1858 1859/1859/1859
f 1858/1858/1858 1860/1860/1860 1861/1861/1861
f 1858/1858/1858 1861/1861/1861 1862/1862/1862
f 1857/1857/1857 1856/1856/1856 1863/1863/1863
f 1863/1863/1863 1856/1856/1856 1864/1864/1864
f 1864/1864/1864 1856/1856/1856 1865/1865/1865
f 1866/1866/1866 1867/1867/1867 1868/1868/1868
f 1868/1868/1868 1867/1867/1867 1869/1869/1869
f 1866/1866/1866 1868/1868/1868 1870/1870/1870
f 1871/1871/1871 1866/1866/1866 1870/1870/1870
f 1868/1868/1868 1869/1869/1869 1872/1872/1872
f 1872/1872/1872 1869/1869/1869 1873/1873/1873
f 1874/1874/1874 1873/1873/1873 1869/1869/1869
f 1871/1871/1871 1870/1870/1870 1875/1875/1875
f 1872/1872/1872 1873/1873/1873 1876/1876/1876
f 1877/1877/1877 1867/1867/1867 1866/1866/1866
f 1877/1877/1877 1878/1878/1878 1867/1867/1867
f 1878/1878/1878 1869/1869/1869 1867/1867/1867
f 1878/1878/1878 1879/1879/1879 1869/1869/1869
f 1874/1874/1874 1869/1869/1869 1879/1879/1879
f 1880/1880/1880 1881/1881/1881 1882/1882/1882
f 1880/1880/1880 1882/1882/1882 1883/1883/1883
f 1884/1884/1884 1885/1885/1885 1886/1886/1886
f 1884/1884/1884 1886/1886/1886 1887/1887/1887
f 1888/1888/1888 1887/1887/1887 1886/1886/1886
f 1887/1887/1887 1888/1888/1888 1889/1889/1889
f 1889/1889/1889 1888/1888/1888 1890/1890/1890
f 1890/1890/1890 1888/1888/1888 1891/1891/1891
f 1890/1890/1890 1891/1891/1891 1892/1892/1892
f 1891/1891/1891 1893/1893/1893 1892/1892/1892
f 1893/1893/1893 1891/1891/1891 1894/1894/1894
f 1895/1895/1895 1894/1894/1894 1891/1891/1891
f 1895/1895/1895 1896/1896/1896 1894/1894/1894
f 1895/1895/1895 1897/1897/1897 1896/1896/1896
f 1897/1897/1897 1898/1898/1898 1896/1896/1896
f 1898/1898/1898 1897/1897/1897 1899/1899/1899
f 1900/1900/1900 1899/1899/1899 1897/1897/1897
f 1901/1901/1901 1900/1900/1900 1897/1897/1897
f 1896/1896/1896 1898/1898/1898 1902/1902/1902
f 1903/1903/1903 1904/1904/1904 1905/1905/1905
f 1755/1755/1755 1905/1905/1905 1904/1904/1904
f 1903/1903/1903 1905/1905/1905 1749/1749/1749
f 1749/1749/1749 1905/1905/1905 1906/1906/1906
f 1753/1753/1753 1906/1906/1906 1905/1905/1905
f 1753/1753/1753 1905/1905/1905 1755/1755/1755
f 1753/1753/1753 1752/1752/1752 1906/1906/1906
f 1749/1749/1749 1906/1906/1906 1752/1752/1752
f 1755/1755/1755 1904/1904/1904 1771/1771/1771
f 1907/1907/1907 1908/1908/1908 1909/1909/1909
f 1910/1910/1910 1908/1908/1908 1907/1907/1907
f 1911/1911/1911 1908/1908/1908 1910/1910/1910
f 1907/1907/1907 1909/1909/1909 1912/1912/1912
f 1909/1909/1909 1913/1913/1913 1912/1912/1912
f 1909/1909/1909 1914/1914/1914 1913/1913/1913
f 1914/1914/1914 1915/1915/1915 1913/1913/1913
f 1916/1916/1916 1915/1915/1915 1914/1914/1914
f 1915/1915/1915 1916/1916/1916 1917/1917/1917
f 1917/1917/1917 1916/1916/1916 1918/1918/1918
f 1919/1919/1919 1920/1920/1920 1921/1921/1921
f 1919/1919/1919 1921/1921/1921 1922/1922/1922
f 1921/1921/1921 1920/1920/1920 1923/1923/1923
f 1920/1920/1920 1919/1919/1919 1924/1924/1924
f 1920/1920/1920 1924/1924/1924 1925/1925/1925
f 1924/1924/1924 1919/1919/1919 1926/1926/1926
f 1924/1924/1924 1926/1926/1926 1927/1927/1927
f 1926/1926/1926 1919/1919/1919 1928/1928/1928
f 1926/1926/1926 1928/1928/1928 1929/1929/1929
f 1928/1928/1928 1919/1919/1919 1930/1930/1930
f 1931/1931/1931 1932/1932/1932 1933/1933/1933
f 1933/1933/1933 1932/1932/1932 1934/1934/1934
f 1935/1935/1935 1932/1932/1932 1931/1931/1931
f 1936/1936/1936 1932/1932/1932 1935/1935/1935
f 1937/1937/1937 1938/1938/1938 1939/1939/1939
f 1937/1937/1937 1939/1939/1939 1940/1940/1940
f 1941/1941/1941 1937/1937/1937 1940/1940/1940
f 1941/1941/1941 1940/1940/1940 1942/1942/1942
f 1943/1943/1943 1939/1939/1939 1938/1938/1938
f 1943/1943/1943 1944/1944/1944 1939/1939/1939
f 1942/1942/1942 1945/1945/1945 1941/1941/1941
f 1942/1942/1942 1946/1946/1946 1945/1945/1945
f 1947/1947/1947 1945/1945/1945 1946/1946/1946
f 1947/1947/1947 1946/1946/1946 1948/1948/1948
f 1947/1947/1947 1948/1948/1948 1949/1949/1949
f 1947/1947/1947 1949/1949/1949 1950/1950/1950
f 1950/1950/1950 1949/1949/1949 1951/1951/1951
f 1950/1950/1950 1951/1951/1951 1952/1952/1952
f 1952/1952/1952 1951/1951/1951 1953/1953/1953
f 1952/1952/1952 1953/1953/1953 1954/1954/1954
f 1955/1955/1955 1954/1954/1954 1953/1953/1953
f 1955/1955/1955 1953/1953/1953 1956/1956/1956
f 1957/1957/1957 1955/1955/1955 1956/1956/1956
f 1957/1957/1957 1956/1956/1956 1958/1958/1958
f 1959/1959/1959 1957/1957/1957 1958/1958/1958
f 1959/1959/1959 1960/1960/1960 1957/1957/1957
f 1961/1961/1961 1962/1962/1962 1963/1963/1963
f 1963/1963/1963 1962/1962/1962 1964/1964/1964
f 1961/1961/1961 1963/1963/1963 1965/1965/1965
f 1966/1966/1966 1961/1961/1961 1965/1965/1965
f 1966/1966/1966 1965/1965/1965 1967/1967/1967
f 1968/1968/1968 1966/1966/1966 1967/1967/1967
f 1963/1963/1963 1964/1964/1964 1969/1969/1969
f 1969/1969/1969 1964/1964/1964 1970/1970/1970
f 1969/1969/1969 1970/1970/1970 1971/1971/1971
f 1970/1970/1970 1972/1972/1972 1971/1971/1971
f 1971/1971/1971 1972/1972/1972 1973/1973/1973
f 1972/1972/1972 1974/1974/1974 1973/1973/1973
f 1974/1974/1974 1972/1972/1972 1975/1975/1975
f 1976/1976/1976 1973/1973/1973 1974/1974/1974
f 1973/1973/1973 1976/1976/1976 1977/1977/1977
f 1968/1968/1968 1967/1967/1967 1978/1978/1978
f 1979/1979/1979 1968/1968/1968 1978/1978/1978
f 1979/1979/1979 1978/1978/1978 1980/1980/1980
f 1979/1979/1979 1980/1980/1980 1981/1981/1981
f 1979/1979/1979 1981/1981/1981 1982/1982/1982
f 1983/1983/1983 1982/1982/1982 1981/1981/1981
f 1982/1982/1982 1983/1983/1983 1984/1984/1984
f 1983/1983/1983 1985/1985/1985 1984/1984/1984
f 1985/1985/1985 1983/1983/1983 1986/1986/1986
f 1987/1987/1987 1984/1984/1984 1985/1985/1985
f 1984/1984/1984 1987/1987/1987 1988/1988/1988
f 1989/1989/1989 1990/1990/1990 1991/1991/1991
f 1989/1989/1989 1991/1991/1991 1992/1992/1992
f 1993/1993/1993 1991/1991/1991 1990/1990/1990
f 1993/1993/1993 1994/1994/1994 1991/1991/1991
f 1995/1995/1995 1994/1994/1994 1993/1993/1993
f 1995/1995/1995 1996/1996/1996 1994/1994/1994
f 1997/1997/1997 1996/1996/1996 1995/1995/1995
f 1997/1997/1997 1998/1998/1998 1996/1996/1996
f 1999/1999/1999 1998/1998/1998 1997/1997/1997
f 1999/1999/1999 2000/2000/2000 1998/1998/1998
f 2001/2001/2001 2000/2000/2000 1999/1999/1999
f 2001/2001/2001 1999/1999/1999 2002/2002/2002
f 2003/2003/2003 2001/2001/2001 2002/2002/2002
f 2004/2004/2004 2005/2005/2005 2006/2006/2006
f 2004/2004/2004 2006/2006/2006 2007/2007/2007
f 2008/2008/2008 2004/2004/2004 2007/2007/2007
f 2008/2008/2008 2007/2007/2007 2009/2009/2009
f 2008/2008/2008 2009/2009/2009 2010/2010/2010
f 2008/2008/2008 2010/2010/2010 2011/2011/2011
f 2012/2012/2012 1747/1747/1747 2013/2013/2013
f 1746/1746/1746 2013/2013/2013 1747/1747/1747
f 1746/1746/1746 2014/2014/2014 2013/2013/2013
f 2014/2014/2014 2012/2012/2012 2013/2013/2013
f 2014/2014/2014 2015/2015/2015 2012/2012/2012
f 2014/2014/2014 1746/1746/1746 2016/2016/2016
f 2016/2016/2016 2015/2015/2015 2014/2014/2014
f 2016/2016/2016 1763/1763/1763 2015/2015/2015
f 2016/2016/2016 1746/1746/1746 1751/1751/1751
f 1751/1751/1751 1763/1763/1763 2016/2016/2016
f 2017/2017/2017 2018/2018/2018 2019/2019/2019
f 2020/2020/2020 2018/2018/2018 2017/2017/2017
f 2017/2017/2017 2019/2019/2019 2021/2021/2021
f 2021/2021/2021 2019/2019/2019 2022/2022/2022
f 2021/2021/2021 2022/2022/2022 2023/2023/2023
f 2020/2020/2020 2017/2017/2017 2024/2024/2024
f 2025/2025/2025 2026/2026/2026 2027/2027/2027
f 2025/2025/2025 2027/2027/2027 2028/2028/2028
f 2028/2028/2028 2027/2027/2027 2029/2029/2029
f 2028/2028/2028 2029/2029/2029 2030/2030/2030
f 2025/2025/2025 2031/2031/2031 2026/2026/2026
f 2025/2025/2025 2032/2032/2032 2031/2031/2031
f 2033/2033/2033 2034/2034/2034 2035/2035/2035
f 2034/2034/2034 2036/2036/2036 2035/2035/2035
f 2033/2033/2033 2035/2035/2035 2037/2037/2037
f 2038/2038/2038 2039/2039/2039 1885/1885/1885
f 2038/2038/2038 1885/1885/1885 1884/1884/1884
f 2040/2040/2040 2041/2041/2041 2042/2042/2042
f 2040/2040/2040 2042/2042/2042 2043/2043/2043
f 2043/2043/2043 2042/2042/2042 2044/2044/2044
f 2042/2042/2042 2041/2041/2041 2045/2045/2045
f 2046/2046/2046 2047/2047/2047 2048/2048/2048
f 2046/2046/2046 2048/2048/2048 2049/2049/2049
f 2049/2049/2049 2048/2048/2048 2050/2050/2050
f 2048/2048/2048 2047/2047/2047 2051/2051/2051
f 2052/2052/2052 2053/2053/2053 2054/2054/2054
f 2055/2055/2055 2054/2054/2054 2053/2053/2053
f 2056/2056/2056 2054/2054/2054 2055/2055/2055
f 2053/2053/2053 2052/2052/2052 2057/2057/2057
f 2058/2058/2058 2059/2059/2059 2060/2060/2060
f 2058/2058/2058 2060/2060/2060 2061/2061/2061
f 2062/2062/2062 2063/2063/2063 2064/2064/2064
f 2062/2062/2062 2064/2064/2064 2065/2065/2065
f 2066/2066/2066 2067/2067/2067 2068/2068/2068
f 2068/2068/2068 2067/2067/2067 2069/2069/2069
f 2067/2067/2067 2066/2066/2066 2070/2070/2070
f 2070/2070/2070 2066/2066/2066 2071/2071/2071
f 2072/2072/2072 2073/2073/2073 2074/2074/2074
f 2072/2072/2072 2074/2074/2074 2075/2075/2075
f 2072/2072/2072 2075/2075/2075 2076/2076/2076
f 2073/2073/2073 2077/2077/2077 2074/2074/2074
f 2073/2073/2073 2078/2078/2078 2077/2077/2077
f 2079/2079/2079 2077/2077/2077 2078/2078/2078
f 2079/2079/2079 2080/2080/2080 2077/2077/2077
f 2079/2079/2079 2081/2081/2081 2080/2080/2080
f 2079/2079/2079 2082/2082/2082 2081/2081/2081
f 2083/2083/2083 2081/2081/2081 2082/2082/2082
f 2083/2083/2083 2084/2084/2084 2081/2081/2081
f 2085/2085/2085 2084/2084/2084 2083/2083/2083
f 2085/2085/2085 2086/2086/2086 2084/2084/2084
f 2085/2085/2085 2087/2087/2087 2086/2086/2086
f 2085/2085/2085 2088/2088/2088 2087/2087/2087
f 2088/2088/2088 2089/2089/2089 2087/2087/2087
f 2088/2088/2088 2090/2090/2090 2089/2089/2089
f 2091/2091/2091 2089/2089/2089 2090/2090/2090
f 2091/2091/2091 2092/2092/2092 2089/2089/2089
f 2093/2093/2093 2092/2092/2092 2091/2091/2091
f 2093/2093/2093 2094/2094/2094 2092/2092/2092
f 2093/2093/2093 2076/2076/2076 2094/2094/2094
f 2093/2093/2093 2095/2095/2095 2076/2076/2076
f 2072/2072/2072 2076/2076/2076 2095/2095/2095
f 2096/2096/2096 2097/2097/2097 2098/2098/2098
f 2098/2098/2098 2097/2097/2097 2099/2099/2099
f 2100/2100/2100 2101/2101/2101 2102/2102/2102
f 2102/2102/2102 2101/2101/2101 2103/2103/2103
f 2104/2104/2104 2101/2101/2101 2100/2100/2100
f 2105/2105/2105 2106/2106/2106 2107/2107/2107
f 2107/2107/2107 2106/2106/2106 2108/2108/2108
f 2109/2109/2109 2106/2106/2106 2105/2105/2105
f 1767/1767/1767 1765/1765/1765 2110/2110/2110
f 1765/1765/1765 1769/1769/1769 2110/2110/2110
f 2111/2111/2111 2112/2112/2112 2113/2113/2113
f 2112/2112/2112 2111/2111/2111 2114/2114/2114
f 2111/2111/2111 2113/2113/2113 2115/2115/2115
f 2116/2116/2116 2115/2115/2115 2113/2113/2113
f 2112/2112/2112 2117/2117/2117 2113/2113/2113
f 2112/2112/2112 2118/2118/2118 2117/2117/2117
f 2112/2112/2112 2114/2114/2114 2119/2119/2119
f 2116/2116/2116 2113/2113/2113 2120/2120/2120
f 2121/2121/2121 2122/2122/2122 2123/2123/2123
f 2121/2121/2121 2123/2123/2123 2124/2124/2124
f 2125/2125/2125 2121/2121/2121 2124/2124/2124
f 2125/2125/2125 2124/2124/2124 2126/2126/2126
f 2127/2127/2127 2128/2128/2128 2129/2129/2129
f 2127/2127/2127 2129/2129/2129 2130/2130/2130
f 2129/2129/2129 2131/2131/2131 2130/2130/2130
f 2130/2130/2130 2131/2131/2131 2132/2132/2132
f 2132/2132/2132 2131/2131/2131 2133/2133/2133
f 2132/2132/2132 2133/2133/2133 2134/2134/2134
f 2134/2134/2134 2133/2133/2133 2135/2135/2135
f 2134/2134/2134 2135/2135/2135 2136/2136/2136
f 2137/2137/2137 2128/2128/2128 2127/2127/2127
f 2138/2138/2138 2128/2128/2128 2137/2137/2137
f 2139/2139/2139 2138/2138/2138 2137/2137/2137
f 2138/2138/2138 2139/2139/2139 2140/2140/2140
f 2140/2140/2140 2139/2139/2139 2141/2141/2141
f 2141/2141/2141 2139/2139/2139 2142/2142/2142
f 2141/2141/2141 2142/2142/2142 2143/2143/2143
f 2143/2143/2143 2142/2142/2142 2144/2144/2144
f 2144/2144/2144 2142/2142/2142 2145/2145/2145
f 2145/2145/2145 2142/2142/2142 2146/2146/2146
f 2147/2147/2147 2148/2148/2148 2149/2149/2149
f 2147/2147/2147 2149/2149/2149 2150/2150/2150
f 2151/2151/2151 2148/2148/2148 2147/2147/2147
f 2151/2151/2151 2152/2152/2152 2148/2148/2148
f 2153/2153/2153 2154/2154/2154 2155/2155/2155
f 2156/2156/2156 2154/2154/2154 2153/2153/2153
f 2153/2153/2153 2155/2155/2155 2157/2157/2157
f 2157/2157/2157 2155/2155/2155 2158/2158/2158
f 2157/2157/2157 2158/2158/2158 2159/2159/2159
f 2159/2159/2159 2158/2158/2158 2160/2160/2160
f 2161/2161/2161 2159/2159/2159 2160/2160/2160
f 2162/2162/2162 2159/2159/2159 2161/2161/2161
f 2163/2163/2163 2162/2162/2162 2161/2161/2161
f 2164/2164/2164 2162/2162/2162 2163/2163/2163
f 2165/2165/2165 2162/2162/2162 2164/2164/2164
f 2162/2162/2162 2165/2165/2165 2166/2166/2166
f 2154/2154/2154 2156/2156/2156 2167/2167/2167
f 2168/2168/2168 2167/2167/2167 2156/2156/2156
f 2169/2169/2169 2167/2167/2167 2168/2168/2168
f 2170/2170/2170 2169/2169/2169 2168/2168/2168
f 2169/2169/2169 2170/2170/2170 2171/2171/2171
f 2171/2171/2171 2170/2170/2170 2172/2172/2172
f 2173/2173/2173 2174/2174/2174 2175/2175/2175
f 2173/2173/2173 2175/2175/2175 2176/2176/2176
f 2177/2177/2177 2173/2173/2173 2176/2176/2176
f 2177/2177/2177 2176/2176/2176 2178/2178/2178
f 2174/2174/2174 2179/2179/2179 2175/2175/2175
f 2174/2174/2174 2180/2180/2180 2179/2179/2179
f 2180/2180/2180 2181/2181/2181 2179/2179/2179
f 2180/2180/2180 2182/2182/2182 2181/2181/2181
f 2183/2183/2183 2184/2184/2184 2185/2185/2185
f 2184/2184/2184 2183/2183/2183 2186/2186/2186
f 2183/2183/2183 2185/2185/2185 2187/2187/2187
f 2188/2188/2188 2187/2187/2187 2185/2185/2185
f 2184/2184/2184 2189/2189/2189 2185/2185/2185
f 2184/2184/2184 2190/2190/2190 2189/2189/2189
f 2190/2190/2190 2184/2184/2184 2191/2191/2191
f 2184/2184/2184 2186/2186/2186 2191/2191/2191
f 2192/2192/2192 2185/2185/2185 2189/2189/2189
f 2188/2188/2188 2185/2185/2185 2192/2192/2192
f 2190/2190/2190 2193/2193/2193 2189/2189/2189
f 2190/2190/2190 2194/2194/2194 2193/2193/2193
f 2190/2190/2190 2195/2195/2195 2194/2194/2194
f 2190/2190/2190 2196/2196/2196 2195/2195/2195
f 2190/2190/2190 2191/2191/2191 2196/2196/2196
f 2197/2197/2197 2189/2189/2189 2193/2193/2193
f 2197/2197/2197 2198/2198/2198 2189/2189/2189
f 2192/2192/2192 2189/2189/2189 2198/2198/2198
f 2199/2199/2199 2200/2200/2200 2201/2201/2201
f 2199/2199/2199 2201/2201/2201 2202/2202/2202
f 2203/2203/2203 2199/2199/2199 2202/2202/2202
f 2203/2203/2203 2202/2202/2202 2204/2204/2204
f 2200/2200/2200 2205/2205/2205 2201/2201/2201
f 2200/2200/2200 2206/2206/2206 2205/2205/2205
f 2206/2206/2206 2207/2207/2207 2205/2205/2205
f 2206/2206/2206 2208/2208/2208 2207/2207/2207
f 2209/2209/2209 2210/2210/2210 2211/2211/2211
f 2209/2209/2209 2211/2211/2211 2212/2212/2212
f 2210/2210/2210 2213/2213/2213 2211/2211/2211
f 2210/2210/2210 2214/2214/2214 2213/2213/2213
f 2214/2214/2214 2215/2215/2215 2213/2213/2213
f 2214/2214/2214 2216/2216/2216 2215/2215/2215
f 2217/2217/2217 2218/2218/2218 2219/2219/2219
f 2217/2217/2217 2219/2219/2219 2220/2220/2220
f 2221/2221/2221 2217/2217/2217 2220/2220/2220
f 2221/2221/2221 2220/2220/2220 2222/2222/2222
f 2223/2223/2223 2224/2224/2224 2225/2225/2225
f 2223/2223/2223 2225/2225/2225 2226/2226/2226
f 2227/2227/2227 2228/2228/2228 2229/2229/2229
f 2227/2227/2227 2229/2229/2229 2230/2230/2230
f 2228/2228/2228 2231/2231/2231 2229/2229/2229
f 2228/2228/2228 2232/2232/2232 2231/2231/2231
f 2232/2232/2232 2233/2233/2233 2231/2231/2231
f 2232/2232/2232 2234/2234/2234 2233/2233/2233
f 2235/2235/2235 2236/2236/2236 2237/2237/2237
f 2235/2235/2235 2237/2237/2237 2238/2238/2238
f 2236/2236/2236 2239/2239/2239 2237/2237/2237
f 2236/2236/2236 2240/2240/2240 2239/2239/2239
f 2240/2240/2240 2241/2241/2241 2239/2239/2239
f 2240/2240/2240 2242/2242/2242 2241/2241/2241
f 2239/2239/2239 2241/2241/2241 2243/2243/2243
f 2244/2244/2244 2242/2242/2242 2240/2240/2240
f 2239/2239/2239 2243/2243/2243 2245/2245/2245
f 2239/2239/2239 2245/2245/2245 2246/2246/2246
f 2239/2239/2239 2246/2246/2246 2237/2237/2237
f 2237/2237/2237 2246/2246/2246 2247/2247/2247
f 2237/2237/2237 2247/2247/2247 2238/2238/2238
f 2248/2248/2248 2236/2236/2236 2235/2235/2235
f 2248/2248/2248 2249/2249/2249 2236/2236/2236
f 2249/2249/2249 2240/2240/2240 2236/2236/2236
f 2249/2249/2249 2250/2250/2250 2240/2240/2240
f 2244/2244/2244 2240/2240/2240 2250/2250/2250
f 2251/2251/2251 2241/2241/2241 2242/2242/2242
f 2251/2251/2251 2252/2252/2252 2241/2241/2241
f 2253/2253/2253 2254/2254/2254 2255/2255/2255
f 2253/2253/2253 2255/2255/2255 2256/2256/2256
f 2257/2257/2257 2258/2258/2258 2259/2259/2259
f 2257/2257/2257 2259/2259/2259 2260/2260/2260
f 2261/2261/2261 2262/2262/2262 2263/2263/2263
f 2261/2261/2261 2263/2263/2263 2264/2264/2264
f 2265/2265/2265 2266/2266/2266 2267/2267/2267
f 2265/2265/2265 2267/2267/2267 2268/2268/2268
f 2266/2266/2266 2269/2269/2269 2267/2267/2267
f 2266/2266/2266 2270/2270/2270 2269/2269/2269
f 2271/2271/2271 2272/2272/2272 2273/2273/2273
f 2271/2271/2271 2273/2273/2273 2274/2274/2274
f 2275/2275/2275 2276/2276/2276 2277/2277/2277
f 2275/2275/2275 2277/2277/2277 2278/2278/2278
f 2279/2279/2279 2280/2280/2280 2281/2281/2281
f 2280/2280/2280 2282/2282/2282 2281/2281/2281
f 2279/2279/2279 2281/2281/2281 2283/2283/2283
f 2283/2283/2283 2284/2284/2284 2279/2279/2279
f 2285/2285/2285 2284/2284/2284 2283/2283/2283
f 2284/2284/2284 2285/2285/2285 2286/2286/2286
f 2287/2287/2287 2286/2286/2286 2285/2285/2285
f 2288/2288/2288 2282/2282/2282 2280/2280/2280
f 2289/2289/2289 2282/2282/2282 2288/2288/2288
f 2282/2282/2282 2289/2289/2289 2290/2290/2290
f 2287/2287/2287 2285/2285/2285 2291/2291/2291
f 2282/2282/2282 2290/2290/2290 2292/2292/2292
f 2293/2293/2293 2294/2294/2294 2295/2295/2295
f 2293/2293/2293 2295/2295/2295 2296/2296/2296
f 2297/2297/2297 2298/2298/2298 2299/2299/2299
f 2297/2297/2297 2299/2299/2299 2300/2300/2300
f 2301/2301/2301 2302/2302/2302 2303/2303/2303
f 2301/2301/2301 2303/2303/2303 2304/2304/2304
f 2305/2305/2305 2302/2302/2302 2301/2301/2301
f 2302/2302/2302 2305/2305/2305 2306/2306/2306
f 2307/2307/2307 2306/2306/2306 2305/2305/2305
f 2307/2307/2307 2308/2308/2308 2306/2306/2306
f 2309/2309/2309 2308/2308/2308 2307/2307/2307
f 2308/2308/2308 2309/2309/2309 2310/2310/2310
f 2310/2310/2310 2309/2309/2309 2311/2311/2311
f 2301/2301/2301 2304/2304/2304 2312/2312/2312
f 2309/2309/2309 2313/2313/2313 2311/2311/2311
f 2309/2309/2309 2314/2314/2314 2313/2313/2313
f 2315/2315/2315 2316/2316/2316 2317/2317/2317
f 2315/2315/2315 2317/2317/2317 2318/2318/2318
f 2315/2315/2315 2318/2318/2318 2319/2319/2319
f 2315/2315/2315 2319/2319/2319 2320/2320/2320
f 2321/2321/2321 2320/2320/2320 2319/2319/2319
f 2321/2321/2321 2322/2322/2322 2320/2320/2320
f 2323/2323/2323 2324/2324/2324 2325/2325/2325
f 2323/2323/2323 2325/2325/2325 2326/2326/2326
f 2327/2327/2327 2323/2323/2323 2326/2326/2326
f 2327/2327/2327 2326/2326/2326 2328/2328/2328
f 2329/2329/2329 2327/2327/2327 2328/2328/2328
f 2329/2329/2329 2328/2328/2328 2330/2330/2330
f 2331/2331/2331 2329/2329/2329 2330/2330/2330
f 2331/2331/2331 2330/2330/2330 2332/2332/2332
f 2333/2333/2333 2332/2332/2332 2330/2330/2330
f 2333/2333/2333 2334/2334/2334 2332/2332/2332
f 2335/2335/2335 2336/2336/2336 2337/2337/2337
f 2336/2336/2336 2335/2335/2335 2338/2338/2338
f 2337/2337/2337 2336/2336/2336 2339/2339/2339
f 2335/2335/2335 2337/2337/2337 2340/2340/2340
f 2340/2340/2340 2337/2337/2337 2341/2341/2341
f 2342/2342/2342 2341/2341/2341 2337/2337/2337
f 2340/2340/2340 2341/2341/2341 2343/2343/2343
f 2336/2336/2336 2338/2338/2338 2344/2344/2344
f 2336/2336/2336 2344/2344/2344 2345/2345/2345
f 2336/2336/2336 2345/2345/2345 2339/2339/2339
f 2346/2346/2346 2345/2345/2345 2344/2344/2344
f 2347/2347/2347 2344/2344/2344 2338/2338/2338
f 2347/2347/2347 2348/2348/2348 2344/2344/2344
f 2346/2346/2346 2344/2344/2344 2348/2348/2348
f 2342/2342/2342 2337/2337/2337 2349/2349/2349
f 2337/2337/2337 2339/2339/2339 2349/2349/2349
f 2350/2350/2350 2351/2351/2351 2352/2352/2352
f 2350/2350/2350 2352/2352/2352 2353/2353/2353
f 2353/2353/2353 2352/2352/2352 2354/2354/2354
f 2353/2353/2353 2354/2354/2354 2355/2355/2355
f 2356/2356/2356 2355/2355/2355 2354/2354/2354
f 2356/2356/2356 2357/2357/2357 2355/2355/2355
f 2357/2357/2357 2356/2356/2356 2358/2358/2358
f 2357/2357/2357 2358/2358/2358 2359/2359/2359
f 2360/2360/2360 2350/2350/2350 2353/2353/2353
f 2355/2355/2355 2360/2360/2360 2353/2353/2353
f 2360/2360/2360 2361/2361/2361 2350/2350/2350
f 2355/2355/2355 2362/2362/2362 2360/2360/2360
f 2363/2363/2363 2362/2362/2362 2355/2355/2355
f 2363/2363/2363 2355/2355/2355 2357/2357/2357
f 2359/2359/2359 2363/2363/2363 2357/2357/2357
f 2359/2359/2359 2364/2364/2364 2363/2363/2363
f 2351/2351/2351 2365/2365/2365 2352/2352/2352
f 2351/2351/2351 2366/2366/2366 2365/2365/2365
f 2367/2367/2367 2359/2359/2359 2358/2358/2358
f 2367/2367/2367 2368/2368/2368 2359/2359/2359
f 2369/2369/2369 2370/2370/2370 2371/2371/2371
f 2370/2370/2370 2369/2369/2369 2372/2372/2372
f 2369/2369/2369 2371/2371/2371 2373/2373/2373
f 2374/2374/2374 2369/2369/2369 2373/2373/2373
f 2374/2374/2374 2373/2373/2373 2375/2375/2375
f 2370/2370/2370 2376/2376/2376 2371/2371/2371
f 2370/2370/2370 2377/2377/2377 2376/2376/2376
f 2377/2377/2377 2370/2370/2370 2378/2378/2378
f 2370/2370/2370 2372/2372/2372 2378/2378/2378
f 2379/2379/2379 2376/2376/2376 2377/2377/2377
f 2379/2379/2379 2380/2380/2380 2376/2376/2376
f 2376/2376/2376 2380/2380/2380 2381/2381/2381
f 2377/2377/2377 2378/2378/2378 2382/2382/2382
f 2377/2377/2377 2382/2382/2382 2383/2383/2383
f 2377/2377/2377 2383/2383/2383 2379/2379/2379
f 2376/2376/2376 2384/2384/2384 2371/2371/2371
f 2376/2376/2376 2385/2385/2385 2384/2384/2384
f 2376/2376/2376 2381/2381/2381 2385/2385/2385
f 2371/2371/2371 2384/2384/2384 2386/2386/2386
f 2371/2371/2371 2386/2386/2386 2373/2373/2373
f 2387/2387/2387 2388/2388/2388 2389/2389/2389
f 2387/2387/2387 2389/2389/2389 2390/2390/2390
f 2391/2391/2391 2387/2387/2387 2390/2390/2390
f 2391/2391/2391 2392/2392/2392 2387/2387/2387
f 2388/2388/2388 2393/2393/2393 2389/2389/2389
f 2388/2388/2388 2394/2394/2394 2393/2393/2393
f 2395/2395/2395 2396/2396/2396 2397/2397/2397
f 2395/2395/2395 2397/2397/2397 2398/2398/2398
f 2399/2399/2399 2395/2395/2395 2398/2398/2398
f 2399/2399/2399 2398/2398/2398 2400/2400/2400
f 2401/2401/2401 2402/2402/2402 2403/2403/2403
f 2401/2401/2401 2403/2403/2403 2404/2404/2404
f 2405/2405/2405 2406/2406/2406 2407/2407/2407
f 2405/2405/2405 2407/2407/2407 2408/2408/2408
f 2409/2409/2409 2410/2410/2410 2411/2411/2411
f 2409/2409/2409 2411/2411/2411 2412/2412/2412
f 2413/2413/2413 2414/2414/2414 2415/2415/2415
f 2413/2413/2413 2415/2415/2415 2416/2416/2416
f 2417/2417/2417 2418/2418/2418 2419/2419/2419
f 2417/2417/2417 2419/2419/2419 2420/2420/2420
f 2421/2421/2421 2422/2422/2422 2423/2423/2423
f 2421/2421/2421 2423/2423/2423 2424/2424/2424
f 2425/2425/2425 2426/2426/2426 2427/2427/2427
f 2426/2426/2426 2425/2425/2425 2428/2428/2428
f 2428/2428/2428 2425/2425/2425 2429/2429/2429
f 2428/2428/2428 2429/2429/2429 2430/2430/2430
f 2430/2430/2430 2429/2429/2429 2431/2431/2431
f 2429/2429/2429 2432/2432/2432 2431/2431/2431
f 2431/2431/2431 2432/2432/2432 2433/2433/2433
f 2433/2433/2433 2432/2432/2432 2434/2434/2434
f 2435/2435/2435 2427/2427/2427 2426/2426/2426
f 2427/2427/2427 2435/2435/2435 2436/2436/2436
f 2437/2437/2437 2436/2436/2436 2435/2435/2435
f 2436/2436/2436 2437/2437/2437 2438/2438/2438
f 2439/2439/2439 2438/2438/2438 2437/2437/2437
f 2439/2439/2439 2440/2440/2440 2438/2438/2438
f 2434/2434/2434 2441/2441/2441 2433/2433/2433
f 2442/2442/2442 2441/2441/2441 2434/2434/2434
f 2443/2443/2443 2441/2441/2441 2442/2442/2442
f 2441/2441/2441 2443/2443/2443 2444/2444/2444
f 2444/2444/2444 2443/2443/2443 2445/2445/2445
f 2444/2444/2444 2445/2445/2445 2446/2446/2446
f 2446/2446/2446 2445/2445/2445 2447/2447/2447
f 2447/2447/2447 2448/2448/2448 2439/2439/2439
f 2445/2445/2445 2448/2448/2448 2447/2447/2447
f 2439/2439/2439 2448/2448/2448 2440/2440/2440
f 2449/2449/2449 2450/2450/2450 2451/2451/2451
f 2450/2450/2450 2449/2449/2449 2452/2452/2452
f 2452/2452/2452 2449/2449/2449 2453/2453/2453
f 2449/2449/2449 2454/2454/2454 2453/2453/2453
f 2453/2453/2453 2454/2454/2454 2455/2455/2455
f 2456/2456/2456 2451/2451/2451 2450/2450/2450
f 2457/2457/2457 2451/2451/2451 2456/2456/2456
f 2455/2455/2455 2454/2454/2454 2458/2458/2458
f 2455/2455/2455 2458/2458/2458 2459/2459/2459
f 2458/2458/2458 2460/2460/2460 2459/2459/2459
f 2459/2459/2459 2460/2460/2460 2461/2461/2461
f 2461/2461/2461 2460/2460/2460 2462/2462/2462
f 2463/2463/2463 2457/2457/2457 2456/2456/2456
f 2463/2463/2463 2464/2464/2464 2457/2457/2457
f 2465/2465/2465 2464/2464/2464 2463/2463/2463
f 2462/2462/2462 2466/2466/2466 2461/2461/2461
f 2467/2467/2467 2466/2466/2466 2462/2462/2462
f 2466/2466/2466 2467/2467/2467 2468/2468/2468
f 2467/2467/2467 2469/2469/2469 2468/2468/2468
f 2468/2468/2468 2469/2469/2469 2470/2470/2470
f 2471/2471/2471 2470/2470/2470 2469/2469/2469
f 2470/2470/2470 2472/2472/2472 2465/2465/2465
f 2465/2465/2465 2472/2472/2472 2464/2464/2464
f 2470/2470/2470 2471/2471/2471 2472/2472/2472
f 2473/2473/2473 2474/2474/2474 2475/2475/2475
f 2473/2473/2473 2475/2475/2475 2476/2476/2476
f 2477/2477/2477 2473/2473/2473 2476/2476/2476
f 2477/2477/2477 2476/2476/2476 2478/2478/2478
f 2474/2474/2474 2479/2479/2479 2475/2475/2475
f 2474/2474/2474 2480/2480/2480 2479/2479/2479
f 2481/2481/2481 2482/2482/2482 2483/2483/2483
f 2481/2481/2481 2483/2483/2483 2484/2484/2484
f 2481/2481/2481 2484/2484/2484 2485/2485/2485
f 2481/2481/2481 2485/2485/2485 2486/2486/2486
f 2482/2482/2482 2487/2487/2487 2483/2483/2483
f 2482/2482/2482 2488/2488/2488 2487/2487/2487
f 2489/2489/2489 2490/2490/2490 2491/2491/2491
f 2489/2489/2489 2491/2491/2491 2492/2492/2492
f 2490/2490/2490 2493/2493/2493 2491/2491/2491
f 2490/2490/2490 2494/2494/2494 2493/2493/2493
f 2495/2495/2495 2493/2493/2493 2494/2494/2494
f 2495/2495/2495 2496/2496/2496 2493/2493/2493
f 2497/2497/2497 2496/2496/2496 2495/2495/2495
f 2497/2497/2497 2498/2498/2498 2496/2496/2496
f 2499/2499/2499 2500/2500/2500 2501/2501/2501
f 2499/2499/2499 2501/2501/2501 2502/2502/2502
f 2500/2500/2500 2503/2503/2503 2501/2501/2501
f 2500/2500/2500 2504/2504/2504 2503/2503/2503
f 2505/2505/2505 2506/2506/2506 2507/2507/2507
f 2505/2505/2505 2507/2507/2507 2508/2508/2508
f 2509/2509/2509 2505/2505/2505 2508/2508/2508
f 2509/2509/2509 2508/2508/2508 2510/2510/2510
f 2511/2511/2511 2509/2509/2509 2510/2510/2510
f 2511/2511/2511 2510/2510/2510 2512/2512/2512
f 2513/2513/2513 2511/2511/2511 2512/2512/2512
f 2513/2513/2513 2512/2512/2512 2514/2514/2514
f 2515/2515/2515 2516/2516/2516 2517/2517/2517
f 2515/2515/2515 2517/2517/2517 2518/2518/2518
f 2519/2519/2519 2515/2515/2515 2518/2518/2518
f 2519/2519/2519 2518/2518/2518 2520/2520/2520
f 2521/2521/2521 2522/2522/2522 2523/2523/2523
f 2521/2521/2521 2523/2523/2523 2524/2524/2524
f 2525/2525/2525 2521/2521/2521 2524/2524/2524
f 2525/2525/2525 2524/2524/2524 2526/2526/2526
f 2527/2527/2527 2525/2525/2525 2526/2526/2526
f 2527/2527/2527 2526/2526/2526 2528/2528/2528
f 2529/2529/2529 2530/2530/2530 2531/2531/2531
f 2529/2529/2529 2531/2531/2531 2532/2532/2532
f 2533/2533/2533 2529/2529/2529 2532/2532/2532
f 2533/2533/2533 2532/2532/2532 2534/2534/2534
f 2535/2535/2535 2533/2533/2533 2534/2534/2534
f 2535/2535/2535 2534/2534/2534 2536/2536/2536
f 2537/2537/2537 2538/2538/2538 2539/2539/2539
f 2537/2537/2537 2539/2539/2539 2540/2540/2540
f 2537/2537/2537 2540/2540/2540 2541/2541/2541
f 2542/2542/2542 2539/2539/2539 2538/2538/2538
f 2542/2542/2542 2543/2543/2543 2539/2539/2539
f 2537/2537/2537 2541/2541/2541 2544/2544/2544
f 2545/2545/2545 2544/2544/2544 2541/2541/2541
f 2545/2545/2545 2541/2541/2541 2546/2546/2546
f 2547/2547/2547 2545/2545/2545 2546/2546/2546
f 2547/2547/2547 2546/2546/2546 2548/2548/2548
f 2549/2549/2549 2547/2547/2547 2548/2548/2548
f 2549/2549/2549 2548/2548/2548 2550/2550/2550
f 2551/2551/2551 2549/2549/2549 2550/2550/2550
f 2542/2542/2542 2552/2552/2552 2543/2543/2543
f 2542/2542/2542 2553/2553/2553 2552/2552/2552
f 2553/2553/2553 2554/2554/2554 2552/2552/2552
f 2553/2553/2553 2555/2555/2555 2554/2554/2554
f 2556/2556/2556 2554/2554/2554 2555/2555/2555
f 2556/2556/2556 2557/2557/2557 2554/2554/2554
f 2558/2558/2558 2557/2557/2557 2556/2556/2556
f 2558/2558/2558 2559/2559/2559 2557/2557/2557
f 2558/2558/2558 2551/2551/2551 2560/2560/2560
f 2558/2558/2558 2560/2560/2560 2559/2559/2559
f 2551/2551/2551 2550/2550/2550 2560/2560/2560
f 2561/2561/2561 2562/2562/2562 2563/2563/2563
f 2561/2561/2561 2563/2563/2563 2564/2564/2564
f 2561/2561/2561 2564/2564/2564 2565/2565/2565
f 2562/2562/2562 2566/2566/2566 2563/2563/2563
f 2562/2562/2562 2567/2567/2567 2566/2566/2566
f 2561/2561/2561 2565/2565/2565 2568/2568/2568
f 2568/2568/2568 2565/2565/2565 2569/2569/2569
f 2568/2568/2568 2569/2569/2569 2570/2570/2570
f 2571/2571/2571 2570/2570/2570 2569/2569/2569
f 2571/2571/2571 2569/2569/2569 2572/2572/2572
f 2571/2571/2571 2572/2572/2572 2573/2573/2573
f 2571/2571/2571 2573/2573/2573 2574/2574/2574
f 2575/2575/2575 2574/2574/2574 2573/2573/2573
f 2576/2576/2576 2566/2566/2566 2567/2567/2567
f 2576/2576/2576 2577/2577/2577 2566/2566/2566
f 2578/2578/2578 2577/2577/2577 2576/2576/2576
f 2578/2578/2578 2579/2579/2579 2577/2577/2577
f 2578/2578/2578 2580/2580/2580 2579/2579/2579
f 2578/2578/2578 2581/2581/2581 2580/2580/2580
f 2581/2581/2581 2582/2582/2582 2580/2580/2580
f 2581/2581/2581 2583/2583/2583 2582/2582/2582
f 2583/2583/2583 2575/2575/2575 2584/2584/2584
f 2583/2583/2583 2584/2584/2584 2582/2582/2582
f 2575/2575/2575 2573/2573/2573 2584/2584/2584
f 2585/2585/2585 2586/2586/2586 2587/2587/2587
f 2585/2585/2585 2587/2587/2587 2588/2588/2588
f 2589/2589/2589 2585/2585/2585 2588/2588/2588
f 2589/2589/2589 2588/2588/2588 2590/2590/2590
f 2586/2586/2586 2591/2591/2591 2587/2587/2587
f 2586/2586/2586 2592/2592/2592 2591/2591/2591
f 2593/2593/2593 2594/2594/2594 2595/2595/2595
f 2593/2593/2593 2595/2595/2595 2596/2596/2596
f 2597/2597/2597 2593/2593/2593 2596/2596/2596
f 2597/2597/2597 2596/2596/2596 2598/2598/2598
f 2594/2594/2594 2599/2599/2599 2595/2595/2595
f 2594/2594/2594 2600/2600/2600 2599/2599/2599
f 2601/2601/2601 2602/2602/2602 2603/2603/2603
f 2601/2601/2601 2603/2603/2603 2604/2604/2604
f 2602/2602/2602 2605/2605/2605 2603/2603/2603
f 2602/2602/2602 2606/2606/2606 2605/2605/2605
f 2606/2606/2606 2607/2607/2607 2605/2605/2605
f 2606/2606/2606 2608/2608/2608 2607/2607/2607
f 2609/2609/2609 2607/2607/2607 2608/2608/2608
f 2609/2609/2609 2610/2610/2610 2607/2607/2607
f 2611/2611/2611 2612/2612/2612 2613/2613/2613
f 2611/2611/2611 2613/2613/2613 2614/2614/2614
f 2612/2612/2612 2615/2615/2615 2613/2613/2613
f 2612/2612/2612 2616/2616/2616 2615/2615/2615
f 2617/2617/2617 2618/2618/2618 2619/2619/2619
f 2617/2617/2617 2619/2619/2619 2620/2620/2620
f 2617/2617/2617 2620/2620/2620 2621/2621/2621
f 2617/2617/2617 2621/2621/2621 2622/2622/2622
f 2622/2622/2622 2621/2621/2621 2623/2623/2623
f 2622/2622/2622 2623/2623/2623 2624/2624/2624
f 2625/2625/2625 2624/2624/2624 2623/2623/2623
f 2625/2625/2625 2623/2623/2623 2626/2626/2626
f 2627/2627/2627 2628/2628/2628 2629/2629/2629
f 2627/2627/2627 2629/2629/2629 2630/2630/2630
f 2631/2631/2631 2627/2627/2627 2630/2630/2630
f 2631/2631/2631 2630/2630/2630 2632/2632/2632
f 2633/2633/2633 2634/2634/2634 2635/2635/2635
f 2633/2633/2633 2635/2635/2635 2636/2636/2636
f 2637/2637/2637 2633/2633/2633 2636/2636/2636
f 2637/2637/2637 2636/2636/2636 2638/2638/2638
f 2639/2639/2639 2637/2637/2637 2638/2638/2638
f 2639/2639/2639 2638/2638/2638 2640/2640/2640
f 2641/2641/2641 2642/2642/2642 2643/2643/2643
f 2641/2641/2641 2643/2643/2643 2644/2644/2644
f 2641/2641/2641 2644/2644/2644 2645/2645/2645
f 2641/2641/2641 2645/2645/2645 2646/2646/2646
f 2647/2647/2647 2646/2646/2646 2645/2645/2645
f 2647/2647/2647 2645/2645/2645 2648/2648/2648
f 2649/2649/2649 2650/2650/2650 2651/2651/2651
f 2649/2649/2649 2651/2651/2651 2652/2652/2652
f 2649/2649/2649 2652/2652/2652 2653/2653/2653
f 2654/2654/2654 2651/2651/2651 2650/2650/2650
f 2654/2654/2654 2655/2655/2655 2651/2651/2651
f 2649/2649/2649 2653/2653/2653 2656/2656/2656
f 2657/2657/2657 2656/2656/2656 2653/2653/2653
f 2657/2657/2657 2653/2653/2653 2658/2658/2658
f 2657/2657/2657 2658/2658/2658 2659/2659/2659
f 2657/2657/2657 2659/2659/2659 2660/2660/2660
f 2661/2661/2661 2660/2660/2660 2659/2659/2659
f 2661/2661/2661 2659/2659/2659 2662/2662/2662
f 2663/2663/2663 2661/2661/2661 2662/2662/2662
f 2654/2654/2654 2664/2664/2664 2655/2655/2655
f 2654/2654/2654 2665/2665/2665 2664/2664/2664
f 2665/2665/2665 2666/2666/2666 2664/2664/2664
f 2665/2665/2665 2667/2667/2667 2666/2666/2666
f 2668/2668/2668 2666/2666/2666 2667/2667/2667
f 2668/2668/2668 2669/2669/2669 2666/2666/2666
f 2670/2670/2670 2669/2669/2669 2668/2668/2668
f 2670/2670/2670 2671/2671/2671 2669/2669/2669
f 2670/2670/2670 2663/2663/2663 2672/2672/2672
f 2670/2670/2670 2672/2672/2672 2671/2671/2671
f 2663/2663/2663 2662/2662/2662 2672/2672/2672
f 2673/2673/2673 2674/2674/2674 2675/2675/2675
f 2673/2673/2673 2675/2675/2675 2676/2676/2676
f 2677/2677/2677 2675/2675/2675 2674/2674/2674
f 2678/2678/2678 2677/2677/2677 2674/2674/2674
f 2677/2677/2677 2679/2679/2679 2675/2675/2675
f 2678/2678/2678 2674/2674/2674 2680/2680/2680
f 2681/2681/2681 2678/2678/2678 2680/2680/2680
f 2682/2682/2682 2680/2680/2680 2674/2674/2674
f 2682/2682/2682 2674/2674/2674 2673/2673/2673
f 2680/2680/2680 2682/2682/2682 2683/2683/2683
f 2681/2681/2681 2680/2680/2680 2684/2684/2684
f 2680/2680/2680 2683/2683/2683 2684/2684/2684
f 2685/2685/2685 2686/2686/2686 2687/2687/2687
f 2688/2688/2688 2686/2686/2686 2685/2685/2685
f 2686/2686/2686 2688/2688/2688 2689/2689/2689
f 2685/2685/2685 2687/2687/2687 2690/2690/2690
f 2686/2686/2686 2691/2691/2691 2687/2687/2687
f 2686/2686/2686 2692/2692/2692 2691/2691/2691
f 2686/2686/2686 2689/2689/2689 2692/2692/2692
f 2692/2692/2692 2689/2689/2689 2693/2693/2693
f 2692/2692/2692 2694/2694/2694 2691/2691/2691
f 2692/2692/2692 2695/2695/2695 2694/2694/2694
f 2692/2692/2692 2693/2693/2693 2695/2695/2695
f 2688/2688/2688 2685/2685/2685 2696/2696/2696
f 2697/2697/2697 2698/2698/2698 2699/2699/2699
f 2697/2697/2697 2699/2699/2699 2700/2700/2700
f 2701/2701/2701 2697/2697/2697 2700/2700/2700
f 2702/2702/2702 2697/2697/2697 2701/2701/2701
f 2702/2702/2702 2703/2703/2703 2697/2697/2697
f 2703/2703/2703 2698/2698/2698 2697/2697/2697
f 2703/2703/2703 2704/2704/2704 2698/2698/2698
f 2701/2701/2701 2700/2700/2700 2705/2705/2705
f 2704/2704/2704 2706/2706/2706 2698/2698/2698
f 2704/2704/2704 2707/2707/2707 2706/2706/2706
f 2698/2698/2698 2706/2706/2706 2708/2708/2708
f 2698/2698/2698 2708/2708/2708 2699/2699/2699
f 2709/2709/2709 2710/2710/2710 2711/2711/2711
f 2709/2709/2709 2711/2711/2711 2712/2712/2712
f 2713/2713/2713 2709/2709/2709 2712/2712/2712
f 2714/2714/2714 2709/2709/2709 2713/2713/2713
f 2714/2714/2714 2715/2715/2715 2709/2709/2709
f 2715/2715/2715 2710/2710/2710 2709/2709/2709
f 2715/2715/2715 2714/2714/2714 2716/2716/2716
f 2715/2715/2715 2717/2717/2717 2710/2710/2710
f 2717/2717/2717 2715/2715/2715 2718/2718/2718
f 2715/2715/2715 2716/2716/2716 2718/2718/2718
f 2717/2717/2717 2718/2718/2718 2719/2719/2719
f 2713/2713/2713 2712/2712/2712 2720/2720/2720
f 2721/2721/2721 2722/2722/2722 2723/2723/2723
f 2721/2721/2721 2723/2723/2723 2724/2724/2724
f 2723/2723/2723 2722/2722/2722 2725/2725/2725
f 2726/2726/2726 2722/2722/2722 2721/2721/2721
f 2726/2726/2726 2721/2721/2721 2727/2727/2727
f 2722/2722/2722 2726/2726/2726 2728/2728/2728
f 2729/2729/2729 2730/2730/2730 2731/2731/2731
f 2729/2729/2729 2731/2731/2731 2732/2732/2732
f 2731/2731/2731 2730/2730/2730 2733/2733/2733
f 2734/2734/2734 2730/2730/2730 2729/2729/2729
f 2735/2735/2735 2730/2730/2730 2734/2734/2734
f 2730/2730/2730 2735/2735/2735 2736/2736/2736
f 2737/2737/2737 2738/2738/2738 2739/2739/2739
f 2739/2739/2739 2740/2740/2740 2737/2737/2737
f 2741/2741/2741 2740/2740/2740 2739/2739/2739
f 2742/2742/2742 2741/2741/2741 2739/2739/2739
f 2743/2743/2743 2740/2740/2740 2741/2741/2741
f 2738/2738/2738 2744/2744/2744 2739/2739/2739
f 2742/2742/2742 2739/2739/2739 2744/2744/2744
f 2738/2738/2738 2745/2745/2745 2744/2744/2744
f 2745/2745/2745 2746/2746/2746 2744/2744/2744
f 2746/2746/2746 2742/2742/2742 2744/2744/2744
f 2745/2745/2745 2747/2747/2747 2746/2746/2746
f 2746/2746/2746 2748/2748/2748 2742/2742/2742
f 2747/2747/2747 2749/2749/2749 2746/2746/2746
f 2749/2749/2749 2748/2748/2748 2746/2746/2746
f 2747/2747/2747 2750/2750/2750 2749/2749/2749
f 2749/2749/2749 2750/2750/2750 2751/2751/2751
f 2749/2749/2749 2752/2752/2752 2748/2748/2748
f 2749/2749/2749 2751/2751/2751 2753/2753/2753
f 2753/2753/2753 2752/2752/2752 2749/2749/2749
f 2753/2753/2753 2754/2754/2754 2752/2752/2752
f 2753/2753/2753 2751/2751/2751 2755/2755/2755
f 2756/2756/2756 2754/2754/2754 2753/2753/2753
f 2753/2753/2753 2755/2755/2755 2756/2756/2756
f 2756/2756/2756 2757/2757/2757 2754/2754/2754
f 2756/2756/2756 2755/2755/2755 2758/2758/2758
f 2756/2756/2756 2758/2758/2758 2759/2759/2759
f 2758/2758/2758 2760/2760/2760 2759/2759/2759
f 2756/2756/2756 2759/2759/2759 2761/2761/2761
f 2760/2760/2760 2761/2761/2761 2759/2759/2759
f 2756/2756/2756 2761/2761/2761 2757/2757/2757
f 2760/2760/2760 2762/2762/2762 2761/2761/2761
f 2763/2763/2763 2762/2762/2762 2760/2760/2760
f 2764/2764/2764 2762/2762/2762 2763/2763/2763
f 2764/2764/2764 2765/2765/2765 2762/2762/2762
f 2766/2766/2766 2764/2764/2764 2763/2763/2763
f 2762/2762/2762 2765/2765/2765 2767/2767/2767
f 2768/2768/2768 2769/2769/2769 2770/2770/2770
f 2770/2770/2770 2769/2769/2769 2771/2771/2771
f 2771/2771/2771 2769/2769/2769 2772/2772/2772
f 2773/2773/2773 2769/2769/2769 2768/2768/2768
f 2773/2773/2773 2768/2768/2768 2774/2774/2774
f 2774/2774/2774 2775/2775/2775 2773/2773/2773
f 2776/2776/2776 2775/2775/2775 2774/2774/2774
f 2777/2777/2777 2775/2775/2775 2776/2776/2776
f 2778/2778/2778 2775/2775/2775 2777/2777/2777
f 2779/2779/2779 2775/2775/2775 2778/2778/2778
f 2780/2780/2780 2775/2775/2775 2779/2779/2779
f 2781/2781/2781 2780/2780/2780 2779/2779/2779
f 2780/2780/2780 2781/2781/2781 2782/2782/2782
f 2780/2780/2780 2782/2782/2782 2783/2783/2783
f 2775/2775/2775 2780/2780/2780 2783/2783/2783
f 2775/2775/2775 2783/2783/2783 2784/2784/2784
f 2783/2783/2783 2782/2782/2782 2784/2784/2784
f 2784/2784/2784 2769/2769/2769 2773/2773/2773
f 2775/2775/2775 2784/2784/2784 2773/2773/2773
f 2769/2769/2769 2784/2784/2784 2785/2785/2785
f 2785/2785/2785 2784/2784/2784 2782/2782/2782
f 2785/2785/2785 2782/2782/2782 2772/2772/2772
f 2778/2778/2778 2777/2777/2777 2786/2786/2786
f 2782/2782/2782 2787/2787/2787 2772/2772/2772
f 2782/2782/2782 2788/2788/2788 2787/2787/2787
f 2782/2782/2782 2781/2781/2781 2788/2788/2788
f 2788/2788/2788 2781/2781/2781 2789/2789/2789
f 2789/2789/2789 2781/2781/2781 2790/2790/2790
f 2791/2791/2791 2789/2789/2789 2790/2790/2790
f 2789/2789/2789 2791/2791/2791 2788/2788/2788
f 2788/2788/2788 2791/2791/2791 2792/2792/2792
f 2792/2792/2792 2791/2791/2791 2793/2793/2793
f 2794/2794/2794 2793/2793/2793 2791/2791/2791
f 2793/2793/2793 2794/2794/2794 2795/2795/2795
f 2793/2793/2793 2795/2795/2795 2796/2796/2796
f 2795/2795/2795 2794/2794/2794 2797/2797/2797
f 2797/2797/2797 2794/2794/2794 2798/2798/2798
f 2788/2788/2788 2799/2799/2799 2787/2787/2787
f 2800/2800/2800 2788/2788/2788 2792/2792/2792
f 2769/2769/2769 2785/2785/2785 2772/2772/2772
f 2801/2801/2801 2802/2802/2802 2803/2803/2803
f 2803/2803/2803 2802/2802/2802 2804/2804/2804
f 2801/2801/2801 2803/2803/2803 2805/2805/2805
f 2803/2803/2803 2804/2804/2804 2806/2806/2806
f 2806/2806/2806 2804/2804/2804 2807/2807/2807
f 2806/2806/2806 2807/2807/2807 2808/2808/2808
f 2809/2809/2809 2810/2810/2810 2811/2811/2811
f 2811/2811/2811 2810/2810/2810 2812/2812/2812
f 2809/2809/2809 2811/2811/2811 2813/2813/2813
f 2814/2814/2814 2809/2809/2809 2813/2813/2813
f 2811/2811/2811 2812/2812/2812 2815/2815/2815
f 2816/2816/2816 2815/2815/2815 2812/2812/2812
f 2815/2815/2815 2816/2816/2816 2817/2817/2817
f 2817/2817/2817 2816/2816/2816 2818/2818/2818
f 2817/2817/2817 2818/2818/2818 2819/2819/2819
f 2817/2817/2817 2819/2819/2819 2820/2820/2820
f 2819/2819/2819 2821/2821/2821 2820/2820/2820
f 2819/2819/2819 2822/2822/2822 2821/2821/2821
f 2814/2814/2814 2813/2813/2813 2823/2823/2823
f 2824/2824/2824 2814/2814/2814 2823/2823/2823
f 2824/2824/2824 2825/2825/2825 2814/2814/2814
f 2826/2826/2826 2825/2825/2825 2824/2824/2824
f 2826/2826/2826 2827/2827/2827 2825/2825/2825
f 2828/2828/2828 2829/2829/2829 2830/2830/2830
f 2828/2828/2828 2830/2830/2830 2831/2831/2831
f 2829/2829/2829 2832/2832/2832 2830/2830/2830
f 2829/2829/2829 2833/2833/2833 2832/2832/2832
f 2833/2833/2833 2834/2834/2834 2832/2832/2832
f 2833/2833/2833 2835/2835/2835 2834/2834/2834
f 2835/2835/2835 2836/2836/2836 2834/2834/2834
f 2835/2835/2835 2837/2837/2837 2836/2836/2836
f 2838/2838/2838 2839/2839/2839 2840/2840/2840
f 2838/2838/2838 2840/2840/2840 2841/2841/2841
f 2842/2842/2842 2838/2838/2838 2841/2841/2841
f 2842/2842/2842 2841/2841/2841 2843/2843/2843
f 2844/2844/2844 2842/2842/2842 2843/2843/2843
f 2844/2844/2844 2843/2843/2843 2845/2845/2845
f 2846/2846/2846 2844/2844/2844 2845/2845/2845
f 2846/2846/2846 2847/2847/2847 2844/2844/2844
f 2848/2848/2848 2847/2847/2847 2846/2846/2846
f 2848/2848/2848 2849/2849/2849 2847/2847/2847
f 2850/2850/2850 2849/2849/2849 2848/2848/2848
f 2850/2850/2850 2851/2851/2851 2849/2849/2849
f 2852/2852/2852 2851/2851/2851 2850/2850/2850
f 2852/2852/2852 2853/2853/2853 2851/2851/2851
f 2854/2854/2854 2853/2853/2853 2852/2852/2852
f 2854/2854/2854 2855/2855/2855 2853/2853/2853
f 2856/2856/2856 2857/2857/2857 2858/2858/2858
f 2859/2859/2859 2860/2860/2860 2861/2861/2861
f 2859/2859/2859 2861/2861/2861 2862/2862/2862
f 2862/2862/2862 2861/2861/2861 2863/2863/2863
f 2862/2862/2862 2863/2863/2863 2864/2864/2864
f 2865/2865/2865 2860/2860/2860 2859/2859/2859
f 2865/2865/2865 2866/2866/2866 2860/2860/2860
f 2867/2867/2867 2866/2866/2866 2865/2865/2865
f 2867/2867/2867 2868/2868/2868 2866/2866/2866
f 2869/2869/2869 2870/2870/2870 2871/2871/2871
f 2871/2871/2871 2870/2870/2870 2872/2872/2872
f 2869/2869/2869 2871/2871/2871 2873/2873/2873
f 2871/2871/2871 2872/2872/2872 2874/2874/2874
f 2875/2875/2875 2876/2876/2876 2877/2877/2877
f 2878/2878/2878 2876/2876/2876 2875/2875/2875
f 2875/2875/2875 2877/2877/2877 2879/2879/2879
f 2878/2878/2878 2875/2875/2875 2880/2880/2880
f 2881/2881/2881 2878/2878/2878 2880/2880/2880
f 2881/2881/2881 2882/2882/2882 2878/2878/2878
f 2883/2883/2883 2884/2884/2884 2885/2885/2885
f 2886/2886/2886 2884/2884/2884 2883/2883/2883
f 2883/2883/2883 2885/2885/2885 2887/2887/2887
f 2886/2886/2886 2883/2883/2883 2888/2888/2888
f 2889/2889/2889 2886/2886/2886 2888/2888/2888
f 2889/2889/2889 2890/2890/2890 2886/2886/2886
f 2891/2891/2891 2892/2892/2892 2893/2893/2893
f 2891/2891/2891 2893/2893/2893 2894/2894/2894
f 2892/2892/2892 2895/2895/2895 2893/2893/2893
f 2892/2892/2892 2896/2896/2896 2895/2895/2895
f 2896/2896/2896 2897/2897/2897 2895/2895/2895
f 2896/2896/2896 2898/2898/2898 2897/2897/2897
f 2897/2897/2897 2898/2898/2898 2899/2899/2899
f 2896/2896/2896 2900/2900/2900 2898/2898/2898
f 2900/2900/2900 2899/2899/2899 2898/2898/2898
f 2896/2896/2896 2901/2901/2901 2900/2900/2900
f 2892/2892/2892 2901/2901/2901 2896/2896/2896
f 2892/2892/2892 2902/2902/2902 2901/2901/2901
f 2891/2891/2891 2902/2902/2902 2892/2892/2892
f 2891/2891/2891 2903/2903/2903 2902/2902/2902
f 2900/2900/2900 2904/2904/2904 2899/2899/2899
f 2905/2905/2905 2895/2895/2895 2897/2897/2897
f 2905/2905/2905 2906/2906/2906 2895/2895/2895
f 2906/2906/2906 2893/2893/2893 2895/2895/2895
f 2906/2906/2906 2907/2907/2907 2893/2893/2893
f 2907/2907/2907 2894/2894/2894 2893/2893/2893
f 2907/2907/2907 2908/2908/2908 2894/2894/2894
f 2905/2905/2905 2897/2897/2897 2909/2909/2909
f 2897/2897/2897 2899/2899/2899 2909/2909/2909
f 2905/2905/2905 2909/2909/2909 2910/2910/2910
f 2911/2911/2911 2912/2912/2912 2913/2913/2913
f 2911/2911/2911 2913/2913/2913 2914/2914/2914
f 2911/2911/2911 2915/2915/2915 2912/2912/2912
f 2911/2911/2911 2916/2916/2916 2915/2915/2915
f 2917/2917/2917 2914/2914/2914 2913/2913/2913
f 2917/2917/2917 2918/2918/2918 2914/2914/2914
f 2919/2919/2919 2914/2914/2914 2918/2918/2918
f 2919/2919/2919 2911/2911/2911 2914/2914/2914
f 2919/2919/2919 2920/2920/2920 2911/2911/2911
f 2920/2920/2920 2916/2916/2916 2911/2911/2911
f 2921/2921/2921 2920/2920/2920 2919/2919/2919
f 2920/2920/2920 2921/2921/2921 2922/2922/2922
f 2920/2920/2920 2923/2923/2923 2916/2916/2916
f 2920/2920/2920 2922/2922/2922 2923/2923/2923
f 2921/2921/2921 2919/2919/2919 2924/2924/2924
f 2925/2925/2925 2924/2924/2924 2919/2919/2919
f 2926/2926/2926 2921/2921/2921 2924/2924/2924
f 2926/2926/2926 2922/2922/2922 2921/2921/2921
f 2926/2926/2926 2927/2927/2927 2922/2922/2922
f 2925/2925/2925 2919/2919/2919 2928/2928/2928
f 2919/2919/2919 2918/2918/2918 2928/2928/2928
f 2926/2926/2926 2924/2924/2924 2929/2929/2929
f 2925/2925/2925 2929/2929/2929 2924/2924/2924
f 2930/2930/2930 2926/2926/2926 2929/2929/2929
f 2930/2930/2930 2927/2927/2927 2926/2926/2926
f 2930/2930/2930 2931/2931/2931 2927/2927/2927
f 2925/2925/2925 2932/2932/2932 2929/2929/2929
f 2930/2930/2930 2929/2929/2929 2933/2933/2933
f 2932/2932/2932 2933/2933/2933 2929/2929/2929
f 2932/2932/2932 2934/2934/2934 2933/2933/2933
f 2935/2935/2935 2936/2936/2936 2937/2937/2937
f 2936/2936/2936 2935/2935/2935 2938/2938/2938
f 2935/2935/2935 2937/2937/2937 2939/2939/2939
f 2940/2940/2940 2935/2935/2935 2939/2939/2939
f 2935/2935/2935 2940/2940/2940 2941/2941/2941
f 2935/2935/2935 2941/2941/2941 2938/2938/2938
f 2942/2942/2942 2939/2939/2939 2937/2937/2937
f 2936/2936/2936 2943/2943/2943 2937/2937/2937
f 2936/2936/2936 2944/2944/2944 2943/2943/2943
f 2940/2940/2940 2939/2939/2939 2945/2945/2945
f 2946/2946/2946 2940/2940/2940 2945/2945/2945
f 2940/2940/2940 2946/2946/2946 2947/2947/2947
f 2940/2940/2940 2947/2947/2947 2941/2941/2941
f 2948/2948/2948 2945/2945/2945 2939/2939/2939
f 2948/2948/2948 2939/2939/2939 2942/2942/2942
f 2946/2946/2946 2945/2945/2945 2949/2949/2949
f 2950/2950/2950 2949/2949/2949 2945/2945/2945
f 2950/2950/2950 2945/2945/2945 2948/2948/2948
f 2951/2951/2951 2949/2949/2949 2950/2950/2950
f 2946/2946/2946 2949/2949/2949 2951/2951/2951
f 2936/2936/2936 2952/2952/2952 2944/2944/2944
f 2953/2953/2953 2937/2937/2937 2943/2943/2943
f 2953/2953/2953 2954/2954/2954 2937/2937/2937
f 2942/2942/2942 2937/2937/2937 2954/2954/2954
f 2955/2955/2955 2947/2947/2947 2946/2946/2946
f 2946/2946/2946 2951/2951/2951 2955/2955/2955
f 2956/2956/2956 2955/2955/2955 2951/2951/2951
f 2955/2955/2955 2956/2956/2956 2957/2957/2957
f 2955/2955/2955 2958/2958/2958 2947/2947/2947
f 2955/2955/2955 2957/2957/2957 2958/2958/2958
f 2956/2956/2956 2951/2951/2951 2959/2959/2959
f 2960/2960/2960 2959/2959/2959 2951/2951/2951
f 2961/2961/2961 2959/2959/2959 2960/2960/2960
f 2961/2961/2961 2956/2956/2956 2959/2959/2959
f 2961/2961/2961 2962/2962/2962 2956/2956/2956
f 2962/2962/2962 2957/2957/2957 2956/2956/2956
f 2962/2962/2962 2963/2963/2963 2957/2957/2957
f 2960/2960/2960 2951/2951/2951 2964/2964/2964
f 2951/2951/2951 2950/2950/2950 2964/2964/2964
f 2961/2961/2961 2960/2960/2960 2965/2965/2965
f 2936/2936/2936 2966/2966/2966 2952/2952/2952
f 2936/2936/2936 2938/2938/2938 2966/2966/2966
f 2967/2967/2967 2968/2968/2968 2969/2969/2969
f 2967/2967/2967 2969/2969/2969 2970/2970/2970
f 2967/2967/2967 2971/2971/2971 2968/2968/2968
f 2967/2967/2967 2972/2972/2972 2971/2971/2971
f 2973/2973/2973 2970/2970/2970 2969/2969/2969
f 2973/2973/2973 2974/2974/2974 2970/2970/2970
f 2975/2975/2975 2976/2976/2976 2977/2977/2977
f 2975/2975/2975 2977/2977/2977 2978/2978/2978
f 2977/2977/2977 2979/2979/2979 2978/2978/2978
f 2977/2977/2977 2980/2980/2980 2979/2979/2979
f 2981/2981/2981 2976/2976/2976 2975/2975/2975
f 2981/2981/2981 2982/2982/2982 2976/2976/2976
f 2983/2983/2983 2984/2984/2984 2985/2985/2985
f 2986/2986/2986 2985/2985/2985 2984/2984/2984
f 2983/2983/2983 2985/2985/2985 2987/2987/2987
f 2988/2988/2988 2984/2984/2984 2983/2983/2983
f 2987/2987/2987 2988/2988/2988 2983/2983/2983
f 2987/2987/2987 2989/2989/2989 2988/2988/2988
f 2990/2990/2990 2988/2988/2988 2989/2989/2989
f 2990/2990/2990 2991/2991/2991 2988/2988/2988
f 2991/2991/2991 2984/2984/2984 2988/2988/2988
f 2984/2984/2984 2991/2991/2991 2992/2992/2992
f 2986/2986/2986 2984/2984/2984 2992/2992/2992
f 2993/2993/2993 2992/2992/2992 2991/2991/2991
f 2992/2992/2992 2993/2993/2993 2994/2994/2994
f 2994/2994/2994 2986/2986/2986 2992/2992/2992
f 2994/2994/2994 2995/2995/2995 2986/2986/2986
f 2995/2995/2995 2994/2994/2994 2996/2996/2996
f 2996/2996/2996 2994/2994/2994 2993/2993/2993
f 2997/2997/2997 2996/2996/2996 2993/2993/2993
f 2997/2997/2997 2998/2998/2998 2996/2996/2996
f 2995/2995/2995 2996/2996/2996 2998/2998/2998
f 2997/2997/2997 2993/2993/2993 2999/2999/2999
f 3000/3000/3000 2999/2999/2999 2993/2993/2993
f 3000/3000/3000 2993/2993/2993 2991/2991/2991
f 3001/3001/3001 2999/2999/2999 3000/3000/3000
f 3002/3002/3002 3000/3000/3000 2991/2991/2991
f 3002/3002/3002 2991/2991/2991 2990/2990/2990
f 3003/3003/3003 2999/2999/2999 3001/3001/3001
f 3003/3003/3003 3004/3004/3004 2999/2999/2999
f 2997/2997/2997 2999/2999/2999 3004/3004/3004
f 3005/3005/3005 3003/3003/3003 3001/3001/3001
f 3001/3001/3001 3000/3000/3000 3006/3006/3006
f 3002/3002/3002 3006/3006/3006 3000/3000/3000
f 3002/3002/3002 3007/3007/3007 3006/3006/3006
f 3001/3001/3001 3006/3006/3006 3008/3008/3008
f 3005/3005/3005 3001/3001/3001 3008/3008/3008
f 3009/3009/3009 3008/3008/3008 3006/3006/3006
f 3010/3010/3010 3009/3009/3009 3006/3006/3006
f 3010/3010/3010 3006/3006/3006 3007/3007/3007
f 3011/3011/3011 3005/3005/3005 3008/3008/3008
f 3008/3008/3008 3009/3009/3009 3012/3012/3012
f 3013/3013/3013 3008/3008/3008 3012/3012/3012
f 3011/3011/3011 3008/3008/3008 3013/3013/3013
f 3011/3011/3011 3013/3013/3013 3014/3014/3014
f 3015/3015/3015 3012/3012/3012 3009/3009/3009
f 3015/3015/3015 3009/3009/3009 3010/3010/3010
f 3016/3016/3016 3012/3012/3012 3015/3015/3015
f 3013/3013/3013 3012/3012/3012 3017/3017/3017
f 3012/3012/3012 3016/3016/3016 3017/3017/3017
f 3013/3013/3013 3017/3017/3017 3018/3018/3018
f 3013/3013/3013 3018/3018/3018 3014/3014/3014
f 3019/3019/3019 3014/3014/3014 3018/3018/3018
f 3019/3019/3019 3020/3020/3020 3014/3014/3014
f 3021/3021/3021 3019/3019/3019 3018/3018/3018
f 3022/3022/3022 3014/3014/3014 3020/3020/3020
f 3011/3011/3011 3014/3014/3014 3022/3022/3022
f 3017/3017/3017 3023/3023/3023 3018/3018/3018
f 3021/3021/3021 3018/3018/3018 3023/3023/3023
f 3017/3017/3017 3024/3024/3024 3023/3023/3023
f 3017/3017/3017 3016/3016/3016 3024/3024/3024
f 3025/3025/3025 3023/3023/3023 3024/3024/3024
f 3024/3024/3024 3016/3016/3016 3026/3026/3026
f 3027/3027/3027 3024/3024/3024 3026/3026/3026
f 3025/3025/3025 3024/3024/3024 3027/3027/3027
f 3028/3028/3028 3021/3021/3021 3023/3023/3023
f 3028/3028/3028 3023/3023/3023 3025/3025/3025
f 3026/3026/3026 3016/3016/3016 3029/3029/3029
f 3016/3016/3016 3015/3015/3015 3029/3029/3029
f 3027/3027/3027 3026/3026/3026 3030/3030/3030
f 3026/3026/3026 3029/3029/3029 3030/3030/3030
f 3022/3022/3022 3020/3020/3020 3031/3031/3031
f 3032/3032/3032 3033/3033/3033 3034/3034/3034
f 3032/3032/3032 3034/3034/3034 3035/3035/3035
f 3036/3036/3036 3032/3032/3032 3035/3035/3035
f 3033/3033/3033 3037/3037/3037 3034/3034/3034
f 3033/3033/3033 3038/3038/3038 3037/3037/3037
f 3036/3036/3036 3035/3035/3035 3039/3039/3039
f 3040/3040/3040 3036/3036/3036 3039/3039/3039
f 3038/3038/3038 3041/3041/3041 3037/3037/3037
f 3038/3038/3038 3042/3042/3042 3041/3041/3041
f 3040/3040/3040 3039/3039/3039 3043/3043/3043
f 3044/3044/3044 3045/3045/3045 3046/3046/3046
f 3045/3045/3045 3044/3044/3044 3047/3047/3047
f 3048/3048/3048 3044/3044/3044 3046/3046/3046
f 3044/3044/3044 3048/3048/3048 3049/3049/3049
f 3044/3044/3044 3049/3049/3049 3047/3047/3047
f 3049/3049/3049 3048/3048/3048 3050/3050/3050
f 3046/3046/3046 3045/3045/3045 3051/3051/3051
f 3051/3051/3051 3045/3045/3045 3052/3052/3052
f 3053/3053/3053 3048/3048/3048 3046/3046/3046
f 3053/3053/3053 3054/3054/3054 3048/3048/3048
f 3054/3054/3054 3050/3050/3050 3048/3048/3048
f 3055/3055/3055 3054/3054/3054 3053/3053/3053
f 3055/3055/3055 3053/3053/3053 3056/3056/3056
f 3056/3056/3056 3053/3053/3053 3057/3057/3057
f 3046/3046/3046 3057/3057/3057 3053/3053/3053
f 3046/3046/3046 3058/3058/3058 3057/3057/3057
f 3051/3051/3051 3058/3058/3058 3046/3046/3046
f 3051/3051/3051 3059/3059/3059 3058/3058/3058
f 3060/3060/3060 3054/3054/3054 3055/3055/3055
f 3060/3060/3060 3061/3061/3061 3054/3054/3054
f 3061/3061/3061 3050/3050/3050 3054/3054/3054
f 3050/3050/3050 3061/3061/3061 3062/3062/3062
f 3061/3061/3061 3060/3060/3060 3063/3063/3063
f 3062/3062/3062 3061/3061/3061 3064/3064/3064
f 3061/3061/3061 3063/3063/3063 3064/3064/3064
f 3055/3055/3055 3065/3065/3065 3060/3060/3060
f 3055/3055/3055 3066/3066/3066 3065/3065/3065
f 3056/3056/3056 3066/3066/3066 3055/3055/3055
f 3056/3056/3056 3067/3067/3067 3066/3066/3066
f 3060/3060/3060 3065/3065/3065 3068/3068/3068
f 3060/3060/3060 3068/3068/3068 3063/3063/3063
f 3067/3067/3067 3056/3056/3056 3069/3069/3069
f 3056/3056/3056 3057/3057/3057 3069/3069/3069
f 3062/3062/3062 3064/3064/3064 3070/3070/3070
f 3062/3062/3062 3070/3070/3070 3071/3071/3071
f 3067/3067/3067 3069/3069/3069 3072/3072/3072
f 3062/3062/3062 3071/3071/3071 3050/3050/3050
f 3049/3049/3049 3050/3050/3050 3071/3071/3071
f 3073/3073/3073 3074/3074/3074 3059/3059/3059
f 3075/3075/3075 3074/3074/3074 3073/3073/3073
f 3073/3073/3073 3059/3059/3059 3051/3051/3051
f 3051/3051/3051 3052/3052/3052 3073/3073/3073
f 3075/3075/3075 3073/3073/3073 3076/3076/3076
f 3052/3052/3052 3076/3076/3076 3073/3073/3073
f 3052/3052/3052 3077/3077/3077 3076/3076/3076
f 3077/3077/3077 3078/3078/3078 3076/3076/3076
f 3078/3078/3078 3079/3079/3079 3076/3076/3076
f 3076/3076/3076 3079/3079/3079 3080/3080/3080
f 3080/3080/3080 3075/3075/3075 3076/3076/3076
f 3080/3080/3080 3081/3081/3081 3075/3075/3075
f 3082/3082/3082 3081/3081/3081 3080/3080/3080
f 3082/3082/3082 3080/3080/3080 3079/3079/3079
f 3083/3083/3083 3082/3082/3082 3079/3079/3079
f 3083/3083/3083 3079/3079/3079 3078/3078/3078
f 3078/3078/3078 3077/3077/3077 3084/3084/3084
f 3077/3077/3077 3085/3085/3085 3084/3084/3084
f 3085/3085/3085 3077/3077/3077 3086/3086/3086
f 3087/3087/3087 3086/3086/3086 3077/3077/3077
f 3087/3087/3087 3077/3077/3077 3052/3052/3052
f 3078/3078/3078 3084/3084/3084 3088/3088/3088
f 3078/3078/3078 3088/3088/3088 3083/3083/3083
f 3088/3088/3088 3084/3084/3084 3089/3089/3089
f 3084/3084/3084 3085/3085/3085 3089/3089/3089
f 3090/3090/3090 3089/3089/3089 3085/3085/3085
f 3088/3088/3088 3089/3089/3089 3090/3090/3090
f 3045/3045/3045 3087/3087/3087 3052/3052/3052
f 3045/3045/3045 3091/3091/3091 3087/3087/3087
f 3045/3045/3045 3047/3047/3047 3091/3091/3091
f 3085/3085/3085 3086/3086/3086 3092/3092/3092
f 3090/3090/3090 3085/3085/3085 3092/3092/3092
f 3093/3093/3093 3094/3094/3094 3095/3095/3095
f 3093/3093/3093 3095/3095/3095 3096/3096/3096
f 3096/3096/3096 3095/3095/3095 3097/3097/3097
f 3096/3096/3096 3097/3097/3097 3098/3098/3098
f 3096/3096/3096 3098/3098/3098 3099/3099/3099
f 3097/3097/3097 3100/3100/3100 3098/3098/3098
f 3097/3097/3097 3101/3101/3101 3100/3100/3100
f 3098/3098/3098 3100/3100/3100 3102/3102/3102
f 3098/3098/3098 3102/3102/3102 3099/3099/3099
f 3103/3103/3103 3101/3101/3101 3097/3097/3097
f 3096/3096/3096 3104/3104/3104 3093/3093/3093
f 3096/3096/3096 3105/3105/3105 3104/3104/3104
f 3096/3096/3096 3099/3099/3099 3105/3105/3105
f 3106/3106/3106 3095/3095/3095 3094/3094/3094
f 3106/3106/3106 3107/3107/3107 3095/3095/3095
f 3107/3107/3107 3097/3097/3097 3095/3095/3095
f 3107/3107/3107 3108/3108/3108 3097/3097/3097
f 3103/3103/3103 3097/3097/3097 3108/3108/3108
f 3107/3107/3107 3109/3109/3109 3108/3108/3108
f 3107/3107/3107 3110/3110/3110 3109/3109/3109
f 3111/3111/3111 3110/3110/3110 3107/3107/3107
f 3111/3111/3111 3107/3107/3107 3106/3106/3106
f 3108/3108/3108 3109/3109/3109 3112/3112/3112
f 3108/3108/3108 3112/3112/3112 3103/3103/3103
f 3113/3113/3113 3114/3114/3114 3115/3115/3115
f 3113/3113/3113 3115/3115/3115 3116/3116/3116
f 3116/3116/3116 3115/3115/3115 3117/3117/3117
f 3116/3116/3116 3117/3117/3117 3118/3118/3118
f 3119/3119/3119 3118/3118/3118 3117/3117/3117
f 3119/3119/3119 3117/3117/3117 3120/3120/3120
f 3121/3121/3121 3119/3119/3119 3120/3120/3120
f 3121/3121/3121 3120/3120/3120 3122/3122/3122
f 3123/3123/3123 3124/3124/3124 3125/3125/3125
f 3123/3123/3123 3125/3125/3125 3126/3126/3126
f 3127/3127/3127 3123/3123/3123 3126/3126/3126
f 3127/3127/3127 3126/3126/3126 3128/3128/3128
f 3127/3127/3127 3128/3128/3128 3129/3129/3129
f 3127/3127/3127 3129/3129/3129 3130/3130/3130
f 3131/3131/3131 3132/3132/3132 3133/3133/3133
f 3131/3131/3131 3133/3133/3133 3134/3134/3134
f 3134/3134/3134 3133/3133/3133 3135/3135/3135
f 3136/3136/3136 3132/3132/3132 3131/3131/3131
f 3136/3136/3136 3137/3137/3137 3132/3132/3132
f 3134/3134/3134 3135/3135/3135 3138/3138/3138
f 3138/3138/3138 3135/3135/3135 3139/3139/3139
f 3138/3138/3138 3139/3139/3139 3140/3140/3140
f 3141/3141/3141 3142/3142/3142 3143/3143/3143
f 3141/3141/3141 3143/3143/3143 3144/3144/3144
f 3145/3145/3145 3146/3146/3146 3147/3147/3147
f 3148/3148/3148 3146/3146/3146 3145/3145/3145
f 3149/3149/3149 3146/3146/3146 3148/3148/3148
f 3146/3146/3146 3149/3149/3149 3150/3150/3150
f 3149/3149/3149 3151/3151/3151 3150/3150/3150
f 3150/3150/3150 3151/3151/3151 3152/3152/3152
f 3148/3148/3148 3153/3153/3153 3149/3149/3149
f 3154/3154/3154 3153/3153/3153 3148/3148/3148
f 3155/3155/3155 3153/3153/3153 3154/3154/3154
f 3153/3153/3153 3155/3155/3155 3156/3156/3156
f 3155/3155/3155 3154/3154/3154 3157/3157/3157
f 3157/3157/3157 3154/3154/3154 3158/3158/3158
f 3159/3159/3159 3160/3160/3160 3161/3161/3161
f 3162/3162/3162 3159/3159/3159 3161/3161/3161
f 3163/3163/3163 3159/3159/3159 3162/3162/3162
f 3159/3159/3159 3163/3163/3163 3164/3164/3164
f 3165/3165/3165 3161/3161/3161 3160/3160/3160
f 3161/3161/3161 3165/3165/3165 3166/3166/3166
f 3160/3160/3160 3159/3159/3159 3167/3167/3167
f 3168/3168/3168 3167/3167/3167 3159/3159/3159
f 3167/3167/3167 3168/3168/3168 3169/3169/3169
f 3170/3170/3170 3167/3167/3167 3169/3169/3169
f 3171/3171/3171 3169/3169/3169 3168/3168/3168
f 3169/3169/3169 3171/3171/3171 3172/3172/3172
f 3167/3167/3167 3170/3170/3170 3173/3173/3173
f 3174/3174/3174 3173/3173/3173 3170/3170/3170
f 3175/3175/3175 3176/3176/3176 3177/3177/3177
f 3177/3177/3177 3176/3176/3176 3178/3178/3178
f 3176/3176/3176 3179/3179/3179 3178/3178/3178
f 3178/3178/3178 3179/3179/3179 3180/3180/3180
f 3181/3181/3181 3176/3176/3176 3175/3175/3175
f 3176/3176/3176 3181/3181/3181 3182/3182/3182
f 3175/3175/3175 3177/3177/3177 3183/3183/3183
f 3183/3183/3183 3177/3177/3177 3184/3184/3184
f 3182/3182/3182 3181/3181/3181 3185/3185/3185
f 3182/3182/3182 3185/3185/3185 3186/3186/3186
f 3186/3186/3186 3185/3185/3185 3187/3187/3187
f 3185/3185/3185 3181/3181/3181 3188/3188/3188
f 3188/3188/3188 3181/3181/3181 3189/3189/3189
f 3189/3189/3189 3181/3181/3181 3190/3190/3190
f 3191/3191/3191 3192/3192/3192 3193/3193/3193
f 3191/3191/3191 3193/3193/3193 3194/3194/3194
f 3195/3195/3195 3196/3196/3196 3197/3197/3197
f 3195/3195/3195 3197/3197/3197 3198/3198/3198
f 3199/3199/3199 3200/3200/3200 3201/3201/3201
f 3199/3199/3199 3201/3201/3201 3202/3202/3202
f 3203/3203/3203 3204/3204/3204 3205/3205/3205
f 3203/3203/3203 3205/3205/3205 3206/3206/3206
f 3207/3207/3207 3208/3208/3208 3209/3209/3209
f 3207/3207/3207 3209/3209/3209 3210/3210/3210
f 3211/3211/3211 3212/3212/3212 3213/3213/3213
f 3211/3211/3211 3213/3213/3213 3214/3214/3214
f 3215/3215/3215 3216/3216/3216 3217/3217/3217
f 3215/3215/3215 3217/3217/3217 3218/3218/3218
f 3219/3219/3219 3220/3220/3220 3221/3221/3221
f 3219/3219/3219 3221/3221/3221 3222/3222/3222
f 3223/3223/3223 3224/3224/3224 3225/3225/3225
f 3223/3223/3223 3225/3225/3225 3226/3226/3226
f 3227/3227/3227 3228/3228/3228 3229/3229/3229
f 3227/3227/3227 3229/3229/3229 3230/3230/3230
f 3231/3231/3231 3232/3232/3232 3233/3233/3233
f 3231/3231/3231 3233/3233/3233 3234/3234/3234
