#LowPoly.Res_Cube.001.obj
#Sunday, May 03, 2026
#10:41:54 PM
#-------

#LowPoly.Res_Cube.001
#-------
g LowPoly.Res_Cube.001
v 2.855278 7.051316 -73.18427
v 2.855278 8.175293 -75.43359
v 2.855278 9.126853 -75.26027
v 2.855278 6.961228 -75.77924
v 2.855278 8.120899 -75.5416
v 2.855278 7.521089 -75.96806
v 2.855278 8.07309 -76.05467
v 2.855278 10.64594 -75.09443
v 2.855278 21.31642 -72.70056
v 2.855278 21.54667 -75.09789
v 5.206128 8.175293 -75.43359
v 5.206128 7.051316 -73.18427
v 5.206128 9.126853 -75.26027
v 5.206127 6.961228 -75.77924
v 5.206127 8.120899 -75.5416
v 5.206127 7.521089 -75.96806
v 5.206127 8.07309 -76.05467
v 5.206127 10.64594 -75.09443
v 5.206127 21.31642 -72.70056
v 5.206127 21.54667 -75.09789
v 2.855278 21.31642 -72.70056
v 5.206127 21.31642 -72.70056
v 4.817915 13.66568 -72.95999
v 3.233935 13.66568 -72.95999
v 2.855278 7.051316 -73.18427
v 5.206128 7.051316 -73.18427
v 4.817915 10.67211 -73.06149
v 4.428926 9.530108 -73.10022
v 3.622924 9.530108 -73.10022
v 3.233935 10.67211 -73.06149
v 2.855278 7.051316 -73.18427
v 5.206128 7.051316 -73.18427
v 5.206127 6.961228 -75.77924
v 2.855278 6.961228 -75.77924
v 2.855278 21.31642 -72.70056
v 2.855278 21.54667 -75.09789
v 5.206127 21.54667 -75.09789
v 5.206127 21.31642 -72.70056
v 2.9905 21.41145 -75.09784
v 2.9905 10.78116 -75.09447
v 2.9905 10.78123 -74.85767
v 2.9905 21.41153 -74.86102
v 2.855278 10.64594 -75.09443
v 2.855278 9.126853 -75.26027
v 5.206128 9.126853 -75.26027
v 5.206127 10.64594 -75.09443
v 5.206128 8.175293 -75.43359
v 2.855278 8.175293 -75.43359
v 5.070905 10.78116 -75.09447
v 5.070905 21.41145 -75.09784
v 2.9905 10.78116 -75.09447
v 2.855278 21.54667 -75.09789
v 2.9905 21.41145 -75.09784
v 5.206127 21.54667 -75.09789
v 2.855278 8.175293 -75.43359
v 2.855278 8.120899 -75.5416
v 5.206127 8.120899 -75.5416
v 5.206128 8.175293 -75.43359
v 5.206127 8.07309 -76.05467
v 2.855278 8.07309 -76.05467
v 2.855278 7.521089 -75.96806
v 2.855278 6.961228 -75.77924
v 5.206127 6.961228 -75.77924
v 5.206127 7.521089 -75.96806
v 2.855278 8.07309 -76.05467
v 5.206127 8.07309 -76.05467
v 2.9905 21.41153 -74.86102
v 2.9905 10.78123 -74.85767
v 5.070905 10.78123 -74.85767
v 5.070905 21.41153 -74.86102
v 5.070905 10.78116 -75.09447
v 5.070905 21.41145 -75.09784
v 5.070905 21.41153 -74.86102
v 5.070905 10.78123 -74.85767
v 5.070905 21.41145 -75.09784
v 2.9905 21.41145 -75.09784
v 2.9905 21.41153 -74.86102
v 5.070905 21.41153 -74.86102
v 2.9905 10.78116 -75.09447
v 5.070905 10.78116 -75.09447
v 5.070905 10.78123 -74.85767
v 2.9905 10.78123 -74.85767
v 3.233935 13.66568 -74.22227
v 3.233935 10.67211 -74.22227
v 3.233935 10.67211 -73.06149
v 3.622924 9.530108 -73.10022
v 3.233935 13.66568 -72.95999
v 3.622924 9.530108 -74.22227
v 4.817915 10.67211 -74.22227
v 4.817915 10.67211 -73.06149
v 4.428926 9.530108 -73.10022
v 4.817915 13.66568 -74.22227
v 4.428926 9.530108 -74.22227
v 4.817915 13.66568 -72.95999
v 4.817915 13.66568 -72.95999
v 4.817915 13.66568 -74.22227
v 3.233935 13.66568 -74.22227
v 3.233935 13.66568 -72.95999
v 4.817915 10.67211 -74.22227
v 3.233935 10.67211 -74.22227
v 3.233935 13.66568 -74.22227
v 3.622924 9.530108 -74.22227
v 4.817915 13.66568 -74.22227
v 4.428926 9.530108 -74.22227
v 3.622924 9.530108 -73.10022
v 3.622924 9.530108 -74.22227
v 4.428926 9.530108 -74.22227
v 4.428926 9.530108 -73.10022
v 3.986825 -13.31519 -75.19462
v 3.986825 -2.764118 -75.19462
v 3.802181 -2.764118 -75.1569
v 4.17147 -2.764118 -75.1569
v 3.802181 -13.31519 -75.1569
v 3.645646 -2.764118 -75.04948
v 3.645646 -13.31519 -75.04948
v 4.17147 -13.31519 -75.1569
v 4.328003 -13.31519 -75.04948
v 4.328003 -2.764118 -75.04948
v 3.645646 -13.31519 -75.04948
v 3.645646 -2.764118 -75.04948
v 3.541054 -2.764118 -74.88871
v 3.541054 -13.31519 -74.88871
v 3.504325 -2.764118 -74.69907
v 3.504325 -13.31519 -74.69907
v 3.541054 -2.764118 -74.50943
v 3.541054 -13.31519 -74.50943
v 3.645646 -2.764118 -74.34866
v 3.645646 -13.31519 -74.34866
v 3.645646 -13.31519 -74.34866
v 3.645646 -2.764118 -74.34866
v 3.80218 -2.764118 -74.24124
v 3.80218 -13.31519 -74.24124
v 3.986825 -2.764118 -74.20352
v 3.986825 -13.31519 -74.20352
v 4.17147 -2.764118 -74.24124
v 4.17147 -13.31519 -74.24124
v 4.328003 -2.764118 -74.34866
v 4.328003 -13.31519 -74.34866
v 4.328003 -13.31519 -74.34866
v 4.328003 -2.764118 -74.34866
v 4.432597 -2.764118 -74.50943
v 4.432597 -13.31519 -74.50943
v 4.469325 -2.764118 -74.69907
v 4.469325 -13.31519 -74.69907
v 4.432597 -2.764118 -74.88871
v 4.432597 -13.31519 -74.88871
v 4.328003 -13.31519 -75.04948
v 4.328003 -2.764118 -75.04948
v 4.125299 -13.31519 -75.04814
v 4.125299 -2.764118 -75.04814
v 4.243498 -2.764118 -74.96703
v 4.243498 -13.31519 -74.96703
v 3.986825 -13.31519 -75.07643
v 3.986825 -2.764118 -75.07643
v 3.84835 -13.31519 -75.04814
v 3.84835 -2.764118 -75.04814
v 3.730151 -2.764118 -74.96703
v 3.730151 -13.31519 -74.96703
v 3.986825 -2.764118 -75.07643
v 3.84835 -2.764118 -75.04814
v 3.802181 -2.764118 -75.1569
v 3.986825 -2.764118 -75.19462
v 4.17147 -2.764118 -75.1569
v 3.645646 -2.764118 -75.04948
v 3.730151 -2.764118 -74.96703
v 3.541054 -2.764118 -74.88871
v 3.650439 -2.764118 -74.84451
v 3.504325 -2.764118 -74.69907
v 3.622272 -2.764118 -74.69907
v 3.650439 -2.764118 -74.55364
v 3.541054 -2.764118 -74.50943
v 3.730151 -2.764118 -74.43111
v 3.645646 -2.764118 -74.34866
v 3.84835 -2.764118 -74.35
v 3.80218 -2.764118 -74.24124
v 3.986825 -2.764118 -74.32172
v 3.986825 -2.764118 -74.20352
v 4.17147 -2.764118 -74.24124
v 4.125299 -2.764118 -74.35
v 4.328003 -2.764118 -74.34866
v 4.243498 -2.764118 -74.43111
v 4.432597 -2.764118 -74.50943
v 4.323211 -2.764118 -74.55364
v 4.469325 -2.764118 -74.69907
v 4.351378 -2.764118 -74.69907
v 4.323211 -2.764118 -74.84451
v 4.432597 -2.764118 -74.88871
v 4.243498 -2.764118 -74.96703
v 4.328003 -2.764118 -75.04948
v 4.125299 -2.764118 -75.04814
v 3.986825 -13.31519 -75.07643
v 3.986825 -13.31519 -75.19462
v 3.802181 -13.31519 -75.1569
v 3.84835 -13.31519 -75.04814
v 3.645646 -13.31519 -75.04948
v 3.730151 -13.31519 -74.96703
v 3.541054 -13.31519 -74.88871
v 3.650439 -13.31519 -74.84451
v 3.504325 -13.31519 -74.69907
v 3.622272 -13.31519 -74.69907
v 3.650439 -13.31519 -74.55364
v 3.541054 -13.31519 -74.50943
v 3.730151 -13.31519 -74.43111
v 3.645646 -13.31519 -74.34866
v 3.84835 -13.31519 -74.35
v 3.80218 -13.31519 -74.24124
v 3.986825 -13.31519 -74.32172
v 3.986825 -13.31519 -74.20352
v 4.17147 -13.31519 -74.24124
v 4.125299 -13.31519 -74.35
v 4.328003 -13.31519 -74.34866
v 4.243498 -13.31519 -74.43111
v 4.432597 -13.31519 -74.50943
v 4.323211 -13.31519 -74.55364
v 4.469325 -13.31519 -74.69907
v 4.351378 -13.31519 -74.69907
v 4.323211 -13.31519 -74.84451
v 4.432597 -13.31519 -74.88871
v 4.243498 -13.31519 -74.96703
v 4.328003 -13.31519 -75.04948
v 4.125299 -13.31519 -75.04814
v 4.17147 -13.31519 -75.1569
v 4.243498 -13.31519 -74.96703
v 4.243498 -2.764118 -74.96703
v 4.323211 -2.764118 -74.84451
v 4.323211 -13.31519 -74.84451
v 4.351378 -2.764118 -74.69907
v 4.351378 -13.31519 -74.69907
v 4.323211 -2.764118 -74.55364
v 4.323211 -13.31519 -74.55364
v 4.243498 -2.764118 -74.43111
v 4.243498 -13.31519 -74.43111
v 4.243498 -13.31519 -74.43111
v 4.243498 -2.764118 -74.43111
v 4.125299 -2.764118 -74.35
v 4.125299 -13.31519 -74.35
v 3.986825 -2.764118 -74.32172
v 3.986825 -13.31519 -74.32172
v 3.84835 -2.764118 -74.35
v 3.84835 -13.31519 -74.35
v 3.730151 -2.764118 -74.43111
v 3.730151 -13.31519 -74.43111
v 3.730151 -13.31519 -74.43111
v 3.730151 -2.764118 -74.43111
v 3.650439 -2.764118 -74.55364
v 3.650439 -13.31519 -74.55364
v 3.622272 -2.764118 -74.69907
v 3.622272 -13.31519 -74.69907
v 3.650439 -2.764118 -74.84451
v 3.650439 -13.31519 -74.84451
v 3.730151 -2.764118 -74.96703
v 3.730151 -13.31519 -74.96703
v 3.733344 13.69953 -71.39181
v 3.733344 13.6767 -72.99344
v 3.733344 14.77559 -72.99216
v 3.733344 14.77559 -71.39053
v 3.733344 13.95186 -71.18922
v 3.733344 14.77559 -71.18793
v 4.328062 13.69953 -71.39181
v 4.328062 14.77559 -71.39053
v 4.328062 14.77559 -72.99216
v 4.328062 13.6767 -72.99344
v 4.328062 13.95186 -71.18922
v 4.328062 14.77559 -71.18793
v 4.328062 14.77559 -72.99216
v 3.733344 14.77559 -72.99216
v 3.733344 13.6767 -72.99344
v 4.328062 13.6767 -72.99344
v 4.328062 13.6767 -72.99344
v 3.733344 13.6767 -72.99344
v 3.733344 13.69953 -71.39181
v 4.328062 13.69953 -71.39181
v 4.328062 14.77559 -71.39053
v 3.733344 14.77559 -71.39053
v 3.733344 14.77559 -72.99216
v 4.328062 14.77559 -72.99216
v 4.328062 14.77559 -71.18793
v 3.733344 14.77559 -71.18793
v 4.328062 13.69953 -71.39181
v 3.733344 13.69953 -71.39181
v 3.733344 13.95186 -71.18922
v 4.328062 13.95186 -71.18922
v 4.328062 13.95186 -71.18922
v 3.733344 13.95186 -71.18922
v 3.733344 14.77559 -71.18793
v 4.328062 14.77559 -71.18793
v 4.903229 35.4714 -74.7645
v 4.90323 34.47585 -69.70729
v 4.90323 35.69022 -69.7453
v 4.903229 27.35807 -74.69141
v 4.90323 27.06914 -71.96776
v 4.903229 26.8109 -74.48386
v 4.903229 26.20712 -74.39658
v 4.903229 23.15047 -74.8093
v 4.903229 21.31642 -72.99919
v 4.903229 22.16932 -74.781
v 4.903229 21.54667 -74.81628
v 3.158175 35.69022 -69.7453
v 3.158175 34.76517 -72.39686
v 3.158175 35.4714 -74.7645
v 3.158175 34.65854 -71.49278
v 3.158175 34.47585 -69.70729
v 3.158175 33.70286 -72.57512
v 3.158175 33.52536 -72.57365
v 3.158175 30.10739 -74.35701
v 3.158175 27.35807 -74.69141
v 3.158175 26.8109 -74.48386
v 3.158175 26.20712 -74.39658
v 3.158175 23.88308 -74.35701
v 3.158175 23.15047 -74.8093
v 3.158175 23.79999 -73.96933
v 3.158175 23.79999 -73.654
v 3.158175 22.16932 -74.781
v 3.158175 21.54667 -74.81628
v 3.158175 33.57856 -71.69726
v 3.158175 33.40718 -71.76108
v 3.381726 34.76799 -72.3662
v 3.158175 27.06914 -71.96776
v 3.158175 21.31642 -72.99919
v 3.158175 23.88308 -73.29712
v 3.158175 29.93438 -73.29712
v 3.158175 30.10739 -73.96933
v 3.381727 34.66858 -71.52347
v 4.452648 22.16932 -74.91348
v 4.452648 21.54667 -74.94876
v 4.903229 21.54667 -74.81628
v 4.030703 22.16932 -74.97524
v 4.903229 22.16932 -74.781
v 4.030703 21.54667 -75.01052
v 3.608757 21.54667 -74.94876
v 3.608757 22.16932 -74.91348
v 3.158175 21.54667 -74.81628
v 3.158175 22.16932 -74.781
v 3.158175 23.15047 -74.8093
v 3.608757 23.15047 -74.94178
v 4.030703 23.15047 -75.00355
v 4.452648 23.15047 -74.94178
v 4.903229 23.15047 -74.8093
v 4.452648 26.20712 -74.52906
v 4.030703 26.20712 -74.59083
v 3.608757 26.20712 -74.52906
v 3.158175 26.20712 -74.39658
v 3.158175 26.8109 -74.48386
v 3.608757 26.8109 -74.61635
v 3.158175 27.35807 -74.69141
v 4.030703 26.8109 -74.67812
v 4.452648 26.8109 -74.61635
v 4.903229 26.8109 -74.48386
v 4.903229 27.35807 -74.69141
v 4.452648 27.35807 -74.82389
v 4.030703 27.35807 -74.88567
v 3.608757 27.35807 -74.82389
v 3.158175 35.4714 -74.7645
v 3.608757 35.4714 -74.89699
v 4.030703 35.4714 -74.95876
v 4.452648 35.4714 -74.89699
v 4.903229 35.4714 -74.7645
v 4.903229 26.20712 -74.39658
v 3.466104 27.06914 -71.79803
v 3.158175 27.06914 -71.96776
v 3.158175 34.47585 -69.70729
v 3.466104 34.47585 -69.53756
v 4.030703 27.06914 -71.66913
v 4.030703 21.31642 -72.70058
v 4.595301 27.06914 -71.79803
v 4.595301 34.47585 -69.53756
v 4.90323 34.47585 -69.70729
v 4.595301 35.69022 -69.57558
v 3.466104 21.31642 -72.82948
v 3.158175 21.31642 -72.99919
v 3.466104 35.69022 -69.57558
v 3.158175 35.69022 -69.7453
v 4.90323 35.69022 -69.7453
v 4.90323 27.06914 -71.96776
v 4.030703 35.69022 -69.44668
v 4.030703 34.47585 -69.40867
v 4.595301 21.31642 -72.82948
v 4.903229 21.31642 -72.99919
v 4.903229 35.4714 -74.7645
v 4.030703 35.48556 -74.6876
v 4.452648 35.4714 -74.89699
v 4.030703 35.4714 -74.95876
v 3.608757 35.4714 -74.89699
v 3.158175 35.4714 -74.7645
v 4.90323 35.69022 -69.7453
v 4.030703 35.66925 -69.79523
v 4.595301 35.69022 -69.57558
v 4.030703 35.69022 -69.44668
v 3.466104 35.69022 -69.57558
v 3.158175 35.69022 -69.7453
v 4.903229 21.31642 -72.99919
v 4.030703 21.36721 -73.0471
v 4.595301 21.31642 -72.82948
v 4.030703 21.31642 -72.70058
v 3.466104 21.31642 -72.82948
v 3.158175 21.31642 -72.99919
v 4.030703 21.51237 -74.74073
v 4.903229 21.54667 -74.81628
v 4.452648 21.54667 -74.94876
v 4.030703 21.54667 -75.01052
v 3.608757 21.54667 -74.94876
v 3.158175 21.54667 -74.81628
v 3.350429 34.66496 -71.49278
v 3.158175 34.65854 -71.49278
v 3.158175 33.57856 -71.69726
v 3.158175 33.70286 -72.57512
v 3.158175 34.76517 -72.39686
v 3.350409 34.7716 -72.39686
v 3.158175 34.76517 -72.39686
v 3.381726 34.76799 -72.3662
v 3.350409 34.7716 -72.39686
v 3.381727 34.66858 -71.52347
v 3.158175 34.65854 -71.49278
v 3.350429 34.66496 -71.49278
v 3.422646 29.8093 -73.35365
v 3.422644 24.01296 -73.35365
v 3.422644 23.92987 -73.96004
v 3.422646 29.97512 -73.96004
v 3.422644 24.01296 -74.26982
v 3.422646 29.97512 -74.26982
v 3.158175 29.93438 -73.29712
v 3.422646 29.8093 -73.35365
v 3.422646 29.97512 -73.96004
v 3.158175 30.10739 -73.96933
v 3.422646 29.97512 -74.26982
v 3.158175 30.10739 -74.35701
v 3.422646 29.97512 -74.26982
v 3.422644 24.01296 -74.26982
v 3.158175 23.88308 -74.35701
v 3.158175 30.10739 -74.35701
v 3.422644 24.01296 -74.26982
v 3.422644 23.92987 -73.96004
v 3.158175 23.79999 -73.96933
v 3.158175 23.79999 -73.654
v 3.158175 23.88308 -74.35701
v 3.422644 24.01296 -73.35365
v 3.158175 23.88308 -73.29712
v 3.158175 29.93438 -73.29712
v 3.158175 23.88308 -73.29712
v 3.422644 24.01296 -73.35365
v 3.422646 29.8093 -73.35365
v 3.381726 34.76799 -72.3662
v 3.158175 33.52536 -72.57365
v 3.158175 33.70286 -72.57512
v 3.350409 34.7716 -72.39686
v 3.381727 34.66858 -71.52347
v 3.350429 34.66496 -71.49278
v 3.158175 33.57856 -71.69726
v 3.158175 33.40718 -71.76108
v 3.264264 5.213178 -73.71045
v 3.586582 5.213178 -73.3675
v 3.586582 -2.427155 -73.74244
v 3.264264 -2.427155 -74.08538
v 3.264264 6.002736 -73.35179
v 3.586582 6.002736 -73.00885
v 3.264264 6.567329 -73.34583
v 3.586582 6.567329 -73.00288
v 3.586582 7.067663 -73.1226
v 3.264264 7.067663 -73.46555
v 4.79714 6.567329 -73.34583
v 4.797141 7.067663 -75.43188
v 4.79714 6.002736 -73.35179
v 4.79714 7.067663 -73.46555
v 4.79714 5.213178 -73.71045
v 4.797141 -2.508052 -75.50487
v 4.79714 -2.508052 -74.08538
v 3.264264 6.002736 -73.35179
v 3.264264 7.067663 -75.43188
v 3.264264 6.567329 -73.34583
v 3.264264 7.067663 -73.46555
v 3.264264 5.213178 -73.71045
v 3.264264 -2.427155 -75.50487
v 3.264264 -2.427155 -74.08538
v 4.797141 7.067663 -75.43188
v 4.79714 7.067663 -73.46555
v 4.030702 7.067663 -73.73205
v 4.030703 7.067663 -75.30196
v 3.264264 7.067663 -75.43188
v 4.638484 7.067663 -75.53902
v 3.422921 7.067663 -75.53902
v 4.474822 7.067663 -73.1226
v 4.193261 7.067663 -72.94964
v 3.868143 7.067663 -72.94964
v 3.586582 7.067663 -73.1226
v 3.264264 7.067663 -73.46555
v 3.422921 7.067663 -75.53902
v 3.264264 7.067663 -75.43188
v 3.264264 -2.427155 -75.50487
v 3.422921 -2.508052 -75.61201
v 4.030703 -2.508052 -75.37486
v 3.264264 -2.427155 -74.08538
v 4.030702 -2.508052 -74.13812
v 3.586582 -2.427155 -73.74244
v 3.868143 -2.427155 -73.56948
v 4.193261 -2.427155 -73.56948
v 4.474822 -2.508052 -73.74244
v 3.264264 -2.427155 -75.50487
v 3.422921 -2.508052 -75.61201
v 4.638484 -2.508052 -75.61201
v 4.79714 -2.508052 -74.08538
v 4.797141 -2.508052 -75.50487
v 4.474822 7.067663 -73.1226
v 4.79714 7.067663 -73.46555
v 4.79714 6.567329 -73.34583
v 4.474822 6.567329 -73.00288
v 4.474822 6.002736 -73.00885
v 4.79714 6.002736 -73.35179
v 4.474822 5.213178 -73.3675
v 4.79714 5.213178 -73.71045
v 4.474822 -2.508052 -73.74244
v 4.79714 -2.508052 -74.08538
v 4.474822 6.567329 -73.00288
v 4.193261 6.567329 -72.82992
v 4.193261 7.067663 -72.94964
v 4.474822 7.067663 -73.1226
v 4.193261 6.002736 -72.83588
v 4.474822 6.002736 -73.00885
v 4.193261 5.213178 -73.19453
v 4.474822 5.213178 -73.3675
v 3.868143 6.002736 -72.83588
v 3.868143 5.213178 -73.19453
v 3.868143 6.567329 -72.82992
v 3.586582 6.002736 -73.00885
v 3.586582 5.213178 -73.3675
v 3.586582 6.567329 -73.00288
v 4.193261 6.567329 -72.82992
v 4.193261 7.067663 -72.94964
v 3.868143 7.067663 -72.94964
v 3.868143 6.567329 -72.82992
v 3.868143 7.067663 -72.94964
v 3.586582 7.067663 -73.1226
v 4.193261 -2.427155 -73.56948
v 4.474822 -2.508052 -73.74244
v 3.868143 -2.427155 -73.56948
v 3.868143 -2.427155 -73.56948
v 3.586582 -2.427155 -73.74244
v 4.193261 -2.427155 -73.56948
v 4.638484 -2.508052 -75.61201
v 4.638484 7.067663 -75.53902
v 3.422921 7.067663 -75.53902
v 3.422921 -2.508052 -75.61201
v 4.638484 7.067663 -75.53902
v 4.638484 -2.508052 -75.61201
v 4.797141 -2.508052 -75.50487
v 4.797141 7.067663 -75.43188
v 5.203378 18.95299 -74.38258
v 5.203378 18.71036 -74.2129
v 5.203378 18.92092 -74.55097
v 5.203378 18.81504 -74.72429
v 5.203378 18.53156 -74.8631
v 5.203377 18.05991 -74.00343
v 5.203378 18.58837 -74.90101
v 5.203378 18.3963 -74.94685
v 5.203378 18.88507 -74.21279
v 5.203378 18.82735 -74.17145
v 5.203377 18.63188 -74.09171
v 5.203378 18.03876 -74.87676
v 5.203378 17.19681 -74.76267
v 5.203377 16.81263 -73.88451
v 5.203378 12.96306 -73.88714
v 5.203377 13.17997 -73.38412
v 5.178431 16.48267 -75.20689
v 5.178431 12.85785 -74.2328
v 5.279534 18.63188 -74.09171
v 5.203377 18.63188 -74.09171
v 5.203378 18.82735 -74.17145
v 5.279534 18.82735 -74.17145
v 5.203378 18.88507 -74.21279
v 5.279534 18.05991 -74.00343
v 5.203377 18.05991 -74.00343
v 5.279534 18.88507 -74.21279
v 5.279534 16.81263 -73.88451
v 5.203377 16.81263 -73.88451
v 5.279534 13.17997 -73.38412
v 5.203377 13.17997 -73.38412
v 5.279534 18.81504 -74.72429
v 5.203378 18.81504 -74.72429
v 5.203378 18.58837 -74.90101
v 5.279534 18.58837 -74.90101
v 5.203378 18.3963 -74.94685
v 5.279534 18.3963 -74.94685
v 5.203378 18.03876 -74.87676
v 5.279534 18.03876 -74.87676
v 5.203378 17.19681 -74.76267
v 5.279534 17.19681 -74.76267
v 5.302619 12.98614 -73.89191
v 5.302619 17.18995 -74.73942
v 5.284184 16.47806 -75.18272
v 5.302619 16.82324 -73.90878
v 5.287998 12.88656 -74.21914
v 5.302619 13.19442 -73.40891
v 5.302619 18.05935 -74.02664
v 5.302619 18.03933 -74.85345
v 5.302619 18.61849 -74.55235
v 5.302619 18.63121 -74.1149
v 5.302619 18.81684 -74.19062
v 5.302619 18.8652 -74.22527
v 5.302619 18.92905 -74.3849
v 5.302619 18.89903 -74.54252
v 5.302619 18.78367 -74.73135
v 5.302619 18.58998 -74.88237
v 5.302619 18.40818 -74.92575
v 5.203378 17.19681 -74.76267
v 5.178431 16.48267 -75.20689
v 5.254588 16.48267 -75.20689
v 5.279534 17.19681 -74.76267
v 5.279534 12.96306 -73.88714
v 5.203378 12.96306 -73.88714
v 5.203377 13.17997 -73.38412
v 5.279534 13.17997 -73.38412
v 5.254587 12.85785 -74.2328
v 5.178431 12.85785 -74.2328
v 5.203378 18.95299 -74.38258
v 5.279534 18.95299 -74.38258
v 5.279534 18.88507 -74.21279
v 5.203378 18.88507 -74.21279
v 5.254588 16.48267 -75.20689
v 5.178431 16.48267 -75.20689
v 5.178431 12.85785 -74.2328
v 5.254587 12.85785 -74.2328
v 5.203378 18.81504 -74.72429
v 5.279534 18.81504 -74.72429
v 5.279534 18.92092 -74.55097
v 5.203378 18.92092 -74.55097
v 5.279534 18.95299 -74.38258
v 5.203378 18.95299 -74.38258
v 5.302619 18.03933 -74.85345
v 5.279534 18.03876 -74.87676
v 5.279534 17.19681 -74.76267
v 5.302619 17.18995 -74.73942
v 5.302619 16.82324 -73.90878
v 5.279534 16.81263 -73.88451
v 5.279534 18.05991 -74.00343
v 5.302619 18.05935 -74.02664
v 5.279534 18.63188 -74.09171
v 5.302619 18.63121 -74.1149
v 5.279534 18.82735 -74.17145
v 5.302619 18.81684 -74.19062
v 5.302619 18.8652 -74.22527
v 5.279534 18.88507 -74.21279
v 5.302619 18.92905 -74.3849
v 5.279534 18.95299 -74.38258
v 5.279534 18.92092 -74.55097
v 5.302619 18.89903 -74.54252
v 5.279534 18.81504 -74.72429
v 5.302619 18.78367 -74.73135
v 5.302619 13.19442 -73.40891
v 5.302619 12.98614 -73.89191
v 5.279534 12.96306 -73.88714
v 5.279534 13.17997 -73.38412
v 5.302619 13.19442 -73.40891
v 5.279534 13.17997 -73.38412
v 5.279534 16.81263 -73.88451
v 5.302619 16.82324 -73.90878
v 5.287998 12.88656 -74.21914
v 5.284184 16.47806 -75.18272
v 5.254588 16.48267 -75.20689
v 5.254587 12.85785 -74.2328
v 5.284184 16.47806 -75.18272
v 5.302619 17.18995 -74.73942
v 5.279534 17.19681 -74.76267
v 5.254588 16.48267 -75.20689
v 5.287998 12.88656 -74.21914
v 5.254587 12.85785 -74.2328
v 5.279534 12.96306 -73.88714
v 5.302619 12.98614 -73.89191
v 5.279534 18.58837 -74.90101
v 5.279534 18.3963 -74.94685
v 5.302619 18.40818 -74.92575
v 5.302619 18.58998 -74.88237
v 5.302619 18.78367 -74.73135
v 5.279534 18.81504 -74.72429
v 5.302619 18.03933 -74.85345
v 5.302619 18.40818 -74.92575
v 5.279534 18.3963 -74.94685
v 5.279534 18.03876 -74.87676
v 3.57473 8.259533 -77.63095
v 3.57473 8.440352 -77.45798
v 3.57473 7.937201 -77.27717
v 3.57473 8.188777 -77.06489
v 3.57473 8.02368 -77.11207
v 3.57473 8.463938 -77.26931
v 3.57473 8.668344 -77.26144
v 3.605956 8.715515 -77.70956
v 3.57473 8.448215 -77.1907
v 3.57473 8.361736 -77.08063
v 3.605956 8.636897 -77.741
v 3.57473 8.369597 -77.58377
v 3.57473 8.055127 -77.60735
v 3.57473 7.921476 -77.45012
v 3.57473 6.356988 -77.27717
v 3.57473 6.254786 -77.44225
v 4.486675 8.259533 -77.63095
v 4.486675 7.937201 -77.27717
v 4.486675 8.440352 -77.45798
v 4.486675 8.055127 -77.60735
v 4.486675 7.921476 -77.45012
v 4.486675 6.356988 -77.27717
v 4.486675 6.254786 -77.44225
v 4.486675 8.188777 -77.06489
v 4.486675 8.02368 -77.11207
v 4.486675 8.463938 -77.26931
v 4.486675 8.668344 -77.26144
v 4.453179 8.715515 -77.70956
v 4.486675 8.448215 -77.1907
v 4.486675 8.361736 -77.08063
v 4.486675 8.369597 -77.58377
v 4.453179 8.636897 -77.741
v 3.57473 8.188777 -77.06489
v 3.57473 8.361736 -77.08063
v 4.486675 8.361736 -77.08063
v 4.486675 8.188777 -77.06489
v 3.57473 8.02368 -77.11207
v 4.486675 8.02368 -77.11207
v 4.146514 8.689666 -77.46398
v 3.57473 8.668344 -77.26144
v 3.89184 8.689664 -77.46398
v 3.605956 8.715515 -77.70956
v 3.860614 8.715515 -77.70956
v 4.486675 8.668344 -77.26144
v 4.453179 8.715515 -77.70956
v 4.180009 8.715515 -77.70956
v 3.57473 8.369597 -77.58377
v 3.57473 8.259533 -77.63095
v 3.89184 8.259533 -77.63095
v 3.89184 8.369597 -77.58377
v 3.89184 8.055127 -77.60735
v 3.57473 8.055127 -77.60735
v 3.57473 6.254786 -77.44225
v 3.57473 6.356988 -77.27717
v 4.486675 6.356988 -77.27717
v 4.486675 6.254786 -77.44225
v 3.57473 6.356988 -77.27717
v 3.57473 7.937201 -77.27717
v 4.486675 7.937201 -77.27717
v 4.486675 6.356988 -77.27717
v 3.57473 8.361736 -77.08063
v 3.57473 8.448215 -77.1907
v 4.486675 8.448215 -77.1907
v 4.486675 8.361736 -77.08063
v 4.486675 8.463938 -77.26931
v 3.57473 8.463938 -77.26931
v 3.605956 8.715515 -77.70956
v 3.605956 8.636897 -77.741
v 3.860614 8.636898 -77.741
v 3.860614 8.715515 -77.70956
v 3.57473 7.937201 -77.27717
v 3.57473 8.02368 -77.11207
v 4.486675 8.02368 -77.11207
v 4.486675 7.937201 -77.27717
v 3.57473 8.440352 -77.45798
v 4.486675 8.440352 -77.45798
v 4.146514 8.470708 -77.46398
v 3.89184 8.470708 -77.46398
v 3.57473 7.921476 -77.45012
v 4.486675 7.921476 -77.45012
v 4.146514 7.93325 -77.46398
v 4.486675 8.055127 -77.60735
v 4.146514 8.055127 -77.60735
v 3.89184 7.93325 -77.46398
v 3.57473 8.055127 -77.60735
v 3.89184 8.055127 -77.60735
v 3.57473 8.463938 -77.26931
v 3.57473 8.668344 -77.26144
v 4.486675 8.668344 -77.26144
v 4.486675 8.463938 -77.26931
v 4.146514 8.415323 -77.46398
v 3.57473 8.440352 -77.45798
v 3.89184 8.415323 -77.46398
v 4.486675 8.440352 -77.45798
v 3.57473 7.921476 -77.45012
v 3.57473 6.254786 -77.44225
v 4.486675 6.254786 -77.44225
v 4.486675 7.921476 -77.45012
v 4.146514 8.415323 -77.46398
v 4.146514 8.055127 -77.60735
v 4.146514 8.259533 -77.63095
v 4.146514 7.93325 -77.46398
v 4.146514 8.369597 -77.58377
v 4.146514 8.689666 -77.46398
v 4.146514 8.470708 -77.46398
v 4.180009 8.636897 -77.741
v 4.180009 8.715515 -77.70956
v 4.146514 8.470708 -77.46398
v 4.146514 8.689666 -77.46398
v 3.89184 8.689664 -77.46398
v 3.89184 8.470708 -77.46398
v 4.146514 7.93325 -77.46398
v 4.146514 8.415323 -77.46398
v 3.89184 8.415323 -77.46398
v 3.89184 7.93325 -77.46398
v 4.146514 8.369597 -77.58377
v 4.146514 8.259533 -77.63095
v 4.486675 8.259533 -77.63095
v 4.486675 8.369597 -77.58377
v 4.486675 8.055127 -77.60735
v 4.146514 8.055127 -77.60735
v 4.180009 8.715515 -77.70956
v 4.180009 8.636897 -77.741
v 4.453179 8.636897 -77.741
v 4.453179 8.715515 -77.70956
v 3.89184 8.689664 -77.46398
v 3.860614 8.715515 -77.70956
v 3.860614 8.636898 -77.741
v 3.89184 8.470708 -77.46398
v 3.89184 8.259533 -77.63095
v 3.89184 8.055127 -77.60735
v 3.89184 8.415323 -77.46398
v 3.89184 8.369597 -77.58377
v 3.89184 7.93325 -77.46398
v 3.598151 3.855507 -75.67397
v 3.598151 4.465915 -75.65641
v 4.463253 4.465915 -75.65641
v 3.431207 4.465924 -75.67457
v 4.463253 3.855507 -75.67397
v 4.630197 4.465925 -75.67457
v 3.431207 3.855497 -75.69212
v 3.308997 4.465952 -75.72416
v 3.308997 3.855469 -75.74171
v 4.630197 3.855497 -75.69212
v 4.752408 4.465952 -75.72416
v 4.752408 3.855469 -75.74171
v 4.797141 3.855431 -75.80947
v 4.797141 4.465989 -75.79191
v 4.79714 4.466301 -76.93391
v 4.797141 3.855122 -76.92258
v 4.752409 3.855085 -77.05185
v 4.752408 4.466339 -77.06317
v 4.463253 4.466376 -77.19243
v 4.79714 4.466301 -76.93391
v 4.463253 4.465915 -75.65641
v 3.598151 4.465915 -75.65641
v 3.598151 4.466376 -77.19243
v 4.797141 4.465989 -75.79191
v 4.630197 4.465925 -75.67457
v 4.752408 4.465952 -75.72416
v 4.630197 4.466367 -77.1578
v 4.752408 4.466339 -77.06317
v 3.264265 4.466301 -76.93391
v 3.431208 4.466366 -77.1578
v 3.308997 4.466338 -77.06317
v 3.264265 4.465989 -75.79191
v 3.431207 4.465924 -75.67457
v 3.308997 4.465952 -75.72416
v 3.598151 4.466376 -77.19243
v 3.598151 3.855047 -77.18111
v 4.463253 3.855047 -77.18111
v 4.463253 4.466376 -77.19243
v 3.431208 4.466366 -77.1578
v 3.431208 3.855056 -77.14648
v 3.308997 4.466338 -77.06317
v 3.308997 3.855085 -77.05185
v 4.630197 4.466367 -77.1578
v 4.630197 3.855056 -77.14648
v 4.752408 4.466339 -77.06317
v 4.752409 3.855085 -77.05185
v 3.264265 3.855431 -75.80947
v 3.264265 3.855122 -76.92258
v 3.264265 4.466301 -76.93391
v 3.308997 3.855085 -77.05185
v 3.264265 4.465989 -75.79191
v 3.308997 4.466338 -77.06317
v 3.264265 4.465989 -75.79191
v 3.308997 4.465952 -75.72416
v 3.308997 3.855469 -75.74171
v 3.264265 3.855431 -75.80947
v 4.752408 3.855469 -75.74171
v 4.752408 4.465952 -75.72416
v 4.797141 4.465989 -75.79191
v 4.797141 3.855431 -75.80947
v 4.463253 3.855047 -77.18111
v 4.463253 3.855507 -75.67397
v 4.797141 3.855122 -76.92258
v 3.598151 3.855047 -77.18111
v 3.598151 3.855507 -75.67397
v 4.630197 3.855056 -77.14648
v 4.752409 3.855085 -77.05185
v 4.797141 3.855431 -75.80947
v 4.630197 3.855497 -75.69212
v 4.752408 3.855469 -75.74171
v 3.264265 3.855122 -76.92258
v 3.264265 3.855431 -75.80947
v 3.431207 3.855497 -75.69212
v 3.308997 3.855469 -75.74171
v 3.431208 3.855056 -77.14648
v 3.308997 3.855085 -77.05185
v 3.678035 -12.18497 -77.5419
v 3.714776 -12.18497 -77.69763
v 3.755286 -12.18497 -77.69763
v 3.792539 -12.18497 -77.5419
v 3.687588 -12.18008 -77.46669
v 3.813862 -12.18129 -77.46646
v 3.710652 -12.16828 -77.39339
v 3.864981 -12.17242 -77.39255
v 3.785265 -12.13012 -77.22873
v 3.914143 -12.16388 -77.34296
v 4.019177 -12.16388 -77.31703
v 4.282728 -12.13012 -77.22873
v 4.124211 -12.16388 -77.34296
v 4.245999 -12.10836 -77.12469
v 4.173373 -12.17242 -77.39255
v 4.357341 -12.16828 -77.39339
v 4.224492 -12.18129 -77.46646
v 4.380404 -12.18008 -77.46669
v 4.245815 -12.18497 -77.5419
v 4.389958 -12.18497 -77.5419
v 4.29262 -12.18497 -77.69763
v 4.343664 -12.18497 -77.69763
v 3.821995 -12.10836 -77.12469
v 4.219111 -12.08647 -77.00253
v 3.848882 -12.08647 -77.00253
v 4.20927 -12.07032 -76.895
v 3.858723 -12.07032 -76.895
v 4.20927 -11.81703 -75.09805
v 3.858723 -11.81703 -75.09805
v 4.389958 -13.04346 -77.5419
v 4.389958 -12.18497 -77.5419
v 4.343664 -12.18497 -77.69763
v 4.343664 -13.04346 -77.69763
v 4.380404 -13.04497 -77.46669
v 4.380404 -12.18008 -77.46669
v 4.357341 -13.0486 -77.39339
v 4.357341 -12.16828 -77.39339
v 4.282728 -13.06034 -77.22873
v 4.282728 -12.13012 -77.22873
v 4.245999 -13.06704 -77.12469
v 4.245999 -12.10836 -77.12469
v 4.219111 -13.07377 -77.00253
v 4.219111 -12.08647 -77.00253
v 4.20927 -13.07875 -76.895
v 4.20927 -12.07032 -76.895
v 4.20927 -12.72681 -76.52422
v 4.20927 -12.3896 -76.52422
v 4.20927 -12.85382 -76.47425
v 4.20927 -12.9468 -76.33774
v 4.20927 -12.98083 -76.15127
v 4.20927 -12.26259 -76.47425
v 4.20927 -12.16961 -76.33774
v 4.20927 -12.13558 -76.15127
v 4.20927 -11.81703 -75.09805
v 4.20927 -12.13558 -75.83187
v 4.20927 -13.15668 -75.09805
v 4.20927 -12.98083 -75.83188
v 4.20927 -12.16961 -75.64539
v 4.20927 -12.26259 -75.5089
v 4.20927 -12.9468 -75.64539
v 4.20927 -12.85382 -75.5089
v 4.20927 -12.3896 -75.45893
v 4.20927 -12.72681 -75.45893
v 4.019177 -13.04995 -77.31703
v 4.282728 -13.06034 -77.22873
v 4.124211 -13.04995 -77.34296
v 3.785265 -13.06034 -77.22873
v 4.173624 -13.04731 -77.39281
v 4.357341 -13.0486 -77.39339
v 3.914143 -13.04995 -77.34296
v 3.86473 -13.04731 -77.39281
v 3.710652 -13.0486 -77.39339
v 3.813787 -13.04459 -77.46653
v 3.687588 -13.04497 -77.46669
v 3.792539 -13.04346 -77.5419
v 3.678035 -13.04346 -77.5419
v 3.755286 -13.04346 -77.69763
v 3.714776 -13.04346 -77.69763
v 4.224566 -13.04459 -77.46653
v 4.380404 -13.04497 -77.46669
v 4.245815 -13.04346 -77.5419
v 4.389958 -13.04346 -77.5419
v 4.29262 -13.04346 -77.69763
v 4.343664 -13.04346 -77.69763
v 4.20927 -13.15668 -75.09805
v 3.858723 -13.15668 -75.09805
v 3.858723 -11.81703 -75.09805
v 4.20927 -11.81703 -75.09805
v 3.710652 -12.16828 -77.39339
v 3.785265 -12.13012 -77.22873
v 3.785265 -13.06034 -77.22873
v 3.710652 -13.0486 -77.39339
v 3.687588 -12.18008 -77.46669
v 3.687588 -13.04497 -77.46669
v 3.678035 -12.18497 -77.5419
v 3.678035 -13.04346 -77.5419
v 3.714776 -13.04346 -77.69763
v 3.714776 -12.18497 -77.69763
v 3.821995 -13.06704 -77.12469
v 3.821995 -12.10836 -77.12469
v 3.848882 -13.07377 -77.00253
v 3.848882 -12.08647 -77.00253
v 3.858723 -13.07875 -76.895
v 3.858723 -12.07032 -76.895
v 3.858723 -12.72681 -76.52422
v 3.858724 -12.85382 -76.47425
v 3.858724 -12.9468 -76.33774
v 3.858724 -12.98083 -76.15127
v 3.858723 -13.15668 -75.09805
v 3.858724 -12.98083 -75.83187
v 3.858724 -12.9468 -75.64539
v 3.858724 -12.85382 -75.5089
v 3.858724 -12.72681 -75.45893
v 3.858724 -12.3896 -75.45893
v 3.858723 -11.81703 -75.09805
v 3.858724 -12.26259 -75.5089
v 3.858723 -12.13558 -76.15127
v 3.858723 -12.13558 -75.83187
v 3.858723 -12.16961 -75.64539
v 3.858723 -12.16961 -76.33774
v 3.858723 -12.26259 -76.47425
v 3.858723 -12.3896 -76.52422
v 3.755286 -12.18497 -77.69763
v 3.714776 -12.18497 -77.69763
v 3.714776 -13.04346 -77.69763
v 3.755286 -13.04346 -77.69763
v 4.245815 -12.18497 -77.5419
v 4.245815 -13.04346 -77.5419
v 4.29262 -13.04346 -77.69763
v 4.29262 -12.18497 -77.69763
v 4.224566 -13.04459 -77.46653
v 4.224492 -12.18129 -77.46646
v 4.173624 -13.04731 -77.39281
v 4.173373 -12.17242 -77.39255
v 4.124211 -13.04995 -77.34296
v 4.124211 -12.16388 -77.34296
v 4.29262 -12.18497 -77.69763
v 4.29262 -13.04346 -77.69763
v 4.343664 -13.04346 -77.69763
v 4.343664 -12.18497 -77.69763
v 3.914143 -13.04995 -77.34296
v 3.914143 -12.16388 -77.34296
v 3.864981 -12.17242 -77.39255
v 3.86473 -13.04731 -77.39281
v 3.813862 -12.18129 -77.46646
v 3.813787 -13.04459 -77.46653
v 3.792539 -12.18497 -77.5419
v 3.792539 -13.04346 -77.5419
v 3.755286 -12.18497 -77.69763
v 3.755286 -13.04346 -77.69763
v 4.019177 -13.04995 -77.31703
v 4.019177 -12.16388 -77.31703
v 3.914143 -12.16388 -77.34296
v 3.914143 -13.04995 -77.34296
v 4.124211 -13.04995 -77.34296
v 4.124211 -12.16388 -77.34296
v 4.20927 -13.07875 -76.895
v 3.858723 -13.07875 -76.895
v 3.858723 -13.15668 -75.09805
v 4.20927 -13.15668 -75.09805
v 3.848882 -13.07377 -77.00253
v 4.219111 -13.07377 -77.00253
v 4.245999 -13.06704 -77.12469
v 3.821995 -13.06704 -77.12469
v 3.856731 -11.25069 -73.77772
v 3.856731 -11.87334 -73.77772
v 3.856731 -11.87334 -74.31861
v 3.856731 -11.25069 -74.31861
v 4.217634 -11.87334 -74.31861
v 4.217634 -11.87334 -73.77772
v 4.217634 -11.25069 -73.77772
v 4.217634 -11.25069 -74.31861
v 3.856731 -11.25069 -73.77772
v 3.856731 -11.25069 -74.31861
v 4.217634 -11.25069 -74.31861
v 4.217634 -11.25069 -73.77772
v 4.217634 -11.25069 -73.63488
v 3.856731 -11.25069 -73.63488
v 3.731942 -11.25069 -73.66193
v 3.731942 -11.25069 -73.77772
v 4.342422 -11.25069 -73.66193
v 4.342422 -11.25069 -73.77772
v 3.856731 -11.25069 -74.31861
v 3.856731 -11.87334 -74.31861
v 4.217634 -11.87334 -74.31861
v 4.217634 -11.25069 -74.31861
v 4.217634 -11.87334 -73.77772
v 3.856731 -11.87334 -73.77772
v 3.856731 -11.87334 -73.63488
v 4.217634 -11.87334 -74.31861
v 4.217634 -11.87334 -73.63488
v 4.342422 -11.87334 -73.66193
v 3.856731 -11.87334 -74.31861
v 4.342422 -11.87334 -73.77772
v 3.731942 -11.87334 -73.66193
v 3.731942 -11.87334 -73.77772
v 3.856731 -11.87334 -73.63488
v 3.856731 -11.25069 -73.63488
v 4.217634 -11.25069 -73.63488
v 3.731942 -11.87334 -73.66193
v 4.217634 -11.87334 -73.63488
v 4.342422 -11.25069 -73.66193
v 3.731942 -11.25069 -73.66193
v 4.342422 -11.87334 -73.66193
v 4.217634 -11.25069 -73.77772
v 4.217634 -11.87334 -73.77772
v 4.342422 -11.87334 -73.77772
v 4.342422 -11.25069 -73.77772
v 4.342422 -11.25069 -73.77772
v 4.342422 -11.87334 -73.77772
v 4.342422 -11.87334 -73.66193
v 4.342422 -11.25069 -73.66193
v 3.731942 -11.87334 -73.77772
v 3.731942 -11.25069 -73.77772
v 3.731942 -11.25069 -73.66193
v 3.731942 -11.87334 -73.66193
v 3.856731 -11.87334 -73.77772
v 3.856731 -11.25069 -73.77772
v 3.731942 -11.25069 -73.77772
v 3.731942 -11.87334 -73.77772
v 3.843358 -7.67101 -74.25131
v 3.782297 -7.62557 -73.79933
v 3.782297 -8.368536 -73.79933
v 3.782297 -7.62557 -73.72718
v 3.843358 -8.323096 -74.25131
v 3.782297 -8.368536 -73.72718
v 4.267712 -8.368536 -73.79933
v 4.267712 -7.62557 -73.79933
v 4.206651 -7.67101 -74.25131
v 4.267712 -8.368536 -73.72718
v 4.206651 -8.323096 -74.25131
v 4.267712 -7.62557 -73.72718
v 3.782297 -7.62557 -73.79933
v 3.843358 -7.67101 -74.25131
v 4.206651 -7.67101 -74.25131
v 4.267712 -7.62557 -73.79933
v 4.267712 -7.62557 -73.72718
v 3.782297 -7.62557 -73.72718
v 3.843358 -8.323096 -74.25131
v 3.782297 -8.368536 -73.79933
v 4.267712 -8.368536 -73.79933
v 3.782297 -8.368536 -73.72718
v 4.206651 -8.323096 -74.25131
v 4.267712 -8.368536 -73.72718
v 4.206651 -7.67101 -74.25131
v 3.843358 -7.67101 -74.25131
v 3.843358 -8.323096 -74.25131
v 4.206651 -8.323096 -74.25131
v 4.267712 -8.368536 -73.72718
v 3.782297 -8.368536 -73.72718
v 3.782297 -7.62557 -73.72718
v 4.267712 -7.62557 -73.72718
v 4.160341 -7.262401 -75.88109
v 3.914025 -7.262401 -75.88109
v 3.93415 -7.38947 -75.40687
v 4.140216 -7.38947 -75.40687
v 4.140216 -7.38947 -75.40687
v 3.93415 -7.38947 -75.40687
v 3.93415 -7.675553 -75.18951
v 4.140216 -7.675553 -75.18951
v 3.937853 -6.38475 -75.3797
v 3.917728 -6.216914 -75.87527
v 4.156637 -6.216914 -75.87527
v 4.136512 -6.38475 -75.3797
v 4.136512 -6.31323 -75.18951
v 3.869695 -6.424088 -75.18951
v 3.937853 -6.31323 -75.18951
v 4.20467 -6.424088 -75.18951
v 4.20467 -7.552239 -75.18951
v 3.869695 -7.552239 -75.18951
v 3.93415 -7.675553 -75.18951
v 4.140216 -7.675553 -75.18951
v 4.20467 -7.270399 -75.40365
v 4.20467 -7.552239 -75.18951
v 4.20467 -6.424088 -75.18951
v 4.20467 -6.496748 -75.38273
v 4.224795 -7.142645 -75.88042
v 4.160341 -7.262401 -75.88109
v 4.224795 -6.329724 -75.8759
v 4.140216 -7.38947 -75.40687
v 4.20467 -7.552239 -75.18951
v 4.140216 -7.675553 -75.18951
v 4.160341 -7.262401 -75.88109
v 3.849571 -7.142645 -75.88042
v 3.914025 -7.262401 -75.88109
v 4.224795 -7.142645 -75.88042
v 4.224795 -6.329724 -75.8759
v 3.849571 -6.329724 -75.8759
v 3.917728 -6.216914 -75.87527
v 4.156637 -6.216914 -75.87527
v 3.869695 -6.496748 -75.38273
v 3.869695 -7.270399 -75.40365
v 3.849571 -7.142645 -75.88042
v 3.914025 -7.262401 -75.88109
v 3.849571 -6.329724 -75.8759
v 3.93415 -7.38947 -75.40687
v 3.869695 -7.552239 -75.18951
v 3.93415 -7.675553 -75.18951
v 3.869695 -6.424088 -75.18951
v 3.869695 -7.552239 -75.18951
v 3.937853 -6.38475 -75.3797
v 3.869695 -6.496748 -75.38273
v 3.849571 -6.329724 -75.8759
v 3.917728 -6.216914 -75.87527
v 3.869695 -6.424088 -75.18951
v 3.937853 -6.31323 -75.18951
v 4.224795 -6.329724 -75.8759
v 4.20467 -6.496748 -75.38273
v 4.136512 -6.38475 -75.3797
v 4.156637 -6.216914 -75.87527
v 4.20467 -6.424088 -75.18951
v 4.136512 -6.31323 -75.18951
v 3.937853 -6.31323 -75.18951
v 3.937853 -6.38475 -75.3797
v 4.136512 -6.38475 -75.3797
v 4.136512 -6.31323 -75.18951
v 3.858723 -12.13558 -76.15127
v 4.20927 -12.13558 -76.15127
v 4.20927 -12.16961 -76.33774
v 4.20927 -12.13558 -75.83187
v 3.858723 -12.16961 -76.33774
v 4.20927 -12.26259 -76.47425
v 3.858723 -12.26259 -76.47425
v 3.858723 -12.13558 -75.83187
v 3.858723 -12.16961 -75.64539
v 4.20927 -12.16961 -75.64539
v 3.858724 -12.26259 -75.5089
v 4.20927 -12.26259 -75.5089
v 3.858724 -12.85382 -76.47425
v 3.858723 -12.72681 -76.52422
v 4.20927 -12.72681 -76.52422
v 3.858723 -12.3896 -76.52422
v 4.20927 -12.85382 -76.47425
v 4.20927 -12.3896 -76.52422
v 3.858723 -12.26259 -76.47425
v 4.20927 -12.26259 -76.47425
v 3.858724 -12.72681 -75.45893
v 4.20927 -12.72681 -75.45893
v 4.20927 -12.3896 -75.45893
v 4.20927 -12.85382 -75.5089
v 3.858724 -12.3896 -75.45893
v 4.20927 -12.26259 -75.5089
v 3.858724 -12.26259 -75.5089
v 3.858724 -12.85382 -75.5089
v 4.20927 -12.98083 -75.83188
v 3.858724 -12.98083 -75.83187
v 3.858724 -12.98083 -76.15127
v 4.20927 -12.9468 -75.64539
v 4.20927 -12.98083 -76.15127
v 3.858724 -12.9468 -76.33774
v 4.20927 -12.9468 -76.33774
v 4.20927 -12.85382 -76.47425
v 3.858724 -12.85382 -76.47425
v 3.858724 -12.9468 -75.64539
v 3.858724 -12.85382 -75.5089
v 4.20927 -12.85382 -75.5089
v 4.030804 -1.841093 -76.63823
v 3.337089 -1.841093 -76.75388
v 3.531067 -1.841093 -76.92137
v 3.791659 -1.841093 -77.00854
v 4.269948 -1.841093 -77.00854
v 4.53054 -1.841093 -76.92137
v 3.285968 -1.841093 -75.80575
v 4.030804 -1.841093 -75.88036
v 4.774354 -1.841093 -75.80575
v 3.501169 -1.841093 -75.70689
v 3.739687 -1.841093 -75.65783
v 4.030176 -1.841093 -75.63147
v 4.300526 -1.841093 -75.65236
v 4.504795 -1.841093 -75.69083
v 4.724548 -1.841093 -76.75388
v 4.030804 -2.496762 -76.63823
v 3.285968 -2.496762 -75.80575
v 4.030804 -2.496762 -75.88036
v 3.501169 -2.496762 -75.70689
v 3.739687 -2.496762 -75.65783
v 4.030176 -2.496762 -75.63147
v 4.300526 -2.496762 -75.65236
v 4.504795 -2.496762 -75.69083
v 3.337089 -2.496762 -76.75388
v 3.531067 -2.496762 -76.92137
v 3.791659 -2.496762 -77.00854
v 4.269948 -2.496762 -77.00854
v 4.53054 -2.496762 -76.92137
v 4.774354 -2.496762 -75.80575
v 4.724548 -2.496762 -76.75388
v 3.791659 -1.841093 -77.00854
v 3.531067 -1.841093 -76.92137
v 3.531067 -2.496762 -76.92137
v 3.791659 -2.496762 -77.00854
v 4.269948 -1.841093 -77.00854
v 4.269948 -2.496762 -77.00854
v 4.53054 -1.841093 -76.92137
v 4.53054 -2.496762 -76.92137
v 4.724548 -1.841093 -76.75388
v 3.337089 -2.496762 -76.75388
v 3.337089 -1.841093 -76.75388
v 4.724548 -2.496762 -76.75388
v 3.739687 -1.841093 -75.65783
v 4.030176 -1.841093 -75.63147
v 4.030176 -2.496762 -75.63147
v 3.739687 -2.496762 -75.65783
v 3.501169 -1.841093 -75.70689
v 4.300526 -2.496762 -75.65236
v 4.300526 -1.841093 -75.65236
v 4.504795 -2.496762 -75.69083
v 4.504795 -1.841093 -75.69083
v 3.501169 -2.496762 -75.70689
v 3.285968 -1.841093 -75.80575
v 3.285968 -2.496762 -75.80575
v 4.774354 -2.496762 -75.80575
v 4.774354 -1.841093 -75.80575
v 4.774354 -1.841093 -75.80575
v 4.724548 -1.841093 -76.75388
v 4.724548 -2.496762 -76.75388
v 4.774354 -2.496762 -75.80575
v 3.337089 -1.841093 -76.75388
v 3.285968 -1.841093 -75.80575
v 3.285968 -2.496762 -75.80575
v 3.337089 -2.496762 -76.75388
v 6.366431 8.220762 -75.85377
v 6.270969 8.220762 -75.47688
v 6.366431 8.220762 -75.5883
v 6.270969 8.220762 -75.96519
v 4.931305 8.220762 -75.96519
v 4.931305 8.220762 -75.47688
v 4.931305 8.413632 -75.96519
v 4.931305 8.413632 -75.47688
v 4.931305 8.220762 -75.47688
v 4.931305 8.220762 -75.96519
v 6.270969 8.413632 -75.96519
v 4.931305 8.413632 -75.96519
v 4.931305 8.220762 -75.96519
v 6.270969 8.220762 -75.96519
v 6.366431 8.220762 -75.85377
v 6.366431 8.220762 -75.5883
v 6.366431 8.413632 -75.5883
v 6.366431 8.413632 -75.85377
v 6.270969 8.413632 -75.96519
v 4.931305 8.413632 -75.47688
v 4.931305 8.413632 -75.96519
v 6.270969 8.413632 -75.47688
v 6.366431 8.413632 -75.5883
v 6.366431 8.413632 -75.85377
v 6.270969 8.220762 -75.47688
v 6.270969 8.413632 -75.47688
v 6.366431 8.413632 -75.5883
v 6.366431 8.220762 -75.5883
v 6.270969 8.413632 -75.96519
v 6.270969 8.220762 -75.96519
v 6.366431 8.220762 -75.85377
v 6.366431 8.413632 -75.85377
v 4.931305 8.413632 -75.47688
v 6.270969 8.413632 -75.47688
v 6.270969 8.220762 -75.47688
v 4.931305 8.220762 -75.47688
v 4.243891 20.65152 -75.75507
v 4.243891 21.19634 -75.75507
v 4.243891 20.76628 -76.12997
v 4.243891 20.3793 -76.12997
v 4.243891 21.08738 -75.04292
v 4.243891 21.47437 -75.04292
v 4.243891 20.76628 -76.12997
v 4.243891 21.19634 -75.75507
v 3.855784 21.19634 -75.75507
v 3.855784 20.76628 -76.12997
v 3.855784 20.76628 -76.12997
v 3.855784 21.19634 -75.75507
v 3.855784 20.65152 -75.75507
v 3.855784 20.3793 -76.12997
v 3.855784 21.08738 -75.04292
v 3.855784 21.47437 -75.04292
v 3.855784 20.3793 -76.12997
v 3.855784 20.65152 -75.75507
v 4.243891 20.65152 -75.75507
v 4.243891 20.3793 -76.12997
v 4.243891 21.08738 -75.04292
v 3.855784 21.08738 -75.04292
v 3.855784 21.47437 -75.04292
v 4.243891 21.47437 -75.04292
v 4.243891 21.08738 -75.04292
v 3.855784 21.08738 -75.04292
v 4.243891 20.76628 -76.12997
v 3.855784 20.76628 -76.12997
v 3.855784 20.3793 -76.12997
v 4.243891 20.3793 -76.12997
v 4.243891 21.19634 -75.75507
v 4.243891 21.47437 -75.04292
v 3.855784 21.47437 -75.04292
v 3.855784 21.19634 -75.75507
v 3.864548 17.23369 -72.6653
v 3.864548 17.14249 -72.44239
v 3.864548 16.86262 -72.50826
v 3.864548 16.80581 -72.67249
v 3.864548 16.81713 -72.86494
v 3.864547 16.43222 -72.70645
v 3.864548 16.88008 -72.09361
v 3.864548 17.13293 -72.0809
v 3.864548 16.88082 -71.67274
v 3.864548 16.77316 -71.75026
v 3.864548 16.60709 -71.44032
v 3.864548 16.542 -71.51806
v 3.864548 16.2843 -71.33501
v 3.864548 16.24616 -71.39697
v 3.864548 17.24502 -72.85776
v 3.864548 17.78526 -72.81985
v 3.864548 17.78974 -72.65582
v 3.864548 16.38693 -72.86494
v 4.196857 17.23369 -72.6653
v 4.196857 16.80581 -72.67249
v 4.196857 16.86262 -72.50826
v 4.196857 16.81713 -72.86494
v 4.196857 16.43222 -72.70645
v 4.196857 17.14249 -72.44239
v 4.196857 16.88008 -72.09361
v 4.196857 17.13293 -72.0809
v 4.196857 16.88082 -71.67274
v 4.196857 16.77316 -71.75026
v 4.196857 16.60709 -71.44032
v 4.196857 16.542 -71.51806
v 4.196857 16.2843 -71.33501
v 4.196857 16.24616 -71.39697
v 4.196857 17.24502 -72.85776
v 4.196857 17.78526 -72.81985
v 4.196857 17.78974 -72.65582
v 4.196857 16.38693 -72.86494
v 4.196857 17.23369 -72.6653
v 3.864548 17.23369 -72.6653
v 3.864548 17.78974 -72.65582
v 4.196857 17.78974 -72.65582
v 4.196857 16.43222 -72.70645
v 3.864547 16.43222 -72.70645
v 3.864548 16.80581 -72.67249
v 4.196857 16.80581 -72.67249
v 4.196857 16.86262 -72.50826
v 3.864548 16.86262 -72.50826
v 3.864548 16.88008 -72.09361
v 3.864548 16.80581 -72.67249
v 4.196857 16.88008 -72.09361
v 3.864548 16.77316 -71.75026
v 4.196857 16.80581 -72.67249
v 4.196857 16.77316 -71.75026
v 4.196857 16.88082 -71.67274
v 3.864548 16.88082 -71.67274
v 3.864548 17.13293 -72.0809
v 4.196857 17.13293 -72.0809
v 4.196857 16.24616 -71.39697
v 3.864548 16.24616 -71.39697
v 3.864548 16.2843 -71.33501
v 4.196857 16.2843 -71.33501
v 4.196857 17.78526 -72.81985
v 3.864548 17.78526 -72.81985
v 3.864548 17.24502 -72.85776
v 4.196857 17.24502 -72.85776
v 3.864548 16.81713 -72.86494
v 4.196857 16.81713 -72.86494
v 3.864548 16.38693 -72.86494
v 4.196857 16.38693 -72.86494
v 4.196857 17.13293 -72.0809
v 3.864548 17.13293 -72.0809
v 3.864548 17.14249 -72.44239
v 4.196857 17.14249 -72.44239
v 3.864548 17.23369 -72.6653
v 4.196857 17.23369 -72.6653
v 4.196857 16.542 -71.51806
v 3.864548 16.542 -71.51806
v 3.864548 16.24616 -71.39697
v 4.196857 16.24616 -71.39697
v 4.196857 16.77316 -71.75026
v 3.864548 16.77316 -71.75026
v 3.864548 16.38693 -72.86494
v 3.864547 16.43222 -72.70645
v 4.196857 16.43222 -72.70645
v 4.196857 16.38693 -72.86494
v 4.196857 17.78974 -72.65582
v 3.864548 17.78974 -72.65582
v 3.864548 17.78526 -72.81985
v 4.196857 17.78526 -72.81985
v 4.196857 16.2843 -71.33501
v 3.864548 16.2843 -71.33501
v 3.864548 16.60709 -71.44032
v 4.196857 16.60709 -71.44032
v 3.864548 16.88082 -71.67274
v 4.196857 16.88082 -71.67274
v 5.291131 14.26492 -73.60995
v 5.472406 14.24798 -73.60829
v 5.472406 14.26203 -73.54245
v 5.291131 14.27896 -73.54412
v 5.291131 13.16006 -73.45592
v 5.472406 13.14313 -73.45426
v 5.472406 14.24798 -73.60829
v 5.291131 14.26492 -73.60995
v 5.291131 13.16006 -73.45592
v 5.291131 13.18707 -73.39371
v 5.472406 13.17013 -73.39205
v 5.472406 13.14313 -73.45426
v 5.291131 13.18707 -73.39371
v 5.291131 14.27896 -73.54412
v 5.472406 14.26203 -73.54245
v 5.472406 13.17013 -73.39205
v 5.291131 14.26492 -73.60995
v 5.291131 14.27896 -73.54412
v 5.291131 13.18707 -73.39371
v 5.291131 13.16006 -73.45592
v 5.472406 14.24798 -73.60829
v 5.472406 13.14313 -73.45426
v 5.490511 13.16759 -73.43942
v 5.490511 14.23207 -73.58782
v 5.490511 14.23851 -73.5576
v 5.490511 13.1796 -73.41174
v 5.472406 13.17013 -73.39205
v 5.472406 14.26203 -73.54245
v 5.472406 14.24798 -73.60829
v 5.490511 14.23207 -73.58782
v 5.490511 14.23851 -73.5576
v 5.472406 14.26203 -73.54245
v 5.472406 13.17013 -73.39205
v 5.490511 13.1796 -73.41174
v 5.490511 13.16759 -73.43942
v 5.472406 13.14313 -73.45426
v 5.490511 14.23207 -73.58782
v 5.490511 13.16759 -73.43942
v 5.490511 13.1796 -73.41174
v 5.490511 14.23851 -73.5576
v 5.060966 23.05897 -73.75308
v 5.05123 22.83798 -73.30515
v 5.023316 23.10835 -73.66182
v 5.026323 23.15712 -73.78545
v 5.062427 23.07998 -73.8099
v 5.014871 22.90741 -73.26388
v 5.027815 23.1748 -73.84463
v 5.065106 23.10606 -73.91229
v 5.029267 23.18654 -73.90244
v 5.066244 23.10943 -73.95696
v 5.03066 23.19062 -73.95951
v 5.067194 23.10526 -73.99671
v 5.031951 23.18433 -74.01616
v 5.067919 23.09277 -74.03116
v 5.033036 23.16413 -74.07082
v 5.068384 23.07109 -74.06007
v 5.033745 23.12804 -74.11877
v 5.03395 23.08202 -74.15287
v 5.068552 23.03909 -74.08323
v 5.033311 22.73548 -74.30595
v 5.068597 22.70892 -74.229
v 5.068478 22.68657 -74.23492
v 5.033017 22.69564 -74.31571
v 5.032305 22.65197 -74.31419
v 5.068135 22.66394 -74.23399
v 5.031382 22.61421 -74.30387
v 5.067601 22.64087 -74.22755
v 5.030382 22.58204 -74.28944
v 5.026637 22.48693 -74.23372
v 5.062379 22.49587 -74.14999
v 5.025998 22.47146 -74.22696
v 5.025578 22.46115 -74.2241
v 5.061507 22.47079 -74.14366
v 5.025356 22.45589 -74.22373
v 5.060733 22.44549 -74.14305
v 5.024844 22.43789 -74.22906
v 5.059082 22.35512 -74.15893
v 5.023392 22.34964 -74.23991
v 5.022639 22.25115 -74.21178
v 5.058606 22.28459 -74.138
v 5.022501 22.16194 -74.1555
v 5.058551 22.21146 -74.09146
v 5.022696 22.08028 -74.07993
v 5.059151 22.07108 -73.94237
v 5.023041 22.00602 -73.99046
v 5.023372 21.94059 -73.89184
v 5.059722 21.95976 -73.75492
v 5.023536 21.88621 -73.78855
v 5.059627 21.92262 -73.66045
v 5.023368 21.84552 -73.6847
v 5.059078 21.90185 -73.57265
v 5.022663 21.82181 -73.58317
v 5.057923 21.90052 -73.49682
v 5.021059 21.821 -73.4846
v 5.055998 21.92193 -73.43829
v 5.017858 21.85686 -73.39238
v 5.013535 21.92646 -73.33697
v 5.053157 21.96915 -73.40301
v 5.011139 21.96544 -73.31897
v 5.050657 22.01059 -73.38345
v 5.010406 21.97431 -73.31185
v 5.048598 22.03711 -73.36075
v 5.046937 22.05191 -73.33563
v 5.010094 21.97634 -73.30801
v 5.045635 22.05814 -73.30888
v 5.009672 21.9776 -73.30025
v 5.007615 21.97545 -73.22357
v 5.043097 22.05911 -73.19949
v 5.007041 21.98014 -73.18171
v 5.042916 22.06806 -73.17483
v 5.006628 21.99768 -73.13512
v 5.006399 22.03237 -73.09213
v 5.042833 22.08644 -73.15206
v 5.006297 22.08178 -73.05943
v 5.042812 22.1177 -73.13166
v 5.006242 22.14132 -73.03748
v 5.043287 22.5164 -73.03375
v 5.005899 22.45551 -72.96227
v 5.006044 22.51447 -72.95357
v 5.006562 22.57683 -72.95954
v 5.043685 22.55929 -73.03789
v 5.007371 22.63529 -72.97922
v 5.044313 22.60152 -73.05218
v 5.008381 22.68895 -73.00971
v 5.045143 22.64307 -73.07587
v 5.009533 22.73828 -73.04866
v 5.046144 22.68389 -73.10814
v 5.010785 22.78415 -73.09451
v 5.048536 22.76291 -73.19489
v 5.012109 22.82731 -73.14622
v 5.042812 22.1177 -73.13166
v 5.001281 22.18814 -73.18829
v 5.001222 22.15206 -73.20084
v 5.043287 22.5164 -73.03375
v 5.002399 22.51891 -73.11147
v 5.043685 22.55929 -73.03789
v 5.001167 22.13801 -73.2095
v 5.042833 22.08644 -73.15206
v 5.001111 22.13493 -73.21316
v 5.042916 22.06806 -73.17483
v 5.043097 22.05911 -73.19949
v 5.001074 22.13393 -73.21737
v 5.045635 22.05814 -73.30888
v 5.003611 22.13404 -73.3214
v 5.046937 22.05191 -73.33563
v 5.005809 22.1227 -73.36737
v 5.048598 22.03711 -73.36075
v 5.008819 22.09507 -73.41375
v 5.012189 22.05101 -73.45181
v 5.050657 22.01059 -73.38345
v 5.002687 22.54353 -73.11395
v 5.044313 22.60152 -73.05218
v 5.003147 22.57044 -73.12324
v 5.045143 22.64307 -73.07587
v 5.003807 22.60054 -73.14058
v 5.046144 22.68389 -73.10814
v 5.004668 22.63325 -73.16658
v 5.005705 22.66756 -73.20101
v 5.048536 22.76291 -73.19489
v 5.006883 22.70263 -73.2431
v 5.05123 22.83798 -73.30515
v 5.009511 22.77273 -73.3463
v 5.017579 22.96369 -73.72504
v 5.060966 23.05897 -73.75308
v 5.019058 22.9878 -73.78252
v 5.062427 23.07998 -73.8099
v 5.021778 23.02173 -73.88322
v 5.065106 23.10606 -73.91229
v 5.022906 23.0302 -73.92423
v 5.0238 23.03282 -73.95712
v 5.066244 23.10943 -73.95696
v 5.024423 23.0306 -73.98067
v 5.067194 23.10526 -73.99671
v 5.0248 23.02546 -73.99568
v 5.067919 23.09277 -74.03116
v 5.025029 23.01761 -74.0062
v 5.068384 23.07109 -74.06007
v 5.068552 23.03909 -74.08323
v 5.025157 22.9991 -74.01874
v 5.068597 22.70892 -74.229
v 5.025893 22.67911 -74.15878
v 5.068478 22.68657 -74.23492
v 5.068135 22.66394 -74.23399
v 5.02591 22.67722 -74.15836
v 5.067601 22.64087 -74.22755
v 5.025761 22.6687 -74.15569
v 5.025377 22.65395 -74.14884
v 5.062379 22.49587 -74.14999
v 5.021933 22.55638 -74.09189
v 5.020722 22.52259 -74.07757
v 5.061507 22.47079 -74.14366
v 5.019413 22.48327 -74.0678
v 5.060733 22.44549 -74.14305
v 5.018104 22.43858 -74.06689
v 5.016714 22.36147 -74.08253
v 5.059082 22.35512 -74.15893
v 5.058606 22.28459 -74.138
v 5.016494 22.31667 -74.06815
v 5.058551 22.21146 -74.09146
v 5.016518 22.25845 -74.03056
v 5.016779 22.195 -73.97147
v 5.059151 22.07108 -73.94237
v 5.017175 22.13276 -73.89634
v 5.017568 22.0764 -73.81135
v 5.059722 21.95976 -73.75492
v 5.017817 22.02977 -73.72286
v 5.01779 21.99624 -73.63767
v 5.059627 21.92262 -73.66045
v 5.017398 21.9785 -73.5637
v 5.059078 21.90185 -73.57265
v 5.016696 21.97672 -73.51101
v 5.057923 21.90052 -73.49682
v 5.016076 21.9834 -73.487
v 5.055998 21.92193 -73.43829
v 5.053157 21.96915 -73.40301
v 5.014762 22.00756 -73.47258
v 4.892376 22.77114 -73.194
v 4.936793 22.91158 -73.26378
v 4.93403 22.83143 -73.14579
v 4.895073 22.84632 -73.30493
v 4.945252 23.11284 -73.66243
v 4.904846 23.06801 -73.75488
v 4.946754 23.13917 -73.72545
v 4.906317 23.08911 -73.81235
v 4.949767 23.17941 -73.84625
v 4.909028 23.1153 -73.91649
v 4.951228 23.19116 -73.90454
v 4.910189 23.11859 -73.96234
v 4.952632 23.19519 -73.9622
v 4.911166 23.11409 -74.00352
v 4.953938 23.18875 -74.01957
v 4.911917 23.10086 -74.03953
v 4.955035 23.16818 -74.075
v 4.955752 23.1315 -74.1236
v 4.912395 23.07802 -74.06974
v 4.955955 23.08494 -74.15802
v 4.912561 23.04494 -74.09354
v 4.95527 22.73738 -74.31061
v 4.912515 22.71272 -74.23833
v 4.912385 22.68979 -74.24423
v 4.95497 22.69725 -74.32037
v 4.954251 22.65328 -74.31876
v 4.912027 22.66655 -74.24314
v 4.953321 22.61537 -74.30834
v 4.91148 22.6432 -74.23647
v 4.952318 22.58319 -74.2938
v 4.948587 22.48882 -74.23817
v 4.906302 22.50049 -74.15908
v 4.947959 22.47377 -74.2315
v 4.947555 22.464 -74.22871
v 4.905461 22.47647 -74.15285
v 4.947349 22.45937 -74.22827
v 4.90472 22.45246 -74.15211
v 4.946823 22.44095 -74.23359
v 4.902965 22.35686 -74.16808
v 4.945333 22.35051 -74.24449
v 4.94456 22.24978 -74.2157
v 4.902448 22.28186 -74.14585
v 4.944417 22.15941 -74.15863
v 4.902383 22.20639 -74.09774
v 4.944612 22.07718 -74.08244
v 4.902978 22.06431 -73.9465
v 4.944954 22.00264 -73.99253
v 4.945283 21.93709 -73.89359
v 4.90354 21.95271 -73.75805
v 4.945445 21.88269 -73.79012
v 4.90344 21.91567 -73.66341
v 4.945275 21.84204 -73.68619
v 4.902887 21.89509 -73.57579
v 4.944568 21.81843 -73.58473
v 4.901742 21.89389 -73.50076
v 4.942968 21.81769 -73.48658
v 4.899873 21.91475 -73.44388
v 4.939795 21.85327 -73.39517
v 4.935521 21.92217 -73.34049
v 4.897126 21.96058 -73.41006
v 4.933156 21.96071 -73.32285
v 4.894689 22.00113 -73.39122
v 4.932435 21.96946 -73.31593
v 4.892655 22.02742 -73.36892
v 4.890992 22.04235 -73.34388
v 4.932121 21.97155 -73.31214
v 4.889658 22.04886 -73.31664
v 4.931684 21.97296 -73.30413
v 4.929555 21.97104 -73.22504
v 4.886938 22.05081 -73.19969
v 4.928961 21.97599 -73.18182
v 4.886728 22.06106 -73.17209
v 4.928534 21.99418 -73.13375
v 4.928297 22.02987 -73.08965
v 4.88663 22.08143 -73.14708
v 4.928192 22.08023 -73.05639
v 4.886601 22.11459 -73.12557
v 4.928134 22.14033 -73.03428
v 4.887027 22.51758 -73.02881
v 4.927768 22.45516 -72.95982
v 4.927914 22.51506 -72.9511
v 4.928442 22.57859 -72.95726
v 4.887443 22.56283 -73.03331
v 4.929261 22.63799 -72.97732
v 4.888095 22.60691 -73.04837
v 4.930284 22.6923 -73.00826
v 4.888947 22.64976 -73.07295
v 4.931444 22.74203 -73.04761
v 4.889966 22.69139 -73.10604
v 4.932702 22.78814 -73.0938
v 4.938694 22.19189 -73.97399
v 4.902383 22.20639 -74.09774
v 4.938435 22.25592 -74.03371
v 4.902978 22.06431 -73.9465
v 4.939088 22.12938 -73.89841
v 4.93948 22.0729 -73.8131
v 4.938415 22.3153 -74.07208
v 4.902448 22.28186 -74.14585
v 4.938655 22.36234 -74.0871
v 4.902965 22.35686 -74.16808
v 4.90472 22.45246 -74.15211
v 4.940097 22.44206 -74.07142
v 4.94139 22.48611 -74.0724
v 4.905461 22.47647 -74.15285
v 4.942683 22.5249 -74.08211
v 4.906302 22.50049 -74.15908
v 4.943883 22.55828 -74.09634
v 4.947313 22.65511 -74.15322
v 4.91148 22.6432 -74.23647
v 4.9477 22.66986 -74.16015
v 4.947857 22.67852 -74.16294
v 4.912027 22.66655 -74.24314
v 4.947847 22.68072 -74.16344
v 4.912385 22.68979 -74.24423
v 4.912515 22.71272 -74.23833
v 4.947163 23.00202 -74.0239
v 4.912561 23.04494 -74.09354
v 4.947035 23.02107 -74.01104
v 4.912395 23.07802 -74.06974
v 4.911917 23.10086 -74.03953
v 4.9468 23.0295 -73.99986
v 4.911166 23.11409 -74.00352
v 4.946409 23.03502 -73.98408
v 4.910189 23.11859 -73.96234
v 4.945773 23.0374 -73.95981
v 4.909028 23.1153 -73.91649
v 4.944867 23.03482 -73.92633
v 4.94373 23.02633 -73.88484
v 4.906317 23.08911 -73.81235
v 4.94242 23.01198 -73.8368
v 4.904846 23.06801 -73.75488
v 4.939515 22.96818 -73.72565
v 4.895073 22.84632 -73.30493
v 4.931433 22.7769 -73.3462
v 4.928803 22.70674 -73.24265
v 4.892376 22.77114 -73.194
v 4.927622 22.67155 -73.20029
v 4.889966 22.69139 -73.10604
v 4.926579 22.637 -73.16553
v 4.925709 22.60388 -73.13911
v 4.888947 22.64976 -73.07295
v 4.925038 22.57314 -73.12133
v 4.888095 22.60691 -73.04837
v 4.924566 22.5453 -73.11166
v 4.887443 22.56283 -73.03331
v 4.92427 22.51951 -73.10899
v 4.887027 22.51758 -73.02881
v 4.923173 22.18715 -73.1851
v 4.886601 22.11459 -73.12557
v 4.923117 22.15051 -73.19779
v 4.923065 22.13551 -73.207
v 4.88663 22.08143 -73.14708
v 4.923017 22.13144 -73.21178
v 4.886728 22.06106 -73.17209
v 4.886938 22.05081 -73.19969
v 4.922995 22.12978 -73.21747
v 4.889658 22.04886 -73.31664
v 4.925622 22.1294 -73.32528
v 4.890992 22.04235 -73.34388
v 4.927836 22.11792 -73.37149
v 4.930847 22.09023 -73.41783
v 4.892655 22.02742 -73.36892
v 4.934206 22.04628 -73.4557
v 4.894689 22.00113 -73.39122
v 4.936747 22.00327 -73.4761
v 4.897126 21.96058 -73.41006
v 4.938013 21.97982 -73.48979
v 4.899873 21.91475 -73.44388
v 4.901742 21.89389 -73.50076
v 4.938606 21.9734 -73.51299
v 4.902887 21.89509 -73.57579
v 4.939302 21.97512 -73.56527
v 4.90344 21.91567 -73.66341
v 4.939697 21.99276 -73.63914
v 4.90354 21.95271 -73.75805
v 4.939727 22.02625 -73.72443
v 4.949767 23.17941 -73.84625
v 5.026323 23.15712 -73.78545
v 4.946754 23.13917 -73.72545
v 5.023316 23.10835 -73.66182
v 4.945252 23.11284 -73.66243
v 5.027815 23.1748 -73.84463
v 5.029267 23.18654 -73.90244
v 4.951228 23.19116 -73.90454
v 5.03066 23.19062 -73.95951
v 4.952632 23.19519 -73.9622
v 5.031951 23.18433 -74.01616
v 4.953938 23.18875 -74.01957
v 5.033036 23.16413 -74.07082
v 4.955035 23.16818 -74.075
v 5.033745 23.12804 -74.11877
v 4.955752 23.1315 -74.1236
v 4.936793 22.91158 -73.26378
v 5.014871 22.90741 -73.26388
v 4.93403 22.83143 -73.14579
v 5.012109 22.82731 -73.14622
v 4.932702 22.78814 -73.0938
v 5.010785 22.78415 -73.09451
v 4.94373 23.02633 -73.88484
v 5.021778 23.02173 -73.88322
v 5.022906 23.0302 -73.92423
v 4.944867 23.03482 -73.92633
v 5.0238 23.03282 -73.95712
v 4.945773 23.0374 -73.95981
v 5.024423 23.0306 -73.98067
v 4.946409 23.03502 -73.98408
v 5.0248 23.02546 -73.99568
v 4.9468 23.0295 -73.99986
v 5.025029 23.01761 -74.0062
v 4.947035 23.02107 -74.01104
v 4.94242 23.01198 -73.8368
v 5.019058 22.9878 -73.78252
v 4.939515 22.96818 -73.72565
v 5.017579 22.96369 -73.72504
v 4.931433 22.7769 -73.3462
v 5.009511 22.77273 -73.3463
v 4.928803 22.70674 -73.24265
v 5.006883 22.70263 -73.2431
v 4.927622 22.67155 -73.20029
v 5.005705 22.66756 -73.20101
v 4.947847 22.68072 -74.16344
v 4.947163 23.00202 -74.0239
v 5.025157 22.9991 -74.01874
v 5.025893 22.67911 -74.15878
v 5.025029 23.01761 -74.0062
v 4.947035 23.02107 -74.01104
v 5.03395 23.08202 -74.15287
v 5.033745 23.12804 -74.11877
v 4.955752 23.1315 -74.1236
v 4.955955 23.08494 -74.15802
v 4.95527 22.73738 -74.31061
v 5.033311 22.73548 -74.30595
v 4.95497 22.69725 -74.32037
v 5.033017 22.69564 -74.31571
v 4.954251 22.65328 -74.31876
v 5.032305 22.65197 -74.31419
v 4.953321 22.61537 -74.30834
v 5.031382 22.61421 -74.30387
v 4.952318 22.58319 -74.2938
v 5.030382 22.58204 -74.28944
v 4.948587 22.48882 -74.23817
v 5.026637 22.48693 -74.23372
v 4.947959 22.47377 -74.2315
v 5.025998 22.47146 -74.22696
v 4.947555 22.464 -74.22871
v 5.025578 22.46115 -74.2241
v 4.947349 22.45937 -74.22827
v 5.025356 22.45589 -74.22373
v 5.024844 22.43789 -74.22906
v 4.946823 22.44095 -74.23359
v 4.945333 22.35051 -74.24449
v 5.023392 22.34964 -74.23991
v 4.94456 22.24978 -74.2157
v 5.022639 22.25115 -74.21178
v 4.944417 22.15941 -74.15863
v 5.022501 22.16194 -74.1555
v 5.022696 22.08028 -74.07993
v 4.944612 22.07718 -74.08244
v 4.947857 22.67852 -74.16294
v 4.947847 22.68072 -74.16344
v 5.025893 22.67911 -74.15878
v 5.02591 22.67722 -74.15836
v 4.9477 22.66986 -74.16015
v 5.025761 22.6687 -74.15569
v 4.947313 22.65511 -74.15322
v 5.025377 22.65395 -74.14884
v 4.943883 22.55828 -74.09634
v 5.021933 22.55638 -74.09189
v 4.942683 22.5249 -74.08211
v 5.020722 22.52259 -74.07757
v 4.94139 22.48611 -74.0724
v 5.019413 22.48327 -74.0678
v 4.940097 22.44206 -74.07142
v 5.018104 22.43858 -74.06689
v 5.016714 22.36147 -74.08253
v 4.938655 22.36234 -74.0871
v 4.938415 22.3153 -74.07208
v 5.016494 22.31667 -74.06815
v 4.938435 22.25592 -74.03371
v 5.016518 22.25845 -74.03056
v 4.938694 22.19189 -73.97399
v 5.016779 22.195 -73.97147
v 5.009672 21.9776 -73.30025
v 4.931684 21.97296 -73.30413
v 4.929555 21.97104 -73.22504
v 5.007615 21.97545 -73.22357
v 4.928961 21.97599 -73.18182
v 5.010094 21.97634 -73.30801
v 4.932121 21.97155 -73.31214
v 5.010406 21.97431 -73.31185
v 4.932435 21.96946 -73.31593
v 5.007041 21.98014 -73.18171
v 4.928534 21.99418 -73.13375
v 5.006628 21.99768 -73.13512
v 4.928297 22.02987 -73.08965
v 5.006399 22.03237 -73.09213
v 4.939088 22.12938 -73.89841
v 4.938694 22.19189 -73.97399
v 5.016779 22.195 -73.97147
v 5.017175 22.13276 -73.89634
v 5.017568 22.0764 -73.81135
v 4.93948 22.0729 -73.8131
v 4.939727 22.02625 -73.72443
v 5.017817 22.02977 -73.72286
v 4.939697 21.99276 -73.63914
v 5.01779 21.99624 -73.63767
v 4.939302 21.97512 -73.56527
v 5.017398 21.9785 -73.5637
v 4.938606 21.9734 -73.51299
v 5.016696 21.97672 -73.51101
v 4.938013 21.97982 -73.48979
v 5.016076 21.9834 -73.487
v 5.023041 22.00602 -73.99046
v 5.022696 22.08028 -74.07993
v 4.944612 22.07718 -74.08244
v 4.944954 22.00264 -73.99253
v 5.023372 21.94059 -73.89184
v 4.945283 21.93709 -73.89359
v 5.023536 21.88621 -73.78855
v 4.945445 21.88269 -73.79012
v 4.945275 21.84204 -73.68619
v 5.023368 21.84552 -73.6847
v 4.944568 21.81843 -73.58473
v 5.022663 21.82181 -73.58317
v 4.942968 21.81769 -73.48658
v 5.021059 21.821 -73.4846
v 4.939795 21.85327 -73.39517
v 5.017858 21.85686 -73.39238
v 4.936747 22.00327 -73.4761
v 4.938013 21.97982 -73.48979
v 5.016076 21.9834 -73.487
v 5.014762 22.00756 -73.47258
v 4.934206 22.04628 -73.4557
v 5.012189 22.05101 -73.45181
v 4.930847 22.09023 -73.41783
v 5.008819 22.09507 -73.41375
v 5.017858 21.85686 -73.39238
v 4.939795 21.85327 -73.39517
v 4.935521 21.92217 -73.34049
v 5.013535 21.92646 -73.33697
v 4.933156 21.96071 -73.32285
v 5.011139 21.96544 -73.31897
v 4.932435 21.96946 -73.31593
v 5.010406 21.97431 -73.31185
v 4.927836 22.11792 -73.37149
v 4.930847 22.09023 -73.41783
v 5.008819 22.09507 -73.41375
v 5.005809 22.1227 -73.36737
v 4.925622 22.1294 -73.32528
v 5.003611 22.13404 -73.3214
v 4.922995 22.12978 -73.21747
v 5.001074 22.13393 -73.21737
v 4.923017 22.13144 -73.21178
v 5.001111 22.13493 -73.21316
v 4.923065 22.13551 -73.207
v 5.001167 22.13801 -73.2095
v 4.923117 22.15051 -73.19779
v 4.923065 22.13551 -73.207
v 5.001167 22.13801 -73.2095
v 5.001222 22.15206 -73.20084
v 4.923173 22.18715 -73.1851
v 5.001281 22.18814 -73.18829
v 5.002399 22.51891 -73.11147
v 4.92427 22.51951 -73.10899
v 5.002687 22.54353 -73.11395
v 4.924566 22.5453 -73.11166
v 5.003147 22.57044 -73.12324
v 4.925038 22.57314 -73.12133
v 5.003807 22.60054 -73.14058
v 4.925709 22.60388 -73.13911
v 5.004668 22.63325 -73.16658
v 4.926579 22.637 -73.16553
v 5.005705 22.66756 -73.20101
v 4.927622 22.67155 -73.20029
v 5.006399 22.03237 -73.09213
v 4.928297 22.02987 -73.08965
v 4.928192 22.08023 -73.05639
v 5.006297 22.08178 -73.05943
v 4.928134 22.14033 -73.03428
v 5.006242 22.14132 -73.03748
v 5.005899 22.45551 -72.96227
v 4.927768 22.45516 -72.95982
v 5.006044 22.51447 -72.95357
v 4.927914 22.51506 -72.9511
v 5.006562 22.57683 -72.95954
v 4.928442 22.57859 -72.95726
v 5.007371 22.63529 -72.97922
v 4.929261 22.63799 -72.97732
v 5.008381 22.68895 -73.00971
v 4.930284 22.6923 -73.00826
v 5.009533 22.73828 -73.04866
v 4.931444 22.74203 -73.04761
v 5.010785 22.78415 -73.09451
v 4.932702 22.78814 -73.0938
v 3.261356 9.816878 -62.55697
v 3.261356 7.220236 -64.43082
v 4.799706 7.220236 -64.43082
v 3.66808 6.500783 -65.01326
v 4.799706 9.816878 -62.55697
v 4.392981 6.500783 -65.01326
v 4.799706 7.16918 -64.36404
v 3.261356 7.16918 -64.36404
v 3.261356 9.765822 -62.49021
v 4.799706 9.765822 -62.49021
v 3.66808 6.449728 -64.9465
v 4.392981 6.449728 -64.9465
v 4.392981 6.500783 -65.01326
v 3.66808 6.500783 -65.01326
v 3.66808 6.449728 -64.9465
v 4.392981 6.449728 -64.9465
v 3.261356 7.220236 -64.43082
v 3.261356 9.816878 -62.55697
v 3.261356 9.765822 -62.49021
v 3.261356 7.16918 -64.36404
v 3.66808 6.449728 -64.9465
v 3.66808 6.500783 -65.01326
v 4.799706 7.220236 -64.43082
v 4.799706 7.16918 -64.36404
v 4.799706 9.765822 -62.49021
v 4.799706 9.816878 -62.55697
v 4.392981 6.449728 -64.9465
v 4.392981 6.500783 -65.01326
v 3.261356 9.816878 -62.55697
v 4.799706 9.816878 -62.55697
v 4.799706 9.765822 -62.49021
v 3.261356 9.765822 -62.49021
v 4.621581 20.06327 -76.44035
v 4.653959 20.23494 -76.27011
v 4.803962 12.50065 -76.2346
v 4.553576 20.24697 -76.44116
v 4.700191 12.24027 -76.40408
v 4.405975 19.53036 -76.80828
v 4.40065 8.039948 -76.77345
v 4.7238 8.039831 -76.35665
v 4.584311 20.41831 -76.27092
v 4.899426 12.63193 -76.14735
v 4.803962 12.50065 -76.2346
v 4.726003 20.36613 -76.16277
v 2.950773 21.23389 -75.33938
v 2.950773 21.25251 -75.10654
v 2.950773 10.64996 -75.08237
v 3.015104 21.42716 -75.34195
v 2.950773 9.581905 -75.18414
v 2.950773 21.05836 -75.67695
v 2.950773 8.039705 -75.85265
v 3.015104 21.25435 -75.6743
v 3.133226 20.57149 -76.11079
v 2.950773 8.039705 -76.07186
v 3.200348 20.76324 -76.1114
v 2.950773 8.039705 -75.2048
v 3.018914 21.44596 -75.10699
v 4.237158 19.87947 -76.86937
v 4.397088 19.8023 -76.86915
v 4.601456 20.28467 -76.5108
v 4.315353 19.68645 -76.91993
v 4.440711 20.36091 -76.51147
v 3.817766 19.87947 -76.86937
v 4.630042 20.4551 -76.33653
v 3.862647 19.74543 -76.92014
v 3.662451 19.79939 -76.86911
v 3.458577 20.28147 -76.51077
v 3.614212 20.36091 -76.51147
v 3.430384 20.45177 -76.33656
v 3.586308 20.53139 -76.33703
v 3.525109 20.6475 -76.24023
v 4.468615 20.53139 -76.33703
v 4.542315 20.6475 -76.24023
v 3.356812 20.84266 -76.11163
v 3.369015 20.56786 -76.23986
v 3.302819 20.37557 -76.23901
v 3.133226 20.57149 -76.11079
v 4.704021 20.57118 -76.23988
v 4.751008 20.84266 -76.11163
v 4.937408 21.33553 -75.67322
v 3.170411 21.33553 -75.67322
v 2.950773 8.039705 -76.07186
v 3.1844 8.039705 -76.18253
v 3.200348 20.76324 -76.1114
v 3.015104 21.25435 -75.6743
v 5.099534 21.25825 -75.67425
v 4.913068 20.76655 -76.1114
v 4.984578 20.5828 -76.11082
v 4.774635 20.38692 -76.23905
v 5.208556 12.8003 -76.08658
v 4.959321 12.62734 -76.20344
v 4.70003 20.27096 -76.33528
v 4.859775 12.4999 -76.28349
v 3.364559 20.25955 -76.3354
v 3.393456 20.08965 -76.50907
v 3.458577 20.28147 -76.51077
v 3.430384 20.45177 -76.33656
v 3.271031 8.039705 -76.26231
v 3.343796 8.039705 -76.4019
v 3.598104 19.60605 -76.86847
v 3.597149 8.039705 -76.82993
v 2.950773 10.64996 -75.08237
v 2.950773 21.25251 -75.10654
v 3.419158 21.17578 -75.10055
v 3.018914 21.44596 -75.10699
v 3.419158 10.64996 -75.08237
v 2.950773 9.581905 -75.18414
v 3.419158 9.581905 -75.18414
v 2.950773 8.039705 -75.2048
v 3.419158 8.039705 -75.2048
v 3.476759 21.36923 -75.10085
v 3.183433 21.52608 -75.10716
v 3.615844 21.44937 -75.1009
v 4.884511 21.52608 -75.10716
v 4.818564 21.44936 -75.10103
v 4.980935 21.3724 -75.10112
v 5.046838 21.44907 -75.10715
v 5.118987 21.26313 -75.10711
v 5.053189 21.18661 -75.10136
v 5.24455 17.32507 -75.10638
v 5.178602 17.32507 -75.10638
v 4.40065 8.039948 -76.77345
v 3.69259 8.039705 -76.88058
v 3.660726 8.039948 -76.77345
v 3.646718 8.039847 -76.81812
v 3.597149 8.039705 -76.82993
v 4.368787 8.039705 -76.88058
v 4.414658 8.039847 -76.81812
v 4.468507 8.039705 -76.83276
v 4.777154 8.039705 -76.4019
v 4.7238 8.039831 -76.35665
v 3.343796 8.039705 -76.4019
v 3.402318 8.039587 -76.36496
v 3.271031 8.039705 -76.26231
v 3.414209 8.039448 -76.21727
v 3.419158 8.039313 -76.10867
v 3.1844 8.039705 -76.18253
v 3.419158 8.039163 -76.01756
v 2.950773 8.039705 -76.07186
v 2.950773 8.039705 -75.85265
v 3.419158 8.039324 -75.83997
v 2.950773 8.039705 -75.2048
v 3.419158 8.039705 -75.2048
v 5.171201 21.0717 -75.67678
v 5.297446 16.74731 -75.7353
v 5.24455 17.05286 -75.38076
v 5.118516 21.24406 -75.34525
v 5.24455 17.32507 -75.10638
v 5.099534 21.25825 -75.67425
v 5.118987 21.26313 -75.10711
v 5.0467 21.43014 -75.34367
v 5.046838 21.44907 -75.10715
v 3.851918 19.79226 -76.80907
v 3.636402 20.32339 -76.44099
v 4.39309 20.3231 -76.44142
v 4.18017 19.79226 -76.80907
v 4.553576 20.24697 -76.44116
v 4.584311 20.41831 -76.27092
v 4.339889 19.71555 -76.80885
v 4.423157 20.49437 -76.27111
v 4.494198 20.62573 -76.16314
v 3.615844 20.62634 -76.16248
v 3.615844 20.81308 -76.0375
v 4.655767 20.81322 -76.03745
v 3.615844 21.27626 -75.61876
v 4.655663 20.54965 -76.16309
v 4.726003 20.36613 -76.16277
v 4.888977 20.55449 -76.03728
v 5.103486 12.79975 -76.0324
v 4.899426 12.63193 -76.14735
v 4.822954 21.27703 -75.61823
v 4.621581 20.06327 -76.44035
v 4.405975 19.53036 -76.80828
v 4.985037 21.19972 -75.6199
v 4.817707 20.73745 -76.03741
v 3.476766 21.19498 -75.62018
v 3.476766 20.7335 -76.03738
v 3.476766 20.5472 -76.16203
v 3.621267 20.49489 -76.27044
v 3.48213 20.41573 -76.27
v 3.497086 20.24438 -76.44043
v 3.71291 19.71276 -76.80883
v 3.393456 20.08965 -76.50907
v 3.598104 19.60605 -76.86847
v 3.745154 19.68484 -76.91993
v 3.458577 20.28147 -76.51077
v 3.69259 19.52687 -76.91939
v 4.193188 19.74543 -76.92014
v 4.368787 19.53611 -76.91943
v 4.463437 19.61595 -76.86862
v 4.468507 8.039705 -76.83276
v 4.368787 8.039705 -76.88058
v 3.69259 8.039705 -76.88058
v 3.597149 8.039705 -76.82993
v 4.669788 20.10061 -76.50916
v 5.297446 16.74731 -75.7353
v 4.984578 20.5828 -76.11082
v 5.208556 12.8003 -76.08658
v 5.171201 21.0717 -75.67678
v 4.913068 20.76655 -76.1114
v 5.297446 12.98759 -75.78619
v 5.099534 21.25825 -75.67425
v 4.959321 12.62734 -76.20344
v 4.899426 12.63193 -76.14735
v 5.103486 12.79975 -76.0324
v 4.859775 12.4999 -76.28349
v 5.208556 12.8003 -76.08658
v 5.297446 12.98759 -75.78619
v 5.183603 12.98684 -75.7568
v 4.803962 12.50065 -76.2346
v 3.183433 21.52608 -75.10716
v 3.170411 21.50722 -75.34301
v 4.884511 21.50722 -75.34301
v 3.170411 21.33553 -75.67322
v 4.884511 21.52608 -75.10716
v 4.937408 21.33553 -75.67322
v 3.018914 21.44596 -75.10699
v 3.015104 21.42716 -75.34195
v 3.015104 21.25435 -75.6743
v 5.046838 21.44907 -75.10715
v 5.0467 21.43014 -75.34367
v 5.099534 21.25825 -75.67425
v 3.615844 21.42691 -75.31995
v 3.615844 21.44937 -75.1009
v 4.818564 21.44936 -75.10103
v 4.822805 21.42691 -75.31995
v 4.822954 21.27703 -75.61823
v 3.615844 21.27626 -75.61876
v 3.476766 21.34686 -75.31903
v 3.476766 21.19498 -75.62018
v 3.476759 21.36923 -75.10085
v 4.984961 21.34985 -75.32102
v 4.985037 21.19972 -75.6199
v 4.980935 21.3724 -75.10112
v 3.419158 8.039163 -76.01756
v 3.419158 20.54143 -76.03708
v 3.419158 20.35595 -76.16116
v 3.476766 20.5472 -76.16203
v 3.419158 8.039313 -76.10867
v 3.424381 20.22443 -76.26918
v 3.48213 20.41573 -76.27
v 3.419158 8.039324 -75.83997
v 3.419158 20.99892 -75.62347
v 3.476766 20.7335 -76.03738
v 3.419158 9.581905 -75.18414
v 3.419158 21.15361 -75.31682
v 3.419158 10.64996 -75.08237
v 3.476766 21.19498 -75.62018
v 3.419158 21.17578 -75.10055
v 3.476766 21.34686 -75.31903
v 3.419158 8.039705 -75.2048
v 3.497086 20.24438 -76.44043
v 3.438898 20.05351 -76.43922
v 3.414209 8.039448 -76.21727
v 3.402318 8.039587 -76.36496
v 3.71291 19.71276 -76.80883
v 3.655405 19.52081 -76.80825
v 3.402318 8.039587 -76.36496
v 3.660726 8.039948 -76.77345
v 3.476759 21.36923 -75.10085
v 5.056603 21.0129 -75.62408
v 5.056697 21.1638 -75.32361
v 5.178602 17.05286 -75.38076
v 4.985037 21.19972 -75.6199
v 5.178602 16.74692 -75.72003
v 5.178602 17.32507 -75.10638
v 5.053189 21.18661 -75.10136
v 4.984961 21.34985 -75.32102
v 4.888977 20.55449 -76.03728
v 4.817707 20.73745 -76.03741
v 5.103486 12.79975 -76.0324
v 5.183603 12.98684 -75.7568
v 4.980935 21.3724 -75.10112
v 3.851918 19.79226 -76.80907
v 3.655405 19.52081 -76.80825
v 3.71291 19.71276 -76.80883
v 4.18017 19.79226 -76.80907
v 4.405975 19.53036 -76.80828
v 4.40065 8.039948 -76.77345
v 3.660726 8.039948 -76.77345
v 4.339889 19.71555 -76.80885
v 4.859775 12.4999 -76.28349
v 4.759944 12.24041 -76.43904
v 4.700191 12.24027 -76.40408
v 4.803962 12.50065 -76.2346
v 4.777154 8.039705 -76.4019
v 4.7238 8.039831 -76.35665
v 4.700191 12.24027 -76.40408
v 4.759944 12.24041 -76.43904
v 5.24455 17.05286 -75.38076
v 5.297446 16.74731 -75.7353
v 5.178602 16.74692 -75.72003
v 5.178602 17.05286 -75.38076
v 5.24455 17.32507 -75.10638
v 5.178602 17.32507 -75.10638
v 4.759944 12.24041 -76.43904
v 4.463437 19.61595 -76.86862
v 4.468507 8.039705 -76.83276
v 4.669788 20.10061 -76.50916
v 4.777154 8.039705 -76.4019
v 4.859775 12.4999 -76.28349
v 4.70003 20.27096 -76.33528
v 4.601456 20.28467 -76.5108
v 4.630042 20.4551 -76.33653
v 5.297446 12.98759 -75.78619
v 5.183603 12.98684 -75.7568
v 5.178602 16.74692 -75.72003
v 5.297446 16.74731 -75.7353
v 3.476998 6.41202 -77.10421
v 3.476998 5.806666 -77.4973
v 3.476998 6.191891 -77.4973
v 3.476998 5.489051 -77.1443
v 3.476998 5.46861 -77.5759
v 3.476998 5.73591 -77.60735
v 3.476998 5.287791 -77.39509
v 3.476998 6.419882 -77.21428
v 4.584406 6.41202 -77.10421
v 4.584406 5.806666 -77.4973
v 4.584406 5.489051 -77.1443
v 4.584406 6.191891 -77.4973
v 4.584406 6.419882 -77.21428
v 4.584406 5.46861 -77.5759
v 4.584406 5.287791 -77.39509
v 4.584406 5.73591 -77.60735
v 3.476998 5.287791 -77.39509
v 4.584406 5.287791 -77.39509
v 4.146514 5.356674 -77.46398
v 4.584406 5.46861 -77.5759
v 4.146514 5.46861 -77.5759
v 3.89184 5.356674 -77.46398
v 3.476998 5.46861 -77.5759
v 3.89184 5.46861 -77.5759
v 3.476998 6.419882 -77.21428
v 3.89184 6.218733 -77.46398
v 4.146514 6.218733 -77.46398
v 3.476998 6.191891 -77.4973
v 3.89184 6.191891 -77.4973
v 4.584406 6.419882 -77.21428
v 4.584406 6.191891 -77.4973
v 4.146514 6.191891 -77.4973
v 3.476998 5.73591 -77.60735
v 3.476998 5.46861 -77.5759
v 3.89184 5.46861 -77.5759
v 3.89184 5.73591 -77.60735
v 3.476998 6.41202 -77.10421
v 3.476998 6.419882 -77.21428
v 4.584406 6.419882 -77.21428
v 4.584406 6.41202 -77.10421
v 3.476998 5.73591 -77.60735
v 3.89184 5.73591 -77.60735
v 3.89184 5.806666 -77.4973
v 3.476998 5.806666 -77.4973
v 3.476998 5.489051 -77.1443
v 3.476998 6.41202 -77.10421
v 4.584406 6.41202 -77.10421
v 4.584406 5.489051 -77.1443
v 3.476998 6.191891 -77.4973
v 3.476998 5.806666 -77.4973
v 3.89184 5.806666 -77.4973
v 3.89184 6.191891 -77.4973
v 3.476998 5.287791 -77.39509
v 3.476998 5.489051 -77.1443
v 4.584406 5.489051 -77.1443
v 4.584406 5.287791 -77.39509
v 4.146514 5.356674 -77.46398
v 4.146514 5.46861 -77.5759
v 4.146514 5.806666 -77.4973
v 4.146514 6.218733 -77.46398
v 4.146514 6.191891 -77.4973
v 4.146514 5.73591 -77.60735
v 4.146514 5.356674 -77.46398
v 4.146514 6.218733 -77.46398
v 3.89184 6.218733 -77.46398
v 3.89184 5.356674 -77.46398
v 4.146514 5.73591 -77.60735
v 4.146514 5.46861 -77.5759
v 4.584406 5.46861 -77.5759
v 4.584406 5.73591 -77.60735
v 4.146514 5.806666 -77.4973
v 4.146514 5.73591 -77.60735
v 4.584406 5.73591 -77.60735
v 4.584406 5.806666 -77.4973
v 3.89184 5.46861 -77.5759
v 3.89184 5.806666 -77.4973
v 3.89184 5.73591 -77.60735
v 3.89184 5.356674 -77.46398
v 3.89184 6.218733 -77.46398
v 3.89184 6.191891 -77.4973
v 4.146514 6.191891 -77.4973
v 4.146514 5.806666 -77.4973
v 4.584406 5.806666 -77.4973
v 4.584406 6.191891 -77.4973
v 3.334709 3.855047 -75.84568
v 3.334709 -1.009032 -75.84568
v 3.382477 -0.9942526 -76.74517
v 3.382477 3.855047 -76.82253
v 3.368443 -1.841093 -76.68519
v 3.319633 -1.841093 -75.83743
v 4.678928 -0.9942526 -76.74517
v 4.725467 -1.009032 -75.84568
v 4.725467 3.855047 -75.84568
v 4.678928 3.855047 -76.82253
v 4.693165 -1.841093 -76.68519
v 4.740718 -1.841093 -75.83743
v 4.53054 -1.841093 -76.85268
v 4.693165 -1.841093 -76.68519
v 4.678928 -0.9942526 -76.74517
v 4.519774 -0.9942526 -76.90909
v 4.678928 3.855047 -76.82253
v 4.519774 3.855047 -76.98643
v 4.264743 -0.9942526 -76.9944
v 4.264743 3.855047 -77.07175
v 3.796662 3.855047 -77.07175
v 4.269948 -1.841093 -76.93986
v 3.796662 -0.9942526 -76.9944
v 3.54163 3.855047 -76.98643
v 3.791659 -1.841093 -76.93986
v 3.541631 -0.9942526 -76.90909
v 3.531067 -1.841093 -76.85268
v 4.030804 -1.841093 -76.63823
v 3.368443 -1.841093 -76.68519
v 4.030804 -1.841093 -75.88036
v 3.319633 -1.841093 -75.83743
v 3.501169 -1.841093 -75.73857
v 3.739687 -1.841093 -75.6895
v 4.030176 -1.841093 -75.66314
v 4.300526 -1.841093 -75.68404
v 4.504795 -1.841093 -75.7225
v 3.531067 -1.841093 -76.85268
v 3.791659 -1.841093 -76.93986
v 4.269948 -1.841093 -76.93986
v 4.53054 -1.841093 -76.85268
v 4.740718 -1.841093 -75.83743
v 4.693165 -1.841093 -76.68519
v 3.382477 -0.9942526 -76.74517
v 3.368443 -1.841093 -76.68519
v 3.531067 -1.841093 -76.85268
v 3.541631 -0.9942526 -76.90909
v 3.382477 3.855047 -76.82253
v 3.54163 3.855047 -76.98643
v 4.030703 3.855047 -75.8877
v 3.382477 3.855047 -76.82253
v 4.030703 3.855047 -76.77657
v 3.54163 3.855047 -76.98643
v 3.796662 3.855047 -77.07175
v 4.264743 3.855047 -77.07175
v 4.519774 3.855047 -76.98643
v 3.334709 3.855047 -75.84568
v 3.512371 3.855047 -75.74894
v 3.745798 3.855047 -75.70092
v 4.030088 3.855047 -75.67513
v 4.294669 3.855047 -75.69556
v 4.494578 3.855047 -75.73321
v 4.678928 3.855047 -76.82253
v 4.725467 3.855047 -75.84568
v 3.334709 -1.009032 -75.84568
v 3.334709 3.855047 -75.84568
v 3.512371 3.855047 -75.74894
v 3.512371 -1.009032 -75.74894
v 3.501169 -1.841093 -75.73857
v 3.739687 -1.841093 -75.6895
v 3.319633 -1.841093 -75.83743
v 3.745798 3.855047 -75.70092
v 3.745798 -1.009032 -75.70092
v 4.030088 -1.009032 -75.67513
v 4.030176 -1.841093 -75.66314
v 4.030088 3.855047 -75.67513
v 4.294669 3.855047 -75.69556
v 4.294669 -1.009032 -75.69556
v 4.300526 -1.841093 -75.68404
v 4.494578 3.855047 -75.73321
v 4.494578 -1.009032 -75.73321
v 4.725467 3.855047 -75.84568
v 4.504795 -1.841093 -75.7225
v 4.725467 -1.009032 -75.84568
v 4.740718 -1.841093 -75.83743
v 3.663631 -2.399347 -75.22968
v 3.663631 -2.399347 -75.48721
v 4.419186 -2.399347 -75.48721
v 4.419186 -2.399347 -75.22968
v 3.66363 -2.414068 -74.21246
v 4.419186 -2.414068 -74.21246
v 4.833832 -2.410009 -74.49293
v 4.626509 -2.413522 -74.25003
v 4.778279 -2.412036 -74.35268
v 4.833832 -2.403405 -74.94921
v 4.626509 -2.399888 -75.1921
v 4.77828 -2.401374 -75.08945
v 3.248985 -2.403405 -74.94921
v 3.248985 -2.410009 -74.49293
v 3.456307 -2.413522 -74.25003
v 3.304537 -2.412036 -74.35268
v 3.456308 -2.399888 -75.1921
v 3.304537 -2.401374 -75.08945
v 4.419186 -2.399347 -75.48721
v 3.663631 -2.399347 -75.48721
v 3.663631 -2.767399 -75.48721
v 4.419186 -2.767399 -75.48721
v 3.456307 -2.781579 -74.25003
v 3.248985 -2.778065 -74.49293
v 3.304537 -2.780092 -74.35268
v 3.66363 -2.782123 -74.21246
v 3.663631 -2.767399 -75.22968
v 3.248985 -2.77146 -74.94921
v 3.456308 -2.767944 -75.1921
v 3.304537 -2.76943 -75.08945
v 4.419185 -2.782123 -74.21246
v 4.419186 -2.767399 -75.22968
v 4.419186 -2.767399 -75.48721
v 4.833832 -2.77146 -74.94921
v 4.626509 -2.767944 -75.1921
v 4.77828 -2.76943 -75.08945
v 4.833832 -2.778065 -74.49293
v 4.626509 -2.781579 -74.25003
v 4.778279 -2.780092 -74.35268
v 3.663631 -2.767399 -75.48721
v 3.248985 -2.410009 -74.49293
v 3.248985 -2.778065 -74.49293
v 3.248985 -2.77146 -74.94921
v 3.248985 -2.403405 -74.94921
v 3.304537 -2.76943 -75.08945
v 3.304537 -2.401374 -75.08945
v 3.304537 -2.412036 -74.35268
v 3.304537 -2.780092 -74.35268
v 4.833832 -2.410009 -74.49293
v 4.833832 -2.403405 -74.94921
v 4.833832 -2.77146 -74.94921
v 4.833832 -2.778065 -74.49293
v 4.77828 -2.76943 -75.08945
v 4.77828 -2.401374 -75.08945
v 4.778279 -2.412036 -74.35268
v 4.778279 -2.780092 -74.35268
v 4.419185 -2.782123 -74.21246
v 3.66363 -2.782123 -74.21246
v 3.66363 -2.414068 -74.21246
v 3.456307 -2.781579 -74.25003
v 4.419186 -2.414068 -74.21246
v 4.626509 -2.781579 -74.25003
v 3.456307 -2.413522 -74.25003
v 3.304537 -2.780092 -74.35268
v 3.304537 -2.412036 -74.35268
v 4.626509 -2.413522 -74.25003
v 4.778279 -2.780092 -74.35268
v 4.778279 -2.412036 -74.35268
v 3.663631 -2.767399 -75.22968
v 3.663631 -2.399347 -75.22968
v 3.456308 -2.399888 -75.1921
v 3.456308 -2.767944 -75.1921
v 3.304537 -2.401374 -75.08945
v 3.304537 -2.76943 -75.08945
v 4.77828 -2.401374 -75.08945
v 4.626509 -2.399888 -75.1921
v 4.626509 -2.767944 -75.1921
v 4.77828 -2.76943 -75.08945
v 4.419186 -2.767399 -75.22968
v 4.419186 -2.399347 -75.22968
v 3.663631 -2.399347 -75.22968
v 3.663631 -2.767399 -75.22968
v 3.663631 -2.767399 -75.48721
v 3.663631 -2.399347 -75.48721
v 4.419186 -2.767399 -75.22968
v 4.419186 -2.399347 -75.22968
v 4.419186 -2.399347 -75.48721
v 4.419186 -2.767399 -75.48721
v 4.045157 -12.48395 -77.57913
v 4.068177 -12.48395 -77.53062
v 4.068177 -12.36866 -77.53062
v 4.045157 -12.36866 -77.57913
v 4.068177 -12.50208 -77.39341
v 4.068177 -12.32019 -77.39341
v 4.045157 -12.36866 -77.57913
v 4.068177 -12.36866 -77.53062
v 3.971221 -12.36866 -77.53062
v 3.994241 -12.36866 -77.57913
v 3.971221 -12.32019 -77.39341
v 4.068177 -12.32019 -77.39341
v 3.971221 -12.32019 -77.2779
v 4.068177 -12.32019 -77.2779
v 3.859487 -12.32019 -77.2779
v 4.179911 -12.32019 -77.39341
v 3.859487 -12.32019 -77.39341
v 4.179911 -12.32019 -77.2779
v 3.994241 -12.36866 -77.57913
v 3.971221 -12.36866 -77.53062
v 3.971221 -12.48395 -77.53062
v 3.994241 -12.48395 -77.57913
v 3.971221 -12.50208 -77.39341
v 3.971221 -12.32019 -77.39341
v 3.994241 -12.48395 -77.57913
v 3.971221 -12.48395 -77.53062
v 4.068177 -12.48395 -77.53062
v 4.045157 -12.48395 -77.57913
v 4.068177 -12.50208 -77.39341
v 3.971221 -12.50208 -77.39341
v 4.068177 -12.50208 -77.2779
v 3.971221 -12.50208 -77.2779
v 3.859487 -12.50208 -77.39341
v 4.179911 -12.50208 -77.2779
v 3.859487 -12.50208 -77.2779
v 4.179911 -12.50208 -77.39341
v 3.971221 -12.32019 -77.2779
v 4.068177 -12.32019 -77.2779
v 4.068177 -12.50208 -77.2779
v 4.179911 -12.32019 -77.2779
v 3.971221 -12.50208 -77.2779
v 3.859487 -12.50208 -77.2779
v 4.179911 -12.50208 -77.2779
v 3.859487 -12.32019 -77.2779
v 4.045157 -12.36866 -77.57913
v 3.994241 -12.36866 -77.57913
v 3.994241 -12.48395 -77.57913
v 4.045157 -12.48395 -77.57913
v 4.068177 -12.32019 -77.39341
v 4.068177 -12.50208 -77.39341
v 4.179911 -12.50208 -77.39341
v 4.179911 -12.32019 -77.39341
v 4.179911 -12.50208 -77.39341
v 4.179911 -12.50208 -77.2779
v 4.179911 -12.32019 -77.2779
v 4.179911 -12.32019 -77.39341
v 3.859487 -12.32019 -77.39341
v 3.859487 -12.32019 -77.2779
v 3.859487 -12.50208 -77.2779
v 3.859487 -12.50208 -77.39341
v 3.971221 -12.50208 -77.39341
v 3.971221 -12.32019 -77.39341
v 3.859487 -12.32019 -77.39341
v 3.859487 -12.50208 -77.39341
v 4.040338 -6.175198 -76.50079
v 4.040338 -2.644314 -76.50079
v 3.895912 -2.644314 -76.47128
v 3.895912 -6.175198 -76.47128
v 3.773474 -2.644314 -76.38725
v 3.773474 -6.175198 -76.38725
v 4.184763 -6.175198 -76.47128
v 4.184763 -2.644314 -76.47128
v 4.204058 -2.48356 -76.5379
v 4.307201 -6.175198 -76.38725
v 4.307201 -2.644314 -76.38725
v 4.342852 -2.48356 -76.44266
v 4.040338 -2.48356 -76.57135
v 3.876618 -2.48356 -76.5379
v 3.737823 -2.48356 -76.44266
v 3.773474 -6.175198 -76.38725
v 3.773474 -2.644314 -76.38725
v 3.691664 -2.644314 -76.26151
v 3.691664 -6.175198 -76.26151
v 3.662936 -2.644314 -76.11318
v 3.662936 -6.175198 -76.11318
v 3.691664 -2.644314 -75.96485
v 3.691664 -6.175198 -75.96485
v 3.773474 -2.644314 -75.8391
v 3.773474 -6.175198 -75.8391
v 3.645083 -2.48356 -75.96382
v 3.612518 -2.48356 -76.13197
v 3.737823 -2.48356 -75.82127
v 3.645083 -2.48356 -76.30011
v 3.737823 -2.48356 -76.44266
v 3.773474 -6.175198 -75.8391
v 3.773474 -2.644314 -75.8391
v 3.895912 -2.644314 -75.75507
v 3.895912 -6.175198 -75.75507
v 4.040338 -2.644314 -75.72556
v 4.040338 -6.175198 -75.72556
v 4.184763 -2.644314 -75.75507
v 4.040338 -2.48356 -75.69257
v 3.876618 -2.48356 -75.72602
v 3.737823 -2.48356 -75.82127
v 4.184763 -6.175198 -75.75507
v 4.307201 -2.644314 -75.8391
v 4.204058 -2.48356 -75.72602
v 4.307201 -6.175198 -75.8391
v 4.342852 -2.48356 -75.82127
v 4.307201 -6.175198 -75.8391
v 4.307201 -2.644314 -75.8391
v 4.389011 -2.644314 -75.96485
v 4.342852 -2.48356 -75.82127
v 4.389011 -6.175198 -75.96485
v 4.417739 -2.644314 -76.11318
v 4.435592 -2.48356 -75.96382
v 4.417739 -6.175198 -76.11318
v 4.389011 -2.644314 -76.26151
v 4.468158 -2.48356 -76.13197
v 4.389011 -6.175198 -76.26151
v 4.307201 -2.644314 -76.38725
v 4.435592 -2.48356 -76.30011
v 4.307201 -6.175198 -76.38725
v 4.342852 -2.48356 -76.44266
v 4.184763 -6.175198 -75.75507
v 3.895912 -6.175198 -75.75507
v 4.040338 -6.175198 -75.72556
v 4.307201 -6.175198 -75.8391
v 3.773474 -6.175198 -75.8391
v 4.389011 -6.175198 -75.96485
v 3.691664 -6.175198 -75.96485
v 3.662936 -6.175198 -76.11318
v 4.417739 -6.175198 -76.11318
v 3.691664 -6.175198 -76.26151
v 4.389011 -6.175198 -76.26151
v 4.307201 -6.175198 -76.38725
v 3.773474 -6.175198 -76.38725
v 4.184763 -6.175198 -76.47128
v 3.895912 -6.175198 -76.47128
v 4.040338 -6.175198 -76.50079
v 4.204058 -2.48356 -76.5379
v 3.876618 -2.48356 -76.5379
v 4.040338 -2.48356 -76.57135
v 4.342852 -2.48356 -76.44266
v 3.737823 -2.48356 -76.44266
v 4.435592 -2.48356 -76.30011
v 3.645083 -2.48356 -76.30011
v 3.612518 -2.48356 -76.13197
v 4.468158 -2.48356 -76.13197
v 3.645083 -2.48356 -75.96382
v 4.435592 -2.48356 -75.96382
v 4.342852 -2.48356 -75.82127
v 3.737823 -2.48356 -75.82127
v 4.204058 -2.48356 -75.72602
v 3.876618 -2.48356 -75.72602
v 4.040338 -2.48356 -75.69257
v 3.17469 -16.4615 -75.03348
v 3.173752 -16.41613 -75.03387
v 3.107031 -16.41613 -74.68938
v 3.108047 -16.4615 -74.68938
v 3.111405 -16.4615 -74.67204
v 3.173752 -16.41613 -74.34489
v 3.17469 -16.4615 -74.34528
v 3.081936 -16.3089 -74.68938
v 3.150567 -16.3089 -75.04374
v 3.045154 -15.13969 -74.68938
v 3.116585 -15.13969 -75.0582
v 3.346011 -16.30891 -75.34415
v 3.320002 -15.13969 -75.37086
v 3.363756 -16.41614 -75.32593
v 3.364474 -16.4615 -75.32519
v 3.364474 -16.4615 -74.05357
v 3.363756 -16.41614 -74.05283
v 3.150567 -16.3089 -74.33501
v 3.116585 -15.13969 -74.32056
v 3.014962 -15.05509 -74.68938
v 3.088691 -15.05509 -75.07006
v 3.298653 -15.05509 -75.39278
v 3.346011 -16.3089 -74.03461
v 3.320002 -15.13969 -74.0079
v 3.088691 -15.05509 -74.30869
v 3.088691 -13.17663 -74.30869
v 3.298653 -13.17663 -73.98598
v 3.014962 -13.17663 -74.68938
v 3.088691 -13.17663 -75.07006
v 3.298653 -13.17663 -75.39278
v 3.298653 -15.05509 -73.98598
v 3.983544 -15.05509 -75.68416
v 3.983544 -13.17663 -75.68416
v 3.612884 -13.17663 -75.60844
v 3.612884 -15.05509 -75.60844
v 3.298653 -13.17663 -75.39278
v 3.983544 -15.13969 -75.65315
v 4.354204 -15.05509 -75.60844
v 4.354204 -13.17663 -75.60844
v 4.342649 -15.13969 -75.57978
v 3.983544 -16.3089 -75.61537
v 3.624438 -15.13969 -75.57978
v 3.298653 -15.05509 -75.39278
v 3.638513 -16.3089 -75.54488
v 3.320002 -15.13969 -75.37086
v 3.983544 -16.41614 -75.58959
v 3.346011 -16.30891 -75.34415
v 3.648117 -16.41614 -75.52107
v 3.983544 -17.29734 -75.56934
v 4.31897 -16.41614 -75.52107
v 4.328574 -16.3089 -75.54488
v 4.647085 -15.13969 -75.37086
v 4.668435 -15.05509 -75.39278
v 4.668435 -13.17663 -75.39278
v 3.655668 -17.29734 -75.50235
v 3.412504 -17.25196 -75.3367
v 3.399988 -16.4615 -75.34956
v 3.377709 -17.29733 -75.3116
v 3.376991 -17.25196 -75.31233
v 3.363756 -16.41614 -75.32593
v 3.364474 -16.4615 -75.32519
v 4.621077 -16.3089 -75.34415
v 4.603333 -16.41614 -75.32593
v 4.5671 -16.4615 -75.34956
v 4.602614 -16.4615 -75.32519
v 4.554584 -17.25196 -75.3367
v 4.311419 -17.29734 -75.50235
v 4.58938 -17.29734 -75.3116
v 4.590098 -17.25196 -75.31233
v 3.298653 -15.05509 -73.98598
v 3.298653 -13.17663 -73.98598
v 3.612884 -13.17663 -73.77032
v 3.612884 -15.05509 -73.77032
v 3.983544 -15.05509 -73.6946
v 3.983544 -13.17663 -73.6946
v 4.354204 -13.17663 -73.77032
v 4.354204 -15.05509 -73.77032
v 4.668435 -13.17663 -73.98598
v 3.983544 -15.13969 -73.72561
v 3.624438 -15.13969 -73.79897
v 3.983544 -16.3089 -73.76338
v 4.34265 -15.13969 -73.79897
v 3.320002 -15.13969 -74.0079
v 3.638514 -16.30891 -73.83388
v 4.668435 -15.05509 -73.98598
v 3.346011 -16.3089 -74.03461
v 4.328575 -16.3089 -73.83388
v 4.647086 -15.13969 -74.0079
v 3.983544 -16.41613 -73.78917
v 3.648117 -16.41614 -73.85769
v 3.983544 -17.29733 -73.80943
v 4.31897 -16.41614 -73.85769
v 4.621078 -16.3089 -74.03461
v 3.363756 -16.41614 -74.05283
v 4.311419 -17.29734 -73.87641
v 3.401782 -16.4615 -74.02797
v 3.364474 -16.4615 -74.05357
v 3.414298 -17.25197 -74.04082
v 3.655668 -17.29733 -73.87641
v 3.377708 -17.29734 -74.06716
v 3.37699 -17.25197 -74.06643
v 4.55279 -17.25197 -74.04082
v 4.565306 -16.4615 -74.02797
v 4.58938 -17.29734 -74.06716
v 4.590098 -17.25197 -74.06643
v 4.603333 -16.41614 -74.05283
v 4.602614 -16.4615 -74.05357
v 4.668435 -15.05509 -73.98598
v 4.668435 -13.17663 -73.98598
v 4.878397 -13.17663 -74.30869
v 4.878397 -15.05509 -74.30869
v 4.952126 -13.17663 -74.68938
v 4.647086 -15.13969 -74.0079
v 4.952126 -15.05509 -74.68938
v 4.878397 -13.17663 -75.07006
v 4.850502 -15.13969 -74.32056
v 4.621078 -16.3089 -74.03461
v 4.878397 -15.05509 -75.07006
v 4.816521 -16.3089 -74.33501
v 4.921934 -15.13969 -74.68938
v 4.850502 -15.13969 -75.0582
v 4.816521 -16.3089 -75.04374
v 4.647085 -15.13969 -75.37086
v 4.621077 -16.3089 -75.34415
v 4.603333 -16.41614 -74.05283
v 4.668435 -15.05509 -75.39278
v 4.668435 -13.17663 -75.39278
v 4.885153 -16.3089 -74.68938
v 4.793336 -16.41614 -74.34489
v 4.602614 -16.4615 -74.05357
v 4.792398 -16.4615 -74.34528
v 4.860057 -16.41614 -74.68938
v 4.793336 -16.41614 -75.03387
v 4.792398 -16.4615 -75.03348
v 4.603333 -16.41614 -75.32593
v 4.602614 -16.4615 -75.32519
v 4.859041 -16.4615 -74.68938
v 4.251567 -17.96475 -75.35394
v 3.983544 -17.96475 -75.30758
v 4.21389 -17.96475 -75.26052
v 3.983544 -17.96475 -75.40869
v 3.715521 -17.96475 -75.35394
v 3.753198 -17.96475 -75.26052
v 3.488302 -17.96475 -75.19801
v 4.478786 -17.96475 -75.19801
v 4.409168 -17.96475 -75.12651
v 4.630609 -17.96475 -74.96465
v 4.539648 -17.96475 -74.92595
v 4.683922 -17.96475 -74.68938
v 4.585467 -17.96475 -74.68938
v 3.55792 -17.96475 -75.12651
v 3.336479 -17.96475 -74.96465
v 3.42744 -17.96475 -74.92595
v 3.283167 -17.96475 -74.68938
v 3.381621 -17.96475 -74.68938
v 3.42744 -17.96475 -74.45281
v 3.336479 -17.96475 -74.41411
v 4.539648 -17.96475 -74.45281
v 4.630609 -17.96475 -74.41411
v 3.55792 -17.96475 -74.25225
v 3.488302 -17.96475 -74.18075
v 3.753198 -17.96475 -74.11824
v 3.715521 -17.96475 -74.02482
v 4.409168 -17.96475 -74.25225
v 4.478786 -17.96475 -74.18075
v 4.21389 -17.96475 -74.11824
v 4.251567 -17.96475 -74.02482
v 3.983544 -17.96475 -74.07117
v 3.983544 -17.96475 -73.97006
v 4.256038 -17.5198 -75.36503
v 3.983544 -17.5198 -75.42069
v 3.983544 -17.96475 -75.40869
v 3.71105 -17.5198 -75.36503
v 4.251567 -17.96475 -75.35394
v 4.487047 -17.5198 -75.2065
v 3.715521 -17.96475 -75.35394
v 3.480041 -17.5198 -75.2065
v 4.478786 -17.96475 -75.19801
v 3.488302 -17.96475 -75.19801
v 3.983544 -13.17663 -75.148
v 4.354204 -13.17663 -75.60844
v 4.154436 -13.17663 -75.1131
v 3.983544 -13.17663 -75.68416
v 3.612884 -13.17663 -75.60844
v 3.812652 -13.17663 -75.1131
v 3.298653 -13.17663 -75.39278
v 3.667777 -13.17663 -75.01368
v 3.088691 -13.17663 -75.07006
v 4.668435 -13.17663 -75.39278
v 3.570974 -13.17663 -74.86488
v 3.014962 -13.17663 -74.68938
v 3.536982 -13.17663 -74.68937
v 4.299311 -13.17663 -75.01368
v 4.878397 -13.17663 -75.07006
v 4.396114 -13.17663 -74.86488
v 4.952126 -13.17663 -74.68938
v 4.430106 -13.17663 -74.68937
v 4.396114 -13.17663 -74.51386
v 4.878397 -13.17663 -74.30869
v 4.299311 -13.17663 -74.36507
v 4.668435 -13.17663 -73.98598
v 3.570974 -13.17663 -74.51386
v 3.088691 -13.17663 -74.30869
v 4.154436 -13.17663 -74.26565
v 4.354204 -13.17663 -73.77032
v 3.983544 -13.17663 -74.23074
v 3.983544 -13.17663 -73.6946
v 3.612884 -13.17663 -73.77032
v 3.667777 -13.17663 -74.36507
v 3.298653 -13.17663 -73.98598
v 3.812652 -13.17663 -74.26565
v 4.695606 -17.5198 -74.68938
v 4.641403 -17.5198 -74.96925
v 4.630609 -17.96475 -74.96465
v 4.683922 -17.96475 -74.68938
v 4.478786 -17.96475 -75.19801
v 4.487047 -17.5198 -75.2065
v 4.630609 -17.96475 -74.41411
v 4.641403 -17.5198 -74.40951
v 4.478786 -17.96475 -74.18075
v 4.487047 -17.5198 -74.17226
v 4.251567 -17.96475 -74.02482
v 4.256038 -17.51979 -74.01373
v 4.487047 -17.5198 -74.17226
v 4.478786 -17.96475 -74.18075
v 3.983544 -17.96475 -73.97006
v 3.983544 -17.51979 -73.95806
v 3.71105 -17.5198 -74.01373
v 3.715521 -17.96475 -74.02482
v 3.480041 -17.51979 -74.17226
v 3.488302 -17.96475 -74.18075
v 3.325685 -17.51979 -74.40951
v 3.480041 -17.51979 -74.17226
v 3.488302 -17.96475 -74.18075
v 3.336479 -17.96475 -74.41411
v 3.271482 -17.51979 -74.68938
v 3.283167 -17.96475 -74.68938
v 3.336479 -17.96475 -74.96465
v 3.325685 -17.51979 -74.96925
v 3.488302 -17.96475 -75.19801
v 3.480041 -17.5198 -75.2065
v 3.480041 -17.5198 -75.2065
v 3.377709 -17.29733 -75.3116
v 3.191982 -17.29733 -75.02612
v 3.325685 -17.51979 -74.96925
v 3.126764 -17.29733 -74.68938
v 3.271482 -17.51979 -74.68938
v 3.325685 -17.51979 -74.40951
v 3.191982 -17.29733 -74.35264
v 3.480041 -17.51979 -74.17226
v 3.377708 -17.29734 -74.06716
v 3.71105 -17.5198 -74.01373
v 3.480041 -17.51979 -74.17226
v 3.377708 -17.29734 -74.06716
v 3.655668 -17.29733 -73.87641
v 3.983544 -17.51979 -73.95806
v 3.983544 -17.29733 -73.80943
v 4.311419 -17.29734 -73.87641
v 4.256038 -17.51979 -74.01373
v 4.58938 -17.29734 -74.06716
v 4.487047 -17.5198 -74.17226
v 4.487047 -17.5198 -74.17226
v 4.58938 -17.29734 -74.06716
v 4.775106 -17.29734 -74.35264
v 4.641403 -17.5198 -74.40951
v 4.840325 -17.29734 -74.68938
v 4.695606 -17.5198 -74.68938
v 4.641403 -17.5198 -74.96925
v 4.775106 -17.29734 -75.02612
v 4.487047 -17.5198 -75.2065
v 4.58938 -17.29734 -75.3116
v 3.983544 -17.5198 -75.42069
v 4.256038 -17.5198 -75.36503
v 4.311419 -17.29734 -75.50235
v 3.983544 -17.29734 -75.56934
v 3.655668 -17.29734 -75.50235
v 4.58938 -17.29734 -75.3116
v 4.487047 -17.5198 -75.2065
v 3.71105 -17.5198 -75.36503
v 3.377709 -17.29733 -75.3116
v 3.480041 -17.5198 -75.2065
v 3.381621 -17.96475 -74.68938
v 3.42744 -17.96475 -74.45281
v 3.448807 -17.25197 -74.46189
v 3.404749 -17.25197 -74.68938
v 3.448807 -17.25197 -74.91687
v 3.42744 -17.96475 -74.92595
v 3.574274 -17.25196 -75.10972
v 3.55792 -17.96475 -75.12651
v 3.574274 -17.25197 -74.26904
v 3.55792 -17.96475 -74.25225
v 3.983544 -17.25197 -74.09494
v 3.983544 -17.96475 -74.07117
v 4.21389 -17.96475 -74.11824
v 3.753198 -17.96475 -74.11824
v 4.205039 -17.25197 -74.14018
v 4.409168 -17.96475 -74.25225
v 3.762049 -17.25197 -74.14018
v 3.55792 -17.96475 -74.25225
v 4.392814 -17.25197 -74.26904
v 3.574274 -17.25197 -74.26904
v 4.392814 -17.25197 -74.26904
v 4.409168 -17.96475 -74.25225
v 4.539648 -17.96475 -74.45281
v 4.518281 -17.25196 -74.46189
v 4.585467 -17.96475 -74.68938
v 4.562339 -17.25197 -74.68938
v 4.518281 -17.25197 -74.91687
v 4.539648 -17.96475 -74.92595
v 4.392814 -17.25197 -75.10972
v 4.409168 -17.96475 -75.12651
v 3.762049 -17.25196 -75.23857
v 3.753198 -17.96475 -75.26052
v 3.55792 -17.96475 -75.12651
v 3.574274 -17.25196 -75.10972
v 3.983544 -17.25196 -75.28382
v 3.983544 -17.96475 -75.30758
v 4.21389 -17.96475 -75.26052
v 4.205039 -17.25196 -75.23857
v 4.409168 -17.96475 -75.12651
v 4.392814 -17.25197 -75.10972
v 4.536691 -16.4615 -74.68938
v 4.494586 -16.4615 -74.90678
v 4.396114 -13.17663 -74.86488
v 4.430106 -13.17663 -74.68937
v 4.396114 -13.17663 -74.51386
v 4.494586 -16.4615 -74.47198
v 4.299311 -13.17663 -74.36507
v 4.374678 -16.4615 -74.28767
v 4.299311 -13.17663 -75.01368
v 4.374678 -16.4615 -75.09109
v 4.776045 -17.25196 -74.35223
v 4.775106 -17.29734 -74.35264
v 4.58938 -17.29734 -74.06716
v 4.590098 -17.25197 -74.06643
v 4.837906 -17.25196 -74.67165
v 4.840325 -17.29734 -74.68938
v 4.841341 -17.25197 -74.68938
v 4.775106 -17.29734 -75.02612
v 4.776045 -17.25197 -75.02652
v 4.58938 -17.29734 -75.3116
v 4.590098 -17.25196 -75.31233
v 3.771864 -16.4615 -75.21424
v 3.812652 -13.17663 -75.1131
v 3.983544 -13.17663 -75.148
v 3.983544 -16.4615 -75.25748
v 4.195224 -16.4615 -75.21424
v 4.154436 -13.17663 -75.1131
v 4.374678 -16.4615 -75.09109
v 4.299311 -13.17663 -75.01368
v 3.59241 -16.4615 -75.09109
v 3.667777 -13.17663 -75.01368
v 3.771864 -16.4615 -74.16452
v 3.983544 -16.4615 -74.12127
v 3.983544 -13.17663 -74.23074
v 3.812652 -13.17663 -74.26565
v 3.59241 -16.4615 -74.28767
v 3.667777 -13.17663 -74.36507
v 4.195224 -16.4615 -74.16452
v 4.154436 -13.17663 -74.26565
v 4.374678 -16.4615 -74.28767
v 4.299311 -13.17663 -74.36507
v 4.565306 -16.4615 -74.02797
v 3.401782 -16.4615 -74.02797
v 3.414298 -17.25197 -74.04082
v 4.55279 -17.25197 -74.04082
v 3.125747 -17.25197 -74.68938
v 3.191044 -17.25197 -74.35223
v 3.191982 -17.29733 -74.35264
v 3.126764 -17.29733 -74.68938
v 3.191982 -17.29733 -75.02612
v 3.191043 -17.25196 -75.02652
v 3.377709 -17.29733 -75.3116
v 3.376991 -17.25196 -75.31233
v 3.377708 -17.29734 -74.06716
v 3.37699 -17.25197 -74.06643
v 4.554584 -17.25196 -75.3367
v 4.205039 -17.25196 -75.23857
v 3.983544 -17.25196 -75.28382
v 3.412504 -17.25196 -75.3367
v 3.762049 -17.25196 -75.23857
v 3.574274 -17.25196 -75.10972
v 3.376991 -17.25196 -75.31233
v 3.191043 -17.25196 -75.02652
v 3.448807 -17.25197 -74.91687
v 3.125747 -17.25197 -74.68938
v 3.404749 -17.25197 -74.68938
v 4.392814 -17.25197 -75.10972
v 4.590098 -17.25196 -75.31233
v 4.776045 -17.25197 -75.02652
v 4.518281 -17.25197 -74.91687
v 4.841341 -17.25197 -74.68938
v 4.562339 -17.25197 -74.68938
v 4.837906 -17.25196 -74.67165
v 4.518281 -17.25196 -74.46189
v 4.776045 -17.25196 -74.35223
v 4.392814 -17.25197 -74.26904
v 4.590098 -17.25197 -74.06643
v 4.55279 -17.25197 -74.04082
v 3.448807 -17.25197 -74.46189
v 3.191044 -17.25197 -74.35223
v 3.574274 -17.25197 -74.26904
v 3.37699 -17.25197 -74.06643
v 3.414298 -17.25197 -74.04082
v 3.983544 -17.25197 -74.09494
v 4.205039 -17.25197 -74.14018
v 3.762049 -17.25197 -74.14018
v 3.412504 -17.25196 -75.3367
v 3.399988 -16.4615 -75.34956
v 4.5671 -16.4615 -75.34956
v 4.554584 -17.25196 -75.3367
v 3.430398 -16.4615 -74.68938
v 3.472503 -16.4615 -74.47198
v 3.570974 -13.17663 -74.51386
v 3.536982 -13.17663 -74.68937
v 3.570974 -13.17663 -74.86488
v 3.667777 -13.17663 -74.36507
v 3.59241 -16.4615 -74.28767
v 3.472503 -16.4615 -74.90678
v 3.667777 -13.17663 -75.01368
v 3.59241 -16.4615 -75.09109
v 3.401782 -16.4615 -74.02797
v 3.983544 -16.4615 -74.12127
v 3.771864 -16.4615 -74.16452
v 4.565306 -16.4615 -74.02797
v 3.59241 -16.4615 -74.28767
v 3.364474 -16.4615 -74.05357
v 3.17469 -16.4615 -74.34528
v 3.472503 -16.4615 -74.47198
v 3.111405 -16.4615 -74.67204
v 3.430398 -16.4615 -74.68938
v 4.195224 -16.4615 -74.16452
v 4.374678 -16.4615 -74.28767
v 4.602614 -16.4615 -74.05357
v 4.792398 -16.4615 -74.34528
v 4.494586 -16.4615 -74.47198
v 4.859041 -16.4615 -74.68938
v 4.536691 -16.4615 -74.68938
v 4.494586 -16.4615 -74.90678
v 4.792398 -16.4615 -75.03348
v 4.374678 -16.4615 -75.09109
v 4.602614 -16.4615 -75.32519
v 4.5671 -16.4615 -75.34956
v 3.108047 -16.4615 -74.68938
v 3.472503 -16.4615 -74.90678
v 3.17469 -16.4615 -75.03348
v 3.59241 -16.4615 -75.09109
v 3.364474 -16.4615 -75.32519
v 3.399988 -16.4615 -75.34956
v 3.983544 -16.4615 -75.25748
v 3.771864 -16.4615 -75.21424
v 4.195224 -16.4615 -75.21424
v 3.661397 -6.269025 -75.21602
v 3.661397 -8.401893 -75.21602
v 4.333613 -8.401893 -75.21602
v 4.333613 -6.269025 -75.21602
v 4.469758 -8.401893 -75.15083
v 3.525252 -6.269025 -75.15083
v 3.525252 -8.401893 -75.15083
v 4.469758 -6.269025 -75.15083
v 3.468858 -8.401893 -74.99341
v 3.468858 -6.269025 -74.99341
v 3.468858 -6.269025 -74.46373
v 3.525252 -8.401893 -75.15083
v 3.468858 -8.401893 -74.46373
v 3.525252 -6.269025 -74.30631
v 3.525252 -8.401893 -74.30631
v 3.525252 -6.269025 -75.15083
v 4.526151 -6.269025 -74.46373
v 4.526151 -6.269025 -74.99341
v 4.526151 -8.401893 -74.99341
v 4.526151 -8.401893 -74.46373
v 4.469758 -8.401893 -74.30631
v 4.469758 -6.269025 -74.30631
v 4.469758 -6.269025 -75.15083
v 4.469758 -8.401893 -75.15083
v 3.468858 -8.401893 -74.99341
v 4.526151 -8.401893 -74.99341
v 3.661397 -8.401893 -75.21602
v 3.525252 -8.401893 -75.15083
v 4.333613 -8.401893 -75.21602
v 4.469758 -8.401893 -75.15083
v 4.526151 -8.401893 -74.46373
v 3.468858 -8.401893 -74.46373
v 4.333613 -8.401893 -74.2411
v 3.661397 -8.401893 -74.2411
v 3.525252 -8.401893 -74.30631
v 4.469758 -8.401893 -74.30631
v 3.661397 -8.401893 -74.2411
v 3.661397 -6.269025 -74.2411
v 4.333613 -6.269025 -74.2411
v 4.333613 -8.401893 -74.2411
v 4.469758 -6.269025 -74.30631
v 3.525252 -8.401893 -74.30631
v 3.525252 -6.269025 -74.30631
v 4.469758 -8.401893 -74.30631
v 3.468858 -6.269025 -74.46373
v 4.526151 -6.269025 -74.46373
v 3.661397 -6.269025 -74.2411
v 3.525252 -6.269025 -74.30631
v 4.333613 -6.269025 -74.2411
v 4.469758 -6.269025 -74.30631
v 4.526151 -6.269025 -74.99341
v 3.468858 -6.269025 -74.99341
v 4.333613 -6.269025 -75.21602
v 3.661397 -6.269025 -75.21602
v 3.525252 -6.269025 -75.15083
v 4.469758 -6.269025 -75.15083
v 3.614212 20.36091 -76.51147
v 4.440711 20.36091 -76.51147
v 4.468615 20.53139 -76.33703
v 3.586308 20.53139 -76.33703
v 4.39309 20.3231 -76.44142
v 3.636402 20.32339 -76.44099
v 3.621267 20.49489 -76.27044
v 4.423157 20.49437 -76.27111
v 3.364559 20.25955 -76.3354
v 3.302819 20.37557 -76.23901
v 3.1844 8.039705 -76.18253
v 3.271031 8.039705 -76.26231
v 3.733344 17.86589 -71.38966
v 3.733344 17.97624 -71.33437
v 3.733344 17.8049 -71.07065
v 3.733344 17.74391 -71.10509
v 3.733344 17.51481 -70.81651
v 3.733344 17.44206 -70.86429
v 3.733344 17.0605 -70.6936
v 3.733344 17.05696 -70.77474
v 3.733344 15.14739 -70.86423
v 3.733344 15.15241 -70.93114
v 3.733344 14.88546 -70.96483
v 3.733344 14.81685 -70.88402
v 3.733344 14.77559 -71.18793
v 3.733344 14.64369 -71.18922
v 4.328062 17.86589 -71.38966
v 4.328062 17.74391 -71.10509
v 4.328062 17.8049 -71.07065
v 4.328062 17.97624 -71.33437
v 4.328062 17.51481 -70.81651
v 4.328062 17.44206 -70.86429
v 4.328062 17.0605 -70.6936
v 4.328062 17.05696 -70.77474
v 4.328062 15.14739 -70.86423
v 4.328062 15.15241 -70.93114
v 4.328062 14.88546 -70.96483
v 4.328062 14.81685 -70.88402
v 4.328062 14.77559 -71.18793
v 4.328062 14.64369 -71.18922
v 3.733344 17.0605 -70.6936
v 3.733344 17.51481 -70.81651
v 4.328062 17.51481 -70.81651
v 4.328062 17.0605 -70.6936
v 4.328062 15.14739 -70.86423
v 4.328062 17.8049 -71.07065
v 3.733344 17.8049 -71.07065
v 3.733344 15.14739 -70.86423
v 3.733344 14.81685 -70.88402
v 4.328062 14.81685 -70.88402
v 3.733344 17.05696 -70.77474
v 3.733344 15.15241 -70.93114
v 4.328062 15.15241 -70.93114
v 4.328062 17.05696 -70.77474
v 3.733344 17.44206 -70.86429
v 4.328062 17.44206 -70.86429
v 3.733344 17.74391 -71.10509
v 4.328062 17.74391 -71.10509
v 4.328062 14.88546 -70.96483
v 3.733344 14.88546 -70.96483
v 3.733344 14.77559 -71.18793
v 3.733344 14.64369 -71.18922
v 4.328062 14.64369 -71.18922
v 4.328062 14.77559 -71.18793
v 3.733344 14.81685 -70.88402
v 4.328062 14.81685 -70.88402
v 4.328062 14.64369 -71.18922
v 3.733344 14.64369 -71.18922
v 3.733344 17.86589 -71.38966
v 3.733344 17.74391 -71.10509
v 4.328062 17.74391 -71.10509
v 4.328062 17.86589 -71.38966
v 3.733344 14.88546 -70.96483
v 3.733344 14.77559 -71.18793
v 4.328062 14.77559 -71.18793
v 4.328062 14.88546 -70.96483
v 3.733344 17.8049 -71.07065
v 3.733344 17.97624 -71.33437
v 4.328062 17.97624 -71.33437
v 4.328062 17.8049 -71.07065
v 3.733344 17.97624 -71.33437
v 3.733344 17.86589 -71.38966
v 4.328062 17.86589 -71.38966
v 4.328062 17.97624 -71.33437
v 3.85323 13.99117 -71.11061
v 3.85323 13.95186 -71.18922
v 3.85323 14.25846 -71.08701
v 3.85323 14.10123 -70.93764
v 3.85323 13.97544 -70.9062
v 3.85323 14.17199 -70.70966
v 3.853231 14.07764 -70.52884
v 3.853231 14.15626 -70.52884
v 3.85323 14.35281 -71.18135
v 4.208175 13.97544 -70.9062
v 4.208175 14.10123 -70.93764
v 4.208175 13.99117 -71.11061
v 4.208175 14.25846 -71.08701
v 4.208175 13.95186 -71.18922
v 4.208175 14.35281 -71.18135
v 4.208175 14.17199 -70.70966
v 4.208175 14.07764 -70.52884
v 4.208175 14.15626 -70.52884
v 4.208175 14.17199 -70.70966
v 3.85323 14.17199 -70.70966
v 3.85323 14.10123 -70.93764
v 4.208175 14.10123 -70.93764
v 4.208175 14.15626 -70.52884
v 3.853231 14.15626 -70.52884
v 3.85323 13.97544 -70.9062
v 3.853231 14.07764 -70.52884
v 4.208175 14.07764 -70.52884
v 4.208175 13.97544 -70.9062
v 4.208175 13.99117 -71.11061
v 3.85323 13.99117 -71.11061
v 4.208175 14.10123 -70.93764
v 3.85323 14.10123 -70.93764
v 3.85323 14.25846 -71.08701
v 4.208175 14.25846 -71.08701
v 4.208175 14.07764 -70.52884
v 3.853231 14.07764 -70.52884
v 3.853231 14.15626 -70.52884
v 4.208175 14.15626 -70.52884
v 4.208175 14.25846 -71.08701
v 3.85323 14.25846 -71.08701
v 3.85323 14.35281 -71.18135
v 4.208175 14.35281 -71.18135
v 3.85323 13.95186 -71.18922
v 3.85323 13.99117 -71.11061
v 4.208175 13.99117 -71.11061
v 4.208175 13.95186 -71.18922
v 4.208175 14.35281 -71.18135
v 3.85323 14.35281 -71.18135
v 3.85323 13.95186 -71.18922
v 4.208175 13.95186 -71.18922
v 3.163357 21.20746 -73.73518
v 3.163357 21.05685 -72.77781
v 3.227456 21.23748 -72.77781
v 3.227456 21.38809 -73.73518
v 3.008611 21.72497 -74.26512
v 2.853864 21.65016 -74.26512
v 2.853864 21.75789 -75.13472
v 3.008611 21.83271 -75.13472
v 2.789766 21.38809 -73.73518
v 2.853864 21.56872 -73.73518
v 2.853864 21.41811 -72.77781
v 2.789766 21.23748 -72.77781
v 2.853864 21.65016 -74.26512
v 2.789766 21.46953 -74.26512
v 2.789766 21.57726 -75.13472
v 2.853864 21.75789 -75.13472
v 2.853864 21.20746 -73.73518
v 2.789766 21.38809 -73.73518
v 2.789766 21.23748 -72.77781
v 2.853864 21.05685 -72.77781
v 2.789766 21.46953 -74.26512
v 2.853864 21.2889 -74.26512
v 2.853864 21.39663 -75.13472
v 2.789766 21.57726 -75.13472
v 3.227456 21.38809 -73.73518
v 3.227456 21.23748 -72.77781
v 3.163357 21.41811 -72.77781
v 3.163357 21.56872 -73.73518
v 2.853864 21.2889 -74.26512
v 3.008611 21.21408 -74.26512
v 3.008611 21.32182 -75.13472
v 2.853864 21.39663 -75.13472
v 3.163357 21.56872 -73.73518
v 3.163357 21.41811 -72.77781
v 3.008611 21.49293 -72.77781
v 3.008611 21.64354 -73.73518
v 3.008611 21.13264 -73.73518
v 2.853864 21.20746 -73.73518
v 2.853864 21.05685 -72.77781
v 3.008611 20.98203 -72.77781
v 3.008611 21.32182 -75.13472
v 3.008611 21.21408 -74.26512
v 3.163357 21.2889 -74.26512
v 3.163357 21.39663 -75.13472
v 3.008611 21.13264 -73.73518
v 3.008611 20.98203 -72.77781
v 3.163357 21.05685 -72.77781
v 3.163357 21.20746 -73.73518
v 3.163357 21.05685 -72.77781
v 2.853864 21.05685 -72.77781
v 3.227456 21.23748 -72.77781
v 2.789766 21.23748 -72.77781
v 3.163357 21.41811 -72.77781
v 2.853864 21.41811 -72.77781
v 3.008611 21.49293 -72.77781
v 3.008611 20.98203 -72.77781
v 3.163357 21.39663 -75.13472
v 3.163357 21.2889 -74.26512
v 3.227456 21.46953 -74.26512
v 3.227456 21.57726 -75.13472
v 2.853864 21.39663 -75.13472
v 3.227456 21.57726 -75.13472
v 2.789766 21.57726 -75.13472
v 2.853864 21.75789 -75.13472
v 3.163357 21.75789 -75.13472
v 3.008611 21.83271 -75.13472
v 3.163357 21.39663 -75.13472
v 3.008611 21.32182 -75.13472
v 2.853864 21.20746 -73.73518
v 3.163357 21.20746 -73.73518
v 2.789766 21.38809 -73.73518
v 3.227456 21.38809 -73.73518
v 2.853864 21.56872 -73.73518
v 3.163357 21.56872 -73.73518
v 3.008611 21.64354 -73.73518
v 3.008611 21.13264 -73.73518
v 3.227456 21.57726 -75.13472
v 3.227456 21.46953 -74.26512
v 3.163357 21.65016 -74.26512
v 3.163357 21.75789 -75.13472
v 2.853864 21.56872 -73.73518
v 3.008611 21.64354 -73.73518
v 3.008611 21.49293 -72.77781
v 2.853864 21.41811 -72.77781
v 3.163357 21.75789 -75.13472
v 3.163357 21.65016 -74.26512
v 3.008611 21.72497 -74.26512
v 3.008611 21.83271 -75.13472
v 3.163357 21.2889 -74.26512
v 2.853864 21.2889 -74.26512
v 3.227456 21.46953 -74.26512
v 2.789766 21.46953 -74.26512
v 3.163357 21.65016 -74.26512
v 2.853864 21.65016 -74.26512
v 3.008611 21.72497 -74.26512
v 3.008611 21.21408 -74.26512
v 4.586421 8.107566 -76.30589
v 5.091245 8.107566 -76.01697
v 5.091245 13.1181 -76.01697
v 4.586421 13.1181 -76.30589
v 4.586421 13.1181 -76.30589
v 5.091245 13.1181 -76.01697
v 4.879512 13.1181 -75.99322
v 4.46711 13.1181 -76.20741
v 4.360868 13.1181 -76.51679
v 4.412106 13.1181 -76.69752
v 3.9027 13.1181 -76.52853
v 3.832631 13.1181 -76.68201
v 3.700641 13.1181 -76.33487
v 3.549282 13.1181 -76.37387
v 3.526192 13.1181 -74.85577
v 3.68105 13.1181 -74.85577
v 4.895804 13.1181 -75.79211
v 5.154771 13.1181 -75.77767
v 5.058871 13.1181 -74.85577
v 4.903868 13.1181 -74.85577
v 4.46711 13.1181 -76.20741
v 4.879512 13.1181 -75.99322
v 4.879512 8.107566 -75.99322
v 4.46711 8.107566 -76.20741
v 4.879512 8.107566 -75.99322
v 5.091245 8.107566 -76.01697
v 4.586421 8.107566 -76.30589
v 4.46711 8.107566 -76.20741
v 4.360868 8.107566 -76.51679
v 4.507373 8.107566 -76.77135
v 3.9027 8.107566 -76.52853
v 3.732603 8.107566 -76.75584
v 3.700641 8.107566 -76.33487
v 3.549282 8.107566 -76.37387
v 3.526192 8.107566 -74.85577
v 3.68105 8.107566 -74.85577
v 4.895804 8.107566 -75.79211
v 5.154771 8.107566 -75.77767
v 5.058871 8.107566 -74.85577
v 4.903868 8.107566 -74.85577
v 4.903868 13.1181 -74.85577
v 5.058871 13.1181 -74.85577
v 5.058871 8.107566 -74.85577
v 4.903868 8.107566 -74.85577
v 4.46711 13.1181 -76.20741
v 4.46711 8.107566 -76.20741
v 4.360868 8.107566 -76.51679
v 4.360868 13.1181 -76.51679
v 4.895804 13.1181 -75.79211
v 4.903868 13.1181 -74.85577
v 4.903868 8.107566 -74.85577
v 4.895804 8.107566 -75.79211
v 4.879512 13.1181 -75.99322
v 4.879512 8.107566 -75.99322
v 5.154771 8.107566 -75.77767
v 5.058871 8.107566 -74.85577
v 5.058871 13.1181 -74.85577
v 5.154771 13.1181 -75.77767
v 5.091245 8.107566 -76.01697
v 5.091245 13.1181 -76.01697
v 4.360868 13.1181 -76.51679
v 4.360868 8.107566 -76.51679
v 3.9027 8.107566 -76.52853
v 3.9027 13.1181 -76.52853
v 4.586421 8.107566 -76.30589
v 4.586421 13.1181 -76.30589
v 4.412106 13.1181 -76.69752
v 4.507373 8.107566 -76.77135
v 3.9027 13.1181 -76.52853
v 3.9027 8.107566 -76.52853
v 3.700641 8.107566 -76.33487
v 3.700641 13.1181 -76.33487
v 4.507373 8.107566 -76.77135
v 4.412106 13.1181 -76.69752
v 3.832631 13.1181 -76.68201
v 3.732603 8.107566 -76.75584
v 3.700641 13.1181 -76.33487
v 3.700641 8.107566 -76.33487
v 3.68105 8.107566 -74.85577
v 3.68105 13.1181 -74.85577
v 3.832631 13.1181 -76.68201
v 3.549282 13.1181 -76.37387
v 3.549282 8.107566 -76.37387
v 3.732603 8.107566 -76.75584
v 3.526192 13.1181 -74.85577
v 3.68105 13.1181 -74.85577
v 3.68105 8.107566 -74.85577
v 3.526192 8.107566 -74.85577
v 3.549282 8.107566 -76.37387
v 3.549282 13.1181 -76.37387
v 3.526192 13.1181 -74.85577
v 3.526192 8.107566 -74.85577
v 3.412498 20.57531 -66.64046
v 3.412498 20.07437 -67.55778
v 3.412498 20.8465 -66.66795
v 3.412497 21.36623 -66.90569
v 3.412498 21.8553 -67.80231
v 3.412498 21.89605 -67.44909
v 3.412497 20.67339 -71.6333
v 3.412497 18.92017 -71.3515
v 3.412497 21.02887 -72.74992
v 3.412497 17.78515 -72.802
v 3.412497 17.86664 -71.43523
v 3.412497 21.02661 -72.04085
v 3.412497 21.78737 -67.15022
v 3.412498 20.31523 -66.70406
v 3.412498 19.95932 -67.25687
v 3.412497 20.07095 -66.85989
v 3.412497 20.00463 -66.95027
v 4.648874 21.02887 -72.74992
v 4.648874 18.92017 -71.3515
v 4.648874 20.67339 -71.6333
v 4.648874 21.02661 -72.04085
v 4.648875 20.07437 -67.55778
v 4.648874 21.8553 -67.80231
v 4.648874 21.36623 -66.90569
v 4.648874 20.8465 -66.66795
v 4.648875 20.57531 -66.64046
v 4.648874 20.31523 -66.70406
v 4.648875 19.95932 -67.25687
v 4.648874 20.07096 -66.85989
v 4.648874 20.00463 -66.95027
v 4.648875 21.89605 -67.44909
v 4.648874 21.78737 -67.15022
v 4.648874 17.78515 -72.802
v 4.648874 17.86664 -71.43523
v 3.412497 21.02661 -72.04085
v 3.708301 21.15577 -72.04085
v 3.708301 20.80256 -71.6333
v 4.030686 20.86087 -71.6333
v 3.412497 20.67339 -71.6333
v 4.030686 21.21408 -72.04085
v 4.35307 21.15577 -72.04085
v 4.353071 20.80256 -71.6333
v 4.648874 21.02661 -72.04085
v 4.648874 20.67339 -71.6333
v 3.412497 17.86664 -71.43523
v 3.708455 17.86664 -71.22157
v 3.708292 17.78515 -72.802
v 4.030686 17.78515 -72.802
v 3.412497 17.78515 -72.802
v 4.030686 17.86664 -71.22157
v 4.352916 17.86664 -71.22157
v 4.353079 17.78515 -72.802
v 4.648874 17.86664 -71.43523
v 4.648874 17.78515 -72.802
v 3.412497 21.78737 -67.15022
v 3.708301 21.91653 -67.15022
v 3.747319 21.51244 -66.76359
v 3.412497 21.36623 -66.90569
v 3.412498 20.8465 -66.66795
v 3.737466 20.80985 -66.4841
v 4.030686 21.56369 -66.71378
v 4.030686 20.79609 -66.41621
v 4.323906 20.80985 -66.4841
v 4.328369 20.5375 -66.46528
v 4.314053 21.51244 -66.76359
v 4.648874 20.8465 -66.66795
v 4.648874 21.36623 -66.90569
v 4.648875 20.57531 -66.64046
v 4.648874 20.31523 -66.70406
v 4.338109 20.01685 -66.59767
v 4.648874 20.07096 -66.85989
v 4.648874 21.78737 -67.15022
v 4.353071 21.91653 -67.15022
v 4.030686 20.52435 -66.40312
v 4.030686 19.92693 -66.57666
v 3.723263 20.01685 -66.59767
v 3.721724 19.80941 -66.76928
v 3.733003 20.5375 -66.46528
v 3.412497 20.07095 -66.85989
v 4.339648 19.80941 -66.76928
v 4.030686 19.72226 -66.75423
v 3.412498 20.31523 -66.70406
v 3.412498 20.57531 -66.64046
v 3.412497 17.86664 -71.43523
v 3.412497 18.92017 -71.3515
v 3.751708 18.68528 -71.17831
v 3.708455 17.86664 -71.22157
v 4.030686 18.60526 -71.11931
v 4.030686 17.86664 -71.22157
v 4.352916 17.86664 -71.22157
v 4.309664 18.68528 -71.17831
v 4.648874 17.86664 -71.43523
v 4.648874 18.92017 -71.3515
v 3.412498 21.89605 -67.44909
v 3.708301 22.02522 -67.44909
v 3.708301 21.91653 -67.15022
v 4.030686 21.97485 -67.15022
v 3.412497 21.78737 -67.15022
v 3.708301 21.98446 -67.80231
v 3.412498 21.8553 -67.80231
v 3.708301 20.80256 -71.6333
v 3.412497 20.67339 -71.6333
v 4.030686 20.86087 -71.6333
v 4.030686 22.04277 -67.80231
v 4.353071 21.98446 -67.80231
v 4.030686 22.08353 -67.44909
v 4.353071 22.02522 -67.44909
v 4.353071 21.91653 -67.15022
v 4.648875 21.89605 -67.44909
v 4.648874 21.8553 -67.80231
v 4.353071 20.80256 -71.6333
v 4.648874 20.67339 -71.6333
v 4.648874 21.78737 -67.15022
v 4.314053 21.51244 -66.76359
v 4.030686 21.56369 -66.71378
v 3.747319 21.51244 -66.76359
v 4.336253 19.85789 -67.55778
v 4.336253 19.74285 -67.25687
v 4.648875 19.95932 -67.25687
v 4.030686 19.77026 -67.55778
v 4.648875 20.07437 -67.55778
v 4.030686 19.6552 -67.25687
v 3.725119 19.74285 -67.25687
v 3.725119 19.85789 -67.55778
v 4.030686 19.65441 -66.93448
v 3.412498 19.95932 -67.25687
v 4.030686 19.65441 -66.93448
v 4.337924 19.74436 -66.93511
v 4.030686 19.72226 -66.75423
v 4.648874 20.00463 -66.95027
v 4.339648 19.80941 -66.76928
v 4.648874 20.07096 -66.85989
v 3.723447 19.74436 -66.93511
v 4.030686 19.72226 -66.75423
v 3.412497 20.00463 -66.95027
v 3.721724 19.80941 -66.76928
v 3.412497 20.07095 -66.85989
v 3.412498 20.07437 -67.55778
v 3.412497 21.02887 -72.74992
v 3.708301 21.15804 -72.74992
v 3.708301 21.15577 -72.04085
v 4.030686 21.21408 -72.04085
v 3.412497 21.02661 -72.04085
v 4.030686 21.21634 -72.74992
v 4.353071 21.15804 -72.74992
v 4.35307 21.15577 -72.04085
v 4.648874 21.02887 -72.74992
v 4.648874 21.02661 -72.04085
v 4.309664 18.68528 -71.17831
v 4.336253 19.85789 -67.55778
v 4.648875 20.07437 -67.55778
v 4.030686 18.60526 -71.11931
v 4.648874 18.92017 -71.3515
v 4.030686 19.77026 -67.55778
v 3.412497 21.02887 -72.74992
v 3.412497 17.78515 -72.802
v 3.708292 17.78515 -72.802
v 3.708301 21.15804 -72.74992
v 4.030686 17.78515 -72.802
v 4.030686 21.21634 -72.74992
v 4.353071 21.15804 -72.74992
v 4.353079 17.78515 -72.802
v 4.648874 21.02887 -72.74992
v 4.648874 17.78515 -72.802
v 3.412498 20.07437 -67.55778
v 3.725119 19.85789 -67.55778
v 3.751708 18.68528 -71.17831
v 4.030686 18.60526 -71.11931
v 3.412497 18.92017 -71.3515
v 4.030686 19.77026 -67.55778
v 3.518639 13.36397 -74.03104
v 3.637749 13.66764 -74.02137
v 3.637749 13.645 -72.2366
v 3.518639 13.14688 -71.03204
v 4.542422 13.14688 -71.03204
v 3.518639 13.14688 -71.03204
v 3.637749 13.645 -72.2366
v 4.423312 13.645 -72.2366
v 3.637749 13.66764 -74.02137
v 4.423312 13.66764 -74.02137
v 3.637749 13.66764 -74.02137
v 3.518639 13.36397 -74.03104
v 4.542423 13.36365 -74.02822
v 4.423312 13.66764 -74.02137
v 4.542423 13.36365 -74.02822
v 4.542422 13.14688 -71.03204
v 4.423312 13.645 -72.2366
v 4.423312 13.66764 -74.02137
v 4.999844 22.39259 -73.97456
v 4.999844 22.1646 -73.55003
v 4.853886 22.10243 -73.5834
v 4.853886 22.33042 -74.00794
v 4.853886 22.33042 -74.00794
v 4.853886 22.10243 -73.5834
v 4.793427 21.95234 -73.66402
v 4.793427 22.18033 -74.08855
v 4.793427 21.95234 -73.66402
v 4.853886 21.80224 -73.74462
v 4.853886 22.03024 -74.16916
v 4.793427 22.18033 -74.08855
v 4.853886 21.80224 -73.74462
v 4.999844 21.74007 -73.77802
v 4.999844 21.96806 -74.20255
v 4.853886 22.03024 -74.16916
v 4.999844 21.74007 -73.77802
v 5.145803 21.80224 -73.74462
v 5.145803 22.03024 -74.16916
v 4.999844 21.96806 -74.20255
v 5.145803 22.03024 -74.16916
v 5.145803 21.80224 -73.74462
v 5.20626 21.95234 -73.66402
v 5.20626 22.18033 -74.08855
v 4.793427 22.18033 -74.08855
v 4.853886 22.03024 -74.16916
v 5.145803 22.03024 -74.16916
v 5.20626 22.18033 -74.08855
v 5.145803 22.33042 -74.00794
v 4.853886 22.33042 -74.00794
v 4.999844 22.39259 -73.97456
v 4.999844 21.96806 -74.20255
v 5.20626 21.95234 -73.66402
v 5.145803 22.10243 -73.5834
v 5.145803 22.33042 -74.00794
v 5.20626 22.18033 -74.08855
v 5.145803 22.10243 -73.5834
v 4.999844 22.1646 -73.55003
v 4.999844 22.39259 -73.97456
v 5.145803 22.33042 -74.00794
v 5.145803 21.80224 -73.74462
v 4.853886 21.80224 -73.74462
v 5.20626 21.95234 -73.66402
v 4.793427 21.95234 -73.66402
v 5.145803 22.10243 -73.5834
v 4.853886 22.10243 -73.5834
v 4.999844 22.1646 -73.55003
v 4.999844 21.74007 -73.77802
v 3.158175 35.4714 -74.61641
v 3.608757 35.4714 -74.89699
v 3.608757 35.23106 -74.89481
v 3.158175 35.22091 -74.61415
v 4.030703 35.23329 -74.95661
v 4.030703 35.4714 -74.95876
v 4.452648 35.4714 -74.89699
v 4.452648 35.23106 -74.89481
v 4.903229 35.4714 -74.61641
v 4.903229 35.22091 -74.61415
v 4.903229 35.4714 -74.61641
v 4.030703 35.66925 -69.79523
v 4.90323 35.69022 -69.7453
v 4.595301 35.69022 -69.57558
v 4.030703 35.69022 -69.44668
v 3.466104 35.69022 -69.57558
v 4.030703 35.48556 -74.6876
v 3.158175 35.4714 -74.61641
v 4.452648 35.4714 -74.89699
v 4.030703 35.4714 -74.95876
v 3.608757 35.4714 -74.89699
v 3.158175 35.69022 -69.7453
v 3.158175 35.69022 -69.7453
v 3.158175 35.37978 -69.73558
v 3.466104 35.40076 -69.56652
v 3.466104 35.69022 -69.57558
v 4.030703 35.41669 -69.43812
v 4.030703 35.69022 -69.44668
v 4.595301 35.69022 -69.57558
v 4.595301 35.40076 -69.56652
v 4.90323 35.69022 -69.7453
v 4.90323 35.37978 -69.73558
v 3.158175 35.29834 -72.42381
v 3.158175 35.4714 -74.61641
v 3.158175 35.1566 -72.83485
v 3.158175 35.22091 -74.61415
v 3.158175 35.69022 -69.7453
v 3.158175 35.31252 -71.38908
v 3.158175 34.7172 -72.45216
v 3.158175 34.70303 -72.62225
v 3.158175 35.21329 -71.07726
v 3.158175 35.37978 -69.73558
v 3.158175 34.87311 -71.41743
v 4.903229 35.29834 -72.42381
v 4.90323 35.69022 -69.7453
v 4.90323 35.31252 -71.38908
v 4.903229 35.4714 -74.61641
v 4.903229 35.1566 -72.83485
v 4.903229 35.22091 -74.61415
v 4.903229 34.7172 -72.45216
v 4.903229 34.70303 -72.62225
v 4.90323 35.21329 -71.07726
v 4.90323 35.37978 -69.73558
v 4.903229 34.87311 -71.41743
v 3.129947 35.50014 -74.77202
v 3.122376 35.26511 -74.77342
v 3.596156 35.27505 -74.966
v 3.599576 35.50291 -74.9572
v 4.030703 35.27726 -75.03009
v 4.030703 35.50327 -75.02025
v 4.461828 35.50291 -74.9572
v 4.465249 35.27505 -74.966
v 4.931457 35.50014 -74.83825
v 4.939029 35.26664 -74.83965
v 4.931457 35.50014 -74.83825
v 4.030703 35.53388 -74.68977
v 4.461828 35.50291 -74.9572
v 4.030703 35.50327 -75.02025
v 3.599576 35.50291 -74.9572
v 3.129947 35.50014 -74.77202
v 4.931091 35.7203 -69.72589
v 4.030703 35.71756 -69.79758
v 4.604786 35.72433 -69.54313
v 4.030703 35.72393 -69.412
v 3.456619 35.72433 -69.54313
v 3.130314 35.7203 -69.72589
v 3.453098 35.44265 -69.52062
v 3.122608 35.42101 -69.71078
v 3.130314 35.7203 -69.72589
v 3.456619 35.72433 -69.54313
v 4.030703 35.45866 -69.38977
v 4.030703 35.72393 -69.412
v 4.604786 35.72433 -69.54313
v 4.608307 35.44265 -69.52062
v 4.931091 35.7203 -69.72589
v 4.938797 35.42101 -69.71078
v 3.116737 35.35224 -71.37318
v 3.130314 35.7203 -69.72589
v 3.116737 35.25187 -71.07726
v 3.122608 35.42101 -69.71078
v 3.07676 35.29834 -72.44848
v 3.129947 35.50014 -74.77202
v 3.116737 34.91284 -71.40153
v 3.116737 35.18441 -72.83485
v 3.122376 35.26511 -74.77342
v 3.116737 34.73083 -72.62225
v 3.116737 34.73153 -72.47514
v 4.944668 35.32505 -72.46127
v 4.931457 35.50014 -74.83825
v 4.944668 35.20255 -72.83485
v 4.944668 34.78357 -72.48962
v 4.944668 34.76939 -72.62225
v 4.939029 35.26664 -74.83965
v 4.931091 35.7203 -69.72589
v 4.944668 35.33922 -71.35957
v 4.944668 35.23566 -71.07726
v 4.938797 35.42101 -69.71078
v 4.944668 34.96809 -71.37635
v 4.90323 35.37978 -69.73558
v 4.595301 35.40076 -69.56652
v 4.608307 35.44265 -69.52062
v 4.938797 35.42101 -69.71078
v 4.030703 35.41669 -69.43812
v 4.030703 35.45866 -69.38977
v 3.453098 35.44265 -69.52062
v 3.466104 35.40076 -69.56652
v 3.158175 35.37978 -69.73558
v 3.122608 35.42101 -69.71078
v 4.903229 35.1566 -72.83485
v 4.903229 34.70303 -72.62225
v 4.944668 34.76939 -72.62225
v 4.944668 35.20255 -72.83485
v 4.90323 35.21329 -71.07726
v 4.944668 35.23566 -71.07726
v 4.944668 34.96809 -71.37635
v 4.903229 34.87311 -71.41743
v 3.158175 35.29834 -72.42381
v 3.07676 35.29834 -72.44848
v 3.116737 35.35224 -71.37318
v 4.030703 35.23329 -74.95661
v 4.452648 35.23106 -74.89481
v 4.465249 35.27505 -74.966
v 4.030703 35.27726 -75.03009
v 3.596156 35.27505 -74.966
v 3.608757 35.23106 -74.89481
v 3.122376 35.26511 -74.77342
v 3.158175 35.22091 -74.61415
v 4.939029 35.26664 -74.83965
v 4.903229 35.22091 -74.61415
v 4.903229 35.22091 -74.61415
v 4.903229 35.1566 -72.83485
v 4.944668 35.20255 -72.83485
v 4.939029 35.26664 -74.83965
v 4.90323 35.31252 -71.38908
v 4.903229 34.87311 -71.41743
v 4.944668 34.96809 -71.37635
v 4.944668 35.33922 -71.35957
v 3.158175 35.29834 -72.42381
v 3.158175 34.7172 -72.45216
v 3.116737 34.73153 -72.47514
v 3.07676 35.29834 -72.44848
v 3.158175 34.70303 -72.62225
v 3.116737 34.73083 -72.62225
v 3.116737 34.73153 -72.47514
v 3.158175 34.7172 -72.45216
v 4.903229 35.29834 -72.42381
v 4.90323 35.31252 -71.38908
v 4.944668 35.33922 -71.35957
v 4.944668 35.32505 -72.46127
v 4.903229 35.29834 -72.42381
v 4.944668 35.32505 -72.46127
v 4.944668 34.78357 -72.48962
v 4.903229 34.7172 -72.45216
v 3.158175 35.1566 -72.83485
v 3.116737 35.18441 -72.83485
v 3.116737 34.73083 -72.62225
v 3.158175 34.70303 -72.62225
v 3.158175 35.37978 -69.73558
v 3.158175 35.21329 -71.07726
v 3.116737 35.25187 -71.07726
v 3.122608 35.42101 -69.71078
v 3.158175 35.21329 -71.07726
v 3.158175 34.87311 -71.41743
v 3.116737 34.91284 -71.40153
v 3.116737 35.25187 -71.07726
v 4.903229 34.70303 -72.62225
v 4.903229 34.7172 -72.45216
v 4.944668 34.78357 -72.48962
v 4.944668 34.76939 -72.62225
v 3.158175 35.22091 -74.61415
v 3.122376 35.26511 -74.77342
v 3.116737 35.18441 -72.83485
v 3.158175 35.1566 -72.83485
v 4.90323 35.37978 -69.73558
v 4.938797 35.42101 -69.71078
v 4.944668 35.23566 -71.07726
v 4.90323 35.21329 -71.07726
v 3.158175 35.31252 -71.38908
v 3.116737 35.35224 -71.37318
v 3.116737 34.91284 -71.40153
v 3.158175 34.87311 -71.41743
v 4.054992 8.096167 -76.08578
v 4.054992 20.74523 -76.08578
v 3.891249 20.74523 -75.96308
v 3.891249 8.096167 -75.96308
v 3.891249 8.096167 -75.96308
v 3.891249 20.74523 -75.96308
v 3.891249 20.74523 -75.71766
v 3.891249 8.096167 -75.71766
v 3.891249 8.096167 -75.71766
v 3.891249 20.74523 -75.71766
v 4.054992 20.74523 -75.59495
v 4.054992 8.096167 -75.59495
v 4.054992 8.096167 -75.59495
v 4.054992 20.74523 -75.59495
v 4.218736 20.74523 -75.71766
v 4.218736 8.096167 -75.71766
v 4.218736 8.096167 -75.71766
v 3.891249 8.096167 -75.71766
v 4.054992 8.096167 -75.59495
v 3.891249 8.096167 -75.96308
v 4.218736 8.096167 -75.96308
v 4.054992 8.096167 -76.08578
v 4.218736 8.096167 -75.71766
v 4.218736 20.74523 -75.71766
v 4.218736 20.74523 -75.96308
v 4.218736 8.096167 -75.96308
v 4.218736 8.096167 -75.96308
v 4.218736 20.74523 -75.96308
v 4.054992 20.74523 -76.08578
v 4.054992 8.096167 -76.08578
v 4.218736 20.74523 -75.71766
v 3.891249 20.74523 -75.96308
v 4.218736 20.74523 -75.96308
v 4.054992 20.74523 -76.08578
v 3.891249 20.74523 -75.71766
v 4.054992 20.74523 -75.59495
v 4.040338 -7.358029 -76.44593
v 4.040338 -2.248536 -76.44593
v 3.916349 -2.248536 -76.42061
v 3.916349 -7.358029 -76.42061
v 3.811236 -2.248536 -76.34846
v 3.811237 -7.358029 -76.34846
v 4.164326 -7.358029 -76.42061
v 4.164326 -2.248536 -76.42061
v 4.269438 -7.358029 -76.34846
v 4.269438 -2.248536 -76.34846
v 3.811237 -7.358029 -76.34846
v 3.811236 -2.248536 -76.34846
v 3.741003 -2.248536 -76.24052
v 3.741003 -7.358029 -76.24052
v 3.71634 -2.248536 -76.11318
v 3.71634 -7.358029 -76.11318
v 3.741003 -2.248536 -75.98584
v 3.741003 -7.358029 -75.98584
v 3.811236 -2.248536 -75.87788
v 3.811237 -7.358029 -75.87788
v 3.811237 -7.358029 -75.87788
v 3.811236 -2.248536 -75.87788
v 3.916349 -2.248536 -75.80575
v 3.916349 -7.358029 -75.80575
v 4.040338 -2.248536 -75.78042
v 4.040338 -7.358029 -75.78042
v 4.164326 -2.248536 -75.80575
v 4.164326 -7.358029 -75.80575
v 4.269438 -2.248536 -75.87788
v 4.269438 -7.358029 -75.87788
v 4.269438 -7.358029 -75.87788
v 4.269438 -2.248536 -75.87788
v 4.339673 -2.248536 -75.98584
v 4.339673 -7.358029 -75.98584
v 4.364336 -2.248536 -76.11318
v 4.364336 -7.358029 -76.11318
v 4.339673 -2.248536 -76.24052
v 4.339673 -7.358029 -76.24052
v 4.269438 -2.248536 -76.34846
v 4.269438 -7.358029 -76.34846
v 3.71634 -7.358029 -76.11318
v 4.364336 -7.358029 -76.11318
v 3.741003 -7.358029 -76.24052
v 4.339673 -7.358029 -76.24052
v 3.811237 -7.358029 -76.34846
v 4.269438 -7.358029 -76.34846
v 4.164326 -7.358029 -76.42061
v 3.916349 -7.358029 -76.42061
v 4.040338 -7.358029 -76.44593
v 4.339673 -7.358029 -75.98584
v 3.741003 -7.358029 -75.98584
v 4.269438 -7.358029 -75.87788
v 3.811237 -7.358029 -75.87788
v 3.916349 -7.358029 -75.80575
v 4.164326 -7.358029 -75.80575
v 4.040338 -7.358029 -75.78042
v 4.339673 -2.248536 -76.24052
v 3.741003 -2.248536 -76.24052
v 4.269438 -2.248536 -76.34846
v 3.811236 -2.248536 -76.34846
v 4.164326 -2.248536 -76.42061
v 3.916349 -2.248536 -76.42061
v 4.040338 -2.248536 -76.44593
v 4.364336 -2.248536 -76.11318
v 3.71634 -2.248536 -76.11318
v 4.339673 -2.248536 -75.98584
v 3.741003 -2.248536 -75.98584
v 3.811236 -2.248536 -75.87788
v 4.269438 -2.248536 -75.87788
v 3.916349 -2.248536 -75.80575
v 4.164326 -2.248536 -75.80575
v 4.040338 -2.248536 -75.78042
v 2.669703 14.90455 -73.94278
v 2.622521 14.89474 -73.97342
v 2.622521 15.17327 -73.81696
v 2.669703 15.15569 -73.78445
v 2.622521 14.32789 -74.1189
v 2.622521 14.32789 -73.81921
v 2.622521 13.20391 -73.81921
v 2.622521 13.20391 -74.1189
v 2.622521 13.20391 -74.16727
v 2.622521 14.89474 -73.97342
v 2.622521 14.89474 -74.1189
v 2.622521 14.32789 -74.16727
v 2.622521 15.13178 -74.1189
v 2.622521 14.89474 -74.16727
v 2.622521 15.17327 -73.81696
v 2.622521 15.62889 -74.1189
v 2.622521 15.13178 -74.16727
v 2.622521 15.62889 -74.16727
v 2.622521 15.62889 -73.80817
v 2.622521 15.22995 -73.4356
v 2.622521 15.62889 -73.44563
v 2.669703 13.14085 -74.1605
v 2.669703 13.14085 -73.78445
v 2.669703 14.30399 -73.78445
v 2.669703 14.30399 -74.1605
v 2.669703 14.90455 -73.94278
v 2.669703 14.90455 -74.1605
v 2.669703 15.15569 -74.1605
v 2.669703 15.15569 -73.78445
v 2.669703 15.66889 -73.78445
v 2.669703 15.21574 -73.39137
v 2.669703 15.66889 -73.40228
v 2.669703 15.66889 -74.1605
v 2.669703 14.30399 -73.78445
v 2.669703 13.14085 -73.78445
v 2.622521 13.20391 -73.81921
v 2.622521 14.32789 -73.81921
v 2.669703 14.90455 -73.94278
v 2.622521 14.89474 -73.97342
v 2.669703 14.30399 -74.1605
v 2.669703 14.90455 -74.1605
v 2.795572 14.90455 -74.1605
v 2.795572 14.30399 -74.1605
v 2.669703 13.14085 -74.1605
v 2.795572 13.14085 -74.1605
v 2.795572 15.15569 -74.1605
v 2.669703 15.15569 -74.1605
v 2.795572 15.66889 -74.1605
v 2.669703 15.66889 -74.1605
v 2.669703 13.14085 -74.1605
v 2.669703 13.14085 -74.21737
v 2.622521 13.20391 -74.16727
v 2.622521 13.20391 -74.1189
v 2.669703 13.14085 -73.78445
v 2.622521 13.20391 -73.81921
v 2.669703 15.66889 -73.78445
v 2.622521 15.62889 -73.80817
v 2.622521 15.62889 -74.1189
v 2.669703 15.66889 -74.1605
v 2.622521 15.62889 -74.16727
v 2.622521 15.62889 -73.44563
v 2.669703 15.66889 -73.40228
v 2.669703 15.66889 -74.21737
v 2.669703 15.21574 -73.39137
v 2.622521 15.22995 -73.4356
v 2.622521 15.62889 -73.44563
v 2.669703 15.66889 -73.40228
v 2.669703 15.15569 -73.78445
v 2.622521 15.17327 -73.81696
v 2.622521 15.22995 -73.4356
v 2.669703 15.21574 -73.39137
v 2.669703 15.15569 -74.21737
v 2.669703 15.66889 -74.21737
v 2.622521 15.62889 -74.16727
v 2.622521 15.13178 -74.16727
v 2.669703 14.90455 -74.21737
v 2.622521 14.89474 -74.16727
v 2.622521 14.32789 -74.16727
v 2.669703 14.30399 -74.21737
v 2.622521 13.20391 -74.16727
v 2.669703 13.14085 -74.21737
v 2.669703 13.14085 -74.21737
v 2.669703 13.14085 -74.1605
v 2.795572 13.14085 -74.1605
v 2.795572 13.14085 -74.21737
v 2.669703 14.30399 -74.21737
v 2.669703 13.14085 -74.21737
v 2.795572 13.14085 -74.21737
v 2.795572 14.30399 -74.21737
v 2.669703 14.90455 -74.21737
v 2.795572 14.90455 -74.21737
v 2.669703 15.15569 -74.21737
v 2.795572 15.15569 -74.21737
v 2.669703 15.66889 -74.21737
v 2.795572 15.66889 -74.21737
v 2.795572 15.15569 -74.1605
v 2.795572 15.66889 -74.1605
v 2.795572 15.66889 -74.21737
v 2.795572 15.15569 -74.21737
v 2.795572 14.90455 -74.1605
v 2.795572 14.90455 -74.21737
v 2.795572 14.30399 -74.1605
v 2.795572 14.30399 -74.21737
v 2.795572 13.14085 -74.1605
v 2.795572 13.14085 -74.21737
v 2.669703 15.66889 -74.1605
v 2.669703 15.66889 -74.21737
v 2.795572 15.66889 -74.21737
v 2.795572 15.66889 -74.1605
v 2.669703 16.25275 -73.91336
v 2.622521 16.29838 -73.91336
v 2.622521 16.29838 -73.4528
v 2.669703 16.25275 -74.16206
v 2.669703 16.25275 -73.40228
v 2.622521 16.29838 -74.16206
v 2.622521 16.29838 -74.20654
v 2.669703 16.25275 -74.22758
v 2.669703 17.08685 -73.91336
v 2.669703 16.84421 -73.40228
v 2.622521 16.84421 -73.4528
v 2.622521 17.08685 -73.96388
v 2.622521 16.29838 -73.91336
v 2.622521 17.08685 -73.96388
v 2.622521 16.84421 -73.4528
v 2.622521 16.29838 -74.16206
v 2.622521 16.29838 -73.4528
v 2.622521 17.08685 -74.16206
v 2.622521 18.80434 -74.16206
v 2.622521 17.08685 -74.20654
v 2.622521 16.29838 -74.20654
v 2.622521 18.82713 -73.96388
v 2.622521 19.04274 -74.16206
v 2.622521 18.80434 -74.20654
v 2.622521 19.04274 -73.91336
v 2.628195 18.87042 -73.70077
v 2.628195 19.0222 -73.70077
v 2.622521 19.04274 -74.20654
v 2.622521 16.29838 -73.4528
v 2.622521 16.84421 -73.4528
v 2.669703 16.84421 -73.40228
v 2.669703 16.25275 -73.40228
v 2.669703 16.25275 -73.91336
v 2.669703 16.25275 -73.40228
v 2.669703 16.84421 -73.40228
v 2.669703 17.08685 -73.91336
v 2.669703 17.08685 -74.16206
v 2.669703 18.80434 -73.91336
v 2.669703 16.25275 -74.16206
v 2.669703 18.80434 -74.16206
v 2.669703 19.06974 -73.91336
v 2.664029 18.84763 -73.68587
v 2.669703 19.06974 -74.16206
v 2.664029 19.04919 -73.68587
v 2.669703 16.25275 -74.16206
v 2.669703 17.08685 -74.16206
v 2.804357 17.08685 -74.16206
v 2.804357 16.25275 -74.16206
v 2.804357 18.80434 -74.16206
v 2.669703 18.80434 -74.16206
v 2.804357 19.06974 -74.16206
v 2.669703 19.06974 -74.16206
v 2.622521 17.08685 -73.96388
v 2.622521 18.82713 -73.96388
v 2.669703 18.80434 -73.91336
v 2.669703 17.08685 -73.91336
v 2.669703 17.08685 -74.22758
v 2.669703 16.25275 -74.22758
v 2.804357 16.25275 -74.22758
v 2.622521 16.29838 -74.20654
v 2.804357 17.08685 -74.22758
v 2.669703 18.80434 -74.22758
v 2.622521 17.08685 -74.20654
v 2.622521 18.80434 -74.20654
v 2.622521 19.04274 -74.20654
v 2.669703 19.06974 -74.22758
v 2.804357 18.80434 -74.22758
v 2.804357 19.06974 -74.22758
v 2.669703 19.06974 -73.91336
v 2.622521 19.04274 -73.91336
v 2.622521 19.04274 -74.16206
v 2.669703 19.06974 -74.16206
v 2.622521 19.04274 -74.20654
v 2.628195 19.0222 -73.70077
v 2.664029 19.04919 -73.68587
v 2.669703 19.06974 -74.22758
v 2.804357 19.06974 -74.22758
v 2.804357 19.06974 -74.16206
v 2.669703 18.80434 -73.91336
v 2.622521 18.82713 -73.96388
v 2.628195 18.87042 -73.70077
v 2.664029 18.84763 -73.68587
v 2.669703 16.25275 -74.22758
v 2.669703 16.25275 -74.16206
v 2.804357 16.25275 -74.16206
v 2.804357 16.25275 -74.22758
v 2.664029 18.84763 -73.68587
v 2.628195 18.87042 -73.70077
v 2.628195 19.0222 -73.70077
v 2.664029 19.04919 -73.68587
v 2.804357 16.25275 -74.16206
v 2.804357 17.08685 -74.16206
v 2.804357 17.08685 -74.22758
v 2.804357 16.25275 -74.22758
v 2.804357 18.80434 -74.22758
v 2.804357 18.80434 -74.16206
v 2.804357 19.06974 -74.22758
v 2.804357 19.06974 -74.16206
v 3.512705 7.204865 -64.73302
v 3.512705 7.088745 -64.54072
v 3.684515 6.56178 -64.96733
v 3.684515 6.64329 -65.11405
v 3.684515 6.822612 -65.34229
v 3.512705 7.367671 -64.92263
v 3.684515 7.073077 -65.63299
v 3.512705 7.613626 -65.22595
v 3.512705 8.125363 -66.00237
v 3.684515 7.596357 -66.4006
v 3.512705 8.591508 -66.88791
v 3.684515 8.029458 -67.22047
v 3.512705 8.978684 -67.73547
v 3.684515 8.399677 -68.07734
v 3.512705 9.365452 -68.72468
v 3.684515 8.74159 -69.07457
v 3.512705 9.663676 -69.61289
v 3.684515 9.022334 -69.97209
v 3.684515 9.383816 -71.24772
v 3.512705 10.12842 -71.25497
v 3.684515 9.539919 -72.16961
v 3.512705 10.29325 -72.17686
v 3.684515 9.654655 -74.16122
v 3.512705 10.44253 -74.12685
v 4.548356 9.663673 -69.6129
v 4.548356 10.12835 -71.25478
v 4.376545 9.383816 -71.24772
v 4.376545 9.54026 -72.16959
v 4.376545 9.022334 -69.97209
v 4.376545 8.74159 -69.07457
v 4.548356 10.29361 -72.17664
v 4.376545 9.654655 -74.13017
v 4.548356 10.44253 -74.09837
v 4.548356 9.365452 -68.72468
v 4.376545 8.399677 -68.07734
v 4.548356 8.978684 -67.73547
v 4.376545 8.029458 -67.22047
v 4.548356 8.591508 -66.88791
v 4.376545 7.596357 -66.4006
v 4.548356 8.125363 -66.00237
v 4.376545 7.073077 -65.63299
v 4.548356 7.613626 -65.22595
v 4.548356 7.367671 -64.92263
v 4.376545 6.822612 -65.34229
v 4.548356 7.204865 -64.73302
v 4.376545 6.64329 -65.11405
v 4.376545 6.56178 -64.96733
v 4.548356 7.088745 -64.54072
v 4.764828 9.727509 -62.62243
v 3.296233 9.727509 -62.62243
v 3.296233 9.896871 -62.76416
v 4.764828 9.896871 -62.76416
v 3.296233 12.19605 -67.93301
v 3.296233 12.549 -68.91441
v 4.764827 12.549 -68.91441
v 4.764828 12.19605 -67.93301
v 3.296233 12.82489 -69.80372
v 4.764827 12.82489 -69.80372
v 3.296233 13.14688 -71.03204
v 4.764828 13.14688 -71.03204
v 4.764828 13.36365 -74.02822
v 3.296233 13.36397 -74.03104
v 3.296233 9.896871 -62.76416
v 3.296233 9.962079 -63.13277
v 4.764827 9.962079 -63.13277
v 4.764828 9.896871 -62.76416
v 4.764828 7.24861 -64.41129
v 3.296233 7.24861 -64.41129
v 3.296233 9.727509 -62.62243
v 4.548356 7.088745 -64.54072
v 4.764828 9.727509 -62.62243
v 3.512705 7.088745 -64.54072
v 4.376545 6.56178 -64.96733
v 3.684515 6.56178 -64.96733
v 4.376545 8.74159 -69.07457
v 3.684515 8.74159 -69.07457
v 3.684515 8.399677 -68.07734
v 4.376545 9.022334 -69.97209
v 4.376545 8.399677 -68.07734
v 3.684515 8.029458 -67.22047
v 4.376545 8.029458 -67.22047
v 3.684515 7.596357 -66.4006
v 4.376545 7.596357 -66.4006
v 3.684515 9.022334 -69.97209
v 3.684515 9.383816 -71.24772
v 4.376545 9.383816 -71.24772
v 3.684515 9.539919 -72.16961
v 4.376545 9.54026 -72.16959
v 4.376545 9.654655 -74.13017
v 3.684515 9.654655 -74.16122
v 4.376545 7.073077 -65.63299
v 3.684515 7.073077 -65.63299
v 3.684515 6.822612 -65.34229
v 4.376545 7.596357 -66.4006
v 4.376545 6.822612 -65.34229
v 3.684515 6.64329 -65.11405
v 4.376545 6.64329 -65.11405
v 4.376545 6.56178 -64.96733
v 3.684515 6.56178 -64.96733
v 3.684515 7.596357 -66.4006
v 4.764828 9.154338 -67.63174
v 4.764828 11.83803 -67.07371
v 4.764828 9.554713 -68.61852
v 4.764828 12.19605 -67.93301
v 4.764828 9.858236 -69.50394
v 4.764827 12.549 -68.91441
v 4.764827 12.82489 -69.80372
v 4.764828 10.35421 -71.25692
v 4.764828 13.14688 -71.03204
v 4.764828 10.52215 -72.17879
v 4.764828 13.36365 -74.02822
v 4.764828 10.68155 -74.08873
v 4.764828 8.762018 -66.78703
v 4.764828 8.285848 -65.88155
v 4.764827 9.962079 -63.13277
v 4.764828 7.777614 -65.10246
v 4.764828 7.533025 -64.7953
v 4.764828 7.24861 -64.41129
v 4.764828 9.727509 -62.62243
v 4.764828 9.896871 -62.76416
v 4.764828 7.375231 -64.61742
v 3.296233 11.83803 -67.07371
v 4.764828 11.83803 -67.07371
v 4.764827 9.962079 -63.13277
v 3.296233 9.962079 -63.13277
v 4.764828 12.19605 -67.93301
v 3.296233 12.19605 -67.93301
v 3.512705 9.365452 -68.72468
v 3.512705 9.663676 -69.61289
v 3.296233 9.858241 -69.50393
v 3.512705 10.12842 -71.25497
v 3.296233 9.554713 -68.61852
v 3.296233 10.35431 -71.25716
v 3.512705 10.29325 -72.17686
v 3.296233 10.52179 -72.17905
v 3.512705 10.44253 -74.12685
v 3.512705 8.978684 -67.73547
v 3.296233 9.154338 -67.63174
v 3.512705 8.591508 -66.88791
v 3.296233 8.762018 -66.78703
v 3.296233 10.68155 -74.11642
v 3.512705 8.125363 -66.00237
v 3.296233 8.285848 -65.88155
v 3.512705 7.613626 -65.22595
v 3.296233 7.777614 -65.10246
v 3.296233 7.533025 -64.7953
v 3.512705 7.367671 -64.92263
v 3.296233 7.375231 -64.61742
v 3.512705 7.204865 -64.73302
v 3.512705 7.088745 -64.54072
v 3.296233 7.24861 -64.41129
v 4.764828 9.858236 -69.50394
v 4.548356 9.663673 -69.6129
v 4.548356 9.365452 -68.72468
v 4.764828 9.554713 -68.61852
v 4.548356 8.978684 -67.73547
v 4.764828 9.154338 -67.63174
v 4.548356 8.591508 -66.88791
v 4.764828 8.762018 -66.78703
v 4.548356 8.125363 -66.00237
v 4.764828 8.285848 -65.88155
v 4.548356 7.613626 -65.22595
v 4.764828 7.777614 -65.10246
v 4.764828 7.533025 -64.7953
v 4.548356 7.367671 -64.92263
v 4.764828 7.375231 -64.61742
v 4.548356 7.204865 -64.73302
v 4.548356 7.088745 -64.54072
v 4.764828 7.24861 -64.41129
v 4.548356 10.29361 -72.17664
v 4.548356 10.12835 -71.25478
v 4.764828 10.35421 -71.25692
v 4.764828 10.52215 -72.17879
v 4.548356 10.44253 -74.09837
v 4.764828 10.68155 -74.08873
v 3.296233 8.285848 -65.88155
v 3.296233 9.962079 -63.13277
v 3.296233 7.777614 -65.10246
v 3.296233 11.83803 -67.07371
v 3.296233 8.762018 -66.78703
v 3.296233 9.154338 -67.63174
v 3.296233 9.554713 -68.61852
v 3.296233 12.19605 -67.93301
v 3.296233 9.858241 -69.50393
v 3.296233 12.549 -68.91441
v 3.296233 12.82489 -69.80372
v 3.296233 10.35431 -71.25716
v 3.296233 13.14688 -71.03204
v 3.296233 10.52179 -72.17905
v 3.296233 13.36397 -74.03104
v 3.296233 10.68155 -74.11642
v 3.296233 7.533025 -64.7953
v 3.296233 7.24861 -64.41129
v 3.296233 9.727509 -62.62243
v 3.296233 9.896871 -62.76416
v 3.296233 7.375231 -64.61742
v 2.889424 21.65051 -74.50888
v 3.008611 21.70814 -74.50888
v 3.008611 21.53476 -73.38412
v 2.889424 21.47713 -73.38412
v 2.840055 21.51139 -74.50888
v 2.889424 21.65051 -74.50888
v 2.889424 21.47713 -73.38412
v 2.840055 21.33801 -73.38412
v 2.889424 21.37227 -74.50888
v 2.840055 21.51139 -74.50888
v 2.840055 21.33801 -73.38412
v 2.889424 21.19889 -73.38412
v 3.008611 21.31464 -74.50888
v 2.889424 21.37227 -74.50888
v 2.889424 21.19889 -73.38412
v 3.008611 21.14126 -73.38412
v 3.008611 21.31464 -74.50888
v 3.008611 21.14126 -73.38412
v 3.127799 21.19889 -73.38412
v 3.127799 21.37227 -74.50888
v 3.127799 21.37227 -74.50888
v 3.127799 21.19889 -73.38412
v 3.177168 21.33801 -73.38412
v 3.177168 21.51139 -74.50888
v 3.177168 21.51139 -74.50888
v 3.177168 21.33801 -73.38412
v 3.127799 21.47713 -73.38412
v 3.127799 21.65051 -74.50888
v 3.127799 21.65051 -74.50888
v 3.127799 21.47713 -73.38412
v 3.008611 21.53476 -73.38412
v 3.008611 21.70814 -74.50888
v 3.127799 21.19889 -73.38412
v 2.889424 21.19889 -73.38412
v 3.177168 21.33801 -73.38412
v 2.840055 21.33801 -73.38412
v 3.127799 21.47713 -73.38412
v 2.889424 21.47713 -73.38412
v 3.008611 21.53476 -73.38412
v 3.008611 21.14126 -73.38412
v 2.840055 21.51139 -74.50888
v 3.177168 21.51139 -74.50888
v 2.889424 21.65051 -74.50888
v 3.127799 21.65051 -74.50888
v 3.008611 21.70814 -74.50888
v 2.889424 21.37227 -74.50888
v 3.127799 21.37227 -74.50888
v 3.008611 21.31464 -74.50888
v 3.399676 35.27695 -72.37289
v 3.084748 35.27695 -72.37289
v 3.084748 34.7346 -72.40285
v 3.399676 34.68808 -72.40285
v 3.399676 35.30396 -71.4929
v 3.399676 34.60115 -71.50008
v 3.084748 34.64767 -71.50008
v 3.084748 35.30396 -71.4929
v 3.084748 34.64767 -71.50008
v 3.399676 34.60115 -71.50008
v 3.399676 34.68808 -72.40285
v 3.084748 34.7346 -72.40285
v 3.084748 35.27695 -72.37289
v 3.084748 35.30396 -71.4929
v 3.084748 34.64767 -71.50008
v 3.084748 34.7346 -72.40285
v 3.399676 35.27695 -72.37289
v 3.399676 35.30396 -71.4929
v 3.084748 35.30396 -71.4929
v 3.084748 35.27695 -72.37289
v 3.399676 34.68808 -72.40285
v 3.399676 34.60115 -71.50008
v 3.399676 35.30396 -71.4929
v 3.399676 35.27695 -72.37289
v 3.270609 8.084161 -76.56405
v 3.270609 7.673583 -76.03944
v 3.270609 7.636235 -77.07923
v 3.270609 6.815467 -77.10754
v 3.270609 6.92829 -75.84132
v 3.270609 5.470182 -77.12466
v 3.270609 4.465915 -75.58621
v 3.270609 4.466377 -77.19243
v 3.270609 6.928216 -75.58621
v 3.270609 4.655058 -77.3717
v 3.270609 5.272066 -77.37938
v 3.270609 8.098118 -76.06774
v 3.270609 8.070203 -77.06037
v 3.270609 8.272842 -76.65839
v 3.270609 8.268319 -77.06037
v 3.270609 4.466377 -77.19243
v 3.270609 4.465915 -75.58621
v 4.790796 4.465915 -75.58621
v 4.790795 4.466377 -77.19243
v 4.790796 4.465915 -75.58621
v 3.270609 4.465915 -75.58621
v 3.270609 6.928216 -75.58621
v 4.790796 6.928216 -75.58621
v 4.790796 8.084161 -76.56405
v 4.790796 7.636235 -77.07923
v 4.790796 7.673583 -76.03944
v 4.790796 6.815467 -77.10754
v 4.790796 6.92829 -75.84132
v 4.790796 5.470182 -77.12466
v 4.790796 8.070203 -77.06037
v 4.790795 8.272842 -76.65839
v 4.790796 8.268319 -77.06037
v 4.790796 8.098118 -76.06774
v 4.790796 4.465915 -75.58621
v 4.790795 4.466377 -77.19243
v 4.790796 4.655058 -77.3717
v 4.790796 5.272066 -77.37938
v 4.790796 6.928216 -75.58621
v 3.270609 6.928216 -75.58621
v 3.270609 6.92829 -75.84132
v 4.790796 6.92829 -75.84132
v 4.790796 6.928216 -75.58621
v 3.270609 6.92829 -75.84132
v 3.270609 7.673583 -76.03944
v 4.790796 7.673583 -76.03944
v 4.790796 6.92829 -75.84132
v 4.790796 8.098118 -76.06774
v 3.270609 8.098118 -76.06774
v 3.270609 6.815467 -77.10754
v 4.790796 6.815467 -77.10754
v 4.790796 7.636235 -77.07923
v 3.270609 7.636235 -77.07923
v 4.790796 8.070203 -77.06037
v 3.270609 8.070203 -77.06037
v 4.790796 8.268319 -77.06037
v 3.270609 8.268319 -77.06037
v 4.790796 5.470182 -77.12466
v 3.270609 5.470182 -77.12466
v 3.270609 5.272066 -77.37938
v 3.270609 4.655058 -77.3717
v 4.790796 4.655058 -77.3717
v 4.790796 5.272066 -77.37938
v 3.270609 8.084161 -76.56405
v 3.270609 8.272842 -76.65839
v 4.790795 8.272842 -76.65839
v 4.790796 8.084161 -76.56405
v 3.270609 4.655058 -77.3717
v 3.270609 4.466377 -77.19243
v 4.790795 4.466377 -77.19243
v 4.790796 4.655058 -77.3717
v 3.270609 5.272066 -77.37938
v 4.790796 5.272066 -77.37938
v 4.790796 5.470182 -77.12466
v 3.270609 5.470182 -77.12466
v 3.270609 8.098118 -76.06774
v 3.270609 8.084161 -76.56405
v 4.790796 8.084161 -76.56405
v 4.790796 8.098118 -76.06774
v 3.270609 8.272842 -76.65839
v 3.270609 8.268319 -77.06037
v 4.790796 8.268319 -77.06037
v 4.790795 8.272842 -76.65839
v 4.028344 -13.0659 -74.0946
v 4.028344 -2.400886 -74.0946
v 3.931252 -2.400886 -74.0533
v 3.931252 -13.0659 -74.0533
v 3.931252 -13.0659 -74.0533
v 3.931252 -2.400886 -74.0533
v 3.891036 -2.400886 -73.95358
v 3.891036 -13.0659 -73.95358
v 3.891036 -13.0659 -73.95358
v 3.891036 -2.400886 -73.95358
v 3.931252 -2.400886 -73.85387
v 3.931252 -13.0659 -73.85387
v 3.931252 -13.0659 -73.85387
v 3.931252 -2.400886 -73.85387
v 4.028344 -2.400886 -73.81256
v 4.028344 -13.0659 -73.81256
v 4.028344 -13.0659 -73.81256
v 4.028344 -2.400886 -73.81256
v 4.125436 -2.400886 -73.85387
v 4.125436 -13.0659 -73.85387
v 4.125436 -13.0659 -73.85387
v 4.125436 -2.400886 -73.85387
v 4.165653 -2.400886 -73.95358
v 4.165653 -13.0659 -73.95358
v 3.931252 -13.0659 -73.85387
v 4.165653 -13.0659 -73.95358
v 3.891036 -13.0659 -73.95358
v 3.931252 -13.0659 -74.0533
v 4.125436 -13.0659 -74.0533
v 4.028344 -13.0659 -74.0946
v 4.125436 -13.0659 -73.85387
v 4.028344 -13.0659 -73.81256
v 4.165653 -13.0659 -73.95358
v 4.165653 -2.400886 -73.95358
v 4.125436 -2.400886 -74.0533
v 4.125436 -13.0659 -74.0533
v 4.125436 -13.0659 -74.0533
v 4.125436 -2.400886 -74.0533
v 4.028344 -2.400886 -74.0946
v 4.028344 -13.0659 -74.0946
v 4.125436 -2.400886 -73.85387
v 3.931252 -2.400886 -73.85387
v 4.165653 -2.400886 -73.95358
v 3.891036 -2.400886 -73.95358
v 4.125436 -2.400886 -74.0533
v 3.931252 -2.400886 -74.0533
v 4.028344 -2.400886 -74.0946
v 4.028344 -2.400886 -73.81256
v 3.77957 6.725822 -64.99058
v 3.628656 7.214406 -64.59048
v 3.62441 7.25993 -64.69318
v 3.779184 6.749718 -65.04273
v 3.781063 6.920181 -65.26191
v 3.625084 7.418698 -64.88001
v 3.779837 7.174323 -65.5556
v 3.624704 7.667911 -65.18623
v 3.624263 8.184113 -65.96769
v 3.779337 7.705528 -66.33495
v 3.624389 8.65253 -66.85794
v 3.779701 8.143785 -67.16553
v 3.624836 9.040336 -67.70933
v 3.780345 8.517811 -68.03124
v 3.62554 9.426888 -68.70235
v 3.782429 8.861013 -69.03503
v 3.625983 9.725245 -69.59386
v 3.782815 9.142922 -69.93602
v 3.781577 9.50806 -71.21964
v 3.62613 10.19092 -71.24052
v 3.782375 9.666598 -72.15511
v 3.626791 10.35532 -72.16886
v 3.785014 9.780032 -74.15374
v 3.627748 10.50279 -74.12224
v 4.279481 9.508038 -71.21964
v 4.434929 10.19084 -71.24032
v 4.435078 9.725241 -69.59386
v 4.278246 9.142922 -69.93602
v 4.278632 8.861013 -69.03503
v 4.278647 9.666762 -72.15509
v 4.434269 10.35567 -72.16862
v 4.27598 9.779722 -74.1227
v 4.433316 10.50279 -74.09371
v 4.435522 9.426888 -68.70235
v 4.280716 8.517811 -68.03124
v 4.436225 9.040336 -67.70933
v 4.281359 8.143785 -67.16553
v 4.436672 8.65253 -66.85794
v 4.281724 7.705528 -66.33495
v 4.436798 8.184112 -65.96769
v 4.281224 7.174323 -65.5556
v 4.436356 7.66791 -65.18623
v 4.435977 7.418698 -64.88001
v 4.279998 6.920181 -65.26191
v 4.43665 7.25993 -64.69318
v 4.281877 6.749718 -65.04273
v 4.28149 6.725822 -64.99058
v 4.432405 7.214406 -64.59048
v 3.410995 9.77229 -62.83624
v 3.414926 9.721616 -62.78664
v 4.646135 9.721616 -62.78664
v 4.650066 9.77229 -62.83624
v 3.420469 12.42887 -68.95461
v 3.420337 12.0778 -67.97888
v 4.640724 12.0778 -67.97888
v 4.640592 12.42887 -68.95461
v 3.42047 12.70308 -69.83857
v 4.640592 12.70308 -69.83857
v 3.417221 13.01813 -71.05339
v 4.64384 13.01814 -71.05339
v 4.639383 13.23854 -74.03728
v 3.421678 13.23884 -74.04008
v 3.420337 11.7222 -67.12537
v 4.640724 11.7222 -67.12537
v 4.645452 9.835633 -63.17323
v 3.415609 9.835633 -63.17323
v 3.410995 9.77229 -62.83624
v 4.650066 9.77229 -62.83624
v 3.414926 9.721616 -62.78664
v 3.42674 7.361687 -64.47162
v 4.634321 7.361687 -64.47162
v 3.628656 7.214406 -64.59048
v 4.646135 9.721616 -62.78664
v 4.432405 7.214406 -64.59048
v 4.28149 6.725822 -64.99058
v 3.77957 6.725822 -64.99058
v 3.780345 8.517811 -68.03124
v 3.782429 8.861013 -69.03503
v 4.278632 8.861013 -69.03503
v 4.278246 9.142922 -69.93602
v 4.280716 8.517811 -68.03124
v 3.782815 9.142922 -69.93602
v 4.279481 9.508038 -71.21964
v 3.781577 9.50806 -71.21964
v 4.278647 9.666762 -72.15509
v 3.782375 9.666598 -72.15511
v 4.27598 9.779722 -74.1227
v 3.785014 9.780032 -74.15374
v 3.781063 6.920181 -65.26191
v 3.779837 7.174323 -65.5556
v 4.281224 7.174323 -65.5556
v 4.281724 7.705528 -66.33495
v 4.279998 6.920181 -65.26191
v 3.779184 6.749718 -65.04273
v 4.281877 6.749718 -65.04273
v 3.77957 6.725822 -64.99058
v 4.28149 6.725822 -64.99058
v 3.779337 7.705528 -66.33495
v 4.281359 8.143785 -67.16553
v 3.779701 8.143785 -67.16553
v 4.280716 8.517811 -68.03124
v 3.780345 8.517811 -68.03124
v 4.640256 8.334871 -65.85272
v 4.645452 9.835633 -63.17323
v 4.640231 7.822969 -65.06953
v 4.640724 11.7222 -67.12537
v 4.639877 8.812445 -66.76216
v 4.63991 9.205255 -67.60986
v 4.639873 9.605302 -68.59986
v 4.640724 12.0778 -67.97888
v 4.639819 9.908868 -69.48818
v 4.640592 12.42887 -68.95461
v 4.640592 12.70308 -69.83857
v 4.640193 10.4062 -71.24485
v 4.64384 13.01814 -71.05339
v 4.640189 10.57379 -72.17199
v 4.639383 13.23854 -74.03728
v 4.639383 10.73062 -74.08478
v 4.639751 7.574847 -64.76029
v 4.634321 7.361687 -64.47162
v 4.646135 9.721616 -62.78664
v 4.650066 9.77229 -62.83624
v 4.640798 7.421415 -64.58361
v 3.62554 9.426888 -68.70235
v 3.421188 9.6053 -68.59986
v 3.421242 9.908872 -69.48818
v 3.625983 9.725245 -69.59386
v 3.62613 10.19092 -71.24052
v 3.420864 10.4063 -71.2451
v 3.626791 10.35532 -72.16886
v 3.420869 10.57343 -72.17228
v 3.624836 9.040336 -67.70933
v 3.421152 9.205255 -67.60986
v 3.624389 8.65253 -66.85794
v 3.421183 8.812445 -66.76216
v 3.627748 10.50279 -74.12224
v 3.421678 10.73061 -74.11252
v 3.624263 8.184113 -65.96769
v 3.420805 8.334871 -65.85272
v 3.624704 7.667911 -65.18623
v 3.42083 7.822969 -65.06953
v 3.421309 7.574847 -64.76029
v 3.625084 7.418698 -64.88001
v 3.420263 7.421415 -64.58361
v 3.62441 7.25993 -64.69318
v 3.628656 7.214406 -64.59048
v 3.42674 7.361687 -64.47162
v 4.435522 9.426888 -68.70235
v 4.435078 9.725241 -69.59386
v 4.639819 9.908868 -69.48818
v 4.639873 9.605302 -68.59986
v 4.436225 9.040336 -67.70933
v 4.63991 9.205255 -67.60986
v 4.436672 8.65253 -66.85794
v 4.639877 8.812445 -66.76216
v 4.436798 8.184112 -65.96769
v 4.640256 8.334871 -65.85272
v 4.436356 7.66791 -65.18623
v 4.640231 7.822969 -65.06953
v 4.639751 7.574847 -64.76029
v 4.435977 7.418698 -64.88001
v 4.640798 7.421415 -64.58361
v 4.43665 7.25993 -64.69318
v 4.432405 7.214406 -64.59048
v 4.634321 7.361687 -64.47162
v 4.434929 10.19084 -71.24032
v 4.640193 10.4062 -71.24485
v 4.434269 10.35567 -72.16862
v 4.640189 10.57379 -72.17199
v 4.433316 10.50279 -74.09371
v 4.639383 10.73062 -74.08478
v 3.421183 8.812445 -66.76216
v 3.420337 11.7222 -67.12537
v 3.421152 9.205255 -67.60986
v 3.421188 9.6053 -68.59986
v 3.420337 12.0778 -67.97888
v 3.421242 9.908872 -69.48818
v 3.420469 12.42887 -68.95461
v 3.42047 12.70308 -69.83857
v 3.420864 10.4063 -71.2451
v 3.417221 13.01813 -71.05339
v 3.420869 10.57343 -72.17228
v 3.421678 13.23884 -74.04008
v 3.421678 10.73061 -74.11252
v 3.420805 8.334871 -65.85272
v 3.415609 9.835633 -63.17323
v 3.42083 7.822969 -65.06953
v 3.421309 7.574847 -64.76029
v 3.42674 7.361687 -64.47162
v 3.414926 9.721616 -62.78664
v 3.410995 9.77229 -62.83624
v 3.420263 7.421415 -64.58361
v 4.764828 13.36365 -74.02822
v 3.296233 13.36397 -74.03104
v 3.421678 13.23884 -74.04008
v 4.639383 13.23854 -74.03728
v 4.764828 10.68155 -74.08873
v 3.296233 10.68155 -74.11642
v 3.421678 10.73061 -74.11252
v 3.512705 10.44253 -74.12685
v 3.627748 10.50279 -74.12224
v 3.785014 9.780032 -74.15374
v 3.684515 9.654655 -74.16122
v 4.376545 9.654655 -74.13017
v 4.27598 9.779722 -74.1227
v 4.548356 10.44253 -74.09837
v 4.639383 10.73062 -74.08478
v 4.433316 10.50279 -74.09371
v 3.599366 21.0972 -76.23
v 3.599366 21.13685 -75.58007
v 3.599366 20.66815 -76.02377
v 3.599366 21.24718 -76.1675
v 3.599366 21.52215 -75.61131
v 4.461809 21.13685 -75.58007
v 4.461809 21.24718 -76.1675
v 4.461809 21.0972 -76.23
v 4.461809 21.52215 -75.61131
v 4.461809 20.66815 -76.02377
v 3.599366 21.24718 -76.1675
v 3.599366 21.0972 -76.23
v 4.461809 21.0972 -76.23
v 4.461809 21.24718 -76.1675
v 3.599366 21.0972 -76.23
v 3.599366 20.66815 -76.02377
v 4.461809 20.66815 -76.02377
v 4.461809 21.0972 -76.23
v 3.599366 21.13685 -75.58007
v 3.599366 21.52215 -75.61131
v 4.461809 21.52215 -75.61131
v 4.461809 21.13685 -75.58007
v 3.599366 20.66815 -76.02377
v 3.599366 21.13685 -75.58007
v 4.461809 21.13685 -75.58007
v 4.461809 20.66815 -76.02377
v 3.599366 21.52215 -75.61131
v 3.599366 21.24718 -76.1675
v 4.461809 21.24718 -76.1675
v 4.461809 21.52215 -75.61131
v 2.873295 19.19345 -74.25872
v 2.873295 19.19345 -73.42632
v 2.7677 19.12739 -73.4801
v 2.7677 19.12739 -74.24771
v 2.7677 19.04037 -74.3535
v 2.7677 19.04043 -73.35283
v 2.7677 13.26199 -74.32209
v 2.7677 13.21844 -73.35283
v 2.7677 13.07162 -73.79296
v 2.7677 13.10137 -74.21452
v 2.7677 19.12739 -73.4801
v 2.7677 19.12739 -74.24771
v 2.7677 13.21844 -73.35283
v 2.7677 19.04043 -73.35283
v 2.873295 19.10217 -73.29557
v 2.873295 13.1356 -73.29557
v 2.7677 13.26199 -74.32209
v 2.873295 13.18132 -74.33937
v 2.873295 19.1021 -74.37344
v 2.7677 19.04037 -74.3535
v 2.7677 19.12739 -74.24771
v 2.7677 19.04037 -74.3535
v 2.873295 19.1021 -74.37344
v 2.873295 19.19345 -74.25872
v 2.873295 19.19345 -73.42632
v 2.873295 19.10217 -73.29557
v 2.7677 19.04043 -73.35283
v 2.7677 19.12739 -73.4801
v 2.873295 13.01271 -74.22274
v 2.7677 13.10137 -74.21452
v 2.7677 13.07162 -73.79296
v 2.873295 12.98148 -73.76559
v 2.7677 13.21844 -73.35283
v 2.873295 13.1356 -73.29557
v 2.873295 13.18132 -74.33937
v 2.7677 13.26199 -74.32209
v 2.7677 13.10137 -74.21452
v 2.873295 13.01271 -74.22274
v 2.873295 13.1356 -73.29557
v 2.873295 13.18132 -74.33937
v 2.873295 12.98148 -73.76559
v 2.873295 13.01271 -74.22274
v 2.873295 19.10217 -73.29557
v 2.873295 19.1021 -74.37344
v 2.873295 19.19345 -73.42632
v 2.873295 19.19345 -74.25872
v 3.599366 21.27851 -76.10413
v 3.599366 21.30751 -76.04549
v 4.461809 21.30751 -76.04549
v 4.461809 21.27851 -76.10413
v 4.443882 21.55277 -75.71815
v 3.617294 21.55277 -75.71815
v 3.617294 21.53398 -75.75616
v 4.443882 21.53398 -75.75616
v 4.443882 21.50694 -75.81085
v 3.617294 21.50694 -75.81085
v 3.617294 21.48815 -75.84886
v 4.443882 21.48815 -75.84886
v 4.443882 21.46112 -75.90355
v 3.617294 21.46112 -75.90355
v 3.617294 21.44233 -75.94156
v 4.443882 21.44233 -75.94156
v 4.443882 21.41529 -75.99625
v 3.617294 21.41529 -75.99625
v 3.617294 21.39649 -76.03426
v 4.443882 21.39649 -76.03426
v 3.617294 21.36946 -76.08894
v 3.617294 21.35067 -76.12696
v 4.443882 21.35067 -76.12696
v 4.443882 21.36946 -76.08894
v 3.599366 21.32434 -76.01144
v 3.599366 21.35333 -75.95279
v 4.461809 21.35333 -75.95279
v 4.461809 21.32434 -76.01144
v 3.599366 21.37017 -75.91873
v 3.599366 21.39916 -75.86009
v 4.461809 21.39916 -75.86009
v 4.461809 21.37017 -75.91873
v 3.599366 21.416 -75.82603
v 3.599366 21.44499 -75.7674
v 4.461809 21.44499 -75.7674
v 4.461809 21.416 -75.82603
v 3.599366 21.46183 -75.73334
v 3.599366 21.49082 -75.67469
v 4.461809 21.49082 -75.67469
v 4.461809 21.46183 -75.73334
v 4.461809 21.32434 -76.01144
v 4.461809 21.35333 -75.95279
v 4.443882 21.41529 -75.99625
v 4.443882 21.39649 -76.03426
v 3.599366 21.46183 -75.73334
v 4.461809 21.46183 -75.73334
v 4.443882 21.53398 -75.75616
v 3.617294 21.53398 -75.75616
v 4.461809 21.30751 -76.04549
v 3.599366 21.30751 -76.04549
v 3.617294 21.36946 -76.08894
v 4.443882 21.36946 -76.08894
v 3.599366 21.27851 -76.10413
v 3.617294 21.35067 -76.12696
v 3.617294 21.36946 -76.08894
v 3.599366 21.30751 -76.04549
v 3.599366 21.37017 -75.91873
v 4.461809 21.37017 -75.91873
v 4.443882 21.44233 -75.94156
v 3.617294 21.44233 -75.94156
v 4.461809 21.49082 -75.67469
v 4.443882 21.55277 -75.71815
v 4.443882 21.53398 -75.75616
v 4.461809 21.46183 -75.73334
v 4.461809 21.27851 -76.10413
v 4.461809 21.30751 -76.04549
v 4.443882 21.36946 -76.08894
v 4.443882 21.35067 -76.12696
v 4.461809 21.416 -75.82603
v 4.461809 21.44499 -75.7674
v 4.443882 21.50694 -75.81085
v 4.443882 21.48815 -75.84886
v 3.599366 21.44499 -75.7674
v 3.599366 21.416 -75.82603
v 3.617294 21.48815 -75.84886
v 3.617294 21.50694 -75.81085
v 3.599366 21.32434 -76.01144
v 4.461809 21.32434 -76.01144
v 4.443882 21.39649 -76.03426
v 3.617294 21.39649 -76.03426
v 4.461809 21.44499 -75.7674
v 3.599366 21.44499 -75.7674
v 3.617294 21.50694 -75.81085
v 4.443882 21.50694 -75.81085
v 3.599366 21.49082 -75.67469
v 3.617294 21.55277 -75.71815
v 4.443882 21.55277 -75.71815
v 4.461809 21.49082 -75.67469
v 3.599366 21.416 -75.82603
v 4.461809 21.416 -75.82603
v 4.443882 21.48815 -75.84886
v 3.617294 21.48815 -75.84886
v 3.599366 21.27851 -76.10413
v 4.461809 21.27851 -76.10413
v 4.443882 21.35067 -76.12696
v 3.617294 21.35067 -76.12696
v 4.461809 21.39916 -75.86009
v 4.443882 21.46112 -75.90355
v 4.443882 21.44233 -75.94156
v 4.461809 21.37017 -75.91873
v 3.599366 21.49082 -75.67469
v 3.599366 21.46183 -75.73334
v 3.617294 21.53398 -75.75616
v 3.617294 21.55277 -75.71815
v 3.599366 21.32434 -76.01144
v 3.617294 21.39649 -76.03426
v 3.617294 21.41529 -75.99625
v 3.599366 21.35333 -75.95279
v 4.461809 21.35333 -75.95279
v 3.599366 21.35333 -75.95279
v 3.617294 21.41529 -75.99625
v 4.443882 21.41529 -75.99625
v 3.599366 21.39916 -75.86009
v 3.599366 21.37017 -75.91873
v 3.617294 21.44233 -75.94156
v 3.617294 21.46112 -75.90355
v 4.461809 21.39916 -75.86009
v 3.599366 21.39916 -75.86009
v 3.617294 21.46112 -75.90355
v 4.443882 21.46112 -75.90355
v 3.765038 -2.569538 -75.68659
v 3.227837 -2.569538 -73.99454
v 4.901818 -2.569538 -73.99454
v 3.188952 -2.569538 -75.52758
v 3.476995 -2.569538 -75.66529
v 3.266133 -2.569538 -75.60709
v 4.364618 -2.569538 -75.68659
v 4.940703 -2.569538 -75.52758
v 4.652661 -2.569538 -75.66529
v 4.863523 -2.569538 -75.60709
v 4.351309 -2.569538 -73.50618
v 3.778347 -2.569538 -73.50618
v 3.503092 -2.569538 -73.57161
v 3.301591 -2.569538 -73.75036
v 4.626564 -2.569538 -73.57161
v 4.828064 -2.569538 -73.75036
v 3.188952 -2.351285 -75.52758
v 3.227837 -2.351285 -73.99454
v 3.227837 -2.569538 -73.99454
v 3.188952 -2.569538 -75.52758
v 3.301591 -2.351285 -73.75036
v 3.301591 -2.569538 -73.75036
v 4.364618 -2.351285 -75.68659
v 3.765038 -2.351285 -75.68659
v 3.765038 -2.569538 -75.68659
v 4.364618 -2.569538 -75.68659
v 4.652661 -2.569538 -75.66529
v 4.652661 -2.351285 -75.66529
v 4.863523 -2.569538 -75.60709
v 4.863523 -2.351285 -75.60709
v 3.476995 -2.569538 -75.66529
v 3.476995 -2.351285 -75.66529
v 3.266133 -2.351285 -75.60709
v 3.266133 -2.569538 -75.60709
v 4.901818 -2.569538 -73.99454
v 4.901818 -2.351285 -73.99454
v 4.940703 -2.351285 -75.52758
v 4.940703 -2.569538 -75.52758
v 4.828064 -2.569538 -73.75036
v 4.828064 -2.351285 -73.75036
v 4.364618 -2.351285 -75.68659
v 4.901818 -2.351285 -73.99454
v 3.227837 -2.351285 -73.99454
v 4.940703 -2.351285 -75.52758
v 4.652661 -2.351285 -75.66529
v 4.863523 -2.351285 -75.60709
v 3.765038 -2.351285 -75.68659
v 3.188952 -2.351285 -75.52758
v 3.476995 -2.351285 -75.66529
v 3.266133 -2.351285 -75.60709
v 3.778347 -2.351285 -73.50618
v 4.351309 -2.351285 -73.50618
v 4.626564 -2.351285 -73.57161
v 4.828064 -2.351285 -73.75036
v 3.503092 -2.351285 -73.57161
v 3.301591 -2.351285 -73.75036
v 4.351309 -2.569538 -73.50618
v 4.351309 -2.351285 -73.50618
v 4.626564 -2.351285 -73.57161
v 3.778347 -2.351285 -73.50618
v 4.626564 -2.569538 -73.57161
v 3.778347 -2.569538 -73.50618
v 3.503092 -2.569538 -73.57161
v 3.503092 -2.351285 -73.57161
v 3.301591 -2.569538 -73.75036
v 3.301591 -2.351285 -73.75036
v 4.626564 -2.569538 -73.57161
v 4.626564 -2.351285 -73.57161
v 4.828064 -2.351285 -73.75036
v 4.828064 -2.569538 -73.75036
v 4.863523 -2.351285 -75.60709
v 4.863523 -2.569538 -75.60709
v 4.940703 -2.569538 -75.52758
v 4.940703 -2.351285 -75.52758
v 3.266133 -2.569538 -75.60709
v 3.266133 -2.351285 -75.60709
v 3.188952 -2.351285 -75.52758
v 3.188952 -2.569538 -75.52758
v 3.57473 8.440352 -77.45798
v 3.89184 8.470708 -77.46398
v 3.605956 8.636897 -77.741
v 3.860614 8.636898 -77.741
v 4.180009 8.636897 -77.741
v 4.146514 8.470708 -77.46398
v 4.453179 8.636897 -77.741
v 4.486675 8.440352 -77.45798
v 3.89184 8.369597 -77.58377
v 3.89184 8.415323 -77.46398
v 3.57473 8.369597 -77.58377
v 3.57473 8.440352 -77.45798
v 4.486675 8.440352 -77.45798
v 4.146514 8.415323 -77.46398
v 4.486675 8.369597 -77.58377
v 4.146514 8.369597 -77.58377
v 3.364559 20.25955 -76.3354
v 4.653959 20.23494 -76.27011
v 3.158175 35.29834 -72.42381
v 3.116737 35.35224 -71.37318
v 3.158175 35.31252 -71.38908
v 6.145687 67.27518 -63.93275
v 6.145687 64.67854 -65.80659
v 7.684037 64.67854 -65.80659
v 6.552412 63.95908 -66.38904
v 7.684037 67.27518 -63.93275
v 7.277312 63.95908 -66.38904
v 7.684037 64.62748 -65.73983
v 6.145687 64.62748 -65.73983
v 6.145687 67.22413 -63.86599
v 7.684037 67.22413 -63.86599
v 6.552412 63.90803 -66.32227
v 7.277312 63.90803 -66.32227
v 7.277312 63.95908 -66.38904
v 6.552412 63.95908 -66.38904
v 6.552412 63.90803 -66.32227
v 7.277312 63.90803 -66.32227
v 6.145687 64.67854 -65.80659
v 6.145687 67.27518 -63.93275
v 6.145687 67.22413 -63.86599
v 6.145687 64.62748 -65.73983
v 6.552412 63.90803 -66.32227
v 6.552412 63.95908 -66.38904
v 7.684037 64.67854 -65.80659
v 7.684037 64.62748 -65.73983
v 7.684037 67.22413 -63.86599
v 7.684037 67.27518 -63.93275
v 7.277312 63.90803 -66.32227
v 7.277312 63.95908 -66.38904
v 6.145687 67.27518 -63.93275
v 7.684037 67.27518 -63.93275
v 7.684037 67.22413 -63.86599
v 6.145687 67.22413 -63.86599
v 6.397037 64.66317 -66.1088
v 6.397037 64.54705 -65.9165
v 6.568847 64.02009 -66.34312
v 6.568847 64.10159 -66.48983
v 6.568847 64.28091 -66.71806
v 6.397037 64.82598 -66.29841
v 6.568847 64.53139 -67.00877
v 6.397037 65.07193 -66.60173
v 6.397037 65.58366 -67.37814
v 6.568847 65.05466 -67.77638
v 6.397037 66.04981 -68.26369
v 6.568847 65.48776 -68.59625
v 6.397037 66.43699 -69.11124
v 6.568847 65.85798 -69.45312
v 6.397037 66.82375 -70.10046
v 6.568847 66.19989 -70.45035
v 6.397037 67.12198 -70.98868
v 6.568847 66.48064 -71.34787
v 6.568847 66.84212 -72.6235
v 6.397037 67.58672 -72.63074
v 6.568847 66.99822 -73.54539
v 6.397037 67.75155 -73.55264
v 6.568847 67.11296 -75.53699
v 6.397037 67.90083 -75.50262
v 7.432687 67.12198 -70.98869
v 7.432687 67.58665 -72.63056
v 7.260877 66.84212 -72.6235
v 7.260877 66.99857 -73.54537
v 7.260877 66.48064 -71.34787
v 7.260877 66.19989 -70.45035
v 7.432687 67.75191 -73.55242
v 7.260877 67.11296 -75.50596
v 7.432687 67.90083 -75.47416
v 7.432687 66.82375 -70.10046
v 7.260877 65.85798 -69.45312
v 7.432687 66.43699 -69.11124
v 7.260877 65.48776 -68.59625
v 7.432687 66.04981 -68.26369
v 7.260877 65.05466 -67.77638
v 7.432687 65.58366 -67.37814
v 7.260877 64.53139 -67.00877
v 7.432687 65.07193 -66.60173
v 7.432687 64.82598 -66.29841
v 7.260877 64.28091 -66.71806
v 7.432687 64.66317 -66.1088
v 7.260877 64.10159 -66.48983
v 7.260877 64.02009 -66.34312
v 7.432687 64.54705 -65.9165
v 7.649159 67.18581 -63.99821
v 6.180565 67.18581 -63.99821
v 6.180565 67.35517 -64.13994
v 7.649159 67.35517 -64.13994
v 6.180565 69.65436 -69.3088
v 6.180565 70.0073 -70.29018
v 7.649158 70.0073 -70.29018
v 7.649159 69.65436 -69.3088
v 6.180565 70.2832 -71.1795
v 7.649158 70.2832 -71.1795
v 6.180565 70.60518 -72.40783
v 7.649159 70.60518 -72.40783
v 7.649159 70.82195 -75.40401
v 6.180565 70.82227 -75.40681
v 6.180565 67.35517 -64.13994
v 6.180565 67.42039 -64.50855
v 7.649158 67.42039 -64.50855
v 7.649159 67.35517 -64.13994
v 7.649159 64.70691 -65.78708
v 6.180565 64.70691 -65.78708
v 6.180565 67.18581 -63.99821
v 7.432687 64.54705 -65.9165
v 7.649159 67.18581 -63.99821
v 6.397037 64.54705 -65.9165
v 7.260877 64.02009 -66.34312
v 6.568847 64.02009 -66.34312
v 7.260877 66.19989 -70.45035
v 6.568847 66.19989 -70.45035
v 6.568847 65.85798 -69.45312
v 7.260877 66.48064 -71.34787
v 7.260877 65.85798 -69.45312
v 6.568847 65.48776 -68.59625
v 7.260877 65.48776 -68.59625
v 6.568847 65.05466 -67.77638
v 7.260877 65.05466 -67.77638
v 6.568847 66.48064 -71.34787
v 6.568847 66.84212 -72.6235
v 7.260877 66.84212 -72.6235
v 6.568847 66.99822 -73.54539
v 7.260877 66.99857 -73.54537
v 7.260877 67.11296 -75.50596
v 6.568847 67.11296 -75.53699
v 7.260877 64.53139 -67.00877
v 6.568847 64.53139 -67.00877
v 6.568847 64.28091 -66.71806
v 7.260877 65.05466 -67.77638
v 7.260877 64.28091 -66.71806
v 6.568847 64.10159 -66.48983
v 7.260877 64.10159 -66.48983
v 7.260877 64.02009 -66.34312
v 6.568847 64.02009 -66.34312
v 6.568847 65.05466 -67.77638
v 7.649159 66.61264 -69.00752
v 7.649159 69.29633 -68.44948
v 7.649159 67.01302 -69.99431
v 7.649159 69.65436 -69.3088
v 7.649159 67.31654 -70.87971
v 7.649158 70.0073 -70.29018
v 7.649158 70.2832 -71.1795
v 7.649159 67.81252 -72.63271
v 7.649159 70.60518 -72.40783
v 7.649159 67.98045 -73.55457
v 7.649159 70.82195 -75.40401
v 7.649159 68.13985 -75.46451
v 7.649159 66.22032 -68.1628
v 7.649159 65.74415 -67.25733
v 7.649158 67.42039 -64.50855
v 7.649159 65.23592 -66.47824
v 7.649159 64.99133 -66.17109
v 7.649159 64.70691 -65.78708
v 7.649159 67.18581 -63.99821
v 7.649159 67.35517 -64.13994
v 7.649159 64.83353 -65.99319
v 6.180565 69.29633 -68.44948
v 7.649159 69.29633 -68.44948
v 7.649158 67.42039 -64.50855
v 6.180565 67.42039 -64.50855
v 7.649159 69.65436 -69.3088
v 6.180565 69.65436 -69.3088
v 6.397037 66.82375 -70.10046
v 6.397037 67.12198 -70.98868
v 6.180565 67.31654 -70.87971
v 6.397037 67.58672 -72.63074
v 6.180565 67.01302 -69.99431
v 6.180565 67.81261 -72.63294
v 6.397037 67.75155 -73.55264
v 6.180565 67.98009 -73.55483
v 6.397037 67.90083 -75.50262
v 6.397037 66.43699 -69.11124
v 6.180565 66.61264 -69.00752
v 6.397037 66.04981 -68.26369
v 6.180565 66.22032 -68.1628
v 6.180565 68.13985 -75.4922
v 6.397037 65.58366 -67.37814
v 6.180565 65.74415 -67.25733
v 6.397037 65.07193 -66.60173
v 6.180565 65.23592 -66.47824
v 6.180565 64.99133 -66.17109
v 6.397037 64.82598 -66.29841
v 6.180565 64.83353 -65.99319
v 6.397037 64.66317 -66.1088
v 6.397037 64.54705 -65.9165
v 6.180565 64.70691 -65.78708
v 7.649159 67.31654 -70.87971
v 7.432687 67.12198 -70.98869
v 7.432687 66.82375 -70.10046
v 7.649159 67.01302 -69.99431
v 7.432687 66.43699 -69.11124
v 7.649159 66.61264 -69.00752
v 7.432687 66.04981 -68.26369
v 7.649159 66.22032 -68.1628
v 7.432687 65.58366 -67.37814
v 7.649159 65.74415 -67.25733
v 7.432687 65.07193 -66.60173
v 7.649159 65.23592 -66.47824
v 7.649159 64.99133 -66.17109
v 7.432687 64.82598 -66.29841
v 7.649159 64.83353 -65.99319
v 7.432687 64.66317 -66.1088
v 7.432687 64.54705 -65.9165
v 7.649159 64.70691 -65.78708
v 7.432687 67.75191 -73.55242
v 7.432687 67.58665 -72.63056
v 7.649159 67.81252 -72.63271
v 7.649159 67.98045 -73.55457
v 7.432687 67.90083 -75.47416
v 7.649159 68.13985 -75.46451
v 6.180565 65.74415 -67.25733
v 6.180565 67.42039 -64.50855
v 6.180565 65.23592 -66.47824
v 6.180565 69.29633 -68.44948
v 6.180565 66.22032 -68.1628
v 6.180565 66.61264 -69.00752
v 6.180565 67.01302 -69.99431
v 6.180565 69.65436 -69.3088
v 6.180565 67.31654 -70.87971
v 6.180565 70.0073 -70.29018
v 6.180565 70.2832 -71.1795
v 6.180565 67.81261 -72.63294
v 6.180565 70.60518 -72.40783
v 6.180565 67.98009 -73.55483
v 6.180565 70.82227 -75.40681
v 6.180565 68.13985 -75.4922
v 6.180565 64.99133 -66.17109
v 6.180565 64.70691 -65.78708
v 6.180565 67.18581 -63.99821
v 6.180565 67.35517 -64.13994
v 6.180565 64.83353 -65.99319
v 6.663901 64.18413 -66.36636
v 6.512988 64.67271 -65.96626
v 6.508741 64.71823 -66.06896
v 6.663515 64.20802 -66.41851
v 6.665394 64.37848 -66.6377
v 6.509416 64.877 -66.2558
v 6.664168 64.63263 -66.93138
v 6.509036 65.12621 -66.56201
v 6.508594 65.64241 -67.34348
v 6.663668 65.16383 -67.71073
v 6.50872 66.11083 -68.23371
v 6.664033 65.60209 -68.54132
v 6.509168 66.49864 -69.08511
v 6.664676 65.97612 -69.40702
v 6.509871 66.88519 -70.07813
v 6.66676 66.31932 -70.41081
v 6.510314 67.18355 -70.96965
v 6.667147 66.60123 -71.31181
v 6.665909 66.96636 -72.59541
v 6.510462 67.64922 -72.61629
v 6.666706 67.1249 -73.53089
v 6.511123 67.81362 -73.54464
v 6.669346 67.23833 -75.52953
v 6.51208 67.96109 -75.49802
v 7.163813 66.96635 -72.59541
v 7.319261 67.64914 -72.6161
v 7.31941 67.18354 -70.96965
v 7.162577 66.60123 -71.31181
v 7.162964 66.31932 -70.41081
v 7.162979 67.12506 -73.53087
v 7.318601 67.81398 -73.5444
v 7.160312 67.23803 -75.49848
v 7.317647 67.96109 -75.46949
v 7.319853 66.88519 -70.07813
v 7.165048 65.97612 -69.40702
v 7.320558 66.49864 -69.08511
v 7.16569 65.60209 -68.54132
v 7.321003 66.11083 -68.23371
v 7.166055 65.16383 -67.71073
v 7.32113 65.64241 -67.34348
v 7.165555 64.63263 -66.93138
v 7.320687 65.12621 -66.56201
v 7.320308 64.877 -66.2558
v 7.16433 64.37848 -66.6377
v 7.320982 64.71823 -66.06896
v 7.166209 64.20802 -66.41851
v 7.165822 64.18413 -66.36636
v 7.316738 64.67271 -65.96626
v 6.295327 67.2306 -64.21202
v 6.299257 67.17992 -64.16242
v 7.530466 67.17992 -64.16242
v 7.534398 67.2306 -64.21202
v 6.304801 69.88718 -70.3304
v 6.304669 69.5361 -69.35466
v 7.525056 69.5361 -69.35466
v 7.524924 69.88718 -70.3304
v 6.304801 70.16138 -71.21435
v 7.524924 70.16138 -71.21435
v 6.301553 70.47643 -72.42917
v 7.528172 70.47644 -72.42917
v 7.523715 70.69684 -75.41305
v 6.306009 70.69714 -75.41586
v 6.304669 69.1805 -68.50114
v 7.525056 69.1805 -68.50114
v 7.529784 67.29394 -64.54901
v 6.29994 67.29394 -64.54901
v 6.295327 67.2306 -64.21202
v 7.534398 67.2306 -64.21202
v 6.299257 67.17992 -64.16242
v 6.311071 64.81999 -65.8474
v 7.518652 64.81999 -65.8474
v 6.512988 64.67271 -65.96626
v 7.530466 67.17992 -64.16242
v 7.316738 64.67271 -65.96626
v 7.165822 64.18413 -66.36636
v 6.663901 64.18413 -66.36636
v 6.664676 65.97612 -69.40702
v 6.66676 66.31932 -70.41081
v 7.162964 66.31932 -70.41081
v 7.162577 66.60123 -71.31181
v 7.165048 65.97612 -69.40702
v 6.667147 66.60123 -71.31181
v 7.163813 66.96635 -72.59541
v 6.665909 66.96636 -72.59541
v 7.162979 67.12506 -73.53087
v 6.666706 67.1249 -73.53089
v 7.160312 67.23803 -75.49848
v 6.669346 67.23833 -75.52953
v 6.665394 64.37848 -66.6377
v 6.664168 64.63263 -66.93138
v 7.165555 64.63263 -66.93138
v 7.166055 65.16383 -67.71073
v 7.16433 64.37848 -66.6377
v 6.663515 64.20802 -66.41851
v 7.166209 64.20802 -66.41851
v 6.663901 64.18413 -66.36636
v 7.165822 64.18413 -66.36636
v 6.663668 65.16383 -67.71073
v 7.16569 65.60209 -68.54132
v 6.664033 65.60209 -68.54132
v 7.165048 65.97612 -69.40702
v 6.664676 65.97612 -69.40702
v 7.524587 65.79317 -67.2285
v 7.529784 67.29394 -64.54901
v 7.524562 65.28128 -66.44531
v 7.525056 69.1805 -68.50114
v 7.524209 66.27074 -68.13794
v 7.52424 66.66356 -68.98564
v 7.524204 67.0636 -69.97563
v 7.525056 69.5361 -69.35466
v 7.52415 67.36717 -70.86397
v 7.524924 69.88718 -70.3304
v 7.524924 70.16138 -71.21435
v 7.524525 67.8645 -72.62064
v 7.528172 70.47644 -72.42917
v 7.524521 68.03209 -73.54776
v 7.523715 70.69684 -75.41305
v 7.523715 68.18892 -75.46056
v 7.524083 65.03316 -66.13607
v 7.518652 64.81999 -65.8474
v 7.530466 67.17992 -64.16242
v 7.534398 67.2306 -64.21202
v 7.525129 64.87972 -65.95939
v 6.509871 66.88519 -70.07813
v 6.30552 67.0636 -69.97563
v 6.305574 67.36718 -70.86397
v 6.510314 67.18355 -70.96965
v 6.510462 67.64922 -72.61629
v 6.305196 67.8646 -72.62089
v 6.511123 67.81362 -73.54464
v 6.305201 68.03174 -73.54807
v 6.509168 66.49864 -69.08511
v 6.305483 66.66356 -68.98564
v 6.50872 66.11083 -68.23371
v 6.305515 66.27074 -68.13794
v 6.51208 67.96109 -75.49802
v 6.306009 68.18892 -75.4883
v 6.508594 65.64241 -67.34348
v 6.305136 65.79317 -67.2285
v 6.509036 65.12621 -66.56201
v 6.305162 65.28128 -66.44531
v 6.305641 65.03316 -66.13607
v 6.509416 64.877 -66.2558
v 6.304595 64.87972 -65.95939
v 6.508741 64.71823 -66.06896
v 6.512988 64.67271 -65.96626
v 6.311071 64.81999 -65.8474
v 7.319853 66.88519 -70.07813
v 7.31941 67.18354 -70.96965
v 7.52415 67.36717 -70.86397
v 7.524204 67.0636 -69.97563
v 7.320558 66.49864 -69.08511
v 7.52424 66.66356 -68.98564
v 7.321003 66.11083 -68.23371
v 7.524209 66.27074 -68.13794
v 7.32113 65.64241 -67.34348
v 7.524587 65.79317 -67.2285
v 7.320687 65.12621 -66.56201
v 7.524562 65.28128 -66.44531
v 7.524083 65.03316 -66.13607
v 7.320308 64.877 -66.2558
v 7.525129 64.87972 -65.95939
v 7.320982 64.71823 -66.06896
v 7.316738 64.67271 -65.96626
v 7.518652 64.81999 -65.8474
v 7.319261 67.64914 -72.6161
v 7.524525 67.8645 -72.62064
v 7.318601 67.81398 -73.5444
v 7.524521 68.03209 -73.54776
v 7.317647 67.96109 -75.46949
v 7.523715 68.18892 -75.46056
v 6.305515 66.27074 -68.13794
v 6.304669 69.1805 -68.50114
v 6.305483 66.66356 -68.98564
v 6.30552 67.0636 -69.97563
v 6.304669 69.5361 -69.35466
v 6.305574 67.36718 -70.86397
v 6.304801 69.88718 -70.3304
v 6.304801 70.16138 -71.21435
v 6.305196 67.8646 -72.62089
v 6.301553 70.47643 -72.42917
v 6.305201 68.03174 -73.54807
v 6.306009 70.69714 -75.41586
v 6.306009 68.18892 -75.4883
v 6.305136 65.79317 -67.2285
v 6.29994 67.29394 -64.54901
v 6.305162 65.28128 -66.44531
v 6.305641 65.03316 -66.13607
v 6.311071 64.81999 -65.8474
v 6.299257 67.17992 -64.16242
v 6.295327 67.2306 -64.21202
v 6.304595 64.87972 -65.95939
v 7.649159 70.82195 -75.40401
v 6.180565 70.82227 -75.40681
v 6.306009 70.69714 -75.41586
v 7.523715 70.69684 -75.41305
v 7.649159 68.13985 -75.46451
v 6.180565 68.13985 -75.4922
v 6.306009 68.18892 -75.4883
v 6.397037 67.90083 -75.50262
v 6.51208 67.96109 -75.49802
v 6.669346 67.23833 -75.52953
v 6.568847 67.11296 -75.53699
v 7.260877 67.11296 -75.50596
v 7.160312 67.23803 -75.49848
v 7.432687 67.90083 -75.47416
v 7.523715 68.18892 -75.46056
v 7.317647 67.96109 -75.46949
v 6.381751 70.7912 -75.39878
v 6.500861 71.09487 -75.38911
v 6.500861 71.07223 -73.60434
v 6.381751 70.57411 -72.3998
v 7.405534 70.57411 -72.3998
v 6.381751 70.57411 -72.3998
v 6.500861 71.07223 -73.60434
v 7.286423 71.07223 -73.60434
v 6.500861 71.09487 -75.38911
v 7.286423 71.09487 -75.38911
v 6.500861 71.09487 -75.38911
v 6.381751 70.7912 -75.39878
v 7.405534 70.79089 -75.39597
v 7.286423 71.09487 -75.38911
v 7.405534 70.79089 -75.39597
v 7.405534 70.57411 -72.3998
v 7.286423 71.07223 -73.60434
v 7.286423 71.09487 -75.38911

vn 1 0 0
vn 1 0 0
vn 1 0 0
vn 1 -3.352975E-07 0
vn 1 5.665408E-07 0
vn 1 0 0
vn 1 4.471952E-07 0
vn 1 0 0
vn 1 0 1.096507E-07
vn 1 0 1.192375E-07
vn -1 4.116038E-07 1.270638E-06
vn -1 2.213877E-07 0
vn -1 -5.482042E-07 -2.372633E-07
vn -1 1.09305E-06 3.778787E-07
vn -1 1.151917E-07 3.760465E-06
vn -1 7.200647E-07 0
vn -1 0 0
vn -1 -1.528354E-07 0
vn -1 0 0
vn -1 0 0
vn 0 0.03388939 -0.9994256
vn 0 0.0338894 -0.9994256
vn 0 0.03388913 -0.9994256
vn 0 0.03388919 -0.9994256
vn 1.852525E-06 0.03388863 -0.9994256
vn -1.483929E-06 0.03388863 -0.9994256
vn -1.483563E-06 0.03388789 -0.9994256
vn -4.260237E-06 0.03388955 -0.9994256
vn 4.681925E-06 0.03388953 -0.9994256
vn 0 0.03388781 -0.9994256
vn 0 0.999398 -0.03469581
vn 0 0.999398 -0.03469563
vn 0 0.999398 -0.03469584
vn 0 0.999398 -0.03469602
vn 0 -0.9954191 -0.09560668
vn 0 -0.9954193 -0.09560572
vn 0 -0.9954191 -0.09560665
vn 0 -0.9954191 -0.09560765
vn -1 0 0
vn -1 0 0
vn -1 0 0
vn -1 0 0
vn 2.980288E-05 -0.0541818 0.9985311
vn 0 -0.1439562 0.989584
vn 0 -0.1439563 0.989584
vn 3.524108E-06 -0.054182 0.9985311
vn 0 -0.1791987 0.9838128
vn 0 -0.1791986 0.9838128
vn 7.152083E-06 0.0003274283 1
vn 0 0.0003276994 1
vn 5.891236E-05 0.0003277016 1
vn -5.206568E-05 0.0003274359 1
vn -5.387912E-05 0.0003274317 1
vn 0 0.0003277007 1
vn 0 -0.8931133 0.4498319
vn -2.48348E-07 -0.9611259 0.2761104
vn 0 -0.9611271 0.2761064
vn 0 -0.8931184 0.4498216
vn 0 -0.9956866 0.09278068
vn -5.657748E-07 -0.9956868 0.09277802
vn 0 0.2381551 0.9712271
vn 0 0.3195813 0.9475589
vn 0 0.3195817 0.9475586
vn -1.783481E-06 0.2381519 0.9712279
vn -6.201111E-07 0.1550152 0.987912
vn -4.174249E-06 0.1550083 0.9879132
vn 0 0.0003162164 1
vn 0 0.0003162164 1
vn 0 0.0003162164 1
vn 0 0.0003162164 1
vn 1 0 0
vn 1 0 0
vn 1 0 0
vn 1 0 0
vn 0 1 -0.0003219499
vn 0 1 -0.0003116234
vn 0 1 -0.0003124264
vn 0 1 -0.000322753
vn 0 -1 0.0003072692
vn 0 -1 0.0003227593
vn 0 -1 0.0003215546
vn 0 -1 0.0003060646
vn -1 0 0
vn -0.9865583 -0.1634103 0
vn -0.9871203 -0.1599795 0
vn -0.9465941 -0.3224275 0
vn -1 0 0
vn -0.9465944 -0.3224269 0
vn 0.9865583 -0.1634102 1.223839E-07
vn 0.9871202 -0.1599799 0
vn 0.9465943 -0.3224271 2.59528E-07
vn 1 0 0
vn 0.946595 -0.3224252 5.063074E-07
vn 1 0 0
vn 0 1 0
vn 0 1 0
vn 0 1 0
vn 0 1 0
vn 0 0 -1
vn 0 0 -1
vn 0 0 -1
vn 0 0 -1
vn 0 0 -1
vn 0 0 -1
vn 4.280011E-07 -1 0
vn 0 -1 0
vn 2.812731E-07 -1 0
vn 7.092741E-07 -1 0
vn 1.549186E-07 0 1
vn 1.645982E-07 0 1
vn 0.3907424 0 0.9205002
vn -0.3907756 0 0.920486
vn 0.3908144 0 0.9204695
vn 0.7157571 0 0.6983492
vn 0.715782 0 0.6983238
vn -0.3907824 0 0.9204831
vn -0.715757 0 0.6983494
vn -0.7157816 0 0.6983241
vn 0.715782 0 0.6983238
vn 0.7157571 0 0.6983492
vn 0.9271573 0 0.3746724
vn 0.9271603 0 0.3746649
vn 1 0 7.93305E-06
vn 1 0 -7.913725E-06
vn 0.9271603 0 -0.3746649
vn 0.9271485 0 -0.3746941
vn 0.7157821 0 -0.6983237
vn 0.7157659 0 -0.6983404
vn 0.7157659 0 -0.6983404
vn 0.7157821 0 -0.6983237
vn 0.3907752 0 -0.9204862
vn 0.3907754 0 -0.9204861
vn 0 0 -1
vn 0 0 -1
vn -0.3907757 0 -0.9204859
vn -0.3907756 0 -0.920486
vn -0.7157653 0 -0.698341
vn -0.7157815 0 -0.6983243
vn -0.7157815 0 -0.6983243
vn -0.7157653 0 -0.698341
vn -0.927148 0 -0.3746952
vn -0.9271599 0 -0.3746661
vn -1 0 -7.93305E-06
vn -1 0 7.913725E-06
vn -0.9271598 0 0.3746661
vn -0.9271568 0 0.3746734
vn -0.715757 0 0.6983494
vn -0.7157816 0 0.6983241
vn 0.3907823 0 -0.9204832
vn 0.3907821 0 -0.9204832
vn 0.7157573 0 -0.6983492
vn 0.7157787 0 -0.6983271
vn 1.936455E-07 0 -1
vn 2.1301E-07 0 -1
vn -0.3907826 0 -0.920483
vn -0.3907825 0 -0.920483
vn -0.7157785 0 -0.6983274
vn -0.7157572 0 -0.6983492
vn 0 -1 -4.522786E-07
vn 0 -1 1.097419E-06
vn 0 -1 3.620011E-07
vn 0 -1 0
vn 0 -1 -1.085993E-06
vn 0 -1 7.195382E-07
vn 0 -1 8.596837E-07
vn 0 -1 2.443929E-07
vn 0 -1 -1.054041E-06
vn 0 -1 0
vn 0 -1 0
vn 0 -1 1.053964E-06
vn 0 -1 -2.44333E-07
vn 0 -1 4.306325E-07
vn 0 -1 0
vn 0 -1 6.543535E-07
vn 0 -1 1.23902E-06
vn 0 -1 1.284514E-06
vn 0 -1 1.96287E-06
vn 0 -1 -3.619835E-07
vn 0 -1 -6.543543E-07
vn 0 -1 9.643841E-07
vn 0 -1 2.05579E-07
vn 0 -1 -2.923801E-07
vn 0 -1 -1.265394E-06
vn 0 -1 0
vn 0 -1 0
vn 0 -1 1.265499E-06
vn 0 -1 2.92403E-07
vn 0 -1 1.084708E-06
vn 0 -1 -2.448601E-07
vn 0 -1 -1.520126E-06
vn 0 1 4.522808E-06
vn 0 1 0
vn 0 1 1.069056E-05
vn 0 1 1.035324E-05
vn 0 1 7.305443E-06
vn 0 1 -9.000971E-07
vn 0 1 -4.022537E-06
vn 0 1 -1.012401E-05
vn 0 1 0
vn 0 1 0
vn 0 1 1.012319E-05
vn 0 1 4.022461E-06
vn 0 1 9.002305E-07
vn 0 1 -3.857523E-06
vn 0 1 7.852241E-06
vn 0 1 8.356821E-07
vn 0 1 -4.233515E-06
vn 0 1 -7.851479E-06
vn 0 1 4.898348E-06
vn 0 1 -1.168833E-07
vn 0 1 3.447838E-06
vn 0 1 0
vn 0 1 0
vn 0 1 0
vn 0 1 0
vn 0 1 0
vn 0 1 0
vn 0 1 0
vn 0 1 0
vn 0 1 0
vn 0 1 7.85263E-06
vn 0 1 4.343971E-06
vn 0.7157787 0 -0.6983271
vn 0.7157573 0 -0.6983492
vn 0.9271469 0 -0.3746981
vn 0.9271582 0 -0.3746699
vn 1 0 1.079321E-05
vn 1 0 0
vn 0.9271427 0 0.3747084
vn 0.9271582 0 0.3746699
vn 0.7157583 0 0.6983482
vn 0.7157798 0 0.6983261
vn 0.7157798 0 0.6983261
vn 0.7157583 0 0.6983482
vn 0.3907301 0 0.9205053
vn 0.3908352 0 0.9204606
vn -0.0001136893 0 1
vn 0.0001149092 0 1
vn -0.3908351 0 0.9204608
vn -0.3907302 0 0.9205053
vn -0.7157795 0 0.6983262
vn -0.7157581 0 0.6983483
vn -0.7157581 0 0.6983483
vn -0.7157795 0 0.6983262
vn -0.9271591 0 0.3746681
vn -0.9271435 0 0.3747066
vn -1 0 0
vn -1 0 1.079319E-05
vn -0.9271591 0 -0.3746681
vn -0.9271476 0 -0.3746962
vn -0.7157785 0 -0.6983274
vn -0.7157572 0 -0.6983492
vn 1 0 0
vn 1 -1.083849E-07 0
vn 1 0 0
vn 1 0 0
vn 1 1.303957E-07 0
vn 1 0 0
vn -1 0 0
vn -1 0 0
vn -1 1.149884E-07 0
vn -1 1.844445E-07 0
vn -1 -1.054263E-07 0
vn -1 0 0
vn 0 -0.001173644 0.9999993
vn 0 -0.001173646 0.9999993
vn 0 -0.001173642 0.9999993
vn 0 -0.001173641 0.9999993
vn 0 0.9998984 -0.01425567
vn 0 0.9998984 -0.01425567
vn 0 0.9998984 -0.01425568
vn 0 0.9998984 -0.01425569
vn 0 -1 0
vn 0 -1 0
vn 0 -1 0
vn 0 -1 0
vn 0 -1 0
vn 0 -1 0
vn 0 0.6260597 -0.7797752
vn 0 0.6260599 -0.7797749
vn 0 0.6260598 -0.7797751
vn 0 0.6260594 -0.7797753
vn 0 0.001565686 -0.9999988
vn 0 0.001565687 -0.9999988
vn 0 0.001565686 -0.9999988
vn 0 0.001565687 -0.9999988
vn -1 0 1.133172E-07
vn -1 2.281247E-07 1.235535E-07
vn -1 4.772492E-07 1.137431E-07
vn -1 0 1.893689E-07
vn -1 0 1.976119E-07
vn -1 0 2.210575E-07
vn -1 0 2.378494E-07
vn -1 0 0
vn -1 1.99576E-07 0
vn -1 0 0
vn -1 1.202929E-06 0
vn 1 0 -1.229026E-07
vn 1 -1.343148E-07 0
vn 1 0 0
vn 1 3.695625E-07 0
vn 1 0 -1.261207E-07
vn 1 5.139678E-07 0
vn 0.9990108 -0.0440042 -0.006399614
vn 1 0 0
vn 1 0 0
vn 1 -1.035683E-07 0
vn 1 0 0
vn 1 0 0
vn 1 0 0
vn 1 1.239385E-06 0
vn 1 2.137018E-07 0
vn 1 -8.550793E-07 0
vn 1 -2.721849E-07 0
vn 1 1.002597E-06 -8.098863E-07
vn 0.9989439 -0.04553249 -0.006162233
vn 0.9849304 -0.1715552 -0.02192838
vn 1 0 0
vn 1 0 0
vn 1 0 0
vn 1 0 0
vn 1 0 0
vn 0.9851016 -0.1707896 -0.02014489
vn -0.2143764 -0.01358489 0.9766567
vn -0.2131502 -0.05527436 0.9754546
vn -0.2816804 -0.05428293 0.9579715
vn 0 -0.01393688 0.9999028
vn -0.2820533 -0.01321668 0.9593077
vn -7.517189E-07 -0.05656948 0.9983986
vn 0.2131497 -0.05527422 0.9754547
vn 0.2143764 -0.01358699 0.9766566
vn 0.2816803 -0.05428872 0.9579713
vn 0.2820528 -0.01322378 0.9593077
vn 0.2817132 -0.05128296 0.9581273
vn 0.2129697 -0.05129594 0.9757113
vn 0 -0.05227283 0.9986328
vn -0.2129696 -0.05129597 0.9757113
vn -0.2817132 -0.05128308 0.9581273
vn -0.2152936 0.00459805 0.9765386
vn 0 0.004737636 0.9999888
vn 0.2152935 0.004597972 0.9765386
vn 0.2820785 0.00438014 0.9593812
vn 0.2740954 0.2363205 0.9322147
vn 0.2083759 0.2460842 0.9465845
vn 0.2773083 0.1832355 0.9431463
vn -1.145339E-07 0.2528408 0.9675079
vn -0.2083761 0.2460844 0.9465843
vn -0.2740954 0.2363205 0.9322147
vn -0.2773086 0.1832356 0.9431462
vn -0.2090301 0.1795799 0.9612791
vn -2.101753E-07 0.1818341 0.9833293
vn 0.2090297 0.1795796 0.9612792
vn 0.2820706 0.008643288 0.9593547
vn 0.2138946 0.008800372 0.9768171
vn 0 0.009008586 0.9999595
vn -0.2138949 0.008800377 0.9768171
vn -0.282071 0.008643299 0.9593546
vn -0.2820785 0.00438014 0.9593812
vn 0.3492526 0.2208399 -0.910633
vn 0.4726506 0.2031637 -0.8575114
vn 0.4790868 0.1221411 -0.8692281
vn 0.3489279 0.122755 -0.9290751
vn 0 0.2365478 -0.9716198
vn 0 0.1764822 -0.9843039
vn -0.3492525 0.2208397 -0.910633
vn -0.3489278 0.122755 -0.9290751
vn -0.4790868 0.1221412 -0.8692281
vn -0.3568897 -0.02922801 -0.9336892
vn 0.3564503 0.1648899 -0.9196491
vn 0.4768221 0.1551279 -0.8652028
vn 0.3568897 -0.029228 -0.9336892
vn 0.4825327 -0.02740482 -0.8754491
vn -0.4825327 -0.02740482 -0.8754491
vn -0.4726507 0.2031635 -0.8575115
vn 0 -0.03128746 -0.9995104
vn 0 0.1291474 -0.9916255
vn -0.3564506 0.16489 -0.9196489
vn -0.4768226 0.1551281 -0.8652025
vn -0.01239279 -0.9989842 0.04332337
vn 0 -0.9989359 0.04612074
vn -0.01149427 -0.9989483 0.04438893
vn 0 -0.998639 0.05215304
vn 0.01149429 -0.9989491 0.04436959
vn 0.01239286 -0.9989844 0.04331973
vn 0.01894621 -0.9990771 0.03854825
vn 0 -0.9989271 0.04630981
vn 0.02007001 -0.9988412 0.0437442
vn 0 -0.9981961 0.06003876
vn -0.02007001 -0.9988411 0.0437471
vn -0.01894621 -0.9990771 0.03854826
vn 0.03495068 0.9946594 0.09711351
vn -1.045949E-07 0.9940218 0.109181
vn 0.04855919 0.9931986 0.1058235
vn 0 0.9894266 0.1450346
vn -0.04855921 0.9931993 0.1058169
vn -0.03495128 0.9946596 0.09711104
vn -3.478724E-07 0.9931059 0.1172201
vn -0.02853288 0.9922383 0.121033
vn -0.02782448 0.9938216 0.1074448
vn 0 0.9920134 0.1261322
vn 0.0278251 0.9938216 0.1074444
vn 0.02853153 0.9922383 0.121033
vn 0.006227135 -0.1860259 0.9825251
vn 0.006227135 -0.1860259 0.9825251
vn 0.006227135 -0.1860259 0.9825251
vn -0.005496908 0.1654897 -0.9861963
vn -0.005496908 0.1654897 -0.9861963
vn -0.005496908 0.1654897 -0.9861963
vn -0.02891895 0.9923539 0.1199897
vn -0.02975855 0.9915612 0.1261774
vn -0.03301095 0.9881129 0.1501438
vn -0.02982 0.9936992 0.1080406
vn -0.02894544 0.9930381 0.1141822
vn -0.03326299 0.9959303 0.0837649
vn 1 -2.811141E-07 0
vn 1 -2.924915E-07 0
vn 1 -2.834581E-07 0
vn 1 -2.792102E-07 0
vn 1 -2.746101E-07 0
vn 1 -2.783154E-07 0
vn 0.4486508 0.8630595 0.2320361
vn 0.4561445 0.8583872 0.2347414
vn 0.4443513 0.8876649 0.1208425
vn 0.4417423 0.8907648 0.1067797
vn 0.4473017 0.8943831 0
vn 0.4472919 0.894388 0
vn 0.3130981 0 -0.9497209
vn 0.3130566 0 -0.9497345
vn 0.3130583 0 -0.949734
vn 0.313099 0 -0.9497204
vn 0.4629552 -0.8626079 -0.2039122
vn 0.4691885 -0.8786422 -0.08860035
vn 0.451777 -0.8860121 -0.1043085
vn 0.4998722 -0.8595594 0.1062331
vn 0.4814186 -0.8570245 -0.1836987
vn 0.5007651 -0.8502926 0.1619777
vn 0.4660563 -0.8617062 0.2006341
vn 0.2090269 0 0.9779099
vn 0.2090164 0 0.9779122
vn 0.2090166 0 0.9779121
vn 0.2090273 0 0.9779098
vn 0.699038 -0.006480727 -0.7150552
vn 0.6978557 -0.005941751 -0.7162138
vn 0.6978721 -0.005949255 -0.7161977
vn 0.6990716 -0.006496062 -0.7150222
vn 0.6925222 -0.24995 0.6767112
vn 0.6923909 -0.2499457 0.6768472
vn 0.6973598 -0.250105 0.6716672
vn 0.6974272 -0.250107 0.6715964
vn 0.7203357 0.1509691 -0.6769969
vn 0.6282187 0.18659 -0.7553313
vn 0.6331826 0.03793801 -0.7730721
vn 0.7282689 0.0335893 -0.6844678
vn 0.7184259 0.1671474 -0.6752229
vn 0.6145099 0.1728122 -0.769749
vn 0.7262445 -0.08167082 -0.6825677
vn 0.6243294 -0.08767511 -0.7762253
vn 0.6308889 -0.1805509 -0.7545732
vn 0.7190917 -0.1617067 -0.6758388
vn -1 3.309068E-07 -2.799581E-07
vn -1 1.298703E-07 -2.916257E-07
vn -1 0 -2.434577E-07
vn -1 8.708131E-07 -2.907317E-07
vn -1 0 -2.976217E-07
vn -1 -1.074088E-07 -3.923819E-07
vn -1 -1.25069E-07 -4.027394E-07
vn 1 4.719814E-07 2.434577E-07
vn 1 0 2.916175E-07
vn 1 1.90324E-07 2.799581E-07
vn 1 -1.393301E-06 2.907317E-07
vn 1 0 2.976423E-07
vn 1 0 3.922695E-07
vn 1 0 4.027364E-07
vn 0 -1 2.179455E-06
vn 0 -1 -7.121041E-07
vn 0 -1 -2.638542E-07
vn 0 -1 2.755596E-07
vn 0 -1 2.34815E-06
vn 0 -1 5.698194E-06
vn 0 -1 5.698199E-06
vn 0 -1 -9.458145E-07
vn 0 -1 0
vn 0 -1 3.260882E-07
vn 0 -1 -5.880102E-07
vn 0 -1 -9.475999E-07
vn 0.5596126 -0.006369027 0.8287298
vn 0.5596413 -0.006369562 0.8287104
vn 0.5574181 -0.006328082 0.8302078
vn 0.5573952 -0.006327653 0.8302231
vn 0.03511057 0.9992632 -0.01549719
vn 0.1025654 0.9941323 -0.03436906
vn 0.05960079 0.9969743 -0.04989871
vn 0.08728341 0.9906791 -0.1045777
vn 0.03691292 0.9907741 -0.1303994
vn 0.0820534 0.9831544 -0.1633244
vn 0.0740945 0.9937773 -0.08316726
vn 0.1299655 0.9790081 -0.1570101
vn 0.1433411 0.9189593 -0.3673787
vn 0 1 -7.121187E-07
vn 0 1 -1.515092E-07
vn 0 1 -4.976342E-07
vn -0.6308891 -0.1805503 -0.7545731
vn -0.7190924 -0.1617069 -0.675838
vn -0.726245 -0.08167052 -0.6825674
vn -0.6243295 -0.08767474 -0.7762254
vn -0.61451 0.1728124 -0.7697488
vn -0.7184261 0.1671476 -0.6752227
vn -0.628186 0.1865038 -0.7553799
vn -0.7203538 0.1507896 -0.6770176
vn -0.6383106 0.03733655 -0.7688729
vn -0.7282754 0.03323789 -0.684478
vn -0.6243295 -0.08767474 -0.7762254
vn -0.5212024 -0.09185722 -0.8484752
vn -0.5128924 -0.1997694 -0.8348853
vn -0.6308891 -0.1805503 -0.7545731
vn -0.2588263 0.2036343 -0.944215
vn -0.61451 0.1728124 -0.7697488
vn -0.273489 0.2337343 -0.9330444
vn -0.628186 0.1865038 -0.7553799
vn 0.2588263 0.2036342 -0.9442151
vn 0.2734886 0.2337343 -0.9330447
vn 0 -0.1119187 -0.9937173
vn 0.6145099 0.1728122 -0.769749
vn 0.6282187 0.18659 -0.7553313
vn 0.6243294 -0.08767511 -0.7762253
vn 0 -0.1119186 -0.9937173
vn 0 -0.2327087 -0.9725465
vn 0 -0.2327089 -0.9725465
vn 0.5212024 -0.09185715 -0.8484752
vn 0.5128924 -0.1997698 -0.8348853
vn 0.6308889 -0.1805509 -0.7545732
vn -0.5144798 0.04160219 -0.8564928
vn -0.6383106 0.03733655 -0.7688729
vn 0 0.04901585 -0.998798
vn 0.522962 0.04177902 -0.8513315
vn 0.6331826 0.03793801 -0.7730721
vn 0 0.04901585 -0.998798
vn 0 -0.007621439 0.999971
vn 0 -0.007621435 0.999971
vn 0 -0.007621435 0.999971
vn 0 -0.007621439 0.999971
vn -0.5596151 -0.006315916 0.8287285
vn -0.5596151 -0.006316286 0.8287285
vn -0.5596151 -0.006316281 0.8287285
vn -0.5596151 -0.006315912 0.8287285
vn 1 0 0
vn 1 -1.783108E-06 1.730289E-06
vn 1 0 0
vn 1 1.580161E-06 0
vn 1 3.703748E-07 1.415494E-07
vn 1 -5.216414E-07 7.900008E-07
vn 1 1.602194E-06 0
vn 1 1.676978E-06 0
vn 1 0 0
vn 1 -1.230235E-06 9.604263E-07
vn 1 -2.114756E-06 4.946942E-06
vn 1 -3.068745E-07 6.085711E-07
vn 0.9999636 -0.001728489 -0.008358776
vn 1 1.185729E-07 7.190093E-07
vn 0.9993336 -0.009348008 -0.0352825
vn 1 -1.770257E-07 1.072774E-06
vn 0.9990283 -0.009089268 -0.04312455
vn 0.9976224 -0.01788509 -0.06655548
vn 0 -0.2669566 -0.9637086
vn 0 -0.2669556 -0.9637088
vn 0 -0.4833032 -0.875453
vn 0 -0.4833056 -0.8754517
vn 0 -0.582273 -0.8129934
vn 0 -0.123781 -0.9923096
vn 0 -0.1237811 -0.9923096
vn 0 -0.5822757 -0.8129914
vn 0 -0.11571 -0.993283
vn 0 -0.1157099 -0.993283
vn 0 -0.1364591 -0.9906456
vn 0 -0.1364592 -0.9906456
vn 0 -0.7461727 0.6657525
vn 0 -0.7461711 0.6657543
vn 0 -0.433389 0.9012069
vn 0 -0.4333896 0.9012066
vn 0 -0.02035567 0.9997929
vn 0 -0.02035531 0.9997929
vn 0 0.1633974 0.9865603
vn 0 0.1633979 0.9865602
vn 0 0.1342748 0.9909441
vn 0 0.134275 0.990944
vn -0.9997357 0.005361129 0.02235839
vn -0.9999801 0.001249219 0.006196061
vn -0.9994732 0.006479535 0.03180333
vn -1 0 0
vn -0.9990847 0.01009074 0.04156989
vn -1 0 0
vn -1 -2.627253E-07 0
vn -1 -1.305537E-07 0
vn -1 3.399545E-07 0
vn -1 1.341849E-06 0
vn -1 2.089443E-06 0
vn -1 -1.134628E-06 0
vn -1 -5.155128E-07 0
vn -1 2.95579E-06 0
vn -1 5.764931E-07 0
vn -1 0 0
vn -1 0 0
vn 0 -0.5281864 0.8491285
vn 0 -0.5281841 0.8491299
vn 0 -0.5281842 0.8491297
vn 0 -0.5281865 0.8491284
vn 0 0.9384934 -0.3452972
vn 0 0.9393379 -0.3429931
vn 0 0.9182607 -0.3959764
vn 0 0.9182605 -0.395977
vn 0 0.9566633 -0.2911965
vn 0 0.9566634 -0.2911963
vn 0 -0.9284771 -0.3713897
vn 0 -0.9284801 -0.3713822
vn 0 -0.9284711 -0.3714044
vn 0 -0.9284682 -0.3714118
vn 0 0.2595192 0.9657379
vn 0 0.2595192 0.9657379
vn 0 0.2595165 0.9657387
vn 0 0.2595164 0.9657387
vn 0 -0.7461711 0.6657543
vn 0 -0.7461727 0.6657525
vn 0 -0.9329419 0.360027
vn 0 -0.9329398 0.3600323
vn 0 -0.9823427 0.1870908
vn 0 -0.9823411 0.1870988
vn -0.7070808 0.1142548 0.6978413
vn -0.7071202 0.1168549 0.6973706
vn -0.7215995 -0.1292938 0.6801304
vn -0.7231542 -0.1421656 0.6758971
vn -0.7049902 -0.07845722 -0.704864
vn -0.7027859 -0.08603666 -0.7061796
vn -0.7073689 -0.08659498 -0.7015202
vn -0.7072737 -0.08844309 -0.7013856
vn -0.6994146 -0.1826706 -0.6909782
vn -0.69717 -0.200809 -0.6882076
vn -0.6875887 -0.3508697 -0.6356983
vn -0.6875862 -0.3510756 -0.6355873
vn -0.7102181 -0.5468205 -0.4433708
vn -0.7112594 -0.557995 -0.4274946
vn -0.7214333 -0.6892833 -0.06650215
vn -0.7214298 -0.6892897 -0.06647249
vn -0.7128699 -0.6542654 0.2524941
vn -0.712861 -0.6542814 0.2524779
vn -0.6657355 -0.5923105 0.453833
vn -0.5754812 -0.5583044 0.5975932
vn -0.7070757 0.6493324 -0.2800204
vn -0.711369 0.6635908 -0.2315199
vn -0.7076768 0.6700767 -0.224033
vn -0.7070743 0.6493332 -0.2800217
vn -0.699505 -0.09751464 -0.7079433
vn -0.6995056 -0.09751455 -0.7079427
vn -0.7027859 -0.08603666 -0.7061796
vn -0.7049902 -0.07845722 -0.704864
vn -0.5260998 0.2206974 0.8212866
vn -0.5991954 0.2068726 0.7734136
vn -0.5986143 0.2069927 0.7738314
vn -0.5257472 0.2207582 0.821496
vn -0.6185092 -0.3994363 0.6766809
vn -0.7231542 -0.1421656 0.6758971
vn -0.7215995 -0.1292938 0.6801304
vn -0.6162982 -0.4003007 0.6781856
vn -0.5979975 0.7775605 -0.1944185
vn -0.5920202 0.7819095 -0.1952682
vn -0.7076768 0.6700767 -0.224033
vn -0.711369 0.6635908 -0.2315199
vn -0.5807686 -0.3234377 0.7470582
vn -0.6793042 0.01810377 0.7336334
vn -0.6563189 -0.0594371 0.7521388
vn -0.5601764 -0.3956325 0.7277893
vn -0.5754812 -0.5583044 0.5975932
vn -0.6657355 -0.5923105 0.453833
vn -0.7070808 0.1142548 0.6978413
vn -0.6563189 -0.0594371 0.7521388
vn -0.6793042 0.01810377 0.7336334
vn -0.7071202 0.1168549 0.6973706
vn 1 5.571083E-07 0
vn 0.9996227 -0.01693146 0.02162759
vn 1 -1.692563E-07 0
vn 1 -2.414299E-07 0
vn 1 -1.848019E-06 0
vn 1 3.163355E-07 0
vn 0.9987704 -0.03236867 0.0375479
vn 0.9961099 -0.04241948 0.07723754
vn 1 -1.931572E-06 0
vn 1 0 0
vn 0.995704 -0.03438904 0.0859711
vn 1 4.076973E-06 0
vn 1 0 0
vn 1 0 0
vn 1 0 0
vn 1 0 0
vn -1 0 0
vn -1 0 0
vn -0.9995663 -0.01815571 0.02318886
vn -1 0 0
vn -1 0 0
vn -1 0 0
vn -1 0 0
vn -1 4.721736E-07 0
vn -1 0 0
vn -1 7.503972E-07 0
vn -0.9985858 -0.03471253 0.04026561
vn -0.9955277 -0.04547409 0.0828061
vn -1 4.068816E-06 0
vn -1 1.211616E-06 0
vn -1 0 0
vn -0.9950616 -0.03686446 0.09215965
vn 0 0.09368218 -0.9956021
vn 0 -0.09058754 -0.9958885
vn 0 -0.09058683 -0.9958885
vn 0 0.09368254 -0.9956021
vn 0 0.2747708 -0.9615097
vn 0 0.2747708 -0.9615097
vn -1.284242E-07 -0.9945051 -0.104688
vn -5.493095E-07 -0.9945056 -0.1046838
vn 3.000693E-06 -0.9945061 -0.1046782
vn -1.419648E-06 -0.9945055 -0.1046851
vn 0 -0.9945051 -0.1046879
vn -1.496434E-06 -0.9945049 -0.1046902
vn -1.375629E-06 -0.9945055 -0.1046842
vn 0 -0.9945061 -0.1046783
vn 0 -0.39398 0.919119
vn 0 -0.1444997 0.9895048
vn 0 -0.1445006 0.9895047
vn 0 -0.3939825 0.9191179
vn 0 0.1146898 0.9934013
vn 0 0.1146889 0.9934015
vn 0 0.8502461 -0.5263854
vn 0 0.8502463 -0.5263851
vn 0 0.8502448 -0.5263876
vn 0 0.8502446 -0.5263879
vn 0 0 -1
vn 0 0 -1
vn 0 0 -1
vn 0 0 -1
vn 0 -0.786347 -0.6177849
vn 0 -0.9082697 -0.4183853
vn 0 -0.9082624 -0.4184011
vn 0 -0.7863472 -0.617785
vn 0 -0.9805713 -0.1961633
vn 0 -0.9805781 -0.1961291
vn 3.47714E-05 -0.3713844 0.9284792
vn 4.370209E-05 -0.371382 0.9284802
vn 8.930782E-06 -0.3713913 0.9284764
vn 0 -0.3713938 0.9284755
vn 0 0.8858359 -0.4639986
vn 0 0.8858359 -0.4639986
vn 0 0.8858358 -0.4639988
vn 0 0.8858358 -0.4639988
vn 0 -0.000101382 1
vn 0 -9.294057E-05 1
vn 7.447229E-07 0.1285541 0.9917025
vn 0 0.1284641 0.9917142
vn 2.018315E-05 0.7619504 0.6476354
vn -2.357945E-05 0.7619491 0.647637
vn -2.89405E-06 0.7621692 0.6473778
vn -1.655771E-05 0.7619259 0.6476642
vn 0 0.7619035 0.6476906
vn 2.635297E-06 0.7621784 0.6473671
vn 1.380546E-05 0.7619254 0.6476648
vn 0 0.7619032 0.6476909
vn 0 0.03845552 -0.9992602
vn 0 0.03845556 -0.9992602
vn 0 0.03845532 -0.9992602
vn 0 0.03845528 -0.9992602
vn 0 -0.1551125 0.9878968
vn 0 -0.000101382 1
vn 0 -0.1550177 0.9879117
vn 0 -9.294057E-05 1
vn 0 0.004719661 0.9999889
vn 0 0.004719659 0.9999889
vn 0 0.00471966 0.9999889
vn 0 0.004719661 0.9999889
vn 1 0 0
vn 1 0 0
vn 1 0 0
vn 1 0 0
vn 1 0 0
vn 0.9925231 -0.009014655 0.1217235
vn 0.9927695 0 0.1200354
vn 0.9916168 -0.03016242 0.1256441
vn 0.9902095 -0.05184292 0.1296057
vn 7.447229E-07 0.1285541 0.9917025
vn 3.981989E-06 0 1
vn 1.800189E-06 0 1
vn 0 0.1284641 0.9917142
vn 0 0 1
vn 0 -0.1551125 0.9878968
vn 0 -0.1550177 0.9879117
vn 0 0 1
vn 0 -0.393981 0.9191185
vn 0 -0.1445008 0.9895047
vn 0 -0.1445003 0.9895048
vn 0 -0.3939804 0.9191189
vn 0 0.1146894 0.9934013
vn 0 0.1146893 0.9934015
vn 0 -0.3713869 0.9284782
vn 0 -0.371387 0.9284782
vn 0 -0.3713863 0.9284785
vn 0 -0.3713862 0.9284785
vn -0.9934924 -0.008420838 0.1135861
vn -0.9914751 -0.04839116 0.1209768
vn -0.9927032 -0.0281368 0.1172549
vn -0.9937075 0 0.1120054
vn -1 0 0
vn -1 0 0
vn -1 0 0
vn -1 0 0
vn -1 0 0
vn 0.05417895 0.02871197 -0.9981184
vn 0.05403075 0.0287095 -0.9981264
vn -0.0540247 0.0287095 -0.9981268
vn 0.2436718 0.02788851 -0.9694567
vn -0.05417935 0.02871194 -0.9981184
vn -0.2436764 0.02788829 -0.9694556
vn 0.2449534 0.0278809 -0.9691339
vn 0.3758305 0.02664946 -0.9263052
vn 0.3759132 0.02664641 -0.9262717
vn -0.2449525 0.02788082 -0.9691342
vn -0.3758444 0.02664901 -0.9262995
vn -0.3759049 0.02664647 -0.926275
vn -1 0 3.44867E-07
vn -1 9.829689E-07 5.005925E-07
vn -0.9858266 0.003106172 0.1677386
vn -0.9864658 0.003035817 0.1639393
vn -0.9449947 0.006057993 0.3270298
vn -0.9449974 0.006056748 0.3270219
vn 4.303634E-06 -1 -0.000300142
vn 1.786752E-05 -1 -0.0002962512
vn 3.411016E-05 -1 -0.0003152143
vn -3.346318E-05 -1 -0.0003161924
vn -3.215732E-06 -1 -0.0002986472
vn 8.468949E-05 -1 -0.0003361814
vn -1.268423E-07 -0.9999999 -0.0005564716
vn 9.662102E-06 -0.9999999 -0.0005300354
vn 8.49424E-06 -1 -0.0003021923
vn 4.340889E-06 -1 -0.0002889296
vn -1.642123E-05 -1 -0.0002956735
vn -1.464425E-06 -1 -0.0002924409
vn 2.662392E-06 -1 -0.0002889274
vn -8.303308E-05 -1 -0.0003381345
vn 7.195254E-06 -0.9999999 -0.0005665582
vn -2.650148E-06 -0.9999999 -0.0005370967
vn 0.1019217 0.01842367 0.9946219
vn 0.1022209 0.01842326 0.9945911
vn -0.1022135 0.01842324 0.9945919
vn -0.1019361 0.01842353 0.9946203
vn 0.4173219 0.01683054 0.9086029
vn 0.4194091 0.01681362 0.9076416
vn 0.6121622 0.01464506 0.7905965
vn 0.6121958 0.01464599 0.7905704
vn -0.4173348 0.01683027 0.908597
vn -0.4193963 0.01681301 0.9076476
vn -0.6121666 0.01464464 0.7905931
vn -0.6121904 0.01464447 0.7905747
vn 1 1.053388E-07 0
vn 0.9864665 0.003037289 0.1639345
vn 0.9858264 0.00310768 0.1677399
vn 0.9449971 0.006058533 0.3270226
vn 1 0 0
vn 0.9449956 0.006058515 0.3270269
vn 0.8344338 0.01584709 -0.5508802
vn 0.8344327 0.0158473 -0.550882
vn 0.834445 0.01584498 -0.5508633
vn 0.8344462 0.01584477 -0.5508617
vn -0.8344594 0.01584403 -0.5508416
vn -0.8343913 0.01584977 -0.5509446
vn -0.8343975 0.01584925 -0.5509352
vn -0.8344656 0.01584351 -0.5508323
vn 3.384847E-06 1 -0.0003045395
vn 3.593299E-05 1 -0.0003206218
vn 1.620279E-05 1 -0.0002999235
vn -3.384842E-06 1 -0.0003045722
vn -3.5932E-05 1 -0.0003198491
vn 2.354921E-06 1 -0.000296757
vn -1.082312E-05 1 -0.000283369
vn 8.716894E-05 1 -0.0003447698
vn 2.100977E-07 0.9999999 -0.0005640588
vn -6.735865E-06 0.9999999 -0.000565371
vn -1.620563E-05 1 -0.0002997636
vn -8.716632E-05 1 -0.0003457565
vn -2.101013E-07 0.9999999 -0.0005553748
vn 6.735817E-06 0.9999999 -0.0005759676
vn -2.357819E-06 1 -0.0002965687
vn 1.079422E-05 1 -0.000281518
vn 0 -0.9994331 0.03366771
vn 0 -1 0
vn 0 -1 1.850017E-06
vn -0.003728695 -0.9994665 0.03244935
vn -0.006237575 -0.9945956 0.103637
vn -0.01759621 -0.9937815 0.1099491
vn -0.02011316 -0.9823639 0.185894
vn -0.03812412 -0.9783358 0.2034836
vn -0.02030494 -0.9714385 0.2364215
vn -0.05598476 -0.9728886 0.2243957
vn -0.001008651 -0.9498793 0.312615
vn 0.01755348 -0.9722841 0.2331425
vn 0.05203073 -0.9750131 0.2159684
vn 0 -0.9812052 0.1929669
vn 0.03420526 -0.9793726 0.199147
vn 0.01620638 -0.9825456 0.1853146
vn 0.0151063 -0.9941002 0.1074089
vn 0.004753737 -0.9945858 0.1038104
vn 0.003357165 -0.9994718 0.03232552
vn 0 -0.9994091 0.03437271
vn 0 -1 -5.85624E-06
vn 0 -1 -1.077749E-05
vn 0 -0.9812067 0.1929595
vn 0 -0.9864993 0.1637657
vn 0 -0.9864995 0.1637643
vn 0 -0.9895518 0.1441776
vn 0 -0.9895523 0.1441746
vn 0 -0.9902118 0.1395726
vn 0 -0.9902118 0.1395724
vn -0.9968039 0 0.0798871
vn -0.9970322 0 0.07698555
vn -0.9585462 0 0.284937
vn -0.9585462 0 0.284937
vn -0.9764422 0 -0.2157791
vn -0.9755464 0 -0.2197936
vn -0.9333022 0 -0.3590918
vn -0.931621 0 -0.3634313
vn -0.9284055 0 -0.3715687
vn -0.9298214 0 -0.3680109
vn -0.9622169 0 -0.2722841
vn -0.963568 0 -0.2674633
vn -0.988477 0 -0.1513715
vn -0.9891455 0 -0.1469391
vn -0.9990174 1.051986E-07 -0.04432144
vn -0.9991419 -1.876017E-07 -0.04141872
vn -1 0 0
vn -1 -9.543386E-07 0
vn -1 -2.694028E-06 0
vn -1 1.091586E-05 0
vn -1 1.626608E-06 0
vn -1 1.042971E-06 0
vn -1 -6.29915E-06 0
vn -1 -4.399568E-07 0
vn -1 -6.510811E-07 0
vn -1 1.327129E-06 0
vn -1 -2.058956E-07 0
vn -1 2.297944E-06 0
vn -1 -5.452322E-06 0
vn -1 0 0
vn -1 -2.454443E-06 0
vn -1 -2.380177E-07 0
vn -1 0 0
vn -1 1.94219E-07 0
vn -0.0003126193 0.9948368 0.1014874
vn 0.005589555 0.9972783 0.07351723
vn 0.01637012 0.9975534 0.067965
vn -0.006491988 0.9971921 0.0746052
vn 0.0107728 0.9979826 0.0625663
vn 0.005067187 0.9983052 0.0579751
vn -0.01763903 0.9973357 0.07078333
vn -0.01201585 0.9978772 0.0640042
vn -0.006296888 0.9982881 0.05814723
vn -0.005501484 0.9994043 0.03406865
vn -0.001947473 0.9994825 0.03210724
vn -0.001164785 0.9999495 0.009986588
vn 0 0.9999461 0.01038582
vn 0 1 0
vn 0 1 0
vn 0.004716413 0.9994354 0.03326551
vn 0.001484088 0.9994814 0.03217053
vn 0.001048519 0.9999501 0.009937568
vn 0 0.9999439 0.01060196
vn 0 1 1.742696E-06
vn 0 1 0
vn 0 0 -1
vn 0 0 -1
vn 0 0 -1
vn 0 0 -1
vn 0.9316195 0 -0.3634353
vn 0.9298209 0 -0.3680123
vn 0.9284065 0 -0.371566
vn 0.9333028 0 -0.3590901
vn 0.9755481 0 -0.2197861
vn 0.9764426 0 -0.2157773
vn 0.9987979 0 0.0490188
vn 0.9986726 0 0.05150784
vn 0.9732828 0 0.2296099
vn 0.9732828 0 0.2296094
vn 0.9622169 0 -0.2722842
vn 0.963568 0 -0.2674633
vn 0.988477 0 -0.1513715
vn 0.9891455 0 -0.1469391
vn 0.9990174 -4.603149E-07 -0.04432163
vn 0.9991419 3.266274E-07 -0.04141872
vn 1 -6.70282E-07 -5.246942E-07
vn 1 -8.962456E-07 -9.105071E-07
vn 1 -3.015232E-06 -2.599862E-07
vn 1 -3.030146E-06 -1.02493E-07
vn 1 -8.821833E-07 5.115885E-07
vn 1 -3.411338E-06 0
vn 1 -4.325535E-06 2.132895E-07
vn 1 0 4.346235E-07
vn 1 0 7.149548E-07
vn 1 -1.533623E-07 7.109579E-07
vn 1 -2.427199E-07 1.931048E-07
vn 1 -7.085404E-07 -2.038204E-07
vn 1 7.827405E-07 0
vn 1 -1.38497E-06 0
vn 1 -2.844819E-07 -3.346448E-07
vn 1 0 0
vn 1 1.180719E-06 0
vn 1 9.543178E-07 0
vn 0 0 1
vn 0 0 1
vn 0 0 1
vn 0 0 1
vn 0.9600645 2.818232E-05 0.2797786
vn 0.9601253 0 0.27957
vn 0.9576826 0 0.2878266
vn 0.9576826 0 0.2878265
vn 0.903868 1.310229E-05 0.4278114
vn 0.9013836 6.366504E-05 0.4330212
vn 0.7682414 1.127933E-05 0.6401602
vn 0.7653541 3.231082E-05 0.6436093
vn 0.7102062 -2.13676E-06 0.7039937
vn 0.7102228 0 0.703977
vn 0 0 1
vn 0 0 1
vn 0 0 1
vn 0 0 1
vn -0.7102842 -2.252734E-06 0.703915
vn -0.7101733 0 0.7040269
vn -0.7653326 3.235255E-05 0.643635
vn -0.7682801 1.147344E-05 0.6401138
vn -0.9013828 6.44022E-05 0.4330232
vn -0.903869 1.34274E-05 0.4278095
vn -0.9675624 2.885179E-05 0.2526325
vn -0.9676907 0 0.25214
vn -0.9725625 0 0.2326421
vn -0.9725625 0 0.2326421
vn 5.121962E-05 0 1
vn -5.124895E-05 0 1
vn -0.2396511 0 0.9708591
vn -0.2395513 0 0.9708837
vn 0.2396508 0 0.9708591
vn 0.2395517 0 0.9708836
vn 0 0.998996 0.04480004
vn 0 0.9989962 0.04479594
vn 0 0.9990609 0.04332744
vn 0 0.9990609 0.04332731
vn 0 0.998696 0.05105143
vn 0 0.9986958 0.05105669
vn 0 0.9981719 0.06043834
vn 0 0.9981723 0.06043288
vn 1 0 0
vn 1 0 0
vn 1 0 0
vn 1 0 0
vn -1 0 0
vn -1 0 0
vn -1 0 0
vn -1 0 0
vn 0 -1 0
vn 0 -1 0
vn 0 -1 0
vn 0 -1 0
vn 0 -1 0
vn 0 -1 0
vn 0 -1 0
vn 0 -1 0
vn 0 -1 0
vn 0 -1 0
vn 0 0 1
vn 0 0 1
vn 0 0 1
vn 0 0 1
vn 0 1 0
vn 0 1 0
vn 0 1 0
vn 0 1 0
vn 0 1 0
vn 0 1 0
vn 0 1 0
vn 0 1 0
vn 0 1 0
vn 0 1 0
vn 0.1065376 0 -0.9943087
vn 0.1065372 0 -0.9943088
vn -0.1065376 0 -0.9943087
vn 0.2118624 0 -0.9772995
vn -0.1065372 0 -0.9943088
vn -0.2118624 0 -0.9772995
vn 0.2118617 0 -0.9772997
vn -0.2118617 0 -0.9772997
vn 0 0 1
vn 0 0 1
vn 0 0 1
vn 0 0 1
vn -1 0 0
vn -1 0 0
vn -1 0 0
vn -1 0 0
vn 1 0 0
vn 1 0 0
vn 1 0 0
vn 1 0 0
vn 0 0 1
vn 0 0 1
vn 0 0 1
vn 0 0 1
vn 0.9909977 0 0.1338788
vn 0.9978917 0 0.06490139
vn 0.9978918 0 0.06490002
vn 1 0 0
vn 0.9909981 0 0.1338758
vn 1 0 0
vn -0.9978917 0 0.06490021
vn -0.9978917 0 0.06490073
vn -0.9909978 0 0.1338785
vn -1 0 0
vn -0.9909979 0 0.1338773
vn -1 0 0
vn 0 -0.9988544 0.0478524
vn 0 -0.9949846 0.1000284
vn 0 -0.9949846 0.1000283
vn 0 -0.9988544 0.04785235
vn 0 -1 0
vn 0 -1 0
vn 0 0.9949845 0.100029
vn 0 0.9988544 0.04785254
vn 0 0.9988544 0.04785272
vn 0 1 0
vn 0 0.9949845 0.1000294
vn 0 1 0
vn 0 0 1
vn 0 0 1
vn 0 0 1
vn 0 0 1
vn 0 0 -1
vn 0 0 -1
vn 0 0 -1
vn 0 0 -1
vn 0 0.9659253 0.2588211
vn 0 0.9659254 0.2588209
vn 0 0.9659252 0.2588216
vn 0 0.965925 0.2588218
vn 0 0.6049669 0.7962505
vn 0 0.6049683 0.7962496
vn 0 0.6049656 0.7962515
vn 0 0.6049644 0.7962525
vn 0 -0.9471551 -0.3207759
vn 0 -0.9471552 -0.3207756
vn 0 -0.9471552 -0.3207757
vn 0 -0.9471551 -0.320776
vn 0 0 -1
vn 0 0 -1
vn 0 0 -1
vn 0 0 -1
vn 0 0 -1
vn 0 0 -1
vn 0 0 -1
vn 0 0 -1
vn -0.9777348 0.1912723 0.0863101
vn -1 0 0
vn -1 0 0
vn -0.9997984 0.0002600144 -0.02008053
vn -0.9786021 0.2052849 0.01400197
vn -0.8771955 0.4717466 0.0893475
vn -0.9991716 0.0002276068 -0.0406959
vn -0.8206162 0.4341675 0.3716013
vn -0.7566984 0.395505 0.5205606
vn -0.7567042 0.3955002 0.5205558
vn 0 -0.005537424 0.9999847
vn 0 -0.00555983 0.9999846
vn 0 -0.005537409 0.9999847
vn 0 -0.005559835 0.9999846
vn 0 -0.005582876 0.9999845
vn 0 -0.005582882 0.9999845
vn 0 -0.005594623 0.9999844
vn 0 -0.005594606 0.9999844
vn 0.9997984 0.0002599355 -0.02008067
vn 0.977735 0.1912717 0.08631015
vn 0.9786017 0.2052866 0.01400172
vn 0.8771943 0.4717492 0.08934741
vn 0.9991715 0.0002277282 -0.04069617
vn 0.8206152 0.4341675 0.3716035
vn 0.7566825 0.3955176 0.5205741
vn 0.7566853 0.3955154 0.5205718
vn 1 -2.302625E-07 0
vn 1 0 0
vn 0.8542334 -0.5198889 -0.0009197405
vn 0.8543282 -0.5195583 -0.01350512
vn 0.8382591 -0.5052025 -0.2051636
vn 0.8382161 -0.5052742 -0.2051629
vn 0.835816 -0.5138761 0.1932435
vn 0.835817 -0.5138745 0.1932429
vn -0.8382601 -0.5052014 -0.2051626
vn -0.854331 -0.519554 -0.01350322
vn -0.854237 -0.5198831 -0.0009189323
vn -0.8382161 -0.5052744 -0.2051622
vn -0.835821 -0.5138689 0.1932406
vn -0.8358253 -0.5138628 0.1932386
vn 0 -0.936004 0.3519894
vn 0 -0.936004 0.3519895
vn 0 -0.936004 0.3519894
vn 0 -0.936004 0.3519895
vn 0 0.9959298 -0.0901327
vn 0 0.9959294 -0.09013615
vn 0 0.9252064 -0.3794643
vn 0 0.9959298 0.0901327
vn 0 0.9252063 -0.3794643
vn 0 0.8265066 -0.5629271
vn 0 0.8265026 -0.562933
vn 0 0.9959294 0.09013615
vn 0 0.9252031 0.3794723
vn 0 0.9252033 0.3794719
vn 0 0.8264969 0.5629413
vn 0 0.8264936 0.562946
vn 0 -0.3661099 -0.9305716
vn 0 -0.1863173 -0.9824896
vn 0 -0.1863177 -0.9824896
vn 0 0.1863173 -0.9824896
vn 0 -0.3661105 -0.9305714
vn 0 0.1863177 -0.9824896
vn 0 0.3661099 -0.9305716
vn 0 0.3661105 -0.9305714
vn 0 -0.1863022 0.9824924
vn 0 -0.1863022 0.9824924
vn 0 0.1863022 0.9824924
vn 0 -0.366081 0.9305829
vn 0 0.1863022 0.9824924
vn 0 0.366081 0.9305829
vn 0 0.366081 0.9305829
vn 0 -0.366081 0.9305829
vn 5.178137E-06 -0.9959305 0.09012546
vn 1.634194E-06 -0.9959295 0.09013489
vn 0 -0.9959299 -0.09013133
vn 3.607994E-06 -0.9252038 0.3794708
vn 0 -0.9959297 -0.09013463
vn 0 -0.9252056 -0.3794662
vn 0 -0.9252057 -0.3794658
vn 0 -0.8265064 -0.5629273
vn 0 -0.8265021 -0.5629336
vn 0 -0.9252025 0.3794737
vn 0 -0.8264973 0.5629407
vn 0 -0.8264936 0.562946
vn 0 -1 0
vn 0 -1 3.480772E-07
vn 0 -1 4.222926E-07
vn 0 -1 -4.717389E-07
vn 0 -1 0
vn 0 -1 0
vn 0 -1 0
vn 0 -1 2.047422E-07
vn 0 -1 -2.124748E-07
vn 0 -1 0
vn 0 -1 2.90638E-07
vn 0 -1 8.37628E-07
vn 0 -1 1.264888E-07
vn 0 -1 -6.5436E-07
vn 0 -1 0
vn 0 1 0
vn 0 1 -1.792432E-07
vn 0 1 0
vn 0 1 0
vn 0 1 0
vn 0 1 -1.32199E-07
vn 0 1 1.050279E-06
vn 0 1 2.914049E-07
vn 0 1 -3.224947E-07
vn 0 1 0
vn 0 1 0
vn 0 1 0
vn 0 1 4.297593E-07
vn 0 1 0
vn 0 1 2.321605E-07
vn 0.1607128 0 0.9870012
vn 0.4947461 0 0.8690375
vn 0.4947484 0 0.8690363
vn 0.1607341 0 0.9869977
vn -0.1607343 0 0.9869977
vn -0.160713 0 0.9870012
vn -0.4947157 0 0.8690549
vn -0.4947132 0 0.8690562
vn -0.6534797 0 0.756944
vn 0.653537 0 0.7568946
vn 0.6535656 0 0.7568699
vn -0.6535082 0 0.7569194
vn 0.14616 0 -0.989261
vn 0.006716338 0 -0.9999775
vn 0.006695401 0 -0.9999776
vn 0.1461392 0 -0.9892641
vn 0.3114683 0 -0.9502565
vn -0.1312087 0 -0.9913548
vn -0.1312403 0 -0.9913505
vn -0.2903166 0 -0.9569306
vn -0.2903288 0 -0.9569269
vn 0.3114445 0 -0.9502644
vn 0.4174379 0 -0.9087055
vn 0.4173925 0 -0.9087263
vn -0.3922034 0 -0.9198785
vn -0.3921681 0 -0.9198936
vn -0.9986231 0 0.05245856
vn -0.998623 0 0.05245969
vn -0.998623 0 0.05245898
vn -0.9986231 0 0.05245785
vn 0.9985495 0 0.0538396
vn 0.9985496 0 0.05383845
vn 0.9985496 0 0.05383917
vn 0.9985495 0 0.05384031
vn 0 1 0
vn 0 1 0
vn 0 1 0
vn 0 1 0
vn 0 1 0
vn 0 1 0
vn 1 0 0
vn 1 0 0
vn 1 0 0
vn 1 0 0
vn 0 0 1
vn 0 0 1
vn 0 0 1
vn 0 0 1
vn -1 0 0
vn -1 0 0
vn -1 0 0
vn -1 0 0
vn 0 -1 0
vn 0 -1 0
vn 0 -1 0
vn 0 -1 0
vn 0 -1 0
vn 0 -1 0
vn -0.7594376 0 -0.6505803
vn -0.75941 0 -0.6506124
vn -0.7594295 0 -0.6505896
vn -0.759457 0 -0.6505576
vn -0.7593955 0 0.6506293
vn -0.759375 0 0.6506532
vn -0.7593895 0 0.6506363
vn -0.75941 0 0.6506124
vn 0 0 -1
vn 0 0 -1
vn 0 0 -1
vn 0 0 -1
vn -1 0 0
vn -1 0 0
vn -1 0 0
vn -1 0 0
vn -1 0 0
vn -1 0 0
vn 0 -0.6571158 0.7537897
vn 0 -0.8179196 0.5753328
vn 0 -0.8179182 0.5753346
vn 0 -0.6571155 0.75379
vn 1 0 0
vn 1 0 0
vn 1 0 0
vn 1 0 0
vn 1 0 0
vn 1 0 0
vn 0 0.8091706 -0.5875736
vn 0 0.8316989 -0.5552269
vn 0 0.8316984 -0.5552277
vn 0 0.8091694 -0.5875754
vn 0 0.8529331 -0.5220203
vn 0 0.8529329 -0.5220206
vn 0 0 -1
vn 0 0 -1
vn 0 0 -1
vn 0 0 -1
vn 0 0 1
vn 0 0 1
vn 0 0 1
vn 0 0 1
vn 0 -0.8179196 0.5753328
vn 0 -0.9315286 0.3636681
vn 0 -0.9315271 0.3636719
vn 0 -0.8179182 0.5753346
vn 1 -1.191169E-07 0
vn 1 -5.55881E-07 0
vn 1 -2.304612E-07 0
vn 1 7.410397E-07 0
vn 1 7.956651E-07 2.093725E-07
vn 1 0 1.344968E-06
vn 1 1.807568E-07 0
vn 1 2.077005E-07 0
vn 1 3.162923E-07 0
vn 1 8.069088E-07 0
vn 1 5.195998E-07 0
vn 1 5.732486E-07 0
vn 1 -4.484212E-07 0
vn 1 0 0
vn 1 -1.750221E-07 0
vn 1 0 0
vn 1 0 0
vn 1 0 1.803543E-06
vn -1 0 0
vn -1 0 0
vn -1 -1.152306E-07 0
vn -1 0 0
vn -1 0 0
vn -1 -3.295876E-07 0
vn -1 0 0
vn -1 0 0
vn -1 1.324737E-06 0
vn -1 1.103538E-06 0
vn -1 1.536612E-06 0
vn -1 1.249619E-06 0
vn -1 4.484501E-07 0
vn -1 0 0
vn -1 0 0
vn -1 5.13125E-07 0
vn -1 6.460689E-07 0
vn -1 0 0
vn 0 0.01703964 -0.9998548
vn 0 0.01703962 -0.9998548
vn 0 0.01703966 -0.9998548
vn 0 0.01703968 -0.9998548
vn 0 0.09054663 -0.9958922
vn 0 0.09054621 -0.9958922
vn 0 0.0905467 -0.9958922
vn 0 0.09054713 -0.9958922
vn 0 0.9824572 -0.1864882
vn 0 0.9824582 -0.1864831
vn 0 0.991574 0.1295416
vn 0 0.9450375 -0.3269621
vn 0 0.9915738 0.1295432
vn 0 0.8564067 0.5163016
vn 0 0.9450348 -0.3269697
vn 0 0.8564048 0.5163049
vn 0 -0.7583159 -0.6518872
vn 0 -0.7583166 -0.6518865
vn 0 -0.8507992 -0.525491
vn 0 -0.8507991 -0.525491
vn 0 0.8515958 -0.524199
vn 0 0.8516067 -0.5241813
vn 0 0.851605 -0.524184
vn 0 0.8515941 -0.5242018
vn 0 -0.07000653 0.9975465
vn 0 -0.07000635 0.9975465
vn 0 -0.04340792 0.9990575
vn 0 -0.04340803 0.9990575
vn 0 -0.008389478 0.9999648
vn 0 -0.008389485 0.9999648
vn 0 0 1
vn 0 0 1
vn 0 -0.9996504 -0.02644464
vn 0 -0.9996504 -0.02644198
vn 0 -0.9785671 -0.2059284
vn 0 -0.9785669 -0.2059294
vn 0 -0.9255252 -0.378686
vn 0 -0.9255254 -0.3786856
vn 0 0.5547708 0.8320032
vn 0 0.5547727 0.8320019
vn 0 0.3788337 0.9254647
vn 0 0.3788313 0.9254658
vn 0 0.8564048 0.5163049
vn 0 0.8564067 0.5163016
vn 0 0.9615235 -0.2747228
vn 0 0.9615244 -0.2747194
vn 0 0.9615222 -0.2747273
vn 0 0.9615213 -0.2747306
vn 0 -0.9996279 0.02727568
vn 0 -0.9996279 0.02727571
vn 0 -0.9996279 0.02727569
vn 0 -0.9996279 0.02727567
vn 0 -0.3101645 -0.9506829
vn 0 -0.3101651 -0.9506828
vn 0 -0.4878794 -0.872911
vn 0 -0.4878784 -0.8729116
vn 0 -0.7583166 -0.6518865
vn 0 -0.7583159 -0.6518872
vn -0.09289012 -0.9737716 0.2077025
vn -0.092889 -0.9737722 0.2077
vn -0.09288932 -0.973772 0.2077008
vn -0.09289045 -0.9737714 0.2077032
vn 0.003797661 0.138075 0.9904145
vn 0.003795997 0.1380743 0.9904145
vn 0.003811269 0.1380809 0.9904136
vn 0.003812933 0.1380817 0.9904135
vn 0.08899682 0.9136615 -0.3966134
vn 0.08900841 0.9136534 -0.3966296
vn 0.08896851 0.9136813 -0.3965741
vn 0.08895691 0.9136895 -0.396558
vn -0.00367709 -0.1364583 -0.990639
vn -0.003675557 -0.1364588 -0.990639
vn -0.003675726 -0.1364587 -0.990639
vn -0.003677259 -0.1364582 -0.990639
vn 1 0 0
vn 1 0 0
vn 1 0 0
vn 1 0 0
vn -0.7066103 0.09769946 0.7008256
vn -0.7063193 0.09774648 0.7011124
vn -0.7063224 0.097746 0.7011093
vn -0.7066177 0.09769826 0.7008184
vn -0.7090933 -0.09622294 -0.6985184
vn -0.7090656 -0.09622729 -0.6985458
vn -0.7090662 -0.09622718 -0.6985452
vn -0.7090936 -0.09622289 -0.6985181
vn -0.7385514 -0.6593695 0.140619
vn -0.7385309 -0.6593915 0.1406234
vn -0.7385619 -0.6593581 0.1406168
vn -0.7385713 -0.6593481 0.1406148
vn -0.6742265 0.6774718 -0.2940246
vn -0.6743392 0.6773785 -0.2939813
vn -0.6741564 0.67753 -0.2940516
vn -0.6741059 0.6775718 -0.294071
vn -1 5.092333E-06 0
vn -1 -1.370915E-06 0
vn -1 -1.267925E-06 0
vn -1 5.201398E-06 0
vn -0.913386 -0.3677118 -0.1746829
vn -0.9121615 -0.3438554 -0.2229907
vn -0.9155056 -0.3568563 -0.18575
vn -0.9121544 -0.3803858 -0.1525812
vn -0.9143164 -0.3783106 -0.1445914
vn -0.9118214 -0.3442646 -0.2237492
vn -0.9147806 -0.38567 -0.1201464
vn -0.9158019 -0.392669 -0.08436841
vn -0.9140704 -0.3981088 -0.07736001
vn -0.9157766 -0.4013562 -0.01632204
vn -0.9154118 -0.40227 -0.01413608
vn -0.9176882 -0.3911096 0.06986882
vn -0.9172908 -0.3915494 0.07257082
vn -0.9197086 -0.3520932 0.173685
vn -0.9193425 -0.3519937 0.1758118
vn -0.9212093 -0.2787608 0.2714148
vn -0.920741 -0.2797071 0.2720295
vn -0.9207252 -0.1970888 0.3367803
vn -0.9207546 -0.1945352 0.3381821
vn -0.917291 -0.1258014 0.3778243
vn -0.9175057 -0.1295712 0.3760247
vn -0.9172607 -0.03277838 0.3969363
vn -0.916492 -0.03033634 0.398901
vn -0.9144269 0.07912806 0.396941
vn -0.9145465 0.07988764 0.3965129
vn -0.9121876 0.1605414 0.3770148
vn -0.9127333 0.1758343 0.3687823
vn -0.9135715 0.214663 0.3454083
vn -0.9083754 0.2156425 0.3582631
vn -0.9091848 0.1758305 0.3774475
vn -0.9105843 0.1712368 0.3761837
vn -0.9133202 0.1048623 0.3935099
vn -0.9132174 0.08464686 0.3985837
vn -0.9177585 -0.01368977 0.3969028
vn -0.9176309 -0.01063346 0.3972915
vn -0.9169404 -0.06206748 0.3941674
vn -0.9176483 0.0380811 0.3955644
vn -0.9153208 0.04220354 0.4005082
vn -0.9136159 0.1704034 0.369146
vn -0.9140413 0.1709166 0.367853
vn -0.9133893 0.2479591 0.3228568
vn -0.9163998 0.2485262 0.3137614
vn -0.9194163 0.2840399 0.2720201
vn -0.9180943 0.315828 0.23949
vn -0.9131789 0.3255083 0.2452523
vn -0.9185991 0.3387538 0.2035224
vn -0.9151961 0.3643662 0.1722011
vn -0.9126808 0.3715471 0.1701956
vn -0.9124903 0.3914441 0.1188821
vn -0.9122028 0.392239 0.1184674
vn -0.9116685 0.408885 0.04090971
vn -0.9109941 0.4105194 0.03954526
vn -0.9092671 0.406013 -0.09157956
vn -0.9077509 0.4085445 -0.09528726
vn -0.9034701 0.3205882 -0.2845433
vn -0.9009115 0.3258136 -0.2867124
vn -0.8902445 0.1957328 -0.4112826
vn -0.8909535 0.1924799 -0.4112824
vn -0.8913262 0.1911088 -0.4111145
vn -0.8911516 0.2017001 -0.4064059
vn -0.9008899 0.2926338 -0.3205663
vn -0.8995045 0.2986338 -0.3189195
vn -0.9074865 0.3698277 -0.199238
vn -0.9095931 0.3717791 -0.1855282
vn -0.9141274 0.3979787 -0.07735664
vn -0.9138241 0.4013886 -0.06174797
vn -0.9149395 0.402061 -0.03510985
vn -0.9158251 0.3917548 -0.08827549
vn -0.913088 0.3941895 -0.1043308
vn -0.9126219 0.3531767 -0.205882
vn -0.9122005 0.352847 -0.2083005
vn -0.9114783 0.2747604 -0.3061275
vn -0.9115847 0.2748038 -0.3057715
vn -0.910898 0.1850711 -0.3688001
vn -0.9149406 0.1680071 -0.3669569
vn -0.9162166 0.1106734 -0.3850955
vn -0.9104143 0.02696333 -0.4128182
vn -0.9105414 0.08375803 -0.4048446
vn -0.9069874 0.0156276 -0.4208678
vn -0.9076208 -0.07801916 -0.4124774
vn -0.9075483 -0.07755335 -0.4127244
vn -0.9085246 -0.1583866 -0.3866482
vn -0.9084437 -0.1581019 -0.3869542
vn -0.909466 -0.2189499 -0.353458
vn -0.9093723 -0.2186759 -0.3538688
vn -0.9102732 -0.2620144 -0.3205483
vn -0.9120011 -0.2635015 -0.3143581
vn -0.9126295 -0.2892888 -0.2888237
vn -0.9128422 -0.3112907 -0.2642295
vn -0.9113386 -0.3174523 -0.2620806
vn -0.8763088 -0.197395 0.4394521
vn -0.8712767 -0.1297318 0.4733356
vn -0.8804537 -0.2009055 0.4294628
vn -0.8838543 -0.02459978 0.467115
vn -0.8853712 -0.02553464 0.4641829
vn -0.8840679 0.108412 0.4546106
vn -0.8812223 -0.3051981 0.3609729
vn -0.8796987 -0.3196417 0.3520788
vn -0.8826838 -0.4168648 0.2170094
vn -0.8790075 -0.4173414 0.2305904
vn -0.8764176 -0.4758751 0.0737232
vn -0.8763415 -0.4794601 0.04629923
vn -0.8755155 -0.4826069 0.0237334
vn -0.8759722 -0.4816192 0.02675491
vn -0.882248 -0.4520624 0.131446
vn -0.8816881 -0.4517807 0.1360891
vn -0.8901646 -0.3805908 0.2505146
vn -0.8899208 -0.37992 0.2523922
vn -0.8977515 -0.2811944 0.3390751
vn -0.8978576 -0.2813047 0.3387025
vn -0.8846413 0.1116045 0.4527186
vn -0.8828261 0.2054942 0.4223625
vn -0.8833843 0.208019 0.4199526
vn -0.8816698 0.2774771 0.3816606
vn -0.8821544 0.2788429 0.3795394
vn -0.8787692 0.3356844 0.3392352
vn -0.8809595 0.328941 0.3401591
vn -0.8776008 0.3663435 0.3092075
vn -0.8776587 0.3892192 0.2796851
vn -0.8797741 0.3905734 0.2710165
vn -0.8783111 0.4205873 0.2273232
vn -0.8791726 0.4195232 0.2259553
vn -0.8707635 0.4519872 0.1935939
vn -0.8747689 0.45464 0.1675766
vn -0.8794466 0.4516085 0.150411
vn -0.8771189 0.4637016 0.1250734
vn -0.8765545 0.4706206 0.1008395
vn -0.8741936 0.4826815 0.05295433
vn -0.8759528 0.48034 0.04449939
vn -0.8744035 0.4844527 -0.02690843
vn -0.8742034 0.4847307 -0.02836417
vn -0.8725235 0.4725247 -0.1241894
vn -0.8719693 0.4725338 -0.1279891
vn -0.8703152 0.4267158 -0.2458963
vn -0.8699328 0.4268067 -0.2470887
vn -0.8694085 0.3356061 -0.3626256
vn -0.868298 0.3423685 -0.3589461
vn -0.8669806 0.2460924 -0.4333397
vn -0.8681989 0.2368052 -0.4360664
vn -0.8716995 0.1641315 -0.4617367
vn -0.8830849 0.0455849 -0.4669936
vn -0.8736767 0.06162366 -0.4825885
vn -0.8754273 -0.05989858 -0.4796239
vn -0.8768783 -0.1185478 -0.4658659
vn -0.8773927 -0.1552926 -0.4539451
vn -0.8786865 -0.1559713 -0.4512016
vn -0.880152 -0.1945319 -0.4330009
vn -0.8820391 -0.1420867 -0.4492421
vn -0.8867195 -0.1864965 -0.4230219
vn -0.8791218 -0.123568 -0.4602996
vn -0.8764284 -0.03644619 -0.480151
vn -0.8762652 -0.03673687 -0.4804268
vn -0.8719487 0.06040311 -0.4858571
vn -0.8732616 0.06453422 -0.4829592
vn -0.8779454 -0.01516562 -0.4785208
vn -0.8750293 -0.01776012 -0.483744
vn -0.8758955 -0.1988221 -0.4396325
vn -0.8774613 -0.202841 -0.4346462
vn -0.8731997 -0.3056612 -0.3795965
vn -0.8775042 -0.2958734 -0.3774191
vn -0.8669537 -0.3643128 -0.3400989
vn -0.8708973 -0.395317 -0.291997
vn -0.8778973 -0.3865282 -0.2826522
vn -0.8694932 -0.4260465 -0.2499318
vn -0.8753373 -0.4375346 -0.2057862
vn -0.8783658 -0.4348658 -0.1984068
vn -0.8788003 -0.4543698 -0.1458021
vn -0.8787655 -0.4544878 -0.1456435
vn -0.8798382 -0.469781 -0.07204631
vn -0.8792152 -0.4713135 -0.06959986
vn -0.8825774 -0.4686265 0.03803031
vn -0.8806785 -0.470412 0.05583747
vn -0.8980862 -0.3713889 0.2356085
vn -0.8900786 -0.386112 0.2422347
vn -0.8962413 -0.2632949 0.3569695
vn -0.899648 -0.2444568 0.3617657
vn 0.8819845 -0.3835387 -0.273864
vn 0.8790271 -0.4191661 -0.2271809
vn 0.8796576 -0.3898582 -0.2724206
vn 0.8798875 -0.4183782 -0.2252944
vn 0.8854873 -0.4278087 -0.1813613
vn 0.8815719 -0.4433761 -0.1620142
vn 0.8764185 -0.4566351 -0.152889
vn 0.8774459 -0.4631839 -0.1246965
vn 0.8777775 -0.4685893 -0.09965272
vn 0.878374 -0.4753991 -0.04954633
vn 0.8759402 -0.4804569 -0.04347291
vn 0.8742822 -0.4844519 0.03060903
vn 0.8742185 -0.484578 0.03043477
vn 0.8721911 -0.4714446 0.1304706
vn 0.8720602 -0.4716992 0.1304255
vn 0.8700415 -0.4256445 0.2487058
vn 0.8698497 -0.4262822 0.248284
vn 0.8682312 -0.3441157 0.3574339
vn 0.8689978 -0.3413588 0.3582137
vn 0.8673949 -0.2487543 0.4309841
vn 0.8683079 -0.2440027 0.4318611
vn 0.8718389 -0.1600688 0.4628984
vn 0.8725539 -0.1612507 0.4611374
vn 0.8745766 -0.0588864 0.4812984
vn 0.8736773 -0.0594537 0.4828595
vn 0.8755997 0.05658663 0.4797113
vn 0.8763884 0.06045327 0.4777957
vn 0.87804 0.1412444 0.45727
vn 0.8801046 0.1570767 0.4480433
vn 0.8836061 0.1942173 0.4260516
vn 0.8795407 0.1882827 0.4369872
vn 0.8779777 0.1449741 0.4562212
vn 0.8794668 0.1298788 0.4578969
vn 0.8772559 0.05297431 0.4770909
vn 0.8762635 0.04028913 0.4801449
vn 0.8740027 -0.07799846 0.4796201
vn 0.8762896 -0.05875087 0.4781891
vn 0.872346 -0.1152599 0.4751081
vn 0.8787082 0.02258129 0.4768248
vn 0.8751555 0.02757589 0.4830553
vn 0.876337 0.1944988 0.4406854
vn 0.8773124 0.195389 0.4383449
vn 0.877211 0.2932256 0.3801574
vn 0.8818824 0.2941949 0.3684193
vn 0.8868318 0.3375829 0.3155426
vn 0.8847135 0.3750432 0.2768115
vn 0.8779238 0.3859137 0.2834086
vn 0.8855698 0.4007751 0.2348303
vn 0.8813702 0.4277849 0.2004656
vn 0.8784268 0.4346966 0.1985075
vn 0.8788078 0.4546272 0.1449516
vn 0.8787997 0.4546426 0.144952
vn 0.8798524 0.4703881 0.06778404
vn 0.8794763 0.4712091 0.0669587
vn 0.8829141 0.4658535 -0.05868059
vn 0.8818246 0.4674869 -0.06197938
vn 0.8927641 0.3829641 -0.2372987
vn 0.8899862 0.3875264 -0.2403077
vn 0.8971646 0.2672749 -0.3516529
vn 0.8986951 0.2623699 -0.3514387
vn 0.8984092 0.2737228 -0.3434189
vn 0.8977588 0.278614 -0.3411794
vn 0.8917623 0.38118 -0.2438479
vn 0.8899537 0.3794153 -0.2530347
vn 0.8814356 0.453022 -0.1335744
vn 0.8817531 0.4600548 -0.1042163
vn 0.878123 0.4778605 -0.02343593
vn 0.8747828 0.4845146 0.00089736
vn 0.8779869 0.4786711 -0.00361373
vn 0.8819718 0.4643251 -0.08079576
vn 0.8774398 0.4684706 -0.1031244
vn 0.8794948 0.4153606 -0.2323025
vn 0.8790275 0.416335 -0.2323269
vn 0.8797916 0.3211691 -0.3504527
vn 0.8804443 0.3186414 -0.3511204
vn 0.8801058 0.2145436 -0.4235383
vn 0.8863122 0.1919197 -0.4214467
vn 0.8895864 0.1240955 -0.4395865
vn 0.8896012 0.01957147 -0.4563187
vn 0.8913126 0.09079482 -0.4442052
vn 0.8850539 0.006576282 -0.4654421
vn 0.8841189 -0.1074523 -0.4547392
vn 0.8845289 -0.108813 -0.4536172
vn 0.8829156 -0.204345 -0.4227328
vn 0.8833546 -0.2055219 -0.4212428
vn 0.881787 -0.2766079 -0.3820206
vn 0.8821486 -0.2774149 -0.3805978
vn 0.880791 -0.3273561 -0.3421185
vn 0.8832521 -0.329983 -0.3331317
vn 0.8827764 -0.3587887 -0.3032763
vn 0.9057661 -0.3065239 -0.2926273
vn 0.910566 -0.2578341 -0.3230961
vn 0.9135197 -0.2490209 -0.321668
vn 0.9080635 -0.3338283 -0.2529413
vn 0.9131667 -0.325285 -0.2455936
vn 0.9064326 -0.3621475 -0.2173223
vn 0.9140745 -0.1752218 -0.3657389
vn 0.9133902 -0.172879 -0.3685527
vn 0.9172952 -0.03447657 -0.3967129
vn 0.9153677 -0.0367205 -0.4009409
vn 0.9153806 0.006966511 -0.4025293
vn 0.9164038 0.01354319 -0.4000259
vn 0.9133875 -0.08258531 -0.3986262
vn 0.9137925 -0.08643591 -0.3968779
vn 0.9108674 -0.1597709 -0.3805177
vn 0.9119861 -0.1776718 -0.3697487
vn 0.9121748 -0.2134766 -0.3498071
vn 0.9094906 -0.2143702 -0.3561916
vn 0.9105032 -0.1768298 -0.3737848
vn 0.9120122 -0.1681555 -0.3741089
vn 0.9140536 -0.1134293 -0.3894095
vn 0.9141238 -0.08296421 -0.3968559
vn 0.9222761 0.03613184 -0.384839
vn 0.9164914 0.03138561 -0.3988212
vn 0.9171752 0.128994 -0.3770283
vn 0.9206829 0.1891302 -0.3414275
vn 0.9205126 0.1949008 -0.3386299
vn 0.9217632 0.2745844 -0.273781
vn 0.920765 0.2781199 -0.2735709
vn 0.919273 0.3524711 -0.1752178
vn 0.9200216 0.3534566 -0.1691998
vn 0.9171166 0.3922391 -0.07103263
vn 0.9177986 0.3919183 -0.06360674
vn 0.9152969 0.4024817 0.01549652
vn 0.9157612 0.401235 0.01979834
vn 0.9126562 0.3997582 0.08515874
vn 0.9141352 0.3973046 0.08065979
vn 0.9117109 0.3920545 0.1227866
vn 0.9115546 0.3845952 0.1454469
vn 0.9136121 0.3767946 0.1527701
vn 0.9113168 0.3719557 0.1764958
vn 0.9083472 0.3709352 0.1931642
vn 0.9113817 0.3453225 0.22391
vn 0.9117308 0.34469 0.223463
vn 0.9112414 0.3175399 0.2623116
vn 0.909817 0.3165384 0.2683963
vn 0.9088489 0.2955347 0.2943689
vn 0.9088383 0.2692148 0.3186474
vn 0.9102122 0.2619458 0.3207773
vn 0.9093918 0.2194637 0.3533302
vn 0.9094551 0.219589 0.3530895
vn 0.9085196 0.1594564 0.3862198
vn 0.908495 0.1593147 0.386336
vn 0.9076416 0.07885212 0.4122729
vn 0.9075953 0.07885601 0.412374
vn 0.9067262 -0.03388163 0.4203565
vn 0.9064358 -0.03113917 0.421194
vn 0.9029288 -0.1140376 0.4143849
vn 0.9078913 -0.1713084 0.3826052
vn 0.9109988 -0.1776326 0.3721932
vn 0.9119287 -0.2704437 0.3086197
vn 0.9114422 -0.2735543 0.3073126
vn 0.9144523 -0.3568622 0.1908574
vn 0.9122041 -0.3533837 0.2073734
vn 0.9129573 -0.3980351 0.08987197
vn 0.9138858 -0.4004747 0.06657927
vn 0.9127856 -0.4001029 0.08209895
vn 0.9131261 -0.399322 0.08211339
vn 0.9075968 -0.3678702 0.2023351
vn 0.9073849 -0.3685603 0.2020297
vn 0.8995059 -0.2989363 0.3186319
vn 0.8997763 -0.2966411 0.3200104
vn 0.8914813 -0.2034423 0.4048115
vn 0.8919372 -0.1994468 0.4057942
vn 0.8893568 -0.1716324 0.4237768
vn 0.888339 -0.1900926 0.4179936
vn 0.9086536 -0.3072304 0.2827688
vn 0.9008312 -0.3241974 0.2887896
vn 0.906912 -0.4119931 0.08816045
vn 0.9099259 -0.4093679 0.06672895
vn 0.9107918 -0.4106764 -0.04246382
vn 0.9117698 -0.4081322 -0.04586709
vn 0.9121588 -0.3921081 -0.1192374
vn 0.9125032 -0.3911132 -0.1198679
vn 0.9104059 -0.3738983 -0.1770906
vn 0.9127635 -0.371024 -0.1708916
vn -0.04450012 -0.966814 -0.2515758
vn -0.04425599 -0.9454693 -0.3226906
vn -0.0509778 -0.9321788 -0.3583906
vn -0.05374569 -0.9086501 -0.4140848
vn -0.04882594 -0.9068719 -0.4185682
vn -0.05205459 -0.9683677 -0.2440375
vn -0.05518011 -0.989082 -0.1366458
vn -0.05461947 -0.9893367 -0.1350167
vn -0.05948757 -0.9980692 0.01786617
vn -0.05893027 -0.9980654 0.01981844
vn -0.06528819 -0.9714858 0.2279316
vn -0.06472883 -0.9710241 0.2300486
vn -0.07125672 -0.8762297 0.4765963
vn -0.07072302 -0.8752943 0.4783912
vn -0.07531835 -0.7029409 0.707249
vn -0.07477404 -0.7019064 0.7083334
vn -0.04648961 -0.8604842 -0.5073516
vn -0.04681641 -0.8600965 -0.5079787
vn -0.04512938 -0.7973778 -0.6017907
vn -0.04567134 -0.7967646 -0.6025615
vn -0.043483 -0.7375594 -0.6738807
vn -0.04397289 -0.7367843 -0.6746964
vn 0.0516804 0.9682146 0.2447237
vn 0.05866181 0.9647627 0.2564989
vn 0.05502939 0.9882932 0.1422966
vn 0.05434994 0.9886438 0.1401055
vn 0.05917443 0.9982317 -0.005652818
vn 0.05839601 0.9982533 -0.008951845
vn 0.06483123 0.9759139 -0.2083
vn 0.06397406 0.9748783 -0.2133533
vn 0.07124677 0.8828405 -0.4642377
vn 0.07035972 0.8802395 -0.4692844
vn 0.07555876 0.6890815 -0.7207339
vn 0.07525819 0.6871101 -0.7226451
vn 0.05318387 0.9446015 0.3238819
vn 0.04932022 0.9319669 0.359173
vn 0.04402338 0.909517 0.4133289
vn 0.04883968 0.9064838 0.4194065
vn 0.04665142 0.8608864 0.5066539
vn 0.04700509 0.8605133 0.5072547
vn 0.04511847 0.7979507 0.6010317
vn 0.04573605 0.7973359 0.6018004
vn 0.04355293 0.7385767 0.6727613
vn 0.04412533 0.7377334 0.6736486
vn 0.06461965 0.3998507 -0.9142995
vn 0.07606745 0.4801999 -0.8738546
vn 0.07503219 0.4803941 -0.8738374
vn 0.06283102 0.4002561 -0.9142469
vn 0.07555876 0.6890815 -0.7207339
vn 0.07525819 0.6871101 -0.7226451
vn -0.07534594 -0.5003434 0.8625424
vn -0.07531835 -0.7029409 0.707249
vn -0.07477404 -0.7019064 0.7083334
vn -0.07576483 -0.4999251 0.8627483
vn -0.06499413 -0.320274 0.9450927
vn -0.06397725 -0.3211543 0.9448634
vn -0.06157181 -0.1003247 0.9930478
vn -0.06107201 -0.1011205 0.9929979
vn -0.05558787 0.1520857 0.9868029
vn -0.05500695 0.1517024 0.9868945
vn -0.04899295 0.3395052 0.9393273
vn -0.04825334 0.3388475 0.9396031
vn -0.04320985 0.460622 0.886544
vn -0.04208594 0.4598747 0.8869859
vn -0.04023538 0.4578755 0.8881053
vn -0.03920405 0.454642 0.889811
vn -0.04486325 0.3423232 0.9385107
vn -0.04428056 0.3358317 0.9408806
vn -0.05151748 0.1872983 0.9809512
vn -0.05102546 0.1713425 0.9838893
vn -0.06192845 -0.09161074 0.9938673
vn -0.06242394 -0.106646 0.9923356
vn -0.06466655 -0.2005398 0.977549
vn -0.0644663 -0.1977467 0.978131
vn -0.05809764 0.07863003 0.9952095
vn -0.05744241 0.07897579 0.9952201
vn -0.0531383 0.4080998 0.9113895
vn -0.05295491 0.4080406 0.9114268
vn -0.05152446 0.6083421 0.7920007
vn -0.05149665 0.6080934 0.7921935
vn -0.05117799 0.7249337 0.6869146
vn -0.0508605 0.7251807 0.6866775
vn 0.05210074 -0.2624623 -0.9635347
vn 0.05348278 -0.2185501 -0.974359
vn 0.0534483 -0.2111339 -0.9759947
vn 0.05180133 -0.2568704 -0.9650566
vn 0.04807861 -0.3664377 -0.9291995
vn 0.04740154 -0.3625565 -0.9307555
vn 0.04316317 -0.4663198 -0.8835625
vn 0.0419491 -0.4648901 -0.8843741
vn 0.04073002 -0.4508703 -0.8916597
vn 0.03969355 -0.4485984 -0.8928515
vn 0.04605922 -0.319974 -0.9463061
vn 0.04551563 -0.3172684 -0.9472429
vn 0.05376197 -0.1353934 -0.9893323
vn 0.05317355 -0.1322571 -0.9897882
vn 0.06042645 0.08498737 -0.994548
vn 0.06163559 0.08917804 -0.9941068
vn 0.05961147 -0.05755243 -0.9965611
vn 0.05776462 -0.05761933 -0.996666
vn 0.05261828 -0.4267334 -0.9028454
vn 0.05281375 -0.4275274 -0.9024583
vn 0.05164294 -0.6138191 -0.7877558
vn 0.05132186 -0.613683 -0.7878827
vn 0.05116322 -0.7266152 -0.685137
vn 0.05074183 -0.7264037 -0.6853925
vn -0.05486982 0.9961242 -0.06874532
vn -0.05600739 0.9954457 -0.0771421
vn -0.05641559 0.9973913 -0.04502981
vn -0.0550731 0.9975449 -0.04325548
vn -0.05173991 0.9705124 -0.2354324
vn -0.04042754 0.9463866 -0.3204966
vn -0.04052312 0.9412991 -0.3351326
vn -0.01398586 0.7707521 -0.6369817
vn -0.01388465 0.7614767 -0.6480436
vn -0.05094369 0.970803 -0.234406
vn -0.04791281 0.8663593 -0.4971177
vn -0.04725382 0.866803 -0.4964068
vn -0.04533101 0.6714532 -0.7396592
vn -0.04483327 0.6720961 -0.7391054
vn 0.05052434 -0.8019477 -0.5952539
vn 0.05116322 -0.7266152 -0.685137
vn 0.05074183 -0.7264037 -0.6853925
vn 0.05049654 -0.8017431 -0.5955318
vn 0.0500103 -0.8591928 -0.5092019
vn 0.05001945 -0.8593543 -0.5089287
vn 0.04951556 -0.9080574 -0.4159085
vn 0.04907673 -0.9079486 -0.4161982
vn 0.04829581 -0.9528987 -0.2994185
vn 0.04784401 -0.9528377 -0.2996852
vn 0.04578251 -0.9900321 -0.1331938
vn 0.04535584 -0.9900592 -0.1331374
vn 0.03937975 -0.9922652 0.1177243
vn 0.03927848 -0.991984 0.1201044
vn 0.03423186 -0.9628881 0.2677214
vn 0.03454258 -0.9625339 0.268952
vn -0.05072372 0.8014985 0.5958416
vn -0.05117799 0.7249337 0.6869146
vn -0.0508605 0.7251807 0.6866775
vn -0.05037697 0.8017142 0.5955808
vn -0.05013653 0.8591248 0.5093043
vn -0.04978846 0.8592958 0.5090499
vn -0.04927066 0.9084153 0.4151557
vn -0.0492978 0.9085327 0.4148952
vn -0.04824565 0.9539934 0.2959207
vn -0.04785503 0.9539488 0.2961274
vn -0.0454825 0.9920145 0.1176374
vn -0.045107 0.9920517 0.1174674
vn -0.03732218 0.982868 -0.1804924
vn -0.03698824 0.9825799 -0.1821222
vn -0.03006429 0.9311763 -0.3633272
vn -0.02986938 0.9312353 -0.3631921
vn -0.01278276 -0.4688447 0.8831881
vn -0.007777269 -0.504602 0.8633171
vn -0.009984844 -0.5111057 0.8594599
vn -0.01445817 -0.4720166 0.881471
vn -0.008216333 -0.5448381 0.8385009
vn -0.008627136 -0.5490503 0.8357448
vn 0.01390988 -0.7635186 0.645636
vn 0.01379619 -0.7669451 0.6415644
vn 0.0002495957 0.6222558 -0.782814
vn -0.0004976749 0.621683 -0.7832687
vn 0.00919011 0.5246633 -0.8512602
vn 0.01036129 0.5236341 -0.8518803
vn 0.01020807 0.5218372 -0.852984
vn 0.01084247 0.5279887 -0.8491822
vn -0.01388465 0.7614767 -0.6480436
vn -0.01398586 0.7707521 -0.6369817
vn 0.03658615 -0.9225804 0.3840664
vn 0.01390988 -0.7635186 0.645636
vn 0.01379619 -0.7669451 0.6415644
vn 0.03630098 -0.924392 0.3797125
vn 0.05303067 -0.9906008 0.1260862
vn 0.05168065 -0.9912426 0.1215196
vn 0.05363705 -0.9883816 0.1422141
vn 0.05079564 -0.9917824 0.1174195
vn 0.04914336 -0.8805565 0.4713864
vn 0.04758854 -0.8917502 0.450019
vn 0.04524397 -0.6507062 0.7579805
vn 0.04493742 -0.652463 0.756487
vn 0.04382361 -0.4276391 0.9028867
vn 0.04524397 -0.6507062 0.7579805
vn 0.04493742 -0.652463 0.756487
vn 0.04354782 -0.4282207 0.9026244
vn 0.04196293 -0.2770624 0.9599351
vn 0.04272198 -0.2775134 0.9597713
vn 0.0320173 -0.06299839 0.9974999
vn 0.030703 -0.06132646 0.9976454
vn 0.03373541 0.2142953 0.9761862
vn 0.03324077 0.2163279 0.9757547
vn 0.03682921 0.4138107 0.9096177
vn 0.03631366 0.4155296 0.9088544
vn 0.03982144 0.5611838 0.8267328
vn 0.03922266 0.5625613 0.8258246
vn 0.04228158 0.665168 0.7454957
vn 0.04175248 0.666243 0.744565
vn 0.04412533 0.7377334 0.6736486
vn 0.04355293 0.7385767 0.6727613
vn -0.04483327 0.6720961 -0.7391054
vn -0.04533101 0.6714532 -0.7396592
vn -0.04385561 0.4507355 -0.8915796
vn -0.04348455 0.4513809 -0.8912712
vn -0.04209295 0.289147 -0.9563587
vn -0.04277651 0.2896052 -0.9561898
vn -0.03237363 0.1883389 -0.9815704
vn -0.03114148 0.1875949 -0.9817526
vn -0.03174702 0.02546934 -0.9991714
vn -0.03112458 0.02417635 -0.9992231
vn -0.03361199 -0.2079839 -0.9775546
vn -0.03313072 -0.2093452 -0.9772803
vn -0.03660972 -0.4075024 -0.91247
vn -0.03613232 -0.4087997 -0.9119086
vn -0.0396006 -0.5573366 -0.8293417
vn -0.03917706 -0.5584518 -0.8286113
vn -0.04214498 -0.6632025 -0.7472523
vn -0.0416862 -0.664127 -0.7464567
vn -0.04397289 -0.7367843 -0.6746964
vn -0.043483 -0.7375594 -0.6738807
vn 0 -0.5851809 0.8109027
vn 0 -0.6040841 0.7969206
vn 0 -0.6040843 0.7969205
vn 0 -0.6292182 0.7772288
vn 0 -0.585181 0.8109027
vn 0 -0.6292183 0.7772286
vn 0 0.6040851 -0.7969198
vn 0 0.6040851 -0.7969199
vn 0 0.58518 -0.8109034
vn 0 0.5851802 -0.8109033
vn 0 0.6292214 -0.7772262
vn 0 0.6292214 -0.7772261
vn 0 0.79435 0.6074604
vn 0 0.79435 0.6074603
vn 0 0.79435 0.6074604
vn 0 0.79435 0.6074603
vn 0.9786694 0.1631961 0.1247922
vn 1 1.59234E-07 0
vn 1 1.566193E-07 0
vn 0.9786048 0.1634409 0.1249789
vn 0.9154734 0.3196293 0.2444291
vn 0.915474 0.3196278 0.2444289
vn -0.9786693 0.1631961 0.1247941
vn -0.9786046 0.1634408 0.1249809
vn -1 -7.830962E-07 0
vn -1 -7.961702E-07 0
vn -0.9154723 0.3196327 0.244429
vn -0.9154728 0.3196314 0.2444286
vn 0 -0.7943452 -0.6074665
vn 0 -0.7943452 -0.6074665
vn 0 -0.7943452 -0.6074665
vn 0 -0.7943452 -0.6074665
vn 0.8615189 0.1446534 -0.4866833
vn 0.8351156 0.1587218 -0.5266777
vn 0.8503247 0.006189776 -0.5262219
vn 0.5609522 0.4473341 -0.6965809
vn 0.8011276 -0.0006630327 -0.5984933
vn 0.814043 0.06684955 -0.5769446
vn 0.7901912 -0.002458075 -0.6128553
vn 0.7902901 -0.002476165 -0.6127278
vn 0.5005782 0.4555443 -0.7361392
vn 0.6182852 0.00950327 -0.7858964
vn 0.6674783 0.00952607 -0.7445683
vn 0.6254976 0.1226093 -0.7705321
vn 0.9822494 -0.1781576 0.05870316
vn 0.9849724 -0.1724586 0.009351674
vn 1 0 0
vn 0.9448006 -0.3184489 0.07708389
vn 1 0 0
vn 0.9369105 -0.1568719 0.3123939
vn 0.999963 -0.007246274 0.004633856
vn 0.9029285 -0.3005199 0.3072588
vn 0.7380514 -0.1003384 0.6672424
vn 0.999894 -0.0145582 0
vn 0.4914826 -0.366359 0.7900797
vn 1 1.07185E-07 0
vn 0.9431452 -0.3321891 0.0112913
vn -0.09988464 -0.4637991 0.8802918
vn -0.4137188 -0.315331 0.8540511
vn -0.5735995 -0.4563606 0.6802341
vn -0.1761404 -0.1321797 0.9754502
vn -0.1511639 -0.6327773 0.7594356
vn 0.1061207 -0.4624091 0.8802932
vn -0.4917671 -0.4555427 0.7420552
vn 0.04400738 -0.1909756 0.9806077
vn 0.4271782 -0.3070846 0.8504221
vn 0.2951614 -0.5714206 0.7657403
vn 0.1613939 -0.6307676 0.7590021
vn 0.5315194 -0.4486101 0.7184957
vn 0.1403851 -0.6408148 0.7547505
vn 0.1141355 -0.5365427 0.8361191
vn -0.1273192 -0.6417975 0.7562312
vn -0.1033077 -0.5335376 0.8394433
vn 0.1391395 -0.5568884 0.8188502
vn 0.3909541 -0.3386935 0.855828
vn 0.6410978 -0.1092525 0.759643
vn 0.7380514 -0.1003384 0.6672424
vn -0.347745 -0.3315347 0.8770167
vn -0.1305743 -0.5516168 0.8238137
vn -0.1978293 -0.7807844 0.5926545
vn 0.2003841 -0.7698653 0.6059322
vn 0.4301126 -4.25195E-05 0.9027752
vn 0.4281091 2.753677E-05 0.9037271
vn 0.4914826 -0.366359 0.7900797
vn 0.3576144 -0.6928387 0.6261681
vn -0.3358448 -0.7124714 0.6161111
vn -0.4630479 -0.367939 0.8063545
vn -0.6986766 -0.1116568 0.7066709
vn -0.5696424 -0.112739 0.8141236
vn -0.4226778 -0.005959859 0.9062605
vn -0.563712 -0.007103109 0.8259408
vn -0.8227607 -0.1588057 0.5457523
vn -0.6207641 -0.007533815 0.7839612
vn 0.8590474 -0.1427151 0.4915994
vn 0.8815633 -0.1316434 0.4533389
vn 0.8167848 -0.2738979 0.507782
vn 0.5315194 -0.4486101 0.7184957
vn 0.8880813 0.0003914 0.4596863
vn 0.8741568 0.001028801 0.4856426
vn 0.6631473 -0.07446574 0.7447754
vn 0.8605577 0.001625916 0.5093504
vn 0.0001757845 0.04660811 -0.9989132
vn 0.01206696 -0.004352288 -0.9999177
vn 0.0121928 -0.003897816 -0.9999181
vn 0.01133593 -0.01033266 -0.9998823
vn 0 0.04661596 -0.9989128
vn 0 0.05416698 -0.9985319
vn 0 0.05416699 -0.9985319
vn 0 0.01339405 -0.9999104
vn 0 0.01339405 -0.9999104
vn 0.01143536 -0.01453596 -0.9998289
vn 0.00921477 -0.02568944 -0.9996275
vn 0.00209122 -0.06957846 -0.9975743
vn -0.01840967 -0.06367857 -0.9978006
vn -0.01000656 -0.07112577 -0.9974172
vn -0.04549607 -0.03905296 -0.9982009
vn -0.04283946 -0.04160383 -0.9982153
vn -0.06738579 -0.01763541 -0.9975711
vn -0.07624351 -0.008922987 -0.9970493
vn -0.0009626341 0.00125035 -0.9999988
vn 0 0.001298052 -0.9999992
vn 0.001168171 0.9999975 -0.001898759
vn -0.0003355404 0.9999968 -0.002516586
vn -0.001257174 0.9999977 -0.001744216
vn -0.001465475 0.9999959 -0.002477244
vn -0.002367461 0.999995 -0.002117947
vn 0.0003067913 0.9999969 -0.002506232
vn 0.001274404 0.9999962 -0.002439815
vn 0.002070708 0.9999956 -0.002120035
vn 0.001639141 0.9999982 -0.0009905341
vn 0.001573255 0.9999983 -0.0009204407
vn 0.00107 0.9999989 0.001013431
vn 0.001322343 0.9999986 0.00111157
vn 0.001383813 0.9999985 0.001107678
vn 0.001464485 0.9999985 0.001042903
vn 0.001230318 0.9999982 0.00149361
vn 0.001045721 0.999998 0.001743225
vn 0.00099452 0.9999994 0.000457212
vn 0.001094057 0.9999993 0.0005415518
vn 0.0009507395 0.9999995 -0.0001054763
vn 0.0006605175 0.9999996 -0.000566521
vn 0.0003288125 0.9999999 -0.0003566892
vn 0 0.9999999 -0.0005989782
vn -0.9863274 -0.1430505 -0.08182124
vn -0.9918481 -0.02727108 -0.1244734
vn -0.9959123 -0.02814061 -0.08582973
vn -0.9754509 -0.2201935 -0.003207123
vn -0.9991071 -0.03033977 0.02940243
vn -0.9325008 -0.3591307 0.0383093
vn -0.9780889 -0.2073949 0.01815005
vn -0.9321654 -0.3604956 0.03332285
vn -0.9318748 -0.3615803 0.02948052
vn -0.129013 0.5288668 -0.8388419
vn -0.1774238 0.6156791 -0.767763
vn 0.1454472 0.6168326 -0.7735391
vn 0.109511 0.5356645 -0.8372998
vn 0.5609522 0.4473341 -0.6965809
vn 0.5005782 0.4555443 -0.7361392
vn 0.5013684 0.3457304 -0.7931584
vn 0.1288041 0.6357167 -0.7611004
vn 0.106997 0.5412236 -0.8340436
vn -0.1630764 0.5814604 -0.7970633
vn -0.1709662 0.6127603 -0.7715538
vn 0.1316975 0.5669263 -0.813173
vn -0.2131569 0.7863454 -0.5798493
vn 0.375284 0.3513523 -0.8577375
vn 0.6254976 0.1226093 -0.7705321
vn 0.7272596 0.1234233 -0.6751742
vn 0.6748399 0.008679348 -0.737913
vn 0.6182852 0.00950327 -0.7858964
vn 0.1849658 0.7797931 -0.5980889
vn 0.8615189 0.1446534 -0.4866833
vn 0.814043 0.06684955 -0.5769446
vn 0.3334207 0.71197 -0.6180044
vn 0.4766651 0.3862092 -0.7897043
vn -0.4055735 0.7041827 -0.5827836
vn -0.3252888 0.5673008 -0.7565428
vn -0.32533 0.5675012 -0.7563747
vn -0.1801345 0.6495524 -0.73867
vn -0.3550711 0.6204588 -0.6992534
vn -0.6305264 0.4250419 -0.6494428
vn -0.542342 0.3183622 -0.7775028
vn 0.8815633 -0.1316434 0.4533389
vn 0.6631473 -0.07446574 0.7447754
vn 0.1810374 -0.1281679 0.975089
vn 0.8167848 -0.2738979 0.507782
vn 0.250891 -0.02273079 0.9677485
vn -0.04127894 -0.1906933 0.9807813
vn -0.2501321 -0.02449553 0.9679018
vn -0.6559728 -0.08109081 0.7504158
vn -0.6431009 0.002494716 0.7657773
vn -0.2218025 0.003294638 0.9750861
vn 0.241718 0.003278346 0.970341
vn 0.4689227 0.002983558 0.8832341
vn -0.8705889 -0.1458115 0.4699085
vn -0.8773371 -0.02347486 0.4793
vn -0.6986766 -0.1116568 0.7066709
vn -0.9517576 -0.005869632 0.3067947
vn -0.7803867 -0.2225787 0.5843418
vn -0.4630479 -0.367939 0.8063545
vn -0.9582306 -0.003870435 0.2859709
vn -0.7222291 -0.2859871 0.6297592
vn -0.4078177 0.7528505 -0.5166243
vn -0.4257983 0.7445529 -0.5141371
vn -0.2658927 0.8180128 -0.510055
vn -0.4869787 0.6513667 -0.5818705
vn -0.2615183 0.8263261 -0.4987918
vn -0.1630857 0.8421471 -0.5139953
vn -0.1416874 0.8376901 -0.5274467
vn -0.4943571 0.6523932 -0.5744511
vn 0.2144517 -0.9744937 0.06612427
vn 0.2250133 -0.93925 0.2591879
vn -0.2003605 -0.9463697 0.2534563
vn 0.2003841 -0.7698653 0.6059322
vn -0.2167099 -0.973128 0.07783922
vn -0.1978293 -0.7807844 0.5926545
vn 0.445589 -0.8936018 0.05409544
vn 0.443922 -0.8577495 0.2592278
vn 0.3576144 -0.6928387 0.6261681
vn -0.4276904 -0.9010386 0.07218251
vn -0.4157634 -0.8768456 0.2414179
vn -0.3358448 -0.7124714 0.6161111
vn -0.2444735 0.9324331 -0.2660849
vn -0.253089 0.9624014 -0.09863838
vn 0.2129401 0.9723819 -0.09555092
vn 0.2089067 0.941072 -0.2659725
vn 0.1849658 0.7797931 -0.5980889
vn -0.2131569 0.7863454 -0.5798493
vn -0.4829996 0.8361054 -0.2600754
vn -0.4055735 0.7041827 -0.5827836
vn -0.4972864 0.8630631 -0.08847768
vn 0.4123044 0.8712803 -0.2662248
vn 0.3334207 0.71197 -0.6180044
vn 0.4269694 0.9003345 -0.0842305
vn -1 0 0
vn -0.969346 0.1428612 -0.1998974
vn -0.9724869 0.1324836 -0.1916175
vn -0.882944 0.264234 -0.3880597
vn -0.9997485 0.0005087148 0.02241753
vn -0.9695427 0.1334143 -0.205396
vn -0.8923033 0.267522 -0.36363
vn -1 -1.276542E-07 0
vn -0.977256 0.1567512 -0.1428282
vn -0.9068235 0.2714764 -0.3224464
vn -1 0 0
vn -0.9857687 0.1595378 -0.05298869
vn -1 0 0
vn -0.9418097 0.2798683 -0.1861937
vn -0.9880746 0.1531723 -0.01571202
vn -0.9558541 0.2840696 -0.07514904
vn -1 -3.498428E-07 0
vn -0.6305264 0.4250419 -0.6494428
vn -0.9011937 0.1197461 -0.4165463
vn -0.9980683 0.002261528 0.06208536
vn -0.9967688 0.003530381 0.08024602
vn -0.542342 0.3183622 -0.7775028
vn -0.8259233 0.05279084 -0.5613054
vn -0.845538 -0.001975516 -0.5339116
vn -0.8451007 -0.002011879 -0.5346034
vn -0.9580168 0.2852139 -0.02926919
vn 0.9250245 0.1939184 -0.3266885
vn 0.9742432 0.2163222 -0.06367832
vn 0.9992053 0.02940276 -0.02691273
vn 0.8802606 0.3446519 -0.326123
vn 0.9126941 0.02520586 -0.4078655
vn 0.9991328 0.03010159 -0.02876793
vn 0.977545 0.2106553 -0.005494512
vn 0.9290422 0.3601893 -0.08452318
vn 0.7272596 0.1234233 -0.6751742
vn 0.4766651 0.3862092 -0.7897043
vn 0.6748399 0.008679348 -0.737913
vn 0.9595085 0.004030516 -0.2816507
vn 0.9318094 0.3623912 -0.02009566
vn 0 -0.003061787 -0.9999954
vn -6.864942E-06 -0.003040402 -0.9999954
vn 0 -0.003038139 -0.9999955
vn 7.844831E-06 -0.003055325 -0.9999954
vn 5.619082E-06 -0.003042487 -0.9999954
vn -3.599017E-07 -0.003030679 -0.9999955
vn 0 -0.003030651 -0.9999955
vn 0.0001118532 -0.003078972 -0.9999952
vn -0.4869787 0.6513667 -0.5818705
vn -0.4124973 0.5798543 -0.7025774
vn -0.4289711 0.5838177 -0.6893045
vn -0.4943571 0.6523932 -0.5744511
vn -0.6452864 -0.01222194 -0.7638429
vn -0.6466701 -0.01224673 -0.7626715
vn -0.5066562 -0.009728819 -0.8620933
vn -0.5050779 -0.009700338 -0.8630193
vn -0.006871796 0.7277092 -0.6858513
vn -0.08702441 0.7481768 -0.6577675
vn -0.07955062 0.7479291 -0.6589945
vn 0 0.726481 -0.6871865
vn 0 0.7099003 -0.7043022
vn 0 0.709901 -0.7043015
vn -0.8166664 0.0003245254 0.57711
vn -0.6559728 -0.08109081 0.7504158
vn -0.6431009 0.002494716 0.7657773
vn -0.8705889 -0.1458115 0.4699085
vn -0.8129406 0.001818733 0.5823438
vn -0.8399121 -0.004879381 0.5427005
vn -0.8227607 -0.1588057 0.5457523
vn -0.5735995 -0.4563606 0.6802341
vn -0.4917671 -0.4555427 0.7420552
vn -0.2475773 0.009223779 -0.9688243
vn -0.2500181 0.00913559 -0.968198
vn -0.129989 0.01333899 -0.9914258
vn -0.1275333 0.01342222 -0.9917435
vn 1 -2.282234E-06 0
vn 1 0 0
vn 1 -4.674872E-07 0
vn 1 5.756127E-07 0
vn 1 7.05786E-07 0
vn 1 0 0
vn 1 2.09626E-06 0
vn 1 -6.271322E-06 0
vn -1 -1.141128E-06 0
vn -1 0 0
vn -1 -1.151216E-06 0
vn -1 -2.337458E-07 0
vn -1 -3.135691E-06 0
vn -1 -1.41156E-06 0
vn -1 -4.192485E-06 0
vn -1 0 0
vn 1.102436E-05 0.7071065 0.7071071
vn -1.053561E-05 0.707107 0.7071065
vn -1.469785E-06 0.7071261 0.7070875
vn -9.538457E-06 0.7070897 0.7071238
vn 0 0.7070585 0.7071549
vn 1.632063E-06 0.707129 0.7070845
vn 9.923267E-06 0.7070887 0.7071248
vn 0 0.7070611 0.7071524
vn 0 -0.7787561 0.6273268
vn 0 -0.7787337 0.6273547
vn -6.666426E-07 -0.7787353 0.6273526
vn 0 -0.7787482 0.6273366
vn 0 -0.7786797 0.6274216
vn -2.573804E-06 -0.7787557 0.6273273
vn -4.039704E-06 -0.7787481 0.6273369
vn 0 -0.778684 0.6274163
vn 0 0.1168407 0.9931507
vn 0 0.1168406 0.9931507
vn 0 0.1168408 0.9931507
vn 0 0.1168408 0.9931507
vn 0 -0.9974579 -0.07125894
vn 0 -0.9974578 -0.07126035
vn 0 -0.9974592 -0.07123944
vn 0 -0.9974594 -0.07123803
vn 0 -0.8411577 0.5407899
vn 0 -0.8411554 0.5407935
vn 0 -0.841156 0.5407927
vn 0 -0.8411583 0.5407889
vn 0 0.04340564 -0.9990576
vn 0 0.04340563 -0.9990576
vn 0 0.04340564 -0.9990576
vn 0 0.04340566 -0.9990576
vn 0 0 1
vn 0 0 1
vn 0 0 1
vn 0 0 1
vn 0 0.7799129 -0.6258881
vn 0 0.7799129 -0.6258882
vn 0 0.7799129 -0.6258881
vn 0 0.7799129 -0.6258882
vn 1 0 0
vn 1 0 0
vn 1 -1.26017E-07 0
vn 1 0 0
vn 1 0 0
vn 1 -6.768757E-07 0
vn 0 0 1
vn 0 0 1
vn 0 0 1
vn 0 0 1
vn 0 0.1168408 0.9931507
vn 0 0.1168409 0.9931507
vn 0 0.1168408 0.9931507
vn 0 0.1168407 0.9931507
vn 0 -0.8411591 0.5407878
vn 0 -0.8411591 0.5407878
vn 0 -0.8411591 0.5407878
vn 0 -0.8411591 0.5407878
vn -1 0 0
vn -1 0 0
vn -1 0 0
vn -1 0 0
vn -1 0 0
vn -1 0 0
vn 0 0 1
vn 0 0 1
vn 0 0 1
vn 0 0 1
vn 0.9987822 0.0006879358 0.04933214
vn 0.9985056 -0.007688707 0.05410631
vn 0.998594 -0.00610315 0.05265811
vn 0.9988061 0.0007790167 0.04884244
vn 0.9983714 -0.01504479 0.05502914
vn 0.9981936 -0.01751591 0.0574701
vn -0.9986635 -0.006266809 0.05130145
vn -0.9985789 -0.00783167 0.05271512
vn -0.9988439 0.0006704346 0.04806569
vn -0.9988668 0.0007591918 0.04758857
vn -0.9984443 -0.01532996 0.05361166
vn -0.9982734 -0.01774267 0.05599608
vn -0.53772 0.04922958 0.8416851
vn -0.7169232 0.03725768 0.6961557
vn -0.7172223 0.02448815 0.6964141
vn -0.5298436 0.03159901 0.8475065
vn -0.7173855 0.01111052 0.6965877
vn -0.531305 0.01351075 0.8470728
vn -0.1599308 0.03903622 0.986356
vn -0.1604392 0.01574131 0.9869202
vn 0.160439 0.01574128 0.9869202
vn -0.1620877 0.06244107 0.9847988
vn 0.1599424 0.03905483 0.9863535
vn 0.5313048 0.01351078 0.847073
vn 0.1620632 0.06248 0.9848003
vn 0.529855 0.0316606 0.847497
vn 0.5376909 0.04935955 0.841696
vn 0 1 0
vn 0 1 -5.182376E-07
vn 0 1 -2.205597E-07
vn 0 1 0
vn 0 1 0
vn 0 1 -3.005882E-07
vn 0 1 -9.598463E-07
vn 0 1 -1.314313E-07
vn 0 1 1.538201E-06
vn 0 1 -8.146536E-07
vn 0 1 5.86288E-07
vn 0 1 0
vn 0 1 2.625267E-07
vn 0 1 4.876283E-07
vn 0 1 1.296381E-07
vn 0.7172202 0.02457512 0.696413
vn 0.7169193 0.03742963 0.6961507
vn 0.5376909 0.04935955 0.841696
vn 0.529855 0.0316606 0.847497
vn 0.7173855 0.01111063 0.6965877
vn 0.5313048 0.01351078 0.847073
vn 0 -1 -1.784897E-07
vn 0 -1 -9.492043E-07
vn 0 -1 0
vn 0 -1 -2.192969E-06
vn 0 -1 0
vn 0 -1 0
vn 0 -1 2.19297E-06
vn 0 -1 3.656998E-07
vn 0 -1 0
vn 0 -1 -4.817996E-07
vn 0 -1 -1.085108E-06
vn 0 -1 0
vn 0 -1 1.606062E-06
vn 0 -1 1.086647E-06
vn 0 -1 5.069608E-07
vn 0.4782266 -0.008720609 -0.8781933
vn 0.4782398 0 -0.8782293
vn 0.3436041 0 -0.9391146
vn 0.3432575 -0.00816605 -0.9392058
vn 0.3442937 -0.01633299 -0.9387199
vn 0.1463367 -0.01464484 -0.9891264
vn 0.4781324 -0.01738111 -0.8781157
vn 0.1461411 0 -0.9892638
vn 0.1460765 -0.007324728 -0.9892462
vn 0.006696303 -0.007202099 -0.9999517
vn 0.006676329 -0.01439287 -0.9998741
vn 0.006696609 0 -0.9999776
vn -0.1312182 0 -0.9913536
vn -0.1311523 -0.007332833 -0.9913351
vn -0.1313884 -0.01466337 -0.9912225
vn -0.3142895 0 -0.9493272
vn -0.3140016 -0.00804281 -0.9493883
vn -0.4379355 0 -0.8990064
vn -0.3148518 -0.01608637 -0.9490045
vn -0.4379368 -0.008508755 -0.8989655
vn -0.4378694 -0.01694983 -0.8988789
vn -2.255116E-06 -0.9999553 -0.009458328
vn 0 -1 0
vn 0 -1 0
vn 2.087555E-06 -0.9999553 -0.009458574
vn -1.567392E-06 -0.9998953 -0.01446803
vn 1.511566E-06 -0.9998953 -0.01446782
vn 4.328972E-06 -0.9998953 -0.01446573
vn 1.124104E-05 -0.9998956 -0.01445338
vn 2.199192E-05 -0.9998957 -0.01444457
vn 4.169494E-06 -0.9998952 -0.01447468
vn 1.722811E-05 -0.999895 -0.01449383
vn 0 -0.9998952 -0.01447625
vn -2.966752E-06 -0.9998952 -0.01447372
vn -2.35972E-06 -0.9998953 -0.01446737
vn -1.124102E-05 -0.9998956 -0.01445374
vn -2.199198E-05 -0.9998956 -0.01444873
vn -1.722824E-05 -0.999895 -0.01449406
vn 0 -0.9998952 -0.01447755
vn 0 0 1
vn 0 0 1
vn 0 0 1
vn 0 0 1
vn 5.801014E-06 0.9998955 0.01445905
vn -4.057667E-07 0.9998953 0.01446928
vn 2.199204E-05 0.9998957 0.0144474
vn -1.041537E-06 0.9998953 0.01447167
vn -1.566713E-06 0.9999553 0.009457827
vn -4.05935E-06 0.9998952 0.01447326
vn -8.205295E-06 0.9998953 0.01446564
vn -9.621489E-06 0.9998953 0.01446522
vn 9.538286E-07 0.9998953 0.01447165
vn 1.481196E-06 0.9999553 0.009457537
vn 0 1 0
vn 5.087082E-06 0.9998953 0.01447223
vn 8.205237E-06 0.9998953 0.01446581
vn 9.621516E-06 0.9998953 0.01446801
vn 1.59845E-06 0.9998953 0.01446988
vn -5.801005E-06 0.9998955 0.01445687
vn -2.199192E-05 0.9998957 0.01444319
vn 0 1 0
vn 0.9825923 0 -0.1857745
vn 0.9819526 0 -0.1891269
vn 0.9825892 0 0.1857911
vn 0.9819495 0 0.189143
vn 0.9297152 0 0.3682794
vn 0.9297014 0 0.3683144
vn 0.9297273 0 -0.3682487
vn 0.9297113 0 -0.3682892
vn -0.9825907 0 -0.1857835
vn -0.9819505 0 0.1891378
vn -0.9825895 0 0.1857897
vn -0.9819509 0 -0.1891361
vn -0.9297169 0 0.368275
vn -0.929706 0 0.3683027
vn -0.9297208 0 -0.3682653
vn -0.9297047 0 -0.3683061
vn -0.08944386 1.385369E-07 -0.9959919
vn 0.08944659 0 -0.9959916
vn 0.08959233 0 -0.9959785
vn 0.3767599 0 -0.9263111
vn -0.08959094 0 -0.9959786
vn -0.3767716 0 -0.9263062
vn 0.3780749 0 -0.9257749
vn 0.5602927 0 -0.8282948
vn 0.5602702 0 -0.82831
vn -0.3780879 0 -0.9257696
vn -0.5603172 0 -0.8282781
vn -0.5602947 0 -0.8282933
vn 0.17833 0 0.9839708
vn 0.1783569 0 0.9839659
vn 0.3767637 0 0.9263094
vn 0.3780722 0 0.9257761
vn 0.5602822 0 0.8283018
vn 0.5602697 0 0.8283104
vn -0.5602654 0 0.8283132
vn -0.3767629 0 0.9263098
vn -0.3780594 0 0.9257813
vn -0.5602524 0 0.8283219
vn -0.1783352 0 0.9839697
vn -0.1783867 0 0.9839606
vn 1 0 -1.109893E-06
vn 1 0 -1.109972E-06
vn 1 0 -1.109922E-06
vn 1 0 -1.109843E-06
vn -1 0 0
vn -1 0 0
vn -1 0 0
vn -1 0 0
vn -0.9034738 0 0.4286432
vn -0.9775181 0 0.2108515
vn -0.9801561 0 0.1982271
vn -0.9034464 0 0.428701
vn -1 0 0
vn -1 0 0
vn 0 -1 2.092262E-05
vn 0 -0.9804713 0.1966624
vn 0 -0.9804736 0.1966504
vn 0 -1 -1.734124E-05
vn 0 -0.9936548 0.112473
vn 0 -0.9936547 0.1124741
vn 0 -1 0
vn 0 -1 0
vn 0 -1 0
vn 0 -1 0
vn 0 -1 0
vn 0 -1 0
vn 0.9034704 0 0.4286504
vn 0.9801612 0 0.1982016
vn 0.9775106 0 0.2108866
vn 0.903441 0 0.4287124
vn 1 0 0
vn 1 0 0
vn 0 1 -2.59231E-05
vn 0 0.9970784 0.07638606
vn 0 0.9970778 0.07639294
vn 0 1 0
vn 0 0.9990428 0.04374346
vn 0 0.9990428 0.04374357
vn 0 1 0
vn 0 1 0
vn 0 1 0
vn 0 1 0
vn 0 1 0
vn 0 1 0
vn 0 0 -1
vn 0 0 -1
vn 0 0 -1
vn 0 0 -1
vn 0 0 -1
vn 0 0 -1
vn 0 0 -1
vn 0 0 -1
vn 0 0 1
vn 0 0 1
vn 0 0 1
vn 0 0 1
vn 0 0 1
vn 0 0 1
vn 0 0 1
vn 0 0 1
vn -1 0 0
vn -1 0 0
vn -1 0 0
vn -1 0 0
vn 1 0 0
vn 1 0 0
vn 1 0 0
vn 1 0 0
vn 0 0 1
vn 0 0 1
vn 0 0 1
vn 0 0 1
vn 1.355523E-07 0 1
vn 2.249433E-07 0.210818 0.9775253
vn 0.3852744 0.2060401 0.899506
vn 0.3907358 0 0.9205028
vn 0.7061458 0.1928904 0.6812865
vn 0.7157316 0 0.6983753
vn -0.390797 0 0.9204769
vn -0.3852437 0.2060394 0.8995193
vn -0.3544633 0.3940066 0.8480063
vn -0.7157942 0 0.6983112
vn -0.7061147 0.1928923 0.6813183
vn -0.6580408 0.3716301 0.6548843
vn 0 0.4019583 0.9156581
vn 0.3544641 0.3940054 0.8480064
vn 0.6580412 0.3716284 0.6548848
vn 0.7157316 0 0.6983753
vn 0.7061458 0.1928904 0.6812865
vn 0.9154992 0.1742241 0.3626394
vn 0.9271521 0 0.3746851
vn 0.9881377 0.1534116 -0.006976785
vn 1 0 7.836422E-06
vn 0.9165019 0.13349 -0.3771004
vn 0.9271552 0 -0.3746776
vn 0.7075515 0.1170433 -0.6969014
vn 0.7157562 0 -0.6983503
vn 0.8987084 0.2626525 -0.3511935
vn 0.9536926 0.300537 0.01216841
vn 0.702415 0.2304566 -0.6734262
vn 0.8679492 0.3387162 0.3632293
vn 0.6580412 0.3716284 0.6548848
vn 0.7157562 0 -0.6983503
vn 0.7075515 0.1170433 -0.6969014
vn 0.3862283 0.1061665 -0.9162731
vn 0.3907659 0 -0.92049
vn 2.593363E-07 0.1023596 -0.9947475
vn 2.614224E-07 0 -1
vn -0.3862134 0.1061658 -0.9162794
vn 1.737551E-07 0.2010451 -0.979582
vn 0.3864343 0.2087333 -0.8983868
vn 0.702415 0.2304566 -0.6734262
vn -0.390797 0 -0.9204769
vn -0.7075318 0.1170455 -0.6969212
vn -0.386434 0.2087348 -0.8983867
vn -0.7157946 0 -0.6983109
vn -0.7024141 0.2304606 -0.6734257
vn -0.7157946 0 -0.6983109
vn -0.7075318 0.1170455 -0.6969212
vn -0.9164975 0.1334904 -0.3771109
vn -0.7024141 0.2304606 -0.6734257
vn -0.9271632 0 -0.3746579
vn -0.9881375 0.1534128 -0.006973497
vn -0.8987081 0.2626526 -0.3511944
vn -1 0 2.608915E-07
vn -0.9154932 0.1742248 0.362654
vn -0.9536918 0.3005393 0.01216778
vn -0.9271635 0 0.374657
vn -0.7061147 0.1928923 0.6813183
vn -0.8679487 0.338716 0.3632307
vn -0.7157942 0 0.6983112
vn -0.6580408 0.3716301 0.6548843
vn 0 1 1.477775E-06
vn 0 1 1.477779E-06
vn 0 1 2.010626E-05
vn 0 1 -7.977649E-06
vn 0 1 -7.485996E-07
vn 0 1 -2.936314E-06
vn 0 1 0
vn 0 1 0
vn 0 1 0
vn 0 1 2.936302E-06
vn 0 1 0
vn 0 1 7.486054E-07
vn 0 1 7.977716E-06
vn 0 1 -1.477735E-06
vn 0 1 -1.477738E-06
vn 0 1 -2.010313E-05
vn 0 -1 0
vn 0 -1 0
vn 0 -1 0
vn 0 -1 0
vn 0 -1 -2.152925E-06
vn 0 -1 -2.223596E-07
vn 0 -1 -1.096825E-06
vn 0 -1 0
vn 0 -1 0
vn 0 -1 1.142481E-06
vn 0 -1 0
vn 0 -1 2.912783E-07
vn 0 -1 2.304737E-06
vn 0 -1 -4.038211E-07
vn 0 -1 -5.090284E-06
vn 0 -1 0
vn 0.9269349 0.02245926 0.3745493
vn 0.9196326 0.1278919 0.3713752
vn 0.991851 0.1274027 -7.960442E-07
vn 0.9997495 0.02238218 4.606224E-06
vn 0.9815196 0.0219618 -0.1900973
vn 0.9196283 0.1278909 -0.3713862
vn 0.9269347 0.02245339 -0.3745502
vn 0.9916726 0.1287846 1.935065E-06
vn 0.9193063 0.129245 0.3717141
vn 0.981868 0.1895659 2.830087E-07
vn 0.9103494 0.1902564 0.3675139
vn 0.7094572 0.1303582 0.6925874
vn 0.7028137 0.1919951 0.6849749
vn 0.7100173 0.129074 0.6922539
vn 0.7156158 0.0226534 0.6981266
vn 0.7155706 0.02266017 -0.6981728
vn 0.7100098 0.1290898 -0.6922586
vn 0.9193056 0.1292444 -0.3717166
vn 0.9103466 0.1902675 -0.3675152
vn 0.9859236 0.1671961 1.200007E-06
vn 0.9138967 0.1677357 0.3696721
vn 0.7051333 0.1690942 0.6886175
vn 0.7094626 0.1303631 -0.6925808
vn 0.7028112 0.1919942 -0.6849779
vn 0.913893 0.1677457 -0.3696769
vn 0.9271561 0 -0.3746753
vn 0.7157663 0 -0.6983398
vn 1 0 3.478556E-07
vn 0.9271527 0 0.3746835
vn 0.7157693 0 0.6983367
vn 0.7051346 0.1690903 -0.6886173
vn 0 0.1710214 0.9852673
vn 0 0 1
vn 0.3907809 0 0.9204838
vn 0.384731 0.1704866 0.9071474
vn 0.7157693 0 0.6983367
vn -2.400925E-07 0.1945215 0.9808983
vn -0.384737 0.1704889 0.9071444
vn -0.3907708 0 0.920488
vn -0.3837151 0.1938087 0.9028848
vn -1.281002E-07 0.1320141 0.9912478
vn 0.3837147 0.1938063 0.9028854
vn 0.7051333 0.1690942 0.6886175
vn 0.3871965 0.1315095 0.9125701
vn 0.7028137 0.1919951 0.6849749
vn -2.304708E-07 0.1308456 0.9914027
vn 0.7094572 0.1303582 0.6925874
vn 0.3876756 0.1303099 0.9125388
vn -1.110204E-07 0.02299079 0.9997357
vn -0.3876788 0.1303098 0.9125375
vn -0.3871999 0.1315102 0.9125685
vn -0.702815 0.1919937 0.6849741
vn -0.7051346 0.1690925 0.6886167
vn -0.7157711 0 0.6983349
vn 0.390739 0.02290003 0.9202167
vn 0.565685 0.02235317 0.8243183
vn 0.5656736 0.02237565 0.8243256
vn 0.7156284 0.02267048 0.6981133
vn 0.7155201 0.02266322 0.6982245
vn 0.7100173 0.129074 0.6922539
vn 0.7156158 0.0226534 0.6981266
vn -0.709455 0.1303518 0.6925908
vn -0.7100186 0.1290724 0.6922528
vn -0.5656876 0.02237555 0.824316
vn -0.7156135 0.02266367 0.6981286
vn -0.5656744 0.0223428 0.824326
vn -0.3907399 0.0228993 0.9202163
vn -0.7156273 0.02266009 0.6981146
vn -0.7155048 0.02265773 0.6982403
vn 0.7051346 0.1690903 -0.6886173
vn 0.7157663 0 -0.6983398
vn 0.3907821 0 -0.9204833
vn 0.3847466 0.1704687 -0.9071442
vn 1.197569E-06 0.1710521 -0.985262
vn 3.78582E-06 0 -1
vn -0.3907891 0 -0.9204803
vn -0.384742 0.1704695 -0.9071459
vn -0.715773 0 -0.698333
vn 3.687235E-06 0.1945459 -0.9808934
vn 0.3837291 0.1937826 -0.9028844
vn -7.209355E-06 0.1320236 -0.9912466
vn -0.3837241 0.1937841 -0.9028862
vn 0.7028112 0.1919942 -0.6849779
vn 0.3871981 0.1315155 -0.9125685
vn -0.7051307 0.1690882 -0.6886217
vn 0.7094626 0.1303631 -0.6925808
vn -0.3871998 0.1315112 -0.9125684
vn -0.7028095 0.1919927 -0.68498
vn -4.950322E-06 0.130859 -0.991401
vn 0.3876783 0.1303163 -0.9125367
vn -9.605636E-07 0.022996 -0.9997355
vn -0.3876716 0.1303123 -0.9125401
vn -0.7094631 0.1303628 -0.6925805
vn 0.7100098 0.1290898 -0.6922586
vn -0.3907233 0.02290426 -0.9202232
vn 0.5656736 0.02238435 -0.8243254
vn 0.7155706 0.02266017 -0.6981728
vn 0.5656942 0.02233443 -0.8243125
vn 0.3907401 0.02290416 -0.9202161
vn 0.7156249 0.0226172 -0.6981184
vn 0.7155522 0.02259272 -0.6981939
vn -0.565683 0.02233304 -0.8243203
vn -0.565675 0.02238477 -0.8243244
vn -0.7156399 0.02261586 -0.6981031
vn -0.7155686 0.02258806 -0.6981772
vn -0.7100072 0.1290888 -0.6922614
vn -0.7155585 0.02266277 -0.6981851
vn -0.7051307 0.1690882 -0.6886217
vn -0.715773 0 -0.698333
vn -0.9271558 0 -0.374676
vn -0.9138948 0.1677395 -0.3696753
vn -1 0 -3.478554E-07
vn -0.7028095 0.1919927 -0.68498
vn -0.9859253 0.1671867 1.265004E-06
vn -0.9271584 0 0.3746697
vn -0.9103494 0.1902605 -0.367512
vn -0.7094631 0.1303628 -0.6925805
vn -0.9138988 0.1677291 0.3696703
vn -0.9193065 0.1292339 -0.371718
vn -0.9818699 0.1895556 1.587726E-06
vn -0.9103536 0.190248 0.3675078
vn -0.9193056 0.1292313 0.3717208
vn -0.702815 0.1919937 0.6849741
vn -0.709455 0.1303518 0.6925908
vn -0.7100072 0.1290888 -0.6922614
vn -0.7051346 0.1690925 0.6886167
vn -0.7157711 0 0.6983349
vn -0.9916739 0.1287749 0
vn -0.9196317 0.1278823 -0.3713808
vn -0.7155585 0.02266277 -0.6981851
vn -0.9269377 0.02246533 -0.3745421
vn -0.9918509 0.127404 1.40027E-06
vn -0.9196343 0.1278758 0.3713767
vn -0.9269386 0.02245783 0.3745403
vn -0.7100186 0.1290724 0.6922528
vn -0.7156135 0.02266367 0.6981286
vn -0.9997491 0.02239637 -1.455106E-06
vn 0 1 0
vn 0 1 0
vn 0 1 0
vn 0 1 0
vn 0 1 1.559653E-06
vn 0 1 1.266744E-06
vn 0 1 -5.77917E-06
vn 0 1 -1.240865E-05
vn 0 1 -8.72179E-06
vn 0 1 2.187582E-06
vn 0 1 5.794426E-06
vn 0 1 0
vn 0 1 0
vn 0 1 -2.095188E-06
vn 0 1 9.36886E-06
vn 0 1 1.30752E-05
vn 0 1 0
vn 0 1 0
vn 0 1 -5.793895E-06
vn 0 1 -2.187574E-06
vn 0 1 -5.793921E-06
vn 0 1 -3.852153E-06
vn 0 1 8.721663E-06
vn 0 1 1.240865E-05
vn 0 1 0
vn 0 1 0
vn 0 1 3.605666E-06
vn 0 1 5.779225E-06
vn 0 1 5.535071E-07
vn 0 1 -1.964022E-07
vn 0 1 3.868527E-07
vn 0 1 0
vn -0.390579 0.02685505 0.9201776
vn 0 0.02695102 0.9996368
vn -4.149069E-07 0.02696223 0.9996364
vn 0.3905799 0.02685533 0.9201771
vn -0.3906859 0.02686014 0.9201321
vn -0.7154614 0.02660324 0.6981456
vn 0.3906845 0.02685988 0.9201327
vn 0.7154661 0.02660311 0.6981407
vn -0.7155686 0.02660126 0.6980358
vn 0.7155672 0.02660053 0.6980372
vn 0 -1 0
vn 0 -1 0
vn -2.167667E-06 -1 -4.645982E-06
vn 0 -1 0
vn 0 -1 0
vn 0 -1 -2.322987E-06
vn -4.280881E-06 -1 2.567004E-06
vn -4.025267E-06 -1 -2.893743E-06
vn -8.598937E-06 -1 2.523565E-06
vn 1.05931E-06 -1 -1.634924E-06
vn -8.101083E-06 -1 -4.341442E-06
vn -8.760981E-06 -1 4.145056E-07
vn -8.761021E-06 -1 1.870354E-06
vn -1.555645E-06 -1 -7.371845E-06
vn 4.042639E-06 -1 -3.403434E-06
vn 4.05054E-06 -1 3.170109E-06
vn 4.380495E-06 -1 6.217126E-07
vn 4.38051E-06 -1 2.805114E-06
vn 4.050516E-06 -1 -1.462024E-06
vn 4.042668E-06 -1 3.403483E-06
vn 3.106522E-06 -1 1.843024E-06
vn 3.086024E-06 -1 3.168253E-06
vn -8.10104E-06 -1 1.195827E-05
vn -8.599003E-06 -1 -3.804713E-06
vn 1.684686E-06 -1 6.205741E-06
vn -2.564017E-06 -1 8.337316E-06
vn -3.548137E-06 -1 5.112069E-06
vn 0 -1 1.034689E-05
vn 2.554188E-06 -1 5.430482E-06
vn -4.025168E-06 -1 0
vn -4.280952E-06 -1 -5.798187E-06
vn -6.117944E-06 -1 -2.341406E-06
vn -0.9996554 0.02625017 3.83856E-06
vn -0.9268124 0.02635201 0.3745989
vn -0.9268538 0.02634993 0.3744966
vn -0.9996554 0.02624887 3.997247E-06
vn -0.7155686 0.02660126 0.6980358
vn -0.7154614 0.02660324 0.6981456
vn -0.9268552 0.02634929 -0.3744932
vn -0.926811 0.02634992 -0.3746025
vn -0.7155645 0.0265958 -0.6980403
vn -0.715449 0.02659942 -0.6981584
vn -0.3907017 0.02685687 -0.9201254
vn -0.3905757 0.02685484 -0.9201789
vn -0.715449 0.02659942 -0.6981584
vn -0.7155645 0.0265958 -0.6980403
vn -7.092041E-06 0.02696186 -0.9996365
vn -2.221934E-05 0.02695035 -0.9996368
vn 0.3905726 0.02685528 -0.9201804
vn 0.3907038 0.02685686 -0.9201245
vn 0.7154534 0.02659907 -0.6981539
vn 0.7155611 0.02659551 -0.6980437
vn 0.9268117 0.02634807 -0.3746008
vn 0.7154534 0.02659907 -0.6981539
vn 0.7155611 0.02659551 -0.6980437
vn 0.9268534 0.0263495 -0.3744977
vn 0.9996555 0.02624821 3.756166E-06
vn 0.9996554 0.02625027 -4.170623E-06
vn 0.9268535 0.02634896 0.3744975
vn 0.9268134 0.02634967 0.3745966
vn 0.7155672 0.02660053 0.6980372
vn 0.7154661 0.02660311 0.6981407
vn 0.5987598 0.5503353 0.5819089
vn 0.5966878 0.5503634 0.5840068
vn 0.7759374 0.5467811 0.3145659
vn 0.776711 0.5467687 0.3126723
vn 0.8382399 0.5453016 1.363569E-06
vn 0.8382438 0.5452956 3.69593E-07
vn 0.7767186 0.5467616 -0.3126659
vn 0.7759376 0.5467839 -0.3145605
vn 0.5987511 0.5503597 -0.5818945
vn 0.5966681 0.550387 -0.5840046
vn 0.3263841 0.5539906 -0.7658771
vn 0.5987511 0.5503597 -0.5818945
vn 0.5966681 0.550387 -0.5840046
vn 0.3244289 0.5540045 -0.7666973
vn 4.916984E-06 0.5555398 -0.83149
vn 1.024315E-05 0.5555531 -0.8314811
vn -0.3244225 0.5540209 -0.7666883
vn -0.3263954 0.5539997 -0.7658657
vn -0.5966759 0.5503799 -0.5840034
vn -0.5987716 0.5503382 -0.5818937
vn -0.5987716 0.5503382 -0.5818937
vn -0.5966759 0.5503799 -0.5840034
vn -0.7759347 0.5467853 -0.3145651
vn -0.7767164 0.5467603 -0.3126735
vn -0.8382379 0.5453046 3.601886E-07
vn -0.8382432 0.5452964 4.867813E-07
vn -0.776709 0.5467677 0.3126792
vn -0.7759365 0.546782 0.3145664
vn -0.5987618 0.5503397 0.5819025
vn -0.5966864 0.550369 0.5840029
vn 1.145584E-07 0.5555455 0.8314861
vn -0.3263945 0.5539927 0.7658713
vn -0.324436 0.5540147 0.7666871
vn 5.178533E-07 0.5555633 0.8314742
vn 0.3244458 0.5540142 0.7666833
vn -0.5966864 0.550369 0.5840029
vn -0.5987618 0.5503397 0.5819025
vn 0.326398 0.5539891 0.7658724
vn 0.5966878 0.5503634 0.5840068
vn 0.5987598 0.5503353 0.5819089
vn -0.9994741 0.03242853 1.212569E-06
vn -0.9266385 0.03255415 0.3745415
vn -0.9266916 0.03255342 0.3744102
vn -0.999474 0.03243018 6.053922E-06
vn -0.9266863 0.03255366 -0.3744233
vn -0.9266315 0.0325533 -0.3745587
vn -0.7154279 0.03285874 -0.6979135
vn -0.7153184 0.03285992 -0.6980256
vn -0.7154619 0.03286057 0.6978785
vn -0.7152906 0.03285937 0.6980541
vn 3.47085E-07 0.03329929 0.9994454
vn 0 0.03330798 0.9994451
vn 0.3904507 0.0331708 0.9200261
vn -0.3904513 0.03317071 0.9200258
vn 0.3906601 0.03316932 0.9199373
vn 0.7152897 0.03285889 0.6980551
vn -0.3906603 0.0331694 0.9199371
vn -0.7152906 0.03285937 0.6980541
vn 0.7154614 0.03286052 0.697879
vn -0.7154619 0.03286057 0.6978785
vn 0.7154614 0.03286052 0.697879
vn 0.7152897 0.03285889 0.6980551
vn 0.9266379 0.03255354 0.3745431
vn 0.926691 0.0325535 0.3744117
vn 0.9994741 0.03242845 1.595741E-06
vn 0.999474 0.03243018 7.256959E-06
vn 0.9266866 0.03255389 -0.3744225
vn 0.9266369 0.03255243 -0.3745457
vn 0.7154173 0.03285909 -0.6979243
vn 0.7153281 0.03285915 -0.6980159
vn -0.3906237 0.03317508 -0.9199525
vn -0.3905408 0.03317299 -0.9199877
vn -0.7153184 0.03285992 -0.6980256
vn -0.7154279 0.03285874 -0.6979135
vn 2.31388E-07 0.03330853 -0.9994451
vn 0 0.03330131 -0.9994454
vn 0.3905399 0.03317328 -0.9199881
vn 0.3906089 0.03317542 -0.9199588
vn 0.7153281 0.03285915 -0.6980159
vn 0.7154173 0.03285909 -0.6979243
vn 0.999474 0.03243022 5.150995E-06
vn 0.9266375 0.03255465 -0.374544
vn 0.926686 0.03255684 -0.3744239
vn 0.999474 0.03242991 -6.746903E-06
vn 0.9267038 0.03255158 0.3743801
vn 0.9266359 0.03255554 0.3745476
vn 0.7154683 0.03285899 0.697872
vn 0.7153019 0.03285979 0.6980426
vn 0.715444 0.0328623 -0.6978967
vn 0.7153184 0.03286137 -0.6980256
vn -0.9269027 0.02248678 -0.3746276
vn -0.9269457 0.02249004 -0.374521
vn -0.7156399 0.02261586 -0.6981031
vn -0.7155686 0.02258806 -0.6981772
vn -0.9815144 0.02196599 -0.1901238
vn -0.9997497 0.02237378 -3.088491E-06
vn -0.9997492 0.02239148 -5.166372E-05
vn -0.9269404 0.02249805 0.3745334
vn -0.9268984 0.02249625 0.3746378
vn -0.7156273 0.02266009 0.6981146
vn -0.7155048 0.02265773 0.6982403
vn -0.3904991 0.03317576 -0.9200053
vn -0.3906133 0.03317584 -0.9199569
vn 2.603101E-07 0.03330804 -0.9994451
vn 2.819759E-07 0.0333082 -0.9994451
vn 0.3904985 0.03317575 -0.9200056
vn 0.3906176 0.03317567 -0.919955
vn 0.7153184 0.03286137 -0.6980256
vn 0.715444 0.0328623 -0.6978967
vn -0.7153193 0.03286143 -0.6980246
vn -0.7154545 0.03286153 -0.697886
vn -0.39053 0.0331721 0.9199923
vn -1.069591E-07 0.03330552 0.9994453
vn -1.044131E-05 0.03330418 0.9994453
vn -0.3906214 0.03317305 0.9199535
vn -0.7153026 0.03285985 0.6980418
vn -0.7154541 0.03285981 0.6978866
vn 0.39053 0.03317204 0.9199923
vn 0.3906126 0.03317323 0.9199572
vn 0.7153019 0.03285979 0.6980426
vn 0.7154683 0.03285899 0.697872
vn 0 -0.01625584 0.9998679
vn 0 -0.01625586 0.9998679
vn 0 -0.01625585 0.9998679
vn 0 -0.01625583 0.9998679
vn 0.9997491 0.02239938 7.98113E-07
vn 0.9269035 0.02245972 -0.3746269
vn 0.9269388 0.02246304 -0.3745396
vn 0.9997491 0.02239993 0
vn 0.9269387 0.02250155 0.3745375
vn 0.9268956 0.02249984 0.3746443
vn 0.7156284 0.02267048 0.6981133
vn 0.7155201 0.02266322 0.6982245
vn 0.7156249 0.0226172 -0.6981184
vn 0.7155522 0.02259272 -0.6981939
vn 3.920687E-06 -1 9.823083E-06
vn -1.747438E-06 -1 -6.67118E-06
vn 0 -1 -1.893463E-05
vn 0 -1 -8.251034E-07
vn 0 -1 0
vn -1.323582E-06 -1 -7.152234E-06
vn 0 -1 0
vn -6.797319E-06 -1 -1.443115E-05
vn -6.15201E-06 -1 -2.022853E-05
vn -3.070716E-06 -1 -4.045888E-06
vn 0 -1 0
vn -1.61803E-06 -1 -1.716249E-05
vn 6.714969E-06 -1 3.814816E-06
vn 1.145066E-06 -1 -2.593028E-06
vn 0 -1 2.098352E-06
vn 0 -1 0.0001210533
vn 7.281574E-06 -1 1.344583E-05
vn 3.103245E-06 -1 0.000134493
vn 7.332833E-06 -1 1.079137E-06
vn 4.554977E-06 -1 -2.744361E-06
vn 4.56688E-06 -1 -1.729319E-06
vn 4.833846E-06 -1 -7.150391E-06
vn 0 -1 2.06543E-06
vn 0 -1 -1.068769E-05
vn 0 -1 -2.76432E-06
vn 0 -1 -2.680686E-06
vn 0 -1 3.575198E-06
vn 0 -1 -8.301987E-07
vn 0 -1 -1.853064E-05
vn 0 -1 2.682463E-06
vn 0 -1 0
vn 1.115322E-06 -0.01626166 -0.9998678
vn 1.794295E-06 -0.0162616 -0.9998678
vn 6.928011E-07 -0.0162617 -0.9998678
vn 0 -0.01626176 -0.9998678
vn -0.999474 0.03243025 -5.529315E-06
vn -0.9266383 0.03255453 0.3745419
vn -0.9266934 0.03255378 0.3744054
vn -0.999474 0.03242983 7.420632E-06
vn -0.9266959 0.0325544 -0.3743995
vn -0.7154541 0.03285981 0.6978866
vn -0.7153026 0.03285985 0.6980418
vn -0.9266357 0.03255562 -0.3745481
vn -0.7154545 0.03286153 -0.697886
vn -0.7153193 0.03286143 -0.6980246
vn 0 1 0
vn 0 1 0
vn 0 1 0
vn 0 1 0
vn 0 1 3.272261E-06
vn 0 1 6.063992E-06
vn 0 1 3.84249E-06
vn 0 1 1.513857E-06
vn 0 1 2.08757E-05
vn 0 1 -1.367206E-06
vn 0 1 0
vn 0 1 0
vn 0 1 0
vn 0 1 0
vn 0 1 2.333672E-06
vn 0 1 7.149533E-07
vn 0 1 1.833566E-06
vn 0 1 -1.458631E-06
vn 0 1 0
vn 0 1 1.847304E-06
vn 0 1 2.517184E-05
vn 2.413996E-07 1 3.404443E-05
vn 0 1 1.62924E-05
vn 0 1 -2.333813E-06
vn 0 1 0
vn 7.739154E-07 1 6.300594E-06
vn -3.93213E-05 1 2.517154E-05
vn -4.649476E-05 1 3.744546E-05
vn 3.573529E-06 1 2.500127E-05
vn 5.392306E-06 1 2.504835E-05
vn 0 1 1.121186E-05
vn 0.2214749 0 0.9751661
vn 0.2214747 0 0.9751661
vn -0.2214747 0 0.9751661
vn -0.2214748 0 0.9751661
vn -0.4319493 0 0.9018978
vn 0.4319495 0 0.9018978
vn 0.4319493 0 0.9018978
vn -0.4319495 0 0.9018978
vn 0.9852438 0 0.1711566
vn 0.9852438 0 0.1711566
vn 0.9852456 0 -0.1711463
vn 0.9414108 0 0.337262
vn 0.9852456 0 -0.1711464
vn 0.9414178 0 -0.3372424
vn 0.9414178 0 -0.3372425
vn 0.9414108 0 0.3372619
vn -0.9852459 0 -0.1711448
vn -0.9852442 0 0.171155
vn -0.9852442 0 0.1711551
vn -0.9852459 0 -0.1711448
vn -0.9414189 0 -0.3372395
vn -0.9414189 0 -0.3372394
vn -0.9414119 0 0.337259
vn -0.9414119 0 0.3372591
vn 0 1 -1.785561E-06
vn 0 1 4.671903E-07
vn 0 1 -3.96282E-06
vn 0 1 0
vn 0 1 3.881414E-06
vn 0 1 0
vn 0 1 1.785518E-06
vn 0 1 -4.671629E-07
vn 0 1 3.962571E-06
vn 0 1 -3.881222E-06
vn 0 1 0
vn 0 1 0
vn 0.2214747 0 -0.9751661
vn 0.2214461 0 -0.9751726
vn -0.2214749 0 -0.9751661
vn -0.2214461 0 -0.9751727
vn -0.431947 0 -0.9018989
vn 0.4319468 0 -0.901899
vn 0.4318941 0 -0.9019244
vn -0.4318939 0 -0.9019244
vn 0 -1 -8.927585E-07
vn 0 -1 -8.284569E-07
vn 0 -1 -2.302442E-06
vn 0 -1 0
vn 0 -1 -1.338332E-06
vn 0 -1 -2.412603E-06
vn 0 -1 1.785561E-06
vn 0 -1 5.948962E-07
vn 0 -1 4.283973E-06
vn 0 -1 -6.023213E-07
vn 0 -1 2.412766E-06
vn 0 -1 0
vn 0.1613939 -0.6307676 0.7590021
vn -0.1511639 -0.6327773 0.7594356
vn -0.1273192 -0.6417975 0.7562312
vn 0.1403851 -0.6408148 0.7547505
vn 0.1454472 0.6168326 -0.7735391
vn -0.1774238 0.6156791 -0.767763
vn -0.1801345 0.6495524 -0.73867
vn 0.1288041 0.6357167 -0.7611004
vn 0.8590474 -0.1427151 0.4915994
vn 0.6410978 -0.1092525 0.759643
vn 0.6785105 -0.0008145516 0.7345901
vn 0.6774042 -0.0007854746 0.7356107
vn 1 -1.420477E-07 0
vn 1 0 0
vn 1 -4.317517E-07 0
vn 1 -7.099803E-07 0
vn 1 -3.3665E-06 0
vn 1 -3.002169E-06 0
vn 1 1.384023E-07 0
vn 1 4.27003E-07 0
vn 1 2.659577E-07 0
vn 1 1.640019E-07 0
vn 1 2.227551E-06 0
vn 1 1.878407E-06 0
vn 1 5.607838E-07 0
vn 1 0 0
vn -1 4.261431E-07 0
vn -1 4.322917E-06 0
vn -1 4.188019E-06 0
vn -1 0 0
vn -1 -1.15596E-06 0
vn -1 1.877202E-07 0
vn -1 -4.241923E-07 0
vn -1 -6.902463E-07 0
vn -1 3.314348E-07 0
vn -1 6.04683E-07 0
vn -1 -4.033237E-06 0
vn -1 -3.507658E-06 0
vn -1 -1.501553E-06 0
vn -1 -4.514156E-07 0
vn 0 -0.08751099 -0.9961636
vn 0 -0.4722392 -0.8814704
vn 0 -0.4722392 -0.8814704
vn 0 -0.087511 -0.9961636
vn 0 0.0742974 -0.9972362
vn 0 -0.7558981 -0.6546893
vn 0 -0.7558983 -0.654689
vn 0 0.0742977 -0.9972362
vn 0 0.05973468 -0.9982142
vn 0 0.05973412 -0.9982144
vn 0 0.07320031 0.9973173
vn 0 -0.103541 0.9946252
vn 0 -0.1035406 0.9946252
vn 0 0.07319984 0.9973173
vn 0 0.4358036 0.9000418
vn 0 0.4358031 0.9000421
vn 0 0.7953588 0.6061389
vn 0 0.7953586 0.6061392
vn 0 -0.1251852 0.9921334
vn 0 -0.125186 0.9921333
vn 0 -0.009777728 0.9999522
vn 0 -0.009777753 0.9999522
vn 0 -0.009777605 0.9999522
vn 0 -0.00977758 0.9999522
vn 0 0.8697703 -0.4934567
vn 0 0.8697684 -0.4934603
vn 0 0.8697693 -0.4934584
vn 0 0.8697714 -0.4934549
vn 0 0.9191064 0.3940092
vn 0 0.7953588 0.6061389
vn 0 0.7953586 0.6061392
vn 0 0.9191064 0.3940095
vn 0 -0.8971209 0.4417851
vn 0 -0.897121 0.4417849
vn 0 -0.8971206 0.4417856
vn 0 -0.8971205 0.4417858
vn 0 -0.7558983 -0.654689
vn 0 -0.8385411 -0.5448384
vn 0 -0.8385407 -0.544839
vn 0 -0.7558981 -0.6546893
vn 0 -0.4479343 0.8940666
vn 0 -0.4479333 0.8940669
vn 0 -0.4479394 0.8940639
vn 0 -0.4479403 0.8940634
vn 1 3.231622E-07 0
vn 1 -1.928616E-07 0
vn 1 -5.867748E-07 0
vn 1 5.891663E-07 0
vn 1 1.725806E-06 -1.932329E-07
vn 1 2.157479E-06 -9.336479E-07
vn 1 1.286796E-06 -1.360716E-06
vn 1 0 -1.580871E-06
vn 1 -6.94173E-07 0
vn -1 2.629468E-06 0
vn -1 2.120579E-06 0
vn -1 0 0
vn -1 0 0
vn -1 0 0
vn -1 0 0
vn -1 3.1329E-06 0
vn -1 1.286796E-06 0
vn -1 0 0
vn 0 -0.9942712 0.106887
vn 0 -0.9942716 0.1068828
vn 0 -0.9550657 0.2963942
vn 0 -0.9550657 0.2963938
vn 0 -0.9962409 -0.08662686
vn 0 -0.99624 -0.08663594
vn 0 0.9955987 -0.09371891
vn 0 0.9652253 -0.2614194
vn 0 0.9652265 -0.2614148
vn 0 0.9955989 -0.09371664
vn 0 0.9970543 0.07669817
vn 0 0.9970543 0.0766983
vn 0 -0.6887504 -0.7249985
vn 0 -0.6887501 -0.7249988
vn 0 -0.6979854 -0.716112
vn 0 -0.6979855 -0.7161118
vn 0 0 -1
vn 0 0 -1
vn 0 0 -1
vn 0 0 -1
vn 0 -0.6979855 -0.7161118
vn 0 -0.6979854 -0.716112
vn 0 -0.7071059 -0.7071077
vn 0 -0.7071059 -0.7071077
vn 0 0.89442 -0.4472278
vn 0 0.8944187 -0.4472306
vn 0 0.8944263 -0.4472153
vn 0 0.8944278 -0.4472125
vn 0 -0.01961537 0.9998077
vn 0 -0.01961535 0.9998077
vn 0 -0.01961537 0.9998077
vn 0 -0.01961539 0.9998077
vn -0.941119 0.3339684 0.05253731
vn -0.941121 0.333963 0.05253513
vn -0.9411207 0.3339637 0.05253541
vn -0.9411187 0.333969 0.05253761
vn 0.4325936 -0.8947487 -0.1108484
vn 0.4325933 -0.894749 -0.1108485
vn 0.4325958 -0.8947478 -0.110848
vn 0.4325961 -0.8947476 -0.110848
vn 0.9411173 -0.3339732 -0.05253763
vn 0.9411175 -0.3339723 -0.05253753
vn 0.9411156 -0.333978 -0.05253816
vn 0.9411152 -0.3339787 -0.05253823
vn 0.9416129 -0.3341427 -0.04139778
vn 0.9416134 -0.3341414 -0.04139796
vn 0.9416102 -0.3341507 -0.04139682
vn 0.9416096 -0.334152 -0.04139665
vn 0.9411175 0.3339728 0.05253732
vn 0.9411169 0.333974 0.0525376
vn 0.9411206 0.3339643 0.05253542
vn 0.941121 0.333963 0.05253513
vn 0.9416112 0.3341478 0.04139648
vn 0.9416106 0.3341495 0.04139633
vn 0.9416147 0.3341379 0.04139735
vn 0.9416152 0.3341362 0.0413975
vn -0.9411175 -0.3339725 -0.05253763
vn -0.941117 -0.3339737 -0.05253834
vn -0.9411171 -0.3339736 -0.05253825
vn -0.9411175 -0.3339723 -0.05253753
vn 0.4325925 0.8947493 0.1108482
vn 0.4325924 0.8947495 0.1108482
vn 0.4325932 0.894749 0.1108484
vn 0.4325933 0.894749 0.1108485
vn -0.4309832 -0.8913971 -0.1402311
vn -0.4309878 -0.891395 -0.1402302
vn -0.4309873 -0.8913952 -0.1402303
vn -0.4309826 -0.8913972 -0.1402312
vn 0.4309706 0.891403 0.1402318
vn 0.4309685 0.891404 0.140232
vn 0.4309857 0.8913959 0.1402304
vn 0.4309878 0.891395 0.1402302
vn -0.4325935 0.894749 0.1108479
vn -0.4325944 0.894749 0.1108442
vn -0.4325943 0.894749 0.1108447
vn -0.4325933 0.894749 0.1108485
vn -0.4309703 0.8914038 0.140228
vn -0.4309894 0.8913941 0.1402307
vn -0.4309871 0.8913953 0.1402304
vn -0.430968 0.891405 0.1402277
vn 0 0 -1
vn 0 0 -1
vn 0 0 -1
vn 0 0 -1
vn 0 0 -1
vn 0 0 -1
vn 0 0 -1
vn 0 0 -1
vn -0.9416128 0.334143 0.04139754
vn -0.9416115 0.3341469 0.04139601
vn -0.9416117 0.3341463 0.04139624
vn -0.941613 0.3341424 0.04139777
vn 0 0 1
vn 0 0 1
vn 0 0 1
vn 0 0 1
vn 0 0 1
vn 0 0 1
vn 0 0 1
vn 0 0 1
vn 0 0 1
vn 0 0 1
vn 0 0 1
vn 0 0 1
vn 0 0 1
vn 0 0 1
vn 0 0 1
vn 0 0 1
vn -0.94161 -0.3341511 -0.04139684
vn -0.9416121 -0.334145 -0.04139809
vn -0.9416117 -0.3341458 -0.0413979
vn -0.9416096 -0.334152 -0.04139665
vn 0.4309819 -0.8913977 -0.1402311
vn 0.4309811 -0.8913981 -0.1402307
vn 0.4309876 -0.8913945 -0.1402341
vn 0.4309884 -0.891394 -0.1402345
vn -0.4326004 -0.8947451 -0.1108517
vn -0.4325935 -0.8947495 -0.1108439
vn -0.4325944 -0.8947487 -0.110845
vn -0.4326014 -0.8947445 -0.1108527
vn 0 0 -1
vn 0 0 -1
vn 0 0 -1
vn 0 0 -1
vn 0 0 -1
vn 0 0 -1
vn 0 0 -1
vn 0 0 -1
vn -0.496734 0 0.8679029
vn -0.4967373 0 0.867901
vn -0.4966952 0 0.867925
vn -0.4966919 0 0.8679269
vn 0 -1 -7.394797E-07
vn 0 -1 -2.83278E-06
vn 0 -1 -5.375372E-06
vn 0 -1 0
vn 0 -1 0
vn 0 -1 2.84661E-07
vn 0 -1 -2.915362E-06
vn 0 -1 -6.84033E-07
vn 0 -1 1.149299E-06
vn 0 -1 1.938648E-06
vn 0 -1 1.312466E-06
vn 0 -1 1.496146E-06
vn 0 -1 -1.793312E-07
vn 0 -1 0
vn 0 -1 1.109186E-06
vn 0 -1 1.328167E-06
vn 0.4609084 0 -0.8874477
vn 0.4609084 0 -0.8874477
vn 0.4609083 0 -0.8874478
vn 0.4609084 0 -0.8874478
vn 0 1 2.112065E-07
vn 0 1 1.746594E-06
vn 0 1 1.051418E-06
vn 0 1 1.271686E-06
vn 0 1 0
vn 0 1 6.053328E-07
vn 0 1 1.339631E-06
vn 0 1 1.338066E-06
vn 0 1 -1.609793E-07
vn 0 1 -1.828389E-07
vn 0 1 0
vn 0 1 0
vn 0 1 8.951639E-07
vn 0 1 1.511413E-06
vn 0 1 -1.176487E-07
vn 0 1 0
vn 0 0 -1
vn 0 0 -1
vn 0 0 -1
vn 0 0 -1
vn 0.9457885 0 -0.3247832
vn 0.9457884 0 -0.3247833
vn 0.9457885 0 -0.3247832
vn 0.9457885 0 -0.3247832
vn 0.9990003 0 -0.04470537
vn 0.9999629 0 -0.008611242
vn 0.9999629 0 -0.008611528
vn 0.9990001 0 -0.04470893
vn 0.996735 0 -0.08074134
vn 0.9967346 0 -0.08074815
vn -0.9969651 0 0.07784893
vn -0.9946332 0 -0.1034639
vn -0.9946332 0 -0.1034639
vn -0.9969658 0 0.07784019
vn -0.9665172 0 0.2566016
vn -0.9665218 0 0.2565847
vn 0.02559795 0 -0.9996723
vn 0.02563391 0 -0.9996713
vn 0.02563169 0 -0.9996715
vn 0.02559574 0 -0.9996724
vn -0.9833403 -0.02008972 0.18066
vn -0.913593 0 0.40663
vn -0.9195026 -0.001264602 0.3930819
vn -0.9856623 -0.02120762 0.1673919
vn -0.6919553 0 -0.7219404
vn -0.6919551 0 -0.7219405
vn -0.6919551 0 -0.7219405
vn -0.6919553 0 -0.7219404
vn 0.02051552 -0.01506231 0.9996761
vn 0.02675834 -0.01421918 0.9995408
vn 0.02610626 -0.01430728 0.9995567
vn 0.02001631 -0.0151297 0.9996852
vn -0.9999123 0 -0.01324413
vn -0.9999123 0 -0.01324413
vn -0.9999123 0 -0.01324413
vn -0.9999123 0 -0.01324413
vn 0.7466247 -0.001310788 0.6652442
vn 0.7360978 0 0.6768753
vn 0.894486 -0.02312819 0.4464975
vn 0.9012646 -0.02436741 0.4325833
vn 0 0 -1
vn 0 0 -1
vn 0 0 -1
vn 0 0 -1
vn 0.9998844 0 0.01520799
vn 0.9998844 0 0.01520799
vn 0.9998844 0 0.01520799
vn 0.9998844 0 0.01520798
vn 1 0 0
vn 1 0 0
vn 1 7.000147E-07 -2.254184E-07
vn 1 1.404224E-07 1.941142E-07
vn 1 -7.903985E-07 0
vn 1 -2.756419E-06 2.387811E-07
vn 1 0 0
vn 1 0 0
vn 1 0 1.308586E-07
vn 1 -1.329166E-07 2.038399E-07
vn 1 -3.288013E-07 2.101326E-07
vn 1 0 4.072013E-07
vn 1 0 1.212288E-06
vn 1 -6.596038E-07 3.916197E-07
vn 1 -6.156544E-07 4.027779E-07
vn 1 -4.090482E-06 2.528171E-06
vn 1 -2.637687E-06 2.334862E-06
vn -1 -3.433764E-07 0
vn -1 2.130893E-07 0
vn -1 -2.339997E-07 0
vn -1 -1.373355E-06 0
vn -1 -5.175225E-07 -1.13369E-07
vn -1 0 2.628687E-07
vn -1 0 -3.316998E-07
vn -1 -8.880651E-07 0
vn -1 -8.520563E-07 3.560191E-07
vn -1 2.245773E-06 -1.336389E-06
vn -1 -1.171723E-06 -6.349267E-07
vn -1 1.366434E-06 -1.83005E-06
vn -1 1.05503E-05 -2.334763E-06
vn -1 1.378209E-06 7.405577E-07
vn -1 0 -2.424576E-06
vn -1 3.866628E-07 0
vn -1 9.56504E-07 0
vn 0.3133458 -0.7176266 -0.6219538
vn 0.2139046 -0.7381927 -0.6397784
vn 0.2356878 -0.7343934 -0.6364886
vn -3.431013E-06 -0.7556827 -0.6549379
vn 0.3133571 -0.7176259 -0.6219488
vn -2.120505E-06 -0.7556862 -0.6549338
vn -0.2139112 -0.7381915 -0.6397775
vn -0.2356865 -0.7343941 -0.6364882
vn -0.3133458 -0.7176247 -0.621956
vn -0.3133408 -0.7176259 -0.621957
vn 0.03355062 0.9980705 -0.0522454
vn 0.01396844 0.9985758 -0.05148966
vn 0.002518977 0.9984853 -0.05496266
vn 0 0.9986733 -0.05149345
vn 0 0.9982273 -0.05951693
vn 0 0.9986733 -0.05149271
vn -0.01396866 0.9985759 -0.05148894
vn -0.002518957 0.9984853 -0.05496194
vn -0.03355071 0.9980705 -0.05224544
vn 0 0.9982273 -0.05951672
vn 0.3869185 -0.7232778 -0.5719818
vn 0.2573111 -0.8150269 -0.5191551
vn 0.3397352 -0.4851813 -0.8057165
vn 0.4994983 -0.3941258 -0.7714702
vn 0.4691298 -0.2361216 -0.8509781
vn 0.336534 -0.210057 -0.9179439
vn 0 -0.5486117 -0.8360773
vn -3.132344E-07 -0.2042919 -0.97891
vn -0.3365311 -0.2100571 -0.9179448
vn -0.3480067 0.08266365 -0.9338405
vn -0.3397365 -0.4851806 -0.8057164
vn -0.4691261 -0.2361217 -0.8509801
vn -0.4995111 -0.3941245 -0.7714627
vn -0.4882394 0.05805824 -0.8707764
vn -0.5409719 0.2812578 -0.7926182
vn -0.3889588 0.4206772 -0.8195985
vn -0.6378216 0.5189891 -0.5690641
vn -0.3869169 -0.7232783 -0.5719823
vn -0.2573061 -0.8150276 -0.5191566
vn 2.563418E-07 0.1067474 -0.9942862
vn -1.218673E-07 0.4979218 -0.8672219
vn 0.3889583 0.4206798 -0.8195974
vn 0.4400865 0.7250617 -0.5297257
vn 0.3480066 0.08266354 -0.9338405
vn 0.6378089 0.5189912 -0.5690765
vn -0.4400853 0.7250623 -0.5297258
vn 1.007881E-06 0.8294919 -0.5585188
vn 0.5409691 0.2812557 -0.7926208
vn 0.4882461 0.05805592 -0.8707728
vn 0.5593107 0.028257 -0.8284764
vn 0.4911402 0.06902058 -0.8683418
vn 0.3985528 0.05135413 -0.9157065
vn 0.3436377 0.06388493 -0.9369268
vn 6.794672E-06 0.0629633 -0.9980159
vn 0 0.1371466 -0.9905508
vn -0.3436213 0.06388552 -0.9369327
vn -0.3985432 0.05135069 -0.9157108
vn -0.5592933 0.02825582 -0.8284881
vn -0.4911404 0.06901292 -0.8683422
vn 0.3975692 -0.9104801 -0.1138629
vn 0.2847939 -0.9521762 -0.1106932
vn 0.2573111 -0.8150269 -0.5191551
vn 0 -0.8574579 -0.5145541
vn 0.3869185 -0.7232778 -0.5719818
vn 0.2838068 -0.9386092 0.1961286
vn 0.3925965 -0.8991092 0.1935732
vn 0.2851921 -0.915875 0.2825571
vn 0.3850715 -0.8818727 0.2720671
vn 1.481197E-06 -0.955559 0.2947999
vn 9.944714E-07 -0.9790707 0.2035206
vn -0.283805 -0.9386098 0.1961284
vn -4.469467E-07 -0.9935071 -0.1137704
vn -0.2847928 -0.9521765 -0.1106933
vn -0.2573061 -0.8150276 -0.5191566
vn -0.3975691 -0.9104801 -0.1138635
vn -0.3925955 -0.8991099 0.1935722
vn -0.2851916 -0.9158751 0.2825571
vn -0.3850733 -0.8818719 0.2720669
vn -0.3869169 -0.7232783 -0.5719823
vn -0.3397365 -0.4851806 -0.8057164
vn 0 -0.5486117 -0.8360773
vn 0.3397352 -0.4851813 -0.8057165
vn -0.4192642 0.8479943 0.3242272
vn -0.4162766 0.8944014 0.1635845
vn -0.586597 0.8000221 0.1259708
vn 1.062685E-07 0.9340516 0.3571382
vn -0.5430781 0.7843063 0.2998827
vn 1.18815E-07 0.9841463 0.1773585
vn 0.4162752 0.8944027 0.1635809
vn 0.4192649 0.847995 0.3242242
vn 0.2759756 0.9464979 -0.16727
vn 0.5865954 0.800023 0.1259717
vn -0.275971 0.9464989 -0.1672719
vn -0.4471939 0.8771856 -0.1748232
vn 1.007881E-06 0.8294919 -0.5585188
vn -0.6525553 0.7024457 -0.2841507
vn -0.4400853 0.7250623 -0.5297258
vn -0.6378216 0.5189891 -0.5690641
vn 0.4471958 0.877185 -0.1748208
vn 1.007881E-06 0.8294919 -0.5585188
vn 0.6525474 0.702451 -0.2841557
vn 0.4400865 0.7250617 -0.5297257
vn 0.6378089 0.5189912 -0.5690765
vn 0.5430776 0.7843069 0.2998824
vn 0.4001734 -0.9164348 -0.002925208
vn 0.2909769 -0.9567252 -0.003052091
vn 0.2911112 -0.9566843 -0.003059269
vn -2.120096E-07 -0.9999949 -0.003195662
vn 0.4001732 -0.9164348 -0.002934699
vn -2.314503E-07 -0.9999949 -0.003193104
vn -0.2909776 -0.956725 -0.003054636
vn -0.2911124 -0.956684 -0.003058893
vn -0.4001746 -0.9164342 -0.002925983
vn -0.4001754 -0.9164339 -0.002934697
vn -0.4946614 0.8293622 -0.2597469
vn -0.4256149 0.861165 -0.2779329
vn -0.5572273 0.7913818 -0.2514212
vn -0.3171867 0.9028317 -0.2903232
vn -0.6299199 0.7430329 -0.2260596
vn -0.2629984 0.9169855 -0.2999492
vn 0.006459212 -0.01546481 0.9998596
vn 0 -0.01605145 0.9998711
vn 0.0001959411 -0.0157264 0.9998763
vn 0.00424276 -0.01528762 0.9998741
vn -5.824856E-07 -0.015421 0.9998811
vn -9.602712E-06 -0.01517464 0.9998848
vn -0.004252043 -0.01528761 0.9998741
vn -0.000195822 -0.01572639 0.9998763
vn -0.006455286 -0.01546479 0.9998596
vn 0 -0.01605145 0.9998711
vn 0.5572247 0.7913833 -0.2514221
vn 0.4256125 0.8611661 -0.2779332
vn 0.4946595 0.829363 -0.2597478
vn 0.3171832 0.9028326 -0.2903239
vn 0.6299194 0.7430332 -0.2260604
vn 0.2629969 0.916986 -0.2999489
vn 0.9358008 -0.3524615 -0.006916638
vn 0.930989 -0.3650178 -0.004630832
vn 0.958606 -0.284092 -0.01913762
vn 0.9602705 -0.2783427 -0.0201485
vn 0 -0.9241021 -0.3821458
vn 0 -0.9241022 -0.3821453
vn 0 -0.9784842 -0.2063224
vn 0 -0.9784842 -0.2063225
vn 0 -0.9999195 -0.01268573
vn 0 -0.9999195 -0.01268547
vn -0.002301907 -0.02937511 0.9995658
vn -0.002762568 -0.03074158 0.9995235
vn -0.0007476597 -0.02476438 0.999693
vn 0 -0.02254622 0.9997458
vn -0.935878 -0.3522563 -0.006903254
vn -0.9602785 -0.2783158 -0.02013649
vn -0.9586155 -0.2840608 -0.01912378
vn -0.9311022 -0.3647289 -0.004627137
vn 0.4352781 -0.7931576 -0.4259509
vn 0.4352607 -0.7931615 -0.4259612
vn 0.4352653 -0.7931604 -0.4259585
vn 0.4352827 -0.7931565 -0.4259482
vn 0.942418 -0.2946371 -0.1582318
vn 0.9424239 -0.2946245 -0.1582206
vn 0.942422 -0.2946282 -0.1582239
vn 0.9424163 -0.2946408 -0.1582351
vn 0.9424215 0.294627 0.1582294
vn 0.942422 0.2946249 0.1582308
vn 0.9424205 0.294632 0.158226
vn 0.9424201 0.2946341 0.1582246
vn 0.4353051 0.7931395 0.4259569
vn 0.4353078 0.7931384 0.425956
vn 0.4352973 0.7931423 0.4259593
vn 0.4352947 0.7931434 0.4259603
vn -0.4352897 0.7931452 0.425962
vn -0.4352809 0.7931489 0.425964
vn -0.4353148 0.7931345 0.4259563
vn -0.4353236 0.7931307 0.4259543
vn -0.9424213 0.2946302 0.1582248
vn -0.9424189 0.2946347 0.158231
vn -0.9424196 0.2946334 0.1582291
vn -0.942422 0.2946289 0.158223
vn 0 -0.4731323 0.8809914
vn 0 -0.4731206 0.8809977
vn 0 -0.4731246 0.8809956
vn 0 -0.4731302 0.8809925
vn 0 -0.4731308 0.8809922
vn 0 -0.4731389 0.8809879
vn 0 -0.4730494 0.8810359
vn 0 -0.4731781 0.8809669
vn -0.9424238 -0.2946242 -0.1582217
vn -0.9424255 -0.2946201 -0.1582183
vn -0.9424193 -0.2946341 -0.1582299
vn -0.9424174 -0.2946382 -0.1582334
vn -0.4352589 -0.7931626 -0.4259609
vn -0.4352541 -0.793164 -0.4259633
vn -0.4352725 -0.7931589 -0.4259539
vn -0.4352773 -0.7931576 -0.4259515
vn 0 0.47311 -0.8810033
vn 0 0.473109 -0.881004
vn 0 0.4731226 -0.8809966
vn 0 0.4731288 -0.8809934
vn 0 0.4731258 -0.8809949
vn 0 0.473139 -0.8809879
vn 0 0.4730494 -0.8810359
vn 0 0.4731226 -0.8809966
vn -0.5285757 -0.007656332 -0.8488517
vn -0.3436001 -0.008468706 -0.9390779
vn -0.3458709 -0.008462852 -0.9382439
vn -0.5285704 -0.007656015 -0.848855
vn 0 -0.009011553 -0.9999595
vn 0 -0.009007877 -0.9999595
vn 0.3436001 -0.00846853 -0.9390779
vn 0.34587 -0.008462641 -0.9382442
vn 0.5285717 -0.007655815 -0.8488541
vn 0.5285649 -0.007655432 -0.8488584
vn 0.01571506 0.999212 -0.03644704
vn 0 0.9987642 -0.04969963
vn -0.02151512 0.9988262 -0.04339797
vn -0.02007002 0.9988418 -0.04373094
vn 0 0.9981965 -0.06003178
vn 0.02007003 0.9988418 -0.04373095
vn 0 0.9991431 -0.04138728
vn -0.01571508 0.999212 -0.03644704
vn 0.01621369 0.9992592 -0.03490244
vn 0 0.998639 -0.05215305
vn -0.01621368 0.9992594 -0.0348971
vn 0.02151501 0.9988262 -0.043398
vn -0.4825184 0.02740462 0.8754571
vn -0.4825082 0.02740685 0.8754626
vn -0.3586585 0.02920463 0.9330119
vn -0.3568856 0.02922485 0.9336908
vn -7.323447E-07 0.03128522 0.9995105
vn 0 0.03128535 0.9995105
vn 0.3568839 0.02922464 0.9336914
vn 0.3586544 0.02920463 0.9330134
vn 0.4825143 0.02740488 0.8754593
vn 0.4825009 0.02740747 0.8754666
vn -1 5.974382E-07 0
vn -1 1.134728E-07 0
vn -1 0 0
vn -1 0 0
vn -1 0 0
vn -1 -1.034308E-06 0
vn -1 0 0
vn -1 0 0
vn -1 1.100885E-07 0
vn -1 0 0
vn -1 3.829357E-07 0
vn 1 -1.347088E-06 0
vn 1 -8.993289E-07 0
vn 1 0 -4.716534E-07
vn 1 2.496198E-06 0
vn 1 0 0
vn 1 3.076578E-06 0
vn 1 0 0
vn 1 0 0
vn 1 0 -1.166196E-07
vn 1 -9.476527E-07 0
vn 1 0 -4.056538E-07
vn 0.3741655 -0.02395431 0.9270525
vn 0.3768122 -0.01765541 0.9261214
vn 0.260682 -0.03784624 0.9646826
vn 0.2572969 -0.04157138 0.9654378
vn -1.297831E-06 -0.042668 0.9990892
vn -2.560446E-06 -0.04348616 0.999054
vn -0.1954766 -0.04119919 0.9798426
vn -0.1983888 -0.03692576 0.9794276
vn -0.2545134 -0.02156882 0.9668287
vn -0.2578823 -0.01415354 0.9660727
vn -0.02910281 -0.9983091 0.05031848
vn 0.001152991 -0.9980536 0.06235264
vn -0.02248642 -0.9966085 0.07915848
vn 0 -0.995739 0.09221695
vn 0.02731619 -0.997071 0.07143663
vn 0.03295163 -0.9982711 0.04867356
vn -0.002266217 -0.9994131 0.03417899
vn 0 -0.9995976 0.02836816
vn 0.001871143 -0.9997481 0.02236946
vn 0 -0.9998634 0.01653239
vn -0.001871141 -0.9997481 0.02236946
vn 0.002534333 -0.9994109 0.03422755
vn 0.363878 -0.07462139 -0.9284527
vn 0.5007095 -0.05650235 -0.8637694
vn 0.4955762 -0.06425677 -0.8661844
vn 0.3597436 -0.07894307 -0.9297056
vn 0 -0.08322533 -0.9965307
vn 0 -0.08350977 -0.996507
vn -0.3597377 -0.07894176 -0.9297079
vn -0.3638742 -0.07462072 -0.9284542
vn -0.4955707 -0.06425586 -0.8661876
vn -0.5007077 -0.05650252 -0.8637704
vn 0.9945891 0.0999622 -0.02828879
vn 0.9996209 -0.02740541 -0.00263364
vn 0.999935 -0.01091734 -0.003282388
vn 0.9996666 -0.02579615 -0.001101964
vn 0.9967595 -0.07594607 0.02651136
vn 0.9994639 -0.03251004 0.003884903
vn 1 0 0
vn 0.9878278 0.1450179 0.05626703
vn 0.9994801 -0.03220629 0.001566084
vn 0.9976414 0.0601516 0.03306657
vn 0.9975207 0.07037218 -0.0003403696
vn -0.999469 -0.03254171 0.001655667
vn -0.9994631 -0.03270603 0.001917159
vn -0.9999491 -0.009657441 0.002924644
vn -1 -1.618843E-06 0
vn -1 -2.833696E-06 0
vn -0.9994728 -0.03241899 0.001774536
vn -0.9996355 -0.02698349 -0.0008626842
vn -0.9996926 -0.02479538 -0.0003208007
vn -0.9999392 -0.01050702 -0.00336941
vn -0.9996673 -0.02578071 -0.0007984716
vn -1 1.910196E-06 5.557986E-07
vn -0.3272455 0.6862446 -0.6495989
vn -0.2081066 0.7511328 -0.6264912
vn -0.2014292 0.7479415 -0.6324633
vn -0.3318257 0.6798378 -0.6539971
vn 1.009754E-07 0.7553083 -0.6553697
vn 1.030211E-07 0.7552372 -0.6554516
vn 0.2014289 0.7479421 -0.6324626
vn 0.2081061 0.7511338 -0.6264902
vn 0.3272463 0.6862429 -0.6496003
vn 0.3318266 0.6798357 -0.6539989
vn -0.4451137 0.3939166 0.8041788
vn -0.5622961 0.3509845 0.7487543
vn -0.5572571 0.3530535 0.7515435
vn -0.4388508 0.3959298 0.8066286
vn -0.3979608 0.6816617 -0.6139744
vn -0.3731977 0.6914482 -0.6185653
vn -0.6652523 0.5295532 -0.52632
vn -0.6769299 0.5204515 -0.5204769
vn 0.0153396 0.9986002 -0.05062069
vn 0.0153396 0.9986002 -0.05062069
vn 0.0153396 0.9986002 -0.05062069
vn 0 0.8578595 0.5138844
vn -0.09493484 0.876251 0.4724103
vn -0.09498936 0.8543355 0.5109676
vn 0 0.8580725 0.5135285
vn 0.1238105 0.8538708 0.5055448
vn 0.1274629 0.866758 0.4821656
vn 0.1327356 0.9553912 0.2638353
vn 0.1269594 0.9627775 0.2386225
vn -0.09579101 0.9712241 0.2180545
vn -0.09244344 0.9786111 0.1837786
vn -0.7265031 0.6867437 0.02400769
vn -0.7423996 0.6695201 0.02419773
vn -0.7421026 0.6698495 0.02419425
vn -0.726309 0.686949 0.02400531
vn -0.5698847 -0.03820598 0.820836
vn -0.6439361 -0.04925403 0.7634922
vn -0.639671 -0.04860599 0.7671104
vn -0.5636671 -0.03729657 0.8251596
vn 0.3009261 0.06417291 -0.9514859
vn 0.4958349 0.04230845 -0.8673856
vn 0.4805412 0.04419372 -0.8758579
vn 0.2894535 0.06532622 -0.9549603
vn 0.5226542 0.8523558 -0.01794629
vn 0.5571538 0.8303999 -0.003968123
vn 0.396007 0.9158762 -0.06594895
vn 0.3640088 0.928178 -0.07735074
vn -0.548261 0.836238 -0.01077467
vn -0.5358345 0.8442438 -0.01156555
vn -0.5364133 0.8438767 -0.01152893
vn -0.5485238 0.8360658 -0.01075783
vn -0.684463 0.03798224 -0.7280575
vn -0.6834971 0.03817339 -0.7289544
vn -0.6997023 0.03492485 -0.7135804
vn -0.7004643 0.03476987 -0.71284
vn 0.2738645 0.4082095 0.8708406
vn 0.2738626 0.4082097 0.870841
vn 0.2739047 0.4082046 0.8708302
vn 0.2739066 0.4082044 0.8708296
vn 0.7267265 0.681343 -0.08740851
vn 0.6785014 0.7290084 -0.09045877
vn 0.6796881 0.7279105 -0.09039086
vn 0.7276769 0.6803365 -0.08734201
vn 0.5334802 0.5853598 -0.6105348
vn 0.3766181 0.6550382 -0.6550447
vn 0.3848669 0.6519973 -0.6532816
vn 0.5410474 0.5813043 -0.6077444
vn -0.8508778 0.5228184 -0.05165257
vn -0.8580996 0.5117094 -0.04264374
vn -0.8552007 0.5162253 -0.0462944
vn -0.8468827 0.5287679 -0.0565171
vn 0.7176866 0.6956766 0.0309856
vn 0.7191374 0.6941767 0.03098858
vn 0.5601737 0.8278306 0.03003213
vn 0.5569602 0.8299971 0.0300018
vn -0.7208574 0.6864033 -0.09599553
vn -0.7244635 0.6826373 -0.09570225
vn -0.4786138 0.8713105 -0.1083829
vn -0.4721309 0.8748184 -0.1085596
vn 0.3060924 -0.06129719 0.9500265
vn 0.306112 -0.06129728 0.9500201
vn 0.3057105 -0.06129549 0.9501494
vn 0.3056908 -0.06129542 0.9501558
vn 0.5997233 0 0.8002075
vn 0.5996802 0 0.8002398
vn 0.5996805 0 0.8002394
vn 0.5997237 0 0.8002071
vn 1 0 0
vn 1 0 0
vn 1 0 0
vn 1 0 0
vn 0.5997237 0 -0.8002071
vn 0.5997236 0 -0.8002073
vn 0.5997235 0 -0.8002073
vn 0.5997237 0 -0.8002071
vn -0.5997223 0 -0.8002082
vn -0.5997224 0 -0.8002082
vn -0.5997224 0 -0.8002082
vn -0.5997223 0 -0.8002082
vn 0 1 0
vn 0 1 0
vn 0 1 0
vn 0 1 0
vn 0 1 0
vn 0 1 0
vn -1 0 0
vn -1 0 0
vn -1 0 0
vn -1 0 0
vn -0.5996793 0 0.8002404
vn -0.5997224 0 0.8002082
vn -0.5997218 0 0.8002085
vn -0.5996788 0 0.8002407
vn 0 -1 0
vn 0 -1 0
vn 0 -1 0
vn 0 -1 0
vn 0 -1 0
vn 0 -1 0
vn -6.512364E-05 0 1
vn 6.556902E-05 0 1
vn 0.3908152 0 0.9204692
vn 0.3907555 0 0.9204945
vn 0.7157761 0 0.6983298
vn 0.7157258 0 0.6983814
vn -0.3908161 0 0.9204687
vn -0.3907559 0 0.9204944
vn -0.7157751 0 0.698331
vn -0.7157248 0 0.6983823
vn 0.7157258 0 0.6983814
vn 0.7157761 0 0.6983298
vn 0.9271648 0 0.3746536
vn 0.9271376 0 0.3747211
vn 1 0 -1.279338E-05
vn 1 0 0
vn 0.9271605 0 -0.3746643
vn 0.9271648 0 -0.3746536
vn 0.715776 0 -0.6983299
vn 0.7157758 0 -0.6983302
vn 0.7157758 0 -0.6983302
vn 0.715776 0 -0.6983299
vn 0.3907549 0 -0.9204948
vn 0.3907555 0 -0.9204945
vn 3.195138E-07 0 -1
vn 1.258691E-07 0 -1
vn -0.3907558 0 -0.9204944
vn -0.3907559 0 -0.9204944
vn -0.715775 0 -0.698331
vn -0.715775 0 -0.6983311
vn -0.715775 0 -0.6983311
vn -0.715775 0 -0.698331
vn -0.927165 0 -0.3746533
vn -0.9271603 0 -0.3746648
vn -1 0 0
vn -1 0 -1.278371E-05
vn -0.9271377 0 0.3747208
vn -0.9271646 0 0.3746541
vn -0.7157248 0 0.6983823
vn -0.7157751 0 0.698331
vn 0 1 0
vn 0 1 0
vn 0 1 0
vn 0 1 0
vn 0 1 0
vn 0 1 0
vn 0 1 0
vn 0 1 0
vn 0 1 0
vn 0 1 -3.824569E-06
vn 0 1 3.208563E-06
vn 0 1 -6.491151E-06
vn 0 1 1.082392E-05
vn 0 1 0
vn 0 1 0
vn 0 1 0
vn 0 -1 0
vn 0 -1 0
vn 0 -1 0
vn 0 -1 0
vn 0 -1 0
vn 0 -1 0
vn 0 -1 0
vn 0 -1 0
vn 0 -1 0
vn 0 -1 0
vn 0 -1 0
vn 0 -1 0
vn 0 -1 0
vn 0 -1 0
vn 0 -1 0
vn 0 -1 0
vn 0.4416533 0.4428445 -0.7802763
vn 0.4213026 0.4441544 -0.7907156
vn 0.5959474 0.4239547 -0.6819893
vn 0.6157212 0.4202106 -0.6665662
vn 1 0 0
vn 1 0 0
vn 1 0 0
vn 1 0 0
vn 1 0 0
vn 1 0 0
vn 1 0 0
vn 1 0 0
vn 1 0 0
vn 1 0 0
vn 1 0 0
vn 1 0 0
vn 1 0 0
vn 1 0 0
vn 1 0 0
vn 1 0 0
vn 1 -1.110656E-07 0
vn -1 0 0
vn -1 0 0
vn -1 1.727292E-07 0
vn -1 1.476845E-07 0
vn -1 0 0
vn -1 0 0
vn -1 0 0
vn -1 0 0
vn -1 0 0
vn -1 0 0
vn -1 0 0
vn -1 0 0
vn 0.5656548 -0.07695823 -0.8210433
vn 0.5930471 0 -0.8051679
vn 0.5930449 0 -0.8051693
vn 0.5411515 -0.1417931 -0.8288847
vn 0.5595254 -0.217186 -0.7998509
vn 0.5630037 -0.2169601 -0.797468
vn 0 0 -1
vn 0 0 -1
vn 0 0 -1
vn 0 0 -1
vn 0 0 -1
vn 0 0 -1
vn 0 0 -1
vn 0 0 -1
vn 0 0 -1
vn 0 0 -1
vn 0.8007152 0.5990452 0
vn 0.8007224 0.5990356 0
vn 0.8006963 0.5990704 0
vn 0.8007077 0.5990551 0
vn 0.8007101 0.5990521 0
vn 0.8007072 0.5990559 0
vn 0.6466565 -0.7627814 0
vn 0.6466572 -0.7627807 0
vn 0.6466902 -0.7627527 0
vn 0.6466844 -0.7627577 0
vn 0.6467199 -0.7627276 0
vn 0.6466637 -0.7627752 0
vn 0.6466647 -0.7627744 0
vn 0.6466671 -0.7627723 0
vn 0.6812671 -0.01830909 -0.7318059
vn 0.6808399 -0.01840863 -0.7322009
vn 0.6842531 -0.0176117 -0.729032
vn 0.6845213 -0.01754889 -0.7287816
vn 0.4236821 0.8959305 -0.1334241
vn 0.4252611 0.895236 -0.1330625
vn 0.4037201 0.9044248 -0.1379345
vn 0.4022243 0.9050401 -0.138268
vn 0.7279127 0 0.6856698
vn 0.7279672 0 0.6856119
vn 0.7279632 0 0.6856163
vn 0.7279192 0 0.6856629
vn 0.7279596 0 0.6856201
vn 0.7279624 0 0.6856172
vn 0.7279158 0 0.6856666
vn 0.7279183 0 0.6856639
vn 0.7279071 0 0.6856756
vn 0.7279067 0 0.6856762
vn 0 1 0
vn 0 1 0
vn 0 1 0
vn 0 1 0
vn 0 0 1
vn 0 0 1
vn 0 0 1
vn 0 0 1
vn 0 0 1
vn 0 0 1
vn 0 0 1
vn 0 0 1
vn 0 0 1
vn 0 0 1
vn -1 0 0
vn -1 0 0
vn -1 0 0
vn -1 0 0
vn -1 0 0
vn -1 0 0
vn -1 0 0
vn -1 0 0
vn -1 0 0
vn -1 0 0
vn 0 -1 0
vn 0 -1 0
vn 0 -1 0
vn 0 -1 0
vn 0.6951697 0.7188457 0
vn 0.6951671 0.7188482 0
vn 0.6951689 0.7188464 0
vn 0.6951501 0.7188647 0
vn 0.695169 0.7188463 0
vn 0.6951621 0.7188531 0
vn 0.6951585 0.7188565 0
vn 0.6951344 0.7188798 0
vn 0.4173806 -0.8209079 -0.3897483
vn 0.417377 -0.820914 -0.3897392
vn 0.4173771 -0.8209137 -0.3897397
vn 0.4173808 -0.8209075 -0.3897486
vn 1 -1.067715E-07 0
vn 1 -1.092552E-07 0
vn 1 -2.859445E-07 0
vn 1 0 0
vn 1 0 0
vn 1 0 0
vn 1 0 0
vn 1 0 0
vn 1 0 0
vn 0.9999822 0.001359788 -0.005804606
vn 1 0 0
vn 1 0 0
vn 0.9999088 0.001931929 -0.01336967
vn 0.999694 0.002556968 -0.02460732
vn 0.999644 0 -0.02667912
vn 1 0 0
vn 0.7309304 0 -0.6824519
vn 0.7308997 0 -0.6824849
vn 0.7309023 0 -0.6824821
vn 0.7309324 0 -0.6824499
vn -1 0 0
vn -1 0 0
vn -1 0 0
vn -1 0 0
vn -1 0 0
vn -0.999971 0 -0.007620828
vn -1 0 0
vn -1 0 0
vn -0.9999268 0 -0.01209971
vn -0.9996891 0 -0.0249331
vn -1 0 0
vn -0.9996891 0 -0.02493339
vn 0 0 -1
vn 0 0 -1
vn 0 0 -1
vn 0 0 -1
vn 0 0 -1
vn 0 0 -1
vn 0 0 -1
vn 0 0 -1
vn 0.7308313 0 -0.6825581
vn 0.7308798 0 -0.6825061
vn 0.7308787 0 -0.6825074
vn 0.73083 0 -0.6825595
vn 0.2082335 0 0.9780791
vn 0.1455888 0 0.9893451
vn 0 0 1
vn 0.40721 0 0.9133345
vn 0 0 1
vn 0.2081806 0 0.9780904
vn 0.4073381 0 0.9132774
vn 0.4072509 0 0.9133164
vn 0.4071663 0 0.913354
vn 0.1703233 0 0.9853882
vn 0 0 1
vn 0 0 1
vn 0.5046016 -0.8621981 -0.04462785
vn 0.496079 -0.8669069 -0.04876512
vn 0.4966516 -0.86795 0
vn 0.3412752 -0.9399635 0
vn 0.4966813 -0.867933 0
vn 0.6000586 -0.7976119 -0.06119521
vn 0.6154315 -0.7862236 -0.05564498
vn 0.222613 -0.9749069 0
vn 0 -1 0
vn 0 -1 0
vn 0.5549497 0.8189379 -0.1461898
vn 0.5532861 0.8199489 -0.1468276
vn 0.5695565 0.8098508 -0.1405244
vn 0.5720711 0.8082476 -0.1395371
vn 0 1 0
vn 0 1 0
vn 0 1 0
vn 0 1 0
vn 0.3836237 0 -0.9234896
vn 0.3835781 0 -0.9235085
vn 0.383773 0 -0.9234275
vn 0.3837947 0 -0.9234184
vn -1 0 0
vn -1 0 0
vn -1 0 0
vn -1 0 0
vn -1 0 0
vn -1 0 0
vn -1 0 0
vn -1 0 0
vn 0.9695933 0.1992888 0.1420309
vn 0.9688004 0.2121616 0.1281145
vn 0.9691201 0.2147499 0.1211966
vn 0.9694145 0.2043499 0.1359289
vn 0.9697924 0.1876958 0.1557982
vn 0.9698033 0.1865629 0.1570853
vn 0.96933 0.1963697 0.1477775
vn 0.9692395 0.1985191 0.1454817
vn 0.9679043 0.2153513 0.1295567
vn 0.9675642 0.2169519 0.1294274
vn 0.9669379 0.228699 0.1128183
vn 0.9672618 0.2283474 0.1107343
vn 0.9679225 0.2317769 0.09698164
vn 0.9689651 0.2295382 0.09175404
vn 0.9707761 0.2265371 0.07921366
vn 0.9717236 0.2239938 0.07469942
vn 0.9722133 0.223889 0.0683746
vn 0.9724641 0.2234688 0.06614482
vn 0.9729376 0.2249848 0.05267163
vn 0.9732459 0.2243964 0.04938211
vn 0.9744248 0.2230974 0.02690363
vn 0.9748923 0.2212035 0.02557557
vn 0.9765438 0.2147644 0.01543703
vn 0.9770572 0.2123555 0.0162569
vn -0.9722126 0.2238917 0.06837489
vn -0.9732424 0.2243996 0.04943626
vn -0.9729336 0.2249935 0.05270857
vn -0.974422 0.2230938 0.02703339
vn -0.9724636 0.223471 0.06614553
vn -0.9717233 0.2239956 0.07469942
vn -0.9748936 0.2211813 0.0257196
vn -0.9765276 0.2148252 0.01562021
vn -0.9770446 0.2123978 0.01645951
vn -0.9707757 0.2265386 0.07921351
vn -0.9689649 0.2295392 0.09175441
vn -0.9679223 0.2317775 0.09698209
vn -0.9672617 0.2283478 0.1107346
vn -0.9669377 0.2286994 0.1128186
vn -0.967564 0.2169524 0.1294277
vn -0.9679042 0.2153519 0.1295571
vn -0.9693299 0.1963702 0.1477778
vn -0.9692393 0.1985197 0.1454822
vn -0.9698033 0.1865624 0.1570864
vn -0.9697922 0.1876962 0.1557984
vn -0.9695933 0.1992882 0.1420316
vn -0.9694144 0.2043506 0.1359289
vn -0.96912 0.2147505 0.1211966
vn -0.9688004 0.2121616 0.1281145
vn 0 -0.641788 -0.7668821
vn 0 -0.6417881 -0.766882
vn 0 -0.6417881 -0.7668821
vn 0 -0.641788 -0.7668821
vn 0 -0.9323267 -0.3616171
vn 0 -0.9482794 -0.3174368
vn 0 -0.9482791 -0.3174378
vn 0 -0.9323259 -0.361619
vn 0 -0.9614448 -0.2749977
vn 0 -0.9614448 -0.274998
vn -1.114215E-05 -0.9865329 -0.1635629
vn 0 -0.9865338 -0.163558
vn -5.449219E-05 -0.9973911 -0.07218753
vn -7.665495E-05 -0.9973903 -0.07219806
vn 0 -0.9847098 -0.1742025
vn 0 -0.9524288 -0.3047614
vn 0 -0.95243 -0.3047576
vn 0 -0.9847112 -0.1741949
vn 0 0.5997382 -0.8001963
vn 0 0.5997378 -0.8001966
vn 0 0.5851796 -0.8109037
vn 0 0.6292152 -0.7772311
vn 0 0.5851796 -0.8109037
vn 0 0.6292145 -0.7772318
vn 0 0.6292198 -0.7772275
vn 0 0.6292205 -0.7772268
vn 0 0.9502594 0.3114597
vn 0 0.9502591 0.3114603
vn 0 0.9326636 0.3607471
vn 0 0.9583449 0.2856131
vn 0 0.9326636 0.3607471
vn 0 0.9017838 0.4321874
vn 0 0.9017838 0.4321875
vn 0 0.8565928 0.515993
vn 0 0.8565928 0.515993
vn 0 0.9583449 0.2856135
vn 0 0.9754732 0.2201185
vn -0.0001000717 0.9754567 0.2201911
vn -0.0006195153 0.9936177 0.1127986
vn -0.0004944104 0.9936005 0.1129493
vn -0.002142385 0.9983335 0.05766809
vn -0.002579614 0.9983413 0.05751407
vn 0 0.7931966 0.6089656
vn 0 0.7931968 0.6089654
vn 0 0.7721561 0.6354329
vn 0 0.8565928 0.515993
vn 0 0.772156 0.635433
vn 0 0.8328694 0.5534695
vn 0 0.8328682 0.5534715
vn 0 0.8741617 0.485635
vn 0 0.8741639 0.4856309
vn 0 0.8565928 0.515993
vn -1 0 0
vn -1 1.810953E-07 0
vn -1 0 0
vn -1 0 2.009411E-07
vn -1 -1.845497E-07 0
vn -1 -3.673057E-07 1.85316E-07
vn -1 0 -2.254094E-07
vn -1 0 0
vn -1 1.845652E-07 -2.149593E-07
vn -1 0 0
vn -1 0 0
vn -1 0 0
vn -1 0 0
vn -1 0 -1.092713E-07
vn -1 -4.017259E-07 4.567243E-07
vn -1 2.705704E-07 -1.139328E-07
vn -1 0 -1.151233E-07
vn -1 0 0
vn -1 -6.155088E-07 1.079627E-06
vn -1 0 1.82034E-06
vn -1 0 0
vn 0 -0.9132847 -0.4073217
vn 0 -0.9132844 -0.4073228
vn 0 -0.95243 -0.3047576
vn 0 -0.9524288 -0.3047614
vn 0 -0.9323259 -0.361619
vn 0 -0.9323267 -0.3616171
vn 0.7043206 0.6670176 0.2429399
vn 0.7095278 0.6737174 0.2065794
vn 0.708894 0.6732253 0.2103257
vn 0.7117566 0.6836312 0.1614028
vn 0.701511 0.6684297 0.2471515
vn 0.7130723 0.6839675 0.1540014
vn 0.7221891 0.6857543 0.09046563
vn 0.7238066 0.6846024 0.08615959
vn 0.7396223 0.670779 0.054904
vn 0.6849399 0.669758 0.2868475
vn 0.6819196 0.6711622 0.2907351
vn 0.6751486 0.6615768 0.3263288
vn 0.6742104 0.6616338 0.3281479
vn 0.7412668 0.6689399 0.05516155
vn 0.6777484 0.6340379 0.3723616
vn 0.678807 0.6316046 0.3745621
vn 0.688539 0.5872126 0.4255531
vn 0.6880332 0.5882196 0.42498
vn 0.6924112 0.5513101 0.4654287
vn 0.6917687 0.5526857 0.4647521
vn 0.6900303 0.5829335 0.4290065
vn 0.6890103 0.5876092 0.4242409
vn 0.6874107 0.6204752 0.3774612
vn 0.6857437 0.6201739 0.3809724
vn -0.7088948 0.6732262 0.2103202
vn -0.7095295 0.6737174 0.2065739
vn -0.7043216 0.6670179 0.2429363
vn -0.7015123 0.6684296 0.2471483
vn -0.6849406 0.6697572 0.2868477
vn -0.6819208 0.671161 0.2907353
vn -0.6751494 0.6615765 0.3263277
vn -0.6742116 0.6616331 0.3281468
vn -0.6777487 0.6340378 0.372361
vn -0.6788076 0.6316041 0.3745617
vn -0.6885394 0.5872121 0.4255533
vn -0.6880341 0.5882187 0.4249798
vn -0.6924121 0.5513098 0.4654278
vn -0.6917686 0.5526857 0.4647524
vn -0.6900312 0.5829334 0.4290056
vn -0.6890097 0.5876099 0.4242407
vn -0.6874111 0.6204748 0.3774615
vn -0.6857452 0.6201717 0.3809732
vn -0.7221671 0.6857133 0.09095047
vn -0.7117268 0.683629 0.161544
vn -0.7130413 0.6839595 0.15418
vn -0.723797 0.6845504 0.08665193
vn -0.7395058 0.6708527 0.05556913
vn -0.7411621 0.6690002 0.05583303
vn 1 -1.279162E-07 0
vn 1 -2.506973E-07 0
vn 1 -2.705704E-07 0
vn 1 0 0
vn 1 0 0
vn 1 0 0
vn 1 0 0
vn 1 0 0
vn 1 0 0
vn 1 0 0
vn 1 0 0
vn 1 0 0
vn 1 0 0
vn 1 0 0
vn 1 0 0
vn 1 2.63078E-07 0
vn 1 -4.726639E-07 0
vn 1 -9.02277E-07 0
vn 1 -7.845219E-07 0
vn 1 -3.221525E-06 0
vn 1 -1.713737E-05 0
vn 0.4311527 -0.8917465 -0.1374611
vn 0.4311519 -0.8917468 -0.1374613
vn 0.4311623 -0.8917422 -0.1374585
vn 0.4311632 -0.8917419 -0.1374583
vn 0.9411691 -0.3339912 -0.05148395
vn 0.9411688 -0.3339916 -0.05148409
vn 0.9411707 -0.3339869 -0.0514824
vn 0.9411709 -0.3339865 -0.05148226
vn 0.9411655 0.334001 0.05148569
vn 0.9411651 0.334002 0.05148569
vn 0.9411694 0.33399 0.05148574
vn 0.9411697 0.333989 0.05148574
vn 0.4311796 0.8917335 0.1374616
vn 0.4311814 0.8917325 0.1374614
vn 0.4311573 0.891744 0.1374632
vn 0.4311554 0.8917449 0.1374633
vn -0.4311812 0.8917326 0.1374622
vn -0.4311553 0.8917446 0.1374655
vn -0.4311573 0.8917436 0.1374653
vn -0.4311832 0.8917317 0.137462
vn -0.9411668 0.3339976 0.05148576
vn -0.9411697 0.333989 0.05148574
vn -0.9411696 0.3339897 0.05148575
vn -0.9411665 0.3339984 0.05148576
vn -0.9411692 -0.333991 -0.05148396
vn -0.9411721 -0.3339828 -0.05148233
vn -0.9411719 -0.3339835 -0.05148247
vn -0.9411688 -0.3339916 -0.05148409
vn -0.4311528 -0.8917465 -0.1374612
vn -0.4311649 -0.891741 -0.1374589
vn -0.4311639 -0.8917413 -0.137459
vn -0.4311519 -0.8917468 -0.1374613
vn 0 0 -1
vn 0 0 -1
vn 0 0 -1
vn 0 0 -1
vn 0 0 -1
vn 0 0 -1
vn 0 0 -1
vn 0 0 -1
vn 0 0 1
vn 0 0 1
vn 0 0 1
vn 0 0 1
vn 0 0 1
vn 0 0 1
vn 0 0 1
vn 0 0 1
vn -0.002507491 -0.05371221 0.9985533
vn 0 -0.05516621 0.9984772
vn -0.005202558 -0.05214891 0.9986258
vn -0.007496078 -0.05081813 0.9986798
vn 0.000434789 0.01072713 -0.9999424
vn 0.001526546 0.01020955 -0.9999467
vn 0.001128891 0.01039807 -0.9999453
vn 0 0.01093325 -0.9999403
vn 0.1454998 0.9848036 0.09482463
vn 0.1455028 0.984803 0.09482563
vn 0.1454916 0.984805 0.09482191
vn 0.1454886 0.9848055 0.0948209
vn 1 -1.155736E-07 0
vn 1 -2.921618E-07 0
vn 1 -1.882005E-07 0
vn 1 0 0
vn 0 -0.9995295 0.03067346
vn 0 -0.9995294 0.03067732
vn 0 -0.9995294 0.03067624
vn 0 -0.9995295 0.03067238
vn -1 1.730503E-07 0
vn -1 4.046879E-07 0
vn -1 2.554127E-07 0
vn -1 0 0
vn 1 -2.560913E-07 0
vn 1 0 0
vn 1 -4.127479E-07 0
vn 1 0 0
vn 1 0 0
vn 1 0 0
vn 1 0 0
vn 1 -1.953425E-07 -3.14185E-07
vn 1 0 0
vn 1 1.937883E-07 -1.054044E-06
vn 1 0 0
vn 1 0 0
vn 1 -8.214055E-07 0
vn 1 0 0
vn 1 0 0
vn 0 1 0.0002870596
vn 0 1 0.0002874298
vn 0 1 0.0002870847
vn 0 1 0.0002867144
vn 0 0 -1
vn 0 0 -1
vn 0 0 -1
vn 0 0 -1
vn -1 -9.41499E-07 0
vn -1 0 0
vn -1 0 0
vn -1 0 0
vn -1 0 0
vn -1 0 0
vn -1 -4.971854E-07 -4.813063E-07
vn -1 -2.795975E-06 -2.551926E-07
vn -1 0 -1.422124E-06
vn -1 1.014637E-07 0
vn -1 0 1.310557E-07
vn -1 7.611281E-07 -6.283699E-07
vn -1 7.751532E-07 -2.108088E-06
vn -1 0 0
vn -1 0 0
vn 0 -1 -0.000287055
vn 0 -1 -0.0002863067
vn 0 -1 -0.0002926279
vn 0 -1 -0.0002933762
vn 0 -0.2569019 -0.9664375
vn 0 -0.162466 -0.9867141
vn 0 -0.1624661 -0.9867141
vn 0 -0.2569019 -0.9664375
vn 0 -0.06651454 -0.9977854
vn 0 -0.06651454 -0.9977854
vn 0 -0.02359492 0.9997216
vn 0 -0.0235949 0.9997216
vn 0 -0.03894055 0.9992415
vn 0 -0.03894047 0.9992416
vn 0 -0.02171527 0.9997641
vn 0 -0.02171519 0.9997641
vn 0 0 1
vn 0 0 1
vn 0 -0.01272708 0.9999191
vn 0 -0.01272708 0.9999191
vn 0 0.01245166 0.9999225
vn 0 0.01245167 0.9999225
vn 0 0.01245166 0.9999225
vn 0 0.01245167 0.9999225
vn 0 -0.4472139 -0.894427
vn 0 -0.447214 -0.894427
vn 0 -0.4472129 -0.8944275
vn 0 -0.4472128 -0.8944275
vn 0 0.6887742 0.724976
vn 0 0.6887739 0.7249762
vn 0 0.6887754 0.7249748
vn 0 0.6887756 0.7249746
vn 0 -0.7893527 0.6139401
vn 0 -0.7893528 0.6139399
vn 0 -0.7893528 0.61394
vn 0 -0.7893526 0.6139401
vn 0 -0.9996049 0.02810959
vn 0 -0.9996049 0.02810959
vn 0 -0.9996049 0.02810959
vn 0 -0.9996049 0.02810959
vn 0 -0.9999368 0.01124758
vn 0 -0.9999368 0.01124651
vn 0 -0.9999367 0.01125195
vn 0 -0.9999367 0.01125302
vn 0.3915106 0 0.9201736
vn 0.3913795 0 0.9202294
vn 0.3913803 0 0.920229
vn 0.3915114 0 0.9201732
vn 0.9274322 0 0.3739912
vn 0.9273897 0 0.3740968
vn 0.92739 0 0.3740961
vn 0.9274325 0 0.3739906
vn 0.927411 0 -0.3740436
vn 0.927411 0 -0.3740436
vn 0.927411 0 -0.3740436
vn 0.9274111 0 -0.3740437
vn 0.3913803 0 -0.920229
vn 0.3915114 0 -0.9201732
vn 0.3915106 0 -0.9201736
vn 0.3913794 0 -0.9202294
vn -0.3915126 0 -0.9201728
vn -0.3913814 0 -0.9202285
vn -0.3913823 0 -0.9202282
vn -0.3915134 0 -0.9201724
vn -0.927412 0 -0.3740414
vn -0.927412 0 -0.3740414
vn -0.927412 0 -0.3740415
vn -0.927412 0 -0.3740414
vn 0 1 0
vn 0 1 0
vn 0 1 0
vn 0 1 0
vn 0 1 0
vn 0 1 0
vn 0 1 0
vn 0 1 0
vn -0.9273908 0 0.3740938
vn -0.9274334 0 0.3739883
vn -0.9274332 0 0.373989
vn -0.9273906 0 0.3740945
vn -0.3913822 0 0.9202282
vn -0.3915135 0 0.9201724
vn -0.3915126 0 0.9201727
vn -0.3913814 0 0.9202285
vn 0 -1 -3.669183E-06
vn 0 -1 1.305234E-06
vn 0 -1 -2.49731E-06
vn 0 -1 2.497332E-06
vn 0 -1 -1.305351E-06
vn 0 -1 3.669371E-06
vn 0 -1 0
vn 0 -1 0
vn -0.9688656 -0.2289457 -0.09425162
vn -0.9675715 -0.2433147 -0.06784813
vn -0.9703062 -0.2140268 -0.1126879
vn -0.9700136 -0.2072284 -0.1270041
vn -0.9702178 -0.1856746 -0.1555709
vn -0.9701945 -0.1852434 -0.1562294
vn -0.9697893 -0.1956292 -0.145732
vn -0.9697636 -0.1970743 -0.1439453
vn -0.9683924 -0.2137559 -0.1285478
vn -0.9680517 -0.2154793 -0.1282364
vn -0.9673474 -0.2271969 -0.1123418
vn -0.9676265 -0.226944 -0.1104323
vn -0.9683009 -0.2302888 -0.09674866
vn -0.9692194 -0.2283136 -0.09212261
vn -0.9709597 -0.2256245 -0.07956716
vn -0.9718142 -0.2233308 -0.07550096
vn -0.972356 -0.2233271 -0.06818239
vn -0.9725358 -0.2232515 -0.06582281
vn -0.9733012 -0.2233819 -0.05277621
vn -0.9736549 -0.2226564 -0.04919683
vn -0.9748335 -0.221221 -0.02758452
vn -0.975218 -0.2197214 -0.02592593
vn -0.9767468 -0.2138064 -0.01589181
vn -0.9771519 -0.2119026 -0.01647592
vn 0.9732983 -0.2233861 -0.0528103
vn 0.9736524 -0.2226554 -0.04925039
vn 0.9723558 -0.2233281 -0.06818157
vn 0.9725357 -0.2232526 -0.0658216
vn 0.9718139 -0.2233326 -0.0755011
vn 0.9748312 -0.2212143 -0.02771832
vn 0.975219 -0.2197002 -0.02607402
vn 0.9767303 -0.2138673 -0.0160837
vn 0.9771377 -0.2119521 -0.01668131
vn 0.9709592 -0.2256266 -0.07956745
vn 0.9692193 -0.2283139 -0.0921225
vn 0.9683009 -0.2302891 -0.09674855
vn 0.9676265 -0.2269445 -0.1104323
vn 0.9673473 -0.2271973 -0.1123418
vn 0.9680517 -0.2154787 -0.1282366
vn 0.9683926 -0.213755 -0.1285478
vn 0.9697896 -0.195629 -0.1457312
vn 0.9697635 -0.1970749 -0.1439456
vn 0.9701942 -0.1852445 -0.1562291
vn 0.9702178 -0.1856755 -0.1555702
vn 0.9703062 -0.2140243 -0.1126913
vn 0.9700143 -0.2072247 -0.1270048
vn 0.968868 -0.2289356 -0.09425182
vn 0.9675725 -0.2433088 -0.06785487
vn 0 0.6995387 0.7145947
vn 0 0.6995398 0.7145935
vn 0 0.6995097 0.7146232
vn 0 0.6995086 0.7146242
vn 7.762857E-07 0.9482586 0.317499
vn 2.259301E-06 0.9323024 0.3616797
vn 9.827938E-07 0.9323021 0.3616805
vn -1.797846E-07 0.9482582 0.3175001
vn -7.9652E-07 0.9618102 0.273717
vn -1.52445E-06 0.9618101 0.2737181
vn 6.608811E-06 0.9866292 0.1629804
vn -4.413553E-06 0.98663 0.1629769
vn 5.855273E-05 0.9972812 0.07368985
vn 7.949972E-05 0.9972806 0.07369845
vn 5.001584E-07 0.913059 0.4078276
vn 0 0.913059 0.4078275
vn 0 0.9508023 0.3097984
vn 0 0.9508015 0.3098009
vn 0 0.9827884 0.1847351
vn 0 0.9827893 0.1847301
vn 0 -0.581082 0.8138451
vn 0 -0.5964983 0.8026143
vn 0 -0.5964991 0.8026137
vn 0 -0.6300242 0.7765756
vn 0 -0.581082 0.8138451
vn 0 -0.630026 0.776574
vn 0 -0.6335657 0.7736889
vn 0 -0.6335656 0.773689
vn 0 -0.9328074 -0.3603753
vn 0 -0.9503769 -0.3111008
vn 0 -0.950377 -0.3111003
vn 0 -0.9581926 -0.286124
vn 0 -0.9328075 -0.3603751
vn -4.689743E-06 -0.9581921 -0.2861259
vn -3.753012E-05 -0.9753254 -0.2207722
vn 1.584481E-05 -0.9753321 -0.2207428
vn 0.0002771426 -0.993658 -0.1124435
vn 0.0005388391 -0.9936673 -0.1123605
vn 0.002554727 -0.9983846 -0.05676003
vn 0.002949226 -0.9983891 -0.0566612
vn -1.388043E-06 -0.7730581 -0.6343353
vn -3.715074E-06 -0.7925999 -0.609742
vn -2.927067E-06 -0.7926 -0.609742
vn -5.961173E-07 -0.8567346 -0.5157575
vn 0 -0.7730584 -0.6343349
vn 0 -0.8549483 -0.5187131
vn 0 -0.8549492 -0.5187116
vn 0 -0.9091023 -0.4165728
vn 0 -0.9091029 -0.4165715
vn 0 -0.8567346 -0.5157576
vn 0 -0.9018833 -0.4319797
vn 0 -0.9018832 -0.4319799
vn 0 -0.9328075 -0.3603751
vn 0 -0.9328074 -0.3603753
vn 0.9999989 -0.0009431168 -0.001157954
vn 0.9999802 -0.005753936 -0.002535637
vn 0.9999979 -0.001939847 -0.0006945326
vn 0.9999998 -0.0004128854 -0.000516065
vn 0.9999999 -0.000347107 -0.0004483283
vn 1 -0.0002994473 -0.0001257251
vn 1 -0.0003000378 -0.0001569118
vn 1 -0.0002881394 -0.0001758068
vn 1 -0.0002796335 -5.317805E-05
vn 1 -0.0002741806 -0.0001539079
vn 0.9999993 -0.0008067269 0.0009323561
vn 0.9999995 -0.0009565362 0.0002748697
vn 0.9999992 -0.001220659 0.000397758
vn 0.9999994 -0.0008110519 -0.0007158041
vn 0.9999993 -0.0004548962 -0.001081867
vn 1 7.988503E-06 -0.0004207544
vn 0.9999545 -0.001559522 0.009412763
vn 0.9997134 0.007440611 0.0227566
vn 0.9993275 -0.03465325 -0.01198456
vn 0.9932521 -0.1107522 -0.03441311
vn 0.9705482 0.1847122 0.154653
vn -0.7051546 -0.6664631 -0.2420414
vn -0.7025171 -0.6677151 -0.2462235
vn -0.7096333 -0.6725726 -0.2099206
vn -0.7101547 -0.6732034 -0.2061009
vn -0.712741 -0.6826884 -0.1610491
vn -0.7141004 -0.6830763 -0.1531907
vn -0.7231463 -0.6848354 -0.08977606
vn -0.724647 -0.6838188 -0.08531425
vn -0.6855805 -0.6695021 -0.285913
vn -0.6827046 -0.6707679 -0.2898016
vn -0.6757727 -0.6612291 -0.3257413
vn -0.6749126 -0.6611947 -0.327589
vn -0.7401681 -0.6702302 -0.054246
vn -0.741681 -0.6685375 -0.05446789
vn -0.6789842 -0.6330459 -0.3717975
vn -0.6800497 -0.6304741 -0.3742124
vn -0.689737 -0.5857403 -0.4256421
vn -0.6894104 -0.5864619 -0.4251772
vn -0.6932132 -0.5517109 -0.463757
vn -0.6927632 -0.5526892 -0.4632643
vn -0.6876066 -0.6106547 -0.3928075
vn -0.690534 -0.6184865 -0.3750163
vn -0.6804324 -0.6755411 -0.284
vn -0.6736263 -0.6675868 -0.3171049
vn 0.7051498 -0.666468 -0.2420418
vn 0.7101566 -0.6732031 -0.2060952
vn 0.7096335 -0.6725737 -0.2099162
vn 0.7025123 -0.66772 -0.2462245
vn 0.6855845 -0.6694983 -0.2859124
vn 0.682709 -0.6707636 -0.2898009
vn 0.6757754 -0.6612269 -0.32574
vn 0.6749149 -0.6611929 -0.3275878
vn 0.6789893 -0.6330419 -0.3717949
vn 0.6800541 -0.6304706 -0.37421
vn 0.6897386 -0.5857394 -0.4256407
vn 0.6894091 -0.5864635 -0.4251771
vn 0.6932148 -0.5517102 -0.4637555
vn 0.6927667 -0.5526868 -0.4632619
vn 0.6876038 -0.6106582 -0.3928074
vn 0.6905327 -0.6184859 -0.3750198
vn 0.6804292 -0.6755423 -0.2840048
vn 0.6736183 -0.6675958 -0.3171028
vn 0.7126992 -0.6826985 -0.161191
vn 0.7140592 -0.6830789 -0.1533709
vn 0.7231267 -0.6847928 -0.09025854
vn 0.7246403 -0.6837645 -0.08580502
vn 0.7400545 -0.6703022 -0.05490256
vn 0.7415783 -0.6685973 -0.05512955
vn -0.9999999 -0.0003465888 -0.0004481085
vn -0.9999998 -0.0004128067 -0.0005160857
vn -1 -0.0002992788 -0.000125855
vn -1 -0.0003001046 -0.0001567346
vn -1 -0.0002880463 -0.0001755174
vn -1 -0.0002796737 -5.233123E-05
vn -1 -0.0002740602 -0.0001538185
vn -0.9999993 -0.0008061544 0.000932768
vn -0.9999995 -0.0009559589 0.0002759899
vn -0.9999992 -0.001219533 0.0003987606
vn -0.9999994 -0.000808993 -0.0007138908
vn -0.9999994 -0.0004493632 -0.001074372
vn -1 1.201329E-05 -0.0004160934
vn -0.9999989 -0.0009431559 -0.001157985
vn -0.9999802 -0.005754278 -0.002535248
vn -0.9999979 -0.00193934 -0.0006951393
vn -0.9999545 -0.001559716 0.009412202
vn -0.9997134 0.007437165 0.0227555
vn -0.9993278 -0.03464877 -0.0119827
vn -0.9932545 -0.1107326 -0.03440823
vn -0.9705591 0.1846761 0.1546277
vn -0.02595168 -0.0464401 0.9985839
vn 0.01927148 -0.0529405 0.9984117
vn 0.01862174 -0.05284207 0.9984292
vn -0.02518411 -0.04617641 0.9986159
vn 0.01631608 -0.035019 0.9992535
vn -0.01380994 -0.04101327 0.9990632
vn -0.0152643 -0.04091259 0.9990461
vn -0.0135353 -0.05009031 0.9986529
vn -0.01369853 -0.05018373 0.9986461
vn -0.03109777 -0.03932877 0.9987423
vn -0.03032421 -0.03527756 0.9989173
vn -0.01996978 -0.06728126 0.9975342
vn -0.02188293 -0.07712188 0.9967815
vn 0.01539682 -0.04757701 0.9987489
vn 0.01809158 -0.03488792 0.9992275
vn 0.01553835 -0.0476652 0.9987425
vn 1 -1.749804E-06 0
vn 1 4.845254E-07 0
vn 1 0 0
vn 1 -2.239131E-06 0
vn 1 1.537478E-06 0
vn -1 4.354118E-07 0
vn -1 2.044272E-07 0
vn -1 0 0
vn -1 7.687388E-07 0
vn -1 0 0
vn 0 -0.3846017 0.9230826
vn 0 -0.3846017 0.9230826
vn 0 -0.3846015 0.9230826
vn 0 -0.3846015 0.9230826
vn 0 0.433221 0.9012878
vn 0 0.4332195 0.9012884
vn 0 0.4332226 0.901287
vn 0 0.433224 0.9012863
vn 0 -0.08082944 -0.9967279
vn 0 -0.08082981 -0.9967279
vn 0 -0.08082881 -0.9967279
vn 0 -0.08082844 -0.9967281
vn 0 0.6874729 -0.72621
vn 0 0.6874732 -0.7262098
vn 0 0.6874728 -0.7262101
vn 0 0.6874726 -0.7262104
vn 0 -0.8964337 0.4431781
vn 0 -0.896432 0.4431814
vn 0 -0.8964344 0.4431764
vn 0 -0.8964361 0.4431731
vn 0.5303628 -0.8477708 0
vn 0.6029483 -0.7519779 -0.2664255
vn 0.5900928 -0.7829565 -0.1968998
vn 0.530363 -0.8477707 0
vn 1 0 0
vn 1 0 0
vn 1 0 0
vn 1 0 0
vn 1 0 0
vn 1 0 0
vn 1 0 0
vn 1 0 0
vn 0.476564 0 -0.8791397
vn 0.4767298 0 -0.8790499
vn 0.4767267 0 -0.8790516
vn 0.4765626 0 -0.8791406
vn 0.1659156 0.005670713 0.9861237
vn 0.165776 0.005673436 0.9861471
vn 0.1822889 0.005350158 0.9832305
vn 0.1825822 0.005344391 0.9831761
vn 0.4898965 -0.6781173 0.547867
vn 0.4961542 -0.670523 0.5515704
vn 0.490926 -0.6768777 0.5484782
vn 0.4848201 -0.684176 0.544842
vn 0.6029483 -0.7519779 -0.2664255
vn 0.6197692 -0.6434895 -0.4492297
vn 0.6228037 -0.6435248 -0.4449623
vn 0.5900928 -0.7829565 -0.1968998
vn 0.6437237 0.7633836 0.05352835
vn 0.6445369 0.7626761 0.05382639
vn 0.6597996 0.7468146 -0.08326037
vn 0.6621435 0.742184 -0.1035796
vn 0.6732602 0.7023982 -0.2309925
vn 0.6747886 0.7012714 -0.229954
vn 0.4846662 0.4906717 0.7241132
vn 0.4893531 0.4852701 0.724601
vn 0.4808178 0.4950669 0.7236871
vn 0.4762406 0.5002483 0.7231504
vn -1 0 0
vn -1 -4.339994E-07 0
vn -1 -1.694665E-07 0
vn -1 -1.749981E-06 0
vn -1 0 0
vn -1 1.160809E-06 0
vn -1 1.711319E-07 0
vn -1 4.506616E-06 0
vn 0 0.8964334 -0.4431785
vn 0 0.8964334 -0.4431785
vn 0 0.8964334 -0.4431785
vn 0 0.8964334 -0.4431785
vn 0 -0.896444 0.443157
vn 0 -0.896444 0.443157
vn 0 -0.896444 0.443157
vn 0 -0.896444 0.443157
vn 0 -0.896444 0.443157
vn 0 -0.896444 0.443157
vn 0 -0.896444 0.443157
vn 0 -0.896444 0.443157
vn 0 -0.896444 0.443157
vn 0 -0.896444 0.443157
vn 0 -0.896444 0.443157
vn 0 -0.896444 0.443157
vn 0 -0.8964741 0.4430963
vn 0 -0.896444 0.443157
vn 0 -0.896445 0.443155
vn 0 -0.8964751 0.4430942
vn 0 -0.896444 0.443157
vn 0 -0.896444 0.443157
vn 0 -0.896444 0.443157
vn 0 -0.896444 0.443157
vn 0 0.8964471 -0.4431507
vn 0 0.8964471 -0.4431507
vn 0 0.8964471 -0.443151
vn 0 0.8964471 -0.4431511
vn 0 0.8964471 -0.4431507
vn 0 0.8964471 -0.4431507
vn 0 0.8964471 -0.443151
vn 0 0.8964471 -0.4431511
vn 0 0.8964471 -0.4431507
vn 0 0.8964471 -0.4431507
vn 0 0.8964471 -0.443151
vn 0 0.8964471 -0.4431511
vn 0 0.8964453 -0.4431545
vn 0 0.8964471 -0.4431507
vn 0 0.8964102 -0.4432254
vn 0 0.8964083 -0.4432291
vn -0.9724577 -0.2089414 0.1032932
vn -0.972455 -0.2089488 0.1033038
vn -0.9724596 -0.2089362 0.1032857
vn -0.9724634 -0.2089263 0.1032714
vn 0 0.3016701 0.9534124
vn 0 0.3016638 0.9534143
vn 0 0.3016642 0.9534142
vn 0 0.3016705 0.9534122
vn 0 -0.5742808 -0.8186584
vn 0 -0.5742931 -0.8186497
vn 0 -0.5742925 -0.8186502
vn 0 -0.5742799 -0.8186591
vn 0.9724604 -0.2089289 0.103293
vn 0.972451 -0.2089527 0.1033338
vn 0.9724572 -0.2089371 0.1033071
vn 0.972465 -0.2089174 0.1032733
vn 0 0.3016699 0.9534125
vn 0 0.3016608 0.9534153
vn 0 0.3016613 0.9534152
vn 0 0.3016705 0.9534122
vn -0.9724615 -0.2089261 0.1032895
vn -0.9724594 -0.2089188 0.1033235
vn -0.9724606 -0.2089235 0.1033012
vn -0.9724624 -0.2089296 0.1032731
vn -0.9724621 -0.2089264 0.1032817
vn -0.9724675 -0.2089137 0.1032566
vn -0.9724583 -0.2089355 0.1032996
vn -0.972451 -0.2089527 0.1033338
vn -0.9724562 -0.2089484 0.1032937
vn -0.9724567 -0.2089491 0.1032869
vn -0.9724557 -0.2089479 0.1032986
vn -0.9724549 -0.208947 0.1033079
vn 0.9724538 -0.2089566 0.1032994
vn 0.9724507 -0.2089606 0.1033203
vn 0.972456 -0.2089536 0.1032844
vn 0.9724602 -0.2089481 0.1032559
vn 0 0.3016718 0.9534118
vn 0 0.3016895 0.9534063
vn 0 0.3016886 0.9534065
vn 0 0.3016705 0.9534122
vn 0 -0.5742998 -0.818645
vn 0 -0.5742901 -0.8186519
vn 0 -0.5742906 -0.8186515
vn 0 -0.5743005 -0.8186446
vn 0 -0.5743178 -0.8186324
vn 0 -0.5743212 -0.8186301
vn 0 -0.574274 -0.8186632
vn 0 -0.5742715 -0.8186648
vn 0 0.3016829 0.9534083
vn 0 0.3016805 0.9534091
vn 0 0.3016806 0.9534091
vn 0 0.3016831 0.9534082
vn 0 0.3017261 0.9533947
vn 0 0.3017375 0.953391
vn 0 0.3017369 0.9533912
vn 0 0.3017253 0.9533949
vn -0.972461 -0.2089297 0.1032856
vn -0.9724618 -0.2089306 0.1032768
vn -0.9724613 -0.20893 0.1032826
vn -0.9724606 -0.2089292 0.1032899
vn 0.9724601 -0.2089308 0.1032923
vn 0.9724597 -0.2089333 0.1032898
vn 0.9724603 -0.208929 0.103294
vn 0.9724606 -0.2089256 0.1032974
vn 0.9724556 -0.2089517 0.103293
vn 0.9724619 -0.2089325 0.1032712
vn 0.9724577 -0.2089451 0.1032855
vn 0.9724524 -0.208961 0.1033035
vn 0 -0.5743008 -0.8186444
vn 0 -0.5743049 -0.8186415
vn 0 -0.5743047 -0.8186417
vn 0 -0.5743005 -0.8186446
vn 0.9724603 -0.2089345 0.1032826
vn 0.9724616 -0.2089337 0.103273
vn 0.9724594 -0.2089352 0.1032895
vn 0.9724578 -0.2089363 0.1033026
vn 0 -0.5742605 -0.8186727
vn 0 -0.5742777 -0.8186605
vn 0 -0.5742769 -0.8186612
vn 0 -0.5742593 -0.8186734
vn 0 1 -3.426493E-07
vn 0 1 0
vn 0 1 1.013293E-07
vn 0 1 6.694726E-07
vn 0 1 -4.38558E-06
vn 0 1 6.980194E-06
vn 0 1 0
vn 0 1 7.562065E-07
vn 0 1 4.185643E-07
vn 0 1 6.980218E-06
vn 0 1 4.919163E-07
vn 0 1 -5.08704E-07
vn 0 1 0
vn 0 1 0
vn 0 1 0
vn 0 1 0
vn 0.9996785 0 -0.02535634
vn 0.9873309 0 -0.1586747
vn 0.9873314 0 -0.1586715
vn 0.9996785 0 -0.02535634
vn 0.9572865 0 -0.289141
vn 0.9572884 0 -0.2891347
vn -0.0369176 0 0.9993182
vn 0.03691765 0 0.9993182
vn 0.03692659 0 0.999318
vn -0.03692649 0 0.999318
vn -0.1707261 0 0.9853185
vn -0.1707173 0 0.98532
vn -0.2660458 0 0.9639604
vn -0.2660459 0 0.9639604
vn 0.1707263 0 0.9853185
vn 0.1707173 0 0.98532
vn 0.2660461 0 0.9639603
vn 0.2660463 0 0.9639603
vn -0.987331 0 -0.1586743
vn -0.9873314 0 -0.1586711
vn -0.9996785 0 -0.02535647
vn -0.9996785 0 -0.02535646
vn -0.9572867 0 -0.2891401
vn -0.9572887 0 -0.289134
vn 0 -1 0
vn 0 -1 0
vn 0 -1 -2.180545E-07
vn 0 -1 0
vn 0 -1 0
vn 0 -1 0
vn 0 -1 1.034044E-07
vn 0 -1 -1.054312E-06
vn 0 -1 -4.185613E-07
vn 0 -1 -6.980194E-06
vn 0 -1 0
vn 0 -1 5.08704E-07
vn 0 -1 0
vn 0 -1 0
vn 0 -1 -2.407889E-07
vn 0 -1 -2.378495E-06
vn -0.1164261 0 -0.9931994
vn -0.116426 0 -0.9931994
vn -0.4613405 0 -0.8872232
vn 0.1164261 0 -0.9931994
vn -0.4613405 0 -0.8872232
vn 0.1164261 0 -0.9931994
vn 0.461341 0 -0.8872229
vn 0.4613408 0 -0.8872229
vn 0.6636073 0 -0.748081
vn 0.6636073 0 -0.7480811
vn -0.4613405 0 -0.8872232
vn -0.4613405 0 -0.8872232
vn -0.6636066 0 -0.7480817
vn -0.6636066 0 -0.7480817
vn -0.717535 0 0.6965224
vn -0.7174971 0 0.6965615
vn -0.7175134 0 0.6965448
vn -0.7175512 0 0.6965057
vn 0.7175339 0 0.6965237
vn 0.7174953 0 0.6965633
vn 0.7175118 0 0.6965464
vn 0.7175504 0 0.6965067
vn -0.06811803 0.8229679 0.563989
vn -0.04040966 0.8378836 0.5443512
vn -0.03349446 0.8414219 0.5393396
vn 0 0.8575239 0.5144441
vn 0 0.8575264 0.5144401
vn 0.03632808 0.8387154 0.5433568
vn 0.03269049 0.8406961 0.5405195
vn 0.06352995 0.8232169 0.5641612
vn 0 -0.934248 0.356624
vn -0.01597335 -0.9193109 0.3932079
vn -0.04502274 -0.8877746 0.4580712
vn -0.05940932 -0.8700408 0.4893869
vn 0.05539623 -0.8702429 0.4894983
vn 0.01399073 -0.9202754 0.3910209
vn 0.04281096 -0.8868368 0.4600952
vn 0 -0.9342473 0.3566259
vn 0.8590474 -0.1427151 0.4915994
vn 0.8351156 0.1587218 -0.5266777
vn 0.690009 0.7237329 -0.009914454
vn 0.690009 0.7237329 -0.009914454
vn 0.690009 0.7237329 -0.009914454
vn 0 -0.5851804 0.8109031
vn 0 -0.6040848 0.7969201
vn 0 -0.6040836 0.796921
vn 0 -0.6292177 0.7772292
vn 0 -0.5851806 0.8109031
vn 0 -0.6292129 0.777233
vn 0 0.6040862 -0.796919
vn 0 0.6040866 -0.7969186
vn 0 0.5851784 -0.8109046
vn 0 0.5851773 -0.8109053
vn 0 0.6292233 -0.7772245
vn 0 0.6292239 -0.7772241
vn 0 0.7943508 0.6074594
vn 0 0.7944316 0.6073535
vn 0 0.7944252 0.6073619
vn 0 0.7943443 0.6074678
vn 0.9786663 0.1631996 0.1248127
vn 1 -9.552947E-07 0
vn 1 -7.722793E-07 0
vn 0.9786001 0.1634485 0.1250059
vn 0.9154856 0.3196424 0.2443665
vn 0.9154875 0.3196417 0.2443602
vn -0.9786704 0.1631963 0.1247846
vn -0.9786047 0.1634453 0.1249745
vn -1 6.264053E-07 0
vn -1 6.368631E-07 0
vn -0.9154734 0.3196353 0.2444211
vn -0.915474 0.3196339 0.2444211
vn 0 -0.7943555 -0.6074531
vn 0 -0.7943558 -0.6074529
vn 0 -0.7943558 -0.6074529
vn 0 -0.7943555 -0.6074532
vn 0.9695943 0.199284 0.1420313
vn 0.9688007 0.212154 0.1281242
vn 0.9691219 0.2147484 0.1211849
vn 0.9694146 0.2043519 0.1359257
vn 0.9697911 0.1876986 0.1558026
vn 0.9698046 0.1865609 0.1570803
vn 0.9693295 0.1963714 0.1477789
vn 0.9692394 0.19852 0.1454817
vn 0.9679043 0.2153515 0.1295572
vn 0.9675644 0.2169512 0.1294271
vn 0.9669385 0.2286972 0.1128165
vn 0.9672623 0.2283457 0.1107334
vn 0.9679224 0.2317771 0.09698217
vn 0.968965 0.2295383 0.09175487
vn 0.9707762 0.2265366 0.07921303
vn 0.9717238 0.2239934 0.07469844
vn 0.972213 0.2238899 0.068375
vn 0.9724638 0.2234703 0.06614523
vn 0.9729379 0.2249832 0.05267184
vn 0.9732464 0.2243947 0.04938133
vn 0.9744247 0.2230979 0.02690326
vn 0.9748922 0.221204 0.0255744
vn 0.976544 0.2147637 0.01543679
vn 0.9770577 0.2123534 0.01625615
vn -0.9722126 0.2238919 0.06837505
vn -0.9732426 0.2243986 0.04943627
vn -0.9729338 0.2249927 0.05270869
vn -0.974422 0.223094 0.02703245
vn -0.9724633 0.2234724 0.0661459
vn -0.971724 0.2239925 0.07469786
vn -0.9748935 0.2211816 0.02571906
vn -0.9765276 0.2148252 0.01561995
vn -0.9770448 0.2123972 0.01645974
vn -0.9707764 0.2265358 0.07921276
vn -0.9689652 0.2295376 0.09175489
vn -0.9679225 0.2317768 0.09698217
vn -0.9672624 0.2283456 0.1107334
vn -0.9669385 0.2286971 0.1128165
vn -0.9675644 0.216951 0.1294271
vn -0.9679043 0.215351 0.1295572
vn -0.9693295 0.1963712 0.1477789
vn -0.9692393 0.19852 0.1454817
vn -0.9698045 0.1865613 0.1570803
vn -0.9697911 0.1876986 0.1558026
vn -0.9695947 0.1992823 0.1420313
vn -0.9694146 0.2043519 0.1359257
vn -0.9691221 0.2147476 0.1211849
vn -0.9688016 0.2121498 0.1281243
vn 0 -0.6418014 -0.7668708
vn 0 -0.6417714 -0.7668961
vn 0 -0.6417745 -0.7668934
vn 0 -0.6418047 -0.7668682
vn 0 -0.9323273 -0.3616157
vn 0 -0.9482796 -0.3174366
vn 0 -0.9482794 -0.3174368
vn 0 -0.9323254 -0.3616204
vn 0 -0.9614433 -0.2750032
vn 0 -0.9614447 -0.2749984
vn -1.102671E-05 -0.9865324 -0.1635655
vn 0 -0.9865334 -0.1635602
vn -5.392759E-05 -0.9973911 -0.07218629
vn -7.586073E-05 -0.9973904 -0.07219683
vn 0 -0.9847119 -0.1741909
vn 0 -0.9524318 -0.3047517
vn 0 -0.9524266 -0.3047679
vn 0 -0.984706 -0.1742242
vn 0 0.5997407 -0.8001944
vn 0 0.5997297 -0.8002026
vn 0 0.5851812 -0.8109026
vn 0 0.6292173 -0.7772295
vn 0 0.5851819 -0.8109021
vn 0 0.6291947 -0.7772477
vn 0 0.6292206 -0.7772268
vn 0 0.629226 -0.7772224
vn 0 0.950259 0.3114607
vn 0 0.9502589 0.3114611
vn 0 0.9326632 0.3607482
vn 0 0.9583448 0.2856141
vn 0 0.9326634 0.3607477
vn 0 0.9017835 0.4321883
vn 0 0.9017844 0.4321865
vn 0 0.8565931 0.5159924
vn 0 0.8565941 0.5159908
vn 0 0.9583446 0.2856144
vn 0 0.9754726 0.2201209
vn -0.0001000364 0.9754568 0.2201908
vn -0.0006202886 0.9936181 0.1127955
vn -0.0004953744 0.9936011 0.1129439
vn -0.002142828 0.9983338 0.057665
vn -0.002579617 0.9983416 0.05751017
vn 0 0.7931974 0.6089646
vn 0 0.7932001 0.6089611
vn 0 0.7721558 0.6354333
vn 0 0.8565941 0.5159908
vn 0 0.7721528 0.6354369
vn 0 0.8328725 0.553465
vn 0 0.8328724 0.5534651
vn 0 0.8741715 0.4856173
vn 0 0.8741715 0.4856174
vn 0 0.8565931 0.5159924
vn -1 0 0
vn -1 4.226991E-07 0
vn -1 1.162363E-07 0
vn -1 5.040858E-07 4.018833E-07
vn -1 -2.558935E-07 0
vn -1 -2.867791E-07 3.70633E-07
vn -1 -1.496165E-07 -4.508171E-07
vn -1 -1.658608E-07 -1.726906E-07
vn -1 1.84564E-07 -4.299162E-07
vn -1 0 0
vn -1 0 0
vn -1 0 0
vn -1 0 0
vn -1 0 -2.185423E-07
vn -1 -1.15472E-06 9.134503E-07
vn -1 0 -2.27866E-07
vn -1 0 -2.302467E-07
vn -1 0 0
vn -1 -2.015536E-06 2.159264E-06
vn -1 -3.221566E-06 3.640779E-06
vn -1 3.426535E-05 0
vn 0 -0.9132844 -0.4073223
vn 0 -0.9132844 -0.4073226
vn 0 -0.9524266 -0.3047679
vn 0 -0.9524318 -0.3047517
vn 0 -0.9323254 -0.3616204
vn 0 -0.9323273 -0.3616157
vn 0.7043238 0.667015 0.2429383
vn 0.7095318 0.6737132 0.2065792
vn 0.7088968 0.6732226 0.2103247
vn 0.7117513 0.6836364 0.1614045
vn 0.7015125 0.6684282 0.2471517
vn 0.7130662 0.6839734 0.1540031
vn 0.7221833 0.6857603 0.09046613
vn 0.7238016 0.6846079 0.086159
vn 0.7396218 0.6707796 0.05490227
vn 0.6849257 0.6697719 0.2868491
vn 0.6819056 0.6711749 0.2907386
vn 0.6751497 0.6615754 0.3263295
vn 0.6742141 0.6616293 0.3281494
vn 0.7412669 0.6689399 0.0551597
vn 0.6777498 0.634037 0.3723605
vn 0.6788089 0.6316032 0.3745609
vn 0.6885423 0.5872103 0.4255509
vn 0.6880374 0.5882152 0.4249795
vn 0.6924103 0.551307 0.4654335
vn 0.691776 0.5526869 0.4647397
vn 0.6900321 0.582934 0.429003
vn 0.6890092 0.587608 0.4242444
vn 0.6874022 0.6204764 0.3774749
vn 0.6857534 0.6201803 0.3809445
vn -0.7088888 0.6732326 0.2103203
vn -0.7095224 0.673725 0.206573
vn -0.7043259 0.6670133 0.2429369
vn -0.7015164 0.6684247 0.2471501
vn -0.6849263 0.6697701 0.2868519
vn -0.6819069 0.6711729 0.2907401
vn -0.6751519 0.6615732 0.3263294
vn -0.674217 0.6616272 0.3281475
vn -0.6777495 0.634037 0.3723612
vn -0.6788089 0.6316037 0.3745599
vn -0.6885408 0.5872108 0.4255526
vn -0.6880349 0.5882144 0.4249846
vn -0.6924084 0.5513064 0.4654373
vn -0.6917753 0.5526884 0.4647391
vn -0.6900314 0.5829351 0.4290026
vn -0.6890076 0.5876104 0.4242435
vn -0.6874009 0.6204781 0.3774742
vn -0.6857534 0.6201803 0.3809445
vn -0.7221678 0.6857126 0.09094992
vn -0.7117228 0.6836327 0.1615458
vn -0.7130382 0.6839624 0.1541813
vn -0.7237986 0.684549 0.0866512
vn -0.7395046 0.6708539 0.05556873
vn -0.7411612 0.6690015 0.0558324
vn 1 0 0
vn 1 4.492189E-07 0
vn 1 0 0
vn 1 0 0
vn 1 0 0
vn 1 0 0
vn 1 -2.51625E-07 0
vn 1 0 0
vn 1 -1.922089E-07 0
vn 1 1.119575E-07 0
vn 1 0 0
vn 1 0 0
vn 1 0 0
vn 1 0 0
vn 1 1.079161E-07 0
vn 1 5.261585E-07 0
vn 1 0 0
vn 1 0 0
vn 1 1.569056E-06 0
vn 1 6.44305E-06 0
vn 1 0 0
vn -0.9688675 -0.2289419 -0.09424137
vn -0.9675695 -0.2433154 -0.06787353
vn -0.9703049 -0.2140266 -0.1126991
vn -0.9700154 -0.2072246 -0.1269962
vn -0.970219 -0.1856731 -0.155566
vn -0.9701948 -0.1852429 -0.1562272
vn -0.9697898 -0.1956285 -0.1457298
vn -0.9697635 -0.1970741 -0.1439464
vn -0.9683926 -0.2137551 -0.1285481
vn -0.9680519 -0.2154789 -0.128236
vn -0.9673471 -0.2271976 -0.1123416
vn -0.9676262 -0.2269453 -0.1104325
vn -0.9683013 -0.2302871 -0.09674879
vn -0.9692196 -0.2283129 -0.09212325
vn -0.970959 -0.2256271 -0.07956841
vn -0.9718136 -0.2233335 -0.0755018
vn -0.9723561 -0.2233267 -0.06818225
vn -0.9725364 -0.2232497 -0.06582198
vn -0.973301 -0.2233824 -0.05277648
vn -0.9736546 -0.2226575 -0.04919727
vn -0.9748334 -0.2212213 -0.02758544
vn -0.9752181 -0.2197211 -0.02592661
vn -0.9767467 -0.2138069 -0.01589196
vn -0.9771516 -0.2119039 -0.01647581
vn 0.9732984 -0.2233857 -0.05281132
vn 0.9736522 -0.2226558 -0.04925088
vn 0.9723556 -0.2233293 -0.06818146
vn 0.9725356 -0.2232533 -0.06582093
vn 0.9718134 -0.2233343 -0.07550104
vn 0.9748309 -0.2212156 -0.02771834
vn 0.9752186 -0.2197018 -0.02607355
vn 0.9767305 -0.2138665 -0.01608429
vn 0.9771379 -0.2119508 -0.01668192
vn 0.9709588 -0.225628 -0.07956817
vn 0.9692189 -0.2283154 -0.09212308
vn 0.9683007 -0.23029 -0.09674893
vn 0.9676259 -0.2269468 -0.1104325
vn 0.9673471 -0.2271981 -0.1123415
vn 0.9680517 -0.2154791 -0.1282367
vn 0.9683925 -0.2137553 -0.1285484
vn 0.9697894 -0.1956295 -0.1457312
vn 0.969763 -0.1970754 -0.1439482
vn 0.9701947 -0.1852421 -0.1562298
vn 0.9702184 -0.1856737 -0.155569
vn 0.9703054 -0.214023 -0.1127009
vn 0.9700159 -0.2072318 -0.126981
vn 0.9688683 -0.2289523 -0.09420785
vn 0.9675711 -0.2433085 -0.06787659
vn 0 0.6994801 0.7146521
vn 0 0.6994769 0.7146552
vn 0 0.6995586 0.7145752
vn 0 0.6995617 0.7145723
vn 0 0.9482599 0.3174951
vn 0 0.9323016 0.3616819
vn 0 0.9323019 0.3616811
vn 0 0.9482595 0.3174963
vn 0 0.9618118 0.2737117
vn -1.756843E-06 0.9618102 0.273717
vn 4.779185E-06 0.9866292 0.1629804
vn -7.326497E-06 0.9866295 0.1629795
vn 5.555496E-05 0.9972812 0.07369033
vn 7.625342E-05 0.9972805 0.07369926
vn 0 0.9130584 0.4078289
vn 0 0.9130584 0.4078288
vn 0 0.9508013 0.3098015
vn 0 0.9508014 0.3098011
vn 0 0.9827881 0.1847363
vn 0 0.9827879 0.184737
vn 0 -0.5810829 0.8138443
vn 0 -0.5964989 0.8026139
vn 0 -0.5964874 0.8026225
vn 0 -0.6300249 0.7765749
vn 0 -0.5810835 0.813844
vn 0 -0.629996 0.7765983
vn 0 -0.63357 0.7736853
vn 0 -0.6335732 0.7736828
vn 0 -0.9328083 -0.3603729
vn 0 -0.9503766 -0.3111019
vn 0 -0.9503779 -0.3110977
vn 0 -0.9581937 -0.2861203
vn 0 -0.9328086 -0.3603721
vn -4.689734E-06 -0.9581926 -0.286124
vn -3.912635E-05 -0.9753248 -0.2207746
vn 1.518565E-05 -0.9753318 -0.2207441
vn 0.00027696 -0.9936576 -0.1124472
vn 0.000539677 -0.9936672 -0.1123623
vn 0.002554201 -0.9983846 -0.05675901
vn 0.002948856 -0.9983892 -0.05665901
vn 0 -0.7730546 -0.6343395
vn 0 -0.792591 -0.6097535
vn 0 -0.7925974 -0.6097452
vn 0 -0.8567345 -0.5157577
vn 0 -0.7730618 -0.6343308
vn 0 -0.8549464 -0.5187162
vn 0 -0.8549434 -0.5187213
vn 0 -0.909093 -0.4165932
vn 0 -0.909086 -0.4166086
vn 0 -0.8567343 -0.515758
vn 0 -0.9018829 -0.4319806
vn 0 -0.9018844 -0.4319775
vn 0 -0.9328086 -0.3603721
vn 0 -0.9328083 -0.3603729
vn 0.9999989 -0.0009435246 -0.001158055
vn 0.9999802 -0.0057547 -0.002534933
vn 0.9999979 -0.001939004 -0.000695154
vn 0.9999998 -0.0004132318 -0.0005161568
vn 0.9999999 -0.0003472969 -0.0004484362
vn 1 -0.0002997768 -0.0001258158
vn 1 -0.0003006606 -0.0001567165
vn 1 -0.0002881235 -0.0001757876
vn 1 -0.0002798004 -5.296927E-05
vn 1 -0.0002739417 -0.000153908
vn 0.9999993 -0.0008066174 0.0009323583
vn 0.9999995 -0.0009566241 0.0002748769
vn 0.9999992 -0.00122064 0.0003977592
vn 0.9999994 -0.0008112245 -0.0007157971
vn 0.9999993 -0.0004549999 -0.001081866
vn 1 7.988533E-06 -0.0004207554
vn 0.9999545 -0.001559008 0.009412184
vn 0.9997134 0.007437801 0.02275589
vn 0.9993278 -0.03464696 -0.01198279
vn 0.9932554 -0.1107227 -0.03441001
vn 0.9705547 0.1846884 0.1546408
vn -0.7051573 -0.6664613 -0.2420383
vn -0.7025192 -0.6677142 -0.2462206
vn -0.7096385 -0.672567 -0.2099211
vn -0.7101608 -0.6731964 -0.2061026
vn -0.7127398 -0.6826903 -0.1610465
vn -0.7141 -0.683077 -0.153189
vn -0.7231529 -0.6848284 -0.08977745
vn -0.7246544 -0.6838109 -0.0853157
vn -0.6855797 -0.669502 -0.2859153
vn -0.682704 -0.6707675 -0.2898039
vn -0.6757765 -0.6612254 -0.325741
vn -0.6749167 -0.661191 -0.3275879
vn -0.7401749 -0.6702226 -0.05424596
vn -0.741688 -0.6685298 -0.0544682
vn -0.6789897 -0.6330426 -0.371793
vn -0.6800544 -0.6304715 -0.3742081
vn -0.6897371 -0.5857412 -0.4256406
vn -0.6894062 -0.586468 -0.4251757
vn -0.693214 -0.5517105 -0.4637564
vn -0.6927693 -0.5526851 -0.4632601
vn -0.6876106 -0.6106513 -0.3928064
vn -0.6905333 -0.6184862 -0.375018
vn -0.6804309 -0.6755365 -0.2840144
vn -0.673636 -0.667577 -0.3171049
vn 0.7051551 -0.6664628 -0.2420404
vn 0.7101613 -0.6731982 -0.2060952
vn 0.7096369 -0.6725702 -0.2099163
vn 0.7025174 -0.6677151 -0.2462228
vn 0.6855853 -0.6694967 -0.2859142
vn 0.6827095 -0.6707624 -0.2898028
vn 0.6757771 -0.6612253 -0.3257397
vn 0.6749169 -0.6611907 -0.3275881
vn 0.6789951 -0.6330363 -0.3717938
vn 0.6800594 -0.6304649 -0.37421
vn 0.6897402 -0.5857376 -0.4256404
vn 0.6894091 -0.5864628 -0.4251783
vn 0.6932158 -0.5517119 -0.4637518
vn 0.6927702 -0.5526872 -0.4632563
vn 0.687615 -0.6106519 -0.3927974
vn 0.690544 -0.6184832 -0.3750032
vn 0.6804462 -0.6755331 -0.2839859
vn 0.6736397 -0.6675782 -0.3170944
vn 0.7126927 -0.682706 -0.161188
vn 0.7140526 -0.6830865 -0.1533681
vn 0.7231256 -0.6847936 -0.09026138
vn 0.7246398 -0.6837647 -0.08580892
vn 0.7400559 -0.6703011 -0.05489837
vn 0.7415796 -0.6685964 -0.05512441
vn -0.9999999 -0.0003468244 -0.0004482256
vn -0.9999998 -0.0004125297 -0.0005160584
vn -1 -0.0002993364 -0.0001256306
vn -1 -0.0002995963 -0.0001568337
vn -1 -0.0002878018 -0.000175528
vn -1 -0.000279158 -5.251945E-05
vn -1 -0.0002739466 -0.0001539808
vn -0.9999993 -0.0008061252 0.0009327076
vn -0.9999995 -0.0009559464 0.0002759541
vn -0.9999992 -0.001219822 0.0003988506
vn -0.9999994 -0.0008090837 -0.0007138616
vn -0.9999994 -0.0004493162 -0.001074312
vn -1 1.199572E-05 -0.0004159469
vn -0.9999989 -0.0009432388 -0.001158071
vn -0.9999802 -0.005752955 -0.002534886
vn -0.9999979 -0.001939281 -0.0006951329
vn -0.9999545 -0.001558557 0.009412316
vn -0.9997134 0.007439986 0.02275619
vn -0.9993281 -0.03463632 -0.01198193
vn -0.9932593 -0.1106895 -0.03440708
vn -0.9705498 0.1847125 0.1546431
vn -0.0258949 -0.04644247 0.9985852
vn 0.01924108 -0.0529381 0.9984124
vn 0.01859254 -0.05283952 0.9984298
vn -0.02512755 -0.04617969 0.9986171
vn 0.01635218 -0.03501951 0.9992529
vn -0.01380233 -0.04101258 0.9990633
vn -0.0152499 -0.04091145 0.9990464
vn -0.01350756 -0.05009021 0.9986533
vn -0.01366279 -0.0501838 0.9986466
vn -0.03111464 -0.03932716 0.9987419
vn -0.03034299 -0.03527545 0.9989169
vn -0.02000357 -0.06728084 0.9975336
vn -0.02191185 -0.07712172 0.9967809
vn 0.01534763 -0.04757701 0.9987496
vn 0.01810209 -0.03488789 0.9992273
vn 0.01546705 -0.04766507 0.9987437
vn 0.9358013 -0.35246 -0.006917381
vn 0.9309899 -0.3650156 -0.004631981
vn 0.9586055 -0.2840939 -0.01913627
vn 0.9602699 -0.2783448 -0.02014697
vn 0 -0.9241027 -0.3821443
vn 0 -0.9241034 -0.3821425
vn 0 -0.9784842 -0.2063216
vn 0 -0.978484 -0.2063228
vn 0 -0.9999195 -0.01268547
vn 0 -0.9999195 -0.01268547
vn -0.002293598 -0.02937505 0.9995658
vn -0.002752601 -0.03074154 0.9995235
vn -0.0007449661 -0.02476431 0.999693
vn 0 -0.02254613 0.9997458
vn -0.9358802 -0.3522509 -0.006904004
vn -0.9602787 -0.2783149 -0.02013498
vn -0.9586159 -0.2840596 -0.01912244
vn -0.9311047 -0.3647226 -0.004628293

vt 0.4397547 0.3053875
vt 0.3827336 0.3315094
vt 0.38625 0.355384
vt 0.3751438 0.3009433
vt 0.3800874 0.3300616
vt 0.3699636 0.3147438
vt 0.3673378 0.3284349
vt 0.3891 0.3934037
vt 0.4397547 0.661506
vt 0.3798 0.665217
vt 0.5991978 0.3344195
vt 0.6562189 0.3605415
vt 0.6027142 0.310545
vt 0.591608 0.3649857
vt 0.5965516 0.3358673
vt 0.5864278 0.3511851
vt 0.583802 0.337494
vt 0.6055641 0.2725253
vt 0.6562189 0.004422986
vt 0.5962642 0.0007119224
vt 0.2560151 0.6573195
vt 0.3146505 0.6573195
vt 0.3049677 0.4662255
vt 0.2654597 0.4662255
vt 0.2560152 0.3010173
vt 0.3146506 0.3010173
vt 0.3049677 0.3914546
vt 0.2952655 0.3629306
vt 0.275162 0.3629305
vt 0.2654597 0.3914546
vt 0.5371522 0.7571219
vt 0.4785167 0.7571219
vt 0.4785167 0.8219245
vt 0.5371522 0.8219245
vt 0.1283632 0.7929358
vt 0.1283632 0.8526621
vt 0.1869987 0.8526621
vt 0.1869986 0.7929358
vt 0.9338449 0.0007119224
vt 0.9338449 0.2659371
vt 0.9397516 0.2659371
vt 0.9397515 0.0007119394
vt 0.1869987 0.4228997
vt 0.1869987 0.3850317
vt 0.1283632 0.3850317
vt 0.1283632 0.4228997
vt 0.1283632 0.3613366
vt 0.1869987 0.3613366
vt 0.1317359 0.4262759
vt 0.1317359 0.691696
vt 0.1836259 0.4262759
vt 0.1869986 0.6950722
vt 0.1836259 0.691696
vt 0.1283632 0.6950723
vt 0.9829658 0.1466739
vt 0.9802436 0.1466739
vt 0.9802436 0.2053766
vt 0.9829658 0.2053766
vt 0.9674236 0.2053766
vt 0.9674236 0.1466739
vt 0.8366168 0.9531456
vt 0.8506486 0.9531456
vt 0.8506486 0.8944429
vt 0.8366168 0.8944429
vt 0.8228184 0.9531456
vt 0.8228184 0.8944429
vt 0.6903172 0.3664095
vt 0.6903173 0.6318296
vt 0.7422072 0.6318296
vt 0.7422072 0.3664095
vt 0.9324226 0.2659371
vt 0.9324226 0.0007119224
vt 0.9265159 0.0007119224
vt 0.926516 0.2659371
vt 0.9012486 0.2688211
vt 0.9012486 0.3207706
vt 0.9071553 0.3207706
vt 0.9071553 0.2688211
vt 0.8520709 0.8944429
vt 0.8520709 0.9463924
vt 0.8579763 0.9463924
vt 0.8579763 0.8944429
vt 0.347557 0.8976976
vt 0.347557 0.8230084
vt 0.3186046 0.8230084
vt 0.3195705 0.7941179
vt 0.3160728 0.8976976
vt 0.347557 0.7941179
vt 0.398822 0.8746061
vt 0.3698696 0.8746061
vt 0.3708355 0.9034964
vt 0.398822 0.7999167
vt 0.398822 0.9034964
vt 0.3673378 0.7999167
vt 0.9270649 0.6750393
vt 0.958549 0.6750393
vt 0.958549 0.6354859
vt 0.9270648 0.6354859
vt 0.09735867 0.7723077
vt 0.05785065 0.7723077
vt 0.05785063 0.8470569
vt 0.06755291 0.7437919
vt 0.09735866 0.8470569
vt 0.08765642 0.7437919
vt 0.8228184 0.9545695
vt 0.8228185 0.9825816
vt 0.842922 0.9825816
vt 0.8429219 0.9545695
vt 0.8677847 0.6298503
vt 0.8677847 0.3664095
vt 0.8631792 0.3664233
vt 0.8723901 0.3664233
vt 0.8631793 0.6298642
vt 0.8592749 0.3664626
vt 0.859275 0.6299036
vt 0.8723902 0.6298641
vt 0.8762945 0.6299035
vt 0.8762944 0.3664626
vt 0.5631362 0.5921785
vt 0.5631362 0.8554271
vt 0.5671461 0.8553202
vt 0.5671461 0.5920717
vt 0.5718761 0.8552827
vt 0.571876 0.5920341
vt 0.5766061 0.8553202
vt 0.5766061 0.5920717
vt 0.580616 0.8554271
vt 0.5806159 0.5921785
vt 0.8619353 0.0007119224
vt 0.8619352 0.2641714
vt 0.8658395 0.2641944
vt 0.8658396 0.0007348706
vt 0.870445 0.2642024
vt 0.870445 0.0007428821
vt 0.8750504 0.2641944
vt 0.8750505 0.0007349385
vt 0.8789547 0.2641714
vt 0.8789548 0.0007119903
vt 0.8578527 0.629658
vt 0.8578526 0.3664095
vt 0.8538427 0.3665164
vt 0.8538428 0.6297649
vt 0.8491127 0.3665539
vt 0.8491128 0.6298024
vt 0.8443828 0.3665164
vt 0.8443828 0.6297649
vt 0.8403729 0.629658
vt 0.8403729 0.3664095
vt 0.9025401 0.3664155
vt 0.9025401 0.6298751
vt 0.9054883 0.6298924
vt 0.9054883 0.3664329
vt 0.8990863 0.3664095
vt 0.8990862 0.629869
vt 0.8956324 0.3664155
vt 0.8956323 0.6298751
vt 0.8926842 0.6298925
vt 0.8926842 0.3664328
vt 0.1383885 0.9723513
vt 0.1351318 0.9710004
vt 0.1334855 0.9734466
vt 0.137828 0.975248
vt 0.1425283 0.9752004
vt 0.1301619 0.9700704
vt 0.1326222 0.968451
vt 0.1283632 0.9656334
vt 0.1312513 0.9650694
vt 0.1283632 0.960811
vt 0.1312513 0.9613712
vt 0.1326308 0.9579404
vt 0.1301619 0.9563375
vt 0.1351638 0.9553159
vt 0.1334855 0.9528939
vt 0.1384428 0.9538893
vt 0.137828 0.9510045
vt 0.1419678 0.9538535
vt 0.1425283 0.9509569
vt 0.1468708 0.9527583
vt 0.1452245 0.9552045
vt 0.1501944 0.9561345
vt 0.1477341 0.9577539
vt 0.1519931 0.9605715
vt 0.149105 0.9611354
vt 0.1519931 0.9653938
vt 0.149105 0.9648337
vt 0.1477255 0.9682645
vt 0.1501944 0.9698673
vt 0.1451925 0.9708889
vt 0.1468708 0.9733109
vt 0.1419135 0.9723156
vt 0.3809426 0.9520814
vt 0.3815031 0.949184
vt 0.3768027 0.949232
vt 0.3774176 0.9521174
vt 0.3724602 0.9511223
vt 0.3741385 0.9535447
vt 0.3691366 0.9545669
vt 0.3716055 0.95617
vt 0.3673379 0.9590415
vt 0.370226 0.9596015
vt 0.370226 0.9633006
vt 0.3673378 0.9638649
vt 0.3715968 0.9666828
vt 0.3691366 0.9683028
vt 0.3741065 0.9692326
vt 0.3724602 0.9716794
vt 0.3773632 0.9705836
vt 0.3768027 0.9734809
vt 0.381503 0.9734328
vt 0.3808883 0.9705476
vt 0.3858456 0.9715427
vt 0.3841673 0.9691202
vt 0.3891692 0.968098
vt 0.3867003 0.966495
vt 0.390968 0.9636234
vt 0.3880798 0.9630634
vt 0.3880798 0.9593643
vt 0.390968 0.9588
vt 0.3867089 0.9559821
vt 0.3891692 0.9543622
vt 0.3841993 0.9534324
vt 0.3858456 0.9509855
vt 0.6420955 0.868812
vt 0.6420955 0.6055633
vt 0.6390395 0.6054819
vt 0.6390395 0.8687305
vt 0.6354121 0.6054531
vt 0.6354121 0.8687017
vt 0.6317846 0.6054819
vt 0.6317846 0.8687305
vt 0.6287286 0.6055633
vt 0.6287286 0.868812
vt 0.9079702 0.2641527
vt 0.9079702 0.0007119564
vt 0.905022 0.000741694
vt 0.9050221 0.2641826
vt 0.9015682 0.0007521158
vt 0.9015682 0.2641928
vt 0.8981143 0.0007417279
vt 0.8981144 0.2641825
vt 0.8951661 0.0007119224
vt 0.8951662 0.2641528
vt 0.880377 0.0007119224
vt 0.880377 0.2639605
vt 0.883433 0.2640419
vt 0.883433 0.0007933276
vt 0.8870605 0.2640706
vt 0.8870605 0.0008221147
vt 0.8906879 0.2640419
vt 0.8906879 0.0007933276
vt 0.8937439 0.2639604
vt 0.8937439 0.0007119224
vt 0.6115855 0.9314821
vt 0.611016 0.9714761
vt 0.638423 0.9714444
vt 0.638423 0.9314504
vt 0.6178787 0.9264234
vt 0.638423 0.9263916
vt 0.2223496 0.9614925
vt 0.2491889 0.9615247
vt 0.2491889 0.9215305
vt 0.2217801 0.9214984
vt 0.2286432 0.9665513
vt 0.2491889 0.9665835
vt 0.9886566 0.5233169
vt 0.9738234 0.5233145
vt 0.9738234 0.5507472
vt 0.9886566 0.5507496
vt 0.9854607 0.9333894
vt 0.9706664 0.9334698
vt 0.9706664 0.9733569
vt 0.9854607 0.9732764
vt 0.9543732 0.3429743
vt 0.9691821 0.3430079
vt 0.9691821 0.3030446
vt 0.9543732 0.303011
vt 0.9543732 0.3480292
vt 0.9691821 0.3480628
vt 0.9886591 0.4296168
vt 0.9738268 0.4296168
vt 0.9738849 0.4363185
vt 0.9887173 0.4363185
vt 0.9887173 0.4363185
vt 0.9738849 0.4363185
vt 0.9738632 0.4568185
vt 0.9886956 0.4568185
vt 0.126941 0.3540078
vt 0.0007111066 0.3296175
vt 0.001771831 0.3599376
vt 0.1243654 0.1514191
vt 0.05640497 0.144457
vt 0.119138 0.137775
vt 0.1169049 0.1227063
vt 0.1269156 0.04634135
vt 0.08159781 0.0007119224
vt 0.1261187 0.02184406
vt 0.126941 0.006292776
vt 0.1294239 0.0007119224
vt 0.1954734 0.02405429
vt 0.2545929 0.006639427
vt 0.1729138 0.02663332
vt 0.1283632 0.03103012
vt 0.1998212 0.05059594
vt 0.1997679 0.05502784
vt 0.2439315 0.1405359
vt 0.2520173 0.2092147
vt 0.2467899 0.222858
vt 0.2445568 0.2379258
vt 0.2433542 0.295951
vt 0.2545675 0.3142855
vt 0.2336773 0.2979899
vt 0.2258122 0.2979608
vt 0.2537706 0.3387812
vt 0.2545928 0.3543314
vt 0.1779138 0.05361839
vt 0.1794899 0.05790339
vt 0.1947009 0.02391738
vt 0.1840569 0.2161775
vt 0.2092497 0.3599127
vt 0.2169185 0.295853
vt 0.2174797 0.144758
vt 0.2342622 0.1405002
vt 0.1736721 0.02632145
vt 0.690012 0.3328196
vt 0.6900175 0.348344
vt 0.7012334 0.3484204
vt 0.6794983 0.3327831
vt 0.7012279 0.332896
vt 0.6795039 0.3483075
vt 0.6689694 0.3483403
vt 0.6689639 0.3328159
vt 0.6577089 0.3484127
vt 0.6577033 0.3328883
vt 0.6577087 0.3083785
vt 0.6689693 0.3083061
vt 0.6795037 0.3082734
vt 0.6900173 0.3083099
vt 0.7012333 0.3083862
vt 0.6899498 0.2322336
vt 0.6794361 0.2321971
vt 0.6689017 0.2322299
vt 0.6576411 0.2323023
vt 0.6576563 0.2171801
vt 0.6689168 0.2171079
vt 0.6576915 0.2034036
vt 0.6794512 0.217075
vt 0.6899648 0.2171115
vt 0.7011808 0.2171879
vt 0.7012161 0.2034114
vt 0.6900001 0.203335
vt 0.6794865 0.2032985
vt 0.668952 0.2033313
vt 0.6577089 0.0008170905
vt 0.6689695 0.0007446474
vt 0.6795039 0.0007119224
vt 0.6900175 0.0007483816
vt 0.7012334 0.0008246947
vt 0.7011657 0.23231
vt 0.3238063 0.4466887
vt 0.3160728 0.4463181
vt 0.3162017 0.6353425
vt 0.3239352 0.6357132
vt 0.3379282 0.4469875
vt 0.338057 0.3016867
vt 0.3519686 0.4467478
vt 0.3520975 0.6357723
vt 0.3597236 0.635434
vt 0.3519894 0.6659105
vt 0.3239351 0.3013879
vt 0.3162017 0.3010173
vt 0.3238271 0.6658513
vt 0.3160937 0.6654808
vt 0.3596155 0.6655722
vt 0.3595947 0.4464095
vt 0.337949 0.6661502
vt 0.3380571 0.636012
vt 0.3520974 0.3014471
vt 0.3597235 0.3011087
vt 0.7461088 0.2986319
vt 0.7243978 0.2967041
vt 0.7348973 0.3019402
vt 0.7243944 0.303484
vt 0.7138838 0.3019454
vt 0.7026557 0.2986425
vt 0.7461088 0.1731802
vt 0.7243553 0.1744517
vt 0.7384306 0.1689471
vt 0.7243636 0.1657343
vt 0.7103127 0.168954
vt 0.7026557 0.1731908
vt 0.7026557 0.3122474
vt 0.7244413 0.313622
vt 0.7103545 0.3080537
vt 0.724429 0.3049078
vt 0.7384447 0.3081875
vt 0.7460662 0.3124543
vt 0.7243164 0.356055
vt 0.7026557 0.3578866
vt 0.7138343 0.361242
vt 0.7243167 0.3628316
vt 0.7348272 0.3613421
vt 0.7460662 0.3580936
vt 0.688895 0.8523772
vt 0.6842005 0.8533686
vt 0.688895 0.8798006
vt 0.99537 0.7751515
vt 0.9906782 0.8015431
vt 0.9953692 0.8025464
vt 0.9968036 0.1693794
vt 0.991254 0.1685967
vt 0.992033 0.1693694
vt 0.991254 0.1474411
vt 0.9968036 0.1466839
vt 0.9920325 0.1466739
vt 0.8371833 0.2170054
vt 0.8371833 0.3617354
vt 0.8523085 0.3638099
vt 0.8523085 0.2128646
vt 0.8600349 0.361735
vt 0.8600349 0.2128644
vt 0.07411526 0.9984123
vt 0.0809367 0.9972513
vt 0.08083619 0.9818847
vt 0.07402321 0.9813946
vt 0.0809367 0.9741641
vt 0.07414901 0.9717326
vt 0.9428716 0.4530742
vt 0.9428717 0.6014332
vt 0.9494957 0.6048397
vt 0.9494957 0.4499576
vt 0.7269785 0.9961514
vt 0.726859 0.9885033
vt 0.7200866 0.988847
vt 0.7200866 0.980979
vt 0.7202062 0.9984388
vt 0.7269785 0.9732912
vt 0.7202062 0.9719929
vt 0.9778813 0.3603928
vt 0.9778813 0.209325
vt 0.9712755 0.212598
vt 0.9712754 0.3573008
vt 0.9961523 0.8026605
vt 0.9961523 0.7708077
vt 0.99537 0.7751515
vt 0.9953692 0.8025464
vt 0.1736721 0.02632145
vt 0.1729074 0.02641793
vt 0.1779138 0.05361839
vt 0.1794899 0.05790339
vt 0.6012014 0.4129182
vt 0.5926363 0.4127601
vt 0.6005233 0.6035994
vt 0.6090884 0.6037574
vt 0.5924075 0.3931354
vt 0.5838425 0.3929774
vt 0.5923671 0.3790372
vt 0.583802 0.3788792
vt 0.5868839 0.3664095
vt 0.595449 0.3665676
vt 0.06640429 0.5883859
vt 0.1185288 0.6004823
vt 0.06644568 0.5742868
vt 0.06948537 0.6008565
vt 0.07524078 0.5545032
vt 0.1185288 0.3613615
vt 0.08312479 0.3616316
vt 0.5924075 0.3931354
vt 0.6444923 0.3669442
vt 0.5923671 0.3790372
vt 0.595449 0.3665676
vt 0.6012014 0.4129182
vt 0.6444923 0.6040293
vt 0.6090884 0.6037574
vt 0.8609881 0.8903548
vt 0.8609881 0.8412915
vt 0.8419033 0.8478978
vt 0.8419033 0.8870698
vt 0.8228185 0.8902681
vt 0.8570374 0.8930191
vt 0.8267691 0.8929504
vt 0.8529621 0.8327162
vt 0.8459511 0.8283845
vt 0.8378555 0.8283662
vt 0.8308443 0.832666
vt 0.8228184 0.8412049
vt 0.817421 0.6054891
vt 0.8213962 0.6054298
vt 0.8213962 0.3684368
vt 0.8174211 0.3664767
vt 0.5416061 0.9315558
vt 0.5608189 0.8994527
vt 0.5416061 0.9007294
vt 0.5528008 0.8909398
vt 0.5457966 0.8866594
vt 0.5377088 0.886695
vt 0.530558 0.8909155
vt 0.5608189 0.9348338
vt 0.5567254 0.9374
vt 0.5264867 0.9375331
vt 0.5225399 0.8994989
vt 0.5225399 0.93488
vt 0.06093172 0.6009218
vt 0.06948537 0.6008565
vt 0.06640429 0.5883859
vt 0.05785063 0.5884511
vt 0.05789202 0.5743521
vt 0.06644568 0.5742868
vt 0.06668712 0.5545685
vt 0.07524078 0.5545032
vt 0.07457113 0.3616969
vt 0.08312479 0.3616316
vt 0.1264272 0.8297163
vt 0.1194604 0.8300772
vt 0.1194083 0.8422773
vt 0.126375 0.8419164
vt 0.1194741 0.8160158
vt 0.1264409 0.8156549
vt 0.119381 0.7956201
vt 0.1263477 0.7952592
vt 0.1113656 0.8160155
vt 0.1112725 0.7956198
vt 0.1113519 0.830077
vt 0.104288 0.8156542
vt 0.1041949 0.7952585
vt 0.1042743 0.8297157
vt 0.1194604 0.8300772
vt 0.1194083 0.8422773
vt 0.1112998 0.8422771
vt 0.1113519 0.830077
vt 0.1112998 0.8422771
vt 0.1042221 0.8419158
vt 0.1194719 0.6047197
vt 0.1264409 0.6023457
vt 0.1113634 0.6047195
vt 0.1113634 0.6047195
vt 0.1042858 0.6043581
vt 0.1194719 0.6047197
vt 0.787103 0.3664704
vt 0.7871029 0.6054829
vt 0.817421 0.6054891
vt 0.8174211 0.3664767
vt 0.7871029 0.6054829
vt 0.787103 0.3664704
vt 0.7831638 0.3664095
vt 0.7831637 0.605422
vt 0.4693305 0.7820612
vt 0.4727673 0.7755177
vt 0.4650634 0.7817962
vt 0.4604423 0.7797183
vt 0.4561175 0.7731329
vt 0.4759077 0.7587476
vt 0.4553578 0.7746593
vt 0.4536203 0.7700458
vt 0.4733185 0.7798451
vt 0.4741602 0.7782854
vt 0.4755194 0.7731929
vt 0.4542319 0.7609693
vt 0.454411 0.7397556
vt 0.4749335 0.7274787
vt 0.46278 0.6321336
vt 0.4759077 0.6359252
vt 0.441177 0.7234713
vt 0.4538968 0.6306224
vt 0.9798757 0.2157429
vt 0.9817752 0.2157425
vt 0.9817775 0.2107992
vt 0.979878 0.2107996
vt 0.981779 0.209325
vt 0.9798754 0.23009
vt 0.9817749 0.2300896
vt 0.9798795 0.2093254
vt 0.9798782 0.2613159
vt 0.9817778 0.2613155
vt 0.9798795 0.3523855
vt 0.981779 0.3523851
vt 0.3634693 0.3010173
vt 0.3615699 0.3010237
vt 0.3615892 0.3067221
vt 0.3634887 0.3067156
vt 0.3616055 0.3115281
vt 0.363505 0.3115216
vt 0.3616358 0.3204404
vt 0.3635353 0.3204339
vt 0.3617072 0.3414389
vt 0.3636066 0.3414324
vt 0.769087 0.3150794
vt 0.7613173 0.2082904
vt 0.7481137 0.2245224
vt 0.7807189 0.2199849
vt 0.7606779 0.3165115
vt 0.7816921 0.3114391
vt 0.7816844 0.1889972
vt 0.7611632 0.1868936
vt 0.7704321 0.1734949
vt 0.7812962 0.1745552
vt 0.7800053 0.1697192
vt 0.7793002 0.1684126
vt 0.7755508 0.1663291
vt 0.7715563 0.1665771
vt 0.7665215 0.1688408
vt 0.7621768 0.1731635
vt 0.7605322 0.1775301
vt 0.3617072 0.3414389
vt 0.3611458 0.3593697
vt 0.3630453 0.3593632
vt 0.3636066 0.3414324
vt 0.2511895 0.9342555
vt 0.2530882 0.9343107
vt 0.2534576 0.9215535
vt 0.2515589 0.9214984
vt 0.2515589 0.9429973
vt 0.2534576 0.9430525
vt 0.7398768 0.9861132
vt 0.7417763 0.9861132
vt 0.7417766 0.9819853
vt 0.739877 0.9819853
vt 0.3630453 0.3593632
vt 0.3611458 0.3593697
vt 0.3614526 0.4496684
vt 0.3633521 0.4496619
vt 0.739877 0.9948409
vt 0.7417766 0.9948409
vt 0.7417763 0.990359
vt 0.7398768 0.990359
vt 0.7417763 0.9861132
vt 0.7398768 0.9861132
vt 0.364111 0.3204128
vt 0.3635353 0.3204339
vt 0.3636066 0.3414324
vt 0.364183 0.3415967
vt 0.7807189 0.2199849
vt 0.7812869 0.2203151
vt 0.7822611 0.1890473
vt 0.7816844 0.1889972
vt 0.7818729 0.1746024
vt 0.7812962 0.1745552
vt 0.7805136 0.1695101
vt 0.7800053 0.1697192
vt 0.7793002 0.1684126
vt 0.7796719 0.1679505
vt 0.7755508 0.1663291
vt 0.7756839 0.1657343
vt 0.7714168 0.1659993
vt 0.7715563 0.1665771
vt 0.7667957 0.168077
vt 0.7665215 0.1688408
vt 0.7816921 0.3114391
vt 0.769087 0.3150794
vt 0.7691334 0.3156571
vt 0.7822611 0.3118659
vt 0.9793047 0.3520049
vt 0.9798795 0.3523855
vt 0.9798782 0.2613159
vt 0.9793035 0.2610313
vt 0.364183 0.4489392
vt 0.3637839 0.3594707
vt 0.3630453 0.3593632
vt 0.3633521 0.4496619
vt 0.7481137 0.2245224
vt 0.7613173 0.2082904
vt 0.7607644 0.2080384
vt 0.7475311 0.2243205
vt 0.2507365 0.9426044
vt 0.2515589 0.9429973
vt 0.2511895 0.9342555
vt 0.2506112 0.9343354
vt 0.3634887 0.3067156
vt 0.363505 0.3115216
vt 0.3640798 0.3112184
vt 0.3640643 0.3066694
vt 0.3640478 0.3018001
vt 0.3634693 0.3010173
vt 0.7611632 0.1868936
vt 0.7605322 0.1775301
vt 0.7599737 0.1777491
vt 0.7605853 0.1868253
vt 0.9877636 0.37794
vt 0.9829219 0.3739977
vt 0.9800086 0.3870249
vt 0.9739745 0.3814518
vt 0.9756543 0.3853954
vt 0.9781792 0.3739997
vt 0.9773501 0.3689601
vt 0.9882941 0.3664095
vt 0.9762823 0.3746335
vt 0.9738268 0.377118
vt 0.9893165 0.3682595
vt 0.9862546 0.3753598
vt 0.9878144 0.3830774
vt 0.9843379 0.386877
vt 0.9849133 0.4261739
vt 0.9893165 0.4281929
vt 0.9877602 0.510337
vt 0.980005 0.5012525
vt 0.9829186 0.5142792
vt 0.9878108 0.5051998
vt 0.9843342 0.5014003
vt 0.9849088 0.4621047
vt 0.9893119 0.4600857
vt 0.973971 0.5068254
vt 0.9756507 0.5028819
vt 0.9781758 0.5142773
vt 0.9773469 0.5193167
vt 0.9882896 0.5218907
vt 0.976279 0.5136435
vt 0.9738234 0.5111591
vt 0.9862512 0.5129172
vt 0.9893118 0.5200408
vt 0.2807315 0.9990987
vt 0.285056 0.9990991
vt 0.285056 0.9763272
vt 0.2807315 0.9763267
vt 0.2766542 0.9991011
vt 0.2766542 0.9763291
vt 0.2471898 0.9822851
vt 0.2521994 0.9680073
vt 0.2471898 0.9759257
vt 0.2411154 0.9687868
vt 0.2411154 0.9751458
vt 0.2521994 0.9907793
vt 0.2411154 0.9899427
vt 0.2411154 0.9831214
vt 0.6995565 0.884501
vt 0.7023119 0.884501
vt 0.7023119 0.8765825
vt 0.6995565 0.8765825
vt 0.7074049 0.8765825
vt 0.7074049 0.884501
vt 0.9919553 0.9127306
vt 0.9961695 0.9127305
vt 0.9961695 0.8899584
vt 0.9919553 0.8899586
vt 0.4244838 0.9815567
vt 0.4244838 0.9421185
vt 0.4017379 0.9421171
vt 0.4017379 0.9815554
vt 0.9964147 0.6354862
vt 0.9938068 0.635486
vt 0.9938068 0.658258
vt 0.9964147 0.6582583
vt 0.9918736 0.658258
vt 0.9918736 0.6354859
vt 0.7193418 0.8829415
vt 0.7213095 0.8829415
vt 0.7213095 0.8765825
vt 0.7193418 0.8765825
vt 0.6053913 0.9965104
vt 0.6095902 0.9965104
vt 0.6095902 0.9737384
vt 0.6053913 0.9737384
vt 0.3144858 0.9959127
vt 0.3144858 0.9731406
vt 0.3143661 0.9816347
vt 0.3143661 0.9879941
vt 0.1027727 0.8383275
vt 0.1027727 0.8155555
vt 0.1024389 0.8240495
vt 0.09898392 0.8155553
vt 0.09898391 0.8240494
vt 0.1024389 0.830409
vt 0.09898392 0.8383273
vt 0.09898392 0.8304089
vt 0.9918405 0.1048979
vt 0.9969298 0.1048972
vt 0.9969298 0.08212525
vt 0.9918405 0.08212591
vt 0.6845465 0.8101886
vt 0.6847339 0.7959106
vt 0.6845465 0.8038291
vt 0.6847339 0.8186826
vt 0.9239946 0.3638099
vt 0.9239946 0.3221945
vt 0.9012486 0.3221945
vt 0.9012486 0.3638099
vt 0.6440098 0.9675388
vt 0.6404335 0.9585451
vt 0.6398453 0.9636489
vt 0.6440098 0.9555021
vt 0.6410218 0.966397
vt 0.5149856 0.9445826
vt 0.5196717 0.9473896
vt 0.5196717 0.9393296
vt 0.5175864 0.9389956
vt 0.9195384 0.7539342
vt 0.9140773 0.7539342
vt 0.9140774 0.7602936
vt 0.9195384 0.7602936
vt 0.8930749 0.2656653
vt 0.8930749 0.2777026
vt 0.8994271 0.2777026
vt 0.8994271 0.2656653
vt 0.04685317 0.7895206
vt 0.04960861 0.7895206
vt 0.04960861 0.7810265
vt 0.04685317 0.7810265
vt 0.05470162 0.7810265
vt 0.05470162 0.7895206
vt 0.1009516 0.8397513
vt 0.09898392 0.8397513
vt 0.09898391 0.8465726
vt 0.1009516 0.8465726
vt 0.6218544 0.8602694
vt 0.6244491 0.8658637
vt 0.6265336 0.8655248
vt 0.6265336 0.8574514
vt 0.5164203 0.9832855
vt 0.5170086 0.9883891
vt 0.5205849 0.9793957
vt 0.5175968 0.9805374
vt 0.5205849 0.991432
vt 0.990532 0.849049
vt 0.9753294 0.8490508
vt 0.9753294 0.8706531
vt 0.9753144 0.8448812
vt 0.990532 0.8706514
vt 0.9753144 0.8748209
vt 0.9905175 0.8448795
vt 0.9752734 0.8418272
vt 0.9904779 0.8418255
vt 0.9905174 0.8748193
vt 0.9752734 0.8778704
vt 0.9904778 0.8778687
vt 0.9752891 0.9106051
vt 0.9905161 0.9110394
vt 0.9905156 0.8825229
vt 0.9752734 0.8828098
vt 0.975289 0.8795812
vt 0.9905331 0.8792943
vt 0.7558163 0.3245482
vt 0.7474884 0.3309921
vt 0.7558163 0.3628316
vt 0.7773939 0.3628314
vt 0.7773939 0.3245481
vt 0.7474884 0.3594546
vt 0.7516523 0.3623792
vt 0.7486041 0.3611431
vt 0.7516523 0.3254116
vt 0.7486041 0.3277702
vt 0.7857217 0.3309918
vt 0.7815578 0.3254113
vt 0.784606 0.3277699
vt 0.7857217 0.3594543
vt 0.7815578 0.362379
vt 0.784606 0.3611428
vt 0.9753006 0.8331813
vt 0.9905455 0.8331813
vt 0.9905455 0.8115789
vt 0.9753006 0.8115789
vt 0.9752933 0.83735
vt 0.9905377 0.83735
vt 0.9752734 0.8404017
vt 0.9905164 0.8404017
vt 0.9752933 0.8074102
vt 0.9905377 0.8074102
vt 0.9752734 0.8043585
vt 0.9905164 0.8043585
vt 0.9929294 0.5850068
vt 0.992929 0.5572115
vt 0.9776861 0.5569336
vt 0.9929439 0.5539851
vt 0.9777023 0.5854501
vt 0.9776992 0.5537072
vt 0.9777023 0.5854501
vt 0.9777186 0.5871434
vt 0.9929439 0.5867001
vt 0.9929294 0.5850068
vt 0.9753081 0.9122963
vt 0.9905331 0.9127306
vt 0.9905161 0.9110394
vt 0.9752891 0.9106051
vt 0.4017379 0.9107535
vt 0.4393015 0.9107535
vt 0.4081816 0.9024161
vt 0.4017379 0.9323558
vt 0.4393015 0.9323558
vt 0.4026012 0.9065847
vt 0.4049597 0.903533
vt 0.4359242 0.9024161
vt 0.438849 0.9065847
vt 0.4376128 0.903533
vt 0.4081817 0.9406933
vt 0.4359243 0.9406933
vt 0.4388491 0.9365246
vt 0.4376129 0.9395763
vt 0.4026012 0.9365246
vt 0.4049598 0.9395763
vt 0.1615695 0.9714296
vt 0.1624858 0.9753113
vt 0.1634963 0.9753113
vt 0.1644254 0.9714297
vt 0.1618077 0.9695479
vt 0.1649573 0.9695436
vt 0.162383 0.9677027
vt 0.1662323 0.9676882
vt 0.1642439 0.9635407
vt 0.1674585 0.9664394
vt 0.1700783 0.965793
vt 0.1766517 0.9635407
vt 0.1726981 0.9664393
vt 0.1757356 0.9609142
vt 0.1739243 0.9676882
vt 0.1785129 0.9677027
vt 0.1751993 0.9695437
vt 0.1790881 0.9695479
vt 0.1757311 0.9714296
vt 0.1793264 0.9714297
vt 0.1768986 0.9753113
vt 0.1781717 0.9753113
vt 0.16516 0.9609142
vt 0.1750649 0.957836
vt 0.1658306 0.957836
vt 0.1748194 0.9551309
vt 0.166076 0.9551309
vt 0.174819 0.9099566
vt 0.1660756 0.9099566
vt 0.9096627 0.5644847
vt 0.931073 0.5644847
vt 0.9310911 0.560595
vt 0.9096807 0.5605951
vt 0.9096289 0.5663623
vt 0.9311987 0.5663623
vt 0.9095474 0.5681926
vt 0.9315018 0.5681926
vt 0.9092838 0.572303
vt 0.9324828 0.572303
vt 0.9091313 0.5749006
vt 0.9330399 0.5749006
vt 0.9089738 0.5779507
vt 0.9335964 0.5779507
vt 0.9088537 0.580636
vt 0.934003 0.580636
vt 0.9176305 0.5898946
vt 0.9260406 0.5898947
vt 0.9144631 0.5911423
vt 0.9121444 0.594551
vt 0.9112958 0.5992075
vt 0.9292082 0.5911423
vt 0.9315269 0.5945511
vt 0.9323756 0.5992075
vt 0.9403201 0.6255072
vt 0.9323757 0.6071829
vt 0.9069105 0.6255072
vt 0.9112958 0.6071829
vt 0.931527 0.6118394
vt 0.9292083 0.6152481
vt 0.9121446 0.6118394
vt 0.9144632 0.6152481
vt 0.9260408 0.6164958
vt 0.9176308 0.6164958
vt 0.3567846 0.9759698
vt 0.3502111 0.9737768
vt 0.3541648 0.9766169
vt 0.3626189 0.9737768
vt 0.3529324 0.9778578
vt 0.34835 0.9778736
vt 0.3594044 0.9766168
vt 0.3606369 0.9778577
vt 0.3644799 0.9778736
vt 0.3619075 0.9796946
vt 0.3650552 0.9796992
vt 0.3624375 0.9815741
vt 0.3652934 0.9815741
vt 0.3633666 0.9854602
vt 0.3643771 0.9854602
vt 0.3516617 0.9796946
vt 0.3477748 0.9796993
vt 0.3511317 0.9815741
vt 0.3475365 0.9815741
vt 0.3499643 0.9854602
vt 0.3486912 0.9854602
vt 0.8194221 0.9420525
vt 0.8106788 0.9420521
vt 0.8106787 0.9754864
vt 0.8194221 0.9754867
vt 0.9156223 0.5018497
vt 0.9146954 0.5059636
vt 0.937895 0.5059636
vt 0.9375774 0.5018497
vt 0.9159087 0.5000182
vt 0.9374791 0.5000182
vt 0.9160275 0.4981401
vt 0.9374385 0.4981401
vt 0.9374509 0.4942524
vt 0.9160399 0.4942524
vt 0.9380742 0.508563
vt 0.9141648 0.508563
vt 0.9382513 0.5116143
vt 0.9136277 0.5116143
vt 0.9383783 0.5143001
vt 0.9132281 0.5143001
vt 0.9296011 0.5235587
vt 0.9327687 0.5248064
vt 0.9350875 0.5282152
vt 0.935936 0.5328716
vt 0.9403211 0.5591712
vt 0.9359359 0.540847
vt 0.9350872 0.5455034
vt 0.9327682 0.5489122
vt 0.9296007 0.5501599
vt 0.9211903 0.5501599
vt 0.9069105 0.5591712
vt 0.9180228 0.5489122
vt 0.9148555 0.5328716
vt 0.9148553 0.540847
vt 0.9157039 0.5455034
vt 0.9157043 0.5282152
vt 0.9180232 0.5248064
vt 0.9211909 0.5235587
vt 0.4382493 0.8600073
vt 0.4392598 0.8600073
vt 0.4392598 0.8385705
vt 0.4382493 0.8385705
vt 0.259898 0.9978836
vt 0.259898 0.976448
vt 0.2560151 0.9764323
vt 0.2560151 0.9978679
vt 0.2617772 0.976427
vt 0.261779 0.9979825
vt 0.2636142 0.9763762
vt 0.2636205 0.998221
vt 0.2648555 0.9763267
vt 0.2648555 0.9984507
vt 0.4395225 0.8371466
vt 0.4395225 0.8157099
vt 0.4382493 0.8157099
vt 0.4382493 0.8371467
vt 0.935332 0.9983255
vt 0.935332 0.9762022
vt 0.9340946 0.9763961
vt 0.9340883 0.9982401
vt 0.9322507 0.9765976
vt 0.9322489 0.9981523
vt 0.9303687 0.976681
vt 0.9303687 0.9981159
vt 0.9264837 0.9766665
vt 0.9264837 0.9981012
vt 0.9944603 0.1284469
vt 0.9944603 0.1063217
vt 0.9918405 0.1063274
vt 0.9918405 0.1284526
vt 0.9970801 0.1284526
vt 0.9970801 0.1063274
vt 0.3520433 0.965467
vt 0.3607867 0.965467
vt 0.3607867 0.920706
vt 0.3520433 0.9207059
vt 0.3610322 0.9681456
vt 0.3517978 0.9681456
vt 0.3511272 0.9711872
vt 0.3617028 0.9711872
vt 0.9887642 0.9297014
vt 0.9887642 0.9141546
vt 0.9752734 0.9141544
vt 0.9752734 0.9297011
vt 0.5225399 0.9915378
vt 0.5360308 0.9915378
vt 0.5360308 0.9759915
vt 0.52254 0.9759915
vt 0.6397792 0.986381
vt 0.6397793 0.9729
vt 0.6307775 0.9729
vt 0.6307775 0.986381
vt 0.6307775 0.9899412
vt 0.6397792 0.9899412
vt 0.6428917 0.9892671
vt 0.6428918 0.986381
vt 0.627665 0.9892671
vt 0.627665 0.9863811
vt 0.4758787 0.9255917
vt 0.4758787 0.9100443
vt 0.466877 0.9100443
vt 0.466877 0.9255917
vt 0.6141285 0.9764642
vt 0.6231302 0.9764642
vt 0.6231302 0.9729
vt 0.6141285 0.9899603
vt 0.6141285 0.9729
vt 0.611016 0.9735749
vt 0.6231302 0.9899603
vt 0.611016 0.9764643
vt 0.6262428 0.9735749
vt 0.6262428 0.9764642
vt 0.3849448 0.9749048
vt 0.3849448 0.9904446
vt 0.3939465 0.9904451
vt 0.3818311 0.9749266
vt 0.3939465 0.9749053
vt 0.3970578 0.9904673
vt 0.3818311 0.9904665
vt 0.3970578 0.9749275
vt 0.7420837 0.7532614
vt 0.7420837 0.7377139
vt 0.7389712 0.737714
vt 0.7389712 0.7532615
vt 0.4383822 0.9967554
vt 0.4383822 0.9812091
vt 0.435494 0.9812092
vt 0.435494 0.9967554
vt 0.9918736 0.6596822
vt 0.9918736 0.6752289
vt 0.9947618 0.675229
vt 0.9947618 0.6596822
vt 0.4002442 0.7999167
vt 0.4002442 0.8154642
vt 0.4033567 0.8154642
vt 0.4033567 0.7999167
vt 0.3804089 0.97606
vt 0.3691375 0.9749048
vt 0.3691375 0.9934556
vt 0.3673378 0.9749048
vt 0.3804089 0.9923416
vt 0.3673378 0.9934556
vt 0.9724661 0.9747807
vt 0.9724661 0.993331
vt 0.9837403 0.9922202
vt 0.9706664 0.9747807
vt 0.9837403 0.975939
vt 0.9706664 0.993331
vt 0.6697485 0.361179
vt 0.6682254 0.3498442
vt 0.6591641 0.3498442
vt 0.6576411 0.361179
vt 0.6576411 0.3629773
vt 0.6697485 0.3629773
vt 0.6726937 0.3498442
vt 0.6711707 0.3610778
vt 0.683278 0.3610778
vt 0.6711707 0.3628782
vt 0.6817551 0.3498442
vt 0.683278 0.3628782
vt 0.984388 0.2077707
vt 0.9934493 0.2077707
vt 0.9934493 0.1914881
vt 0.984388 0.1914881
vt 0.1970515 0.9755266
vt 0.1849442 0.9755258
vt 0.1849442 0.9940684
vt 0.1970515 0.9940691
vt 0.2093912 0.9944614
vt 0.2155349 0.9944614
vt 0.2150331 0.9827524
vt 0.2098933 0.9827524
vt 0.9075153 0.7610302
vt 0.9126551 0.7610302
vt 0.9126551 0.7539342
vt 0.9075153 0.7539342
vt 0.499621 0.9842455
vt 0.4991184 0.9963402
vt 0.5050774 0.9963402
vt 0.504576 0.9842455
vt 0.3372337 0.9558549
vt 0.3438887 0.9586221
vt 0.3421887 0.9558552
vt 0.3355337 0.9586216
vt 0.3355337 0.9867775
vt 0.3438887 0.986778
vt 0.3422811 0.9898555
vt 0.3371414 0.9898552
vt 0.9718803 0.6618046
vt 0.9772235 0.6688401
vt 0.9772157 0.6406726
vt 0.9723969 0.6424881
vt 0.9599878 0.6586261
vt 0.9599711 0.661591
vt 0.9600953 0.6383293
vt 0.9718 0.6647524
vt 0.9772235 0.6688401
vt 0.9772235 0.6718937
vt 0.9930581 0.02681884
vt 0.9853067 0.02382844
vt 0.9869144 0.02681884
vt 0.9946657 0.02382841
vt 0.9946657 0.003528921
vt 0.9853067 0.003528921
vt 0.9870067 0.0007119224
vt 0.9929657 0.0007119564
vt 0.04886124 0.9632079
vt 0.04833948 0.943891
vt 0.0364469 0.9470872
vt 0.03643247 0.9440756
vt 0.03655989 0.9673847
vt 0.0482614 0.9408963
vt 0.05368068 0.9368539
vt 0.05368292 0.9337534
vt 0.05368057 0.9650223
vt 0.05368068 0.9368539
vt 0.04893913 0.9659817
vt 0.04886124 0.9632079
vt 0.03655989 0.9673847
vt 0.03657792 0.9701787
vt 0.05368057 0.9650223
vt 0.05368292 0.9677675
vt 0.9600953 0.6383293
vt 0.9723969 0.6424881
vt 0.9724707 0.639665
vt 0.9601094 0.6354859
vt 0.9772157 0.6406726
vt 0.977214 0.6378779
vt 0.4996209 0.9793957
vt 0.499621 0.9842455
vt 0.504576 0.9842455
vt 0.5045758 0.9793957
vt 0.9940501 0.07117318
vt 0.9853067 0.0711732
vt 0.9853068 0.07585933
vt 0.9853067 0.06320385
vt 0.9940502 0.0758593
vt 0.9853069 0.07935601
vt 0.9940503 0.07935599
vt 0.9940501 0.06320384
vt 0.9940502 0.05858411
vt 0.9853068 0.05858412
vt 0.9940503 0.05526854
vt 0.9853069 0.05526851
vt 0.8702005 0.2806298
vt 0.8702028 0.2774194
vt 0.8614594 0.2774189
vt 0.8702028 0.2690032
vt 0.8614571 0.2806294
vt 0.8614594 0.2690027
vt 0.8702005 0.2658741
vt 0.8614571 0.2658735
vt 0.6934437 0.3530267
vt 0.6847003 0.3530266
vt 0.6847003 0.3614468
vt 0.6847003 0.3498442
vt 0.6934437 0.3614469
vt 0.6847003 0.3646074
vt 0.6934437 0.3646075
vt 0.6934437 0.3498443
vt 0.9956267 0.9416338
vt 0.9868833 0.9416338
vt 0.9868833 0.9495943
vt 0.9956266 0.936934
vt 0.9956267 0.9495942
vt 0.9868832 0.9541899
vt 0.9956266 0.9541898
vt 0.9956263 0.9574499
vt 0.9868829 0.95745
vt 0.9868832 0.9369341
vt 0.9868829 0.9333894
vt 0.9956263 0.9333894
vt 0.2100081 0.926413
vt 0.2128872 0.9437357
vt 0.2170569 0.9388919
vt 0.2192271 0.9323847
vt 0.2192271 0.9204414
vt 0.2170569 0.9139342
vt 0.1892831 0.945012
vt 0.1911404 0.9264129
vt 0.1892831 0.9078457
vt 0.1868221 0.9396383
vt 0.1856005 0.9336823
vt 0.1849442 0.9264285
vt 0.1854642 0.9196776
vt 0.1864218 0.9145769
vt 0.2128872 0.9090896
vt 0.8654649 0.6519
vt 0.8447166 0.6333008
vt 0.846576 0.6519
vt 0.8422529 0.6386746
vt 0.8410299 0.6446305
vt 0.8403729 0.6518843
vt 0.8408935 0.6586351
vt 0.8418521 0.6637359
vt 0.8683472 0.6345774
vt 0.8725215 0.6394212
vt 0.8746942 0.6459284
vt 0.8746942 0.6578717
vt 0.8725215 0.6643789
vt 0.8447166 0.6704671
vt 0.8683471 0.6692234
vt 0.8597245 0.9767951
vt 0.8597055 0.9833023
vt 0.8760588 0.9833023
vt 0.8760777 0.9767951
vt 0.8597245 0.9648518
vt 0.8760777 0.9648518
vt 0.8597054 0.9583446
vt 0.8760588 0.9583446
vt 0.859669 0.9535
vt 0.8760223 0.9881461
vt 0.859669 0.9881461
vt 0.8760223 0.9535
vt 0.09995245 0.9697361
vt 0.09993105 0.9624811
vt 0.08358581 0.9624821
vt 0.08360727 0.9697371
vt 0.09999236 0.9756943
vt 0.08360283 0.9557322
vt 0.09994801 0.9557312
vt 0.08363409 0.9506332
vt 0.0999793 0.9506322
vt 0.08364721 0.9756953
vt 0.1000727 0.9810725
vt 0.08372758 0.9810736
vt 0.08372755 0.9439073
vt 0.1000727 0.9439063
vt 0.8966619 0.9640652
vt 0.8966619 0.9877415
vt 0.9130138 0.9877281
vt 0.9130138 0.9640518
vt 0.4575294 0.9917026
vt 0.4575294 0.9680287
vt 0.441177 0.9680408
vt 0.441177 0.9917147
vt 0.7675355 0.9523897
vt 0.7769287 0.9547735
vt 0.7741515 0.9523897
vt 0.7647583 0.9547735
vt 0.7647583 0.9882261
vt 0.7769287 0.9882261
vt 0.7547092 0.995061
vt 0.7547092 0.9828675
vt 0.749899 0.9828676
vt 0.749899 0.9950611
vt 0.9955491 0.3998621
vt 0.9955491 0.3664095
vt 0.9907386 0.3664095
vt 0.9907386 0.3998621
vt 0.7484767 0.9922774
vt 0.7484767 0.9856488
vt 0.7436667 0.9856487
vt 0.7436667 0.9922773
vt 0.8565009 0.9569533
vt 0.8443442 0.9904058
vt 0.8565009 0.9904059
vt 0.8443442 0.9569532
vt 0.8471182 0.9545695
vt 0.8537268 0.9545695
vt 0.7484394 0.9828675
vt 0.7436294 0.9828675
vt 0.7436667 0.9856487
vt 0.7484767 0.9856488
vt 0.7436294 0.995061
vt 0.7484394 0.995061
vt 0.7484767 0.9922774
vt 0.7436667 0.9922773
vt 0.9956784 0.2427775
vt 0.9956784 0.209325
vt 0.9908704 0.2093253
vt 0.9908704 0.2427777
vt 0.7401921 0.9690075
vt 0.7288067 0.9615836
vt 0.7326905 0.9752882
vt 0.7407777 0.9805614
vt 0.7407777 0.9481674
vt 0.7326905 0.9428941
vt 0.9153813 0.9858652
vt 0.9153813 0.9966853
vt 0.9250615 0.9966853
vt 0.9250615 0.9858652
vt 0.4297899 0.9473907
vt 0.425906 0.9610957
vt 0.4372915 0.9536713
vt 0.4378771 0.9421171
vt 0.4378771 0.9745116
vt 0.4297899 0.9797853
vt 0.9928815 0.3580127
vt 0.9928815 0.3483931
vt 0.9832013 0.3483929
vt 0.9832013 0.3580125
vt 0.9832013 0.3301992
vt 0.9928815 0.3301994
vt 0.7288073 0.9819853
vt 0.7288067 0.9916766
vt 0.738454 0.9916766
vt 0.7384545 0.9819853
vt 0.9153813 0.9858652
vt 0.9250615 0.9858652
vt 0.9250615 0.9762022
vt 0.9153813 0.9762022
vt 0.1841855 0.791509
vt 0.1841855 0.7733343
vt 0.1745052 0.7733339
vt 0.1745052 0.7915086
vt 0.4920918 0.9121546
vt 0.4937937 0.9179063
vt 0.5007692 0.9169123
vt 0.5025378 0.9129603
vt 0.5027118 0.9081496
vt 0.511723 0.9129754
vt 0.4993744 0.9271809
vt 0.4931819 0.9269149
vt 0.4983727 0.9376425
vt 0.5011781 0.9359627
vt 0.5045013 0.9440503
vt 0.5062696 0.9422672
vt 0.5121229 0.9474111
vt 0.5131972 0.9459585
vt 0.4922656 0.907344
vt 0.4790092 0.9070437
vt 0.4785167 0.9111111
vt 0.5131972 0.9091393
vt 0.9213393 0.7978026
vt 0.9319769 0.7969762
vt 0.9301758 0.7930326
vt 0.9321539 0.8017808
vt 0.9413304 0.7969421
vt 0.9230725 0.7920543
vt 0.9287554 0.7827791
vt 0.9224494 0.7830577
vt 0.9277353 0.7723322
vt 0.9305921 0.774004
vt 0.9339763 0.7659193
vt 0.935777 0.7676965
vt 0.9417376 0.7625467
vt 0.9428316 0.7639952
vt 0.9215164 0.8026072
vt 0.9080168 0.8029346
vt 0.9075153 0.7988731
vt 0.9428316 0.8007705
vt 0.9265159 0.3643162
vt 0.9348026 0.3643185
vt 0.9348026 0.3504328
vt 0.9265159 0.3504305
vt 0.09385202 0.9918297
vt 0.1021386 0.9918452
vt 0.1021386 0.982513
vt 0.09385202 0.9824974
vt 0.9901444 0.4485054
vt 0.9984328 0.4485028
vt 0.998428 0.4381424
vt 0.9984421 0.4526277
vt 0.9901395 0.438145
vt 0.9984421 0.4296168
vt 0.9901537 0.4526303
vt 0.9901537 0.4296194
vt 0.9983678 0.5233145
vt 0.9900792 0.523315
vt 0.9900789 0.5333883
vt 0.9983674 0.5333878
vt 0.3651695 0.7924191
vt 0.3651695 0.7841212
vt 0.3636077 0.7841267
vt 0.3636077 0.7924246
vt 0.2176819 0.9464359
vt 0.2093935 0.9464377
vt 0.2093912 0.9599084
vt 0.2176797 0.9599065
vt 0.209392 0.970588
vt 0.2176804 0.9705862
vt 0.2093935 0.9813285
vt 0.2176819 0.9813267
vt 0.9983674 0.5333878
vt 0.9900789 0.5333883
vt 0.9900793 0.5424086
vt 0.9983678 0.5424082
vt 0.9900792 0.5479316
vt 0.9983678 0.5479311
vt 0.9454994 0.3578722
vt 0.9537879 0.3578956
vt 0.9537961 0.3504539
vt 0.9455077 0.3504305
vt 0.9455077 0.3637502
vt 0.9537961 0.3637736
vt 0.9727598 0.6254735
vt 0.9687875 0.6254799
vt 0.9687875 0.6337778
vt 0.9727598 0.6337714
vt 0.9673653 0.6337716
vt 0.9673653 0.6254735
vt 0.9632729 0.6254735
vt 0.9632729 0.6337716
vt 0.8716667 0.2806298
vt 0.8799527 0.2805276
vt 0.879911 0.2724779
vt 0.871625 0.2725801
vt 0.8799527 0.2656653
vt 0.8716667 0.2657675
vt 0.7779899 0.3231214
vt 0.7779899 0.3185946
vt 0.7763417 0.3185824
vt 0.7763417 0.3231092
vt 0.9908992 0.6162225
vt 0.9954205 0.6166485
vt 0.9954205 0.5889932
vt 0.9908992 0.5885673
vt 0.7794122 0.3231221
vt 0.7809752 0.3231065
vt 0.7809752 0.3185824
vt 0.7794122 0.318598
vt 0.6398453 0.9268281
vt 0.6398453 0.9540783
vt 0.6443653 0.9536417
vt 0.6443653 0.9263916
vt 0.1818482 0.9351981
vt 0.183522 0.9353102
vt 0.183522 0.9082851
vt 0.1818936 0.9078457
vt 0.9954205 0.5889932
vt 0.9954205 0.6166485
vt 0.9958741 0.6160449
vt 0.9958741 0.5894002
vt 0.7808493 0.8421658
vt 0.7808493 0.86884
vt 0.7813233 0.8691568
vt 0.7813233 0.8416517
vt 0.7796506 0.8417774
vt 0.7800815 0.8422235
vt 0.7808493 0.8421658
vt 0.7813233 0.8416517
vt 0.7813233 0.8691568
vt 0.7808493 0.86884
vt 0.7801253 0.8690439
vt 0.779696 0.8696151
vt 0.7800815 0.8422235
vt 0.7801253 0.8690439
vt 0.7808493 0.86884
vt 0.7808493 0.8421658
vt 0.5490522 0.9480746
vt 0.5491683 0.9605401
vt 0.551174 0.9496048
vt 0.5508697 0.946301
vt 0.5488814 0.946572
vt 0.551174 0.9607304
vt 0.5505982 0.9447833
vt 0.5483109 0.9439963
vt 0.5502095 0.9433628
vt 0.5478835 0.9429626
vt 0.5496587 0.9420449
vt 0.547344 0.9421236
vt 0.548882 0.9408529
vt 0.5466786 0.9414961
vt 0.5478176 0.9398617
vt 0.5458709 0.9410955
vt 0.546475 0.939199
vt 0.545067 0.938957
vt 0.5448981 0.9409395
vt 0.5356305 0.939444
vt 0.5359082 0.9414044
vt 0.5353441 0.9415238
vt 0.5346338 0.9396746
vt 0.5336787 0.9402003
vt 0.5348507 0.9417993
vt 0.5329537 0.9408553
vt 0.5344093 0.9422024
vt 0.5323998 0.9415395
vt 0.5309083 0.9438533
vt 0.5320529 0.9455649
vt 0.53064 0.9441783
vt 0.5304426 0.9443582
vt 0.5315655 0.9459889
vt 0.5303295 0.9444259
vt 0.5310091 0.9462877
vt 0.5298687 0.9445102
vt 0.5288182 0.9469519
vt 0.527782 0.9452623
vt 0.5259055 0.9469961
vt 0.5274834 0.9482108
vt 0.5245523 0.9492509
vt 0.5263786 0.9500681
vt 0.5235841 0.9518498
vt 0.5249299 0.9549623
vt 0.5229368 0.9546744
vt 0.5225892 0.9576041
vt 0.5245592 0.9603836
vt 0.5225399 0.9605132
vt 0.5247948 0.9629037
vt 0.5228018 0.9632819
vt 0.5253196 0.9650918
vt 0.5234156 0.9658089
vt 0.5261425 0.9667959
vt 0.5245058 0.9680138
vt 0.5272772 0.9678607
vt 0.5263408 0.969668
vt 0.5285129 0.9701256
vt 0.528725 0.9681194
vt 0.5295829 0.9700917
vt 0.5298674 0.968093
vt 0.5298603 0.9701516
vt 0.5307125 0.968303
vt 0.5313245 0.9686983
vt 0.5299486 0.9702145
vt 0.5317638 0.9692253
vt 0.530064 0.9703737
vt 0.5308779 0.9721073
vt 0.5330153 0.9716526
vt 0.5314532 0.9729869
vt 0.5334917 0.9721013
vt 0.5323674 0.9738274
vt 0.5336232 0.9743949
vt 0.534157 0.9724017
vt 0.535091 0.9745677
vt 0.5350823 0.9725044
vt 0.5366632 0.9743875
vt 0.5450596 0.9702038
vt 0.544504 0.9725325
vt 0.5459145 0.9720632
vt 0.5472356 0.9712291
vt 0.5459682 0.9696292
vt 0.548316 0.970133
vt 0.5467475 0.9688358
vt 0.5491679 0.9688503
vt 0.5474064 0.9678406
vt 0.5498284 0.9674278
vt 0.5479524 0.9666625
vt 0.5503341 0.9658903
vt 0.5487366 0.963841
vt 0.5507137 0.9642527
vt 0.5350823 0.9725044
vt 0.5360093 0.9705122
vt 0.5350649 0.9706384
vt 0.5450596 0.9702038
vt 0.5442374 0.9685045
vt 0.5459682 0.9696292
vt 0.5346549 0.9706038
vt 0.534157 0.9724017
vt 0.5345452 0.9705569
vt 0.5334917 0.9721013
vt 0.5330153 0.9716526
vt 0.5344755 0.9704744
vt 0.5317638 0.9692253
vt 0.5333083 0.9681544
vt 0.5313245 0.9686983
vt 0.5325394 0.9672555
vt 0.5307125 0.968303
vt 0.5314029 0.9665294
vt 0.5299944 0.9661726
vt 0.5298674 0.968093
vt 0.5447577 0.9681724
vt 0.5467475 0.9688358
vt 0.5452523 0.9676626
vt 0.5474064 0.9678406
vt 0.5457275 0.9669377
vt 0.5479524 0.9666625
vt 0.5461634 0.9659903
vt 0.5465404 0.9648371
vt 0.5487366 0.963841
vt 0.5468478 0.9635048
vt 0.5491683 0.9605401
vt 0.5472483 0.9604168
vt 0.5472418 0.9498309
vt 0.5490522 0.9480746
vt 0.5471324 0.948279
vt 0.5488814 0.946572
vt 0.5467557 0.9456527
vt 0.5483109 0.9439963
vt 0.5464832 0.9446431
vt 0.5461718 0.9438807
vt 0.5478835 0.9429626
vt 0.5458577 0.9433805
vt 0.547344 0.9421236
vt 0.5455744 0.9431037
vt 0.5466786 0.9414961
vt 0.5452812 0.9429572
vt 0.5458709 0.9410955
vt 0.5448981 0.9409395
vt 0.5447282 0.9428861
vt 0.5359082 0.9414044
vt 0.5360296 0.9433631
vt 0.5353441 0.9415238
vt 0.5348507 0.9417993
vt 0.535992 0.9433935
vt 0.5344093 0.9422024
vt 0.5358325 0.943549
vt 0.5355812 0.9438676
vt 0.5320529 0.9455649
vt 0.534049 0.9462363
vt 0.5334578 0.9469362
vt 0.5315655 0.9459889
vt 0.5326918 0.9475971
vt 0.5310091 0.9462877
vt 0.5317069 0.9481212
vt 0.5298142 0.9486416
vt 0.5288182 0.9469519
vt 0.5274834 0.9482108
vt 0.5289785 0.9494652
vt 0.5263786 0.9500681
vt 0.528105 0.9509557
vt 0.527357 0.9529833
vt 0.5249299 0.9549623
vt 0.5268162 0.955354
vt 0.5265174 0.957878
vt 0.5245592 0.9603836
vt 0.5264742 0.9603707
vt 0.5266855 0.9626434
vt 0.5247948 0.9629037
vt 0.5271225 0.9644896
vt 0.5253196 0.9650918
vt 0.527675 0.965683
vt 0.5261425 0.9667959
vt 0.5280939 0.9661433
vt 0.5272772 0.9678607
vt 0.528725 0.9681194
vt 0.5287938 0.9661947
vt 0.8071293 0.9526823
vt 0.8092565 0.955672
vt 0.8088056 0.9521666
vt 0.807549 0.9559759
vt 0.8092565 0.9667646
vt 0.8074278 0.9684364
vt 0.8091353 0.9684588
vt 0.8072528 0.9699494
vt 0.8086773 0.9715947
vt 0.8066709 0.9725606
vt 0.8082879 0.973025
vt 0.8062336 0.9736215
vt 0.8077363 0.974358
vt 0.8056777 0.9744938
vt 0.806958 0.9755712
vt 0.8049878 0.9751558
vt 0.8058915 0.9765888
vt 0.804548 0.9772799
vt 0.8041515 0.9755849
vt 0.8031455 0.9775473
vt 0.8031623 0.9757604
vt 0.7938338 0.97721
vt 0.7942706 0.9754127
vt 0.7937023 0.9752973
vt 0.7928461 0.9769953
vt 0.7919008 0.9764851
vt 0.7932054 0.9750221
vt 0.7911866 0.9758436
vt 0.792768 0.9746215
vt 0.7906438 0.9751721
vt 0.7891985 0.9729126
vt 0.7905062 0.9713545
vt 0.7889438 0.9726016
vt 0.7887616 0.972434
vt 0.7900508 0.970957
vt 0.7886656 0.9723747
vt 0.7895343 0.9706823
vt 0.7882048 0.9722958
vt 0.7872659 0.9700102
vt 0.7861042 0.9715652
vt 0.7842112 0.9698325
vt 0.7858649 0.968702
vt 0.782854 0.9675764
vt 0.7847366 0.9668077
vt 0.7818847 0.9649794
vt 0.7832761 0.9618807
vt 0.7812346 0.9621577
vt 0.7808816 0.9592308
vt 0.782895 0.9564492
vt 0.7808241 0.9563232
vt 0.7831228 0.9539279
vt 0.7810753 0.9535548
vt 0.7836369 0.951743
vt 0.7816755 0.9510276
vt 0.7844408 0.9500511
vt 0.782746 0.9488229
vt 0.785533 0.9490059
vt 0.7845469 0.9471661
vt 0.7866806 0.9466946
vt 0.7869238 0.9487492
vt 0.7877313 0.946721
vt 0.7880323 0.9487705
vt 0.7880029 0.946662
vt 0.788864 0.9485595
vt 0.7894745 0.948163
vt 0.788092 0.9466003
vt 0.789923 0.9476258
vt 0.7882129 0.9464368
vt 0.7890497 0.9446483
vt 0.7912642 0.9450317
vt 0.7896369 0.9437342
vt 0.7917939 0.9445243
vt 0.7905669 0.9428547
vt 0.7918372 0.9422525
vt 0.7925171 0.9441843
vt 0.7933101 0.9420521
vt 0.7934824 0.9440609
vt 0.7948738 0.9422069
vt 0.8033987 0.9462495
vt 0.8026115 0.9439434
vt 0.804023 0.9443952
vt 0.8053488 0.9452191
vt 0.8043416 0.9468388
vt 0.8064294 0.9463094
vt 0.8051415 0.9476517
vt 0.8072778 0.9475877
vt 0.8058088 0.9486641
vt 0.8079326 0.949005
vt 0.806355 0.9498537
vt 0.808432 0.9505363
vt 0.7856236 0.9638017
vt 0.7847366 0.9668077
vt 0.7863743 0.9658328
vt 0.7832761 0.9618807
vt 0.7850798 0.961431
vt 0.7847759 0.9589078
vt 0.787257 0.9673351
vt 0.7858649 0.968702
vt 0.7881241 0.9681801
vt 0.7872659 0.9700102
vt 0.7895343 0.9706823
vt 0.7900419 0.9686877
vt 0.7909934 0.9691832
vt 0.7900508 0.970957
vt 0.7917333 0.9698176
vt 0.7905062 0.9713545
vt 0.7923048 0.970495
vt 0.7937918 0.9728096
vt 0.792768 0.9746215
vt 0.7940381 0.9731237
vt 0.7941968 0.9732795
vt 0.7932054 0.9750221
vt 0.7942398 0.9733144
vt 0.7937023 0.9752973
vt 0.7942706 0.9754127
vt 0.802837 0.9736632
vt 0.8031623 0.9757604
vt 0.8033975 0.9735813
vt 0.8041515 0.9755849
vt 0.8049878 0.9751558
vt 0.8037067 0.9734224
vt 0.8056777 0.9744938
vt 0.8040032 0.9731292
vt 0.8062336 0.9736215
vt 0.8043252 0.9726123
vt 0.8066709 0.9725606
vt 0.8046408 0.9718362
vt 0.8049156 0.9708169
vt 0.8072528 0.9699494
vt 0.8051344 0.9695876
vt 0.8074278 0.9684364
vt 0.8054072 0.9666293
vt 0.807549 0.9559759
vt 0.8054139 0.9560738
vt 0.8050228 0.9530002
vt 0.8071293 0.9526823
vt 0.8047208 0.9516729
vt 0.806355 0.9498537
vt 0.8043485 0.9505222
vt 0.8039153 0.9495739
vt 0.8058088 0.9486641
vt 0.8034384 0.9488444
vt 0.8051415 0.9476517
vt 0.8029353 0.9483275
vt 0.8043416 0.9468388
vt 0.8023992 0.9479895
vt 0.8033987 0.9462495
vt 0.7942647 0.9461033
vt 0.7934824 0.9440609
vt 0.7933202 0.9459917
vt 0.7928895 0.9460358
vt 0.7925171 0.9441843
vt 0.7927477 0.9460992
vt 0.7917939 0.9445243
vt 0.7912642 0.9450317
vt 0.7926489 0.9462087
vt 0.789923 0.9476258
vt 0.7914432 0.9486151
vt 0.7894745 0.948163
vt 0.7906731 0.9495221
vt 0.789542 0.9502549
vt 0.788864 0.9485595
vt 0.7881455 0.9506211
vt 0.7880323 0.9487705
vt 0.7869653 0.9506081
vt 0.7869238 0.9487492
vt 0.7862937 0.9506587
vt 0.785533 0.9490059
vt 0.7844408 0.9500511
vt 0.7858953 0.9511077
vt 0.7836369 0.951743
vt 0.785355 0.9522966
vt 0.7831228 0.9539279
vt 0.7849279 0.9541423
vt 0.782895 0.9564492
vt 0.7847254 0.9564153
vt 0.7856362 0.3005312
vt 0.7836928 0.3019947
vt 0.785643 0.3035294
vt 0.783698 0.3050598
vt 0.7856449 0.3050911
vt 0.7836891 0.3005251
vt 0.7836857 0.2990867
vt 0.7856328 0.2990809
vt 0.7836834 0.2976635
vt 0.7856305 0.2976428
vt 0.7836834 0.2962458
vt 0.7856306 0.2962071
vt 0.7836875 0.2948714
vt 0.7856349 0.2948132
vt 0.7836973 0.2936573
vt 0.7856449 0.2935827
vt 0.7856308 0.3149524
vt 0.783684 0.3149035
vt 0.7856333 0.3178619
vt 0.7836866 0.3178046
vt 0.7856371 0.3191399
vt 0.7836905 0.319076
vt 0.7812899 0.8204538
vt 0.7793436 0.8204667
vt 0.779341 0.8214875
vt 0.7812874 0.8214865
vt 0.7793398 0.8223075
vt 0.7812864 0.8223214
vt 0.7793401 0.8228967
vt 0.7812867 0.8229285
vt 0.7793413 0.823274
vt 0.7812883 0.8233252
vt 0.7793438 0.8235402
vt 0.7812911 0.823608
vt 0.7812934 0.8192599
vt 0.7793509 0.8179661
vt 0.7813001 0.8165031
vt 0.779354 0.8165412
vt 0.7812837 0.8071099
vt 0.7793378 0.8071656
vt 0.7812927 0.8045543
vt 0.7793469 0.8046185
vt 0.7813001 0.8035116
vt 0.7793543 0.8035824
vt 0.7797547 0.8832266
vt 0.7797276 0.8912642
vt 0.7816759 0.8912121
vt 0.7817037 0.8832074
vt 0.7816746 0.8916756
vt 0.7797263 0.8917411
vt 0.7837767 0.2909643
vt 0.783794 0.2920977
vt 0.7857409 0.2921588
vt 0.7857234 0.2910122
vt 0.7856364 0.2824054
vt 0.7836888 0.2823833
vt 0.7856309 0.2814079
vt 0.7836834 0.2813932
vt 0.7856332 0.2803091
vt 0.7836856 0.280302
vt 0.7856419 0.2793578
vt 0.7836942 0.2793542
vt 0.785654 0.2785474
vt 0.7837062 0.2785442
vt 0.7857075 0.2761648
vt 0.7837598 0.2761429
vt 0.7857171 0.2757856
vt 0.7837695 0.2757535
vt 0.7857234 0.2755402
vt 0.7837761 0.2754948
vt 0.7857269 0.2754245
vt 0.7837797 0.275363
vt 0.7837868 0.2749159
vt 0.7857342 0.274967
vt 0.7857409 0.2727137
vt 0.7837933 0.2727174
vt 0.7857216 0.2701857
vt 0.7837744 0.2702456
vt 0.7856869 0.2679032
vt 0.78374 0.2679926
vt 0.7836978 0.2659196
vt 0.7856444 0.2658156
vt 0.7797558 0.8831717
vt 0.7797547 0.8832266
vt 0.7817037 0.8832074
vt 0.7817048 0.8831601
vt 0.7797557 0.8829558
vt 0.7817048 0.8829477
vt 0.7797536 0.8825881
vt 0.7817028 0.8825802
vt 0.7797242 0.8801755
vt 0.7816733 0.8801491
vt 0.7797107 0.8793433
vt 0.7816597 0.8793067
vt 0.779694 0.8783755
vt 0.7816427 0.8783255
vt 0.7796739 0.8772753
vt 0.7816223 0.8772094
vt 0.7815996 0.8752819
vt 0.7796506 0.8752826
vt 0.7796651 0.8741097
vt 0.7816137 0.8741647
vt 0.7797018 0.8726311
vt 0.7816499 0.8727151
vt 0.7797573 0.8710389
vt 0.7817048 0.8711373
vt 0.5857699 0.8496633
vt 0.5838227 0.8495969
vt 0.583802 0.8515711
vt 0.58575 0.8515772
vt 0.5838059 0.8526528
vt 0.585777 0.8494686
vt 0.5838301 0.849396
vt 0.5857829 0.849372
vt 0.583836 0.8493004
vt 0.5857537 0.8526245
vt 0.5838179 0.8538606
vt 0.5857654 0.8537953
vt 0.5838358 0.8549774
vt 0.5857829 0.8548837
vt 0.1835094 0.9845116
vt 0.183522 0.9826537
vt 0.1815743 0.9827154
vt 0.1815617 0.9845622
vt 0.1815489 0.9866579
vt 0.1834966 0.986615
vt 0.1834873 0.9888074
vt 0.1815396 0.9888452
vt 0.1834851 0.9909207
vt 0.1815372 0.9909565
vt 0.1834924 0.9927571
vt 0.1815445 0.9927953
vt 0.1835079 0.9940616
vt 0.1815601 0.9941097
vt 0.183522 0.9946435
vt 0.1815749 0.9947124
vt 0.9391764 0.4877855
vt 0.9391937 0.4899865
vt 0.9411423 0.4900329
vt 0.941125 0.4878208
vt 0.9391561 0.4853516
vt 0.9411045 0.4853792
vt 0.939137 0.4827968
vt 0.9410856 0.4828195
vt 0.9410727 0.4802424
vt 0.9391241 0.4802217
vt 0.9410712 0.4777199
vt 0.9391226 0.4776969
vt 0.9410891 0.475269
vt 0.9391406 0.4752361
vt 0.9411423 0.472971
vt 0.9391941 0.4729173
vt 0.2490104 0.6958079
vt 0.2490158 0.6952277
vt 0.2470666 0.6951969
vt 0.2470614 0.6957943
vt 0.2490065 0.696874
vt 0.2470576 0.6968713
vt 0.2490202 0.6979566
vt 0.2470713 0.6979566
vt 0.7401336 0.7576297
vt 0.7420838 0.7576249
vt 0.7420774 0.7558972
vt 0.7401271 0.7558845
vt 0.7420802 0.7549319
vt 0.7401299 0.754908
vt 0.7420838 0.754712
vt 0.7401336 0.7546853
vt 0.5872171 0.8534169
vt 0.5872486 0.8545888
vt 0.589196 0.8545573
vt 0.5891645 0.8533844
vt 0.5872051 0.8522565
vt 0.5891526 0.8522303
vt 0.58724 0.8495641
vt 0.5891863 0.8496326
vt 0.5872458 0.8494216
vt 0.5891911 0.8495269
vt 0.5872515 0.8493004
vt 0.589196 0.8494341
vt 0.9912947 0.1838136
vt 0.9912956 0.1841839
vt 0.9932427 0.1841033
vt 0.9932421 0.1837564
vt 0.9912897 0.1829046
vt 0.9932372 0.1828615
vt 0.9932024 0.1746384
vt 0.991254 0.1746417
vt 0.9932041 0.1740226
vt 0.9912555 0.1739966
vt 0.9932087 0.1733465
vt 0.9912602 0.173297
vt 0.9932167 0.1725869
vt 0.9912683 0.1725212
vt 0.9932282 0.1717582
vt 0.9912798 0.1716821
vt 0.9932427 0.1708855
vt 0.9912945 0.1708032
vt 0.3449733 0.9179835
vt 0.3469191 0.918056
vt 0.3469106 0.9167947
vt 0.3449648 0.9167461
vt 0.3469082 0.9152917
vt 0.3449623 0.9152573
vt 0.3449722 0.907404
vt 0.3469191 0.9074227
vt 0.3449717 0.9059307
vt 0.3469188 0.9059259
vt 0.3449703 0.9043742
vt 0.3469174 0.9043401
vt 0.3449685 0.9029163
vt 0.3469156 0.9028589
vt 0.3449668 0.9015794
vt 0.346914 0.9015061
vt 0.3449656 0.9003516
vt 0.3469127 0.9002682
vt 0.3449651 0.8992109
vt 0.3469123 0.8991215
vt 0.8998264 0.3636841
vt 0.8998264 0.2997153
vt 0.8614571 0.299841
vt 0.8896889 0.2820537
vt 0.8614571 0.3638099
vt 0.8716086 0.282113
vt 0.2560151 0.8674587
vt 0.2943715 0.868051
vt 0.2943715 0.8030124
vt 0.2560151 0.8024201
vt 0.2842644 0.8859217
vt 0.2661901 0.8856426
vt 0.222586 0.8388377
vt 0.222586 0.8207366
vt 0.2209431 0.8207288
vt 0.2209432 0.8388299
vt 0.7814201 0.7776792
vt 0.7815183 0.6986914
vt 0.7794359 0.6987095
vt 0.7793378 0.7776973
vt 0.779436 0.8020877
vt 0.7815183 0.8020695
vt 0.7410638 0.656332
vt 0.7389712 0.6562875
vt 0.7395117 0.7362455
vt 0.7416042 0.73629
vt 0.7395117 0.6332535
vt 0.7416043 0.633298
vt 0.3636077 0.7442832
vt 0.3636078 0.7826971
vt 0.3652491 0.7826973
vt 0.3652491 0.7442834
vt 0.8320153 0.6615965
vt 0.8362688 0.6656401
vt 0.8367709 0.4753547
vt 0.832006 0.6664234
vt 0.832534 0.4694774
vt 0.8228184 0.6495839
vt 0.8231236 0.3679779
vt 0.8335102 0.3664095
vt 0.8362598 0.6704671
vt 0.8389507 0.4781119
vt 0.8367709 0.4753547
vt 0.8389507 0.6685058
vt 0.4604672 0.6243405
vt 0.4662756 0.6247826
vt 0.4662757 0.364913
vt 0.460412 0.6287706
vt 0.4636767 0.3387413
vt 0.4520373 0.6200592
vt 0.446915 0.3009833
vt 0.4521125 0.6245555
vt 0.441183 0.6072814
vt 0.4414473 0.3009968
vt 0.441177 0.6116608
vt 0.4630737 0.3009433
vt 0.4662735 0.6291987
vt 0.0259097 0.6574863
vt 0.02191113 0.6555796
vt 0.01683415 0.6674842
vt 0.02394091 0.6527004
vt 0.020853 0.6693676
vt 0.03637004 0.657433
vt 0.01612307 0.6716628
vt 0.03523955 0.6541154
vt 0.04023383 0.6554138
vt 0.04533909 0.667259
vt 0.04146728 0.6692626
vt 0.04604414 0.6714274
vt 0.0421651 0.6734354
vt 0.04369526 0.6762818
vt 0.02015891 0.6735474
vt 0.0183244 0.6764109
vt 0.04790291 0.681074
vt 0.04757851 0.6742737
vt 0.04920546 0.6694642
vt 0.0534456 0.674275
vt 0.01428164 0.674526
vt 0.01312933 0.681251
vt 0.008492908 0.6933786
vt 0.05256478 0.6931543
vt 0.05642842 0.3613615
vt 0.05061367 0.3614419
vt 0.05179545 0.6790711
vt 0.05642841 0.6911083
vt 0.004439691 0.6914704
vt 0.00907774 0.6793712
vt 0.007271191 0.6747924
vt 0.01249732 0.6699343
vt 0.0007111066 0.4805094
vt 0.006918868 0.4762132
vt 0.01435431 0.6670738
vt 0.009394722 0.4730556
vt 0.8224025 0.005108905
vt 0.8267494 0.009395745
vt 0.8267784 0.005005281
vt 0.8224178 0.0007119224
vt 0.8215918 0.3041758
vt 0.8250759 0.304511
vt 0.8357611 0.02219416
vt 0.8357611 0.3056828
vt 0.2455799 0.6329215
vt 0.2456353 0.3681713
vt 0.233952 0.3700859
vt 0.2439372 0.3633407
vt 0.2339001 0.6329207
vt 0.2456304 0.6596019
vt 0.2339506 0.6596011
vt 0.2456353 0.6981139
vt 0.2339555 0.698113
vt 0.2325165 0.3652552
vt 0.2398351 0.3613396
vt 0.2290486 0.363254
vt 0.1974162 0.3613366
vt 0.1990571 0.3632521
vt 0.1950079 0.3651735
vt 0.193368 0.3632595
vt 0.1915681 0.3679024
vt 0.1932055 0.3698127
vt 0.1884209 0.4662379
vt 0.1900654 0.466238
vt 0.3303802 0.9013718
vt 0.3166994 0.9128675
vt 0.318178 0.9152331
vt 0.3171115 0.9147582
vt 0.3160728 0.9154916
vt 0.3278506 0.9002001
vt 0.3297758 0.9003721
vt 0.3303897 0.8991215
vt 0.3435401 0.9004529
vt 0.3435067 0.9021994
vt 0.3199024 0.9273046
vt 0.3215585 0.9268181
vt 0.3213136 0.9309722
vt 0.3245175 0.9290337
vt 0.3266307 0.930734
vt 0.3213777 0.9339123
vt 0.3283349 0.9322379
vt 0.3195951 0.940116
vt 0.3236961 0.9437352
vt 0.3316572 0.9351699
vt 0.3358159 0.9544311
vt 0.3435401 0.9456566
vt 0.7937204 0.6162922
vt 0.7923421 0.7241405
vt 0.8012231 0.7165208
vt 0.802035 0.6119987
vt 0.8080435 0.7097014
vt 0.7938614 0.6116883
vt 0.8079656 0.6115008
vt 0.8021526 0.6074069
vt 0.8080435 0.6069129
vt 0.7523894 0.660024
vt 0.7473867 0.673391
vt 0.7662539 0.6731359
vt 0.760574 0.6599165
vt 0.7702309 0.6711823
vt 0.7711447 0.6754665
vt 0.7645317 0.6579489
vt 0.7671511 0.6774185
vt 0.7690233 0.6806853
vt 0.7471227 0.6809884
vt 0.7472508 0.6856629
vt 0.7731806 0.6853255
vt 0.7476271 0.6972677
vt 0.7730246 0.6787327
vt 0.774719 0.6741275
vt 0.7789115 0.6787891
vt 0.7817415 0.4850948
vt 0.7765369 0.4809606
vt 0.7777261 0.6968912
vt 0.7718672 0.6665736
vt 0.7661197 0.6533031
vt 0.7817415 0.6949078
vt 0.7771938 0.6833807
vt 0.7441321 0.6952835
vt 0.7437572 0.6837215
vt 0.7436294 0.679058
vt 0.747157 0.6776941
vt 0.7436622 0.6757632
vt 0.7438876 0.6714638
vt 0.7488976 0.6580844
vt 0.04693918 0.6624612
vt 0.04181455 0.6505784
vt 0.03816243 0.6525878
vt 0.04533909 0.667259
vt 0.0394537 0.6486369
vt 0.02699531 0.6541574
vt 0.02258937 0.6489534
vt 0.02023295 0.6509352
vt 0.01865821 0.3619033
vt 0.02115071 0.3619126
vt 0.0380162 0.3618268
vt 0.04039102 0.3617914
vt 0.01510669 0.6628967
vt 0.7923421 0.7241405
vt 0.7831637 0.6286719
vt 0.7839151 0.8227546
vt 0.7937204 0.6162922
vt 0.7832275 0.6241382
vt 0.7912789 0.8179871
vt 0.7938614 0.6116883
vt 0.993244 0.9277185
vt 0.9952837 0.9275408
vt 0.9930816 0.9220618
vt 0.9939417 0.9308814
vt 0.9901865 0.9215026
vt 0.9931048 0.9141544
vt 0.9957896 0.9153355
vt 0.9957896 0.9307837
vt 0.8195986 0.3549535
vt 0.825489 0.3552789
vt 0.8254915 0.3124764
vt 0.8338032 0.3552788
vt 0.8196011 0.3124761
vt 0.8338057 0.3111554
vt 0.819631 0.3590614
vt 0.8254994 0.3591568
vt 0.833868 0.3591567
vt 0.8196368 0.3084224
vt 0.8255439 0.3084261
vt 0.833868 0.3071067
vt 0.1789507 0.8575944
vt 0.173478 0.8575985
vt 0.1734883 0.8876309
vt 0.1789579 0.8877327
vt 0.1864618 0.8877131
vt 0.1864681 0.8575709
vt 0.1789619 0.8541096
vt 0.1865381 0.854086
vt 0.173511 0.8541135
vt 0.1790191 0.8917703
vt 0.1865381 0.8917488
vt 0.1735253 0.8916739
vt 0.6654852 0.6991627
vt 0.6655369 0.3871079
vt 0.6624377 0.3917367
vt 0.6623536 0.3869203
vt 0.6632158 0.6991584
vt 0.6597347 0.3950147
vt 0.6596516 0.3901972
vt 0.6699093 0.6991599
vt 0.6758603 0.3756917
vt 0.665467 0.382271
vt 0.6863138 0.6606615
vt 0.6835064 0.3718326
vt 0.6888949 0.6340037
vt 0.6758802 0.3707553
vt 0.6888949 0.3712807
vt 0.6833887 0.3669663
vt 0.6857328 0.6991546
vt 0.6553802 0.3944619
vt 0.6554738 0.3992689
vt 0.6605163 0.699158
vt 0.6568518 0.6991624
vt 0.6459145 0.4075686
vt 0.6459914 0.4124022
vt 0.6568518 0.6991624
vt 0.6463578 0.6989591
vt 0.6888251 0.3664095
vt 0.8474803 0.2022524
vt 0.8549696 0.2059595
vt 0.8536784 0.1046164
vt 0.8475792 0.2071733
vt 0.8452262 0.09710769
vt 0.860513 0.1112966
vt 0.8605122 0.2065419
vt 0.8550289 0.2108621
vt 0.8371913 0.1918048
vt 0.8371833 0.1966294
vt 0.8375662 0.0007119224
vt 0.8444333 0.004923128
vt 0.860513 0.2114406
vt 0.7523894 0.660024
vt 0.7474016 0.6533107
vt 0.7488976 0.6580844
vt 0.760574 0.6599165
vt 0.7661197 0.6533031
vt 0.7622697 0.3664095
vt 0.7438203 0.366652
vt 0.7645317 0.6579489
vt 0.6257741 0.8560277
vt 0.6233253 0.8494844
vt 0.6218544 0.8494564
vt 0.6244084 0.8560253
vt 0.6257741 0.7446215
vt 0.624468 0.7446043
vt 0.6218544 0.8494564
vt 0.6233253 0.8494844
vt 0.4757706 0.9524097
vt 0.4763481 0.9433525
vt 0.4734221 0.9439619
vt 0.4741306 0.9525369
vt 0.4763481 0.9593551
vt 0.4747082 0.9594823
vt 0.8814894 0.4714589
vt 0.891262 0.6553475
vt 0.891262 0.3664095
vt 0.8825231 0.6675835
vt 0.8809072 0.3666215
vt 0.8777167 0.4780036
vt 0.8782157 0.6718509
vt 0.882466 0.6721269
vt 0.8781467 0.6763949
vt 0.6816266 0.7944743
vt 0.6844496 0.7944867
vt 0.6844496 0.7005912
vt 0.6814942 0.7005866
vt 0.9904513 0.663334
vt 0.9813117 0.6480787
vt 0.9808947 0.6575114
vt 0.9904513 0.64069
vt 0.9797186 0.6397145
vt 0.9786457 0.646225
vt 0.9844201 0.6354859
vt 0.9877003 0.6634054
vt 0.989477 0.5886403
vt 0.9803488 0.6041751
vt 0.989477 0.6117007
vt 0.9799322 0.5945689
vt 0.9867294 0.5885673
vt 0.9787577 0.6126929
vt 0.9834532 0.6169997
vt 0.9776861 0.6060625
vt 0.7273845 0.9705468
vt 0.7273845 0.9428941
vt 0.725635 0.9538359
vt 0.7227921 0.9429135
vt 0.7227922 0.9538479
vt 0.725635 0.9601953
vt 0.7227921 0.9705661
vt 0.7227922 0.9602073
vt 0.9903653 0.3011216
vt 0.9840446 0.3114812
vt 0.9840446 0.3178407
vt 0.9832013 0.3011224
vt 0.9832013 0.3114813
vt 0.9903653 0.3287745
vt 0.9832013 0.3287753
vt 0.9832013 0.3178408
vt 0.7161118 0.970569
vt 0.7227921 0.9705661
vt 0.7227922 0.9602073
vt 0.7161118 0.9602101
vt 0.9931064 0.3011216
vt 0.9903653 0.3011216
vt 0.9903653 0.3287745
vt 0.9931064 0.3287745
vt 0.8629748 0.9502954
vt 0.8629748 0.9399365
vt 0.8601971 0.9399367
vt 0.8601971 0.9502957
vt 0.1849442 0.974102
vt 0.207969 0.9740824
vt 0.207969 0.9464359
vt 0.1849442 0.9464554
vt 0.1041949 0.9916222
vt 0.1138016 0.991623
vt 0.1138017 0.9812641
vt 0.1041949 0.9812633
vt 0.9970762 0.4600857
vt 0.9907341 0.460115
vt 0.9907341 0.4877675
vt 0.9970762 0.4877381
vt 0.8629748 0.9173836
vt 0.8601828 0.9201275
vt 0.8621437 0.928413
vt 0.8629748 0.9385126
vt 0.8621437 0.9378549
vt 0.8593985 0.9266792
vt 0.725635 0.9538359
vt 0.704137 0.9538342
vt 0.704137 0.9601936
vt 0.725635 0.9601953
vt 0.7161118 0.9538508
vt 0.7227922 0.9538479
vt 0.7227921 0.9429135
vt 0.7161118 0.9429163
vt 0.3009769 0.9315596
vt 0.2981993 0.9315598
vt 0.2981992 0.9424943
vt 0.3009769 0.9424941
vt 0.8601819 0.9131699
vt 0.8621404 0.9047292
vt 0.8593985 0.9064993
vt 0.8629704 0.9159598
vt 0.8629704 0.8944429
vt 0.8621404 0.8951141
vt 0.9552184 0.361365
vt 0.9648252 0.3613657
vt 0.9648252 0.3504313
vt 0.9552184 0.3504305
vt 0.252473 0.8398468
vt 0.2513774 0.7206331
vt 0.2289436 0.7209773
vt 0.2281065 0.8398468
vt 0.2302498 0.7002751
vt 0.251397 0.7003102
vt 0.4638759 0.8046136
vt 0.4415263 0.8042474
vt 0.441177 0.9256538
vt 0.4654548 0.9256538
vt 0.46246 0.7834851
vt 0.4413991 0.7834904
vt 0.747704 0.6987609
vt 0.7436294 0.6986914
vt 0.7440281 0.7198611
vt 0.7480156 0.719929
vt 0.7442483 0.8409671
vt 0.7482359 0.8410351
vt 0.754386 0.7199566
vt 0.7546063 0.8410626
vt 0.7662812 0.8410412
vt 0.7542132 0.6987891
vt 0.7660608 0.7199352
vt 0.7726328 0.8409904
vt 0.7661427 0.6987672
vt 0.7724125 0.7198843
vt 0.7726328 0.6987152
vt 0.9617224 0.9511497
vt 0.9628933 0.9346104
vt 0.9428221 0.9511477
vt 0.9417515 0.9333894
vt 0.9392862 0.9379222
vt 0.9380626 0.9438779
vt 0.9374052 0.9511315
vt 0.9379261 0.9578823
vt 0.9388853 0.9629831
vt 0.9670702 0.9386716
vt 0.9692442 0.9451789
vt 0.9692442 0.957122
vt 0.9670702 0.9636289
vt 0.9417516 0.9688745
vt 0.9628933 0.9676892
vt 0.2289436 0.7209773
vt 0.2302498 0.7002751
vt 0.2260621 0.6995377
vt 0.2248453 0.7202556
vt 0.2281065 0.8398468
vt 0.2240082 0.8391251
vt 0.8950763 0.9330663
vt 0.878908 0.9564056
vt 0.8950763 0.9552584
vt 0.8828777 0.960498
vt 0.8892388 0.962628
vt 0.9009138 0.962628
vt 0.9072748 0.960498
vt 0.8777167 0.9320174
vt 0.882148 0.929602
vt 0.8879702 0.9284031
vt 0.895061 0.927759
vt 0.9016603 0.9282693
vt 0.9066464 0.9292091
vt 0.9112445 0.9564057
vt 0.9124053 0.9320174
vt 0.2910823 0.7802201
vt 0.2910932 0.6587608
vt 0.2866109 0.658751
vt 0.2866 0.7802103
vt 0.2868719 0.8009862
vt 0.2808978 0.8009812
vt 0.2914519 0.8009963
vt 0.2807643 0.658746
vt 0.2807533 0.7802053
vt 0.2736503 0.7802026
vt 0.2736398 0.8009785
vt 0.2736612 0.6587434
vt 0.2670745 0.6587455
vt 0.2670636 0.7802048
vt 0.2669095 0.8009806
vt 0.2621097 0.6587493
vt 0.2620988 0.7802086
vt 0.2564126 0.6587607
vt 0.2618364 0.8009846
vt 0.2564017 0.78022
vt 0.2560151 0.8009963
vt 0.7500517 0.9217449
vt 0.7436294 0.9217448
vt 0.7436294 0.9406117
vt 0.7500517 0.9406117
vt 0.7754124 0.921745
vt 0.7754124 0.9406118
vt 0.7684199 0.9509659
vt 0.7744756 0.9457889
vt 0.7719161 0.9495787
vt 0.7570442 0.9509658
vt 0.7509885 0.9457887
vt 0.753548 0.9495786
vt 0.7570442 0.9113908
vt 0.7684199 0.9113909
vt 0.7744756 0.9165679
vt 0.7719162 0.9127781
vt 0.7509886 0.9165679
vt 0.753548 0.912778
vt 0.6204321 0.8681678
vt 0.6204321 0.8493011
vt 0.6112536 0.8493004
vt 0.6112536 0.868167
vt 0.1293 0.9151323
vt 0.1353559 0.9099566
vt 0.1318595 0.911343
vt 0.1283632 0.9203091
vt 0.1537248 0.920314
vt 0.146732 0.9099587
vt 0.1527879 0.9151368
vt 0.1502284 0.9113466
vt 0.1283632 0.9391757
vt 0.1537248 0.9391804
vt 0.1601472 0.9391811
vt 0.1467321 0.949533
vt 0.152788 0.9443572
vt 0.1502284 0.9481465
vt 0.135356 0.9495308
vt 0.1293001 0.9443527
vt 0.1318596 0.948143
vt 0.1601472 0.9203146
vt 0.1376379 0.9803062
vt 0.1286281 0.9801767
vt 0.1286282 0.9915717
vt 0.1376379 0.9917012
vt 0.1283633 0.9950712
vt 0.137373 0.9952006
vt 0.137373 0.9768013
vt 0.1283632 0.9766719
vt 0.1482756 0.9914817
vt 0.1482756 0.9801008
vt 0.1391003 0.9802204
vt 0.1391002 0.9916013
vt 0.1390602 0.9767914
vt 0.1482355 0.9766719
vt 0.1482354 0.9950485
vt 0.1390602 0.995168
vt 0.8094658 0.7843149
vt 0.8094657 0.8031774
vt 0.8186458 0.8031783
vt 0.8094754 0.8083735
vt 0.8186458 0.7843157
vt 0.8094754 0.7791593
vt 0.8186555 0.8083743
vt 0.8095021 0.8122177
vt 0.8186821 0.8122185
vt 0.8186555 0.7791601
vt 0.8095021 0.7754256
vt 0.8186821 0.7754264
vt 0.9578317 0.07191048
vt 0.9578317 0.08109955
vt 0.9629987 0.08106826
vt 0.9629987 0.07187918
vt 0.966773 0.08098365
vt 0.966773 0.07179465
vt 0.9474377 0.08098373
vt 0.9512343 0.08106764
vt 0.9512343 0.07187857
vt 0.9474377 0.07179465
vt 0.9564095 0.07190906
vt 0.9564095 0.08109809
vt 0.4081613 0.9920017
vt 0.4081613 0.9829806
vt 0.4017379 0.9829816
vt 0.4017379 0.9920026
vt 0.7561314 0.982877
vt 0.7561314 0.9920635
vt 0.762547 0.9920541
vt 0.762547 0.9828675
vt 0.7479164 0.3185209
vt 0.7479353 0.3197021
vt 0.7508097 0.3197021
vt 0.7507908 0.3185209
vt 0.7474884 0.3231242
vt 0.7520232 0.3231242
vt 0.7088271 0.881219
vt 0.7100366 0.8817938
vt 0.7100366 0.8793728
vt 0.7088271 0.8799475
vt 0.7134809 0.8793726
vt 0.7134809 0.8817937
vt 0.7163613 0.8793726
vt 0.7163612 0.8817937
vt 0.7163613 0.8765825
vt 0.7134809 0.8845838
vt 0.7134809 0.8765825
vt 0.7163613 0.8845838
vt 0.7547413 0.3184864
vt 0.7546317 0.319698
vt 0.7574542 0.319698
vt 0.7575638 0.3184864
vt 0.7578985 0.3231242
vt 0.7534454 0.3231242
vt 0.9442539 0.7671798
vt 0.9454634 0.7677547
vt 0.9454634 0.7653337
vt 0.9442539 0.7659084
vt 0.9488773 0.7653367
vt 0.9488773 0.7677577
vt 0.9517577 0.765337
vt 0.9517578 0.767758
vt 0.9488774 0.7705477
vt 0.9517577 0.7625469
vt 0.9517578 0.770548
vt 0.9488773 0.7625467
vt 0.9573139 0.6282629
vt 0.957314 0.6306834
vt 0.9618506 0.6306839
vt 0.9573139 0.6334729
vt 0.9618505 0.6282634
vt 0.9618506 0.625474
vt 0.9618505 0.6334734
vt 0.957314 0.6254735
vt 0.2543949 0.6951969
vt 0.253125 0.695197
vt 0.253125 0.6980754
vt 0.2543949 0.6980753
vt 0.7679234 0.3185804
vt 0.7679235 0.3231216
vt 0.7707103 0.3231212
vt 0.7707103 0.3185801
vt 0.7621982 0.3185801
vt 0.7593208 0.3185844
vt 0.7593208 0.3231242
vt 0.7621982 0.3231201
vt 0.7636203 0.3230386
vt 0.7665012 0.3230381
vt 0.7665012 0.3185801
vt 0.7636203 0.3185805
vt 0.7749195 0.3231214
vt 0.7749195 0.3185801
vt 0.7721325 0.3185803
vt 0.7721325 0.3231214
vt 0.9648458 0.4586097
vt 0.9648526 0.3704554
vt 0.9612535 0.370469
vt 0.9612468 0.4586233
vt 0.9582089 0.3705076
vt 0.9582021 0.4586619
vt 0.9684513 0.4586233
vt 0.9684581 0.370469
vt 0.9689323 0.3664248
vt 0.9715143 0.4586619
vt 0.9715211 0.3705076
vt 0.9724045 0.3664686
vt 0.9648452 0.3664095
vt 0.9607654 0.3664249
vt 0.9573139 0.3664686
vt 0.9694988 0.7690696
vt 0.9695117 0.6825275
vt 0.9663737 0.6821369
vt 0.9663608 0.768679
vt 0.9626735 0.6819997
vt 0.9626606 0.7685418
vt 0.9589744 0.682137
vt 0.9589614 0.768679
vt 0.9558395 0.6825276
vt 0.9558265 0.7690696
vt 0.9589484 0.6779743
vt 0.9631417 0.6778188
vt 0.9553947 0.6784172
vt 0.9673363 0.6779743
vt 0.9708935 0.6784172
vt 0.9715132 0.5522833
vt 0.9715214 0.4641148
vt 0.9684231 0.4641063
vt 0.9684148 0.5522748
vt 0.9648057 0.4641033
vt 0.9647975 0.5522717
vt 0.9612201 0.4641063
vt 0.9647884 0.4600857
vt 0.9688889 0.4600891
vt 0.9724012 0.4600989
vt 0.9612119 0.5522747
vt 0.9582121 0.4641148
vt 0.9607238 0.4600891
vt 0.958204 0.5522833
vt 0.9573139 0.4600987
vt 0.969318 0.3015871
vt 0.969447 0.2134567
vt 0.9662139 0.2133961
vt 0.9698532 0.2094178
vt 0.9660849 0.3015265
vt 0.9624834 0.2133748
vt 0.9661882 0.2093491
vt 0.9623544 0.3015052
vt 0.9588234 0.2133961
vt 0.9619593 0.209325
vt 0.9586945 0.3015265
vt 0.9557914 0.2134567
vt 0.9578105 0.2093491
vt 0.9556624 0.3015871
vt 0.9543732 0.2094178
vt 0.04043892 0.973012
vt 0.04751178 0.9716396
vt 0.04383541 0.9716026
vt 0.03783935 0.9756532
vt 0.05090827 0.9731174
vt 0.03643247 0.9791242
vt 0.05350784 0.9758111
vt 0.05491473 0.9793103
vt 0.03643248 0.9828964
vt 0.05491473 0.9830827
vt 0.03783936 0.9863958
vt 0.04043893 0.9890893
vt 0.05350785 0.9865535
vt 0.04383544 0.9905672
vt 0.05090829 0.9891948
vt 0.04751179 0.9906042
vt 0.6623248 0.9826293
vt 0.6543068 0.9841843
vt 0.6584744 0.9842266
vt 0.6652718 0.9796355
vt 0.6504564 0.9825088
vt 0.6668666 0.9757012
vt 0.6475094 0.9794552
vt 0.6459145 0.9754885
vt 0.6668666 0.9714251
vt 0.6459145 0.9712124
vt 0.6652718 0.9674583
vt 0.6623248 0.9644048
vt 0.6475094 0.967278
vt 0.6584744 0.9627293
vt 0.6504563 0.9642842
vt 0.6543067 0.962687
vt 0.4278626 0.9000822
vt 0.4278726 0.8989657
vt 0.4192787 0.8986483
vt 0.4192788 0.8997653
vt 0.4188464 0.8997813
vt 0.4106875 0.8989682
vt 0.4106975 0.9000849
vt 0.4192783 0.8959003
vt 0.4281181 0.8962268
vt 0.4192775 0.8670671
vt 0.4284781 0.8674068
vt 0.4356149 0.897159
vt 0.4362807 0.8683773
vt 0.4351607 0.8998721
vt 0.4351423 0.9009874
vt 0.4034253 0.9009922
vt 0.4034069 0.8998769
vt 0.410441 0.8962293
vt 0.4100798 0.8674096
vt 0.419277 0.8648495
vt 0.4287735 0.8652002
vt 0.4368271 0.8662018
vt 0.4029519 0.8971639
vt 0.4022852 0.8683824
vt 0.4097833 0.865203
vt 0.4097833 0.8191618
vt 0.4017379 0.8201658
vt 0.419277 0.8188083
vt 0.4287735 0.819159
vt 0.4368271 0.8201605
vt 0.4017379 0.8662069
vt 0.2055352 0.7724061
vt 0.2055352 0.8193051
vt 0.2147719 0.8192695
vt 0.214772 0.7723706
vt 0.222586 0.8191699
vt 0.2055318 0.7702797
vt 0.1962819 0.772372
vt 0.1962819 0.8192711
vt 0.196567 0.7702467
vt 0.2055278 0.7410712
vt 0.2144807 0.7702454
vt 0.222586 0.7722709
vt 0.2141258 0.741038
vt 0.2220511 0.7701487
vt 0.2055249 0.738382
vt 0.2213995 0.7409452
vt 0.2138837 0.73835
vt 0.2055227 0.7163721
vt 0.1971512 0.7383513
vt 0.1969143 0.7410392
vt 0.188951 0.7701514
vt 0.1884209 0.7722737
vt 0.1884209 0.8191726
vt 0.2136933 0.7163407
vt 0.2197403 0.7173969
vt 0.2200539 0.737138
vt 0.2206054 0.7162526
vt 0.2206234 0.7173856
vt 0.220955 0.7382597
vt 0.220937 0.7371266
vt 0.1895968 0.7409478
vt 0.1900375 0.7382622
vt 0.1909437 0.7371402
vt 0.1900553 0.7371292
vt 0.1912545 0.7173992
vt 0.1973375 0.716342
vt 0.1903839 0.7162549
vt 0.190366 0.7173881
vt 0.6459145 0.7732649
vt 0.6459145 0.8201713
vt 0.6538662 0.8201926
vt 0.6538663 0.7732862
vt 0.6631499 0.7732931
vt 0.6631499 0.8201996
vt 0.6723522 0.8201911
vt 0.6723521 0.7732844
vt 0.680072 0.8201684
vt 0.6631332 0.7711776
vt 0.654139 0.7711707
vt 0.6631128 0.7419777
vt 0.6720486 0.7711692
vt 0.646435 0.7711501
vt 0.6544712 0.741971
vt 0.680072 0.7732618
vt 0.6470693 0.7419513
vt 0.6716788 0.7419696
vt 0.6795278 0.7711472
vt 0.6630991 0.7392973
vt 0.6546978 0.7392911
vt 0.6630881 0.7172911
vt 0.6714265 0.7392896
vt 0.6788649 0.7419484
vt 0.6475019 0.7392718
vt 0.6712282 0.7172835
vt 0.6484635 0.7381414
vt 0.6475194 0.7381389
vt 0.6487687 0.7184016
vt 0.6548761 0.7172852
vt 0.6478422 0.7172661
vt 0.6478246 0.7183991
vt 0.6771587 0.7183991
vt 0.6774777 0.7381388
vt 0.678057 0.7172636
vt 0.6780752 0.7183964
vt 0.6784126 0.739269
vt 0.6783943 0.7381361
vt 0.4785167 0.8585497
vt 0.4785167 0.9054359
vt 0.4868146 0.9055794
vt 0.4868146 0.858693
vt 0.4963889 0.9056199
vt 0.4790367 0.8564215
vt 0.4963889 0.8587337
vt 0.5057818 0.9055516
vt 0.487076 0.8565605
vt 0.4796702 0.8272179
vt 0.5057818 0.8586652
vt 0.4873943 0.8273513
vt 0.4963517 0.8565998
vt 0.5054519 0.8565335
vt 0.5050499 0.8273255
vt 0.5129908 0.8563718
vt 0.5122935 0.8271701
vt 0.4801024 0.8245275
vt 0.5135633 0.8584983
vt 0.5135633 0.9053846
vt 0.4963065 0.8273891
vt 0.4876115 0.8246573
vt 0.4801199 0.8233947
vt 0.4876203 0.8235242
vt 0.4962757 0.8246941
vt 0.5047757 0.8246322
vt 0.5047646 0.8234992
vt 0.5118176 0.8244812
vt 0.5117983 0.8233483
vt 0.4962744 0.8235609
vt 0.01444944 0.9689477
vt 0.02079242 0.966538
vt 0.01492897 0.9664788
vt 0.02127196 0.9690165
vt 0.02757515 0.966401
vt 0.02620955 0.9642901
vt 0.03239939 0.9614993
vt 0.008146238 0.9662052
vt 0.009511835 0.9641218
vt 0.003321979 0.9612064
vt 0.005365742 0.9598258
vt 0.0007111076 0.9547124
vt 0.00312189 0.9542446
vt 0.03035563 0.9600775
vt 0.03501026 0.955058
vt 0.03259948 0.9545416
vt 0.03501026 0.9480574
vt 0.03259947 0.9485251
vt 0.03035563 0.942944
vt 0.0323994 0.9415634
vt 0.003121896 0.9482282
vt 0.0007111066 0.9477118
vt 0.02620954 0.938648
vt 0.02757515 0.9365647
vt 0.02079242 0.936291
vt 0.02127196 0.9338222
vt 0.005365751 0.9426923
vt 0.003321999 0.9412705
vt 0.009511841 0.9384798
vt 0.008146239 0.9363689
vt 0.01492897 0.936232
vt 0.01444943 0.9337534
vt 0.1987039 0.7107248
vt 0.2055065 0.7107498
vt 0.2055052 0.6996354
vt 0.212297 0.7107238
vt 0.1988143 0.6996109
vt 0.1929248 0.7106524
vt 0.2121843 0.6996097
vt 0.2180416 0.7106504
vt 0.19313 0.6995397
vt 0.2178346 0.6995377
vt 0.02225375 0.8967053
vt 0.01099381 0.8871803
vt 0.01823468 0.8983726
vt 0.01971106 0.883564
vt 0.02914655 0.8836598
vt 0.02660397 0.8967496
vt 0.03786381 0.8874531
vt 0.03062304 0.8984984
vt 0.04453572 0.8943663
vt 0.00432191 0.893958
vt 0.03369909 0.9016857
vt 0.04814655 0.9033471
vt 0.03536385 0.9058263
vt 0.01515863 0.9014975
vt 0.0007111066 0.9028655
vt 0.01349386 0.9056042
vt 0.0007111172 0.9125465
vt 0.01349387 0.9100676
vt 0.01515863 0.9142082
vt 0.00432194 0.9215273
vt 0.0182347 0.9173956
vt 0.01099384 0.9284405
vt 0.03536386 0.9102897
vt 0.04814655 0.9130281
vt 0.02225377 0.9191444
vt 0.01971111 0.9322338
vt 0.02660398 0.9191886
vt 0.02914661 0.9323296
vt 0.03786385 0.9287133
vt 0.03369911 0.9143965
vt 0.04453574 0.9219355
vt 0.03062306 0.9175214
vt 0.3228579 0.9715313
vt 0.322898 0.9784445
vt 0.3339992 0.978333
vt 0.3339598 0.9715331
vt 0.3341115 0.9839664
vt 0.3230123 0.984172
vt 0.3339992 0.9646022
vt 0.3228981 0.9644847
vt 0.3341115 0.9585953
vt 0.3230122 0.9583775
vt 0.6696559 0.7006029
vt 0.6697733 0.7117147
vt 0.6754487 0.7116981
vt 0.675238 0.7005866
vt 0.6630017 0.700609
vt 0.6630082 0.7117211
vt 0.6561832 0.711716
vt 0.6562887 0.7006041
vt 0.6503374 0.7117003
vt 0.6505389 0.7005887
vt 0.4860272 0.971381
vt 0.4867634 0.9773026
vt 0.4976962 0.9770922
vt 0.4969721 0.9712678
vt 0.4857687 0.9643936
vt 0.4967178 0.964395
vt 0.4969721 0.9575203
vt 0.4860272 0.9574042
vt 0.4976962 0.9516902
vt 0.4867636 0.9514768
vt 0.4867636 0.9514768
vt 0.4808293 0.9488535
vt 0.4799433 0.9559855
vt 0.4860272 0.9574042
vt 0.4796322 0.9643955
vt 0.4857687 0.9643936
vt 0.4860272 0.971381
vt 0.4799432 0.9728031
vt 0.4867634 0.9773026
vt 0.4808291 0.9799281
vt 0.6561832 0.711716
vt 0.6503374 0.7117003
vt 0.6478422 0.7172661
vt 0.6548761 0.7172852
vt 0.6630082 0.7117211
vt 0.6630881 0.7172911
vt 0.6712282 0.7172835
vt 0.6697733 0.7117147
vt 0.678057 0.7172636
vt 0.6754487 0.7116981
vt 0.3230122 0.9583775
vt 0.3173903 0.9558741
vt 0.3172528 0.9632224
vt 0.3228981 0.9644847
vt 0.3172047 0.9717011
vt 0.3228579 0.9715313
vt 0.322898 0.9784445
vt 0.3172529 0.9800195
vt 0.3230123 0.984172
vt 0.3173903 0.9869109
vt 0.2055065 0.7107498
vt 0.1987039 0.7107248
vt 0.1973375 0.716342
vt 0.2055227 0.7163721
vt 0.2136933 0.7163407
vt 0.1903839 0.7162549
vt 0.1929248 0.7106524
vt 0.212297 0.7107238
vt 0.2206054 0.7162526
vt 0.2180416 0.7106504
vt 0.2217801 0.9791265
vt 0.221814 0.9849704
vt 0.2396003 0.9847434
vt 0.2395676 0.979124
vt 0.2396003 0.9733961
vt 0.221814 0.9731698
vt 0.2396932 0.968432
vt 0.2219106 0.9680073
vt 0.2396932 0.9893988
vt 0.2219106 0.9898119
vt 0.4767377 0.9786754
vt 0.4589516 0.9786766
vt 0.4589732 0.9844233
vt 0.4589732 0.9729195
vt 0.4767586 0.9842014
vt 0.4590347 0.9892849
vt 0.4767586 0.9731396
vt 0.4590347 0.9680287
vt 0.4768177 0.9888762
vt 0.4768177 0.9684367
vt 0.5815053 0.9643005
vt 0.5639772 0.9638788
vt 0.5633548 0.9688894
vt 0.580907 0.9691186
vt 0.5631362 0.9747977
vt 0.5806968 0.9747999
vt 0.5809069 0.9804795
vt 0.5633548 0.9807044
vt 0.5815053 0.9852929
vt 0.5639772 0.98571
vt 0.9551904 0.9865157
vt 0.9374099 0.9867467
vt 0.9374235 0.9915497
vt 0.9552035 0.9911341
vt 0.9551858 0.9810104
vt 0.9374052 0.9810215
vt 0.93741 0.9752455
vt 0.9551905 0.9754564
vt 0.9374237 0.9702983
vt 0.9552035 0.9706993
vt 0.9365324 0.2673609
vt 0.9311107 0.2675619
vt 0.9321455 0.3485444
vt 0.9365225 0.3483821
vt 0.9409009 0.3485444
vt 0.9419558 0.2675619
vt 0.9446139 0.3490067
vt 0.9465551 0.2681345
vt 0.9284361 0.3490067
vt 0.9265159 0.2681345
vt 0.316121 0.963212
vt 0.3172528 0.9632224
vt 0.3173903 0.9558741
vt 0.3162587 0.9558549
vt 0.3160752 0.9712542
vt 0.3172047 0.9717011
vt 0.3160728 0.9717007
vt 0.3172529 0.9800195
vt 0.3161211 0.9800289
vt 0.3173903 0.9869109
vt 0.3162586 0.9869286
vt 0.9388742 0.6778232
vt 0.9399381 0.7598591
vt 0.9441807 0.7598556
vt 0.9441295 0.6778188
vt 0.9494313 0.6778234
vt 0.9484609 0.7598591
vt 0.9539725 0.677836
vt 0.952127 0.7598692
vt 0.9344655 0.6778358
vt 0.9363788 0.7598692
vt 0.9450064 0.3664294
vt 0.9397219 0.3664095
vt 0.9397276 0.4484719
vt 0.9439939 0.4484881
vt 0.9494957 0.366486
vt 0.9476181 0.4485337
vt 0.9344469 0.3664293
vt 0.935469 0.4484881
vt 0.9299843 0.3664861
vt 0.9318664 0.4485337
vt 0.7436294 0.9523897
vt 0.7436294 0.9814436
vt 0.7633361 0.9811341
vt 0.7633361 0.9527053
vt 0.4785167 0.9643953
vt 0.4788281 0.9728128
vt 0.4799432 0.9728031
vt 0.4796322 0.9643955
vt 0.4799433 0.9559855
vt 0.4788281 0.9559755
vt 0.4808293 0.9488535
vt 0.479715 0.9488349
vt 0.4808291 0.9799281
vt 0.479715 0.9799464
vt 0.3996545 0.9120809
vt 0.3972073 0.9208093
vt 0.3983358 0.9263403
vt 0.3996545 0.9405996
vt 0.3972073 0.9318712
vt 0.3939938 0.9365601
vt 0.3990468 0.9414864
vt 0.3919191 0.9461297
vt 0.3891845 0.9396931
vt 0.3835116 0.9477602
vt 0.3835115 0.9407933
vt 0.3939938 0.9161204
vt 0.3990467 0.9111941
vt 0.3919191 0.9065508
vt 0.3891845 0.9129874
vt 0.3835115 0.9049203
vt 0.3835114 0.9118872
vt 0.3830691 0.9050061
vt 0.3778385 0.9129874
vt 0.3751039 0.9065508
vt 0.3730291 0.9161204
vt 0.3679763 0.911194
vt 0.3673378 0.9121256
vt 0.3778385 0.9396931
vt 0.3751039 0.9461297
vt 0.3730292 0.93656
vt 0.3679764 0.9414864
vt 0.3673379 0.9405548
vt 0.3686872 0.9263402
vt 0.3698157 0.9208093
vt 0.3698156 0.9318712
vt 0.4991184 0.9776508
vt 0.5188329 0.9779719
vt 0.5188329 0.9488349
vt 0.4991185 0.9491386
vt 0.1140032 0.8437012
vt 0.108639 0.8437324
vt 0.1096837 0.9257954
vt 0.1140143 0.9257702
vt 0.1184284 0.9257954
vt 0.1060959 0.9258671
vt 0.1041949 0.8438212
vt 0.1194709 0.8437324
vt 0.122254 0.9258671
vt 0.1242097 0.8438212
vt 0.9256427 0.6677064
vt 0.9233158 0.6531793
vt 0.9222373 0.6584649
vt 0.9256427 0.6386527
vt 0.9191661 0.6629456
vt 0.9250041 0.6686379
vt 0.9177293 0.6733761
vt 0.9145699 0.6659393
vt 0.9095805 0.6749555
vt 0.9091482 0.6669901
vt 0.9222373 0.6478934
vt 0.9191661 0.6434121
vt 0.9250042 0.6377211
vt 0.9177294 0.6329813
vt 0.9145698 0.6404175
vt 0.9091481 0.6313163
vt 0.9091482 0.6393655
vt 0.9037264 0.6404163
vt 0.9005668 0.6329795
vt 0.8991301 0.64341
vt 0.893292 0.6377177
vt 0.8926842 0.6386045
vt 0.909148 0.6750394
vt 0.9037264 0.6659381
vt 0.9005668 0.6733743
vt 0.89913 0.6629435
vt 0.893292 0.6686346
vt 0.8926842 0.6677477
vt 0.8949805 0.6531763
vt 0.8960589 0.6584622
vt 0.8960589 0.6478907
vt 0.6493031 0.9079823
vt 0.6493031 0.9612328
vt 0.6660696 0.9612315
vt 0.6660696 0.907981
vt 0.6694724 0.9612612
vt 0.6459145 0.9080126
vt 0.6459145 0.9612631
vt 0.6694724 0.9080107
vt 0.1213315 0.9795676
vt 0.1213315 0.927291
vt 0.1081201 0.927293
vt 0.1252589 0.9798363
vt 0.1081201 0.9795696
vt 0.1041949 0.9275628
vt 0.1041949 0.9798395
vt 0.1252589 0.9275597
vt 0.5320331 0.8233483
vt 0.5188377 0.8233677
vt 0.5188377 0.8766038
vt 0.5320331 0.8765845
vt 0.5360239 0.8766203
vt 0.5360239 0.8233843
vt 0.5149856 0.823415
vt 0.5149856 0.8766512
vt 0.07661182 0.9439077
vt 0.07661185 0.9703087
vt 0.08216359 0.948716
vt 0.08053751 0.9453163
vt 0.08216359 0.9655015
vt 0.08053756 0.968901
vt 0.06340244 0.9703074
vt 0.06340241 0.9439063
vt 0.05785064 0.965499
vt 0.05785063 0.9487135
vt 0.05947675 0.9453141
vt 0.05947676 0.9688988
vt 0.5665662 0.9091959
vt 0.5665662 0.962455
vt 0.5833289 0.9624535
vt 0.5833289 0.9091945
vt 0.5866889 0.9624466
vt 0.5631362 0.9091896
vt 0.5631362 0.9624486
vt 0.5866888 0.9091876
vt 0.309099 0.9453152
vt 0.3090989 0.9717168
vt 0.3146506 0.9501231
vt 0.3130246 0.9467235
vt 0.3146506 0.9669089
vt 0.3130246 0.9703086
vt 0.2958898 0.9717167
vt 0.2958898 0.9453152
vt 0.2903382 0.9669089
vt 0.2903382 0.9501231
vt 0.2919642 0.9467234
vt 0.2919642 0.9703085
vt 0.996384 0.8631601
vt 0.996384 0.8425217
vt 0.9919542 0.8418255
vt 0.9919541 0.8638575
vt 0.9905138 0.2803837
vt 0.9905087 0.2992785
vt 0.9948365 0.299635
vt 0.9948365 0.2796115
vt 0.8224025 0.005108905
vt 0.8199865 0.001978913
vt 0.8195986 0.3037692
vt 0.8215918 0.3041758
vt 0.7027148 0.8890626
vt 0.7011676 0.8863981
vt 0.6948681 0.8910773
vt 0.69582 0.8925439
vt 0.6889904 0.8987007
vt 0.6902928 0.9004396
vt 0.6866345 0.9102133
vt 0.6886597 0.9101756
vt 0.6938447 0.9576253
vt 0.6955025 0.9573965
vt 0.6967543 0.963997
vt 0.694849 0.9658321
vt 0.7024785 0.9663889
vt 0.7027148 0.9696741
vt 0.05482967 0.8718588
vt 0.04793485 0.8683776
vt 0.04698295 0.8698442
vt 0.05328249 0.8745235
vt 0.04110525 0.8622204
vt 0.0424076 0.8604814
vt 0.03874929 0.8507072
vt 0.04077456 0.8507448
vt 0.04595961 0.8032919
vt 0.04761736 0.8035207
vt 0.0488692 0.7969198
vt 0.04696381 0.7950846
vt 0.05459337 0.7945275
vt 0.05482968 0.7912422
vt 0.9837773 0.01844816
vt 0.983808 0.007399817
vt 0.9689756 0.007427992
vt 0.968945 0.01847634
vt 0.9690391 0.06643724
vt 0.9690522 0.0007400985
vt 0.9838846 0.0007119224
vt 0.9838715 0.06640907
vt 0.9838846 0.07467531
vt 0.9690522 0.07470348
vt 0.9723158 0.6951563
vt 0.9723578 0.7426148
vt 0.987191 0.7426121
vt 0.987149 0.6951537
vt 0.9723276 0.6854922
vt 0.9871609 0.6854895
vt 0.9723656 0.6778215
vt 0.9871989 0.6778188
vt 0.9871989 0.7492576
vt 0.9723657 0.7492602
vt 0.4734221 0.9419287
vt 0.4767104 0.941928
vt 0.4767104 0.9270777
vt 0.4734221 0.9270784
vt 0.2543949 0.6937731
vt 0.2543949 0.6789616
vt 0.2470576 0.6786152
vt 0.2470576 0.6934266
vt 0.7813234 0.825227
vt 0.774055 0.8254163
vt 0.7740549 0.8402278
vt 0.7813234 0.8400385
vt 0.700534 0.3499897
vt 0.6948659 0.3498442
vt 0.6948659 0.3646701
vt 0.7005341 0.3648156
vt 0.9940096 0.6184236
vt 0.9876051 0.618685
vt 0.9876051 0.6335109
vt 0.9940096 0.6332495
vt 0.9664613 0.3643467
vt 0.9691821 0.3643369
vt 0.9691821 0.3494866
vt 0.9664613 0.3494964
vt 0.551584 0.9916561
vt 0.550566 0.9935989
vt 0.5582609 0.9911982
vt 0.554412 0.9873934
vt 0.5512905 0.9865471
vt 0.5562862 0.9817382
vt 0.5540208 0.9771794
vt 0.5559813 0.9772179
vt 0.5605679 0.9935989
vt 0.8199549 0.9862815
vt 0.8168334 0.9871281
vt 0.8196625 0.9913921
vt 0.8129853 0.9909341
vt 0.8206812 0.9933355
vt 0.8106787 0.9933355
vt 0.8149578 0.9814709
vt 0.8172222 0.9769106
vt 0.8152617 0.9769491
vt 0.4676979 0.6239281
vt 0.4765484 0.6239281
vt 0.4765917 0.6182413
vt 0.4677412 0.6182413
vt 0.467707 0.6284447
vt 0.4765575 0.6284447
vt 0.798964 0.9884475
vt 0.7989998 0.9789712
vt 0.7901511 0.9790062
vt 0.7901152 0.9884826
vt 0.7901511 0.9935769
vt 0.7989998 0.993542
vt 0.4134655 0.9919598
vt 0.4134655 0.983101
vt 0.4095835 0.9829806
vt 0.4095835 0.9918393
vt 0.2880436 0.9687613
vt 0.2880436 0.9599025
vt 0.2860829 0.9599019
vt 0.2860829 0.9687606
vt 0.8187845 0.8136994
vt 0.8187845 0.82256
vt 0.8211459 0.822503
vt 0.8211459 0.8136424
vt 0.7989783 0.995526
vt 0.7989998 0.993542
vt 0.7901511 0.9935769
vt 0.7901296 0.995561
vt 0.08358581 0.9925108
vt 0.0924298 0.9925152
vt 0.0924298 0.9825018
vt 0.08358581 0.9824974
vt 0.9853067 0.02964495
vt 0.9853067 0.05384466
vt 0.9897672 0.05315733
vt 0.9897672 0.02895763
vt 0.9924344 0.7685343
vt 0.9963383 0.7685524
vt 0.9963383 0.7468281
vt 0.9924344 0.74681
vt 0.9610981 0.9709594
vt 0.9566258 0.9702983
vt 0.9566258 0.9944909
vt 0.9610981 0.995152
vt 0.5374531 0.9978648
vt 0.5419447 0.9983788
vt 0.5419446 0.9765055
vt 0.5374531 0.9759915
vt 0.9655259 0.9717029
vt 0.9610981 0.9709594
vt 0.9610981 0.995152
vt 0.9655259 0.9958955
vt 0.5419447 0.9983788
vt 0.5463945 0.9989766
vt 0.5463945 0.9771033
vt 0.5419446 0.9765055
vt 0.9897672 0.02895763
vt 0.9897672 0.05315733
vt 0.9942076 0.05244239
vt 0.9942076 0.02824269
vt 0.1615695 0.9984095
vt 0.1654857 0.9983869
vt 0.1654857 0.9767352
vt 0.1615695 0.9767578
vt 0.4001073 0.9731328
vt 0.4001073 0.9492128
vt 0.396294 0.9492052
vt 0.396294 0.9731252
vt 0.994425 0.254306
vt 0.9905087 0.2543245
vt 0.9905087 0.2781444
vt 0.9944249 0.2781259
vt 0.1654857 0.9767352
vt 0.1654857 0.9983869
vt 0.1692851 0.9984447
vt 0.1692851 0.9767931
vt 0.994425 0.254306
vt 0.9944249 0.2781259
vt 0.9982243 0.2781877
vt 0.9982243 0.2543678
vt 0.7945454 0.3533124
vt 0.7872745 0.3558969
vt 0.7975571 0.3570279
vt 0.7872746 0.3606829
vt 0.7975571 0.3618139
vt 0.7902863 0.3643983
vt 0.7945455 0.3648668
vt 0.7902862 0.3528439
vt 0.2074157 0.9974058
vt 0.2074157 0.9755258
vt 0.2029352 0.9760665
vt 0.2029352 0.9979464
vt 0.8843853 0.2772194
vt 0.8916526 0.2698514
vt 0.881375 0.2735032
vt 0.881375 0.2687173
vt 0.8886424 0.2661351
vt 0.8843852 0.2656653
vt 0.8916526 0.2746372
vt 0.8886424 0.2776892
vt 0.1764883 0.9047483
vt 0.1837556 0.9021661
vt 0.173478 0.901032
vt 0.1837556 0.8973802
vt 0.173478 0.8962461
vt 0.1807454 0.8936639
vt 0.1764883 0.8931942
vt 0.1807454 0.9052181
vt 0.2029352 0.9979464
vt 0.2029352 0.9760665
vt 0.1984737 0.9766353
vt 0.1984737 0.9985153
vt 0.3923902 0.973104
vt 0.396294 0.9731252
vt 0.396294 0.9492052
vt 0.3923902 0.949184
vt 0.9886211 0.7468055
vt 0.9886211 0.7685298
vt 0.9924344 0.7685343
vt 0.9924344 0.74681
vt 0.801991 0.3643983
vt 0.8092619 0.3618139
vt 0.7989793 0.3606828
vt 0.8092619 0.3570279
vt 0.7989793 0.3558968
vt 0.8062502 0.3533124
vt 0.801991 0.3528439
vt 0.8062502 0.3648668
vt 0.3023992 0.9438914
vt 0.3146506 0.9438245
vt 0.3146506 0.8187117
vt 0.3023992 0.8187786
vt 0.7951946 0.904022
vt 0.7824987 0.9110451
vt 0.7877687 0.9117179
vt 0.7981319 0.9065256
vt 0.8008981 0.898841
vt 0.7996891 0.8943094
vt 0.8123256 0.8987207
vt 0.8141307 0.8949154
vt 0.8172899 0.9036324
vt 0.8210784 0.9027157
vt 0.8210784 0.9406282
vt 0.8172174 0.9405698
vt 0.7872862 0.916733
vt 0.7808241 0.9169958
vt 0.7828655 0.9400498
vt 0.7867301 0.9401083
vt 0.9633996 0.9294688
vt 0.9738512 0.9295222
vt 0.9738512 0.8044118
vt 0.9633996 0.8043585
vt 0.2629583 0.9162293
vt 0.2576894 0.9168989
vt 0.2703829 0.9239277
vt 0.2733196 0.9214265
vt 0.2760853 0.9291109
vt 0.2725298 0.9355182
vt 0.2875107 0.9292378
vt 0.2918369 0.9348501
vt 0.2924741 0.9243303
vt 0.2962618 0.925249
vt 0.2962618 0.8873455
vt 0.2924016 0.8874016
vt 0.2624759 0.9112151
vt 0.2560151 0.9109486
vt 0.2580561 0.8879012
vt 0.2619199 0.887845
vt 0.3611458 0.5762039
vt 0.36501 0.5762026
vt 0.36501 0.4510922
vt 0.3611458 0.4510936
vt 0.466877 0.7834851
vt 0.466877 0.9085965
vt 0.4746638 0.9086204
vt 0.4746639 0.7835089
vt 0.9010677 0.6778188
vt 0.8777167 0.6778232
vt 0.8777167 0.8029346
vt 0.9010677 0.8029303
vt 0.9060932 0.6778215
vt 0.9060932 0.8029329
vt 0.7932579 0.3514075
vt 0.8162284 0.3514201
vt 0.8162284 0.2263041
vt 0.7932579 0.2262915
vt 0.7872746 0.3514148
vt 0.7872745 0.2262989
vt 0.3652934 0.9192283
vt 0.3652934 0.7941179
vt 0.3538622 0.7941187
vt 0.3538622 0.919229
vt 0.9660014 0.2078921
vt 0.9660014 0.08277617
vt 0.9561921 0.0827967
vt 0.9543732 0.2079011
vt 0.3538622 0.919229
vt 0.3538622 0.7941187
vt 0.3489792 0.7941718
vt 0.3489792 0.9192821
vt 0.7420539 0.8849743
vt 0.7396238 0.7598461
vt 0.7251678 0.7598453
vt 0.7227317 0.8849743
vt 0.3160728 0.667574
vt 0.3160729 0.79269
vt 0.3529587 0.792694
vt 0.3529586 0.6675781
vt 0.6919872 0.7584214
vt 0.6994749 0.7583647
vt 0.6997144 0.6332535
vt 0.6903172 0.6332827
vt 0.7779155 0.6986914
vt 0.774055 0.6986927
vt 0.7740549 0.8238031
vt 0.7779155 0.8238018
vt 0.6997144 0.6332535
vt 0.6994749 0.7583647
vt 0.7373095 0.7584214
vt 0.737549 0.6333102
vt 0.749589 0.001149467
vt 0.7410347 0.02579198
vt 0.7563735 0.0007119224
vt 0.7701364 0.004429759
vt 0.7858523 0.02449504
vt 0.7854035 0.01563152
vt 0.7725188 0.1236702
vt 0.7282294 0.1239358
vt 0.7858523 0.1497009
vt 0.7062674 0.1643105
vt 0.7026557 0.1303259
vt 0.7828829 0.1322529
vt 0.7815017 0.008719824
vt 0.743452 0.003784084
vt 0.7369678 0.01885643
vt 0.7380829 0.008624127
vt 0.7368226 0.01112172
vt 0.561714 0.6066581
vt 0.5040906 0.632426
vt 0.5483803 0.6326967
vt 0.5587445 0.6241121
vt 0.516896 0.7306071
vt 0.561714 0.7319096
vt 0.5459979 0.7519804
vt 0.532235 0.755698
vt 0.5254504 0.7552595
vt 0.5193134 0.7526233
vt 0.5128291 0.7375447
vt 0.5139442 0.7477809
vt 0.5126839 0.7452822
vt 0.5612652 0.7407763
vt 0.5573633 0.7476901
vt 0.4821284 0.5920341
vt 0.4785167 0.6260307
vt 0.4059254 0.7996784
vt 0.4133794 0.7996589
vt 0.4131243 0.7894517
vt 0.4211981 0.7894234
vt 0.4056703 0.7894711
vt 0.4214532 0.7996306
vt 0.4294565 0.7995922
vt 0.4292014 0.789385
vt 0.436754 0.7995505
vt 0.4364989 0.7893433
vt 0.441177 0.9612796
vt 0.4485651 0.9666049
vt 0.4485511 0.9271055
vt 0.4565884 0.9270959
vt 0.441177 0.9271142
vt 0.4565983 0.9665954
vt 0.4646316 0.9665859
vt 0.4646257 0.9270864
vt 0.4719999 0.9612431
vt 0.4719999 0.9270777
vt 0.6420956 0.8734185
vt 0.634704 0.8702358
vt 0.6334774 0.8802305
vt 0.6419573 0.8838701
vt 0.6418378 0.8967853
vt 0.6335949 0.8976991
vt 0.6263666 0.8789786
vt 0.6262328 0.8980671
vt 0.6189754 0.8977832
vt 0.6188859 0.9045793
vt 0.6193492 0.8803119
vt 0.611016 0.8969627
vt 0.6111355 0.8840476
vt 0.6110306 0.9037269
vt 0.6111165 0.9102376
vt 0.618819 0.9176155
vt 0.6112738 0.9163776
vt 0.6112738 0.873596
vt 0.6186305 0.8703284
vt 0.626259 0.9048489
vt 0.6264781 0.9198112
vt 0.6341466 0.9175273
vt 0.6343498 0.9227514
vt 0.6337278 0.9044939
vt 0.6420956 0.9162001
vt 0.6189455 0.9228401
vt 0.6266474 0.9249677
vt 0.6419383 0.9100602
vt 0.6418524 0.9035495
vt 0.9705518 0.7720191
vt 0.9442539 0.772077
vt 0.9500661 0.7806831
vt 0.9704951 0.7795761
vt 0.9520461 0.7876936
vt 0.9704951 0.7876183
vt 0.9704951 0.7956606
vt 0.9500661 0.7946087
vt 0.9705518 0.8028768
vt 0.9442539 0.8029346
vt 0.4059874 0.6850947
vt 0.4134414 0.6850752
vt 0.4133454 0.6776028
vt 0.4214192 0.6775745
vt 0.4058914 0.6776223
vt 0.4134525 0.6938916
vt 0.4059985 0.693911
vt 0.4131243 0.7894517
vt 0.4056703 0.7894711
vt 0.4211981 0.7894234
vt 0.4215263 0.6938633
vt 0.4295296 0.6938249
vt 0.4215153 0.6850469
vt 0.4295186 0.6850085
vt 0.4294225 0.6775362
vt 0.4368161 0.6849669
vt 0.4368272 0.6937832
vt 0.4292014 0.789385
vt 0.4364989 0.7893433
vt 0.43672 0.6774945
vt 0.4281658 0.6678511
vt 0.4211261 0.6666409
vt 0.4140345 0.6679097
vt 0.7135137 0.8551197
vt 0.7136604 0.8625687
vt 0.7212861 0.8626325
vt 0.705964 0.8551251
vt 0.7211394 0.8551835
vt 0.7061107 0.8625741
vt 0.6984251 0.8626752
vt 0.6982785 0.8552262
vt 0.7061729 0.8706218
vt 0.6904638 0.862848
vt 0.7061729 0.8706218
vt 0.7137623 0.8706016
vt 0.7061548 0.8751587
vt 0.7213095 0.8703113
vt 0.7137865 0.8747767
vt 0.7212753 0.8726038
vt 0.6984438 0.8707088
vt 0.7061548 0.8751587
vt 0.6904873 0.8705268
vt 0.698382 0.8748844
vt 0.6904531 0.8728193
vt 0.6903172 0.855399
vt 0.4059985 0.8173844
vt 0.4134525 0.8173649
vt 0.4133794 0.7996589
vt 0.4214532 0.7996306
vt 0.4059254 0.7996784
vt 0.4215263 0.8173366
vt 0.4295296 0.8172982
vt 0.4294565 0.7995922
vt 0.4368272 0.8172566
vt 0.436754 0.7995505
vt 0.7130684 0.7640997
vt 0.7135137 0.8551197
vt 0.7211394 0.8551835
vt 0.7061869 0.7655774
vt 0.7213095 0.7598453
vt 0.705964 0.8551251
vt 0.2192271 0.9017459
vt 0.2192271 0.8207393
vt 0.2118569 0.8207368
vt 0.2118544 0.9049686
vt 0.203824 0.820734
vt 0.2038206 0.9064219
vt 0.1957889 0.9049632
vt 0.1957911 0.8207313
vt 0.1884209 0.9017354
vt 0.1884209 0.8207288
vt 0.6903172 0.855399
vt 0.6982785 0.8552262
vt 0.6991588 0.7641969
vt 0.7061869 0.7655774
vt 0.6904873 0.7600608
vt 0.705964 0.8551251
vt 0.3646377 0.6678032
vt 0.3570314 0.667574
vt 0.3543809 0.712049
vt 0.3646377 0.7428594
vt 0.9330433 0.6778188
vt 0.9075153 0.6778188
vt 0.9107842 0.7079414
vt 0.9303722 0.7079414
vt 0.9107941 0.7525104
vt 0.930382 0.7525104
vt 0.9419188 0.6288378
vt 0.9494957 0.6317988
vt 0.9494957 0.6062636
vt 0.9419132 0.6092418
vt 0.1847126 0.7715057
vt 0.1847126 0.6964961
vt 0.1745052 0.7274202
vt 0.1771543 0.7719101
vt 0.8143716 0.3634658
vt 0.8143716 0.3528439
vt 0.8106841 0.3536245
vt 0.8106841 0.3642465
vt 0.9861829 0.6304578
vt 0.9861829 0.6184272
vt 0.9819018 0.6184551
vt 0.9819018 0.6304857
vt 0.9819018 0.6184551
vt 0.9776861 0.6184236
vt 0.9776861 0.6304542
vt 0.9819018 0.6304857
vt 0.4894078 0.9926488
vt 0.4931092 0.991847
vt 0.4931092 0.9813702
vt 0.4894078 0.9821721
vt 0.4931092 0.991847
vt 0.4966842 0.9927775
vt 0.4966842 0.9823008
vt 0.4931092 0.9813702
vt 0.5064996 0.9793962
vt 0.5064996 0.9914289
vt 0.510762 0.9914378
vt 0.510762 0.9794051
vt 0.4785168 0.9843098
vt 0.4785167 0.9884
vt 0.4852122 0.991245
vt 0.4879856 0.9883331
vt 0.4879856 0.9842429
vt 0.4812901 0.9813979
vt 0.4852122 0.9813702
vt 0.4812901 0.9912727
vt 0.510762 0.9914378
vt 0.5149981 0.9914284
vt 0.5149981 0.9793957
vt 0.510762 0.9794051
vt 0.8179624 0.3537187
vt 0.8143716 0.3528439
vt 0.8143716 0.3634658
vt 0.8179624 0.3643406
vt 0.1247227 0.9841165
vt 0.118006 0.9813122
vt 0.1247227 0.9882003
vt 0.1152239 0.9842343
vt 0.1219405 0.9911225
vt 0.1152239 0.9883182
vt 0.118006 0.9911714
vt 0.1219405 0.9812633
vt 0.9894481 0.2528822
vt 0.9893737 0.2418602
vt 0.9833798 0.2418564
vt 0.9832013 0.2528782
vt 0.9834192 0.2313747
vt 0.9893573 0.2313785
vt 0.9893737 0.2207983
vt 0.9833798 0.2207945
vt 0.9894481 0.2093288
vt 0.9832013 0.209325
vt 0.6273064 0.6139841
vt 0.6055688 0.7344677
vt 0.6273063 0.7357096
vt 0.6196356 0.7399523
vt 0.6055646 0.7431805
vt 0.5914846 0.7399728
vt 0.6055407 0.6122304
vt 0.583802 0.6140157
vt 0.6160635 0.6069876
vt 0.6055422 0.6054531
vt 0.5950253 0.6070029
vt 0.583802 0.7357412
vt 0.354445 0.7878138
vt 0.3621855 0.7878279
vt 0.361626 0.7803379
vt 0.3544085 0.7803249
vt 0.361201 0.7663993
vt 0.3543809 0.7663869
vt 0.3544085 0.7521569
vt 0.361626 0.75217
vt 0.354445 0.7442832
vt 0.3621855 0.7442973
vt 0.8923282 0.8590823
vt 0.8990944 0.8045826
vt 0.8892564 0.8486701
vt 0.8928503 0.8043585
vt 0.8990944 0.9263352
vt 0.8915232 0.8849089
vt 0.8778796 0.8577246
vt 0.8777167 0.8534659
vt 0.8887019 0.8925764
vt 0.8913484 0.92623
vt 0.8806064 0.8837099
vt 0.9151276 0.8715867
vt 0.9218937 0.8043585
vt 0.9143227 0.8457689
vt 0.9218937 0.926069
vt 0.912056 0.8819948
vt 0.91565 0.9262918
vt 0.9006795 0.8729412
vt 0.9005166 0.8771984
vt 0.9115015 0.8381035
vt 0.9141479 0.804462
vt 0.9034062 0.8469654
vt 0.9832243 0.299505
vt 0.9890864 0.2996977
vt 0.9888861 0.2876608
vt 0.9832013 0.2875802
vt 0.9888504 0.2767483
vt 0.9832115 0.2767543
vt 0.9832127 0.2660712
vt 0.9888976 0.2659811
vt 0.9832624 0.2544912
vt 0.9890864 0.254306
vt 0.1027727 0.7377993
vt 0.08032928 0.7341185
vt 0.09106712 0.7407821
vt 0.08031878 0.742368
vt 0.06956694 0.740805
vt 0.05785063 0.7361931
vt 0.1027727 0.6101594
vt 0.08032168 0.611973
vt 0.09463431 0.6056047
vt 0.08031618 0.6023457
vt 0.06600489 0.6056351
vt 0.05787051 0.6102071
vt 0.0538976 0.7426738
vt 0.05448781 0.734274
vt 0.04702712 0.7344518
vt 0.0468782 0.7427414
vt 0.05346365 0.757194
vt 0.04685317 0.757174
vt 0.0468782 0.7713975
vt 0.0538976 0.7715058
vt 0.04702719 0.7793958
vt 0.05448781 0.7796027
vt 0.921179 0.4079442
vt 0.9285621 0.366457
vt 0.9183559 0.4006731
vt 0.9210863 0.3664095
vt 0.9209965 0.434846
vt 0.928562 0.492534
vt 0.9102609 0.4091267
vt 0.918586 0.4445768
vt 0.9227056 0.4928286
vt 0.9070527 0.4397655
vt 0.9069105 0.4360962
vt 0.5539065 0.8165184
vt 0.5608189 0.7574057
vt 0.5512547 0.8070672
vt 0.5404437 0.8152301
vt 0.5402328 0.8119064
vt 0.5550026 0.7571219
vt 0.5608187 0.885178
vt 0.5530774 0.8440173
vt 0.5501938 0.8509493
vt 0.5533454 0.8852355
vt 0.5438471 0.8432006
vt 0.5645077 0.8655027
vt 0.5722024 0.8612792
vt 0.5719114 0.8601102
vt 0.5636533 0.8648602
vt 0.5862917 0.8580804
vt 0.5863249 0.8568509
vt 0.6007108 0.860142
vt 0.6003534 0.8613102
vt 0.608012 0.8655507
vt 0.6089311 0.8649102
vt 0.4760861 0.8012561
vt 0.4760975 0.8125388
vt 0.4770927 0.8108585
vt 0.4770927 0.8000856
vt 0.5643636 0.8990873
vt 0.563348 0.899074
vt 0.5631362 0.9066855
vt 0.5640948 0.9077637
vt 0.7836834 0.2637025
vt 0.7856898 0.2643918
vt 0.7856898 0.2374999
vt 0.7566139 0.8562343
vt 0.765208 0.8499644
vt 0.7641816 0.8485165
vt 0.7553231 0.8549657
vt 0.748703 0.8636948
vt 0.7501783 0.8647025
vt 0.7436294 0.8753923
vt 0.747056 0.8775647
vt 0.7748275 0.8424864
vt 0.7781355 0.8470882
vt 0.5536172 0.7626897
vt 0.5501052 0.8070078
vt 0.5512547 0.8070672
vt 0.5550026 0.7571219
vt 0.4760861 0.814634
vt 0.4760957 0.825612
vt 0.4770865 0.8232334
vt 0.4770865 0.8139626
vt 0.7788839 0.948869
vt 0.7788838 0.9343506
vt 0.777832 0.9347013
vt 0.7768345 0.94886
vt 0.8206533 0.3605807
vt 0.8195986 0.3605977
vt 0.8196076 0.3642706
vt 0.8206533 0.3648346
vt 0.820105 0.7763463
vt 0.8201044 0.8021858
vt 0.8211169 0.8029372
vt 0.8211169 0.7754256
vt 0.4760861 0.7980035
vt 0.4770881 0.7986617
vt 0.4770881 0.7851337
vt 0.4760877 0.7834851
vt 0.1256319 0.9211774
vt 0.126679 0.921849
vt 0.126679 0.9105662
vt 0.1256319 0.9098946
vt 0.608012 0.8655507
vt 0.6078679 0.8991353
vt 0.6089311 0.8991156
vt 0.6089311 0.8649102
vt 0.3449623 0.9424696
vt 0.344974 0.9510583
vt 0.3460239 0.9500932
vt 0.3460239 0.941538
vt 0.5385744 0.8118251
vt 0.5387452 0.8160835
vt 0.5404437 0.8152301
vt 0.5402328 0.8119064
vt 0.747056 0.8775647
vt 0.7436294 0.8753923
vt 0.7773926 0.909967
vt 0.7781355 0.9092174
vt 0.5645077 0.8655027
vt 0.5636533 0.8648602
vt 0.563348 0.899074
vt 0.5643636 0.8990873
vt 0.1865381 0.8941922
vt 0.1854906 0.8931942
vt 0.1854905 0.9041722
vt 0.1865381 0.9051701
vt 0.9133335 0.0007119224
vt 0.9133335 0.3165582
vt 0.9175523 0.316583
vt 0.9175524 0.0007366529
vt 0.9189747 0.0007135688
vt 0.9189746 0.3165566
vt 0.9250937 0.316555
vt 0.9250938 0.0007119224
vt 0.475862 0.6168147
vt 0.475862 0.3009745
vt 0.4716822 0.3009433
vt 0.4716822 0.6167836
vt 0.4716822 0.6167836
vt 0.4716822 0.3009433
vt 0.4676979 0.3009773
vt 0.4676979 0.6168175
vt 0.983541 0.6750476
vt 0.9786457 0.6685063
vt 0.9786457 0.6736155
vt 0.983541 0.6648292
vt 0.9884363 0.6713706
vt 0.9884363 0.6662613
vt 0.2531787 0.6771913
vt 0.2531787 0.3613368
vt 0.2470576 0.3613366
vt 0.2470576 0.677191
vt 0.9093925 0.0007398439
vt 0.9093925 0.3165862
vt 0.9133335 0.3165582
vt 0.9133335 0.0007119224
vt 0.4340718 0.984273
vt 0.425906 0.990402
vt 0.4340718 0.9904014
vt 0.4299889 0.9934659
vt 0.425906 0.9842737
vt 0.4299889 0.9812091
vt 0.9563793 0.9319652
vt 0.9563793 0.8043815
vt 0.9532613 0.8043774
vt 0.9532612 0.9319611
vt 0.9505605 0.8043629
vt 0.9505605 0.9319465
vt 0.9594399 0.9319586
vt 0.95944 0.8043749
vt 0.9619774 0.9319421
vt 0.9619774 0.8043585
vt 0.9374052 0.8043832
vt 0.9374052 0.9319656
vt 0.9400485 0.9319478
vt 0.9400484 0.8043653
vt 0.9432064 0.9319409
vt 0.9432064 0.8043585
vt 0.9463984 0.931946
vt 0.9463984 0.8043637
vt 0.9491383 0.9319624
vt 0.9491383 0.8043801
vt 0.8760778 0.9520723
vt 0.8760778 0.8244911
vt 0.8733999 0.8244728
vt 0.8733999 0.9520541
vt 0.8702888 0.8244672
vt 0.8702887 0.9520484
vt 0.867218 0.824475
vt 0.867218 0.9520562
vt 0.864655 0.824495
vt 0.864655 0.9520762
vt 0.8212028 0.7345116
vt 0.8212028 0.6069246
vt 0.8185269 0.606916
vt 0.8185269 0.7345029
vt 0.8153567 0.6069129
vt 0.8153567 0.7344998
vt 0.8121749 0.6069158
vt 0.8121749 0.7345027
vt 0.8094657 0.6069241
vt 0.8094657 0.734511
vt 0.603969 0.9834366
vt 0.588111 0.9803519
vt 0.6027619 0.9864404
vt 0.588111 0.9835904
vt 0.6005315 0.988752
vt 0.5893182 0.9865707
vt 0.5915486 0.9888391
vt 0.5976172 0.9900196
vt 0.5944629 0.9900501
vt 0.5893182 0.9773481
vt 0.603969 0.9801982
vt 0.5915487 0.9750365
vt 0.602762 0.9772179
vt 0.6005315 0.9749495
vt 0.5944629 0.9737689
vt 0.5976173 0.9737384
vt 0.306201 0.9829991
vt 0.2915457 0.9858412
vt 0.3049935 0.9859791
vt 0.2937768 0.9881544
vt 0.3027624 0.9882465
vt 0.2966919 0.9894238
vt 0.2998472 0.9894561
vt 0.306201 0.9797602
vt 0.2903382 0.9828365
vt 0.3049935 0.9767555
vt 0.2903382 0.9795976
vt 0.2915457 0.9766176
vt 0.3027624 0.9744424
vt 0.2937768 0.9743503
vt 0.2998472 0.973173
vt 0.2966919 0.9731406
vt 0.43945 0.7751879
vt 0.4382493 0.7749353
vt 0.438374 0.7819315
vt 0.4395761 0.7815008
vt 0.9840161 0.1155803
vt 0.9765453 0.1154357
vt 0.9759958 0.1434956
vt 0.9834667 0.1436402
vt 0.9846727 0.1436636
vt 0.9806667 0.1013587
vt 0.9842933 0.1014289
vt 0.9852222 0.1156036
vt 0.9844092 0.09551113
vt 0.9854993 0.1014523
vt 0.9769028 0.09432984
vt 0.9846522 0.08310105
vt 0.9856152 0.09553447
vt 0.9858582 0.08312439
vt 0.9769064 0.08295111
vt 0.9674236 0.09273069
vt 0.9678687 0.08277617
vt 0.6072942 0.909188
vt 0.5979151 0.9091876
vt 0.5979151 0.938232
vt 0.6072942 0.9382324
vt 0.601864 0.9532283
vt 0.6072942 0.9532285
vt 0.6072942 0.9594997
vt 0.5979151 0.9594992
vt 0.5979151 0.9723141
vt 0.588111 0.9609984
vt 0.5883834 0.9723136
vt 0.6072942 0.9723145
vt 0.4395761 0.7602345
vt 0.4395761 0.7311913
vt 0.4383722 0.7327572
vt 0.4383722 0.7608223
vt 0.43945 0.7751879
vt 0.4382493 0.7749353
vt 0.9872804 0.1111695
vt 0.9872804 0.1261649
vt 0.9904183 0.1261638
vt 0.9904183 0.1111684
vt 0.9872804 0.08212631
vt 0.9904183 0.08212525
vt 0.9904183 0.1324347
vt 0.9872804 0.1324357
vt 0.9904183 0.1452489
vt 0.9872804 0.14525
vt 0.9844406 0.1452226
vt 0.9858582 0.14525
vt 0.9846727 0.1436636
vt 0.9834667 0.1436402
vt 0.9750664 0.1450411
vt 0.9759958 0.1434956
vt 0.9931684 0.8139015
vt 0.9919677 0.8144906
vt 0.9919677 0.8222495
vt 0.9931684 0.8232917
vt 0.9919677 0.8234577
vt 0.9919677 0.8054373
vt 0.9931684 0.8043585
vt 0.9931684 0.8247118
vt 0.4394608 0.8834956
vt 0.4382497 0.8838401
vt 0.4382493 0.8937986
vt 0.4394608 0.8948075
vt 0.05510514 0.9656577
vt 0.05629878 0.9664553
vt 0.05629878 0.9569036
vt 0.0551064 0.9558117
vt 0.2997446 0.8690221
vt 0.2997446 0.8818367
vt 0.3009769 0.8808482
vt 0.3009769 0.8684356
vt 0.2997446 0.8627511
vt 0.3009769 0.8625165
vt 0.3009769 0.8483624
vt 0.2997446 0.8477554
vt 0.3009769 0.8202967
vt 0.2997446 0.8187117
vt 0.355799 0.7892517
vt 0.3543809 0.7892527
vt 0.3543809 0.7923942
vt 0.355799 0.7923933
vt 0.2997446 0.8477554
vt 0.2997446 0.8187117
vt 0.2966084 0.8187129
vt 0.2966084 0.8477566
vt 0.2997446 0.8627511
vt 0.2966084 0.8627524
vt 0.2997446 0.8690221
vt 0.2966084 0.8690233
vt 0.2997446 0.8818367
vt 0.2966084 0.8818378
vt 0.4396678 0.6794558
vt 0.4396678 0.6666409
vt 0.4382493 0.6666409
vt 0.4382493 0.6794558
vt 0.4396678 0.6857269
vt 0.4382493 0.6857269
vt 0.4396678 0.7007231
vt 0.4382493 0.700723
vt 0.4396678 0.7297675
vt 0.4382493 0.7297674
vt 0.9931684 0.8232917
vt 0.9931684 0.8247118
vt 0.996307 0.8247115
vt 0.996307 0.8232914
vt 0.9953123 0.8806899
vt 0.9965241 0.8806661
vt 0.9965241 0.8691685
vt 0.9953123 0.8868991
vt 0.9953123 0.8679309
vt 0.9965241 0.8868752
vt 0.9965241 0.8879855
vt 0.9953123 0.8885347
vt 0.1867986 0.7861181
vt 0.1867986 0.7733339
vt 0.1856077 0.7745821
vt 0.1856077 0.7873663
vt 0.9547477 0.001843116
vt 0.9534879 0.02153139
vt 0.9662305 0.01546914
vt 0.9485466 0.001844788
vt 0.9662305 0.001840019
vt 0.9485466 0.02153272
vt 0.9485466 0.06441779
vt 0.9474378 0.02153301
vt 0.9474378 0.001845085
vt 0.9534879 0.06498557
vt 0.9485466 0.07037052
vt 0.9474377 0.06441808
vt 0.9547477 0.07036884
vt 0.9600522 0.06606608
vt 0.9600522 0.0698559
vt 0.9474377 0.07037081
vt 0.9662305 0.001840019
vt 0.9662305 0.01546914
vt 0.9675227 0.01548029
vt 0.9675227 0.0007119224
vt 0.9635171 0.6240491
vt 0.9762639 0.6240497
vt 0.9762639 0.6092808
vt 0.9635171 0.6032211
vt 0.9573139 0.6032208
vt 0.9635171 0.5603345
vt 0.9573139 0.6240488
vt 0.9573139 0.5603342
vt 0.9635171 0.5537074
vt 0.9691894 0.5592545
vt 0.9573139 0.5537072
vt 0.9691894 0.5542213
vt 0.1027727 0.8141304
vt 0.1027727 0.7933033
vt 0.09941579 0.7933045
vt 0.09941579 0.8141315
vt 0.0994158 0.7504198
vt 0.1027727 0.7504187
vt 0.0994158 0.743793
vt 0.1027727 0.7437919
vt 0.9534879 0.02153139
vt 0.9534879 0.06498557
vt 0.9547802 0.06442762
vt 0.9547802 0.02154254
vt 0.364501 0.5984552
vt 0.364501 0.5776278
vt 0.3611458 0.5776291
vt 0.3657004 0.5787711
vt 0.3611458 0.5984565
vt 0.3645009 0.6413407
vt 0.3657004 0.5984592
vt 0.3657004 0.6413448
vt 0.3657004 0.6472976
vt 0.3645009 0.6479676
vt 0.3611458 0.641342
vt 0.3611458 0.6479689
vt 0.3623386 0.655075
vt 0.3611458 0.6550727
vt 0.3611458 0.6612833
vt 0.3623386 0.6612855
vt 0.3611458 0.6623938
vt 0.3612749 0.6497622
vt 0.3621847 0.6493928
vt 0.3623386 0.6629215
vt 0.3656962 0.6629212
vt 0.3656962 0.6612852
vt 0.8201044 0.8100597
vt 0.8212778 0.811329
vt 0.8212778 0.8047358
vt 0.8203726 0.804361
vt 0.9953123 0.8885347
vt 0.9953123 0.8868991
vt 0.9919553 0.8868968
vt 0.9919553 0.8885323
vt 0.6444229 0.6054531
vt 0.6435177 0.6060186
vt 0.6435177 0.6098084
vt 0.6444229 0.6104861
vt 0.7836834 0.1657343
vt 0.7836834 0.1865623
vt 0.7853174 0.1865623
vt 0.7853174 0.1657344
vt 0.7853174 0.229449
vt 0.7836834 0.2294489
vt 0.7853174 0.236076
vt 0.7836834 0.236076
vt 0.3489515 0.2695615
vt 0.3501671 0.2750349
vt 0.3659156 0.2690227
vt 0.3651557 0.2649029
vt 0.3627321 0.2580768
vt 0.3466113 0.2637806
vt 0.3591239 0.249207
vt 0.34321 0.2546479
vt 0.3372885 0.2322076
vt 0.3528596 0.2268832
vt 0.3333122 0.2075469
vt 0.3491421 0.2040395
vt 0.3309003 0.184413
vt 0.347205 0.1808197
vt 0.3296242 0.1579298
vt 0.3470528 0.1545032
vt 0.3296379 0.1345402
vt 0.3475536 0.1310325
vt 0.3491524 0.09797223
vt 0.3317097 0.09198777
vt 0.3527927 0.07491516
vt 0.3351437 0.0688615
vt 0.3659156 0.02687229
vt 0.3471194 0.02152863
vt 0.4409544 0.1657068
vt 0.4430698 0.2082522
vt 0.4605061 0.2022548
vt 0.4641618 0.2253104
vt 0.4588736 0.1691963
vt 0.4583488 0.145726
vt 0.4465171 0.2313778
vt 0.4770945 0.2726032
vt 0.4583243 0.2780268
vt 0.4409167 0.1423172
vt 0.4584741 0.1194094
vt 0.4421657 0.1158327
vt 0.4603875 0.09618763
vt 0.444554 0.09269632
vt 0.4640816 0.07334013
vt 0.4485051 0.06803162
vt 0.4703231 0.05100998
vt 0.4544036 0.04558523
vt 0.4577956 0.03644906
vt 0.4739222 0.04213642
vt 0.4601299 0.03066578
vt 0.4763388 0.03530791
vt 0.4770945 0.03118731
vt 0.4613399 0.02519116
vt 0.9939769 0.714491
vt 0.9939769 0.677819
vt 0.9886211 0.6778188
vt 0.9886212 0.714491
vt 0.404248 0.798493
vt 0.4041086 0.7788687
vt 0.3675004 0.778195
vt 0.3676398 0.7978193
vt 0.4040194 0.7606865
vt 0.3674111 0.7600129
vt 0.4039461 0.7350376
vt 0.3673378 0.734364
vt 0.3676396 0.6666409
vt 0.4042481 0.667252
vt 0.5605679 0.938957
vt 0.5525963 0.9390991
vt 0.5525963 0.9757555
vt 0.5605679 0.9756134
vt 0.6825415 0.8410336
vt 0.6459145 0.8412793
vt 0.6459146 0.9065573
vt 0.677139 0.8365368
vt 0.6825415 0.9063115
vt 0.6513097 0.8367101
vt 0.6728419 0.8216234
vt 0.6555825 0.8217392
vt 0.3145044 0.7669575
vt 0.2972454 0.7668089
vt 0.2972711 0.7864088
vt 0.3144903 0.7490546
vt 0.3145302 0.7865573
vt 0.2973191 0.8025057
vt 0.3145781 0.8026542
vt 0.2973915 0.8171393
vt 0.3146506 0.8172879
vt 0.2972313 0.7489061
vt 0.2972239 0.7230957
vt 0.314483 0.7232442
vt 0.2972541 0.7034187
vt 0.3145131 0.703571
vt 0.3146506 0.6596056
vt 0.2973943 0.6587434
vt 0.9892243 0.7870353
vt 0.971974 0.7874489
vt 0.9719985 0.7948795
vt 0.989256 0.7708077
vt 0.9892488 0.7944659
vt 0.9720057 0.8002877
vt 0.989256 0.7998741
vt 0.989237 0.802521
vt 0.9719867 0.8029346
vt 0.9720057 0.7712213
vt 0.4373116 0.1146481
vt 0.369456 0.1228375
vt 0.4357218 0.1411835
vt 0.3678503 0.1460197
vt 0.4356117 0.1645486
vt 0.3673378 0.1720494
vt 0.367912 0.195287
vt 0.4378735 0.209972
vt 0.3701004 0.2269116
vt 0.4412577 0.2331189
vt 0.388873 0.2995194
vt 0.4527233 0.2795726
vt 0.439844 0.09153759
vt 0.443873 0.0663216
vt 0.382349 0.01465481
vt 0.4496675 0.04383997
vt 0.4529967 0.03462411
vt 0.4566538 0.02327256
vt 0.383821 0.0007119224
vt 0.38095 0.005415006
vt 0.4553061 0.02915795
vt 0.620432 0.7621542
vt 0.583802 0.7621558
vt 0.5838021 0.8478765
vt 0.6204321 0.847875
vt 0.583802 0.7446059
vt 0.6204321 0.7446043
vt 0.3296242 0.1579298
vt 0.3296379 0.1345402
vt 0.3242964 0.1357038
vt 0.3317097 0.09198777
vt 0.3244305 0.1590688
vt 0.3265116 0.09027167
vt 0.3351437 0.0688615
vt 0.329883 0.0671244
vt 0.3471194 0.02152863
vt 0.3309003 0.184413
vt 0.3260475 0.1856026
vt 0.3333122 0.2075469
vt 0.3286035 0.2087104
vt 0.3415108 0.02000692
vt 0.3372885 0.2322076
vt 0.3326583 0.2339223
vt 0.34321 0.2546479
vt 0.3384757 0.256398
vt 0.3418143 0.2656104
vt 0.3466113 0.2637806
vt 0.3441292 0.2710742
vt 0.3489515 0.2695615
vt 0.3501671 0.2750349
vt 0.3454831 0.2769583
vt 0.4356117 0.1645486
vt 0.4409544 0.1657068
vt 0.4409167 0.1423172
vt 0.4357218 0.1411835
vt 0.4421657 0.1158327
vt 0.4373116 0.1146481
vt 0.444554 0.09269632
vt 0.439844 0.09153759
vt 0.4485051 0.06803162
vt 0.443873 0.0663216
vt 0.4544036 0.04558523
vt 0.4496675 0.04383997
vt 0.4529967 0.03462411
vt 0.4577956 0.03644906
vt 0.4553061 0.02915795
vt 0.4601299 0.03066578
vt 0.4613399 0.02519116
vt 0.4566538 0.02327256
vt 0.4465171 0.2313778
vt 0.4430698 0.2082522
vt 0.4378735 0.209972
vt 0.4412577 0.2331189
vt 0.4583243 0.2780268
vt 0.4527233 0.2795726
vt 0.3326583 0.2339223
vt 0.2711871 0.2856521
vt 0.3384757 0.256398
vt 0.2581835 0.1774827
vt 0.3286035 0.2087104
vt 0.3260475 0.1856026
vt 0.3244305 0.1590688
vt 0.2565542 0.1543021
vt 0.3242964 0.1357038
vt 0.2560151 0.1282729
vt 0.2565655 0.1050348
vt 0.3265116 0.09027167
vt 0.2587216 0.0734079
vt 0.329883 0.0671244
vt 0.2774349 0.0007119224
vt 0.3415108 0.02000692
vt 0.3418143 0.2656104
vt 0.3454831 0.2769583
vt 0.2726733 0.2995934
vt 0.2697975 0.2948933
vt 0.3441292 0.2710742
vt 0.9907341 0.5142522
vt 0.9937531 0.5137796
vt 0.9937531 0.4891914
vt 0.9907341 0.4896639
vt 0.9902784 0.9877887
vt 0.9937395 0.9883407
vt 0.9937395 0.9599286
vt 0.9902784 0.9593766
vt 0.986883 0.987286
vt 0.9902784 0.9877887
vt 0.9902784 0.9593766
vt 0.9868829 0.9588739
vt 0.9936928 0.4260405
vt 0.9966837 0.4254996
vt 0.9966837 0.4013266
vt 0.9936928 0.4018674
vt 0.9936928 0.4260405
vt 0.9936928 0.4018674
vt 0.9907386 0.4012859
vt 0.9907386 0.425459
vt 0.9954777 0.744327
vt 0.9954777 0.7159148
vt 0.9920821 0.7164176
vt 0.9920822 0.7448297
vt 0.9920822 0.7448297
vt 0.9920821 0.7164176
vt 0.9886212 0.7169695
vt 0.9886211 0.7453817
vt 0.9966763 0.5143529
vt 0.9966763 0.4897647
vt 0.9937531 0.4891914
vt 0.9937531 0.5137796
vt 0.6903172 0.88247
vt 0.6958447 0.8846626
vt 0.6903172 0.879123
vt 0.6981343 0.882224
vt 0.6926067 0.8766844
vt 0.6981343 0.878877
vt 0.6958447 0.8765825
vt 0.6926067 0.8847645
vt 0.8173623 0.819636
vt 0.8094658 0.8167518
vt 0.8150494 0.822432
vt 0.8094657 0.8203926
vt 0.8117785 0.8227454
vt 0.8173623 0.8159952
vt 0.8117786 0.8139558
vt 0.8150495 0.8136424
vt 0.9440772 0.3504766
vt 0.9362248 0.3504305
vt 0.9362264 0.3636335
vt 0.9440772 0.3648233
vt 0.800422 0.9789712
vt 0.800422 0.9946103
vt 0.808277 0.99357
vt 0.808277 0.9789714
vt 0.7808241 0.9992881
vt 0.7886931 0.9988821
vt 0.7886931 0.9789712
vt 0.7808241 0.9793772
vt 0.001634393 0.9710403
vt 0.0007111066 0.9930027
vt 0.01707422 0.9930027
vt 0.01516377 0.9704403
vt 0.1707073 0.9767352
vt 0.1707073 0.9974489
vt 0.1785585 0.9975306
vt 0.1785585 0.9768169
vt 0.8796434 0.9640518
vt 0.8777167 0.9866128
vt 0.8952397 0.9866128
vt 0.8943322 0.9646497
vt 0.1486965 0.7868036
vt 0.16178 0.7765616
vt 0.1358483 0.7756174
vt 0.1351424 0.7551306
vt 0.1667209 0.7579613
vt 0.1347157 0.721552
vt 0.173083 0.6965031
vt 0.1330249 0.6964961
vt 0.173083 0.7579624
vt 0.1285546 0.7012036
vt 0.1283632 0.7166041
vt 0.1610742 0.7871577
vt 0.1363188 0.7864496
vt 0.1463437 0.791512
vt 0.1363188 0.7913945
vt 0.05785065 0.9424825
vt 0.09473567 0.9423094
vt 0.09473567 0.9043514
vt 0.05785063 0.9045244
vt 0.7420539 0.8863991
vt 0.704137 0.8863981
vt 0.704137 0.9414693
vt 0.7420539 0.9414703
vt 0.02104444 0.6995108
vt 0.008196224 0.7106971
vt 0.03412796 0.7097528
vt 0.007490382 0.7311838
vt 0.0390688 0.7283531
vt 0.007063631 0.7647625
vt 0.008666785 0.6998649
vt 0.01869165 0.6948024
vt 0.008666776 0.6949199
vt 0.03342212 0.6991567
vt 0.04543096 0.7898113
vt 0.005372866 0.7898183
vt 0.0009025692 0.7851109
vt 0.0007111066 0.7697104
vt 0.04543096 0.7283521
vt 0.09615789 0.9423633
vt 0.1020839 0.9422956
vt 0.1020839 0.9043514
vt 0.09615789 0.9044191
vt 0.2846606 0.9369421
vt 0.2658132 0.9369423
vt 0.2658132 0.9749026
vt 0.2846606 0.9749025
vt 0.2560151 0.9749029
vt 0.2560151 0.9369425
vt 0.8210679 0.8573732
vt 0.7831637 0.8571776
vt 0.7831689 0.8772324
vt 0.8210731 0.8774282
vt 0.7831742 0.8878192
vt 0.8210784 0.8880149
vt 0.783171 0.8926899
vt 0.8210752 0.8928856
vt 0.7831742 0.8241784
vt 0.8210784 0.8243741
vt 0.935983 0.9367666
vt 0.9207978 0.9368302
vt 0.9207978 0.9747784
vt 0.935983 0.9747148
vt 0.158677 0.9509569
vt 0.1534153 0.9509569
vt 0.1534153 0.9889172
vt 0.158677 0.9889172
vt 0.9207978 0.9368302
vt 0.9153813 0.9367394
vt 0.9153813 0.9746876
vt 0.9207978 0.9747784
vt 0.9299844 0.4499576
vt 0.9299843 0.4879017
vt 0.9377003 0.4879687
vt 0.9377003 0.4500245
vt 0.8211228 0.7359353
vt 0.8094658 0.7360576
vt 0.8094657 0.7740018
vt 0.8211228 0.7738795
vt 0.05623289 0.6948024
vt 0.04685317 0.694906
vt 0.04685318 0.7328502
vt 0.0562329 0.7327466
vt 0.9435681 0.0009033162
vt 0.9435681 0.2631036
vt 0.9460155 0.262934
vt 0.9460155 0.0007337843
vt 0.9509179 0.3664378
vt 0.950918 0.6326376
vt 0.9534206 0.6326092
vt 0.9534205 0.3664095
vt 0.9534205 0.3664095
vt 0.9534206 0.6326092
vt 0.9558917 0.6326399
vt 0.9558917 0.3664401
vt 0.119951 0.3618201
vt 0.119951 0.6003509
vt 0.1223728 0.5998922
vt 0.1223728 0.3613615
vt 0.1223728 0.3613615
vt 0.1223728 0.5998922
vt 0.1247944 0.6003509
vt 0.1247944 0.3618203
vt 0.9479773 0.08280679
vt 0.9479772 0.3490067
vt 0.9504484 0.348976
vt 0.9504484 0.08277617
vt 0.535363 0.882681
vt 0.531105 0.878075
vt 0.5335993 0.8844612
vt 0.531105 0.8843709
vt 0.5293413 0.8798552
vt 0.5293413 0.882463
vt 0.5335993 0.8781652
vt 0.535363 0.8800731
vt 0.9504484 0.08277617
vt 0.9504484 0.348976
vt 0.952951 0.3490044
vt 0.952951 0.08280448
vt 0.9411737 0.0007119224
vt 0.9411737 0.2629121
vt 0.9435681 0.2631036
vt 0.9435681 0.0009033162
vt 0.5218515 0.8798847
vt 0.5236287 0.8843932
vt 0.5236286 0.878075
vt 0.5261419 0.884451
vt 0.5261419 0.8781328
vt 0.5279191 0.8826413
vt 0.5279191 0.8800241
vt 0.5218515 0.8825018
vt 0.5823798 0.02908882
vt 0.5675809 0.02355303
vt 0.5673113 0.02634708
vt 0.5822255 0.03051276
vt 0.5799221 0.03704656
vt 0.565029 0.03202336
vt 0.576225 0.04600671
vt 0.5615477 0.04124084
vt 0.5554975 0.06381948
vt 0.5698033 0.0686537
vt 0.5514358 0.08859799
vt 0.5659848 0.0917814
vt 0.5489749 0.1118207
vt 0.5639629 0.1152343
vt 0.5476605 0.1383883
vt 0.5637596 0.1417144
vt 0.5476321 0.1618566
vt 0.564195 0.1652779
vt 0.5656772 0.1985609
vt 0.5495993 0.2045306
vt 0.5693032 0.2219687
vt 0.5530302 0.2278156
vt 0.5823798 0.2702027
vt 0.5649439 0.275247
vt 0.5657078 0.3928325
vt 0.5496355 0.3868521
vt 0.5476259 0.4295188
vt 0.5641922 0.4261139
vt 0.5637335 0.4496769
vt 0.5693523 0.3694274
vt 0.5530788 0.3635683
vt 0.5822424 0.3219447
vt 0.5648239 0.3168211
vt 0.5476311 0.4529872
vt 0.5639106 0.4761572
vt 0.5489193 0.479556
vt 0.5659094 0.4996121
vt 0.5513573 0.5027812
vt 0.569705 0.5227436
vt 0.5553945 0.5275637
vt 0.5761044 0.5453969
vt 0.5614223 0.5501483
vt 0.5648945 0.5593692
vt 0.5797927 0.5543607
vt 0.5671713 0.5650478
vt 0.5820895 0.5608968
vt 0.5822424 0.5623209
vt 0.5674381 0.5678421
vt 0.4382493 0.8142861
vt 0.4397104 0.8142132
vt 0.4397104 0.7834787
vt 0.4382493 0.7833553
vt 0.8181396 0.1158259
vt 0.8181365 0.09680941
vt 0.7877007 0.0965084
vt 0.7877104 0.1155249
vt 0.8181301 0.1334801
vt 0.7877008 0.1331791
vt 0.8181764 0.1583455
vt 0.7875851 0.1580429
vt 0.7874173 0.2245056
vt 0.817786 0.2248676
vt 0.8181139 0.08064732
vt 0.7876781 0.08034629
vt 0.7873716 0.007844549
vt 0.8180432 0.008147917
vt 0.8181764 0.001017565
vt 0.7872745 0.0007119224
vt 0.252473 0.9196382
vt 0.252473 0.8589966
vt 0.2223691 0.8594245
vt 0.2474497 0.8549645
vt 0.2217801 0.9200745
vt 0.2274129 0.8552493
vt 0.2312056 0.8414485
vt 0.243718 0.8412706
vt 0.9359829 0.9353155
vt 0.935833 0.9150806
vt 0.9234644 0.9148348
vt 0.9234086 0.8964357
vt 0.9235103 0.9350677
vt 0.935758 0.8966811
vt 0.9233159 0.8698916
vt 0.935727 0.8701384
vt 0.9233838 0.8495737
vt 0.9357544 0.8498175
vt 0.923739 0.8048345
vt 0.9359829 0.8043585
vt 0.6833862 0.9744663
vt 0.683417 0.9655209
vt 0.6709113 0.9655209
vt 0.6708993 0.9449854
vt 0.6709417 0.9744663
vt 0.6834329 0.9807128
vt 0.6708946 0.9807128
vt 0.6834232 0.9818264
vt 0.6709042 0.9818264
vt 0.68343 0.9449854
vt 0.6709091 0.9259599
vt 0.6834216 0.9259599
vt 0.6709259 0.9079811
vt 0.6834064 0.907981
vt 0.550804 0.528972
vt 0.4941207 0.5805555
vt 0.5567163 0.5515631
vt 0.4807625 0.4720635
vt 0.5467021 0.5036626
vt 0.5441164 0.4804849
vt 0.5424848 0.4538807
vt 0.4791027 0.4490423
vt 0.5423309 0.4304462
vt 0.4785167 0.4231629
vt 0.4790222 0.4000643
vt 0.5444614 0.3849186
vt 0.4811767 0.3688059
vt 0.5478299 0.3616402
vt 0.4995637 0.2964103
vt 0.559248 0.3151075
vt 0.5601388 0.5608472
vt 0.5628999 0.5693707
vt 0.4937595 0.5906103
vt 0.4929512 0.589033
vt 0.5623693 0.5662429
vt 0.5476605 0.1383883
vt 0.5425152 0.1374898
vt 0.542338 0.160924
vt 0.5476321 0.1618566
vt 0.5495993 0.2045306
vt 0.5444231 0.2064604
vt 0.5530302 0.2278156
vt 0.5477798 0.2297398
vt 0.5489749 0.1118207
vt 0.5441729 0.1108871
vt 0.5514358 0.08859799
vt 0.5467817 0.08771207
vt 0.5649439 0.275247
vt 0.5593601 0.2769366
vt 0.5554975 0.06381948
vt 0.5509084 0.06240673
vt 0.5615477 0.04124084
vt 0.556843 0.03982143
vt 0.5602747 0.0305408
vt 0.565029 0.03202336
vt 0.5625107 0.02514727
vt 0.5673113 0.02634708
vt 0.5675809 0.02355303
vt 0.5630444 0.02201994
vt 0.5476311 0.4529872
vt 0.5476259 0.4295188
vt 0.5423309 0.4304462
vt 0.5424848 0.4538807
vt 0.5489193 0.479556
vt 0.5441164 0.4804849
vt 0.5513573 0.5027812
vt 0.5467021 0.5036626
vt 0.5553945 0.5275637
vt 0.550804 0.528972
vt 0.5614223 0.5501483
vt 0.5567163 0.5515631
vt 0.5601388 0.5608472
vt 0.5648945 0.5593692
vt 0.5623693 0.5662429
vt 0.5671713 0.5650478
vt 0.5674381 0.5678421
vt 0.5628999 0.5693707
vt 0.5496355 0.3868521
vt 0.5444614 0.3849186
vt 0.5530788 0.3635683
vt 0.5478299 0.3616402
vt 0.5648239 0.3168211
vt 0.559248 0.3151075
vt 0.5467817 0.08771207
vt 0.4808108 0.1192458
vt 0.5441729 0.1108871
vt 0.5425152 0.1374898
vt 0.4791282 0.1422654
vt 0.542338 0.160924
vt 0.4785167 0.1681442
vt 0.4789993 0.1912433
vt 0.5444231 0.2064604
vt 0.4811232 0.2225037
vt 0.5477798 0.2297398
vt 0.4994534 0.2949865
vt 0.5593601 0.2769366
vt 0.5509084 0.06240673
vt 0.4942761 0.01076709
vt 0.556843 0.03982143
vt 0.5602747 0.0305408
vt 0.5630444 0.02201994
vt 0.4939249 0.0007119224
vt 0.4931149 0.002288477
vt 0.5625107 0.02514727
vt 0.03732708 0.7914492
vt 0.0007111066 0.7912422
vt 0.003842945 0.7942947
vt 0.03420327 0.7944695
vt 0.03732708 0.8571245
vt 0.0007271367 0.8568165
vt 0.003853159 0.8556432
vt 0.006127863 0.8626747
vt 0.00899423 0.861228
vt 0.0129253 0.8788794
vt 0.01042246 0.8819163
vt 0.02765747 0.8821401
vt 0.02514699 0.8790852
vt 0.03193234 0.8629311
vt 0.03419743 0.8559194
vt 0.02906181 0.8614552
vt 0.7160031 0.9905449
vt 0.709709 0.9755577
vt 0.704137 0.990677
vt 0.7186644 0.9874861
vt 0.7186644 0.9719929
vt 0.9778877 0.7658034
vt 0.9868431 0.753875
vt 0.9841819 0.7508162
vt 0.9868431 0.7693682
vt 0.9723158 0.7506841
vt 0.6866345 0.9926825
vt 0.6900446 0.9926269
vt 0.6900446 0.9710979
vt 0.6866345 0.9711534
vt 0.6900446 0.9926269
vt 0.7014815 0.9927078
vt 0.7014815 0.9711788
vt 0.6900446 0.9710979
vt 0.275232 0.9763267
vt 0.2662777 0.9763269
vt 0.2662777 0.9978628
vt 0.275232 0.9978626
vt 0.072601 0.9718039
vt 0.05785064 0.9717326
vt 0.05785063 0.9932672
vt 0.07260101 0.9933386
vt 0.03391379 0.9704795
vt 0.01849644 0.9704403
vt 0.01849644 0.9919671
vt 0.03391378 0.9920063
vt 0.2982363 0.8868347
vt 0.2982987 0.9061967
vt 0.3009769 0.9043674
vt 0.3009194 0.8865126
vt 0.8511218 0.8208714
vt 0.8760778 0.8208731
vt 0.8518388 0.6766426
vt 0.8760108 0.6755555
vt 0.8650324 0.6718909
vt 0.8545195 0.6726335
vt 0.8729047 0.8230434
vt 0.8537611 0.8230434
vt 0.2955081 0.7931949
vt 0.295508 0.6629818
vt 0.2928741 0.6622368
vt 0.2928743 0.7956833
vt 0.6888286 0.7071597
vt 0.6861834 0.7052418
vt 0.6862502 0.8509533
vt 0.688895 0.8493588
vt 0.3009194 0.8865126
vt 0.3009769 0.8832617
vt 0.2982964 0.8833368
vt 0.2982363 0.8868347
vt 0.2928743 0.6587434
vt 0.2928741 0.6622368
vt 0.295508 0.6629818
vt 0.2955081 0.6596237
vt 0.2983185 0.9301357
vt 0.3009769 0.9290913
vt 0.3009523 0.9196882
vt 0.2982921 0.9199288
vt 0.3009769 0.9081381
vt 0.2983177 0.9076205
vt 0.6861834 0.7052418
vt 0.6888286 0.7071597
vt 0.6888949 0.7027407
vt 0.6862555 0.7005866
vt 0.8228869 0.6757379
vt 0.848918 0.676879
vt 0.8346106 0.6718909
vt 0.846011 0.6726705
vt 0.8228184 0.8246639
vt 0.8496996 0.8246621
vt 0.826078 0.8269423
vt 0.8468376 0.8269423
vt 0.9992207 0.8899595
vt 0.9975917 0.8899584
vt 0.9975917 0.9114931
vt 0.9992207 0.9114941
vt 0.05615885 0.9543879
vt 0.05615884 0.9337561
vt 0.05510514 0.9337534
vt 0.05510515 0.9543852
vt 0.1025486 0.9645408
vt 0.1025486 0.943909
vt 0.1014949 0.9439063
vt 0.1014949 0.9645381
vt 0.3449623 0.9194797
vt 0.3449623 0.9401115
vt 0.346016 0.9401142
vt 0.346016 0.9194824
vt 0.2201578 0.9670703
vt 0.2201578 0.9464386
vt 0.2191042 0.9464359
vt 0.2191042 0.9670677
vt 0.6694724 0.9626896
vt 0.6684187 0.962687
vt 0.6684187 0.9833187
vt 0.6694724 0.9833214
vt 0.99766 0.5752418
vt 0.9992889 0.5752428
vt 0.9992889 0.5537082
vt 0.99766 0.5537072
vt 0.9975746 0.7923424
vt 0.9992035 0.7923434
vt 0.9992035 0.7708088
vt 0.9975746 0.7708077
vt 0.9992425 0.3302002
vt 0.9976136 0.3301992
vt 0.9976136 0.3517338
vt 0.9992425 0.3517348
vt 0.9972963 0.6330616
vt 0.9989252 0.6330627
vt 0.9989252 0.6115281
vt 0.9972963 0.611527
vt 0.6028338 0.851182
vt 0.6044655 0.851182
vt 0.6041781 0.8493004
vt 0.6031204 0.8493004
vt 0.9951617 0.9588739
vt 0.9951617 0.9804029
vt 0.9970333 0.9799616
vt 0.9970333 0.9593276
vt 0.9987661 0.7374508
vt 0.9987661 0.7159148
vt 0.9968999 0.7163625
vt 0.9968999 0.7370031
vt 0.5997799 0.8526059
vt 0.6000664 0.8544877
vt 0.6011241 0.8544877
vt 0.6014116 0.8526059
vt 0.9948715 0.1862416
vt 0.9948715 0.2077707
vt 0.9967431 0.2073294
vt 0.9967431 0.1866954
vt 0.6075194 0.8544877
vt 0.6072319 0.8526059
vt 0.6061743 0.852606
vt 0.6058877 0.8544877
vt 0.8511218 0.8269423
vt 0.8527535 0.8269423
vt 0.852466 0.8250605
vt 0.8514084 0.8250606
vt 0.5997799 0.851182
vt 0.6014116 0.8511821
vt 0.6011242 0.8493004
vt 0.6000665 0.8493004
vt 0.5936721 0.8545266
vt 0.5953038 0.8545266
vt 0.5950172 0.852645
vt 0.5939595 0.852645
vt 0.9964003 0.3226506
vt 0.9964003 0.3011216
vt 0.9945287 0.3015629
vt 0.9945287 0.3221968
vt 0.9972653 0.6993548
vt 0.9972653 0.6778188
vt 0.9953991 0.6782665
vt 0.9953991 0.6989071
vt 0.9979541 0.0007119224
vt 0.996088 0.001159587
vt 0.9960879 0.02180018
vt 0.9979541 0.02224788
vt 0.1519931 0.9982009
vt 0.1519931 0.9766719
vt 0.1501215 0.9771132
vt 0.1501215 0.9977471
vt 0.9943661 0.5537072
vt 0.9943662 0.5752362
vt 0.9962378 0.5747949
vt 0.9962378 0.554161
vt 0.6044655 0.8544877
vt 0.604178 0.8526059
vt 0.6031203 0.852606
vt 0.6028338 0.8544877
vt 0.6075194 0.8493004
vt 0.6058877 0.8493004
vt 0.6061743 0.851182
vt 0.607232 0.851182
vt 0.5983577 0.8511821
vt 0.598071 0.8493004
vt 0.5970134 0.8493004
vt 0.596726 0.8511821
vt 0.9954725 0.05526851
vt 0.9954726 0.07680447
vt 0.9973387 0.07635679
vt 0.9973387 0.0557162
vt 0.596726 0.8544876
vt 0.5983577 0.8544876
vt 0.5980711 0.8526059
vt 0.5970134 0.8526059
vt 0.997496 0.04977864
vt 0.997496 0.02824269
vt 0.9956298 0.02869036
vt 0.9956298 0.04933095
vt 0.142732 0.854086
vt 0.129333 0.8963379
vt 0.1710859 0.8963379
vt 0.1283632 0.8580565
vt 0.1355476 0.8546179
vt 0.1302882 0.8560713
vt 0.1576869 0.854086
vt 0.1720558 0.8580566
vt 0.1648713 0.8546179
vt 0.1701307 0.8560713
vt 0.157355 0.9085327
vt 0.143064 0.9085327
vt 0.1361985 0.9068989
vt 0.1311726 0.9024353
vt 0.1642204 0.9068989
vt 0.1692463 0.9024353
vt 0.5149856 0.878075
vt 0.5149856 0.9047294
vt 0.5204293 0.9047294
vt 0.5204293 0.878075
vt 0.5149856 0.9102156
vt 0.5204293 0.9102156
vt 0.984388 0.1604404
vt 0.9843881 0.1752919
vt 0.9898317 0.1752918
vt 0.9898317 0.1604404
vt 0.9898317 0.1533731
vt 0.9843881 0.153373
vt 0.9898317 0.1483341
vt 0.9843881 0.1483342
vt 0.9898317 0.182494
vt 0.9843881 0.182494
vt 0.9843881 0.187901
vt 0.9898317 0.187901
vt 0.04956876 0.9208117
vt 0.05501245 0.9208117
vt 0.05501245 0.8828614
vt 0.04956876 0.8828614
vt 0.04956876 0.9271241
vt 0.05501245 0.9271241
vt 0.07221948 0.8484808
vt 0.05882051 0.8907326
vt 0.1005734 0.8907326
vt 0.05785063 0.8524514
vt 0.06503505 0.8490127
vt 0.05977569 0.8504661
vt 0.08717436 0.8484808
vt 0.1015432 0.8524514
vt 0.09435879 0.8490127
vt 0.09961816 0.8504661
vt 0.08684242 0.9029275
vt 0.07255146 0.9029275
vt 0.06568599 0.9012937
vt 0.06066011 0.8968301
vt 0.09370789 0.9012937
vt 0.09873377 0.8968301
vt 0.5204293 0.9336241
vt 0.5149856 0.9336241
vt 0.5149856 0.9375718
vt 0.5149856 0.9231024
vt 0.5204293 0.9375718
vt 0.5204293 0.9231024
vt 0.5204293 0.9169406
vt 0.5149856 0.9169406
vt 0.5204293 0.9102156
vt 0.5149856 0.9102156
vt 0.04956876 0.9323296
vt 0.05501245 0.9323296
vt 0.05501245 0.9271241
vt 0.04956876 0.9271241
vt 0.9843881 0.1483342
vt 0.9898317 0.1483341
vt 0.9898317 0.1466739
vt 0.984388 0.1466739
vt 0.9898317 0.187901
vt 0.9843881 0.187901
vt 0.9843881 0.1900643
vt 0.9898317 0.1900643
vt 0.3144858 0.9959127
vt 0.3143661 0.9879941
vt 0.3076232 0.9951327
vt 0.3076232 0.9887737
vt 0.3076232 0.9807981
vt 0.3143661 0.9816347
vt 0.3076232 0.9739768
vt 0.3144858 0.9731406
vt 0.6814943 0.8038293
vt 0.6845465 0.8038291
vt 0.6814943 0.7959108
vt 0.6847339 0.7959106
vt 0.6847339 0.8186826
vt 0.6845465 0.8101886
vt 0.6814942 0.8186828
vt 0.6814942 0.8101887
vt 0.0476618 0.6666196
vt 0.7728221 0.6708653
vt 0.7836834 0.2637025
vt 0.7856898 0.2374999
vt 0.7846116 0.2378796
vt 0.8998264 0.3636841
vt 0.8998264 0.2997153
vt 0.8614571 0.299841
vt 0.8896889 0.2820537
vt 0.8614571 0.3638099
vt 0.8716086 0.282113
vt 0.2560151 0.8674587
vt 0.2943715 0.868051
vt 0.2943715 0.8030124
vt 0.2560151 0.8024201
vt 0.2842644 0.8859217
vt 0.2661901 0.8856426
vt 0.222586 0.8388377
vt 0.222586 0.8207366
vt 0.2209431 0.8207288
vt 0.2209432 0.8388299
vt 0.7814201 0.7776792
vt 0.7815183 0.6986914
vt 0.7794359 0.6987095
vt 0.7793378 0.7776973
vt 0.779436 0.8020877
vt 0.7815183 0.8020695
vt 0.7410638 0.656332
vt 0.7389712 0.6562875
vt 0.7395117 0.7362455
vt 0.7416042 0.73629
vt 0.7395117 0.6332535
vt 0.7416043 0.633298
vt 0.3636077 0.7442832
vt 0.3636078 0.7826971
vt 0.3652491 0.7826973
vt 0.3652491 0.7442834
vt 0.3489515 0.2695615
vt 0.3501671 0.2750349
vt 0.3659156 0.2690227
vt 0.3651557 0.2649029
vt 0.3627321 0.2580768
vt 0.3466113 0.2637806
vt 0.3591239 0.249207
vt 0.34321 0.2546479
vt 0.3372885 0.2322076
vt 0.3528596 0.2268832
vt 0.3333122 0.2075469
vt 0.3491421 0.2040395
vt 0.3309003 0.184413
vt 0.347205 0.1808197
vt 0.3296242 0.1579298
vt 0.3470528 0.1545032
vt 0.3296379 0.1345402
vt 0.3475536 0.1310325
vt 0.3491524 0.09797223
vt 0.3317097 0.09198777
vt 0.3527927 0.07491516
vt 0.3351437 0.0688615
vt 0.3659156 0.02687229
vt 0.3471194 0.02152863
vt 0.4409544 0.1657068
vt 0.4430698 0.2082522
vt 0.4605061 0.2022548
vt 0.4641618 0.2253104
vt 0.4588736 0.1691963
vt 0.4583488 0.145726
vt 0.4465171 0.2313778
vt 0.4770945 0.2726032
vt 0.4583243 0.2780268
vt 0.4409167 0.1423172
vt 0.4584741 0.1194094
vt 0.4421657 0.1158327
vt 0.4603875 0.09618763
vt 0.444554 0.09269632
vt 0.4640816 0.07334013
vt 0.4485051 0.06803162
vt 0.4703231 0.05100998
vt 0.4544036 0.04558523
vt 0.4577956 0.03644906
vt 0.4739222 0.04213642
vt 0.4601299 0.03066578
vt 0.4763388 0.03530791
vt 0.4770945 0.03118731
vt 0.4613399 0.02519116
vt 0.9939769 0.714491
vt 0.9939769 0.677819
vt 0.9886211 0.6778188
vt 0.9886212 0.714491
vt 0.404248 0.798493
vt 0.4041086 0.7788687
vt 0.3675004 0.778195
vt 0.3676398 0.7978193
vt 0.4040194 0.7606865
vt 0.3674111 0.7600129
vt 0.4039461 0.7350376
vt 0.3673378 0.734364
vt 0.3676396 0.6666409
vt 0.4042481 0.667252
vt 0.5605679 0.938957
vt 0.5525963 0.9390991
vt 0.5525963 0.9757555
vt 0.5605679 0.9756134
vt 0.6825415 0.8410336
vt 0.6459145 0.8412793
vt 0.6459146 0.9065573
vt 0.677139 0.8365368
vt 0.6825415 0.9063115
vt 0.6513097 0.8367101
vt 0.6728419 0.8216234
vt 0.6555825 0.8217392
vt 0.3145044 0.7669575
vt 0.2972454 0.7668089
vt 0.2972711 0.7864088
vt 0.3144903 0.7490546
vt 0.3145302 0.7865573
vt 0.2973191 0.8025057
vt 0.3145781 0.8026542
vt 0.2973915 0.8171393
vt 0.3146506 0.8172879
vt 0.2972313 0.7489061
vt 0.2972239 0.7230957
vt 0.314483 0.7232442
vt 0.2972541 0.7034187
vt 0.3145131 0.703571
vt 0.3146506 0.6596056
vt 0.2973943 0.6587434
vt 0.9892243 0.7870353
vt 0.971974 0.7874489
vt 0.9719985 0.7948795
vt 0.989256 0.7708077
vt 0.9892488 0.7944659
vt 0.9720057 0.8002877
vt 0.989256 0.7998741
vt 0.989237 0.802521
vt 0.9719867 0.8029346
vt 0.9720057 0.7712213
vt 0.4373116 0.1146481
vt 0.369456 0.1228375
vt 0.4357218 0.1411835
vt 0.3678503 0.1460197
vt 0.4356117 0.1645486
vt 0.3673378 0.1720494
vt 0.367912 0.195287
vt 0.4378735 0.209972
vt 0.3701004 0.2269116
vt 0.4412577 0.2331189
vt 0.388873 0.2995194
vt 0.4527233 0.2795726
vt 0.439844 0.09153759
vt 0.443873 0.0663216
vt 0.382349 0.01465481
vt 0.4496675 0.04383997
vt 0.4529967 0.03462411
vt 0.4566538 0.02327256
vt 0.383821 0.0007119224
vt 0.38095 0.005415006
vt 0.4553061 0.02915795
vt 0.620432 0.7621542
vt 0.583802 0.7621558
vt 0.5838021 0.8478765
vt 0.6204321 0.847875
vt 0.583802 0.7446059
vt 0.6204321 0.7446043
vt 0.3296242 0.1579298
vt 0.3296379 0.1345402
vt 0.3242964 0.1357038
vt 0.3317097 0.09198777
vt 0.3244305 0.1590688
vt 0.3265116 0.09027167
vt 0.3351437 0.0688615
vt 0.329883 0.0671244
vt 0.3471194 0.02152863
vt 0.3309003 0.184413
vt 0.3260475 0.1856026
vt 0.3333122 0.2075469
vt 0.3286035 0.2087104
vt 0.3415108 0.02000692
vt 0.3372885 0.2322076
vt 0.3326583 0.2339223
vt 0.34321 0.2546479
vt 0.3384757 0.256398
vt 0.3418143 0.2656104
vt 0.3466113 0.2637806
vt 0.3441292 0.2710742
vt 0.3489515 0.2695615
vt 0.3501671 0.2750349
vt 0.3454831 0.2769583
vt 0.4356117 0.1645486
vt 0.4409544 0.1657068
vt 0.4409167 0.1423172
vt 0.4357218 0.1411835
vt 0.4421657 0.1158327
vt 0.4373116 0.1146481
vt 0.444554 0.09269632
vt 0.439844 0.09153759
vt 0.4485051 0.06803162
vt 0.443873 0.0663216
vt 0.4544036 0.04558523
vt 0.4496675 0.04383997
vt 0.4529967 0.03462411
vt 0.4577956 0.03644906
vt 0.4553061 0.02915795
vt 0.4601299 0.03066578
vt 0.4613399 0.02519116
vt 0.4566538 0.02327256
vt 0.4465171 0.2313778
vt 0.4430698 0.2082522
vt 0.4378735 0.209972
vt 0.4412577 0.2331189
vt 0.4583243 0.2780268
vt 0.4527233 0.2795726
vt 0.3326583 0.2339223
vt 0.2711871 0.2856521
vt 0.3384757 0.256398
vt 0.2581835 0.1774827
vt 0.3286035 0.2087104
vt 0.3260475 0.1856026
vt 0.3244305 0.1590688
vt 0.2565542 0.1543021
vt 0.3242964 0.1357038
vt 0.2560151 0.1282729
vt 0.2565655 0.1050348
vt 0.3265116 0.09027167
vt 0.2587216 0.0734079
vt 0.329883 0.0671244
vt 0.2774349 0.0007119224
vt 0.3415108 0.02000692
vt 0.3418143 0.2656104
vt 0.3454831 0.2769583
vt 0.2726733 0.2995934
vt 0.2697975 0.2948933
vt 0.3441292 0.2710742
vt 0.5823798 0.02908882
vt 0.5675809 0.02355303
vt 0.5673113 0.02634708
vt 0.5822255 0.03051276
vt 0.5799221 0.03704656
vt 0.565029 0.03202336
vt 0.576225 0.04600671
vt 0.5615477 0.04124084
vt 0.5554975 0.06381948
vt 0.5698033 0.0686537
vt 0.5514358 0.08859799
vt 0.5659848 0.0917814
vt 0.5489749 0.1118207
vt 0.5639629 0.1152343
vt 0.5476605 0.1383883
vt 0.5637596 0.1417144
vt 0.5476321 0.1618566
vt 0.564195 0.1652779
vt 0.5656772 0.1985609
vt 0.5495993 0.2045306
vt 0.5693032 0.2219687
vt 0.5530302 0.2278156
vt 0.5823798 0.2702027
vt 0.5649439 0.275247
vt 0.5657078 0.3928325
vt 0.5496355 0.3868521
vt 0.5476259 0.4295188
vt 0.5641922 0.4261139
vt 0.5637335 0.4496769
vt 0.5693523 0.3694274
vt 0.5530788 0.3635683
vt 0.5822424 0.3219447
vt 0.5648239 0.3168211
vt 0.5476311 0.4529872
vt 0.5639106 0.4761572
vt 0.5489193 0.479556
vt 0.5659094 0.4996121
vt 0.5513573 0.5027812
vt 0.569705 0.5227436
vt 0.5553945 0.5275637
vt 0.5761044 0.5453969
vt 0.5614223 0.5501483
vt 0.5648945 0.5593692
vt 0.5797927 0.5543607
vt 0.5671713 0.5650478
vt 0.5820895 0.5608968
vt 0.5822424 0.5623209
vt 0.5674381 0.5678421
vt 0.4382493 0.8142861
vt 0.4397104 0.8142132
vt 0.4397104 0.7834787
vt 0.4382493 0.7833553
vt 0.8181396 0.1158259
vt 0.8181365 0.09680941
vt 0.7877007 0.0965084
vt 0.7877104 0.1155249
vt 0.8181301 0.1334801
vt 0.7877008 0.1331791
vt 0.8181764 0.1583455
vt 0.7875851 0.1580429
vt 0.7874173 0.2245056
vt 0.817786 0.2248676
vt 0.8181139 0.08064732
vt 0.7876781 0.08034629
vt 0.7873716 0.007844549
vt 0.8180432 0.008147917
vt 0.8181764 0.001017565
vt 0.7872745 0.0007119224
vt 0.252473 0.9196382
vt 0.252473 0.8589966
vt 0.2223691 0.8594245
vt 0.2474497 0.8549645
vt 0.2217801 0.9200745
vt 0.2274129 0.8552493
vt 0.2312056 0.8414485
vt 0.243718 0.8412706
vt 0.9359829 0.9353155
vt 0.935833 0.9150806
vt 0.9234644 0.9148348
vt 0.9234086 0.8964357
vt 0.9235103 0.9350677
vt 0.935758 0.8966811
vt 0.9233159 0.8698916
vt 0.935727 0.8701384
vt 0.9233838 0.8495737
vt 0.9357544 0.8498175
vt 0.923739 0.8048345
vt 0.9359829 0.8043585
vt 0.6833862 0.9744663
vt 0.683417 0.9655209
vt 0.6709113 0.9655209
vt 0.6708993 0.9449854
vt 0.6709417 0.9744663
vt 0.6834329 0.9807128
vt 0.6708946 0.9807128
vt 0.6834232 0.9818264
vt 0.6709042 0.9818264
vt 0.68343 0.9449854
vt 0.6709091 0.9259599
vt 0.6834216 0.9259599
vt 0.6709259 0.9079811
vt 0.6834064 0.907981
vt 0.550804 0.528972
vt 0.4941207 0.5805555
vt 0.5567163 0.5515631
vt 0.4807625 0.4720635
vt 0.5467021 0.5036626
vt 0.5441164 0.4804849
vt 0.5424848 0.4538807
vt 0.4791027 0.4490423
vt 0.5423309 0.4304462
vt 0.4785167 0.4231629
vt 0.4790222 0.4000643
vt 0.5444614 0.3849186
vt 0.4811767 0.3688059
vt 0.5478299 0.3616402
vt 0.4995637 0.2964103
vt 0.559248 0.3151075
vt 0.5601388 0.5608472
vt 0.5628999 0.5693707
vt 0.4937595 0.5906103
vt 0.4929512 0.589033
vt 0.5623693 0.5662429
vt 0.5476605 0.1383883
vt 0.5425152 0.1374898
vt 0.542338 0.160924
vt 0.5476321 0.1618566
vt 0.5495993 0.2045306
vt 0.5444231 0.2064604
vt 0.5530302 0.2278156
vt 0.5477798 0.2297398
vt 0.5489749 0.1118207
vt 0.5441729 0.1108871
vt 0.5514358 0.08859799
vt 0.5467817 0.08771207
vt 0.5649439 0.275247
vt 0.5593601 0.2769366
vt 0.5554975 0.06381948
vt 0.5509084 0.06240673
vt 0.5615477 0.04124084
vt 0.556843 0.03982143
vt 0.5602747 0.0305408
vt 0.565029 0.03202336
vt 0.5625107 0.02514727
vt 0.5673113 0.02634708
vt 0.5675809 0.02355303
vt 0.5630444 0.02201994
vt 0.5476311 0.4529872
vt 0.5476259 0.4295188
vt 0.5423309 0.4304462
vt 0.5424848 0.4538807
vt 0.5489193 0.479556
vt 0.5441164 0.4804849
vt 0.5513573 0.5027812
vt 0.5467021 0.5036626
vt 0.5553945 0.5275637
vt 0.550804 0.528972
vt 0.5614223 0.5501483
vt 0.5567163 0.5515631
vt 0.5601388 0.5608472
vt 0.5648945 0.5593692
vt 0.5623693 0.5662429
vt 0.5671713 0.5650478
vt 0.5674381 0.5678421
vt 0.5628999 0.5693707
vt 0.5496355 0.3868521
vt 0.5444614 0.3849186
vt 0.5530788 0.3635683
vt 0.5478299 0.3616402
vt 0.5648239 0.3168211
vt 0.559248 0.3151075
vt 0.5467817 0.08771207
vt 0.4808108 0.1192458
vt 0.5441729 0.1108871
vt 0.5425152 0.1374898
vt 0.4791282 0.1422654
vt 0.542338 0.160924
vt 0.4785167 0.1681442
vt 0.4789993 0.1912433
vt 0.5444231 0.2064604
vt 0.4811232 0.2225037
vt 0.5477798 0.2297398
vt 0.4994534 0.2949865
vt 0.5593601 0.2769366
vt 0.5509084 0.06240673
vt 0.4942761 0.01076709
vt 0.556843 0.03982143
vt 0.5602747 0.0305408
vt 0.5630444 0.02201994
vt 0.4939249 0.0007119224
vt 0.4931149 0.002288477
vt 0.5625107 0.02514727
vt 0.03732708 0.7914492
vt 0.0007111066 0.7912422
vt 0.003842945 0.7942947
vt 0.03420327 0.7944695
vt 0.03732708 0.8571245
vt 0.0007271367 0.8568165
vt 0.003853159 0.8556432
vt 0.006127863 0.8626747
vt 0.00899423 0.861228
vt 0.0129253 0.8788794
vt 0.01042246 0.8819163
vt 0.02765747 0.8821401
vt 0.02514699 0.8790852
vt 0.03193234 0.8629311
vt 0.03419743 0.8559194
vt 0.02906181 0.8614552
vt 0.3646377 0.6678032
vt 0.3570314 0.667574
vt 0.3543809 0.712049
vt 0.3646377 0.7428594
vt 0.9330433 0.6778188
vt 0.9075153 0.6778188
vt 0.9107842 0.7079414
vt 0.9303722 0.7079414
vt 0.9107941 0.7525104
vt 0.930382 0.7525104
vt 0.9419188 0.6288378
vt 0.9494957 0.6317988
vt 0.9494957 0.6062636
vt 0.9419132 0.6092418
vt 0.1847126 0.7715057
vt 0.1847126 0.6964961
vt 0.1745052 0.7274202
vt 0.1771543 0.7719101

usemtl _Plain
usemap _Plain
f 1/1/1 2/2/2 3/3/3
f 4/4/4 2/2/2 1/1/1
f 2/2/2 4/4/4 5/5/5
f 6/6/6 5/5/5 4/4/4
f 5/5/5 6/6/6 7/7/7
f 1/1/1 3/3/3 8/8/8
f 1/1/1 8/8/8 9/9/9
f 9/9/9 8/8/8 10/10/10
f 11/11/11 12/12/12 13/13/13
f 12/12/12 11/11/11 14/14/14
f 11/11/11 15/15/15 14/14/14
f 14/14/14 15/15/15 16/16/16
f 16/16/16 15/15/15 17/17/17
f 13/13/13 12/12/12 18/18/18
f 18/18/18 12/12/12 19/19/19
f 18/18/18 19/19/19 20/20/20
f 21/21/21 22/22/22 23/23/23
f 21/21/21 23/23/23 24/24/24
f 21/21/21 24/24/24 25/25/25
f 23/23/23 22/22/22 26/26/26
f 23/23/23 26/26/26 27/27/27
f 26/26/26 28/28/28 27/27/27
f 26/26/26 25/25/25 28/28/28
f 28/28/28 25/25/25 29/29/29
f 29/29/29 25/25/25 30/30/30
f 30/30/30 25/25/25 24/24/24
f 31/31/31 32/32/32 33/33/33
f 31/31/31 33/33/33 34/34/34
f 35/35/35 36/36/36 37/37/37
f 35/35/35 37/37/37 38/38/38
f 39/39/39 40/40/40 41/41/41
f 39/39/39 41/41/41 42/42/42
f 43/43/43 44/44/44 45/45/45
f 43/43/43 45/45/45 46/46/46
f 44/44/44 47/47/47 45/45/45
f 44/44/44 48/48/48 47/47/47
f 49/49/49 43/43/43 46/46/46
f 50/50/50 49/49/49 46/46/46
f 49/49/49 51/51/51 43/43/43
f 51/51/51 52/52/52 43/43/43
f 51/51/51 53/53/53 52/52/52
f 53/53/53 50/50/50 54/54/54
f 50/50/50 46/46/46 54/54/54
f 53/53/53 54/54/54 52/52/52
f 55/55/55 56/56/56 57/57/57
f 55/55/55 57/57/57 58/58/58
f 56/56/56 59/59/59 57/57/57
f 56/56/56 60/60/60 59/59/59
f 61/61/61 62/62/62 63/63/63
f 61/61/61 63/63/63 64/64/64
f 65/65/65 61/61/61 64/64/64
f 65/65/65 64/64/64 66/66/66
f 67/67/67 68/68/68 69/69/69
f 67/67/67 69/69/69 70/70/70
f 71/71/71 72/72/72 73/73/73
f 71/71/71 73/73/73 74/74/74
f 75/75/75 76/76/76 77/77/77
f 75/75/75 77/77/77 78/78/78
f 79/79/79 80/80/80 81/81/81
f 79/79/79 81/81/81 82/82/82
f 83/83/83 84/84/84 85/85/85
f 86/86/86 85/85/85 84/84/84
f 83/83/83 85/85/85 87/87/87
f 86/86/86 84/84/84 88/88/88
f 89/89/89 90/90/90 91/91/91
f 90/90/90 89/89/89 92/92/92
f 89/89/89 91/91/91 93/93/93
f 90/90/90 92/92/92 94/94/94
f 95/95/95 96/96/96 97/97/97
f 95/95/95 97/97/97 98/98/98
f 99/99/99 100/100/100 101/101/101
f 102/102/102 100/100/100 99/99/99
f 99/99/99 101/101/101 103/103/103
f 102/102/102 99/99/99 104/104/104
f 105/105/105 106/106/106 107/107/107
f 105/105/105 107/107/107 108/108/108
f 109/109/109 110/110/110 111/111/111
f 112/112/112 110/110/110 109/109/109
f 109/109/109 111/111/111 113/113/113
f 113/113/113 111/111/111 114/114/114
f 113/113/113 114/114/114 115/115/115
f 112/112/112 109/109/109 116/116/116
f 117/117/117 112/112/112 116/116/116
f 117/117/117 118/118/118 112/112/112
f 119/119/119 120/120/120 121/121/121
f 119/119/119 121/121/121 122/122/122
f 122/122/122 121/121/121 123/123/123
f 122/122/122 123/123/123 124/124/124
f 124/124/124 123/123/123 125/125/125
f 124/124/124 125/125/125 126/126/126
f 126/126/126 125/125/125 127/127/127
f 126/126/126 127/127/127 128/128/128
f 129/129/129 130/130/130 131/131/131
f 129/129/129 131/131/131 132/132/132
f 132/132/132 131/131/131 133/133/133
f 132/132/132 133/133/133 134/134/134
f 134/134/134 133/133/133 135/135/135
f 134/134/134 135/135/135 136/136/136
f 136/136/136 135/135/135 137/137/137
f 136/136/136 137/137/137 138/138/138
f 139/139/139 140/140/140 141/141/141
f 139/139/139 141/141/141 142/142/142
f 142/142/142 141/141/141 143/143/143
f 142/142/142 143/143/143 144/144/144
f 144/144/144 143/143/143 145/145/145
f 144/144/144 145/145/145 146/146/146
f 145/145/145 147/147/147 146/146/146
f 145/145/145 148/148/148 147/147/147
f 149/149/149 150/150/150 151/151/151
f 149/149/149 151/151/151 152/152/152
f 153/153/153 150/150/150 149/149/149
f 153/153/153 154/154/154 150/150/150
f 155/155/155 154/154/154 153/153/153
f 155/155/155 156/156/156 154/154/154
f 157/157/157 156/156/156 155/155/155
f 157/157/157 155/155/155 158/158/158
f 159/159/159 160/160/160 161/161/161
f 159/159/159 161/161/161 162/162/162
f 159/159/159 162/162/162 163/163/163
f 160/160/160 164/164/164 161/161/161
f 160/160/160 165/165/165 164/164/164
f 165/165/165 166/166/166 164/164/164
f 165/165/165 167/167/167 166/166/166
f 167/167/167 168/168/168 166/166/166
f 167/167/167 169/169/169 168/168/168
f 170/170/170 168/168/168 169/169/169
f 170/170/170 171/171/171 168/168/168
f 172/172/172 171/171/171 170/170/170
f 172/172/172 173/173/173 171/171/171
f 174/174/174 173/173/173 172/172/172
f 174/174/174 175/175/175 173/173/173
f 176/176/176 175/175/175 174/174/174
f 176/176/176 177/177/177 175/175/175
f 176/176/176 178/178/178 177/177/177
f 176/176/176 179/179/179 178/178/178
f 179/179/179 180/180/180 178/178/178
f 179/179/179 181/181/181 180/180/180
f 181/181/181 182/182/182 180/180/180
f 181/181/181 183/183/183 182/182/182
f 183/183/183 184/184/184 182/182/182
f 183/183/183 185/185/185 184/184/184
f 186/186/186 184/184/184 185/185/185
f 186/186/186 187/187/187 184/184/184
f 188/188/188 187/187/187 186/186/186
f 188/188/188 189/189/189 187/187/187
f 190/190/190 189/189/189 188/188/188
f 190/190/190 163/163/163 189/189/189
f 159/159/159 163/163/163 190/190/190
f 191/191/191 192/192/192 193/193/193
f 191/191/191 193/193/193 194/194/194
f 194/194/194 193/193/193 195/195/195
f 194/194/194 195/195/195 196/196/196
f 196/196/196 195/195/195 197/197/197
f 196/196/196 197/197/197 198/198/198
f 198/198/198 197/197/197 199/199/199
f 198/198/198 199/199/199 200/200/200
f 201/201/201 200/200/200 199/199/199
f 201/201/201 199/199/199 202/202/202
f 203/203/203 201/201/201 202/202/202
f 203/203/203 202/202/202 204/204/204
f 205/205/205 203/203/203 204/204/204
f 205/205/205 204/204/204 206/206/206
f 207/207/207 205/205/205 206/206/206
f 207/207/207 206/206/206 208/208/208
f 207/207/207 208/208/208 209/209/209
f 207/207/207 209/209/209 210/210/210
f 210/210/210 209/209/209 211/211/211
f 210/210/210 211/211/211 212/212/212
f 212/212/212 211/211/211 213/213/213
f 212/212/212 213/213/213 214/214/214
f 214/214/214 213/213/213 215/215/215
f 214/214/214 215/215/215 216/216/216
f 217/217/217 216/216/216 215/215/215
f 217/217/217 215/215/215 218/218/218
f 219/219/219 217/217/217 218/218/218
f 219/219/219 218/218/218 220/220/220
f 221/221/221 219/219/219 220/220/220
f 221/221/221 220/220/220 222/222/222
f 191/191/191 221/221/221 222/222/222
f 191/191/191 222/222/222 192/192/192
f 223/223/223 224/224/224 225/225/225
f 223/223/223 225/225/225 226/226/226
f 226/226/226 225/225/225 227/227/227
f 226/226/226 227/227/227 228/228/228
f 228/228/228 227/227/227 229/229/229
f 228/228/228 229/229/229 230/230/230
f 230/230/230 229/229/229 231/231/231
f 230/230/230 231/231/231 232/232/232
f 233/233/233 234/234/234 235/235/235
f 233/233/233 235/235/235 236/236/236
f 236/236/236 235/235/235 237/237/237
f 236/236/236 237/237/237 238/238/238
f 238/238/238 237/237/237 239/239/239
f 238/238/238 239/239/239 240/240/240
f 240/240/240 239/239/239 241/241/241
f 240/240/240 241/241/241 242/242/242
f 243/243/243 244/244/244 245/245/245
f 243/243/243 245/245/245 246/246/246
f 246/246/246 245/245/245 247/247/247
f 246/246/246 247/247/247 248/248/248
f 248/248/248 247/247/247 249/249/249
f 248/248/248 249/249/249 250/250/250
f 250/250/250 249/249/249 251/251/251
f 250/250/250 251/251/251 252/252/252
f 253/253/253 254/254/254 255/255/255
f 253/253/253 255/255/255 256/256/256
f 257/257/257 253/253/253 256/256/256
f 257/257/257 256/256/256 258/258/258
f 259/259/259 260/260/260 261/261/261
f 259/259/259 261/261/261 262/262/262
f 263/263/263 260/260/260 259/259/259
f 263/263/263 264/264/264 260/260/260
f 265/265/265 266/266/266 267/267/267
f 265/265/265 267/267/267 268/268/268
f 269/269/269 270/270/270 271/271/271
f 269/269/269 271/271/271 272/272/272
f 273/273/273 274/274/274 275/275/275
f 273/273/273 275/275/275 276/276/276
f 277/277/277 274/274/274 273/273/273
f 277/277/277 278/278/278 274/274/274
f 279/279/279 280/280/280 281/281/281
f 279/279/279 281/281/281 282/282/282
f 283/283/283 284/284/284 285/285/285
f 283/283/283 285/285/285 286/286/286
f 287/287/287 288/288/288 289/289/289
f 290/290/290 288/288/288 287/287/287
f 291/291/291 288/288/288 290/290/290
f 292/292/292 291/291/291 290/290/290
f 293/293/293 291/291/291 292/292/292
f 294/294/294 291/291/291 293/293/293
f 295/295/295 291/291/291 294/294/294
f 296/296/296 295/295/295 294/294/294
f 297/297/297 295/295/295 296/296/296
f 298/298/298 299/299/299 300/300/300
f 299/299/299 298/298/298 301/301/301
f 301/301/301 298/298/298 302/302/302
f 300/300/300 299/299/299 303/303/303
f 300/300/300 303/303/303 304/304/304
f 305/305/305 300/300/300 304/304/304
f 300/300/300 305/305/305 306/306/306
f 306/306/306 305/305/305 307/307/307
f 307/307/307 305/305/305 308/308/308
f 309/309/309 308/308/308 305/305/305
f 308/308/308 309/309/309 310/310/310
f 309/309/309 311/311/311 310/310/310
f 312/312/312 310/310/310 311/311/311
f 313/313/313 310/310/310 312/312/312
f 313/313/313 312/312/312 314/314/314
f 302/302/302 315/315/315 301/301/301
f 302/302/302 316/316/316 315/315/315
f 316/316/316 304/304/304 317/317/317
f 318/318/318 316/316/316 302/302/302
f 312/312/312 319/319/319 314/314/314
f 320/320/320 319/319/319 312/312/312
f 319/319/319 320/320/320 318/318/318
f 318/318/318 321/321/321 316/316/316
f 320/320/320 321/321/321 318/318/318
f 316/316/316 321/321/321 304/304/304
f 304/304/304 321/321/321 322/322/322
f 304/304/304 322/322/322 305/305/305
f 316/316/316 317/317/317 323/323/323
f 324/324/324 325/325/325 326/326/326
f 325/325/325 324/324/324 327/327/327
f 324/324/324 326/326/326 328/328/328
f 325/325/325 327/327/327 329/329/329
f 327/327/327 330/330/330 329/329/329
f 327/327/327 331/331/331 330/330/330
f 331/331/331 332/332/332 330/330/330
f 331/331/331 333/333/333 332/332/332
f 334/334/334 333/333/333 331/331/331
f 334/334/334 331/331/331 335/335/335
f 327/327/327 335/335/335 331/331/331
f 327/327/327 336/336/336 335/335/335
f 337/337/337 336/336/336 327/327/327
f 337/337/337 327/327/327 324/324/324
f 338/338/338 337/337/337 324/324/324
f 338/338/338 324/324/324 328/328/328
f 339/339/339 337/337/337 338/338/338
f 337/337/337 339/339/339 340/340/340
f 337/337/337 340/340/340 336/336/336
f 340/340/340 335/335/335 336/336/336
f 340/340/340 341/341/341 335/335/335
f 341/341/341 334/334/334 335/335/335
f 341/341/341 342/342/342 334/334/334
f 343/343/343 342/342/342 341/341/341
f 343/343/343 341/341/341 344/344/344
f 340/340/340 344/344/344 341/341/341
f 345/345/345 343/343/343 344/344/344
f 340/340/340 346/346/346 344/344/344
f 347/347/347 346/346/346 340/340/340
f 347/347/347 340/340/340 339/339/339
f 348/348/348 347/347/347 339/339/339
f 349/349/349 347/347/347 348/348/348
f 349/349/349 350/350/350 347/347/347
f 350/350/350 346/346/346 347/347/347
f 350/350/350 351/351/351 346/346/346
f 346/346/346 351/351/351 352/352/352
f 345/345/345 344/344/344 352/352/352
f 346/346/346 352/352/352 344/344/344
f 353/353/353 345/345/345 352/352/352
f 353/353/353 352/352/352 354/354/354
f 351/351/351 354/354/354 352/352/352
f 351/351/351 355/355/355 354/354/354
f 356/356/356 355/355/355 351/351/351
f 356/356/356 351/351/351 350/350/350
f 357/357/357 356/356/356 350/350/350
f 357/357/357 350/350/350 349/349/349
f 348/348/348 339/339/339 358/358/358
f 339/339/339 338/338/338 358/358/358
f 359/359/359 360/360/360 361/361/361
f 359/359/359 361/361/361 362/362/362
f 363/363/363 359/359/359 362/362/362
f 359/359/359 363/363/363 364/364/364
f 364/364/364 363/363/363 365/365/365
f 366/366/366 365/365/365 363/363/363
f 365/365/365 366/366/366 367/367/367
f 367/367/367 366/366/366 368/368/368
f 369/369/369 360/360/360 359/359/359
f 359/359/359 364/364/364 369/369/369
f 369/369/369 370/370/370 360/360/360
f 361/361/361 371/371/371 362/362/362
f 361/361/361 372/372/372 371/371/371
f 367/367/367 368/368/368 373/373/373
f 365/365/365 367/367/367 374/374/374
f 366/366/366 375/375/375 368/368/368
f 375/375/375 362/362/362 371/371/371
f 366/366/366 376/376/376 375/375/375
f 375/375/375 376/376/376 362/362/362
f 366/366/366 363/363/363 376/376/376
f 363/363/363 362/362/362 376/376/376
f 364/364/364 365/365/365 377/377/377
f 374/374/374 377/377/377 365/365/365
f 374/374/374 378/378/378 377/377/377
f 379/379/379 380/380/380 381/381/381
f 381/381/381 380/380/380 382/382/382
f 382/382/382 380/380/380 383/383/383
f 380/380/380 384/384/384 383/383/383
f 385/385/385 380/380/380 379/379/379
f 380/380/380 385/385/385 386/386/386
f 386/386/386 385/385/385 387/387/387
f 388/388/388 386/386/386 387/387/387
f 389/389/389 386/386/386 388/388/388
f 384/384/384 380/380/380 390/390/390
f 390/390/390 386/386/386 389/389/389
f 380/380/380 386/386/386 390/390/390
f 391/391/391 392/392/392 393/393/393
f 393/393/393 392/392/392 394/394/394
f 394/394/394 392/392/392 395/395/395
f 392/392/392 396/396/396 395/395/395
f 392/392/392 391/391/391 397/397/397
f 397/397/397 396/396/396 392/392/392
f 391/391/391 398/398/398 397/397/397
f 397/397/397 398/398/398 399/399/399
f 400/400/400 397/397/397 399/399/399
f 401/401/401 397/397/397 400/400/400
f 396/396/396 397/397/397 402/402/402
f 402/402/402 397/397/397 401/401/401
f 403/403/403 404/404/404 405/405/405
f 406/406/406 407/407/407 408/408/408
f 409/409/409 410/410/410 411/411/411
f 410/410/410 409/409/409 412/412/412
f 409/409/409 413/413/413 412/412/412
f 412/412/412 413/413/413 414/414/414
f 415/415/415 416/416/416 417/417/417
f 415/415/415 417/417/417 418/418/418
f 418/418/418 417/417/417 419/419/419
f 418/418/418 419/419/419 420/420/420
f 421/421/421 422/422/422 423/423/423
f 421/421/421 423/423/423 424/424/424
f 425/425/425 424/424/424 423/423/423
f 425/425/425 426/426/426 424/424/424
f 427/427/427 428/428/428 429/429/429
f 427/427/427 429/429/429 430/430/430
f 431/431/431 432/432/432 433/433/433
f 432/432/432 434/434/434 433/433/433
f 431/431/431 433/433/433 435/435/435
f 436/436/436 434/434/434 432/432/432
f 434/434/434 436/436/436 437/437/437
f 438/438/438 439/439/439 440/440/440
f 438/438/438 440/440/440 441/441/441
f 442/442/442 443/443/443 444/444/444
f 442/442/442 444/444/444 445/445/445
f 446/446/446 447/447/447 448/448/448
f 446/446/446 448/448/448 449/449/449
f 450/450/450 451/451/451 452/452/452
f 450/450/450 452/452/452 453/453/453
f 454/454/454 451/451/451 450/450/450
f 454/454/454 455/455/455 451/451/451
f 456/456/456 455/455/455 454/454/454
f 456/456/456 457/457/457 455/455/455
f 456/456/456 458/458/458 457/457/457
f 456/456/456 459/459/459 458/458/458
f 460/460/460 461/461/461 462/462/462
f 461/461/461 460/460/460 463/463/463
f 464/464/464 462/462/462 461/461/461
f 465/465/465 464/464/464 461/461/461
f 464/464/464 465/465/465 466/466/466
f 467/467/467 468/468/468 469/469/469
f 470/470/470 469/469/469 468/468/468
f 471/471/471 468/468/468 467/467/467
f 468/468/468 471/471/471 472/472/472
f 472/472/472 471/471/471 473/473/473
f 474/474/474 475/475/475 476/476/476
f 477/477/477 474/474/474 476/476/476
f 476/476/476 478/478/478 477/477/477
f 474/474/474 477/477/477 479/479/479
f 479/479/479 477/477/477 480/480/480
f 480/480/480 477/477/477 478/478/478
f 476/476/476 475/475/475 481/481/481
f 482/482/482 476/476/476 481/481/481
f 483/483/483 476/476/476 482/482/482
f 484/484/484 476/476/476 483/483/483
f 478/478/478 476/476/476 485/485/485
f 485/485/485 476/476/476 484/484/484
f 486/486/486 487/487/487 488/488/488
f 486/486/486 488/488/488 489/489/489
f 490/490/490 491/491/491 492/492/492
f 493/493/493 492/492/492 491/491/491
f 494/494/494 492/492/492 493/493/493
f 495/495/495 492/492/492 494/494/494
f 496/496/496 492/492/492 495/495/495
f 491/491/491 490/490/490 497/497/497
f 497/497/497 490/490/490 498/498/498
f 498/498/498 490/490/490 499/499/499
f 500/500/500 492/492/492 496/496/496
f 492/492/492 500/500/500 490/490/490
f 500/500/500 501/501/501 490/490/490
f 490/490/490 501/501/501 499/499/499
f 502/502/502 503/503/503 504/504/504
f 502/502/502 504/504/504 505/505/505
f 506/506/506 505/505/505 504/504/504
f 506/506/506 504/504/504 507/507/507
f 508/508/508 506/506/506 507/507/507
f 508/508/508 507/507/507 509/509/509
f 510/510/510 508/508/508 509/509/509
f 510/510/510 509/509/509 511/511/511
f 512/512/512 513/513/513 514/514/514
f 512/512/512 514/514/514 515/515/515
f 512/512/512 516/516/516 513/513/513
f 512/512/512 517/517/517 516/516/516
f 517/517/517 518/518/518 516/516/516
f 517/517/517 519/519/519 518/518/518
f 518/518/518 520/520/520 516/516/516
f 518/518/518 521/521/521 520/520/520
f 516/516/516 520/520/520 522/522/522
f 521/521/521 523/523/523 520/520/520
f 521/521/521 524/524/524 523/523/523
f 520/520/520 523/523/523 525/525/525
f 516/516/516 522/522/522 526/526/526
f 527/527/527 526/526/526 522/522/522
f 527/527/527 522/522/522 528/528/528
f 520/520/520 525/525/525 529/529/529
f 530/530/530 529/529/529 525/525/525
f 530/530/530 525/525/525 531/531/531
f 519/519/519 532/532/532 518/518/518
f 519/519/519 533/533/533 532/532/532
f 518/518/518 534/534/534 521/521/521
f 535/535/535 524/524/524 521/521/521
f 535/535/535 536/536/536 524/524/524
f 518/518/518 537/537/537 534/534/534
f 538/538/538 539/539/539 540/540/540
f 538/538/538 540/540/540 541/541/541
f 542/542/542 543/543/543 544/544/544
f 542/542/542 544/544/544 545/545/545
f 546/546/546 547/547/547 548/548/548
f 549/549/549 548/548/548 547/547/547
f 550/550/550 549/549/549 547/547/547
f 547/547/547 551/551/551 550/550/550
f 549/549/549 550/550/550 552/552/552
f 552/552/552 550/550/550 553/553/553
f 554/554/554 547/547/547 546/546/546
f 547/547/547 554/554/554 555/555/555
f 556/556/556 547/547/547 555/555/555
f 551/551/551 547/547/547 556/556/556
f 553/553/553 550/550/550 557/557/557
f 557/557/557 550/550/550 551/551/551
f 551/551/551 558/558/558 557/557/557
f 551/551/551 559/559/559 558/558/558
f 559/559/559 560/560/560 558/558/558
f 559/559/559 561/561/561 560/560/560
f 560/560/560 562/562/562 558/558/558
f 560/560/560 563/563/563 562/562/562
f 564/564/564 565/565/565 566/566/566
f 564/564/564 566/566/566 567/567/567
f 567/567/567 566/566/566 568/568/568
f 569/569/569 565/565/565 564/564/564
f 569/569/569 570/570/570 565/565/565
f 567/567/567 568/568/568 571/571/571
f 572/572/572 570/570/570 569/569/569
f 572/572/572 573/573/573 570/570/570
f 574/574/574 573/573/573 572/572/572
f 574/574/574 575/575/575 573/573/573
f 576/576/576 577/577/577 578/578/578
f 576/576/576 578/578/578 579/579/579
f 579/579/579 578/578/578 580/580/580
f 579/579/579 580/580/580 581/581/581
f 581/581/581 580/580/580 582/582/582
f 581/581/581 582/582/582 583/583/583
f 583/583/583 582/582/582 584/584/584
f 583/583/583 584/584/584 585/585/585
f 586/586/586 587/587/587 588/588/588
f 589/589/589 587/587/587 586/586/586
f 586/586/586 588/588/588 590/590/590
f 589/589/589 586/586/586 591/591/591
f 592/592/592 587/587/587 589/589/589
f 592/592/592 593/593/593 587/587/587
f 592/592/592 594/594/594 593/593/593
f 594/594/594 592/592/592 595/595/595
f 596/596/596 594/594/594 595/595/595
f 596/596/596 597/597/597 594/594/594
f 597/597/597 598/598/598 594/594/594
f 599/599/599 594/594/594 598/598/598
f 600/600/600 594/594/594 599/599/599
f 594/594/594 600/600/600 601/601/601
f 602/602/602 594/594/594 601/601/601
f 593/593/593 594/594/594 602/602/602
f 603/603/603 604/604/604 605/605/605
f 603/603/603 605/605/605 606/606/606
f 607/607/607 608/608/608 609/609/609
f 607/607/607 609/609/609 610/610/610
f 611/611/611 608/608/608 607/607/607
f 611/611/611 612/612/612 608/608/608
f 613/613/613 614/614/614 615/615/615
f 613/613/613 615/615/615 616/616/616
f 617/617/617 618/618/618 619/619/619
f 617/617/617 619/619/619 620/620/620
f 621/621/621 622/622/622 623/623/623
f 621/621/621 623/623/623 624/624/624
f 625/625/625 624/624/624 623/623/623
f 625/625/625 626/626/626 624/624/624
f 627/627/627 628/628/628 629/629/629
f 627/627/627 629/629/629 630/630/630
f 631/631/631 632/632/632 633/633/633
f 631/631/631 633/633/633 634/634/634
f 634/634/634 633/633/633 635/635/635
f 634/634/634 635/635/635 636/636/636
f 637/637/637 636/636/636 635/635/635
f 637/637/637 638/638/638 636/636/636
f 639/639/639 638/638/638 637/637/637
f 639/639/639 637/637/637 640/640/640
f 641/641/641 639/639/639 640/640/640
f 641/641/641 640/640/640 642/642/642
f 641/641/641 642/642/642 643/643/643
f 641/641/641 643/643/643 644/644/644
f 644/644/644 643/643/643 645/645/645
f 644/644/644 645/645/645 646/646/646
f 647/647/647 648/648/648 649/649/649
f 647/647/647 649/649/649 650/650/650
f 651/651/651 652/652/652 653/653/653
f 651/651/651 653/653/653 654/654/654
f 655/655/655 656/656/656 657/657/657
f 655/655/655 657/657/657 658/658/658
f 659/659/659 660/660/660 661/661/661
f 659/659/659 661/661/661 662/662/662
f 663/663/663 664/664/664 665/665/665
f 663/663/663 665/665/665 666/666/666
f 667/667/667 668/668/668 669/669/669
f 667/667/667 669/669/669 670/670/670
f 671/671/671 667/667/667 670/670/670
f 671/671/671 672/672/672 667/667/667
f 673/673/673 674/674/674 675/675/675
f 673/673/673 675/675/675 676/676/676
f 677/677/677 678/678/678 679/679/679
f 679/679/679 678/678/678 680/680/680
f 679/679/679 680/680/680 681/681/681
f 680/680/680 678/678/678 682/682/682
f 682/682/682 678/678/678 683/683/683
f 683/683/683 678/678/678 684/684/684
f 680/680/680 682/682/682 685/685/685
f 680/680/680 685/685/685 686/686/686
f 684/684/684 678/678/678 687/687/687
f 678/678/678 677/677/677 688/688/688
f 677/677/677 679/679/679 689/689/689
f 690/690/690 689/689/689 679/679/679
f 691/691/691 690/690/690 679/679/679
f 692/692/692 690/690/690 691/691/691
f 693/693/693 694/694/694 695/695/695
f 696/696/696 694/694/694 693/693/693
f 697/697/697 694/694/694 696/696/696
f 694/694/694 697/697/697 698/698/698
f 698/698/698 697/697/697 699/699/699
f 700/700/700 695/695/695 694/694/694
f 700/700/700 694/694/694 701/701/701
f 700/700/700 702/702/702 695/695/695
f 703/703/703 695/695/695 702/702/702
f 704/704/704 695/695/695 703/703/703
f 702/702/702 700/700/700 705/705/705
f 705/705/705 700/700/700 706/706/706
f 693/693/693 695/695/695 707/707/707
f 695/695/695 704/704/704 708/708/708
f 709/709/709 710/710/710 711/711/711
f 709/709/709 711/711/711 712/712/712
f 713/713/713 709/709/709 712/712/712
f 713/713/713 712/712/712 714/714/714
f 715/715/715 716/716/716 717/717/717
f 718/718/718 717/717/717 716/716/716
f 719/719/719 717/717/717 718/718/718
f 720/720/720 716/716/716 715/715/715
f 720/720/720 715/715/715 721/721/721
f 721/721/721 715/715/715 722/722/722
f 723/723/723 724/724/724 725/725/725
f 723/723/723 725/725/725 726/726/726
f 724/724/724 727/727/727 725/725/725
f 724/724/724 728/728/728 727/727/727
f 729/729/729 730/730/730 731/731/731
f 729/729/729 731/731/731 732/732/732
f 733/733/733 734/734/734 735/735/735
f 733/733/733 735/735/735 736/736/736
f 737/737/737 738/738/738 739/739/739
f 737/737/737 739/739/739 740/740/740
f 738/738/738 741/741/741 739/739/739
f 738/738/738 742/742/742 741/741/741
f 743/743/743 744/744/744 745/745/745
f 743/743/743 745/745/745 746/746/746
f 747/747/747 748/748/748 749/749/749
f 747/747/747 749/749/749 750/750/750
f 751/751/751 752/752/752 753/753/753
f 751/751/751 753/753/753 754/754/754
f 755/755/755 756/756/756 757/757/757
f 758/758/758 757/757/757 756/756/756
f 759/759/759 757/757/757 758/758/758
f 755/755/755 757/757/757 760/760/760
f 755/755/755 760/760/760 761/761/761
f 761/761/761 760/760/760 762/762/762
f 763/763/763 764/764/764 765/765/765
f 763/763/763 765/765/765 766/766/766
f 767/767/767 768/768/768 769/769/769
f 770/770/770 768/768/768 767/767/767
f 771/771/771 772/772/772 773/773/773
f 771/771/771 773/773/773 774/774/774
f 775/775/775 776/776/776 777/777/777
f 776/776/776 775/775/775 778/778/778
f 775/775/775 777/777/777 779/779/779
f 780/780/780 781/781/781 782/782/782
f 780/780/780 782/782/782 783/783/783
f 784/784/784 785/785/785 786/786/786
f 784/784/784 786/786/786 787/787/787
f 788/788/788 789/789/789 790/790/790
f 788/788/788 790/790/790 791/791/791
f 792/792/792 793/793/793 794/794/794
f 792/792/792 794/794/794 795/795/795
f 793/793/793 796/796/796 794/794/794
f 793/793/793 797/797/797 796/796/796
f 798/798/798 799/799/799 800/800/800
f 798/798/798 800/800/800 801/801/801
f 802/802/802 803/803/803 804/804/804
f 802/802/802 804/804/804 805/805/805
f 806/806/806 807/807/807 808/808/808
f 809/809/809 806/806/806 808/808/808
f 808/808/808 807/807/807 810/810/810
f 811/811/811 812/812/812 813/813/813
f 814/814/814 812/812/812 811/811/811
f 811/811/811 813/813/813 815/815/815
f 815/815/815 813/813/813 816/816/816
f 814/814/814 811/811/811 817/817/817
f 818/818/818 814/814/814 817/817/817
f 818/818/818 817/817/817 819/819/819
f 815/815/815 816/816/816 820/820/820
f 820/820/820 816/816/816 821/821/821
f 820/820/820 821/821/821 822/822/822
f 823/823/823 824/824/824 825/825/825
f 823/823/823 825/825/825 826/826/826
f 827/827/827 826/826/826 825/825/825
f 827/827/827 825/825/825 828/828/828
f 829/829/829 830/830/830 831/831/831
f 832/832/832 829/829/829 831/831/831
f 829/829/829 832/832/832 833/833/833
f 834/834/834 831/831/831 830/830/830
f 831/831/831 834/834/834 835/835/835
f 835/835/835 834/834/834 836/836/836
f 829/829/829 837/837/837 830/830/830
f 830/830/830 837/837/837 838/838/838
f 833/833/833 832/832/832 839/839/839
f 833/833/833 839/839/839 840/840/840
f 840/840/840 839/839/839 841/841/841
f 839/839/839 832/832/832 842/842/842
f 832/832/832 843/843/843 842/842/842
f 842/842/842 843/843/843 844/844/844
f 845/845/845 846/846/846 847/847/847
f 845/845/845 847/847/847 848/848/848
f 849/849/849 846/846/846 845/845/845
f 849/849/849 850/850/850 846/846/846
f 851/851/851 850/850/850 849/849/849
f 851/851/851 852/852/852 850/850/850
f 847/847/847 853/853/853 848/848/848
f 847/847/847 854/854/854 853/853/853
f 854/854/854 855/855/855 853/853/853
f 854/854/854 856/856/856 855/855/855
f 857/857/857 858/858/858 859/859/859
f 859/859/859 858/858/858 860/860/860
f 857/857/857 859/859/859 861/861/861
f 859/859/859 860/860/860 862/862/862
f 863/863/863 864/864/864 865/865/865
f 863/863/863 865/865/865 866/866/866
f 867/867/867 868/868/868 869/869/869
f 867/867/867 869/869/869 870/870/870
f 871/871/871 872/872/872 873/873/873
f 874/874/874 872/872/872 871/871/871
f 872/872/872 874/874/874 875/875/875
f 871/871/871 873/873/873 876/876/876
f 876/876/876 873/873/873 877/877/877
f 873/873/873 872/872/872 878/878/878
f 872/872/872 879/879/879 878/878/878
f 878/878/878 879/879/879 880/880/880
f 874/874/874 881/881/881 875/875/875
f 882/882/882 875/875/875 881/881/881
f 875/875/875 882/882/882 883/883/883
f 883/883/883 882/882/882 884/884/884
f 874/874/874 885/885/885 881/881/881
f 881/881/881 885/885/885 886/886/886
f 887/887/887 888/888/888 889/889/889
f 887/887/887 889/889/889 890/890/890
f 890/890/890 891/891/891 887/887/887
f 890/890/890 892/892/892 891/891/891
f 892/892/892 893/893/893 891/891/891
f 892/892/892 894/894/894 893/893/893
f 893/893/893 894/894/894 895/895/895
f 896/896/896 895/895/895 894/894/894
f 896/896/896 897/897/897 895/895/895
f 895/895/895 897/897/897 898/898/898
f 898/898/898 897/897/897 899/899/899
f 895/895/895 898/898/898 900/900/900
f 898/898/898 899/899/899 901/901/901
f 898/898/898 901/901/901 902/902/902
f 903/903/903 902/902/902 901/901/901
f 903/903/903 904/904/904 902/902/902
f 905/905/905 904/904/904 903/903/903
f 905/905/905 906/906/906 904/904/904
f 907/907/907 906/906/906 905/905/905
f 907/907/907 908/908/908 906/906/906
f 895/895/895 900/900/900 909/909/909
f 909/909/909 900/900/900 910/910/910
f 909/909/909 910/910/910 911/911/911
f 911/911/911 910/910/910 912/912/912
f 911/911/911 912/912/912 913/913/913
f 914/914/914 913/913/913 912/912/912
f 914/914/914 915/915/915 913/913/913
f 916/916/916 917/917/917 918/918/918
f 916/916/916 918/918/918 919/919/919
f 920/920/920 917/917/917 916/916/916
f 920/920/920 921/921/921 917/917/917
f 922/922/922 921/921/921 920/920/920
f 922/922/922 923/923/923 921/921/921
f 924/924/924 923/923/923 922/922/922
f 924/924/924 925/925/925 923/923/923
f 925/925/925 924/924/924 926/926/926
f 925/925/925 926/926/926 927/927/927
f 927/927/927 926/926/926 928/928/928
f 927/927/927 928/928/928 929/929/929
f 929/929/929 928/928/928 930/930/930
f 929/929/929 930/930/930 931/931/931
f 930/930/930 932/932/932 931/931/931
f 933/933/933 931/931/931 932/932/932
f 934/934/934 932/932/932 930/930/930
f 934/934/934 930/930/930 935/935/935
f 935/935/935 930/930/930 936/936/936
f 931/931/931 933/933/933 937/937/937
f 931/931/931 937/937/937 938/938/938
f 931/931/931 938/938/938 939/939/939
f 931/931/931 939/939/939 940/940/940
f 940/940/940 939/939/939 941/941/941
f 942/942/942 936/936/936 930/930/930
f 942/942/942 943/943/943 936/936/936
f 944/944/944 940/940/940 941/941/941
f 945/945/945 940/940/940 944/944/944
f 942/942/942 946/946/946 943/943/943
f 942/942/942 947/947/947 946/946/946
f 945/945/945 948/948/948 940/940/940
f 940/940/940 948/948/948 942/942/942
f 949/949/949 942/942/942 948/948/948
f 942/942/942 949/949/949 947/947/947
f 950/950/950 951/951/951 952/952/952
f 951/951/951 950/950/950 953/953/953
f 952/952/952 951/951/951 954/954/954
f 955/955/955 954/954/954 951/951/951
f 953/953/953 950/950/950 956/956/956
f 953/953/953 956/956/956 957/957/957
f 953/953/953 957/957/957 958/958/958
f 958/958/958 957/957/957 959/959/959
f 958/958/958 959/959/959 960/960/960
f 960/960/960 959/959/959 961/961/961
f 960/960/960 961/961/961 962/962/962
f 963/963/963 962/962/962 961/961/961
f 963/963/963 964/964/964 962/962/962
f 955/955/955 965/965/965 954/954/954
f 955/955/955 966/966/966 965/965/965
f 966/966/966 967/967/967 965/965/965
f 966/966/966 968/968/968 967/967/967
f 968/968/968 969/969/969 967/967/967
f 968/968/968 970/970/970 969/969/969
f 971/971/971 972/972/972 973/973/973
f 971/971/971 973/973/973 974/974/974
f 975/975/975 976/976/976 977/977/977
f 975/975/975 977/977/977 978/978/978
f 979/979/979 975/975/975 978/978/978
f 979/979/979 978/978/978 980/980/980
f 981/981/981 979/979/979 980/980/980
f 981/981/981 980/980/980 982/982/982
f 981/981/981 982/982/982 983/983/983
f 981/981/981 983/983/983 984/984/984
f 976/976/976 985/985/985 977/977/977
f 976/976/976 986/986/986 985/985/985
f 986/986/986 987/987/987 985/985/985
f 986/986/986 988/988/988 987/987/987
f 988/988/988 989/989/989 987/987/987
f 988/988/988 990/990/990 989/989/989
f 990/990/990 991/991/991 989/989/989
f 989/989/989 991/991/991 992/992/992
f 989/989/989 992/992/992 993/993/993
f 989/989/989 993/993/993 994/994/994
f 989/989/989 994/994/994 995/995/995
f 995/995/995 994/994/994 996/996/996
f 997/997/997 995/995/995 996/996/996
f 998/998/998 995/995/995 997/997/997
f 998/998/998 999/999/999 995/995/995
f 999/999/999 1000/1000/1000 995/995/995
f 995/995/995 1000/1000/1000 1001/1001/1001
f 1001/1001/1001 1000/1000/1000 1002/1002/1002
f 1001/1001/1001 1003/1003/1003 990/990/990
f 1001/1001/1001 1004/1004/1004 1003/1003/1003
f 1001/1001/1001 1005/1005/1005 1004/1004/1004
f 1001/1001/1001 1002/1002/1002 1005/1005/1005
f 1006/1006/1006 990/990/990 1003/1003/1003
f 1007/1007/1007 990/990/990 1006/1006/1006
f 1007/1007/1007 1008/1008/1008 990/990/990
f 1008/1008/1008 991/991/991 990/990/990
f 1009/1009/1009 1010/1010/1010 1011/1011/1011
f 1009/1009/1009 1011/1011/1011 1012/1012/1012
f 1013/1013/1013 1014/1014/1014 1015/1015/1015
f 1013/1013/1013 1015/1015/1015 1016/1016/1016
f 1013/1013/1013 1017/1017/1017 1014/1014/1014
f 1013/1013/1013 1018/1018/1018 1017/1017/1017
f 1018/1018/1018 1019/1019/1019 1017/1017/1017
f 1018/1018/1018 1020/1020/1020 1019/1019/1019
f 1021/1021/1021 1019/1019/1019 1020/1020/1020
f 1021/1021/1021 1020/1020/1020 1022/1022/1022
f 1023/1023/1023 1024/1024/1024 1025/1025/1025
f 1023/1023/1023 1025/1025/1025 1026/1026/1026
f 1027/1027/1027 1028/1028/1028 1029/1029/1029
f 1027/1027/1027 1029/1029/1029 1030/1030/1030
f 1031/1031/1031 1030/1030/1030 1029/1029/1029
f 1031/1031/1031 1032/1032/1032 1030/1030/1030
f 1033/1033/1033 1032/1032/1032 1031/1031/1031
f 1033/1033/1033 1034/1034/1034 1032/1032/1032
f 1034/1034/1034 1033/1033/1033 1035/1035/1035
f 1034/1034/1034 1035/1035/1035 1036/1036/1036
f 1037/1037/1037 1038/1038/1038 1039/1039/1039
f 1037/1037/1037 1039/1039/1039 1040/1040/1040
f 1041/1041/1041 1038/1038/1038 1037/1037/1037
f 1041/1041/1041 1042/1042/1042 1038/1038/1038
f 1043/1043/1043 1044/1044/1044 1045/1045/1045
f 1043/1043/1043 1045/1045/1045 1046/1046/1046
f 1043/1043/1043 1047/1047/1047 1044/1044/1044
f 1043/1043/1043 1048/1048/1048 1047/1047/1047
f 1047/1047/1047 1048/1048/1048 1049/1049/1049
f 1047/1047/1047 1049/1049/1049 1050/1050/1050
f 1050/1050/1050 1049/1049/1049 951/951/951
f 1050/1050/1050 951/951/951 953/953/953
f 1051/1051/1051 1052/1052/1052 1053/1053/1053
f 1051/1051/1051 1053/1053/1053 1054/1054/1054
f 1055/1055/1055 1056/1056/1056 1057/1057/1057
f 1055/1055/1055 1057/1057/1057 1058/1058/1058
f 1059/1059/1059 1060/1060/1060 1061/1061/1061
f 1059/1059/1059 1061/1061/1061 1062/1062/1062
f 1059/1059/1059 1062/1062/1062 1063/1063/1063
f 1059/1059/1059 1063/1063/1063 1064/1064/1064
f 1059/1059/1059 1064/1064/1064 1065/1065/1065
f 1059/1059/1059 1065/1065/1065 1066/1066/1066
f 1062/1062/1062 1067/1067/1067 1063/1063/1063
f 1062/1062/1062 1068/1068/1068 1067/1067/1067
f 1069/1069/1069 1070/1070/1070 1071/1071/1071
f 1069/1069/1069 1071/1071/1071 1072/1072/1072
f 1073/1073/1073 1074/1074/1074 1075/1075/1075
f 1074/1074/1074 1073/1073/1073 1076/1076/1076
f 1073/1073/1073 1075/1075/1075 1077/1077/1077
f 1073/1073/1073 1077/1077/1077 1078/1078/1078
f 1074/1074/1074 1076/1076/1076 1079/1079/1079
f 1073/1073/1073 1078/1078/1078 1080/1080/1080
f 1074/1074/1074 1081/1081/1081 1075/1075/1075
f 1074/1074/1074 1082/1082/1082 1081/1081/1081
f 1083/1083/1083 1084/1084/1084 1085/1085/1085
f 1084/1084/1084 1083/1083/1083 1086/1086/1086
f 1083/1083/1083 1085/1085/1085 1087/1087/1087
f 1087/1087/1087 1085/1085/1085 1088/1088/1088
f 1084/1084/1084 1086/1086/1086 1089/1089/1089
f 1087/1087/1087 1088/1088/1088 1090/1090/1090
f 1091/1091/1091 1092/1092/1092 1093/1093/1093
f 1091/1091/1091 1093/1093/1093 1094/1094/1094
f 1095/1095/1095 1096/1096/1096 1097/1097/1097
f 1095/1095/1095 1097/1097/1097 1098/1098/1098
f 1099/1099/1099 1100/1100/1100 1101/1101/1101
f 1099/1099/1099 1101/1101/1101 1102/1102/1102
f 1103/1103/1103 1104/1104/1104 1105/1105/1105
f 1103/1103/1103 1105/1105/1105 1106/1106/1106
f 1107/1107/1107 1108/1108/1108 1109/1109/1109
f 1109/1109/1109 1108/1108/1108 1110/1110/1110
f 1107/1107/1107 1109/1109/1109 1111/1111/1111
f 1109/1109/1109 1110/1110/1110 1112/1112/1112
f 1113/1113/1113 1114/1114/1114 1115/1115/1115
f 1114/1114/1114 1113/1113/1113 1116/1116/1116
f 1113/1113/1113 1115/1115/1115 1117/1117/1117
f 1114/1114/1114 1116/1116/1116 1118/1118/1118
f 1119/1119/1119 1120/1120/1120 1121/1121/1121
f 1119/1119/1119 1121/1121/1121 1122/1122/1122
f 1119/1119/1119 1122/1122/1122 1123/1123/1123
f 1119/1119/1119 1123/1123/1123 1124/1124/1124
f 1125/1125/1125 1126/1126/1126 1127/1127/1127
f 1127/1127/1127 1126/1126/1126 1128/1128/1128
f 1125/1125/1125 1127/1127/1127 1129/1129/1129
f 1127/1127/1127 1128/1128/1128 1130/1130/1130
f 1131/1131/1131 1132/1132/1132 1133/1133/1133
f 1131/1131/1131 1133/1133/1133 1134/1134/1134
f 1135/1135/1135 1136/1136/1136 1137/1137/1137
f 1135/1135/1135 1137/1137/1137 1138/1138/1138
f 1139/1139/1139 1140/1140/1140 1141/1141/1141
f 1139/1139/1139 1141/1141/1141 1142/1142/1142
f 1143/1143/1143 1144/1144/1144 1145/1145/1145
f 1143/1143/1143 1145/1145/1145 1146/1146/1146
f 1147/1147/1147 1148/1148/1148 1149/1149/1149
f 1147/1147/1147 1149/1149/1149 1150/1150/1150
f 1151/1151/1151 1152/1152/1152 1153/1153/1153
f 1154/1154/1154 1152/1152/1152 1151/1151/1151
f 1155/1155/1155 1152/1152/1152 1154/1154/1154
f 1152/1152/1152 1155/1155/1155 1156/1156/1156
f 1156/1156/1156 1155/1155/1155 1157/1157/1157
f 1157/1157/1157 1155/1155/1155 1158/1158/1158
f 1159/1159/1159 1160/1160/1160 1161/1161/1161
f 1159/1159/1159 1161/1161/1161 1162/1162/1162
f 1163/1163/1163 1159/1159/1159 1162/1162/1162
f 1159/1159/1159 1163/1163/1163 1164/1164/1164
f 1163/1163/1163 1162/1162/1162 1165/1165/1165
f 1159/1159/1159 1164/1164/1164 1166/1166/1166
f 1167/1167/1167 1159/1159/1159 1166/1166/1166
f 1167/1167/1167 1166/1166/1166 1168/1168/1168
f 1169/1169/1169 1170/1170/1170 1171/1171/1171
f 1172/1172/1172 1170/1170/1170 1169/1169/1169
f 1173/1173/1173 1170/1170/1170 1172/1172/1172
f 1170/1170/1170 1173/1173/1173 1174/1174/1174
f 1174/1174/1174 1173/1173/1173 1175/1175/1175
f 1175/1175/1175 1173/1173/1173 1176/1176/1176
f 1177/1177/1177 1178/1178/1178 1179/1179/1179
f 1180/1180/1180 1179/1179/1179 1178/1178/1178
f 1177/1177/1177 1179/1179/1179 1181/1181/1181
f 1180/1180/1180 1178/1178/1178 1182/1182/1182
f 1182/1182/1182 1178/1178/1178 1183/1183/1183
f 1182/1182/1182 1183/1183/1183 1184/1184/1184
f 1185/1185/1185 1178/1178/1178 1177/1177/1177
f 1185/1185/1185 1186/1186/1186 1178/1178/1178
f 1187/1187/1187 1188/1188/1188 1189/1189/1189
f 1187/1187/1187 1189/1189/1189 1190/1190/1190
f 1187/1187/1187 1191/1191/1191 1188/1188/1188
f 1187/1187/1187 1192/1192/1192 1191/1191/1191
f 1193/1193/1193 1194/1194/1194 1195/1195/1195
f 1193/1193/1193 1195/1195/1195 1196/1196/1196
f 1197/1197/1197 1195/1195/1195 1194/1194/1194
f 1197/1197/1197 1198/1198/1198 1195/1195/1195
f 1199/1199/1199 1200/1200/1200 1201/1201/1201
f 1199/1199/1199 1201/1201/1201 1202/1202/1202
f 1203/1203/1203 1204/1204/1204 1205/1205/1205
f 1206/1206/1206 1204/1204/1204 1203/1203/1203
f 1203/1203/1203 1205/1205/1205 1207/1207/1207
f 1207/1207/1207 1205/1205/1205 1208/1208/1208
f 1207/1207/1207 1208/1208/1208 1209/1209/1209
f 1206/1206/1206 1203/1203/1203 1210/1210/1210
f 1206/1206/1206 1210/1210/1210 1211/1211/1211
f 1206/1206/1206 1211/1211/1211 1212/1212/1212
f 1212/1212/1212 1211/1211/1211 1213/1213/1213
f 1212/1212/1212 1213/1213/1213 1214/1214/1214
f 1215/1215/1215 1216/1216/1216 1217/1217/1217
f 1217/1217/1217 1216/1216/1216 1218/1218/1218
f 1215/1215/1215 1217/1217/1217 1219/1219/1219
f 1217/1217/1217 1218/1218/1218 1220/1220/1220
f 1221/1221/1221 1220/1220/1220 1218/1218/1218
f 1221/1221/1221 1222/1222/1222 1220/1220/1220
f 1223/1223/1223 1224/1224/1224 1225/1225/1225
f 1226/1226/1226 1224/1224/1224 1223/1223/1223
f 1223/1223/1223 1225/1225/1225 1227/1227/1227
f 1228/1228/1228 1227/1227/1227 1225/1225/1225
f 1228/1228/1228 1229/1229/1229 1227/1227/1227
f 1226/1226/1226 1223/1223/1223 1230/1230/1230
f 1231/1231/1231 1232/1232/1232 1233/1233/1233
f 1232/1232/1232 1231/1231/1231 1234/1234/1234
f 1231/1231/1231 1233/1233/1233 1235/1235/1235
f 1235/1235/1235 1233/1233/1233 1236/1236/1236
f 1235/1235/1235 1236/1236/1236 1237/1237/1237
f 1236/1236/1236 1238/1238/1238 1237/1237/1237
f 1236/1236/1236 1239/1239/1239 1238/1238/1238
f 1232/1232/1232 1234/1234/1234 1240/1240/1240
f 1234/1234/1234 1241/1241/1241 1240/1240/1240
f 1234/1234/1234 1242/1242/1242 1241/1241/1241
f 1243/1243/1243 1244/1244/1244 1245/1245/1245
f 1245/1245/1245 1246/1246/1246 1243/1243/1243
f 1246/1246/1246 1247/1247/1247 1243/1243/1243
f 1247/1247/1247 1248/1248/1248 1243/1243/1243
f 1244/1244/1244 1243/1243/1243 1249/1249/1249
f 1243/1243/1243 1250/1250/1250 1249/1249/1249
f 1251/1251/1251 1250/1250/1250 1243/1243/1243
f 1249/1249/1249 1250/1250/1250 1252/1252/1252
f 1253/1253/1253 1252/1252/1252 1250/1250/1250
f 1254/1254/1254 1253/1253/1253 1250/1250/1250
f 1255/1255/1255 1254/1254/1254 1250/1250/1250
f 1256/1256/1256 1255/1255/1255 1250/1250/1250
f 1250/1250/1250 1251/1251/1251 1256/1256/1256
f 1251/1251/1251 1243/1243/1243 1257/1257/1257
f 1257/1257/1257 1243/1243/1243 1248/1248/1248
f 1258/1258/1258 1259/1259/1259 1260/1260/1260
f 1261/1261/1261 1260/1260/1260 1259/1259/1259
f 1262/1262/1262 1260/1260/1260 1261/1261/1261
f 1263/1263/1263 1260/1260/1260 1262/1262/1262
f 1264/1264/1264 1260/1260/1260 1263/1263/1263
f 1265/1265/1265 1260/1260/1260 1264/1264/1264
f 1259/1259/1259 1258/1258/1258 1266/1266/1266
f 1266/1266/1266 1258/1258/1258 1267/1267/1267
f 1267/1267/1267 1258/1258/1258 1268/1268/1268
f 1268/1268/1268 1258/1258/1258 1269/1269/1269
f 1269/1269/1269 1258/1258/1258 1270/1270/1270
f 1271/1271/1271 1260/1260/1260 1265/1265/1265
f 1260/1260/1260 1271/1271/1271 1258/1258/1258
f 1272/1272/1272 1258/1258/1258 1271/1271/1271
f 1258/1258/1258 1272/1272/1272 1270/1270/1270
f 1273/1273/1273 1274/1274/1274 1275/1275/1275
f 1273/1273/1273 1275/1275/1275 1276/1276/1276
f 1277/1277/1277 1273/1273/1273 1276/1276/1276
f 1277/1277/1277 1276/1276/1276 1278/1278/1278
f 1279/1279/1279 1277/1277/1277 1278/1278/1278
f 1279/1279/1279 1278/1278/1278 1280/1280/1280
f 1281/1281/1281 1279/1279/1279 1280/1280/1280
f 1274/1274/1274 1282/1282/1282 1275/1275/1275
f 1274/1274/1274 1283/1283/1283 1282/1282/1282
f 1281/1281/1281 1280/1280/1280 1284/1284/1284
f 1285/1285/1285 1286/1286/1286 1287/1287/1287
f 1285/1285/1285 1287/1287/1287 1288/1288/1288
f 1289/1289/1289 1285/1285/1285 1288/1288/1288
f 1286/1286/1286 1290/1290/1290 1287/1287/1287
f 1286/1286/1286 1291/1291/1291 1290/1290/1290
f 1291/1291/1291 1292/1292/1292 1290/1290/1290
f 1291/1291/1291 1293/1293/1293 1292/1292/1292
f 1289/1289/1289 1288/1288/1288 1294/1294/1294
f 1295/1295/1295 1289/1289/1289 1294/1294/1294
f 1295/1295/1295 1294/1294/1294 1296/1296/1296
f 1293/1293/1293 1297/1297/1297 1292/1292/1292
f 1293/1293/1293 1298/1298/1298 1297/1297/1297
f 1299/1299/1299 1300/1300/1300 1301/1301/1301
f 1299/1299/1299 1301/1301/1301 1302/1302/1302
f 1303/1303/1303 1304/1304/1304 1305/1305/1305
f 1303/1303/1303 1305/1305/1305 1306/1306/1306
f 1307/1307/1307 1308/1308/1308 1309/1309/1309
f 1310/1310/1310 1308/1308/1308 1307/1307/1307
f 1311/1311/1311 1308/1308/1308 1310/1310/1310
f 1308/1308/1308 1311/1311/1311 1312/1312/1312
f 1313/1313/1313 1314/1314/1314 1315/1315/1315
f 1313/1313/1313 1315/1315/1315 1316/1316/1316
f 1317/1317/1317 1318/1318/1318 1319/1319/1319
f 1317/1317/1317 1319/1319/1319 1320/1320/1320
f 1321/1321/1321 1322/1322/1322 1323/1323/1323
f 1321/1321/1321 1323/1323/1323 1324/1324/1324
f 1325/1325/1325 1326/1326/1326 1327/1327/1327
f 1326/1326/1326 1325/1325/1325 1328/1328/1328
f 1328/1328/1328 1325/1325/1325 1329/1329/1329
f 1329/1329/1329 1325/1325/1325 1330/1330/1330
f 1331/1331/1331 1332/1332/1332 1333/1333/1333
f 1331/1331/1331 1333/1333/1333 1334/1334/1334
f 1335/1335/1335 1336/1336/1336 1337/1337/1337
f 1335/1335/1335 1337/1337/1337 1338/1338/1338
f 1339/1339/1339 1340/1340/1340 1341/1341/1341
f 1339/1339/1339 1341/1341/1341 1342/1342/1342
f 1343/1343/1343 1344/1344/1344 1345/1345/1345
f 1343/1343/1343 1345/1345/1345 1346/1346/1346
f 1347/1347/1347 1344/1344/1344 1343/1343/1343
f 1347/1347/1347 1348/1348/1348 1344/1344/1344
f 1349/1349/1349 1350/1350/1350 1351/1351/1351
f 1349/1349/1349 1351/1351/1351 1352/1352/1352
f 1353/1353/1353 1354/1354/1354 1355/1355/1355
f 1353/1353/1353 1355/1355/1355 1356/1356/1356
f 1354/1354/1354 1357/1357/1357 1355/1355/1355
f 1354/1354/1354 1358/1358/1358 1357/1357/1357
f 1359/1359/1359 1360/1360/1360 1361/1361/1361
f 1359/1359/1359 1361/1361/1361 1362/1362/1362
f 1360/1360/1360 1363/1363/1363 1361/1361/1361
f 1360/1360/1360 1364/1364/1364 1363/1363/1363
f 1365/1365/1365 1366/1366/1366 1367/1367/1367
f 1365/1365/1365 1367/1367/1367 1368/1368/1368
f 1369/1369/1369 1370/1370/1370 1371/1371/1371
f 1369/1369/1369 1371/1371/1371 1372/1372/1372
f 1373/1373/1373 1374/1374/1374 1375/1375/1375
f 1373/1373/1373 1375/1375/1375 1376/1376/1376
f 1377/1377/1377 1378/1378/1378 1379/1379/1379
f 1377/1377/1377 1379/1379/1379 1380/1380/1380
f 1377/1377/1377 1380/1380/1380 1381/1381/1381
f 1381/1381/1381 1380/1380/1380 1382/1382/1382
f 1378/1378/1378 1383/1383/1383 1379/1379/1379
f 1378/1378/1378 1384/1384/1384 1383/1383/1383
f 1383/1383/1383 1384/1384/1384 1385/1385/1385
f 1383/1383/1383 1385/1385/1385 1386/1386/1386
f 1386/1386/1386 1385/1385/1385 1387/1387/1387
f 1386/1386/1386 1387/1387/1387 1388/1388/1388
f 1388/1388/1388 1387/1387/1387 1389/1389/1389
f 1388/1388/1388 1389/1389/1389 1390/1390/1390
f 1377/1377/1377 1381/1381/1381 1391/1391/1391
f 1377/1377/1377 1391/1391/1391 1392/1392/1392
f 1377/1377/1377 1392/1392/1392 1393/1393/1393
f 1381/1381/1381 1382/1382/1382 1394/1394/1394
f 1395/1395/1395 1396/1396/1396 1397/1397/1397
f 1398/1398/1398 1396/1396/1396 1395/1395/1395
f 1399/1399/1399 1396/1396/1396 1398/1398/1398
f 1395/1395/1395 1397/1397/1397 1400/1400/1400
f 1400/1400/1400 1397/1397/1397 1401/1401/1401
f 1400/1400/1400 1401/1401/1401 1402/1402/1402
f 1403/1403/1403 1402/1402/1402 1401/1401/1401
f 1403/1403/1403 1401/1401/1401 1404/1404/1404
f 1405/1405/1405 1403/1403/1403 1404/1404/1404
f 1405/1405/1405 1404/1404/1404 1406/1406/1406
f 1407/1407/1407 1405/1405/1405 1406/1406/1406
f 1407/1407/1407 1406/1406/1406 1408/1408/1408
f 1398/1398/1398 1395/1395/1395 1409/1409/1409
f 1410/1410/1410 1409/1409/1409 1395/1395/1395
f 1410/1410/1410 1395/1395/1395 1411/1411/1411
f 1399/1399/1399 1398/1398/1398 1412/1412/1412
f 1413/1413/1413 1414/1414/1414 1415/1415/1415
f 1413/1413/1413 1415/1415/1415 1416/1416/1416
f 1417/1417/1417 1418/1418/1418 1419/1419/1419
f 1417/1417/1417 1419/1419/1419 1420/1420/1420
f 1421/1421/1421 1422/1422/1422 1423/1423/1423
f 1424/1424/1424 1422/1422/1422 1421/1421/1421
f 1421/1421/1421 1423/1423/1423 1425/1425/1425
f 1425/1425/1425 1423/1423/1423 1426/1426/1426
f 1424/1424/1424 1421/1421/1421 1427/1427/1427
f 1425/1425/1425 1426/1426/1426 1428/1428/1428
f 1429/1429/1429 1430/1430/1430 1431/1431/1431
f 1429/1429/1429 1431/1431/1431 1432/1432/1432
f 1433/1433/1433 1434/1434/1434 1435/1435/1435
f 1433/1433/1433 1435/1435/1435 1436/1436/1436
f 1437/1437/1437 1438/1438/1438 1439/1439/1439
f 1437/1437/1437 1439/1439/1439 1440/1440/1440
f 1440/1440/1440 1439/1439/1439 1441/1441/1441
f 1440/1440/1440 1441/1441/1441 1442/1442/1442
f 1442/1442/1442 1441/1441/1441 1443/1443/1443
f 1442/1442/1442 1443/1443/1443 1444/1444/1444
f 1445/1445/1445 1446/1446/1446 1447/1447/1447
f 1445/1445/1445 1447/1447/1447 1448/1448/1448
f 1448/1448/1448 1447/1447/1447 1449/1449/1449
f 1448/1448/1448 1449/1449/1449 1450/1450/1450
f 1451/1451/1451 1452/1452/1452 1453/1453/1453
f 1451/1451/1451 1453/1453/1453 1454/1454/1454
f 1455/1455/1455 1452/1452/1452 1451/1451/1451
f 1455/1455/1455 1456/1456/1456 1452/1452/1452
f 1457/1457/1457 1458/1458/1458 1459/1459/1459
f 1457/1457/1457 1459/1459/1459 1460/1460/1460
f 1461/1461/1461 1462/1462/1462 1463/1463/1463
f 1461/1461/1461 1463/1463/1463 1464/1464/1464
f 1465/1465/1465 1466/1466/1466 1467/1467/1467
f 1465/1465/1465 1467/1467/1467 1468/1468/1468
f 1468/1468/1468 1467/1467/1467 1469/1469/1469
f 1468/1468/1468 1469/1469/1469 1470/1470/1470
f 1471/1471/1471 1472/1472/1472 1473/1473/1473
f 1471/1471/1471 1473/1473/1473 1474/1474/1474
f 1475/1475/1475 1476/1476/1476 1477/1477/1477
f 1475/1475/1475 1477/1477/1477 1478/1478/1478
f 1479/1479/1479 1480/1480/1480 1481/1481/1481
f 1479/1479/1479 1481/1481/1481 1482/1482/1482
f 1483/1483/1483 1484/1484/1484 1485/1485/1485
f 1483/1483/1483 1485/1485/1485 1486/1486/1486
f 1487/1487/1487 1488/1488/1488 1489/1489/1489
f 1487/1487/1487 1489/1489/1489 1490/1490/1490
f 1491/1491/1491 1492/1492/1492 1493/1493/1493
f 1491/1491/1491 1493/1493/1493 1494/1494/1494
f 1495/1495/1495 1496/1496/1496 1497/1497/1497
f 1495/1495/1495 1497/1497/1497 1498/1498/1498
f 1499/1499/1499 1500/1500/1500 1501/1501/1501
f 1499/1499/1499 1501/1501/1501 1502/1502/1502
f 1503/1503/1503 1504/1504/1504 1505/1505/1505
f 1503/1503/1503 1505/1505/1505 1506/1506/1506
f 1507/1507/1507 1508/1508/1508 1509/1509/1509
f 1507/1507/1507 1509/1509/1509 1510/1510/1510
f 1511/1511/1511 1512/1512/1512 1513/1513/1513
f 1514/1514/1514 1511/1511/1511 1513/1513/1513
f 1511/1511/1511 1514/1514/1514 1515/1515/1515
f 1513/1513/1513 1512/1512/1512 1516/1516/1516
f 1517/1517/1517 1515/1515/1515 1514/1514/1514
f 1515/1515/1515 1517/1517/1517 1518/1518/1518
f 1519/1519/1519 1518/1518/1518 1517/1517/1517
f 1518/1518/1518 1519/1519/1519 1520/1520/1520
f 1520/1520/1520 1519/1519/1519 1521/1521/1521
f 1522/1522/1522 1520/1520/1520 1521/1521/1521
f 1522/1522/1522 1521/1521/1521 1523/1523/1523
f 1524/1524/1524 1522/1522/1522 1523/1523/1523
f 1524/1524/1524 1523/1523/1523 1525/1525/1525
f 1526/1526/1526 1524/1524/1524 1525/1525/1525
f 1526/1526/1526 1525/1525/1525 1527/1527/1527
f 1526/1526/1526 1527/1527/1527 1528/1528/1528
f 1526/1526/1526 1528/1528/1528 1529/1529/1529
f 1530/1530/1530 1529/1529/1529 1528/1528/1528
f 1531/1531/1531 1529/1529/1529 1530/1530/1530
f 1531/1531/1531 1530/1530/1530 1532/1532/1532
f 1532/1532/1532 1530/1530/1530 1533/1533/1533
f 1532/1532/1532 1533/1533/1533 1534/1534/1534
f 1532/1532/1532 1534/1534/1534 1535/1535/1535
f 1535/1535/1535 1534/1534/1534 1536/1536/1536
f 1535/1535/1535 1536/1536/1536 1537/1537/1537
f 1536/1536/1536 1538/1538/1538 1537/1537/1537
f 1539/1539/1539 1537/1537/1537 1538/1538/1538
f 1537/1537/1537 1539/1539/1539 1540/1540/1540
f 1540/1540/1540 1539/1539/1539 1541/1541/1541
f 1540/1540/1540 1541/1541/1541 1542/1542/1542
f 1540/1540/1540 1542/1542/1542 1543/1543/1543
f 1543/1543/1543 1542/1542/1542 1544/1544/1544
f 1543/1543/1543 1544/1544/1544 1545/1545/1545
f 1546/1546/1546 1545/1545/1545 1544/1544/1544
f 1545/1545/1545 1546/1546/1546 1547/1547/1547
f 1547/1547/1547 1546/1546/1546 1548/1548/1548
f 1547/1547/1547 1548/1548/1548 1549/1549/1549
f 1547/1547/1547 1549/1549/1549 1550/1550/1550
f 1550/1550/1550 1549/1549/1549 1551/1551/1551
f 1550/1550/1550 1551/1551/1551 1552/1552/1552
f 1551/1551/1551 1553/1553/1553 1552/1552/1552
f 1552/1552/1552 1553/1553/1553 1554/1554/1554
f 1554/1554/1554 1553/1553/1553 1555/1555/1555
f 1555/1555/1555 1556/1556/1556 1554/1554/1554
f 1554/1554/1554 1556/1556/1556 1557/1557/1557
f 1557/1557/1557 1556/1556/1556 1558/1558/1558
f 1558/1558/1558 1559/1559/1559 1557/1557/1557
f 1560/1560/1560 1559/1559/1559 1558/1558/1558
f 1559/1559/1559 1560/1560/1560 1561/1561/1561
f 1561/1561/1561 1560/1560/1560 1562/1562/1562
f 1563/1563/1563 1561/1561/1561 1562/1562/1562
f 1563/1563/1563 1562/1562/1562 1564/1564/1564
f 1565/1565/1565 1563/1563/1563 1564/1564/1564
f 1565/1565/1565 1564/1564/1564 1566/1566/1566
f 1565/1565/1565 1566/1566/1566 1567/1567/1567
f 1565/1565/1565 1567/1567/1567 1568/1568/1568
f 1568/1568/1568 1567/1567/1567 1569/1569/1569
f 1568/1568/1568 1569/1569/1569 1570/1570/1570
f 1570/1570/1570 1569/1569/1569 1571/1571/1571
f 1570/1570/1570 1571/1571/1571 1572/1572/1572
f 1573/1573/1573 1572/1572/1572 1571/1571/1571
f 1573/1573/1573 1571/1571/1571 1574/1574/1574
f 1575/1575/1575 1573/1573/1573 1574/1574/1574
f 1575/1575/1575 1574/1574/1574 1576/1576/1576
f 1577/1577/1577 1575/1575/1575 1576/1576/1576
f 1575/1575/1575 1577/1577/1577 1578/1578/1578
f 1578/1578/1578 1577/1577/1577 1579/1579/1579
f 1580/1580/1580 1578/1578/1578 1579/1579/1579
f 1580/1580/1580 1579/1579/1579 1581/1581/1581
f 1580/1580/1580 1581/1581/1581 1582/1582/1582
f 1580/1580/1580 1582/1582/1582 1583/1583/1583
f 1583/1583/1583 1582/1582/1582 1584/1584/1584
f 1583/1583/1583 1584/1584/1584 1585/1585/1585
f 1586/1586/1586 1585/1585/1585 1584/1584/1584
f 1585/1585/1585 1586/1586/1586 1587/1587/1587
f 1586/1586/1586 1588/1588/1588 1587/1587/1587
f 1587/1587/1587 1588/1588/1588 1589/1589/1589
f 1587/1587/1587 1589/1589/1589 1590/1590/1590
f 1587/1587/1587 1590/1590/1590 1591/1591/1591
f 1591/1591/1591 1590/1590/1590 1592/1592/1592
f 1591/1591/1591 1592/1592/1592 1593/1593/1593
f 1594/1594/1594 1593/1593/1593 1592/1592/1592
f 1595/1595/1595 1593/1593/1593 1594/1594/1594
f 1596/1596/1596 1595/1595/1595 1594/1594/1594
f 1595/1595/1595 1596/1596/1596 1597/1597/1597
f 1596/1596/1596 1598/1598/1598 1597/1597/1597
f 1597/1597/1597 1598/1598/1598 1599/1599/1599
f 1600/1600/1600 1599/1599/1599 1598/1598/1598
f 1516/1516/1516 1599/1599/1599 1600/1600/1600
f 1599/1599/1599 1516/1516/1516 1512/1512/1512
f 1601/1601/1601 1602/1602/1602 1603/1603/1603
f 1604/1604/1604 1602/1602/1602 1601/1601/1601
f 1602/1602/1602 1604/1604/1604 1605/1605/1605
f 1605/1605/1605 1604/1604/1604 1606/1606/1606
f 1607/1607/1607 1601/1601/1601 1603/1603/1603
f 1607/1607/1607 1608/1608/1608 1601/1601/1601
f 1609/1609/1609 1608/1608/1608 1607/1607/1607
f 1609/1609/1609 1610/1610/1610 1608/1608/1608
f 1609/1609/1609 1611/1611/1611 1610/1610/1610
f 1609/1609/1609 1612/1612/1612 1611/1611/1611
f 1612/1612/1612 1613/1613/1613 1611/1611/1611
f 1612/1612/1612 1614/1614/1614 1613/1613/1613
f 1614/1614/1614 1615/1615/1615 1613/1613/1613
f 1614/1614/1614 1616/1616/1616 1615/1615/1615
f 1616/1616/1616 1617/1617/1617 1615/1615/1615
f 1616/1616/1616 1618/1618/1618 1617/1617/1617
f 1619/1619/1619 1617/1617/1617 1618/1618/1618
f 1619/1619/1619 1620/1620/1620 1617/1617/1617
f 1605/1605/1605 1606/1606/1606 1621/1621/1621
f 1621/1621/1621 1606/1606/1606 1622/1622/1622
f 1621/1621/1621 1622/1622/1622 1623/1623/1623
f 1624/1624/1624 1623/1623/1623 1622/1622/1622
f 1625/1625/1625 1623/1623/1623 1624/1624/1624
f 1626/1626/1626 1625/1625/1625 1624/1624/1624
f 1625/1625/1625 1626/1626/1626 1627/1627/1627
f 1626/1626/1626 1628/1628/1628 1627/1627/1627
f 1629/1629/1629 1628/1628/1628 1626/1626/1626
f 1628/1628/1628 1629/1629/1629 1630/1630/1630
f 1631/1631/1631 1630/1630/1630 1629/1629/1629
f 1632/1632/1632 1630/1630/1630 1631/1631/1631
f 1632/1632/1632 1631/1631/1631 1633/1633/1633
f 1634/1634/1634 1633/1633/1633 1631/1631/1631
f 1633/1633/1633 1634/1634/1634 1635/1635/1635
f 1634/1634/1634 1636/1636/1636 1635/1635/1635
f 1635/1635/1635 1636/1636/1636 1637/1637/1637
f 1638/1638/1638 1637/1637/1637 1636/1636/1636
f 1637/1637/1637 1638/1638/1638 1639/1639/1639
f 1640/1640/1640 1639/1639/1639 1638/1638/1638
f 1640/1640/1640 1638/1638/1638 1641/1641/1641
f 1642/1642/1642 1640/1640/1640 1641/1641/1641
f 1642/1642/1642 1641/1641/1641 1643/1643/1643
f 1644/1644/1644 1642/1642/1642 1643/1643/1643
f 1644/1644/1644 1643/1643/1643 1645/1645/1645
f 1646/1646/1646 1644/1644/1644 1645/1645/1645
f 1646/1646/1646 1645/1645/1645 1647/1647/1647
f 1646/1646/1646 1647/1647/1647 1648/1648/1648
f 1646/1646/1646 1648/1648/1648 1649/1649/1649
f 1648/1648/1648 1650/1650/1650 1649/1649/1649
f 1649/1649/1649 1650/1650/1650 1651/1651/1651
f 1651/1651/1651 1650/1650/1650 1652/1652/1652
f 1651/1651/1651 1652/1652/1652 1653/1653/1653
f 1651/1651/1651 1653/1653/1653 1654/1654/1654
f 1654/1654/1654 1653/1653/1653 1655/1655/1655
f 1654/1654/1654 1655/1655/1655 1656/1656/1656
f 1655/1655/1655 1657/1657/1657 1656/1656/1656
f 1658/1658/1658 1657/1657/1657 1655/1655/1655
f 1657/1657/1657 1658/1658/1658 1659/1659/1659
f 1659/1659/1659 1658/1658/1658 1660/1660/1660
f 1660/1660/1660 1658/1658/1658 1661/1661/1661
f 1660/1660/1660 1661/1661/1661 1662/1662/1662
f 1662/1662/1662 1661/1661/1661 1663/1663/1663
f 1662/1662/1662 1663/1663/1663 1664/1664/1664
f 1665/1665/1665 1664/1664/1664 1663/1663/1663
f 1665/1665/1665 1663/1663/1663 1666/1666/1666
f 1665/1665/1665 1666/1666/1666 1667/1667/1667
f 1665/1665/1665 1667/1667/1667 1668/1668/1668
f 1668/1668/1668 1667/1667/1667 1669/1669/1669
f 1668/1668/1668 1669/1669/1669 1670/1670/1670
f 1669/1669/1669 1671/1671/1671 1670/1670/1670
f 1672/1672/1672 1671/1671/1671 1669/1669/1669
f 1671/1671/1671 1672/1672/1672 1673/1673/1673
f 1672/1672/1672 1674/1674/1674 1673/1673/1673
f 1675/1675/1675 1674/1674/1674 1672/1672/1672
f 1674/1674/1674 1675/1675/1675 1676/1676/1676
f 1675/1675/1675 1677/1677/1677 1676/1676/1676
f 1678/1678/1678 1677/1677/1677 1675/1675/1675
f 1677/1677/1677 1678/1678/1678 1679/1679/1679
f 1679/1679/1679 1678/1678/1678 1680/1680/1680
f 1681/1681/1681 1679/1679/1679 1680/1680/1680
f 1681/1681/1681 1680/1680/1680 1682/1682/1682
f 1683/1683/1683 1681/1681/1681 1682/1682/1682
f 1683/1683/1683 1682/1682/1682 1684/1684/1684
f 1685/1685/1685 1683/1683/1683 1684/1684/1684
f 1686/1686/1686 1683/1683/1683 1685/1685/1685
f 1620/1620/1620 1686/1686/1686 1685/1685/1685
f 1686/1686/1686 1620/1620/1620 1619/1619/1619
f 1687/1687/1687 1688/1688/1688 1689/1689/1689
f 1690/1690/1690 1688/1688/1688 1687/1687/1687
f 1688/1688/1688 1690/1690/1690 1691/1691/1691
f 1690/1690/1690 1692/1692/1692 1691/1691/1691
f 1691/1691/1691 1692/1692/1692 1693/1693/1693
f 1694/1694/1694 1693/1693/1693 1692/1692/1692
f 1693/1693/1693 1694/1694/1694 1695/1695/1695
f 1694/1694/1694 1696/1696/1696 1695/1695/1695
f 1695/1695/1695 1696/1696/1696 1697/1697/1697
f 1697/1697/1697 1696/1696/1696 1698/1698/1698
f 1697/1697/1697 1698/1698/1698 1699/1699/1699
f 1699/1699/1699 1698/1698/1698 1700/1700/1700
f 1699/1699/1699 1700/1700/1700 1701/1701/1701
f 1701/1701/1701 1700/1700/1700 1702/1702/1702
f 1701/1701/1701 1702/1702/1702 1703/1703/1703
f 1704/1704/1704 1703/1703/1703 1702/1702/1702
f 1704/1704/1704 1702/1702/1702 1705/1705/1705
f 1706/1706/1706 1704/1704/1704 1705/1705/1705
f 1706/1706/1706 1705/1705/1705 1707/1707/1707
f 1708/1708/1708 1706/1706/1706 1707/1707/1707
f 1708/1708/1708 1707/1707/1707 1709/1709/1709
f 1708/1708/1708 1709/1709/1709 1710/1710/1710
f 1708/1708/1708 1710/1710/1710 1711/1711/1711
f 1712/1712/1712 1711/1711/1711 1710/1710/1710
f 1712/1712/1712 1710/1710/1710 1713/1713/1713
f 1714/1714/1714 1712/1712/1712 1713/1713/1713
f 1714/1714/1714 1713/1713/1713 1715/1715/1715
f 1715/1715/1715 1716/1716/1716 1714/1714/1714
f 1717/1717/1717 1716/1716/1716 1715/1715/1715
f 1718/1718/1718 1717/1717/1717 1715/1715/1715
f 1717/1717/1717 1718/1718/1718 1719/1719/1719
f 1720/1720/1720 1719/1719/1719 1718/1718/1718
f 1720/1720/1720 1718/1718/1718 1721/1721/1721
f 1722/1722/1722 1720/1720/1720 1721/1721/1721
f 1722/1722/1722 1721/1721/1721 1723/1723/1723
f 1722/1722/1722 1723/1723/1723 1724/1724/1724
f 1723/1723/1723 1725/1725/1725 1724/1724/1724
f 1724/1724/1724 1725/1725/1725 1726/1726/1726
f 1727/1727/1727 1726/1726/1726 1725/1725/1725
f 1727/1727/1727 1725/1725/1725 1728/1728/1728
f 1729/1729/1729 1727/1727/1727 1728/1728/1728
f 1729/1729/1729 1728/1728/1728 1730/1730/1730
f 1729/1729/1729 1730/1730/1730 1731/1731/1731
f 1730/1730/1730 1732/1732/1732 1731/1731/1731
f 1731/1731/1731 1732/1732/1732 1733/1733/1733
f 1733/1733/1733 1732/1732/1732 1734/1734/1734
f 1732/1732/1732 1735/1735/1735 1734/1734/1734
f 1734/1734/1734 1735/1735/1735 1736/1736/1736
f 1737/1737/1737 1736/1736/1736 1735/1735/1735
f 1736/1736/1736 1737/1737/1737 1738/1738/1738
f 1737/1737/1737 1739/1739/1739 1738/1738/1738
f 1738/1738/1738 1739/1739/1739 1740/1740/1740
f 1740/1740/1740 1739/1739/1739 1741/1741/1741
f 1740/1740/1740 1741/1741/1741 1742/1742/1742
f 1742/1742/1742 1741/1741/1741 1743/1743/1743
f 1742/1742/1742 1743/1743/1743 1744/1744/1744
f 1745/1745/1745 1744/1744/1744 1743/1743/1743
f 1745/1745/1745 1743/1743/1743 1746/1746/1746
f 1747/1747/1747 1745/1745/1745 1746/1746/1746
f 1747/1747/1747 1746/1746/1746 1748/1748/1748
f 1749/1749/1749 1747/1747/1747 1748/1748/1748
f 1749/1749/1749 1748/1748/1748 1750/1750/1750
f 1749/1749/1749 1750/1750/1750 1751/1751/1751
f 1749/1749/1749 1751/1751/1751 1752/1752/1752
f 1753/1753/1753 1752/1752/1752 1751/1751/1751
f 1754/1754/1754 1752/1752/1752 1753/1753/1753
f 1754/1754/1754 1753/1753/1753 1755/1755/1755
f 1753/1753/1753 1756/1756/1756 1755/1755/1755
f 1755/1755/1755 1756/1756/1756 1757/1757/1757
f 1757/1757/1757 1756/1756/1756 1758/1758/1758
f 1757/1757/1757 1758/1758/1758 1759/1759/1759
f 1760/1760/1760 1759/1759/1759 1758/1758/1758
f 1760/1760/1760 1758/1758/1758 1761/1761/1761
f 1762/1762/1762 1760/1760/1760 1761/1761/1761
f 1762/1762/1762 1761/1761/1761 1763/1763/1763
f 1763/1763/1763 1764/1764/1764 1762/1762/1762
f 1765/1765/1765 1764/1764/1764 1763/1763/1763
f 1764/1764/1764 1765/1765/1765 1766/1766/1766
f 1766/1766/1766 1765/1765/1765 1767/1767/1767
f 1768/1768/1768 1767/1767/1767 1765/1765/1765
f 1768/1768/1768 1765/1765/1765 1769/1769/1769
f 1770/1770/1770 1768/1768/1768 1769/1769/1769
f 1770/1770/1770 1769/1769/1769 1771/1771/1771
f 1770/1770/1770 1771/1771/1771 1772/1772/1772
f 1773/1773/1773 1772/1772/1772 1771/1771/1771
f 1772/1772/1772 1773/1773/1773 1774/1774/1774
f 1774/1774/1774 1773/1773/1773 1775/1775/1775
f 1774/1774/1774 1775/1775/1775 1776/1776/1776
f 1775/1775/1775 1687/1687/1687 1776/1776/1776
f 1776/1776/1776 1687/1687/1687 1689/1689/1689
f 1777/1777/1777 1778/1778/1778 1779/1779/1779
f 1778/1778/1778 1777/1777/1777 1780/1780/1780
f 1780/1780/1780 1777/1777/1777 1781/1781/1781
f 1782/1782/1782 1780/1780/1780 1781/1781/1781
f 1778/1778/1778 1783/1783/1783 1779/1779/1779
f 1778/1778/1778 1784/1784/1784 1783/1783/1783
f 1784/1784/1784 1785/1785/1785 1783/1783/1783
f 1784/1784/1784 1786/1786/1786 1785/1785/1785
f 1787/1787/1787 1785/1785/1785 1786/1786/1786
f 1787/1787/1787 1788/1788/1788 1785/1785/1785
f 1787/1787/1787 1789/1789/1789 1788/1788/1788
f 1787/1787/1787 1790/1790/1790 1789/1789/1789
f 1790/1790/1790 1791/1791/1791 1789/1789/1789
f 1790/1790/1790 1792/1792/1792 1791/1791/1791
f 1792/1792/1792 1793/1793/1793 1791/1791/1791
f 1792/1792/1792 1794/1794/1794 1793/1793/1793
f 1795/1795/1795 1794/1794/1794 1792/1792/1792
f 1796/1796/1796 1794/1794/1794 1795/1795/1795
f 1795/1795/1795 1797/1797/1797 1796/1796/1796
f 1795/1795/1795 1798/1798/1798 1797/1797/1797
f 1798/1798/1798 1799/1799/1799 1797/1797/1797
f 1798/1798/1798 1800/1800/1800 1799/1799/1799
f 1801/1801/1801 1799/1799/1799 1800/1800/1800
f 1801/1801/1801 1802/1802/1802 1799/1799/1799
f 1802/1802/1802 1801/1801/1801 1803/1803/1803
f 1803/1803/1803 1804/1804/1804 1802/1802/1802
f 1803/1803/1803 1805/1805/1805 1804/1804/1804
f 1806/1806/1806 1804/1804/1804 1805/1805/1805
f 1806/1806/1806 1807/1807/1807 1804/1804/1804
f 1808/1808/1808 1807/1807/1807 1806/1806/1806
f 1808/1808/1808 1809/1809/1809 1807/1807/1807
f 1810/1810/1810 1809/1809/1809 1808/1808/1808
f 1810/1810/1810 1811/1811/1811 1809/1809/1809
f 1812/1812/1812 1811/1811/1811 1810/1810/1810
f 1812/1812/1812 1813/1813/1813 1811/1811/1811
f 1812/1812/1812 1814/1814/1814 1813/1813/1813
f 1815/1815/1815 1814/1814/1814 1812/1812/1812
f 1816/1816/1816 1814/1814/1814 1815/1815/1815
f 1817/1817/1817 1816/1816/1816 1815/1815/1815
f 1818/1818/1818 1816/1816/1816 1817/1817/1817
f 1819/1819/1819 1818/1818/1818 1817/1817/1817
f 1818/1818/1818 1819/1819/1819 1820/1820/1820
f 1819/1819/1819 1821/1821/1821 1820/1820/1820
f 1822/1822/1822 1821/1821/1821 1819/1819/1819
f 1823/1823/1823 1821/1821/1821 1822/1822/1822
f 1824/1824/1824 1823/1823/1823 1822/1822/1822
f 1823/1823/1823 1824/1824/1824 1825/1825/1825
f 1824/1824/1824 1826/1826/1826 1825/1825/1825
f 1827/1827/1827 1826/1826/1826 1824/1824/1824
f 1826/1826/1826 1827/1827/1827 1828/1828/1828
f 1829/1829/1829 1828/1828/1828 1827/1827/1827
f 1829/1829/1829 1830/1830/1830 1828/1828/1828
f 1829/1829/1829 1831/1831/1831 1830/1830/1830
f 1831/1831/1831 1832/1832/1832 1830/1830/1830
f 1831/1831/1831 1833/1833/1833 1832/1832/1832
f 1833/1833/1833 1834/1834/1834 1832/1832/1832
f 1835/1835/1835 1834/1834/1834 1833/1833/1833
f 1836/1836/1836 1834/1834/1834 1835/1835/1835
f 1835/1835/1835 1837/1837/1837 1836/1836/1836
f 1835/1835/1835 1838/1838/1838 1837/1837/1837
f 1838/1838/1838 1839/1839/1839 1837/1837/1837
f 1838/1838/1838 1840/1840/1840 1839/1839/1839
f 1841/1841/1841 1839/1839/1839 1840/1840/1840
f 1841/1841/1841 1842/1842/1842 1839/1839/1839
f 1843/1843/1843 1842/1842/1842 1841/1841/1841
f 1843/1843/1843 1844/1844/1844 1842/1842/1842
f 1845/1845/1845 1844/1844/1844 1843/1843/1843
f 1845/1845/1845 1846/1846/1846 1844/1844/1844
f 1845/1845/1845 1847/1847/1847 1846/1846/1846
f 1845/1845/1845 1848/1848/1848 1847/1847/1847
f 1848/1848/1848 1849/1849/1849 1847/1847/1847
f 1848/1848/1848 1850/1850/1850 1849/1849/1849
f 1850/1850/1850 1851/1851/1851 1849/1849/1849
f 1850/1850/1850 1852/1852/1852 1851/1851/1851
f 1852/1852/1852 1853/1853/1853 1851/1851/1851
f 1852/1852/1852 1854/1854/1854 1853/1853/1853
f 1855/1855/1855 1853/1853/1853 1854/1854/1854
f 1855/1855/1855 1856/1856/1856 1853/1853/1853
f 1857/1857/1857 1856/1856/1856 1855/1855/1855
f 1857/1857/1857 1858/1858/1858 1856/1856/1856
f 1859/1859/1859 1858/1858/1858 1857/1857/1857
f 1860/1860/1860 1858/1858/1858 1859/1859/1859
f 1861/1861/1861 1860/1860/1860 1859/1859/1859
f 1860/1860/1860 1861/1861/1861 1862/1862/1862
f 1861/1861/1861 1782/1782/1782 1862/1862/1862
f 1780/1780/1780 1782/1782/1782 1861/1861/1861
f 1863/1863/1863 1864/1864/1864 1865/1865/1865
f 1866/1866/1866 1865/1865/1865 1864/1864/1864
f 1867/1867/1867 1865/1865/1865 1866/1866/1866
f 1864/1864/1864 1863/1863/1863 1868/1868/1868
f 1869/1869/1869 1868/1868/1868 1863/1863/1863
f 1869/1869/1869 1863/1863/1863 1870/1870/1870
f 1871/1871/1871 1869/1869/1869 1870/1870/1870
f 1871/1871/1871 1870/1870/1870 1872/1872/1872
f 1873/1873/1873 1871/1871/1871 1872/1872/1872
f 1873/1873/1873 1872/1872/1872 1874/1874/1874
f 1875/1875/1875 1873/1873/1873 1874/1874/1874
f 1875/1875/1875 1874/1874/1874 1876/1876/1876
f 1877/1877/1877 1875/1875/1875 1876/1876/1876
f 1877/1877/1877 1876/1876/1876 1878/1878/1878
f 1866/1866/1866 1879/1879/1879 1867/1867/1867
f 1866/1866/1866 1880/1880/1880 1879/1879/1879
f 1880/1880/1880 1881/1881/1881 1879/1879/1879
f 1880/1880/1880 1882/1882/1882 1881/1881/1881
f 1882/1882/1882 1883/1883/1883 1881/1881/1881
f 1882/1882/1882 1884/1884/1884 1883/1883/1883
f 1885/1885/1885 1886/1886/1886 1887/1887/1887
f 1885/1885/1885 1887/1887/1887 1888/1888/1888
f 1888/1888/1888 1887/1887/1887 1889/1889/1889
f 1888/1888/1888 1889/1889/1889 1890/1890/1890
f 1890/1890/1890 1889/1889/1889 1891/1891/1891
f 1890/1890/1890 1891/1891/1891 1892/1892/1892
f 1892/1892/1892 1891/1891/1891 1893/1893/1893
f 1892/1892/1892 1893/1893/1893 1894/1894/1894
f 1894/1894/1894 1893/1893/1893 1895/1895/1895
f 1894/1894/1894 1895/1895/1895 1896/1896/1896
f 1897/1897/1897 1886/1886/1886 1885/1885/1885
f 1898/1898/1898 1886/1886/1886 1897/1897/1897
f 1899/1899/1899 1898/1898/1898 1897/1897/1897
f 1898/1898/1898 1899/1899/1899 1900/1900/1900
f 1900/1900/1900 1899/1899/1899 1901/1901/1901
f 1900/1900/1900 1901/1901/1901 1902/1902/1902
f 1903/1903/1903 1902/1902/1902 1901/1901/1901
f 1903/1903/1903 1904/1904/1904 1902/1902/1902
f 1905/1905/1905 1904/1904/1904 1903/1903/1903
f 1905/1905/1905 1906/1906/1906 1904/1904/1904
f 1907/1907/1907 1908/1908/1908 1909/1909/1909
f 1907/1907/1907 1909/1909/1909 1910/1910/1910
f 1908/1908/1908 1911/1911/1911 1909/1909/1909
f 1908/1908/1908 1912/1912/1912 1911/1911/1911
f 1913/1913/1913 1914/1914/1914 1915/1915/1915
f 1913/1913/1913 1915/1915/1915 1916/1916/1916
f 1913/1913/1913 1916/1916/1916 1917/1917/1917
f 1913/1913/1913 1917/1917/1917 1918/1918/1918
f 1918/1918/1918 1917/1917/1917 1919/1919/1919
f 1918/1918/1918 1919/1919/1919 1920/1920/1920
f 1920/1920/1920 1919/1919/1919 1921/1921/1921
f 1920/1920/1920 1921/1921/1921 1922/1922/1922
f 1922/1922/1922 1921/1921/1921 1923/1923/1923
f 1922/1922/1922 1923/1923/1923 1924/1924/1924
f 1924/1924/1924 1923/1923/1923 1925/1925/1925
f 1924/1924/1924 1925/1925/1925 1926/1926/1926
f 1926/1926/1926 1925/1925/1925 1927/1927/1927
f 1926/1926/1926 1927/1927/1927 1928/1928/1928
f 1928/1928/1928 1927/1927/1927 1929/1929/1929
f 1928/1928/1928 1929/1929/1929 1930/1930/1930
f 1930/1930/1930 1929/1929/1929 1931/1931/1931
f 1930/1930/1930 1931/1931/1931 1932/1932/1932
f 1932/1932/1932 1931/1931/1931 1933/1933/1933
f 1932/1932/1932 1933/1933/1933 1934/1934/1934
f 1935/1935/1935 1934/1934/1934 1933/1933/1933
f 1935/1935/1935 1933/1933/1933 1936/1936/1936
f 1935/1935/1935 1936/1936/1936 1937/1937/1937
f 1935/1935/1935 1937/1937/1937 1938/1938/1938
f 1938/1938/1938 1937/1937/1937 1939/1939/1939
f 1938/1938/1938 1939/1939/1939 1940/1940/1940
f 1940/1940/1940 1939/1939/1939 1941/1941/1941
f 1940/1940/1940 1941/1941/1941 1942/1942/1942
f 1943/1943/1943 1942/1942/1942 1941/1941/1941
f 1943/1943/1943 1941/1941/1941 1944/1944/1944
f 1945/1945/1945 1946/1946/1946 1947/1947/1947
f 1945/1945/1945 1947/1947/1947 1948/1948/1948
f 1949/1949/1949 1945/1945/1945 1948/1948/1948
f 1949/1949/1949 1948/1948/1948 1950/1950/1950
f 1951/1951/1951 1949/1949/1949 1950/1950/1950
f 1951/1951/1951 1950/1950/1950 1952/1952/1952
f 1953/1953/1953 1951/1951/1951 1952/1952/1952
f 1953/1953/1953 1952/1952/1952 1954/1954/1954
f 1955/1955/1955 1953/1953/1953 1954/1954/1954
f 1955/1955/1955 1954/1954/1954 1956/1956/1956
f 1957/1957/1957 1955/1955/1955 1956/1956/1956
f 1957/1957/1957 1956/1956/1956 1958/1958/1958
f 1959/1959/1959 1957/1957/1957 1958/1958/1958
f 1959/1959/1959 1958/1958/1958 1960/1960/1960
f 1959/1959/1959 1960/1960/1960 1961/1961/1961
f 1959/1959/1959 1961/1961/1961 1962/1962/1962
f 1963/1963/1963 1962/1962/1962 1961/1961/1961
f 1963/1963/1963 1961/1961/1961 1964/1964/1964
f 1965/1965/1965 1963/1963/1963 1964/1964/1964
f 1965/1965/1965 1964/1964/1964 1966/1966/1966
f 1967/1967/1967 1965/1965/1965 1966/1966/1966
f 1967/1967/1967 1966/1966/1966 1968/1968/1968
f 1969/1969/1969 1970/1970/1970 1971/1971/1971
f 1969/1969/1969 1971/1971/1971 1972/1972/1972
f 1972/1972/1972 1971/1971/1971 1973/1973/1973
f 1974/1974/1974 1970/1970/1970 1969/1969/1969
f 1974/1974/1974 1975/1975/1975 1970/1970/1970
f 1976/1976/1976 1975/1975/1975 1974/1974/1974
f 1976/1976/1976 1977/1977/1977 1975/1975/1975
f 1972/1972/1972 1973/1973/1973 1978/1978/1978
f 1978/1978/1978 1973/1973/1973 1979/1979/1979
f 1978/1978/1978 1979/1979/1979 1980/1980/1980
f 1980/1980/1980 1979/1979/1979 1981/1981/1981
f 1980/1980/1980 1981/1981/1981 1982/1982/1982
f 1983/1983/1983 1984/1984/1984 1985/1985/1985
f 1983/1983/1983 1985/1985/1985 1986/1986/1986
f 1983/1983/1983 1986/1986/1986 1987/1987/1987
f 1983/1983/1983 1987/1987/1987 1988/1988/1988
f 1989/1989/1989 1988/1988/1988 1987/1987/1987
f 1989/1989/1989 1987/1987/1987 1990/1990/1990
f 1991/1991/1991 1989/1989/1989 1990/1990/1990
f 1991/1991/1991 1990/1990/1990 1992/1992/1992
f 1993/1993/1993 1991/1991/1991 1992/1992/1992
f 1993/1993/1993 1992/1992/1992 1994/1994/1994
f 1995/1995/1995 1993/1993/1993 1994/1994/1994
f 1995/1995/1995 1994/1994/1994 1996/1996/1996
f 1997/1997/1997 1995/1995/1995 1996/1996/1996
f 1997/1997/1997 1996/1996/1996 1998/1998/1998
f 1999/1999/1999 2000/2000/2000 2001/2001/2001
f 1999/1999/1999 2001/2001/2001 2002/2002/2002
f 2003/2003/2003 1999/1999/1999 2002/2002/2002
f 2003/2003/2003 2002/2002/2002 2004/2004/2004
f 2005/2005/2005 2003/2003/2003 2004/2004/2004
f 2005/2005/2005 2004/2004/2004 2006/2006/2006
f 2005/2005/2005 2006/2006/2006 2007/2007/2007
f 2005/2005/2005 2007/2007/2007 2008/2008/2008
f 2008/2008/2008 2007/2007/2007 2009/2009/2009
f 2008/2008/2008 2009/2009/2009 2010/2010/2010
f 2010/2010/2010 2009/2009/2009 2011/2011/2011
f 2010/2010/2010 2011/2011/2011 2012/2012/2012
f 2012/2012/2012 2011/2011/2011 2013/2013/2013
f 2012/2012/2012 2013/2013/2013 2014/2014/2014
f 2015/2015/2015 2016/2016/2016 2017/2017/2017
f 2015/2015/2015 2017/2017/2017 2018/2018/2018
f 2019/2019/2019 2015/2015/2015 2018/2018/2018
f 2019/2019/2019 2018/2018/2018 2020/2020/2020
f 2021/2021/2021 2019/2019/2019 2020/2020/2020
f 2021/2021/2021 2020/2020/2020 2022/2022/2022
f 2023/2023/2023 2024/2024/2024 2025/2025/2025
f 2023/2023/2023 2025/2025/2025 2026/2026/2026
f 2026/2026/2026 2025/2025/2025 2027/2027/2027
f 2026/2026/2026 2027/2027/2027 2028/2028/2028
f 2028/2028/2028 2027/2027/2027 2029/2029/2029
f 2028/2028/2028 2029/2029/2029 2030/2030/2030
f 2031/2031/2031 2032/2032/2032 2033/2033/2033
f 2031/2031/2031 2033/2033/2033 2034/2034/2034
f 2035/2035/2035 2031/2031/2031 2034/2034/2034
f 2035/2035/2035 2034/2034/2034 2036/2036/2036
f 2037/2037/2037 2035/2035/2035 2036/2036/2036
f 2037/2037/2037 2036/2036/2036 2038/2038/2038
f 2039/2039/2039 2037/2037/2037 2038/2038/2038
f 2039/2039/2039 2038/2038/2038 2040/2040/2040
f 2041/2041/2041 2039/2039/2039 2040/2040/2040
f 2041/2041/2041 2040/2040/2040 2042/2042/2042
f 2043/2043/2043 2044/2044/2044 2045/2045/2045
f 2043/2043/2043 2045/2045/2045 2046/2046/2046
f 2047/2047/2047 2043/2043/2043 2046/2046/2046
f 2047/2047/2047 2046/2046/2046 2048/2048/2048
f 2049/2049/2049 2047/2047/2047 2048/2048/2048
f 2049/2049/2049 2050/2050/2050 2047/2047/2047
f 2050/2050/2050 2049/2049/2049 2051/2051/2051
f 2050/2050/2050 2051/2051/2051 2052/2052/2052
f 2052/2052/2052 2051/2051/2051 2053/2053/2053
f 2052/2052/2052 2053/2053/2053 2054/2054/2054
f 2054/2054/2054 2053/2053/2053 2055/2055/2055
f 2054/2054/2054 2055/2055/2055 2056/2056/2056
f 2056/2056/2056 2055/2055/2055 2057/2057/2057
f 2056/2056/2056 2057/2057/2057 2058/2058/2058
f 2058/2058/2058 2057/2057/2057 2059/2059/2059
f 2058/2058/2058 2059/2059/2059 2060/2060/2060
f 2061/2061/2061 2062/2062/2062 2063/2063/2063
f 2061/2061/2061 2063/2063/2063 2064/2064/2064
f 2064/2064/2064 2063/2063/2063 2065/2065/2065
f 2064/2064/2064 2065/2065/2065 2066/2066/2066
f 2067/2067/2067 2066/2066/2066 2065/2065/2065
f 2067/2067/2067 2065/2065/2065 2068/2068/2068
f 2069/2069/2069 2067/2067/2067 2068/2068/2068
f 2069/2069/2069 2068/2068/2068 2070/2070/2070
f 2071/2071/2071 2069/2069/2069 2070/2070/2070
f 2071/2071/2071 2070/2070/2070 2072/2072/2072
f 2073/2073/2073 2071/2071/2071 2072/2072/2072
f 2073/2073/2073 2072/2072/2072 2074/2074/2074
f 2075/2075/2075 2073/2073/2073 2074/2074/2074
f 2075/2075/2075 2074/2074/2074 2076/2076/2076
f 2077/2077/2077 2075/2075/2075 2076/2076/2076
f 2077/2077/2077 2076/2076/2076 2078/2078/2078
f 2079/2079/2079 2077/2077/2077 2078/2078/2078
f 2079/2079/2079 2078/2078/2078 2080/2080/2080
f 2081/2081/2081 2082/2082/2082 2083/2083/2083
f 2083/2083/2083 2082/2082/2082 2084/2084/2084
f 2081/2081/2081 2083/2083/2083 2085/2085/2085
f 2083/2083/2083 2084/2084/2084 2086/2086/2086
f 2087/2087/2087 2088/2088/2088 2089/2089/2089
f 2087/2087/2087 2089/2089/2089 2090/2090/2090
f 2087/2087/2087 2091/2091/2091 2088/2088/2088
f 2087/2087/2087 2092/2092/2092 2091/2091/2091
f 2093/2093/2093 2094/2094/2094 2095/2095/2095
f 2093/2093/2093 2095/2095/2095 2096/2096/2096
f 2097/2097/2097 2098/2098/2098 2099/2099/2099
f 2097/2097/2097 2099/2099/2099 2100/2100/2100
f 2097/2097/2097 2100/2100/2100 2101/2101/2101
f 2097/2097/2097 2101/2101/2101 2102/2102/2102
f 2103/2103/2103 2104/2104/2104 2105/2105/2105
f 2103/2103/2103 2105/2105/2105 2106/2106/2106
f 2103/2103/2103 2107/2107/2107 2104/2104/2104
f 2103/2103/2103 2108/2108/2108 2107/2107/2107
f 2109/2109/2109 2110/2110/2110 2111/2111/2111
f 2109/2109/2109 2111/2111/2111 2112/2112/2112
f 2113/2113/2113 2114/2114/2114 2115/2115/2115
f 2114/2114/2114 2113/2113/2113 2116/2116/2116
f 2113/2113/2113 2115/2115/2115 2117/2117/2117
f 2117/2117/2117 2118/2118/2118 2113/2113/2113
f 2118/2118/2118 2117/2117/2117 2119/2119/2119
f 2119/2119/2119 2117/2117/2117 2120/2120/2120
f 2114/2114/2114 2116/2116/2116 2121/2121/2121
f 2122/2122/2122 2123/2123/2123 2114/2114/2114
f 2122/2122/2122 2114/2114/2114 2124/2124/2124
f 2125/2125/2125 2126/2126/2126 2127/2127/2127
f 2126/2126/2126 2125/2125/2125 2128/2128/2128
f 2125/2125/2125 2127/2127/2127 2129/2129/2129
f 2129/2129/2129 2130/2130/2130 2125/2125/2125
f 2129/2129/2129 2131/2131/2131 2130/2130/2130
f 2125/2125/2125 2130/2130/2130 2132/2132/2132
f 2125/2125/2125 2132/2132/2132 2128/2128/2128
f 2131/2131/2131 2133/2133/2133 2130/2130/2130
f 2131/2131/2131 2134/2134/2134 2133/2133/2133
f 2130/2130/2130 2133/2133/2133 2135/2135/2135
f 2130/2130/2130 2135/2135/2135 2132/2132/2132
f 2131/2131/2131 2129/2129/2129 2136/2136/2136
f 2126/2126/2126 2128/2128/2128 2137/2137/2137
f 2138/2138/2138 2139/2139/2139 2140/2140/2140
f 2141/2141/2141 2139/2139/2139 2138/2138/2138
f 2138/2138/2138 2140/2140/2140 2142/2142/2142
f 2143/2143/2143 2138/2138/2138 2142/2142/2142
f 2142/2142/2142 2140/2140/2140 2144/2144/2144
f 2138/2138/2138 2143/2143/2143 2145/2145/2145
f 2145/2145/2145 2143/2143/2143 2146/2146/2146
f 2147/2147/2147 2146/2146/2146 2143/2143/2143
f 2147/2147/2147 2143/2143/2143 2148/2148/2148
f 2143/2143/2143 2142/2142/2142 2148/2148/2148
f 2149/2149/2149 2147/2147/2147 2148/2148/2148
f 2149/2149/2149 2148/2148/2148 2150/2150/2150
f 2149/2149/2149 2150/2150/2150 2151/2151/2151
f 2142/2142/2142 2144/2144/2144 2152/2152/2152
f 2152/2152/2152 2151/2151/2151 2150/2150/2150
f 2152/2152/2152 2153/2153/2153 2151/2151/2151
f 2144/2144/2144 2153/2153/2153 2152/2152/2152
f 2154/2154/2154 2151/2151/2151 2153/2153/2153
f 2155/2155/2155 2151/2151/2151 2154/2154/2154
f 2149/2149/2149 2151/2151/2151 2155/2155/2155
f 2149/2149/2149 2155/2155/2155 2156/2156/2156
f 2157/2157/2157 2156/2156/2156 2155/2155/2155
f 2144/2144/2144 2158/2158/2158 2153/2153/2153
f 2159/2159/2159 2153/2153/2153 2158/2158/2158
f 2154/2154/2154 2153/2153/2153 2159/2159/2159
f 2154/2154/2154 2159/2159/2159 2160/2160/2160
f 2154/2154/2154 2160/2160/2160 2161/2161/2161
f 2162/2162/2162 2156/2156/2156 2157/2157/2157
f 2162/2162/2162 2163/2163/2163 2156/2156/2156
f 2155/2155/2155 2154/2154/2154 2164/2164/2164
f 2157/2157/2157 2155/2155/2155 2164/2164/2164
f 2165/2165/2165 2164/2164/2164 2154/2154/2154
f 2165/2165/2165 2154/2154/2154 2161/2161/2161
f 2159/2159/2159 2166/2166/2166 2160/2160/2160
f 2159/2159/2159 2167/2167/2167 2166/2166/2166
f 2159/2159/2159 2158/2158/2158 2167/2167/2167
f 2158/2158/2158 2168/2168/2168 2167/2167/2167
f 2158/2158/2158 2169/2169/2169 2168/2168/2168
f 2170/2170/2170 2168/2168/2168 2169/2169/2169
f 2170/2170/2170 2169/2169/2169 2171/2171/2171
f 2144/2144/2144 2169/2169/2169 2158/2158/2158
f 2144/2144/2144 2172/2172/2172 2169/2169/2169
f 2172/2172/2172 2171/2171/2171 2169/2169/2169
f 2172/2172/2172 2173/2173/2173 2171/2171/2171
f 2174/2174/2174 2175/2175/2175 2176/2176/2176
f 2174/2174/2174 2176/2176/2176 2177/2177/2177
f 2178/2178/2178 2175/2175/2175 2174/2174/2174
f 2178/2178/2178 2179/2179/2179 2175/2175/2175
f 2179/2179/2179 2180/2180/2180 2175/2175/2175
f 2179/2179/2179 2181/2181/2181 2180/2180/2180
f 2182/2182/2182 2183/2183/2183 2184/2184/2184
f 2184/2184/2184 2183/2183/2183 2185/2185/2185
f 2182/2182/2182 2184/2184/2184 2186/2186/2186
f 2187/2187/2187 2182/2182/2182 2186/2186/2186
f 2187/2187/2187 2186/2186/2186 2188/2188/2188
f 2189/2189/2189 2187/2187/2187 2188/2188/2188
f 2189/2189/2189 2188/2188/2188 2190/2190/2190
f 2184/2184/2184 2185/2185/2185 2191/2191/2191
f 2191/2191/2191 2185/2185/2185 2192/2192/2192
f 2191/2191/2191 2192/2192/2192 2193/2193/2193
f 2194/2194/2194 2193/2193/2193 2192/2192/2192
f 2194/2194/2194 2195/2195/2195 2193/2193/2193
f 2194/2194/2194 2196/2196/2196 2195/2195/2195
f 2194/2194/2194 2197/2197/2197 2196/2196/2196
f 2196/2196/2196 2197/2197/2197 2198/2198/2198
f 2196/2196/2196 2198/2198/2198 2199/2199/2199
f 2200/2200/2200 2199/2199/2199 2198/2198/2198
f 2200/2200/2200 2201/2201/2201 2199/2199/2199
f 2202/2202/2202 2203/2203/2203 2204/2204/2204
f 2204/2204/2204 2203/2203/2203 2205/2205/2205
f 2206/2206/2206 2205/2205/2205 2203/2203/2203
f 2206/2206/2206 2204/2204/2204 2205/2205/2205
f 2203/2203/2203 2202/2202/2202 2207/2207/2207
f 2207/2207/2207 2202/2202/2202 2208/2208/2208
f 2207/2207/2207 2208/2208/2208 2209/2209/2209
f 2202/2202/2202 2209/2209/2209 2208/2208/2208
f 2209/2209/2209 2202/2202/2202 2210/2210/2210
f 2210/2210/2210 2202/2202/2202 2211/2211/2211
f 2212/2212/2212 2204/2204/2204 2206/2206/2206
f 2213/2213/2213 2204/2204/2204 2212/2212/2212
f 2214/2214/2214 2213/2213/2213 2212/2212/2212
f 2214/2214/2214 2215/2215/2215 2213/2213/2213
f 2216/2216/2216 2215/2215/2215 2214/2214/2214
f 2216/2216/2216 2214/2214/2214 2217/2217/2217
f 2217/2217/2217 2218/2218/2218 2216/2216/2216
f 2217/2217/2217 2219/2219/2219 2218/2218/2218
f 2220/2220/2220 2218/2218/2218 2219/2219/2219
f 2220/2220/2220 2221/2221/2221 2218/2218/2218
f 2222/2222/2222 2221/2221/2221 2220/2220/2220
f 2222/2222/2222 2223/2223/2223 2221/2221/2221
f 2224/2224/2224 2225/2225/2225 2226/2226/2226
f 2224/2224/2224 2226/2226/2226 2227/2227/2227
f 2227/2227/2227 2226/2226/2226 2228/2228/2228
f 2229/2229/2229 2224/2224/2224 2227/2227/2227
f 2227/2227/2227 2228/2228/2228 2230/2230/2230
f 2231/2231/2231 2227/2227/2227 2230/2230/2230
f 2229/2229/2229 2227/2227/2227 2231/2231/2231
f 2231/2231/2231 2230/2230/2230 2232/2232/2232
f 2233/2233/2233 2234/2234/2234 2235/2235/2235
f 2233/2233/2233 2235/2235/2235 2236/2236/2236
f 2237/2237/2237 2236/2236/2236 2235/2235/2235
f 2238/2238/2238 2237/2237/2237 2235/2235/2235
f 2237/2237/2237 2239/2239/2239 2236/2236/2236
f 2238/2238/2238 2235/2235/2235 2240/2240/2240
f 2238/2238/2238 2240/2240/2240 2241/2241/2241
f 2242/2242/2242 2241/2241/2241 2240/2240/2240
f 2241/2241/2241 2242/2242/2242 2243/2243/2243
f 2241/2241/2241 2243/2243/2243 2244/2244/2244
f 2244/2244/2244 2243/2243/2243 2245/2245/2245
f 2246/2246/2246 2241/2241/2241 2244/2244/2244
f 2238/2238/2238 2241/2241/2241 2246/2246/2246
f 2238/2238/2238 2246/2246/2246 2247/2247/2247
f 2248/2248/2248 2247/2247/2247 2246/2246/2246
f 2247/2247/2247 2248/2248/2248 2249/2249/2249
f 2247/2247/2247 2249/2249/2249 2250/2250/2250
f 2244/2244/2244 2245/2245/2245 2251/2251/2251
f 2252/2252/2252 2239/2239/2239 2237/2237/2237
f 2252/2252/2252 2253/2253/2253 2239/2239/2239
f 2254/2254/2254 2244/2244/2244 2251/2251/2251
f 2254/2254/2254 2255/2255/2255 2244/2244/2244
f 2248/2248/2248 2246/2246/2246 2255/2255/2255
f 2246/2246/2246 2244/2244/2244 2255/2255/2255
f 2243/2243/2243 2256/2256/2256 2245/2245/2245
f 2243/2243/2243 2257/2257/2257 2256/2256/2256
f 2242/2242/2242 2257/2257/2257 2243/2243/2243
f 2242/2242/2242 2258/2258/2258 2257/2257/2257
f 2259/2259/2259 2260/2260/2260 2258/2258/2258
f 2234/2234/2234 2260/2260/2260 2259/2259/2259
f 2234/2234/2234 2261/2261/2261 2260/2260/2260
f 2233/2233/2233 2261/2261/2261 2234/2234/2234
f 2233/2233/2233 2262/2262/2262 2261/2261/2261
f 2259/2259/2259 2258/2258/2258 2242/2242/2242
f 2242/2242/2242 2240/2240/2240 2259/2259/2259
f 2263/2263/2263 2264/2264/2264 2146/2146/2146
f 2265/2265/2265 2146/2146/2146 2264/2264/2264
f 2263/2263/2263 2146/2146/2146 2266/2266/2266
f 2265/2265/2265 2264/2264/2264 2267/2267/2267
f 2267/2267/2267 2145/2145/2145 2265/2265/2265
f 2145/2145/2145 2146/2146/2146 2265/2265/2265
f 2145/2145/2145 2267/2267/2267 2268/2268/2268
f 2267/2267/2267 2269/2269/2269 2268/2268/2268
f 2268/2268/2268 2269/2269/2269 2141/2141/2141
f 2141/2141/2141 2269/2269/2269 2270/2270/2270
f 2271/2271/2271 2270/2270/2270 2269/2269/2269
f 2269/2269/2269 2267/2267/2267 2272/2272/2272
f 2271/2271/2271 2269/2269/2269 2272/2272/2272
f 2272/2272/2272 2267/2267/2267 2273/2273/2273
f 2274/2274/2274 2273/2273/2273 2267/2267/2267
f 2274/2274/2274 2267/2267/2267 2264/2264/2264
f 2141/2141/2141 2138/2138/2138 2268/2268/2268
f 2138/2138/2138 2145/2145/2145 2268/2268/2268
f 2141/2141/2141 2270/2270/2270 2139/2139/2139
f 2139/2139/2139 2270/2270/2270 2275/2275/2275
f 2139/2139/2139 2275/2275/2275 2140/2140/2140
f 2276/2276/2276 2277/2277/2277 2278/2278/2278
f 2277/2277/2277 2276/2276/2276 2279/2279/2279
f 2280/2280/2280 2277/2277/2277 2279/2279/2279
f 2276/2276/2276 2278/2278/2278 2281/2281/2281
f 2280/2280/2280 2279/2279/2279 2282/2282/2282
f 2283/2283/2283 2284/2284/2284 2285/2285/2285
f 2284/2284/2284 2283/2283/2283 2286/2286/2286
f 2283/2283/2283 2285/2285/2285 2287/2287/2287
f 2288/2288/2288 2287/2287/2287 2285/2285/2285
f 2288/2288/2288 2285/2285/2285 2289/2289/2289
f 2284/2284/2284 2286/2286/2286 2290/2290/2290
f 2291/2291/2291 2292/2292/2292 2293/2293/2293
f 2293/2293/2293 2292/2292/2292 2294/2294/2294
f 2291/2291/2291 2293/2293/2293 2295/2295/2295
f 2293/2293/2293 2294/2294/2294 2296/2296/2296
f 2297/2297/2297 2292/2292/2292 2291/2291/2291
f 2297/2297/2297 2298/2298/2298 2292/2292/2292
f 2298/2298/2298 2294/2294/2294 2292/2292/2292
f 2298/2298/2298 2299/2299/2299 2294/2294/2294
f 2293/2293/2293 2300/2300/2300 2295/2295/2295
f 2293/2293/2293 2301/2301/2301 2300/2300/2300
f 2296/2296/2296 2301/2301/2301 2293/2293/2293
f 2296/2296/2296 2302/2302/2302 2301/2301/2301
f 2303/2303/2303 2304/2304/2304 2305/2305/2305
f 2303/2303/2303 2305/2305/2305 2306/2306/2306
f 2303/2303/2303 2306/2306/2306 2307/2307/2307
f 2303/2303/2303 2307/2307/2307 2308/2308/2308
f 2308/2308/2308 2309/2309/2309 2303/2303/2303
f 2308/2308/2308 2310/2310/2310 2309/2309/2309
f 2303/2303/2303 2309/2309/2309 2311/2311/2311
f 2303/2303/2303 2311/2311/2311 2304/2304/2304
f 2312/2312/2312 2307/2307/2307 2306/2306/2306
f 2312/2312/2312 2313/2313/2313 2307/2307/2307
f 2314/2314/2314 2312/2312/2312 2306/2306/2306
f 2314/2314/2314 2306/2306/2306 2305/2305/2305
f 2315/2315/2315 2316/2316/2316 2317/2317/2317
f 2318/2318/2318 2317/2317/2317 2316/2316/2316
f 2315/2315/2315 2317/2317/2317 2319/2319/2319
f 2319/2319/2319 2317/2317/2317 2320/2320/2320
f 2321/2321/2321 2320/2320/2320 2317/2317/2317
f 2321/2321/2321 2317/2317/2317 2318/2318/2318
f 2322/2322/2322 2316/2316/2316 2315/2315/2315
f 2322/2322/2322 2323/2323/2323 2316/2316/2316
f 2324/2324/2324 2316/2316/2316 2323/2323/2323
f 2318/2318/2318 2316/2316/2316 2324/2324/2324
f 2322/2322/2322 2325/2325/2325 2323/2323/2323
f 2323/2323/2323 2325/2325/2325 2326/2326/2326
f 2326/2326/2326 2325/2325/2325 2327/2327/2327
f 2328/2328/2328 2323/2323/2323 2326/2326/2326
f 2324/2324/2324 2323/2323/2323 2328/2328/2328
f 2326/2326/2326 2327/2327/2327 2329/2329/2329
f 2330/2330/2330 2326/2326/2326 2329/2329/2329
f 2328/2328/2328 2326/2326/2326 2330/2330/2330
f 2325/2325/2325 2322/2322/2322 2331/2331/2331
f 2332/2332/2332 2320/2320/2320 2321/2321/2321
f 2332/2332/2332 2333/2333/2333 2320/2320/2320
f 2334/2334/2334 2320/2320/2320 2333/2333/2333
f 2319/2319/2319 2320/2320/2320 2334/2334/2334
f 2334/2334/2334 2333/2333/2333 2335/2335/2335
f 2336/2336/2336 2333/2333/2333 2332/2332/2332
f 2336/2336/2336 2337/2337/2337 2333/2333/2333
f 2338/2338/2338 2333/2333/2333 2337/2337/2337
f 2338/2338/2338 2337/2337/2337 2339/2339/2339
f 2330/2330/2330 2329/2329/2329 2340/2340/2340
f 2341/2341/2341 2342/2342/2342 2343/2343/2343
f 2342/2342/2342 2341/2341/2341 2344/2344/2344
f 2341/2341/2341 2343/2343/2343 2345/2345/2345
f 2342/2342/2342 2346/2346/2346 2343/2343/2343
f 2342/2342/2342 2347/2347/2347 2346/2346/2346
f 2347/2347/2347 2342/2342/2342 2348/2348/2348
f 2342/2342/2342 2344/2344/2344 2348/2348/2348
f 2345/2345/2345 2349/2349/2349 2341/2341/2341
f 2341/2341/2341 2349/2349/2349 2350/2350/2350
f 2341/2341/2341 2350/2350/2350 2344/2344/2344
f 2349/2349/2349 2345/2345/2345 2351/2351/2351
f 2351/2351/2351 2345/2345/2345 2352/2352/2352
f 2347/2347/2347 2348/2348/2348 2353/2353/2353
f 2354/2354/2354 2355/2355/2355 2356/2356/2356
f 2357/2357/2357 2355/2355/2355 2354/2354/2354
f 2355/2355/2355 2357/2357/2357 2358/2358/2358
f 2359/2359/2359 2355/2355/2355 2358/2358/2358
f 2355/2355/2355 2359/2359/2359 2360/2360/2360
f 2358/2358/2358 2357/2357/2357 2361/2361/2361
f 2362/2362/2362 2363/2363/2363 2364/2364/2364
f 2362/2362/2362 2364/2364/2364 2365/2365/2365
f 2366/2366/2366 2367/2367/2367 2368/2368/2368
f 2366/2366/2366 2368/2368/2368 2369/2369/2369
f 2370/2370/2370 2371/2371/2371 2372/2372/2372
f 2370/2370/2370 2372/2372/2372 2373/2373/2373
f 2374/2374/2374 2370/2370/2370 2373/2373/2373
f 2374/2374/2374 2373/2373/2373 2375/2375/2375
f 2376/2376/2376 2377/2377/2377 2378/2378/2378
f 2377/2377/2377 2376/2376/2376 2379/2379/2379
f 2376/2376/2376 2378/2378/2378 2380/2380/2380
f 2381/2381/2381 2379/2379/2379 2376/2376/2376
f 2381/2381/2381 2382/2382/2382 2379/2379/2379
f 2383/2383/2383 2379/2379/2379 2382/2382/2382
f 2383/2383/2383 2382/2382/2382 2384/2384/2384
f 2385/2385/2385 2386/2386/2386 2387/2387/2387
f 2385/2385/2385 2387/2387/2387 2388/2388/2388
f 2389/2389/2389 2390/2390/2390 2391/2391/2391
f 2392/2392/2392 2390/2390/2390 2389/2389/2389
f 2390/2390/2390 2392/2392/2392 2393/2393/2393
f 2394/2394/2394 2390/2390/2390 2393/2393/2393
f 2393/2393/2393 2392/2392/2392 2395/2395/2395
f 2389/2389/2389 2391/2391/2391 2396/2396/2396
f 2397/2397/2397 2398/2398/2398 2399/2399/2399
f 2398/2398/2398 2397/2397/2397 2400/2400/2400
f 2400/2400/2400 2397/2397/2397 2401/2401/2401
f 2402/2402/2402 2399/2399/2399 2398/2398/2398
f 2403/2403/2403 2399/2399/2399 2402/2402/2402
f 2402/2402/2402 2398/2398/2398 2404/2404/2404
f 2405/2405/2405 2406/2406/2406 2407/2407/2407
f 2408/2408/2408 2407/2407/2407 2406/2406/2406
f 2409/2409/2409 2407/2407/2407 2408/2408/2408
f 2405/2405/2405 2407/2407/2407 2410/2410/2410
f 2405/2405/2405 2410/2410/2410 2411/2411/2411
f 2411/2411/2411 2410/2410/2410 2412/2412/2412
f 2413/2413/2413 2414/2414/2414 2415/2415/2415
f 2416/2416/2416 2414/2414/2414 2413/2413/2413
f 2417/2417/2417 2414/2414/2414 2416/2416/2416
f 2413/2413/2413 2415/2415/2415 2418/2418/2418
f 2418/2418/2418 2415/2415/2415 2419/2419/2419
f 2419/2419/2419 2415/2415/2415 2420/2420/2420
f 2421/2421/2421 2422/2422/2422 2423/2423/2423
f 2421/2421/2421 2423/2423/2423 2424/2424/2424
f 2425/2425/2425 2426/2426/2426 2427/2427/2427
f 2425/2425/2425 2427/2427/2427 2428/2428/2428
f 2429/2429/2429 2430/2430/2430 2431/2431/2431
f 2429/2429/2429 2431/2431/2431 2432/2432/2432
f 2433/2433/2433 2434/2434/2434 2435/2435/2435
f 2433/2433/2433 2435/2435/2435 2436/2436/2436
f 2437/2437/2437 2438/2438/2438 2439/2439/2439
f 2437/2437/2437 2439/2439/2439 2440/2440/2440
f 2441/2441/2441 2442/2442/2442 2443/2443/2443
f 2441/2441/2441 2443/2443/2443 2444/2444/2444
f 2445/2445/2445 2446/2446/2446 2447/2447/2447
f 2445/2445/2445 2447/2447/2447 2448/2448/2448
f 2448/2448/2448 2447/2447/2447 2449/2449/2449
f 2447/2447/2447 2446/2446/2446 2450/2450/2450
f 2451/2451/2451 2452/2452/2452 2453/2453/2453
f 2451/2451/2451 2453/2453/2453 2454/2454/2454
f 2455/2455/2455 2456/2456/2456 2457/2457/2457
f 2455/2455/2455 2457/2457/2457 2458/2458/2458
f 2459/2459/2459 2460/2460/2460 2461/2461/2461
f 2459/2459/2459 2461/2461/2461 2462/2462/2462
f 2463/2463/2463 2464/2464/2464 2465/2465/2465
f 2466/2466/2466 2464/2464/2464 2463/2463/2463
f 2467/2467/2467 2464/2464/2464 2466/2466/2466
f 2468/2468/2468 2464/2464/2464 2467/2467/2467
f 2469/2469/2469 2470/2470/2470 2471/2471/2471
f 2469/2469/2469 2471/2471/2471 2472/2472/2472
f 2473/2473/2473 2474/2474/2474 2475/2475/2475
f 2473/2473/2473 2475/2475/2475 2476/2476/2476
f 2474/2474/2474 2477/2477/2477 2475/2475/2475
f 2474/2474/2474 2478/2478/2478 2477/2477/2477
f 2479/2479/2479 2480/2480/2480 2481/2481/2481
f 2479/2479/2479 2481/2481/2481 2482/2482/2482
f 2483/2483/2483 2480/2480/2480 2479/2479/2479
f 2483/2483/2483 2484/2484/2484 2480/2480/2480
f 2485/2485/2485 2486/2486/2486 2487/2487/2487
f 2485/2485/2485 2487/2487/2487 2488/2488/2488
f 2488/2488/2488 2487/2487/2487 2489/2489/2489
f 2488/2488/2488 2489/2489/2489 2490/2490/2490
f 2490/2490/2490 2491/2491/2491 2488/2488/2488
f 2490/2490/2490 2492/2492/2492 2491/2491/2491
f 2491/2491/2491 2492/2492/2492 2493/2493/2493
f 2488/2488/2488 2491/2491/2491 2494/2494/2494
f 2488/2488/2488 2494/2494/2494 2485/2485/2485
f 2491/2491/2491 2493/2493/2493 2495/2495/2495
f 2495/2495/2495 2493/2493/2493 2496/2496/2496
f 2491/2491/2491 2495/2495/2495 2497/2497/2497
f 2491/2491/2491 2497/2497/2497 2494/2494/2494
f 2497/2497/2497 2495/2495/2495 2498/2498/2498
f 2495/2495/2495 2496/2496/2496 2498/2498/2498
f 2497/2497/2497 2498/2498/2498 2499/2499/2499
f 2500/2500/2500 2501/2501/2501 2502/2502/2502
f 2503/2503/2503 2502/2502/2502 2501/2501/2501
f 2504/2504/2504 2502/2502/2502 2503/2503/2503
f 2505/2505/2505 2502/2502/2502 2504/2504/2504
f 2506/2506/2506 2502/2502/2502 2505/2505/2505
f 2507/2507/2507 2502/2502/2502 2506/2506/2506
f 2508/2508/2508 2502/2502/2502 2507/2507/2507
f 2501/2501/2501 2500/2500/2500 2509/2509/2509
f 2509/2509/2509 2500/2500/2500 2510/2510/2510
f 2510/2510/2510 2500/2500/2500 2511/2511/2511
f 2511/2511/2511 2500/2500/2500 2512/2512/2512
f 2513/2513/2513 2502/2502/2502 2508/2508/2508
f 2514/2514/2514 2502/2502/2502 2513/2513/2513
f 2502/2502/2502 2514/2514/2514 2500/2500/2500
f 2500/2500/2500 2514/2514/2514 2512/2512/2512
f 2515/2515/2515 2516/2516/2516 2517/2517/2517
f 2515/2515/2515 2517/2517/2517 2518/2518/2518
f 2519/2519/2519 2515/2515/2515 2518/2518/2518
f 2519/2519/2519 2518/2518/2518 2520/2520/2520
f 2521/2521/2521 2522/2522/2522 2523/2523/2523
f 2524/2524/2524 2523/2523/2523 2522/2522/2522
f 2525/2525/2525 2523/2523/2523 2524/2524/2524
f 2526/2526/2526 2523/2523/2523 2525/2525/2525
f 2527/2527/2527 2523/2523/2523 2526/2526/2526
f 2522/2522/2522 2521/2521/2521 2528/2528/2528
f 2528/2528/2528 2521/2521/2521 2529/2529/2529
f 2529/2529/2529 2521/2521/2521 2530/2530/2530
f 2530/2530/2530 2521/2521/2521 2531/2531/2531
f 2531/2531/2531 2521/2521/2521 2532/2532/2532
f 2532/2532/2532 2521/2521/2521 2533/2533/2533
f 2534/2534/2534 2523/2523/2523 2527/2527/2527
f 2523/2523/2523 2534/2534/2534 2521/2521/2521
f 2534/2534/2534 2535/2535/2535 2521/2521/2521
f 2521/2521/2521 2535/2535/2535 2533/2533/2533
f 2536/2536/2536 2537/2537/2537 2538/2538/2538
f 2536/2536/2536 2538/2538/2538 2539/2539/2539
f 2536/2536/2536 2539/2539/2539 2540/2540/2540
f 2541/2541/2541 2540/2540/2540 2539/2539/2539
f 2536/2536/2536 2540/2540/2540 2542/2542/2542
f 2543/2543/2543 2539/2539/2539 2538/2538/2538
f 2543/2543/2543 2544/2544/2544 2539/2539/2539
f 2541/2541/2541 2539/2539/2539 2544/2544/2544
f 2545/2545/2545 2544/2544/2544 2543/2543/2543
f 2546/2546/2546 2541/2541/2541 2544/2544/2544
f 2546/2546/2546 2544/2544/2544 2545/2545/2545
f 2545/2545/2545 2543/2543/2543 2547/2547/2547
f 2548/2548/2548 2545/2545/2545 2547/2547/2547
f 2548/2548/2548 2549/2549/2549 2545/2545/2545
f 2549/2549/2549 2546/2546/2546 2545/2545/2545
f 2549/2549/2549 2550/2550/2550 2546/2546/2546
f 2551/2551/2551 2549/2549/2549 2548/2548/2548
f 2551/2551/2551 2552/2552/2552 2549/2549/2549
f 2552/2552/2552 2550/2550/2550 2549/2549/2549
f 2552/2552/2552 2551/2551/2551 2553/2553/2553
f 2552/2552/2552 2554/2554/2554 2550/2550/2550
f 2554/2554/2554 2552/2552/2552 2555/2555/2555
f 2552/2552/2552 2553/2553/2553 2555/2555/2555
f 2554/2554/2554 2555/2555/2555 2556/2556/2556
f 2557/2557/2557 2558/2558/2558 2559/2559/2559
f 2557/2557/2557 2559/2559/2559 2560/2560/2560
f 2560/2560/2560 2561/2561/2561 2557/2557/2557
f 2561/2561/2561 2560/2560/2560 2562/2562/2562
f 2560/2560/2560 2563/2563/2563 2562/2562/2562
f 2562/2562/2562 2563/2563/2563 2564/2564/2564
f 2564/2564/2564 2563/2563/2563 2565/2565/2565
f 2563/2563/2563 2560/2560/2560 2566/2566/2566
f 2560/2560/2560 2567/2567/2567 2566/2566/2566
f 2566/2566/2566 2567/2567/2567 2568/2568/2568
f 2561/2561/2561 2569/2569/2569 2557/2557/2557
f 2569/2569/2569 2561/2561/2561 2570/2570/2570
f 2561/2561/2561 2571/2571/2571 2570/2570/2570
f 2570/2570/2570 2571/2571/2571 2572/2572/2572
f 2557/2557/2557 2569/2569/2569 2573/2573/2573
f 2573/2573/2573 2569/2569/2569 2574/2574/2574
f 2575/2575/2575 2576/2576/2576 2577/2577/2577
f 2575/2575/2575 2577/2577/2577 2578/2578/2578
f 2579/2579/2579 2580/2580/2580 2581/2581/2581
f 2582/2582/2582 2580/2580/2580 2579/2579/2579
f 2583/2583/2583 2580/2580/2580 2582/2582/2582
f 2580/2580/2580 2583/2583/2583 2584/2584/2584
f 2583/2583/2583 2585/2585/2585 2584/2584/2584
f 2584/2584/2584 2585/2585/2585 2586/2586/2586
f 2587/2587/2587 2583/2583/2583 2582/2582/2582
f 2583/2583/2583 2587/2587/2587 2588/2588/2588
f 2583/2583/2583 2588/2588/2588 2589/2589/2589
f 2587/2587/2587 2590/2590/2590 2588/2588/2588
f 2588/2588/2588 2590/2590/2590 2591/2591/2591
f 2591/2591/2591 2590/2590/2590 2592/2592/2592
f 2590/2590/2590 2587/2587/2587 2593/2593/2593
f 2587/2587/2587 2594/2594/2594 2593/2593/2593
f 2593/2593/2593 2594/2594/2594 2595/2595/2595
f 2583/2583/2583 2589/2589/2589 2596/2596/2596
f 2597/2597/2597 2598/2598/2598 2599/2599/2599
f 2597/2597/2597 2599/2599/2599 2600/2600/2600
f 2601/2601/2601 2600/2600/2600 2599/2599/2599
f 2601/2601/2601 2602/2602/2602 2600/2600/2600
f 2603/2603/2603 2598/2598/2598 2597/2597/2597
f 2603/2603/2603 2604/2604/2604 2598/2598/2598
f 2605/2605/2605 2606/2606/2606 2607/2607/2607
f 2605/2605/2605 2607/2607/2607 2608/2608/2608
f 2606/2606/2606 2609/2609/2609 2607/2607/2607
f 2606/2606/2606 2610/2610/2610 2609/2609/2609
f 2608/2608/2608 2611/2611/2611 2605/2605/2605
f 2608/2608/2608 2612/2612/2612 2611/2611/2611
f 2613/2613/2613 2614/2614/2614 2615/2615/2615
f 2615/2615/2615 2614/2614/2614 2616/2616/2616
f 2613/2613/2613 2615/2615/2615 2617/2617/2617
f 2618/2618/2618 2613/2613/2613 2617/2617/2617
f 2615/2615/2615 2616/2616/2616 2619/2619/2619
f 2619/2619/2619 2616/2616/2616 2620/2620/2620
f 2619/2619/2619 2620/2620/2620 2621/2621/2621
f 2618/2618/2618 2617/2617/2617 2622/2622/2622
f 2623/2623/2623 2618/2618/2618 2622/2622/2622
f 2623/2623/2623 2622/2622/2622 2624/2624/2624
f 2625/2625/2625 2626/2626/2626 2627/2627/2627
f 2625/2625/2625 2627/2627/2627 2628/2628/2628
f 2628/2628/2628 2627/2627/2627 2629/2629/2629
f 2628/2628/2628 2629/2629/2629 2630/2630/2630
f 2631/2631/2631 2632/2632/2632 2633/2633/2633
f 2631/2631/2631 2633/2633/2633 2634/2634/2634
f 2632/2632/2632 2635/2635/2635 2633/2633/2633
f 2632/2632/2632 2636/2636/2636 2635/2635/2635
f 2637/2637/2637 2638/2638/2638 2639/2639/2639
f 2637/2637/2637 2639/2639/2639 2640/2640/2640
f 2641/2641/2641 2642/2642/2642 2643/2643/2643
f 2641/2641/2641 2643/2643/2643 2644/2644/2644
f 2645/2645/2645 2646/2646/2646 2647/2647/2647
f 2645/2645/2645 2647/2647/2647 2648/2648/2648
f 2649/2649/2649 2647/2647/2647 2646/2646/2646
f 2649/2649/2649 2650/2650/2650 2647/2647/2647
f 2651/2651/2651 2652/2652/2652 2653/2653/2653
f 2651/2651/2651 2653/2653/2653 2654/2654/2654
f 2652/2652/2652 2655/2655/2655 2653/2653/2653
f 2652/2652/2652 2656/2656/2656 2655/2655/2655
f 2656/2656/2656 2657/2657/2657 2655/2655/2655
f 2656/2656/2656 2658/2658/2658 2657/2657/2657
f 2655/2655/2655 2657/2657/2657 2659/2659/2659
f 2658/2658/2658 2656/2656/2656 2660/2660/2660
f 2655/2655/2655 2659/2659/2659 2661/2661/2661
f 2658/2658/2658 2660/2660/2660 2662/2662/2662
f 2663/2663/2663 2664/2664/2664 2665/2665/2665
f 2663/2663/2663 2665/2665/2665 2666/2666/2666
f 2664/2664/2664 2667/2667/2667 2665/2665/2665
f 2664/2664/2664 2668/2668/2668 2667/2667/2667
f 2669/2669/2669 2670/2670/2670 2671/2671/2671
f 2669/2669/2669 2671/2671/2671 2672/2672/2672
f 2670/2670/2670 2673/2673/2673 2671/2671/2671
f 2670/2670/2670 2674/2674/2674 2673/2673/2673
f 2674/2674/2674 2675/2675/2675 2673/2673/2673
f 2674/2674/2674 2676/2676/2676 2675/2675/2675
f 2676/2676/2676 2674/2674/2674 2677/2677/2677
f 2673/2673/2673 2675/2675/2675 2678/2678/2678
f 2676/2676/2676 2677/2677/2677 2679/2679/2679
f 2673/2673/2673 2678/2678/2678 2680/2680/2680
f 2681/2681/2681 2682/2682/2682 2683/2683/2683
f 2683/2683/2683 2682/2682/2682 2684/2684/2684
f 2681/2681/2681 2683/2683/2683 2685/2685/2685
f 2681/2681/2681 2685/2685/2685 2686/2686/2686
f 2683/2683/2683 2684/2684/2684 2687/2687/2687
f 2681/2681/2681 2686/2686/2686 2688/2688/2688
f 2689/2689/2689 2690/2690/2690 2691/2691/2691
f 2689/2689/2689 2691/2691/2691 2692/2692/2692
f 2693/2693/2693 2694/2694/2694 2695/2695/2695
f 2693/2693/2693 2695/2695/2695 2696/2696/2696
f 2697/2697/2697 2698/2698/2698 2699/2699/2699
f 2697/2697/2697 2699/2699/2699 2700/2700/2700
f 2701/2701/2701 2702/2702/2702 2703/2703/2703
f 2701/2701/2701 2703/2703/2703 2704/2704/2704
f 2705/2705/2705 2706/2706/2706 2707/2707/2707
f 2705/2705/2705 2707/2707/2707 2708/2708/2708
f 2709/2709/2709 2710/2710/2710 2711/2711/2711
f 2709/2709/2709 2711/2711/2711 2712/2712/2712
f 2712/2712/2712 2711/2711/2711 2713/2713/2713
f 2712/2712/2712 2713/2713/2713 2714/2714/2714
f 2715/2715/2715 2710/2710/2710 2709/2709/2709
f 2715/2715/2715 2716/2716/2716 2710/2710/2710
f 2710/2710/2710 2716/2716/2716 2717/2717/2717
f 2718/2718/2718 2716/2716/2716 2715/2715/2715
f 2718/2718/2718 2719/2719/2719 2716/2716/2716
f 2716/2716/2716 2719/2719/2719 2720/2720/2720
f 2716/2716/2716 2720/2720/2720 2717/2717/2717
f 2710/2710/2710 2717/2717/2717 2721/2721/2721
f 2710/2710/2710 2721/2721/2721 2722/2722/2722
f 2710/2710/2710 2722/2722/2722 2711/2711/2711
f 2711/2711/2711 2722/2722/2722 2723/2723/2723
f 2711/2711/2711 2723/2723/2723 2713/2713/2713
f 2724/2724/2724 2725/2725/2725 2726/2726/2726
f 2724/2724/2724 2726/2726/2726 2727/2727/2727
f 2727/2727/2727 2726/2726/2726 2728/2728/2728
f 2727/2727/2727 2728/2728/2728 2729/2729/2729
f 2729/2729/2729 2728/2728/2728 2730/2730/2730
f 2729/2729/2729 2730/2730/2730 2731/2731/2731
f 2731/2731/2731 2730/2730/2730 2732/2732/2732
f 2731/2731/2731 2732/2732/2732 2733/2733/2733
f 2728/2728/2728 2734/2734/2734 2730/2730/2730
f 2728/2728/2728 2735/2735/2735 2734/2734/2734
f 2726/2726/2726 2735/2735/2735 2728/2728/2728
f 2730/2730/2730 2734/2734/2734 2736/2736/2736
f 2730/2730/2730 2736/2736/2736 2732/2732/2732
f 2726/2726/2726 2737/2737/2737 2735/2735/2735
f 2725/2725/2725 2737/2737/2737 2726/2726/2726
f 2725/2725/2725 2738/2738/2738 2737/2737/2737
f 2739/2739/2739 2740/2740/2740 2741/2741/2741
f 2739/2739/2739 2741/2741/2741 2742/2742/2742
f 2742/2742/2742 2741/2741/2741 2743/2743/2743
f 2742/2742/2742 2743/2743/2743 2744/2744/2744
f 2744/2744/2744 2743/2743/2743 2745/2745/2745
f 2745/2745/2745 2743/2743/2743 2746/2746/2746
f 2741/2741/2741 2746/2746/2746 2743/2743/2743
f 2741/2741/2741 2747/2747/2747 2746/2746/2746
f 2740/2740/2740 2747/2747/2747 2741/2741/2741
f 2740/2740/2740 2748/2748/2748 2747/2747/2747
f 2744/2744/2744 2745/2745/2745 2749/2749/2749
f 2749/2749/2749 2745/2745/2745 2750/2750/2750
f 2750/2750/2750 2745/2745/2745 2751/2751/2751
f 2745/2745/2745 2746/2746/2746 2751/2751/2751
f 2749/2749/2749 2750/2750/2750 2752/2752/2752
f 2750/2750/2750 2751/2751/2751 2753/2753/2753
f 2754/2754/2754 2755/2755/2755 2756/2756/2756
f 2756/2756/2756 2755/2755/2755 2757/2757/2757
f 2754/2754/2754 2756/2756/2756 2758/2758/2758
f 2758/2758/2758 2756/2756/2756 2759/2759/2759
f 2759/2759/2759 2756/2756/2756 2760/2760/2760
f 2756/2756/2756 2757/2757/2757 2760/2760/2760
f 2758/2758/2758 2759/2759/2759 2761/2761/2761
f 2761/2761/2761 2759/2759/2759 2762/2762/2762
f 2762/2762/2762 2759/2759/2759 2763/2763/2763
f 2759/2759/2759 2760/2760/2760 2763/2763/2763
f 2761/2761/2761 2762/2762/2762 2764/2764/2764
f 2764/2764/2764 2762/2762/2762 2765/2765/2765
f 2765/2765/2765 2762/2762/2762 2766/2766/2766
f 2762/2762/2762 2763/2763/2763 2766/2766/2766
f 2764/2764/2764 2765/2765/2765 2767/2767/2767
f 2765/2765/2765 2766/2766/2766 2768/2768/2768
f 2769/2769/2769 2770/2770/2770 2771/2771/2771
f 2772/2772/2772 2770/2770/2770 2769/2769/2769
f 2770/2770/2770 2772/2772/2772 2773/2773/2773
f 2774/2774/2774 2773/2773/2773 2772/2772/2772
f 2773/2773/2773 2774/2774/2774 2775/2775/2775
f 2775/2775/2775 2774/2774/2774 2776/2776/2776
f 2774/2774/2774 2777/2777/2777 2776/2776/2776
f 2776/2776/2776 2777/2777/2777 2778/2778/2778
f 2779/2779/2779 2778/2778/2778 2777/2777/2777
f 2780/2780/2780 2778/2778/2778 2779/2779/2779
f 2778/2778/2778 2780/2780/2780 2781/2781/2781
f 2782/2782/2782 2781/2781/2781 2780/2780/2780
f 2781/2781/2781 2782/2782/2782 2783/2783/2783
f 2783/2783/2783 2782/2782/2782 2784/2784/2784
f 2785/2785/2785 2786/2786/2786 2787/2787/2787
f 2788/2788/2788 2786/2786/2786 2785/2785/2785
f 2786/2786/2786 2788/2788/2788 2789/2789/2789
f 2790/2790/2790 2789/2789/2789 2788/2788/2788
f 2789/2789/2789 2790/2790/2790 2791/2791/2791
f 2791/2791/2791 2790/2790/2790 2792/2792/2792
f 2790/2790/2790 2793/2793/2793 2792/2792/2792
f 2792/2792/2792 2793/2793/2793 2794/2794/2794
f 2795/2795/2795 2794/2794/2794 2793/2793/2793
f 2796/2796/2796 2794/2794/2794 2795/2795/2795
f 2794/2794/2794 2796/2796/2796 2797/2797/2797
f 2798/2798/2798 2797/2797/2797 2796/2796/2796
f 2797/2797/2797 2798/2798/2798 2799/2799/2799
f 2799/2799/2799 2798/2798/2798 2800/2800/2800
f 2801/2801/2801 2802/2802/2802 2803/2803/2803
f 2801/2801/2801 2803/2803/2803 2804/2804/2804
f 2803/2803/2803 2805/2805/2805 2804/2804/2804
f 2806/2806/2806 2805/2805/2805 2803/2803/2803
f 2805/2805/2805 2806/2806/2806 2807/2807/2807
f 2806/2806/2806 2803/2803/2803 2808/2808/2808
f 2802/2802/2802 2808/2808/2808 2803/2803/2803
f 2802/2802/2802 2809/2809/2809 2808/2808/2808
f 2809/2809/2809 2810/2810/2810 2808/2808/2808
f 2809/2809/2809 2811/2811/2811 2810/2810/2810
f 2812/2812/2812 2811/2811/2811 2809/2809/2809
f 2812/2812/2812 2813/2813/2813 2811/2811/2811
f 2814/2814/2814 2812/2812/2812 2809/2809/2809
f 2814/2814/2814 2809/2809/2809 2802/2802/2802
f 2815/2815/2815 2814/2814/2814 2802/2802/2802
f 2815/2815/2815 2802/2802/2802 2801/2801/2801
f 2806/2806/2806 2816/2816/2816 2807/2807/2807
f 2806/2806/2806 2817/2817/2817 2816/2816/2816
f 2817/2817/2817 2806/2806/2806 2818/2818/2818
f 2810/2810/2810 2818/2818/2818 2808/2808/2808
f 2806/2806/2806 2808/2808/2808 2818/2818/2818
f 2810/2810/2810 2819/2819/2819 2818/2818/2818
f 2819/2819/2819 2810/2810/2810 2820/2820/2820
f 2811/2811/2811 2820/2820/2820 2810/2810/2810
f 2811/2811/2811 2821/2821/2821 2820/2820/2820
f 2813/2813/2813 2821/2821/2821 2811/2811/2811
f 2813/2813/2813 2822/2822/2822 2821/2821/2821
f 2819/2819/2819 2823/2823/2823 2818/2818/2818
f 2817/2817/2817 2818/2818/2818 2823/2823/2823
f 2819/2819/2819 2824/2824/2824 2823/2823/2823
f 2824/2824/2824 2819/2819/2819 2825/2825/2825
f 2819/2819/2819 2820/2820/2820 2825/2825/2825
f 2820/2820/2820 2826/2826/2826 2825/2825/2825
f 2825/2825/2825 2826/2826/2826 2827/2827/2827
f 2820/2820/2820 2828/2828/2828 2826/2826/2826
f 2821/2821/2821 2828/2828/2828 2820/2820/2820
f 2821/2821/2821 2829/2829/2829 2828/2828/2828
f 2830/2830/2830 2829/2829/2829 2821/2821/2821
f 2830/2830/2830 2821/2821/2821 2822/2822/2822
f 2825/2825/2825 2827/2827/2827 2831/2831/2831
f 2824/2824/2824 2825/2825/2825 2831/2831/2831
f 2832/2832/2832 2833/2833/2833 2834/2834/2834
f 2832/2832/2832 2834/2834/2834 2835/2835/2835
f 2835/2835/2835 2834/2834/2834 2836/2836/2836
f 2837/2837/2837 2832/2832/2832 2835/2835/2835
f 2838/2838/2838 2833/2833/2833 2832/2832/2832
f 2837/2837/2837 2838/2838/2838 2832/2832/2832
f 2838/2838/2838 2839/2839/2839 2833/2833/2833
f 2837/2837/2837 2840/2840/2840 2838/2838/2838
f 2840/2840/2840 2837/2837/2837 2841/2841/2841
f 2841/2841/2841 2837/2837/2837 2842/2842/2842
f 2837/2837/2837 2835/2835/2835 2842/2842/2842
f 2842/2842/2842 2835/2835/2835 2843/2843/2843
f 2835/2835/2835 2836/2836/2836 2843/2843/2843
f 2841/2841/2841 2842/2842/2842 2844/2844/2844
f 2844/2844/2844 2842/2842/2842 2845/2845/2845
f 2842/2842/2842 2843/2843/2843 2845/2845/2845
f 2846/2846/2846 2841/2841/2841 2844/2844/2844
f 2844/2844/2844 2845/2845/2845 2847/2847/2847
f 2848/2848/2848 2844/2844/2844 2847/2847/2847
f 2846/2846/2846 2844/2844/2844 2848/2848/2848
f 2849/2849/2849 2846/2846/2846 2848/2848/2848
f 2850/2850/2850 2846/2846/2846 2849/2849/2849
f 2846/2846/2846 2850/2850/2850 2851/2851/2851
f 2840/2840/2840 2841/2841/2841 2851/2851/2851
f 2846/2846/2846 2851/2851/2851 2841/2841/2841
f 2852/2852/2852 2840/2840/2840 2851/2851/2851
f 2840/2840/2840 2852/2852/2852 2853/2853/2853
f 2853/2853/2853 2839/2839/2839 2838/2838/2838
f 2840/2840/2840 2853/2853/2853 2838/2838/2838
f 2853/2853/2853 2854/2854/2854 2839/2839/2839
f 2849/2849/2849 2848/2848/2848 2855/2855/2855
f 2855/2855/2855 2848/2848/2848 2856/2856/2856
f 2856/2856/2856 2848/2848/2848 2857/2857/2857
f 2855/2855/2855 2856/2856/2856 2858/2858/2858
f 2858/2858/2858 2856/2856/2856 2859/2859/2859
f 2860/2860/2860 2857/2857/2857 2848/2848/2848
f 2848/2848/2848 2847/2847/2847 2860/2860/2860
f 2861/2861/2861 2857/2857/2857 2860/2860/2860
f 2852/2852/2852 2851/2851/2851 2862/2862/2862
f 2850/2850/2850 2862/2862/2862 2851/2851/2851
f 2850/2850/2850 2863/2863/2863 2862/2862/2862
f 2850/2850/2850 2864/2864/2864 2863/2863/2863
f 2863/2863/2863 2864/2864/2864 2865/2865/2865
f 2850/2850/2850 2866/2866/2866 2864/2864/2864
f 2866/2866/2866 2850/2850/2850 2867/2867/2867
f 2868/2868/2868 2866/2866/2866 2867/2867/2867
f 2869/2869/2869 2866/2866/2866 2868/2868/2868
f 2850/2850/2850 2849/2849/2849 2867/2867/2867
f 2870/2870/2870 2871/2871/2871 2872/2872/2872
f 2870/2870/2870 2872/2872/2872 2873/2873/2873
f 2872/2872/2872 2874/2874/2874 2873/2873/2873
f 2872/2872/2872 2875/2875/2875 2874/2874/2874
f 2874/2874/2874 2875/2875/2875 2876/2876/2876
f 2874/2874/2874 2876/2876/2876 2877/2877/2877
f 2877/2877/2877 2876/2876/2876 2878/2878/2878
f 2879/2879/2879 2874/2874/2874 2877/2877/2877
f 2879/2879/2879 2873/2873/2873 2874/2874/2874
f 2879/2879/2879 2880/2880/2880 2873/2873/2873
f 2880/2880/2880 2870/2870/2870 2873/2873/2873
f 2880/2880/2880 2879/2879/2879 2881/2881/2881
f 2881/2881/2881 2879/2879/2879 2882/2882/2882
f 2879/2879/2879 2877/2877/2877 2882/2882/2882
f 2880/2880/2880 2883/2883/2883 2870/2870/2870
f 2883/2883/2883 2880/2880/2880 2884/2884/2884
f 2880/2880/2880 2881/2881/2881 2884/2884/2884
f 2882/2882/2882 2877/2877/2877 2885/2885/2885
f 2877/2877/2877 2878/2878/2878 2885/2885/2885
f 2883/2883/2883 2884/2884/2884 2886/2886/2886
f 2881/2881/2881 2882/2882/2882 2887/2887/2887
f 2887/2887/2887 2882/2882/2882 2888/2888/2888
f 2882/2882/2882 2885/2885/2885 2888/2888/2888
f 2889/2889/2889 2881/2881/2881 2887/2887/2887
f 2889/2889/2889 2884/2884/2884 2881/2881/2881
f 2889/2889/2889 2890/2890/2890 2884/2884/2884
f 2890/2890/2890 2886/2886/2886 2884/2884/2884
f 2890/2890/2890 2889/2889/2889 2891/2891/2891
f 2891/2891/2891 2889/2889/2889 2892/2892/2892
f 2889/2889/2889 2887/2887/2887 2892/2892/2892
f 2892/2892/2892 2887/2887/2887 2893/2893/2893
f 2887/2887/2887 2888/2888/2888 2893/2893/2893
f 2890/2890/2890 2894/2894/2894 2886/2886/2886
f 2891/2891/2891 2892/2892/2892 2895/2895/2895
f 2890/2890/2890 2896/2896/2896 2894/2894/2894
f 2894/2894/2894 2896/2896/2896 2897/2897/2897
f 2890/2890/2890 2898/2898/2898 2896/2896/2896
f 2898/2898/2898 2890/2890/2890 2899/2899/2899
f 2890/2890/2890 2891/2891/2891 2899/2899/2899
f 2900/2900/2900 2898/2898/2898 2899/2899/2899
f 2901/2901/2901 2898/2898/2898 2900/2900/2900
f 2895/2895/2895 2892/2892/2892 2902/2902/2902
f 2902/2902/2902 2892/2892/2892 2903/2903/2903
f 2895/2895/2895 2902/2902/2902 2904/2904/2904
f 2904/2904/2904 2902/2902/2902 2905/2905/2905
f 2906/2906/2906 2903/2903/2903 2892/2892/2892
f 2892/2892/2892 2893/2893/2893 2906/2906/2906
f 2907/2907/2907 2903/2903/2903 2906/2906/2906
f 2908/2908/2908 2909/2909/2909 2910/2910/2910
f 2908/2908/2908 2910/2910/2910 2911/2911/2911
f 2911/2911/2911 2910/2910/2910 2912/2912/2912
f 2913/2913/2913 2908/2908/2908 2911/2911/2911
f 2911/2911/2911 2912/2912/2912 2914/2914/2914
f 2914/2914/2914 2912/2912/2912 2915/2915/2915
f 2916/2916/2916 2911/2911/2911 2914/2914/2914
f 2913/2913/2913 2911/2911/2911 2916/2916/2916
f 2917/2917/2917 2913/2913/2913 2916/2916/2916
f 2914/2914/2914 2915/2915/2915 2918/2918/2918
f 2917/2917/2917 2916/2916/2916 2919/2919/2919
f 2919/2919/2919 2916/2916/2916 2920/2920/2920
f 2916/2916/2916 2914/2914/2914 2920/2920/2920
f 2921/2921/2921 2920/2920/2920 2914/2914/2914
f 2921/2921/2921 2914/2914/2914 2918/2918/2918
f 2920/2920/2920 2921/2921/2921 2922/2922/2922
f 2923/2923/2923 2921/2921/2921 2918/2918/2918
f 2921/2921/2921 2923/2923/2923 2924/2924/2924
f 2921/2921/2921 2924/2924/2924 2922/2922/2922
f 2925/2925/2925 2917/2917/2917 2919/2919/2919
f 2915/2915/2915 2926/2926/2926 2918/2918/2918
f 2923/2923/2923 2918/2918/2918 2926/2926/2926
f 2915/2915/2915 2927/2927/2927 2926/2926/2926
f 2919/2919/2919 2920/2920/2920 2928/2928/2928
f 2920/2920/2920 2922/2922/2922 2928/2928/2928
f 2929/2929/2929 2919/2919/2919 2928/2928/2928
f 2925/2925/2925 2919/2919/2919 2929/2929/2929
f 2930/2930/2930 2925/2925/2925 2929/2929/2929
f 2930/2930/2930 2929/2929/2929 2931/2931/2931
f 2931/2931/2931 2929/2929/2929 2932/2932/2932
f 2929/2929/2929 2928/2928/2928 2932/2932/2932
f 2933/2933/2933 2932/2932/2932 2928/2928/2928
f 2933/2933/2933 2928/2928/2928 2922/2922/2922
f 2932/2932/2932 2933/2933/2933 2934/2934/2934
f 2935/2935/2935 2933/2933/2933 2922/2922/2922
f 2935/2935/2935 2922/2922/2922 2924/2924/2924
f 2933/2933/2933 2935/2935/2935 2936/2936/2936
f 2933/2933/2933 2936/2936/2936 2934/2934/2934
f 2931/2931/2931 2932/2932/2932 2937/2937/2937
f 2932/2932/2932 2934/2934/2934 2937/2937/2937
f 2938/2938/2938 2939/2939/2939 2940/2940/2940
f 2941/2941/2941 2939/2939/2939 2938/2938/2938
f 2942/2942/2942 2939/2939/2939 2941/2941/2941
f 2943/2943/2943 2939/2939/2939 2942/2942/2942
f 2944/2944/2944 2943/2943/2943 2942/2942/2942
f 2938/2938/2938 2940/2940/2940 2945/2945/2945
f 2945/2945/2945 2940/2940/2940 2946/2946/2946
f 2945/2945/2945 2946/2946/2946 2947/2947/2947
f 2947/2947/2947 2946/2946/2946 2948/2948/2948
f 2947/2947/2947 2948/2948/2948 2949/2949/2949
f 2949/2949/2949 2948/2948/2948 2950/2950/2950
f 2943/2943/2943 2944/2944/2944 2951/2951/2951
f 2952/2952/2952 2951/2951/2951 2944/2944/2944
f 2953/2953/2953 2951/2951/2951 2952/2952/2952
f 2954/2954/2954 2953/2953/2953 2952/2952/2952
f 2953/2953/2953 2954/2954/2954 2955/2955/2955
f 2954/2954/2954 2956/2956/2956 2955/2955/2955
f 2957/2957/2957 2956/2956/2956 2954/2954/2954
f 2950/2950/2950 2958/2958/2958 2949/2949/2949
f 2949/2949/2949 2958/2958/2958 2959/2959/2959
f 2957/2957/2957 2960/2960/2960 2956/2956/2956
f 2961/2961/2961 2960/2960/2960 2957/2957/2957
f 2961/2961/2961 2962/2962/2962 2960/2960/2960
f 2963/2963/2963 2962/2962/2962 2961/2961/2961
f 2964/2964/2964 2959/2959/2959 2958/2958/2958
f 2959/2959/2959 2964/2964/2964 2965/2965/2965
f 2964/2964/2964 2966/2966/2966 2965/2965/2965
f 2965/2965/2965 2966/2966/2966 2967/2967/2967
f 2968/2968/2968 2967/2967/2967 2966/2966/2966
f 2963/2963/2963 2968/2968/2968 2962/2962/2962
f 2967/2967/2967 2968/2968/2968 2969/2969/2969
f 2969/2969/2969 2968/2968/2968 2963/2963/2963
f 2970/2970/2970 2971/2971/2971 2972/2972/2972
f 2972/2972/2972 2971/2971/2971 2973/2973/2973
f 2970/2970/2970 2972/2972/2972 2974/2974/2974
f 2975/2975/2975 2970/2970/2970 2974/2974/2974
f 2972/2972/2972 2973/2973/2973 2976/2976/2976
f 2976/2976/2976 2973/2973/2973 2977/2977/2977
f 2975/2975/2975 2974/2974/2974 2978/2978/2978
f 2976/2976/2976 2977/2977/2977 2979/2979/2979
f 2980/2980/2980 2981/2981/2981 2982/2982/2982
f 2981/2981/2981 2980/2980/2980 2983/2983/2983
f 2983/2983/2983 2980/2980/2980 2984/2984/2984
f 2980/2980/2980 2985/2985/2985 2984/2984/2984
f 2984/2984/2984 2985/2985/2985 2986/2986/2986
f 2985/2985/2985 2987/2987/2987 2986/2986/2986
f 2986/2986/2986 2987/2987/2987 2988/2988/2988
f 2989/2989/2989 2982/2982/2982 2981/2981/2981
f 2988/2988/2988 2987/2987/2987 2990/2990/2990
f 2988/2988/2988 2990/2990/2990 2991/2991/2991
f 2991/2991/2991 2990/2990/2990 2992/2992/2992
f 2993/2993/2993 2982/2982/2982 2989/2989/2989
f 2994/2994/2994 2993/2993/2993 2989/2989/2989
f 2994/2994/2994 2995/2995/2995 2993/2993/2993
f 2996/2996/2996 2995/2995/2995 2994/2994/2994
f 2997/2997/2997 2995/2995/2995 2996/2996/2996
f 2996/2996/2996 2998/2998/2998 2997/2997/2997
f 2999/2999/2999 2998/2998/2998 2996/2996/2996
f 3000/3000/3000 2998/2998/2998 2999/2999/2999
f 3001/3001/3001 3000/3000/3000 2999/2999/2999
f 2992/2992/2992 3002/3002/3002 2991/2991/2991
f 2991/2991/2991 3002/3002/3002 3003/3003/3003
f 3001/3001/3001 3004/3004/3004 3000/3000/3000
f 3005/3005/3005 3004/3004/3004 3001/3001/3001
f 3005/3005/3005 3006/3006/3006 3004/3004/3004
f 3007/3007/3007 3006/3006/3006 3005/3005/3005
f 3008/3008/3008 3006/3006/3006 3007/3007/3007
f 3009/3009/3009 3003/3003/3003 3002/3002/3002
f 3003/3003/3003 3009/3009/3009 3010/3010/3010
f 3010/3010/3010 3011/3011/3011 3008/3008/3008
f 3010/3010/3010 3009/3009/3009 3011/3011/3011
f 3006/3006/3006 3008/3008/3008 3011/3011/3011
f 3012/3012/3012 3013/3013/3013 3014/3014/3014
f 3012/3012/3012 3014/3014/3014 3015/3015/3015
f 3013/3013/3013 3016/3016/3016 3014/3014/3014
f 3013/3013/3013 3017/3017/3017 3016/3016/3016
f 3018/3018/3018 3012/3012/3012 3015/3015/3015
f 3018/3018/3018 3019/3019/3019 3012/3012/3012
f 3020/3020/3020 3019/3019/3019 3018/3018/3018
f 3020/3020/3020 3021/3021/3021 3019/3019/3019
f 3022/3022/3022 3023/3023/3023 3024/3024/3024
f 3022/3022/3022 3024/3024/3024 3025/3025/3025
f 3026/3026/3026 3023/3023/3023 3022/3022/3022
f 3026/3026/3026 3027/3027/3027 3023/3023/3023
f 3028/3028/3028 3027/3027/3027 3026/3026/3026
f 3028/3028/3028 3026/3026/3026 3029/3029/3029
f 3030/3030/3030 3028/3028/3028 3029/3029/3029
f 3030/3030/3030 3029/3029/3029 3031/3031/3031
f 3032/3032/3032 3033/3033/3033 3034/3034/3034
f 3032/3032/3032 3034/3034/3034 3035/3035/3035
f 3036/3036/3036 3032/3032/3032 3035/3035/3035
f 3036/3036/3036 3035/3035/3035 3037/3037/3037
f 3038/3038/3038 3036/3036/3036 3037/3037/3037
f 3038/3038/3038 3039/3039/3039 3036/3036/3036
f 3040/3040/3040 3039/3039/3039 3038/3038/3038
f 3040/3040/3040 3041/3041/3041 3039/3039/3039
f 3042/3042/3042 3043/3043/3043 3044/3044/3044
f 3042/3042/3042 3044/3044/3044 3045/3045/3045
f 3045/3045/3045 3044/3044/3044 3046/3046/3046
f 3045/3045/3045 3046/3046/3046 3047/3047/3047
f 3048/3048/3048 3047/3047/3047 3046/3046/3046
f 3048/3048/3048 3046/3046/3046 3049/3049/3049
f 3050/3050/3050 3048/3048/3048 3049/3049/3049
f 3050/3050/3050 3049/3049/3049 3051/3051/3051
f 3052/3052/3052 3053/3053/3053 3054/3054/3054
f 3052/3052/3052 3054/3054/3054 3055/3055/3055
f 3056/3056/3056 3052/3052/3052 3055/3055/3055
f 3056/3056/3056 3055/3055/3055 3057/3057/3057
f 3056/3056/3056 3057/3057/3057 3058/3058/3058
f 3056/3056/3056 3058/3058/3058 3059/3059/3059
f 3059/3059/3059 3058/3058/3058 3060/3060/3060
f 3059/3059/3059 3060/3060/3060 3061/3061/3061
f 3062/3062/3062 3063/3063/3063 3064/3064/3064
f 3062/3062/3062 3064/3064/3064 3065/3065/3065
f 3065/3065/3065 3064/3064/3064 3066/3066/3066
f 3065/3065/3065 3066/3066/3066 3067/3067/3067
f 3068/3068/3068 3067/3067/3067 3066/3066/3066
f 3068/3068/3068 3066/3066/3066 3069/3069/3069
f 3070/3070/3070 3068/3068/3068 3069/3069/3069
f 3070/3070/3070 3069/3069/3069 3071/3071/3071
f 3072/3072/3072 3073/3073/3073 3074/3074/3074
f 3072/3072/3072 3074/3074/3074 3075/3075/3075
f 3072/3072/3072 3075/3075/3075 3076/3076/3076
f 3073/3073/3073 3077/3077/3077 3074/3074/3074
f 3073/3073/3073 3078/3078/3078 3077/3077/3077
f 3072/3072/3072 3076/3076/3076 3079/3079/3079
f 3079/3079/3079 3076/3076/3076 3080/3080/3080
f 3079/3079/3079 3080/3080/3080 3081/3081/3081
f 3082/3082/3082 3083/3083/3083 3084/3084/3084
f 3082/3082/3082 3084/3084/3084 3085/3085/3085
f 3086/3086/3086 3082/3082/3082 3085/3085/3085
f 3086/3086/3086 3087/3087/3087 3082/3082/3082
f 3088/3088/3088 3087/3087/3087 3086/3086/3086
f 3088/3088/3088 3089/3089/3089 3087/3087/3087
f 3083/3083/3083 3090/3090/3090 3084/3084/3084
f 3083/3083/3083 3091/3091/3091 3090/3090/3090
f 3092/3092/3092 3093/3093/3093 3094/3094/3094
f 3095/3095/3095 3093/3093/3093 3092/3092/3092
f 3092/3092/3092 3094/3094/3094 3096/3096/3096
f 3096/3096/3096 3094/3094/3094 3097/3097/3097
f 3095/3095/3095 3092/3092/3092 3098/3098/3098
f 3099/3099/3099 3095/3095/3095 3098/3098/3098
f 3096/3096/3096 3097/3097/3097 3100/3100/3100
f 3099/3099/3099 3098/3098/3098 3101/3101/3101
f 3102/3102/3102 3103/3103/3103 3104/3104/3104
f 3102/3102/3102 3104/3104/3104 3105/3105/3105
f 3105/3105/3105 3104/3104/3104 3106/3106/3106
f 3105/3105/3105 3106/3106/3106 3107/3107/3107
f 3106/3106/3106 3108/3108/3108 3107/3107/3107
f 3106/3106/3106 3109/3109/3109 3108/3108/3108
f 3109/3109/3109 3110/3110/3110 3108/3108/3108
f 3109/3109/3109 3111/3111/3111 3110/3110/3110
f 3112/3112/3112 3113/3113/3113 3114/3114/3114
f 3112/3112/3112 3114/3114/3114 3115/3115/3115
f 3116/3116/3116 3113/3113/3113 3112/3112/3112
f 3116/3116/3116 3117/3117/3117 3113/3113/3113
f 3118/3118/3118 3117/3117/3117 3116/3116/3116
f 3118/3118/3118 3116/3116/3116 3119/3119/3119
f 3120/3120/3120 3118/3118/3118 3119/3119/3119
f 3120/3120/3120 3119/3119/3119 3121/3121/3121
f 3122/3122/3122 3123/3123/3123 3124/3124/3124
f 3122/3122/3122 3124/3124/3124 3125/3125/3125
f 3122/3122/3122 3125/3125/3125 3126/3126/3126
f 3122/3122/3122 3126/3126/3126 3127/3127/3127
f 3127/3127/3127 3126/3126/3126 3128/3128/3128
f 3127/3127/3127 3128/3128/3128 3129/3129/3129
f 3123/3123/3123 3130/3130/3130 3124/3124/3124
f 3123/3123/3123 3131/3131/3131 3130/3130/3130
f 3132/3132/3132 3133/3133/3133 3134/3134/3134
f 3132/3132/3132 3134/3134/3134 3135/3135/3135
f 3136/3136/3136 3133/3133/3133 3132/3132/3132
f 3136/3136/3136 3137/3137/3137 3133/3133/3133
f 3137/3137/3137 3136/3136/3136 3138/3138/3138
f 3138/3138/3138 3139/3139/3139 3137/3137/3137
f 3138/3138/3138 3140/3140/3140 3139/3139/3139
f 3140/3140/3140 3141/3141/3141 3139/3139/3139
f 3140/3140/3140 3142/3142/3142 3141/3141/3141
f 3143/3143/3143 3144/3144/3144 3145/3145/3145
f 3143/3143/3143 3145/3145/3145 3146/3146/3146
f 3147/3147/3147 3146/3146/3146 3145/3145/3145
f 3147/3147/3147 3145/3145/3145 3148/3148/3148
f 3149/3149/3149 3147/3147/3147 3148/3148/3148
f 3149/3149/3149 3148/3148/3148 3150/3150/3150
f 3151/3151/3151 3144/3144/3144 3143/3143/3143
f 3151/3151/3151 3152/3152/3152 3144/3144/3144
f 3153/3153/3153 3154/3154/3154 3155/3155/3155
f 3153/3153/3153 3155/3155/3155 3156/3156/3156
f 3157/3157/3157 3153/3153/3153 3156/3156/3156
f 3157/3157/3157 3156/3156/3156 3158/3158/3158
f 3159/3159/3159 3155/3155/3155 3154/3154/3154
f 3159/3159/3159 3160/3160/3160 3155/3155/3155
f 3161/3161/3161 3160/3160/3160 3159/3159/3159
f 3161/3161/3161 3162/3162/3162 3160/3160/3160
f 3163/3163/3163 3164/3164/3164 3165/3165/3165
f 3163/3163/3163 3165/3165/3165 3166/3166/3166
f 3167/3167/3167 3168/3168/3168 3169/3169/3169
f 3167/3167/3167 3169/3169/3169 3170/3170/3170
f 3167/3167/3167 3170/3170/3170 3171/3171/3171
f 3167/3167/3167 3171/3171/3171 3172/3172/3172
f 3172/3172/3172 3171/3171/3171 3173/3173/3173
f 3172/3172/3172 3173/3173/3173 3174/3174/3174
f 3168/3168/3168 3175/3175/3175 3169/3169/3169
f 3168/3168/3168 3176/3176/3176 3175/3175/3175
f 3177/3177/3177 3178/3178/3178 3179/3179/3179
f 3177/3177/3177 3179/3179/3179 3180/3180/3180
f 3180/3180/3180 3179/3179/3179 3181/3181/3181
f 3180/3180/3180 3181/3181/3181 3182/3182/3182
f 3180/3180/3180 3182/3182/3182 3183/3183/3183
f 3183/3183/3183 3182/3182/3182 3184/3184/3184
f 3182/3182/3182 3185/3185/3185 3184/3184/3184
f 3184/3184/3184 3185/3185/3185 3186/3186/3186
f 3186/3186/3186 3185/3185/3185 3187/3187/3187
f 3178/3178/3178 3177/3177/3177 3188/3188/3188
f 3189/3189/3189 3188/3188/3188 3177/3177/3177
f 3190/3190/3190 3188/3188/3188 3189/3189/3189
f 3191/3191/3191 3188/3188/3188 3190/3190/3190
f 3192/3192/3192 3191/3191/3191 3190/3190/3190
f 3191/3191/3191 3192/3192/3192 3193/3193/3193
f 3193/3193/3193 3192/3192/3192 3194/3194/3194
f 3194/3194/3194 3195/3195/3195 3193/3193/3193
f 3196/3196/3196 3195/3195/3195 3194/3194/3194
f 3197/3197/3197 3195/3195/3195 3196/3196/3196
f 3198/3198/3198 3197/3197/3197 3196/3196/3196
f 3199/3199/3199 3197/3197/3197 3198/3198/3198
f 3200/3200/3200 3186/3186/3186 3187/3187/3187
f 3186/3186/3186 3200/3200/3200 3201/3201/3201
f 3202/3202/3202 3201/3201/3201 3200/3200/3200
f 3201/3201/3201 3202/3202/3202 3203/3203/3203
f 3203/3203/3203 3202/3202/3202 3204/3204/3204
f 3204/3204/3204 3205/3205/3205 3199/3199/3199
f 3199/3199/3199 3205/3205/3205 3206/3206/3206
f 3199/3199/3199 3206/3206/3206 3197/3197/3197
f 3207/3207/3207 3204/3204/3204 3202/3202/3202
f 3205/3205/3205 3204/3204/3204 3207/3207/3207
f 3208/3208/3208 3209/3209/3209 3210/3210/3210
f 3208/3208/3208 3210/3210/3210 3211/3211/3211
f 3212/3212/3212 3213/3213/3213 3214/3214/3214
f 3212/3212/3212 3214/3214/3214 3215/3215/3215
f 3212/3212/3212 3215/3215/3215 3216/3216/3216
f 3213/3213/3213 3217/3217/3217 3214/3214/3214
f 3213/3213/3213 3218/3218/3218 3217/3217/3217
f 3212/3212/3212 3216/3216/3216 3219/3219/3219
f 3219/3219/3219 3216/3216/3216 3220/3220/3220
f 3219/3219/3219 3220/3220/3220 3221/3221/3221
f 3222/3222/3222 3223/3223/3223 3224/3224/3224
f 3225/3225/3225 3223/3223/3223 3222/3222/3222
f 3222/3222/3222 3224/3224/3224 3226/3226/3226
f 3222/3222/3222 3226/3226/3226 3227/3227/3227
f 3227/3227/3227 3226/3226/3226 3228/3228/3228
f 3226/3226/3226 3229/3229/3229 3228/3228/3228
f 3228/3228/3228 3229/3229/3229 3230/3230/3230
f 3230/3230/3230 3229/3229/3229 3231/3231/3231
f 3223/3223/3223 3225/3225/3225 3232/3232/3232
f 3232/3232/3232 3225/3225/3225 3233/3233/3233
f 3234/3234/3234 3233/3233/3233 3225/3225/3225
f 3235/3235/3235 3233/3233/3233 3234/3234/3234
f 3233/3233/3233 3235/3235/3235 3236/3236/3236
f 3237/3237/3237 3236/3236/3236 3235/3235/3235
f 3236/3236/3236 3237/3237/3237 3238/3238/3238
f 3237/3237/3237 3239/3239/3239 3238/3238/3238
f 3240/3240/3240 3239/3239/3239 3237/3237/3237
f 3241/3241/3241 3239/3239/3239 3240/3240/3240
f 3242/3242/3242 3241/3241/3241 3240/3240/3240
f 3243/3243/3243 3241/3241/3241 3242/3242/3242
f 3231/3231/3231 3244/3244/3244 3230/3230/3230
f 3245/3245/3245 3244/3244/3244 3231/3231/3231
f 3244/3244/3244 3245/3245/3245 3246/3246/3246
f 3245/3245/3245 3247/3247/3247 3246/3246/3246
f 3246/3246/3246 3247/3247/3247 3248/3248/3248
f 3248/3248/3248 3247/3247/3247 3249/3249/3249
f 3249/3249/3249 3250/3250/3250 3243/3243/3243
f 3249/3249/3249 3251/3251/3251 3250/3250/3250
f 3251/3251/3251 3249/3249/3249 3247/3247/3247
f 3243/3243/3243 3252/3252/3252 3241/3241/3241
f 3243/3243/3243 3250/3250/3250 3252/3252/3252
f 3253/3253/3253 3254/3254/3254 3255/3255/3255
f 3253/3253/3253 3255/3255/3255 3256/3256/3256
f 3256/3256/3256 3255/3255/3255 3257/3257/3257
f 3258/3258/3258 3254/3254/3254 3253/3253/3253
f 3258/3258/3258 3259/3259/3259 3254/3254/3254
f 3256/3256/3256 3257/3257/3257 3260/3260/3260
f 3261/3261/3261 3262/3262/3262 3263/3263/3263
f 3262/3262/3262 3261/3261/3261 3264/3264/3264
f 3261/3261/3261 3263/3263/3263 3265/3265/3265
f 3265/3265/3265 3263/3263/3263 3266/3266/3266
f 3265/3265/3265 3266/3266/3266 3267/3267/3267
f 3262/3262/3262 3264/3264/3264 3268/3268/3268
f 3269/3269/3269 3270/3270/3270 3271/3271/3271
f 3269/3269/3269 3271/3271/3271 3272/3272/3272
f 3273/3273/3273 3269/3269/3269 3272/3272/3272
f 3273/3273/3273 3274/3274/3274 3269/3269/3269
f 3275/3275/3275 3271/3271/3271 3270/3270/3270
f 3275/3275/3275 3276/3276/3276 3271/3271/3271
f 3277/3277/3277 3278/3278/3278 3279/3279/3279
f 3277/3277/3277 3279/3279/3279 3280/3280/3280
f 3279/3279/3279 3278/3278/3278 3281/3281/3281
f 3281/3281/3281 3278/3278/3278 3282/3282/3282
f 3278/3278/3278 3277/3277/3277 3283/3283/3283
f 3284/3284/3284 3283/3283/3283 3277/3277/3277
f 3285/3285/3285 3283/3283/3283 3284/3284/3284
f 3285/3285/3285 3284/3284/3284 3286/3286/3286
f 3286/3286/3286 3284/3284/3284 3287/3287/3287
f 3283/3283/3283 3285/3285/3285 3288/3288/3288
f 3289/3289/3289 3290/3290/3290 3291/3291/3291
f 3289/3289/3289 3291/3291/3291 3292/3292/3292
f 3292/3292/3292 3291/3291/3291 3293/3293/3293
f 3294/3294/3294 3290/3290/3290 3289/3289/3289
f 3294/3294/3294 3295/3295/3295 3290/3290/3290
f 3292/3292/3292 3293/3293/3293 3296/3296/3296
f 3297/3297/3297 3298/3298/3298 3299/3299/3299
f 3297/3297/3297 3299/3299/3299 3300/3300/3300
f 3299/3299/3299 3298/3298/3298 3301/3301/3301
f 3301/3301/3301 3298/3298/3298 3302/3302/3302
f 3298/3298/3298 3297/3297/3297 3303/3303/3303
f 3304/3304/3304 3303/3303/3303 3297/3297/3297
f 3305/3305/3305 3303/3303/3303 3304/3304/3304
f 3305/3305/3305 3304/3304/3304 3306/3306/3306
f 3306/3306/3306 3304/3304/3304 3307/3307/3307
f 3303/3303/3303 3305/3305/3305 3308/3308/3308
f 3309/3309/3309 3310/3310/3310 3311/3311/3311
f 3309/3309/3309 3311/3311/3311 3312/3312/3312
f 3313/3313/3313 3314/3314/3314 3315/3315/3315
f 3313/3313/3313 3315/3315/3315 3316/3316/3316
f 3317/3317/3317 3318/3318/3318 3319/3319/3319
f 3317/3317/3317 3319/3319/3319 3320/3320/3320
f 3321/3321/3321 3322/3322/3322 3323/3323/3323
f 3321/3321/3321 3323/3323/3323 3324/3324/3324
f 3324/3324/3324 3323/3323/3323 3325/3325/3325
f 3324/3324/3324 3325/3325/3325 3326/3326/3326
f 3326/3326/3326 3325/3325/3325 3327/3327/3327
f 3326/3326/3326 3327/3327/3327 3328/3328/3328
f 3328/3328/3328 3327/3327/3327 3329/3329/3329
f 3328/3328/3328 3329/3329/3329 3330/3330/3330
f 3331/3331/3331 3330/3330/3330 3329/3329/3329
f 3331/3331/3331 3329/3329/3329 3332/3332/3332
f 3333/3333/3333 3331/3331/3331 3332/3332/3332
f 3333/3333/3333 3332/3332/3332 3334/3334/3334
f 3335/3335/3335 3336/3336/3336 3337/3337/3337
f 3335/3335/3335 3337/3337/3337 3338/3338/3338
f 3336/3336/3336 3339/3339/3339 3337/3337/3337
f 3336/3336/3336 3340/3340/3340 3339/3339/3339
f 3340/3340/3340 3341/3341/3341 3339/3339/3339
f 3340/3340/3340 3342/3342/3342 3341/3341/3341
f 3342/3342/3342 3343/3343/3343 3341/3341/3341
f 3342/3342/3342 3344/3344/3344 3343/3343/3343
f 3343/3343/3343 3344/3344/3344 3345/3345/3345
f 3343/3343/3343 3345/3345/3345 3346/3346/3346
f 3346/3346/3346 3345/3345/3345 3347/3347/3347
f 3346/3346/3346 3347/3347/3347 3348/3348/3348
f 3349/3349/3349 3350/3350/3350 3351/3351/3351
f 3349/3349/3349 3351/3351/3351 3352/3352/3352
f 3349/3349/3349 3352/3352/3352 3353/3353/3353
f 3350/3350/3350 3354/3354/3354 3351/3351/3351
f 3350/3350/3350 3355/3355/3355 3354/3354/3354
f 3349/3349/3349 3353/3353/3353 3356/3356/3356
f 3357/3357/3357 3356/3356/3356 3353/3353/3353
f 3357/3357/3357 3353/3353/3353 3358/3358/3358
f 3359/3359/3359 3360/3360/3360 3361/3361/3361
f 3359/3359/3359 3361/3361/3361 3362/3362/3362
f 3363/3363/3363 3359/3359/3359 3362/3362/3362
f 3363/3363/3363 3362/3362/3362 3364/3364/3364
f 3365/3365/3365 3363/3363/3363 3364/3364/3364
f 3365/3365/3365 3364/3364/3364 3366/3366/3366
f 3360/3360/3360 3367/3367/3367 3361/3361/3361
f 3360/3360/3360 3368/3368/3368 3367/3367/3367
f 3369/3369/3369 3370/3370/3370 3371/3371/3371
f 3369/3369/3369 3371/3371/3371 3372/3372/3372
f 3373/3373/3373 3374/3374/3374 3375/3375/3375
f 3373/3373/3373 3375/3375/3375 3376/3376/3376
f 3377/3377/3377 3378/3378/3378 3379/3379/3379
f 3377/3377/3377 3379/3379/3379 3380/3380/3380
f 3381/3381/3381 3382/3382/3382 3383/3383/3383
f 3381/3381/3381 3383/3383/3383 3384/3384/3384
f 3385/3385/3385 3386/3386/3386 3387/3387/3387
f 3385/3385/3385 3387/3387/3387 3388/3388/3388
f 3389/3389/3389 3390/3390/3390 3391/3391/3391
f 3389/3389/3389 3391/3391/3391 3392/3392/3392
f 3393/3393/3393 3394/3394/3394 3395/3395/3395
f 3396/3396/3396 3393/3393/3393 3395/3395/3395
f 3393/3393/3393 3396/3396/3396 3397/3397/3397
f 3396/3396/3396 3398/3398/3398 3397/3397/3397
f 3397/3397/3397 3398/3398/3398 3399/3399/3399
f 3399/3399/3399 3398/3398/3398 3400/3400/3400
f 3395/3395/3395 3394/3394/3394 3401/3401/3401
f 3402/3402/3402 3403/3403/3403 3404/3404/3404
f 3405/3405/3405 3404/3404/3404 3403/3403/3403
f 3404/3404/3404 3405/3405/3405 3406/3406/3406
f 3406/3406/3406 3405/3405/3405 3407/3407/3407
f 3403/3403/3403 3402/3402/3402 3408/3408/3408
f 3402/3402/3402 3409/3409/3409 3408/3408/3408
f 3408/3408/3408 3409/3409/3409 3410/3410/3410
f 3411/3411/3411 3412/3412/3412 3413/3413/3413
f 3411/3411/3411 3413/3413/3413 3414/3414/3414
f 3415/3415/3415 3412/3412/3412 3411/3411/3411
f 3415/3415/3415 3416/3416/3416 3412/3412/3412
f 3417/3417/3417 3418/3418/3418 3419/3419/3419
f 3417/3417/3417 3419/3419/3419 3420/3420/3420
f 3421/3421/3421 3417/3417/3417 3420/3420/3420
f 3421/3421/3421 3422/3422/3422 3417/3417/3417
f 3423/3423/3423 3424/3424/3424 3425/3425/3425
f 3423/3423/3423 3425/3425/3425 3426/3426/3426
f 3427/3427/3427 3428/3428/3428 3429/3429/3429
f 3427/3427/3427 3429/3429/3429 3430/3430/3430
f 3431/3431/3431 3432/3432/3432 3433/3433/3433
f 3431/3431/3431 3433/3433/3433 3434/3434/3434
f 3435/3435/3435 3436/3436/3436 3437/3437/3437
f 3435/3435/3435 3437/3437/3437 3438/3438/3438
f 3439/3439/3439 3440/3440/3440 3441/3441/3441
f 3439/3439/3439 3441/3441/3441 3442/3442/3442
f 3443/3443/3443 3444/3444/3444 3445/3445/3445
f 3443/3443/3443 3445/3445/3445 3446/3446/3446
f 3447/3447/3447 3448/3448/3448 3449/3449/3449
f 3447/3447/3447 3449/3449/3449 3450/3450/3450
f 3451/3451/3451 3452/3452/3452 3453/3453/3453
f 3451/3451/3451 3453/3453/3453 3454/3454/3454
f 3455/3455/3455 3456/3456/3456 3457/3457/3457
f 3455/3455/3455 3457/3457/3457 3458/3458/3458
f 3459/3459/3459 3460/3460/3460 3461/3461/3461
f 3459/3459/3459 3461/3461/3461 3462/3462/3462
f 3463/3463/3463 3464/3464/3464 3465/3465/3465
f 3463/3463/3463 3465/3465/3465 3466/3466/3466
f 3467/3467/3467 3468/3468/3468 3469/3469/3469
f 3467/3467/3467 3469/3469/3469 3470/3470/3470
f 3471/3471/3471 3472/3472/3472 3473/3473/3473
f 3471/3471/3471 3473/3473/3473 3474/3474/3474
f 3475/3475/3475 3476/3476/3476 3477/3477/3477
f 3475/3475/3475 3477/3477/3477 3478/3478/3478
f 3479/3479/3479 3480/3480/3480 3481/3481/3481
f 3479/3479/3479 3481/3481/3481 3482/3482/3482
f 3483/3483/3483 3484/3484/3484 3485/3485/3485
f 3483/3483/3483 3485/3485/3485 3486/3486/3486
f 3487/3487/3487 3488/3488/3488 3489/3489/3489
f 3487/3487/3487 3489/3489/3489 3490/3490/3490
f 3491/3491/3491 3492/3492/3492 3493/3493/3493
f 3494/3494/3494 3493/3493/3493 3492/3492/3492
f 3495/3495/3495 3493/3493/3493 3494/3494/3494
f 3496/3496/3496 3495/3495/3495 3494/3494/3494
f 3495/3495/3495 3496/3496/3496 3497/3497/3497
f 3492/3492/3492 3491/3491/3491 3498/3498/3498
f 3499/3499/3499 3500/3500/3500 3501/3501/3501
f 3499/3499/3499 3501/3501/3501 3502/3502/3502
f 3503/3503/3503 3504/3504/3504 3505/3505/3505
f 3505/3505/3505 3504/3504/3504 3506/3506/3506
f 3504/3504/3504 3507/3507/3507 3506/3506/3506
f 3506/3506/3506 3507/3507/3507 3508/3508/3508
f 3504/3504/3504 3503/3503/3503 3509/3509/3509
f 3509/3509/3509 3503/3503/3503 3510/3510/3510
f 3511/3511/3511 3512/3512/3512 3513/3513/3513
f 3514/3514/3514 3513/3513/3513 3512/3512/3512
f 3515/3515/3515 3513/3513/3513 3514/3514/3514
f 3516/3516/3516 3515/3515/3515 3514/3514/3514
f 3515/3515/3515 3516/3516/3516 3517/3517/3517
f 3512/3512/3512 3511/3511/3511 3518/3518/3518
f 3519/3519/3519 3520/3520/3520 3521/3521/3521
f 3519/3519/3519 3521/3521/3521 3522/3522/3522
f 3523/3523/3523 3524/3524/3524 3525/3525/3525
f 3523/3523/3523 3525/3525/3525 3526/3526/3526
f 3527/3527/3527 3528/3528/3528 3529/3529/3529
f 3527/3527/3527 3529/3529/3529 3530/3530/3530
f 3531/3531/3531 3532/3532/3532 3533/3533/3533
f 3534/3534/3534 3533/3533/3533 3532/3532/3532
f 3535/3535/3535 3533/3533/3533 3534/3534/3534
f 3536/3536/3536 3535/3535/3535 3534/3534/3534
f 3535/3535/3535 3536/3536/3536 3537/3537/3537
f 3532/3532/3532 3531/3531/3531 3538/3538/3538
f 3539/3539/3539 3540/3540/3540 3541/3541/3541
f 3539/3539/3539 3541/3541/3541 3542/3542/3542
f 3543/3543/3543 3544/3544/3544 3545/3545/3545
f 3543/3543/3543 3545/3545/3545 3546/3546/3546
f 3543/3543/3543 3546/3546/3546 3547/3547/3547
f 3543/3543/3543 3547/3547/3547 3548/3548/3548
f 3548/3548/3548 3547/3547/3547 3549/3549/3549
f 3548/3548/3548 3549/3549/3549 3550/3550/3550
f 3550/3550/3550 3549/3549/3549 3551/3551/3551
f 3550/3550/3550 3551/3551/3551 3552/3552/3552
f 3551/3551/3551 3553/3553/3553 3552/3552/3552
f 3551/3551/3551 3554/3554/3554 3553/3553/3553
f 3544/3544/3544 3555/3555/3555 3545/3545/3545
f 3544/3544/3544 3556/3556/3556 3555/3555/3555
f 3557/3557/3557 3555/3555/3555 3556/3556/3556
f 3557/3557/3557 3558/3558/3558 3555/3555/3555
f 3559/3559/3559 3560/3560/3560 3561/3561/3561
f 3559/3559/3559 3561/3561/3561 3562/3562/3562
f 3563/3563/3563 3564/3564/3564 3565/3565/3565
f 3563/3563/3563 3565/3565/3565 3566/3566/3566
f 3565/3565/3565 3567/3567/3567 3566/3566/3566
f 3565/3565/3565 3568/3568/3568 3567/3567/3567
f 3568/3568/3568 3569/3569/3569 3567/3567/3567
f 3568/3568/3568 3570/3570/3570 3569/3569/3569
f 3570/3570/3570 3571/3571/3571 3569/3569/3569
f 3570/3570/3570 3572/3572/3572 3571/3571/3571
f 3571/3571/3571 3572/3572/3572 3573/3573/3573
f 3571/3571/3571 3573/3573/3573 3574/3574/3574
f 3575/3575/3575 3564/3564/3564 3563/3563/3563
f 3575/3575/3575 3576/3576/3576 3564/3564/3564
f 3575/3575/3575 3577/3577/3577 3576/3576/3576
f 3575/3575/3575 3578/3578/3578 3577/3577/3577
f 3579/3579/3579 3580/3580/3580 3581/3581/3581
f 3579/3579/3579 3581/3581/3581 3582/3582/3582
f 3583/3583/3583 3584/3584/3584 3585/3585/3585
f 3583/3583/3583 3585/3585/3585 3586/3586/3586
f 3587/3587/3587 3588/3588/3588 3589/3589/3589
f 3587/3587/3587 3589/3589/3589 3590/3590/3590
f 3591/3591/3591 3587/3587/3587 3590/3590/3590
f 3591/3591/3591 3590/3590/3590 3592/3592/3592
f 3593/3593/3593 3594/3594/3594 3595/3595/3595
f 3593/3593/3593 3595/3595/3595 3596/3596/3596
f 3597/3597/3597 3593/3593/3593 3596/3596/3596
f 3597/3597/3597 3596/3596/3596 3598/3598/3598
f 3599/3599/3599 3600/3600/3600 3601/3601/3601
f 3599/3599/3599 3601/3601/3601 3602/3602/3602
f 3603/3603/3603 3604/3604/3604 3605/3605/3605
f 3603/3603/3603 3605/3605/3605 3606/3606/3606
f 3607/3607/3607 3608/3608/3608 3609/3609/3609
f 3607/3607/3607 3609/3609/3609 3610/3610/3610
f 3611/3611/3611 3612/3612/3612 3613/3613/3613
f 3611/3611/3611 3613/3613/3613 3614/3614/3614
f 3615/3615/3615 3616/3616/3616 3617/3617/3617
f 3615/3615/3615 3617/3617/3617 3618/3618/3618
f 3619/3619/3619 3620/3620/3620 3621/3621/3621
f 3619/3619/3619 3621/3621/3621 3622/3622/3622
f 3623/3623/3623 3624/3624/3624 3625/3625/3625
f 3623/3623/3623 3625/3625/3625 3626/3626/3626
f 3627/3627/3627 3628/3628/3628 3629/3629/3629
f 3627/3627/3627 3629/3629/3629 3630/3630/3630
f 3631/3631/3631 3632/3632/3632 3633/3633/3633
f 3633/3633/3633 3632/3632/3632 3634/3634/3634
f 3635/3635/3635 3634/3634/3634 3632/3632/3632
f 3636/3636/3636 3634/3634/3634 3635/3635/3635
f 3635/3635/3635 3632/3632/3632 3637/3637/3637
f 3637/3637/3637 3632/3632/3632 3638/3638/3638
f 3639/3639/3639 3637/3637/3637 3638/3638/3638
f 3639/3639/3639 3638/3638/3638 3640/3640/3640
f 3640/3640/3640 3638/3638/3638 3641/3641/3641
f 3642/3642/3642 3637/3637/3637 3639/3639/3639
f 3643/3643/3643 3634/3634/3634 3636/3636/3636
f 3644/3644/3644 3632/3632/3632 3631/3631/3631
f 3632/3632/3632 3644/3644/3644 3645/3645/3645
f 3645/3645/3645 3644/3644/3644 3646/3646/3646
f 3645/3645/3645 3646/3646/3646 3647/3647/3647
f 3648/3648/3648 3649/3649/3649 3650/3650/3650
f 3648/3648/3648 3650/3650/3650 3651/3651/3651
f 3652/3652/3652 3650/3650/3650 3649/3649/3649
f 3650/3650/3650 3652/3652/3652 3653/3653/3653
f 3653/3653/3653 3652/3652/3652 3654/3654/3654
f 3654/3654/3654 3652/3652/3652 3655/3655/3655
f 3655/3655/3655 3652/3652/3652 3656/3656/3656
f 3656/3656/3656 3652/3652/3652 3657/3657/3657
f 3652/3652/3652 3658/3658/3658 3657/3657/3657
f 3657/3657/3657 3658/3658/3658 3659/3659/3659
f 3659/3659/3659 3658/3658/3658 3660/3660/3660
f 3653/3653/3653 3654/3654/3654 3661/3661/3661
f 3661/3661/3661 3654/3654/3654 3662/3662/3662
f 3663/3663/3663 3649/3649/3649 3648/3648/3648
f 3649/3649/3649 3663/3663/3663 3664/3664/3664
f 3665/3665/3665 3666/3666/3666 3667/3667/3667
f 3668/3668/3668 3667/3667/3667 3666/3666/3666
f 3665/3665/3665 3667/3667/3667 3669/3669/3669
f 3668/3668/3668 3666/3666/3666 3670/3670/3670
f 3671/3671/3671 3668/3668/3668 3670/3670/3670
f 3671/3671/3671 3672/3672/3672 3668/3668/3668
f 3672/3672/3672 3671/3671/3671 3673/3673/3673
f 3672/3672/3672 3673/3673/3673 3674/3674/3674
f 3675/3675/3675 3676/3676/3676 3677/3677/3677
f 3678/3678/3678 3677/3677/3677 3676/3676/3676
f 3675/3675/3675 3677/3677/3677 3679/3679/3679
f 3678/3678/3678 3676/3676/3676 3680/3680/3680
f 3681/3681/3681 3678/3678/3678 3680/3680/3680
f 3681/3681/3681 3682/3682/3682 3678/3678/3678
f 3682/3682/3682 3681/3681/3681 3683/3683/3683
f 3682/3682/3682 3683/3683/3683 3684/3684/3684
f 3685/3685/3685 3686/3686/3686 3687/3687/3687
f 3685/3685/3685 3687/3687/3687 3688/3688/3688
f 3689/3689/3689 3688/3688/3688 3687/3687/3687
f 3689/3689/3689 3687/3687/3687 3690/3690/3690
f 3691/3691/3691 3690/3690/3690 3687/3687/3687
f 3691/3691/3691 3692/3692/3692 3690/3690/3690
f 3693/3693/3693 3692/3692/3692 3691/3691/3691
f 3692/3692/3692 3693/3693/3693 3694/3694/3694
f 3693/3693/3693 3691/3691/3691 3695/3695/3695
f 3695/3695/3695 3696/3696/3696 3693/3693/3693
f 3695/3695/3695 3697/3697/3697 3696/3696/3696
f 3693/3693/3693 3696/3696/3696 3698/3698/3698
f 3693/3693/3693 3698/3698/3698 3694/3694/3694
f 3694/3694/3694 3698/3698/3698 3699/3699/3699
f 3694/3694/3694 3699/3699/3699 3700/3700/3700
f 3700/3700/3700 3699/3699/3699 3701/3701/3701
f 3695/3695/3695 3702/3702/3702 3697/3697/3697
f 3695/3695/3695 3703/3703/3703 3702/3702/3702
f 3700/3700/3700 3704/3704/3704 3694/3694/3694
f 3692/3692/3692 3694/3694/3694 3704/3704/3704
f 3700/3700/3700 3705/3705/3705 3704/3704/3704
f 3704/3704/3704 3705/3705/3705 3706/3706/3706
f 3707/3707/3707 3706/3706/3706 3705/3705/3705
f 3692/3692/3692 3704/3704/3704 3708/3708/3708
f 3704/3704/3704 3706/3706/3706 3708/3708/3708
f 3706/3706/3706 3707/3707/3707 3709/3709/3709
f 3710/3710/3710 3705/3705/3705 3700/3700/3700
f 3700/3700/3700 3701/3701/3701 3710/3710/3710
f 3710/3710/3710 3711/3711/3711 3705/3705/3705
f 3707/3707/3707 3705/3705/3705 3711/3711/3711
f 3706/3706/3706 3709/3709/3709 3712/3712/3712
f 3712/3712/3712 3708/3708/3708 3706/3706/3706
f 3712/3712/3712 3713/3713/3713 3708/3708/3708
f 3690/3690/3690 3708/3708/3708 3713/3713/3713
f 3692/3692/3692 3708/3708/3708 3690/3690/3690
f 3690/3690/3690 3713/3713/3713 3689/3689/3689
f 3714/3714/3714 3715/3715/3715 3716/3716/3716
f 3714/3714/3714 3716/3716/3716 3717/3717/3717
f 3718/3718/3718 3717/3717/3717 3716/3716/3716
f 3718/3718/3718 3719/3719/3719 3717/3717/3717
f 3720/3720/3720 3719/3719/3719 3718/3718/3718
f 3720/3720/3720 3718/3718/3718 3721/3721/3721
f 3721/3721/3721 3722/3722/3722 3720/3720/3720
f 3721/3721/3721 3723/3723/3723 3722/3722/3722
f 3724/3724/3724 3725/3725/3725 3726/3726/3726
f 3727/3727/3727 3726/3726/3726 3725/3725/3725
f 3724/3724/3724 3726/3726/3726 3728/3728/3728
f 3724/3724/3724 3729/3729/3729 3725/3725/3725
f 3724/3724/3724 3730/3730/3730 3729/3729/3729
f 3730/3730/3730 3731/3731/3731 3729/3729/3729
f 3730/3730/3730 3732/3732/3732 3731/3731/3731
f 3733/3733/3733 3729/3729/3729 3731/3731/3731
f 3733/3733/3733 3734/3734/3734 3729/3729/3729
f 3734/3734/3734 3725/3725/3725 3729/3729/3729
f 3735/3735/3735 3734/3734/3734 3733/3733/3733
f 3734/3734/3734 3736/3736/3736 3725/3725/3725
f 3727/3727/3727 3725/3725/3725 3736/3736/3736
f 3737/3737/3737 3736/3736/3736 3734/3734/3734
f 3737/3737/3737 3734/3734/3734 3735/3735/3735
f 3737/3737/3737 3727/3727/3727 3736/3736/3736
f 3737/3737/3737 3738/3738/3738 3727/3727/3727
f 3738/3738/3738 3737/3737/3737 3739/3739/3739
f 3735/3735/3735 3739/3739/3739 3737/3737/3737
f 3735/3735/3735 3740/3740/3740 3739/3739/3739
f 3741/3741/3741 3740/3740/3740 3735/3735/3735
f 3735/3735/3735 3733/3733/3733 3741/3741/3741
f 3741/3741/3741 3742/3742/3742 3740/3740/3740
f 3738/3738/3738 3739/3739/3739 3743/3743/3743
f 3738/3738/3738 3744/3744/3744 3745/3745/3745
f 3738/3738/3738 3745/3745/3745 3727/3727/3727
f 3745/3745/3745 3726/3726/3726 3727/3727/3727
f 3745/3745/3745 3746/3746/3746 3726/3726/3726
f 3747/3747/3747 3748/3748/3748 3749/3749/3749
f 3748/3748/3748 3747/3747/3747 3750/3750/3750
f 3747/3747/3747 3749/3749/3749 3751/3751/3751
f 3748/3748/3748 3750/3750/3750 3752/3752/3752
f 3750/3750/3750 3753/3753/3753 3752/3752/3752
f 3750/3750/3750 3754/3754/3754 3753/3753/3753
f 3755/3755/3755 3752/3752/3752 3753/3753/3753
f 3756/3756/3756 3753/3753/3753 3754/3754/3754
f 3757/3757/3757 3748/3748/3748 3752/3752/3752
f 3757/3757/3757 3758/3758/3758 3748/3748/3748
f 3758/3758/3758 3749/3749/3749 3748/3748/3748
f 3758/3758/3758 3757/3757/3757 3759/3759/3759
f 3758/3758/3758 3760/3760/3760 3749/3749/3749
f 3761/3761/3761 3760/3760/3760 3758/3758/3758
f 3758/3758/3758 3759/3759/3759 3761/3761/3761
f 3761/3761/3761 3762/3762/3762 3760/3760/3760
f 3755/3755/3755 3753/3753/3753 3763/3763/3763
f 3756/3756/3756 3763/3763/3763 3753/3753/3753
f 3764/3764/3764 3755/3755/3755 3763/3763/3763
f 3756/3756/3756 3765/3765/3765 3763/3763/3763
f 3764/3764/3764 3763/3763/3763 3766/3766/3766
f 3765/3765/3765 3766/3766/3766 3763/3763/3763
f 3765/3765/3765 3767/3767/3767 3766/3766/3766
f 3756/3756/3756 3754/3754/3754 3768/3768/3768
f 3769/3769/3769 3770/3770/3770 3771/3771/3771
f 3772/3772/3772 3771/3771/3771 3770/3770/3770
f 3769/3769/3769 3771/3771/3771 3773/3773/3773
f 3772/3772/3772 3770/3770/3770 3774/3774/3774
f 3775/3775/3775 3772/3772/3772 3774/3774/3774
f 3775/3775/3775 3776/3776/3776 3772/3772/3772
f 3776/3776/3776 3775/3775/3775 3777/3777/3777
f 3776/3776/3776 3777/3777/3777 3778/3778/3778
f 3779/3779/3779 3780/3780/3780 3781/3781/3781
f 3780/3780/3780 3779/3779/3779 3782/3782/3782
f 3779/3779/3779 3781/3781/3781 3783/3783/3783
f 3780/3780/3780 3782/3782/3782 3784/3784/3784
f 3785/3785/3785 3786/3786/3786 3787/3787/3787
f 3785/3785/3785 3787/3787/3787 3788/3788/3788
f 3789/3789/3789 3788/3788/3788 3787/3787/3787
f 3789/3789/3789 3790/3790/3790 3788/3788/3788
f 3791/3791/3791 3790/3790/3790 3789/3789/3789
f 3791/3791/3791 3789/3789/3789 3792/3792/3792
f 3792/3792/3792 3793/3793/3793 3791/3791/3791
f 3792/3792/3792 3794/3794/3794 3793/3793/3793
f 3795/3795/3795 3796/3796/3796 3797/3797/3797
f 3798/3798/3798 3797/3797/3797 3796/3796/3796
f 3795/3795/3795 3797/3797/3797 3799/3799/3799
f 3798/3798/3798 3796/3796/3796 3800/3800/3800
f 3801/3801/3801 3802/3802/3802 3803/3803/3803
f 3801/3801/3801 3803/3803/3803 3804/3804/3804
f 3805/3805/3805 3806/3806/3806 3807/3807/3807
f 3805/3805/3805 3807/3807/3807 3808/3808/3808
f 3808/3808/3808 3807/3807/3807 3809/3809/3809
f 3808/3808/3808 3809/3809/3809 3810/3810/3810
f 3811/3811/3811 3812/3812/3812 3813/3813/3813
f 3811/3811/3811 3813/3813/3813 3814/3814/3814
f 3815/3815/3815 3816/3816/3816 3817/3817/3817
f 3815/3815/3815 3817/3817/3817 3818/3818/3818
f 3819/3819/3819 3820/3820/3820 3821/3821/3821
f 3819/3819/3819 3821/3821/3821 3822/3822/3822
f 3823/3823/3823 3824/3824/3824 3825/3825/3825
f 3823/3823/3823 3825/3825/3825 3826/3826/3826
f 3827/3827/3827 3828/3828/3828 3829/3829/3829
f 3827/3827/3827 3829/3829/3829 3830/3830/3830
f 3831/3831/3831 3832/3832/3832 3833/3833/3833
f 3831/3831/3831 3833/3833/3833 3834/3834/3834
f 3835/3835/3835 3836/3836/3836 3837/3837/3837
f 3835/3835/3835 3837/3837/3837 3838/3838/3838
f 3839/3839/3839 3840/3840/3840 3841/3841/3841
f 3839/3839/3839 3841/3841/3841 3842/3842/3842
f 3843/3843/3843 3844/3844/3844 3845/3845/3845
f 3846/3846/3846 3843/3843/3843 3845/3845/3845
f 3847/3847/3847 3843/3843/3843 3846/3846/3846
f 3843/3843/3843 3847/3847/3847 3848/3848/3848
f 3848/3848/3848 3847/3847/3847 3849/3849/3849
f 3845/3845/3845 3844/3844/3844 3850/3850/3850
f 3851/3851/3851 3852/3852/3852 3853/3853/3853
f 3851/3851/3851 3853/3853/3853 3854/3854/3854
f 3855/3855/3855 3856/3856/3856 3857/3857/3857
f 3855/3855/3855 3857/3857/3857 3858/3858/3858
f 3859/3859/3859 3860/3860/3860 3861/3861/3861
f 3862/3862/3862 3861/3861/3861 3860/3860/3860
f 3863/3863/3863 3861/3861/3861 3862/3862/3862
f 3864/3864/3864 3863/3863/3863 3862/3862/3862
f 3863/3863/3863 3864/3864/3864 3865/3865/3865
f 3860/3860/3860 3859/3859/3859 3866/3866/3866
f 3867/3867/3867 3868/3868/3868 3869/3869/3869
f 3867/3867/3867 3869/3869/3869 3870/3870/3870
f 3868/3868/3868 3871/3871/3871 3869/3869/3869
f 3868/3868/3868 3872/3872/3872 3871/3871/3871
f 3873/3873/3873 3871/3871/3871 3872/3872/3872
f 3873/3873/3873 3874/3874/3874 3871/3871/3871
f 3874/3874/3874 3873/3873/3873 3875/3875/3875
f 3874/3874/3874 3875/3875/3875 3876/3876/3876
f 3877/3877/3877 3878/3878/3878 3879/3879/3879
f 3880/3880/3880 3879/3879/3879 3878/3878/3878
f 3881/3881/3881 3880/3880/3880 3878/3878/3878
f 3882/3882/3882 3881/3881/3881 3878/3878/3878
f 3878/3878/3878 3877/3877/3877 3883/3883/3883
f 3883/3883/3883 3884/3884/3884 3878/3878/3878
f 3883/3883/3883 3877/3877/3877 3885/3885/3885
f 3885/3885/3885 3886/3886/3886 3883/3883/3883
f 3886/3886/3886 3887/3887/3887 3883/3883/3883
f 3884/3884/3884 3883/3883/3883 3887/3887/3887
f 3882/3882/3882 3878/3878/3878 3888/3888/3888
f 3888/3888/3888 3878/3878/3878 3884/3884/3884
f 3889/3889/3889 3890/3890/3890 3891/3891/3891
f 3889/3889/3889 3891/3891/3891 3892/3892/3892
f 3892/3892/3892 3891/3891/3891 3893/3893/3893
f 3892/3892/3892 3893/3893/3893 3894/3894/3894
f 3893/3893/3893 3895/3895/3895 3894/3894/3894
f 3893/3893/3893 3896/3896/3896 3895/3895/3895
f 3896/3896/3896 3897/3897/3897 3895/3895/3895
f 3896/3896/3896 3898/3898/3898 3897/3897/3897
f 3899/3899/3899 3900/3900/3900 3901/3901/3901
f 3901/3901/3901 3900/3900/3900 3902/3902/3902
f 3900/3900/3900 3899/3899/3899 3903/3903/3903
f 3899/3899/3899 3904/3904/3904 3903/3903/3903
f 3899/3899/3899 3901/3901/3901 3905/3905/3905
f 3905/3905/3905 3901/3901/3901 3906/3906/3906
f 3907/3907/3907 3903/3903/3903 3904/3904/3904
f 3903/3903/3903 3907/3907/3907 3908/3908/3908
f 3907/3907/3907 3904/3904/3904 3909/3909/3909
f 3910/3910/3910 3911/3911/3911 3912/3912/3912
f 3911/3911/3911 3910/3910/3910 3913/3913/3913
f 3910/3910/3910 3914/3914/3914 3913/3913/3913
f 3913/3913/3913 3914/3914/3914 3915/3915/3915
f 3914/3914/3914 3910/3910/3910 3916/3916/3916
f 3914/3914/3914 3916/3916/3916 3917/3917/3917
f 3912/3912/3912 3911/3911/3911 3918/3918/3918
f 3918/3918/3918 3911/3911/3911 3919/3919/3919
f 3912/3912/3912 3918/3918/3918 3920/3920/3920
f 3921/3921/3921 3922/3922/3922 3923/3923/3923
f 3921/3921/3921 3923/3923/3923 3924/3924/3924
f 3925/3925/3925 3924/3924/3924 3923/3923/3923
f 3925/3925/3925 3926/3926/3926 3924/3924/3924
f 3927/3927/3927 3926/3926/3926 3925/3925/3925
f 3927/3927/3927 3925/3925/3925 3928/3928/3928
f 3929/3929/3929 3927/3927/3927 3928/3928/3928
f 3929/3929/3929 3928/3928/3928 3930/3930/3930
f 3931/3931/3931 3932/3932/3932 3933/3933/3933
f 3933/3933/3933 3932/3932/3932 3934/3934/3934
f 3934/3934/3934 3932/3932/3932 3935/3935/3935
f 3932/3932/3932 3936/3936/3936 3935/3935/3935
f 3937/3937/3937 3932/3932/3932 3931/3931/3931
f 3932/3932/3932 3937/3937/3937 3938/3938/3938
f 3938/3938/3938 3937/3937/3937 3939/3939/3939
f 3940/3940/3940 3938/3938/3938 3939/3939/3939
f 3941/3941/3941 3938/3938/3938 3940/3940/3940
f 3936/3936/3936 3932/3932/3932 3942/3942/3942
f 3942/3942/3942 3938/3938/3938 3941/3941/3941
f 3932/3932/3932 3938/3938/3938 3942/3942/3942
f 3943/3943/3943 3944/3944/3944 3945/3945/3945
f 3943/3943/3943 3945/3945/3945 3946/3946/3946
f 3947/3947/3947 3943/3943/3943 3946/3946/3946
f 3947/3947/3947 3946/3946/3946 3948/3948/3948
f 3947/3947/3947 3948/3948/3948 3949/3949/3949
f 3947/3947/3947 3949/3949/3949 3950/3950/3950
f 3950/3950/3950 3949/3949/3949 3951/3951/3951
f 3950/3950/3950 3951/3951/3951 3952/3952/3952
f 3953/3953/3953 3954/3954/3954 3955/3955/3955
f 3956/3956/3956 3955/3955/3955 3954/3954/3954
f 3953/3953/3953 3957/3957/3957 3954/3954/3954
f 3954/3954/3954 3957/3957/3957 3958/3958/3958
f 3953/3953/3953 3955/3955/3955 3959/3959/3959
f 3958/3958/3958 3957/3957/3957 3960/3960/3960
f 3958/3958/3958 3960/3960/3960 3961/3961/3961
f 3960/3960/3960 3957/3957/3957 3962/3962/3962
f 3962/3962/3962 3957/3957/3957 3963/3963/3963
f 3964/3964/3964 3965/3965/3965 3966/3966/3966
f 3964/3964/3964 3966/3966/3966 3967/3967/3967
f 3967/3967/3967 3966/3966/3966 3968/3968/3968
f 3969/3969/3969 3966/3966/3966 3965/3965/3965
f 3965/3965/3965 3964/3964/3964 3970/3970/3970
f 3970/3970/3970 3964/3964/3964 3971/3971/3971
f 3970/3970/3970 3971/3971/3971 3972/3972/3972
f 3970/3970/3970 3972/3972/3972 3973/3973/3973
f 3972/3972/3972 3971/3971/3971 3974/3974/3974
f 3975/3975/3975 3976/3976/3976 3977/3977/3977
f 3975/3975/3975 3977/3977/3977 3978/3978/3978
f 3979/3979/3979 3977/3977/3977 3976/3976/3976
f 3979/3979/3979 3980/3980/3980 3977/3977/3977
f 3979/3979/3979 3981/3981/3981 3980/3980/3980
f 3979/3979/3979 3982/3982/3982 3981/3981/3981
f 3983/3983/3983 3981/3981/3981 3982/3982/3982
f 3983/3983/3983 3984/3984/3984 3981/3981/3981
f 3985/3985/3985 3986/3986/3986 3987/3987/3987
f 3985/3985/3985 3987/3987/3987 3988/3988/3988
f 3989/3989/3989 3990/3990/3990 3991/3991/3991
f 3989/3989/3989 3991/3991/3991 3992/3992/3992
f 3993/3993/3993 3994/3994/3994 3995/3995/3995
f 3996/3996/3996 3997/3997/3997 3998/3998/3998
f 3996/3996/3996 3998/3998/3998 3999/3999/3999
f 3996/3996/3996 3999/3999/3999 4000/4000/4000
f 3996/3996/3996 4000/4000/4000 4001/4001/4001
f 4001/4001/4001 4000/4000/4000 4002/4002/4002
f 4001/4001/4001 4002/4002/4002 4003/4003/4003
f 3997/3997/3997 4004/4004/4004 3998/3998/3998
f 3997/3997/3997 4005/4005/4005 4004/4004/4004
f 4006/4006/4006 4007/4007/4007 4008/4008/4008
f 4006/4006/4006 4008/4008/4008 4009/4009/4009
f 4010/4010/4010 4011/4011/4011 4012/4012/4012
f 4010/4010/4010 4012/4012/4012 4013/4013/4013
f 4014/4014/4014 4015/4015/4015 4016/4016/4016
f 4014/4014/4014 4016/4016/4016 4017/4017/4017
f 4018/4018/4018 4019/4019/4019 4020/4020/4020
f 4018/4018/4018 4020/4020/4020 4021/4021/4021
f 4022/4022/4022 4023/4023/4023 4024/4024/4024
f 4022/4022/4022 4024/4024/4024 4025/4025/4025
f 4026/4026/4026 4027/4027/4027 4028/4028/4028
f 4026/4026/4026 4028/4028/4028 4029/4029/4029
f 4030/4030/4030 4031/4031/4031 4032/4032/4032
f 4030/4030/4030 4032/4032/4032 4033/4033/4033
f 4034/4034/4034 4035/4035/4035 4036/4036/4036
f 4034/4034/4034 4036/4036/4036 4037/4037/4037
f 4038/4038/4038 4039/4039/4039 4040/4040/4040
f 4038/4038/4038 4040/4040/4040 4041/4041/4041
f 4042/4042/4042 4043/4043/4043 4044/4044/4044
f 4042/4042/4042 4044/4044/4044 4045/4045/4045
f 4046/4046/4046 4047/4047/4047 4048/4048/4048
f 4046/4046/4046 4048/4048/4048 4049/4049/4049
f 4050/4050/4050 4051/4051/4051 4052/4052/4052
f 4050/4050/4050 4052/4052/4052 4053/4053/4053
f 4054/4054/4054 4055/4055/4055 4056/4056/4056
f 4054/4054/4054 4056/4056/4056 4057/4057/4057
f 4058/4058/4058 4059/4059/4059 4060/4060/4060
f 4058/4058/4058 4060/4060/4060 4061/4061/4061
f 4062/4062/4062 4063/4063/4063 4064/4064/4064
f 4062/4062/4062 4064/4064/4064 4065/4065/4065
f 4066/4066/4066 4067/4067/4067 4068/4068/4068
f 4066/4066/4066 4068/4068/4068 4069/4069/4069
f 4070/4070/4070 4071/4071/4071 4072/4072/4072
f 4070/4070/4070 4072/4072/4072 4073/4073/4073
f 4074/4074/4074 4075/4075/4075 4076/4076/4076
f 4075/4075/4075 4074/4074/4074 4077/4077/4077
f 4074/4074/4074 4078/4078/4078 4077/4077/4077
f 4077/4077/4077 4078/4078/4078 4079/4079/4079
f 4080/4080/4080 4081/4081/4081 4082/4082/4082
f 4080/4080/4080 4082/4082/4082 4083/4083/4083
f 4084/4084/4084 4085/4085/4085 4086/4086/4086
f 4084/4084/4084 4086/4086/4086 4087/4087/4087
f 4088/4088/4088 4089/4089/4089 4090/4090/4090
f 4090/4090/4090 4089/4089/4089 4091/4091/4091
f 4089/4089/4089 4088/4088/4088 4092/4092/4092
f 4092/4092/4092 4088/4088/4088 4093/4093/4093
f 4094/4094/4094 4095/4095/4095 4096/4096/4096
f 4094/4094/4094 4096/4096/4096 4097/4097/4097
f 4097/4097/4097 4096/4096/4096 4098/4098/4098
f 4097/4097/4097 4098/4098/4098 4099/4099/4099
f 4100/4100/4100 4095/4095/4095 4094/4094/4094
f 4100/4100/4100 4101/4101/4101 4095/4095/4095
f 4102/4102/4102 4101/4101/4101 4100/4100/4100
f 4102/4102/4102 4103/4103/4103 4101/4101/4101
f 4104/4104/4104 4105/4105/4105 4106/4106/4106
f 4104/4104/4104 4106/4106/4106 4107/4107/4107
f 4107/4107/4107 4106/4106/4106 4108/4108/4108
f 4107/4107/4107 4108/4108/4108 4109/4109/4109
f 4109/4109/4109 4108/4108/4108 4110/4110/4110
f 4109/4109/4109 4110/4110/4110 4111/4111/4111
f 4111/4111/4111 4110/4110/4110 4112/4112/4112
f 4111/4111/4111 4112/4112/4112 4113/4113/4113
f 4114/4114/4114 4115/4115/4115 4116/4116/4116
f 4114/4114/4114 4116/4116/4116 4117/4117/4117
f 4117/4117/4117 4116/4116/4116 4118/4118/4118
f 4117/4117/4117 4118/4118/4118 4119/4119/4119
f 4119/4119/4119 4118/4118/4118 4120/4120/4120
f 4119/4119/4119 4120/4120/4120 4121/4121/4121
f 4121/4121/4121 4120/4120/4120 4122/4122/4122
f 4121/4121/4121 4122/4122/4122 4123/4123/4123
f 4124/4124/4124 4125/4125/4125 4126/4126/4126
f 4124/4124/4124 4126/4126/4126 4127/4127/4127
f 4127/4127/4127 4126/4126/4126 4128/4128/4128
f 4127/4127/4127 4128/4128/4128 4129/4129/4129
f 4129/4129/4129 4128/4128/4128 4130/4130/4130
f 4129/4129/4129 4130/4130/4130 4131/4131/4131
f 4131/4131/4131 4130/4130/4130 4132/4132/4132
f 4131/4131/4131 4132/4132/4132 4133/4133/4133
f 4134/4134/4134 4135/4135/4135 4136/4136/4136
f 4137/4137/4137 4136/4136/4136 4135/4135/4135
f 4138/4138/4138 4136/4136/4136 4137/4137/4137
f 4139/4139/4139 4138/4138/4138 4137/4137/4137
f 4140/4140/4140 4138/4138/4138 4139/4139/4139
f 4138/4138/4138 4140/4140/4140 4141/4141/4141
f 4141/4141/4141 4140/4140/4140 4142/4142/4142
f 4135/4135/4135 4134/4134/4134 4143/4143/4143
f 4134/4134/4134 4144/4144/4144 4143/4143/4143
f 4143/4143/4143 4144/4144/4144 4145/4145/4145
f 4146/4146/4146 4145/4145/4145 4144/4144/4144
f 4147/4147/4147 4145/4145/4145 4146/4146/4146
f 4145/4145/4145 4147/4147/4147 4148/4148/4148
f 4148/4148/4148 4147/4147/4147 4149/4149/4149
f 4150/4150/4150 4151/4151/4151 4152/4152/4152
f 4153/4153/4153 4152/4152/4152 4151/4151/4151
f 4154/4154/4154 4152/4152/4152 4153/4153/4153
f 4155/4155/4155 4154/4154/4154 4153/4153/4153
f 4154/4154/4154 4155/4155/4155 4156/4156/4156
f 4157/4157/4157 4151/4151/4151 4150/4150/4150
f 4151/4151/4151 4157/4157/4157 4158/4158/4158
f 4159/4159/4159 4158/4158/4158 4157/4157/4157
f 4158/4158/4158 4159/4159/4159 4160/4160/4160
f 4160/4160/4160 4159/4159/4159 4161/4161/4161
f 4159/4159/4159 4162/4162/4162 4161/4161/4161
f 4161/4161/4161 4162/4162/4162 4163/4163/4163
f 4164/4164/4164 4163/4163/4163 4162/4162/4162
f 4163/4163/4163 4164/4164/4164 4165/4165/4165
f 4166/4166/4166 4167/4167/4167 4168/4168/4168
f 4166/4166/4166 4168/4168/4168 4169/4169/4169
f 4170/4170/4170 4171/4171/4171 4172/4172/4172
f 4170/4170/4170 4172/4172/4172 4173/4173/4173
f 4170/4170/4170 4173/4173/4173 4174/4174/4174
f 4170/4170/4170 4175/4175/4175 4171/4171/4171
f 4170/4170/4170 4176/4176/4176 4175/4175/4175
f 4176/4176/4176 4170/4170/4170 4177/4177/4177
f 4170/4170/4170 4174/4174/4174 4177/4177/4177
f 4175/4175/4175 4176/4176/4176 4178/4178/4178
f 4178/4178/4178 4176/4176/4176 4179/4179/4179
f 4176/4176/4176 4177/4177/4177 4179/4179/4179
f 4175/4175/4175 4178/4178/4178 4180/4180/4180
f 4180/4180/4180 4178/4178/4178 4181/4181/4181
f 4181/4181/4181 4178/4178/4178 4182/4182/4182
f 4178/4178/4178 4179/4179/4179 4182/4182/4182
f 4181/4181/4181 4182/4182/4182 4183/4183/4183
f 4180/4180/4180 4181/4181/4181 4184/4184/4184
f 4184/4184/4184 4185/4185/4185 4180/4180/4180
f 4184/4184/4184 4186/4186/4186 4185/4185/4185
f 4187/4187/4187 4188/4188/4188 4189/4189/4189
f 4187/4187/4187 4189/4189/4189 4190/4190/4190
f 4190/4190/4190 4189/4189/4189 4191/4191/4191
f 4190/4190/4190 4191/4191/4191 4192/4192/4192
f 4191/4191/4191 4193/4193/4193 4192/4192/4192
f 4191/4191/4191 4194/4194/4194 4193/4193/4193
f 4193/4193/4193 4194/4194/4194 4195/4195/4195
f 4195/4195/4195 4194/4194/4194 4196/4196/4196
f 4195/4195/4195 4196/4196/4196 4197/4197/4197
f 4193/4193/4193 4195/4195/4195 4198/4198/4198
f 4199/4199/4199 4200/4200/4200 4201/4201/4201
f 4199/4199/4199 4201/4201/4201 4202/4202/4202
f 4202/4202/4202 4203/4203/4203 4199/4199/4199
f 4202/4202/4202 4204/4204/4204 4203/4203/4203
f 4205/4205/4205 4206/4206/4206 4207/4207/4207
f 4205/4205/4205 4207/4207/4207 4208/4208/4208
f 4209/4209/4209 4205/4205/4205 4208/4208/4208
f 4209/4209/4209 4208/4208/4208 4210/4210/4210
f 4206/4206/4206 4211/4211/4211 4207/4207/4207
f 4206/4206/4206 4212/4212/4212 4211/4211/4211
f 4212/4212/4212 4213/4213/4213 4211/4211/4211
f 4212/4212/4212 4214/4214/4214 4213/4213/4213
f 4215/4215/4215 4216/4216/4216 4217/4217/4217
f 4215/4215/4215 4217/4217/4217 4218/4218/4218
f 4218/4218/4218 4219/4219/4219 4215/4215/4215
f 4218/4218/4218 4220/4220/4220 4219/4219/4219
f 4221/4221/4221 4222/4222/4222 4223/4223/4223
f 4221/4221/4221 4223/4223/4223 4224/4224/4224
f 4224/4224/4224 4223/4223/4223 4225/4225/4225
f 4221/4221/4221 4226/4226/4226 4222/4222/4222
f 4221/4221/4221 4227/4227/4227 4226/4226/4226
f 4224/4224/4224 4225/4225/4225 4228/4228/4228
f 4229/4229/4229 4230/4230/4230 4231/4231/4231
f 4229/4229/4229 4231/4231/4231 4232/4232/4232
f 4233/4233/4233 4234/4234/4234 4235/4235/4235
f 4233/4233/4233 4235/4235/4235 4236/4236/4236
f 4237/4237/4237 4238/4238/4238 4239/4239/4239
f 4237/4237/4237 4239/4239/4239 4240/4240/4240
f 4241/4241/4241 4237/4237/4237 4240/4240/4240
f 4241/4241/4241 4240/4240/4240 4242/4242/4242
f 4243/4243/4243 4241/4241/4241 4242/4242/4242
f 4243/4243/4243 4244/4244/4244 4241/4241/4241
f 4244/4244/4244 4243/4243/4243 4245/4245/4245
f 4244/4244/4244 4245/4245/4245 4246/4246/4246
f 4247/4247/4247 4248/4248/4248 4249/4249/4249
f 4247/4247/4247 4249/4249/4249 4250/4250/4250
f 4251/4251/4251 4252/4252/4252 4253/4253/4253
f 4251/4251/4251 4253/4253/4253 4254/4254/4254
f 4255/4255/4255 4251/4251/4251 4254/4254/4254
f 4255/4255/4255 4254/4254/4254 4256/4256/4256
f 4257/4257/4257 4255/4255/4255 4256/4256/4256
f 4257/4257/4257 4256/4256/4256 4258/4258/4258
f 4259/4259/4259 4257/4257/4257 4258/4258/4258
f 4259/4259/4259 4258/4258/4258 4260/4260/4260
f 4261/4261/4261 4262/4262/4262 4263/4263/4263
f 4261/4261/4261 4263/4263/4263 4264/4264/4264
f 4265/4265/4265 4261/4261/4261 4264/4264/4264
f 4265/4265/4265 4264/4264/4264 4266/4266/4266
f 4267/4267/4267 4265/4265/4265 4266/4266/4266
f 4267/4267/4267 4266/4266/4266 4268/4268/4268
f 4269/4269/4269 4267/4267/4267 4268/4268/4268
f 4269/4269/4269 4268/4268/4268 4270/4270/4270
f 4271/4271/4271 4272/4272/4272 4273/4273/4273
f 4271/4271/4271 4273/4273/4273 4274/4274/4274
f 4275/4275/4275 4276/4276/4276 4277/4277/4277
f 4276/4276/4276 4275/4275/4275 4278/4278/4278
f 4275/4275/4275 4277/4277/4277 4279/4279/4279
f 4276/4276/4276 4278/4278/4278 4280/4280/4280
f 4278/4278/4278 4281/4281/4281 4280/4280/4280
f 4278/4278/4278 4282/4282/4282 4281/4281/4281
f 4283/4283/4283 4284/4284/4284 4285/4285/4285
f 4283/4283/4283 4285/4285/4285 4286/4286/4286
f 4287/4287/4287 4288/4288/4288 4289/4289/4289
f 4288/4288/4288 4287/4287/4287 4290/4290/4290
f 4287/4287/4287 4289/4289/4289 4291/4291/4291
f 4288/4288/4288 4290/4290/4290 4292/4292/4292
f 4288/4288/4288 4292/4292/4292 4293/4293/4293
f 4293/4293/4293 4292/4292/4292 4294/4294/4294
f 4292/4292/4292 4290/4290/4290 4295/4295/4295
f 4292/4292/4292 4295/4295/4295 4294/4294/4294
f 4288/4288/4288 4293/4293/4293 4296/4296/4296
f 4296/4296/4296 4293/4293/4293 4297/4297/4297
f 4297/4297/4297 4293/4293/4293 4298/4298/4298
f 4293/4293/4293 4294/4294/4294 4298/4298/4298
f 4296/4296/4296 4297/4297/4297 4299/4299/4299
f 4299/4299/4299 4300/4300/4300 4296/4296/4296
f 4299/4299/4299 4301/4301/4301 4300/4300/4300
f 4297/4297/4297 4298/4298/4298 4302/4302/4302
f 4303/4303/4303 4304/4304/4304 4305/4305/4305
f 4303/4303/4303 4305/4305/4305 4306/4306/4306
f 4307/4307/4307 4308/4308/4308 4309/4309/4309
f 4307/4307/4307 4309/4309/4309 4310/4310/4310
f 4307/4307/4307 4310/4310/4310 4311/4311/4311
f 4311/4311/4311 4310/4310/4310 4312/4312/4312
f 4307/4307/4307 4311/4311/4311 4313/4313/4313
f 4311/4311/4311 4312/4312/4312 4314/4314/4314
f 4314/4314/4314 4312/4312/4312 4315/4315/4315
f 4315/4315/4315 4312/4312/4312 4316/4316/4316
f 4314/4314/4314 4315/4315/4315 4317/4317/4317
f 4315/4315/4315 4316/4316/4316 4318/4318/4318
f 4319/4319/4319 4320/4320/4320 4321/4321/4321
f 4319/4319/4319 4321/4321/4321 4322/4322/4322
f 4320/4320/4320 4323/4323/4323 4321/4321/4321
f 4320/4320/4320 4324/4324/4324 4323/4323/4323
f 4324/4324/4324 4325/4325/4325 4323/4323/4323
f 4324/4324/4324 4326/4326/4326 4325/4325/4325
f 4327/4327/4327 4328/4328/4328 4329/4329/4329
f 4327/4327/4327 4329/4329/4329 4330/4330/4330
f 4331/4331/4331 4332/4332/4332 4333/4333/4333
f 4334/4334/4334 4332/4332/4332 4331/4331/4331
f 4331/4331/4331 4333/4333/4333 4335/4335/4335
f 4336/4336/4336 4331/4331/4331 4335/4335/4335
f 4337/4337/4337 4331/4331/4331 4336/4336/4336
f 4334/4334/4334 4331/4331/4331 4337/4337/4337
f 4337/4337/4337 4336/4336/4336 4338/4338/4338
f 4336/4336/4336 4339/4339/4339 4338/4338/4338
f 4336/4336/4336 4340/4340/4340 4339/4339/4339
f 4340/4340/4340 4336/4336/4336 4341/4341/4341
f 4336/4336/4336 4335/4335/4335 4341/4341/4341
f 4340/4340/4340 4341/4341/4341 4342/4342/4342
f 4343/4343/4343 4344/4344/4344 4345/4345/4345
f 4343/4343/4343 4345/4345/4345 4346/4346/4346
f 4346/4346/4346 4345/4345/4345 4347/4347/4347
f 4343/4343/4343 4348/4348/4348 4344/4344/4344
f 4343/4343/4343 4349/4349/4349 4348/4348/4348
f 4346/4346/4346 4347/4347/4347 4350/4350/4350
f 4346/4346/4346 4350/4350/4350 4351/4351/4351
f 4346/4346/4346 4351/4351/4351 4352/4352/4352
f 4353/4353/4353 4354/4354/4354 4355/4355/4355
f 4353/4353/4353 4355/4355/4355 4356/4356/4356
f 4357/4357/4357 4358/4358/4358 4359/4359/4359
f 4357/4357/4357 4359/4359/4359 4360/4360/4360
f 4361/4361/4361 4362/4362/4362 4363/4363/4363
f 4361/4361/4361 4363/4363/4363 4364/4364/4364
f 4365/4365/4365 4366/4366/4366 4367/4367/4367
f 4365/4365/4365 4367/4367/4367 4368/4368/4368
f 4366/4366/4366 4369/4369/4369 4367/4367/4367
f 4366/4366/4366 4370/4370/4370 4369/4369/4369
f 4370/4370/4370 4371/4371/4371 4369/4369/4369
f 4370/4370/4370 4372/4372/4372 4371/4371/4371
f 4373/4373/4373 4374/4374/4374 4375/4375/4375
f 4373/4373/4373 4375/4375/4375 4376/4376/4376
f 4373/4373/4373 4376/4376/4376 4377/4377/4377
f 4373/4373/4373 4377/4377/4377 4378/4378/4378
f 4378/4378/4378 4377/4377/4377 4379/4379/4379
f 4378/4378/4378 4379/4379/4379 4380/4380/4380
f 4381/4381/4381 4380/4380/4380 4379/4379/4379
f 4381/4381/4381 4379/4379/4379 4382/4382/4382
f 4383/4383/4383 4381/4381/4381 4382/4382/4382
f 4383/4383/4383 4382/4382/4382 4384/4384/4384
f 4385/4385/4385 4383/4383/4383 4384/4384/4384
f 4385/4385/4385 4384/4384/4384 4386/4386/4386
f 4387/4387/4387 4385/4385/4385 4386/4386/4386
f 4387/4387/4387 4386/4386/4386 4388/4388/4388
f 4388/4388/4388 4389/4389/4389 4387/4387/4387
f 4388/4388/4388 4390/4390/4390 4389/4389/4389
f 4389/4389/4389 4390/4390/4390 4391/4391/4391
f 4389/4389/4389 4391/4391/4391 4392/4392/4392
f 4393/4393/4393 4392/4392/4392 4391/4391/4391
f 4393/4393/4393 4394/4394/4394 4392/4392/4392
f 4394/4394/4394 4393/4393/4393 4395/4395/4395
f 4394/4394/4394 4395/4395/4395 4396/4396/4396
f 4397/4397/4397 4398/4398/4398 4399/4399/4399
f 4400/4400/4400 4399/4399/4399 4398/4398/4398
f 4397/4397/4397 4399/4399/4399 4401/4401/4401
f 4397/4397/4397 4401/4401/4401 4402/4402/4402
f 4400/4400/4400 4398/4398/4398 4403/4403/4403
f 4403/4403/4403 4404/4404/4404 4400/4400/4400
f 4403/4403/4403 4405/4405/4405 4404/4404/4404
f 4397/4397/4397 4402/4402/4402 4406/4406/4406
f 4406/4406/4406 4402/4402/4402 4407/4407/4407
f 4406/4406/4406 4407/4407/4407 4408/4408/4408
f 4409/4409/4409 4408/4408/4408 4407/4407/4407
f 4409/4409/4409 4410/4410/4410 4408/4408/4408
f 4410/4410/4410 4409/4409/4409 4411/4411/4411
f 4410/4410/4410 4411/4411/4411 4412/4412/4412
f 4412/4412/4412 4411/4411/4411 4413/4413/4413
f 4412/4412/4412 4413/4413/4413 4414/4414/4414
f 4415/4415/4415 4414/4414/4414 4413/4413/4413
f 4415/4415/4415 4413/4413/4413 4416/4416/4416
f 4417/4417/4417 4415/4415/4415 4416/4416/4416
f 4417/4417/4417 4416/4416/4416 4418/4418/4418
f 4417/4417/4417 4418/4418/4418 4419/4419/4419
f 4417/4417/4417 4419/4419/4419 4420/4420/4420
f 4421/4421/4421 4422/4422/4422 4423/4423/4423
f 4421/4421/4421 4423/4423/4423 4424/4424/4424
f 4425/4425/4425 4426/4426/4426 4427/4427/4427
f 4425/4425/4425 4427/4427/4427 4428/4428/4428
f 4429/4429/4429 4427/4427/4427 4426/4426/4426
f 4429/4429/4429 4430/4430/4430 4427/4427/4427
f 4430/4430/4430 4429/4429/4429 4431/4431/4431
f 4430/4430/4430 4431/4431/4431 4432/4432/4432
f 4431/4431/4431 4433/4433/4433 4432/4432/4432
f 4431/4431/4431 4434/4434/4434 4433/4433/4433
f 4435/4435/4435 4436/4436/4436 4437/4437/4437
f 4435/4435/4435 4437/4437/4437 4438/4438/4438
f 4439/4439/4439 4440/4440/4440 4441/4441/4441
f 4440/4440/4440 4439/4439/4439 4442/4442/4442
f 4439/4439/4439 4441/4441/4441 4443/4443/4443
f 4440/4440/4440 4442/4442/4442 4444/4444/4444
f 4444/4444/4444 4442/4442/4442 4445/4445/4445
f 4444/4444/4444 4445/4445/4445 4446/4446/4446
f 4447/4447/4447 4448/4448/4448 4449/4449/4449
f 4448/4448/4448 4447/4447/4447 4450/4450/4450
f 4447/4447/4447 4449/4449/4449 4451/4451/4451
f 4452/4452/4452 4451/4451/4451 4449/4449/4449
f 4452/4452/4452 4453/4453/4453 4451/4451/4451
f 4453/4453/4453 4452/4452/4452 4454/4454/4454
f 4453/4453/4453 4454/4454/4454 4455/4455/4455
f 4448/4448/4448 4450/4450/4450 4456/4456/4456
f 4450/4450/4450 4457/4457/4457 4456/4456/4456
f 4450/4450/4450 4458/4458/4458 4457/4457/4457
f 4458/4458/4458 4459/4459/4459 4457/4457/4457
f 4458/4458/4458 4460/4460/4460 4459/4459/4459
f 4461/4461/4461 4459/4459/4459 4460/4460/4460
f 4461/4461/4461 4462/4462/4462 4459/4459/4459
f 4463/4463/4463 4464/4464/4464 4465/4465/4465
f 4464/4464/4464 4463/4463/4463 4466/4466/4466
f 4463/4463/4463 4465/4465/4465 4467/4467/4467
f 4467/4467/4467 4465/4465/4465 4468/4468/4468
f 4467/4467/4467 4468/4468/4468 4469/4469/4469
f 4468/4468/4468 4470/4470/4470 4469/4469/4469
f 4468/4468/4468 4471/4471/4471 4470/4470/4470
f 4464/4464/4464 4466/4466/4466 4472/4472/4472
f 4473/4473/4473 4474/4474/4474 4475/4475/4475
f 4476/4476/4476 4475/4475/4475 4474/4474/4474
f 4476/4476/4476 4477/4477/4477 4475/4475/4475
f 4478/4478/4478 4477/4477/4477 4476/4476/4476
f 4479/4479/4479 4477/4477/4477 4478/4478/4478
f 4479/4479/4479 4480/4480/4480 4477/4477/4477
f 4481/4481/4481 4480/4480/4480 4479/4479/4479
f 4480/4480/4480 4481/4481/4481 4482/4482/4482
f 4483/4483/4483 4482/4482/4482 4481/4481/4481
f 4484/4484/4484 4482/4482/4482 4483/4483/4483
f 4474/4474/4474 4473/4473/4473 4485/4485/4485
f 4474/4474/4474 4485/4485/4485 4486/4486/4486
f 4474/4474/4474 4486/4486/4486 4487/4487/4487
f 4486/4486/4486 4488/4488/4488 4487/4487/4487
f 4489/4489/4489 4487/4487/4487 4488/4488/4488
f 4490/4490/4490 4487/4487/4487 4489/4489/4489
f 4487/4487/4487 4490/4490/4490 4491/4491/4491
f 4487/4487/4487 4491/4491/4491 4492/4492/4492
f 4490/4490/4490 4489/4489/4489 4493/4493/4493
f 4494/4494/4494 4495/4495/4495 4496/4496/4496
f 4494/4494/4494 4496/4496/4496 4497/4497/4497
f 4494/4494/4494 4498/4498/4498 4495/4495/4495
f 4494/4494/4494 4499/4499/4499 4498/4498/4498
f 4500/4500/4500 4501/4501/4501 4502/4502/4502
f 4502/4502/4502 4501/4501/4501 4503/4503/4503
f 4500/4500/4500 4502/4502/4502 4504/4504/4504
f 4502/4502/4502 4503/4503/4503 4505/4505/4505
f 4506/4506/4506 4505/4505/4505 4503/4503/4503
f 4506/4506/4506 4507/4507/4507 4505/4505/4505
f 4507/4507/4507 4506/4506/4506 4508/4508/4508
f 4504/4504/4504 4509/4509/4509 4500/4500/4500
f 4504/4504/4504 4510/4510/4510 4509/4509/4509
f 4510/4510/4510 4511/4511/4511 4509/4509/4509
f 4510/4510/4510 4512/4512/4512 4511/4511/4511
f 4507/4507/4507 4508/4508/4508 4513/4513/4513
f 4512/4512/4512 4514/4514/4514 4511/4511/4511
f 4512/4512/4512 4515/4515/4515 4514/4514/4514
f 4515/4515/4515 4516/4516/4516 4514/4514/4514
f 4515/4515/4515 4517/4517/4517 4516/4516/4516
f 4518/4518/4518 4516/4516/4516 4517/4517/4517
f 4518/4518/4518 4519/4519/4519 4516/4516/4516
f 4520/4520/4520 4519/4519/4519 4518/4518/4518
f 4520/4520/4520 4521/4521/4521 4519/4519/4519
f 4520/4520/4520 4522/4522/4522 4521/4521/4521
f 4520/4520/4520 4523/4523/4523 4522/4522/4522
f 4524/4524/4524 4525/4525/4525 4526/4526/4526
f 4524/4524/4524 4526/4526/4526 4527/4527/4527
f 4527/4527/4527 4526/4526/4526 4528/4528/4528
f 4527/4527/4527 4528/4528/4528 4529/4529/4529
f 4530/4530/4530 4529/4529/4529 4528/4528/4528
f 4530/4530/4530 4531/4531/4531 4529/4529/4529
f 4531/4531/4531 4530/4530/4530 4532/4532/4532
f 4531/4531/4531 4532/4532/4532 4533/4533/4533
f 4533/4533/4533 4532/4532/4532 4534/4534/4534
f 4533/4533/4533 4534/4534/4534 4535/4535/4535
f 4536/4536/4536 4535/4535/4535 4534/4534/4534
f 4536/4536/4536 4534/4534/4534 4537/4537/4537
f 4538/4538/4538 4536/4536/4536 4537/4537/4537
f 4538/4538/4538 4537/4537/4537 4539/4539/4539
f 4538/4538/4538 4539/4539/4539 4540/4540/4540
f 4538/4538/4538 4540/4540/4540 4541/4541/4541
f 4542/4542/4542 4543/4543/4543 4544/4544/4544
f 4524/4524/4524 4544/4544/4544 4543/4543/4543
f 4542/4542/4542 4544/4544/4544 4545/4545/4545
f 4545/4545/4545 4546/4546/4546 4542/4542/4542
f 4545/4545/4545 4547/4547/4547 4546/4546/4546
f 4524/4524/4524 4543/4543/4543 4525/4525/4525
f 4548/4548/4548 4549/4549/4549 4550/4550/4550
f 4549/4549/4549 4548/4548/4548 4551/4551/4551
f 4551/4551/4551 4548/4548/4548 4552/4552/4552
f 4551/4551/4551 4552/4552/4552 4553/4553/4553
f 4553/4553/4553 4554/4554/4554 4551/4551/4551
f 4551/4551/4551 4554/4554/4554 4555/4555/4555
f 4554/4554/4554 4556/4556/4556 4555/4555/4555
f 4555/4555/4555 4556/4556/4556 4557/4557/4557
f 4557/4557/4557 4556/4556/4556 4558/4558/4558
f 4558/4558/4558 4556/4556/4556 4559/4559/4559
f 4558/4558/4558 4559/4559/4559 4560/4560/4560
f 4559/4559/4559 4561/4561/4561 4560/4560/4560
f 4560/4560/4560 4561/4561/4561 4562/4562/4562
f 4562/4562/4562 4561/4561/4561 4563/4563/4563
f 4550/4550/4550 4549/4549/4549 4564/4564/4564
f 4565/4565/4565 4564/4564/4564 4549/4549/4549
f 4566/4566/4566 4565/4565/4565 4549/4549/4549
f 4566/4566/4566 4549/4549/4549 4567/4567/4567
f 4568/4568/4568 4564/4564/4564 4565/4565/4565
f 4569/4569/4569 4570/4570/4570 4571/4571/4571
f 4569/4569/4569 4571/4571/4571 4572/4572/4572
f 4573/4573/4573 4574/4574/4574 4575/4575/4575
f 4573/4573/4573 4575/4575/4575 4576/4576/4576
f 4577/4577/4577 4578/4578/4578 4579/4579/4579
f 4577/4577/4577 4579/4579/4579 4580/4580/4580
f 4581/4581/4581 4582/4582/4582 4583/4583/4583
f 4581/4581/4581 4583/4583/4583 4584/4584/4584
f 4585/4585/4585 4586/4586/4586 4587/4587/4587
f 4585/4585/4585 4587/4587/4587 4588/4588/4588
f 4589/4589/4589 4590/4590/4590 4591/4591/4591
f 4589/4589/4589 4591/4591/4591 4592/4592/4592
f 4593/4593/4593 4594/4594/4594 4595/4595/4595
f 4593/4593/4593 4595/4595/4595 4596/4596/4596
f 4597/4597/4597 4598/4598/4598 4599/4599/4599
f 4597/4597/4597 4599/4599/4599 4600/4600/4600
f 4601/4601/4601 4602/4602/4602 4603/4603/4603
f 4604/4604/4604 4603/4603/4603 4602/4602/4602
f 4605/4605/4605 4603/4603/4603 4604/4604/4604
f 4606/4606/4606 4605/4605/4605 4604/4604/4604
f 4605/4605/4605 4606/4606/4606 4607/4607/4607
f 4602/4602/4602 4601/4601/4601 4608/4608/4608
f 4609/4609/4609 4610/4610/4610 4611/4611/4611
f 4612/4612/4612 4611/4611/4611 4610/4610/4610
f 4613/4613/4613 4611/4611/4611 4612/4612/4612
f 4614/4614/4614 4610/4610/4610 4609/4609/4609
f 4610/4610/4610 4614/4614/4614 4615/4615/4615
f 4615/4615/4615 4614/4614/4614 4616/4616/4616
f 4617/4617/4617 4618/4618/4618 4619/4619/4619
f 4617/4617/4617 4619/4619/4619 4620/4620/4620
f 4621/4621/4621 4622/4622/4622 4623/4623/4623
f 4621/4621/4621 4623/4623/4623 4624/4624/4624
f 4625/4625/4625 4626/4626/4626 4627/4627/4627
f 4625/4625/4625 4627/4627/4627 4628/4628/4628
f 4629/4629/4629 4630/4630/4630 4631/4631/4631
f 4629/4629/4629 4631/4631/4631 4632/4632/4632
f 4633/4633/4633 4634/4634/4634 4635/4635/4635
f 4633/4633/4633 4635/4635/4635 4636/4636/4636
f 4637/4637/4637 4638/4638/4638 4639/4639/4639
f 4637/4637/4637 4639/4639/4639 4640/4640/4640
f 4641/4641/4641 4642/4642/4642 4643/4643/4643
f 4643/4643/4643 4642/4642/4642 4644/4644/4644
f 4642/4642/4642 4645/4645/4645 4644/4644/4644
f 4644/4644/4644 4645/4645/4645 4646/4646/4646
f 4647/4647/4647 4646/4646/4646 4645/4645/4645
f 4648/4648/4648 4646/4646/4646 4647/4647/4647
f 4647/4647/4647 4645/4645/4645 4649/4649/4649
f 4650/4650/4650 4646/4646/4646 4648/4648/4648
f 4651/4651/4651 4646/4646/4646 4650/4650/4650
f 4642/4642/4642 4641/4641/4641 4652/4652/4652
f 4653/4653/4653 4641/4641/4641 4643/4643/4643
f 4641/4641/4641 4653/4653/4653 4654/4654/4654
f 4654/4654/4654 4653/4653/4653 4655/4655/4655
f 4656/4656/4656 4657/4657/4657 4658/4658/4658
f 4656/4656/4656 4658/4658/4658 4659/4659/4659
f 4660/4660/4660 4661/4661/4661 4662/4662/4662
f 4660/4660/4660 4662/4662/4662 4663/4663/4663
f 4664/4664/4664 4665/4665/4665 4666/4666/4666
f 4667/4667/4667 4666/4666/4666 4665/4665/4665
f 4667/4667/4667 4668/4668/4668 4666/4666/4666
f 4669/4669/4669 4668/4668/4668 4667/4667/4667
f 4665/4665/4665 4664/4664/4664 4670/4670/4670
f 4664/4664/4664 4671/4671/4671 4670/4670/4670
f 4670/4670/4670 4671/4671/4671 4672/4672/4672
f 4664/4664/4664 4666/4666/4666 4673/4673/4673
f 4668/4668/4668 4669/4669/4669 4674/4674/4674
f 4674/4674/4674 4669/4669/4669 4675/4675/4675
f 4675/4675/4675 4669/4669/4669 4676/4676/4676
f 4676/4676/4676 4669/4669/4669 4677/4677/4677
f 4668/4668/4668 4674/4674/4674 4678/4678/4678
f 4679/4679/4679 4680/4680/4680 4681/4681/4681
f 4679/4679/4679 4681/4681/4681 4682/4682/4682
f 4683/4683/4683 4684/4684/4684 4685/4685/4685
f 4683/4683/4683 4685/4685/4685 4686/4686/4686
f 4684/4684/4684 4687/4687/4687 4685/4685/4685
f 4684/4684/4684 4688/4688/4688 4687/4687/4687
f 4689/4689/4689 4690/4690/4690 4691/4691/4691
f 4689/4689/4689 4691/4691/4691 4692/4692/4692
f 4692/4692/4692 4691/4691/4691 4693/4693/4693
f 4692/4692/4692 4693/4693/4693 4694/4694/4694
f 4694/4694/4694 4693/4693/4693 4695/4695/4695
f 4694/4694/4694 4695/4695/4695 4696/4696/4696
f 4690/4690/4690 4689/4689/4689 4697/4697/4697
f 4697/4697/4697 4689/4689/4689 4698/4698/4698
f 4699/4699/4699 4700/4700/4700 4701/4701/4701
f 4699/4699/4699 4701/4701/4701 4702/4702/4702
f 4703/4703/4703 4704/4704/4704 4705/4705/4705
f 4703/4703/4703 4705/4705/4705 4706/4706/4706
f 4707/4707/4707 4708/4708/4708 4709/4709/4709
f 4707/4707/4707 4709/4709/4709 4710/4710/4710
f 4711/4711/4711 4712/4712/4712 4713/4713/4713
f 4711/4711/4711 4713/4713/4713 4714/4714/4714
f 4715/4715/4715 4716/4716/4716 4717/4717/4717
f 4715/4715/4715 4717/4717/4717 4718/4718/4718
f 4719/4719/4719 4720/4720/4720 4721/4721/4721
f 4719/4719/4719 4721/4721/4721 4722/4722/4722
f 4723/4723/4723 4724/4724/4724 4725/4725/4725
f 4723/4723/4723 4725/4725/4725 4726/4726/4726
f 4727/4727/4727 4728/4728/4728 4729/4729/4729
f 4727/4727/4727 4729/4729/4729 4730/4730/4730
f 4731/4731/4731 4732/4732/4732 4733/4733/4733
f 4731/4731/4731 4733/4733/4733 4734/4734/4734
f 4735/4735/4735 4736/4736/4736 4737/4737/4737
f 4735/4735/4735 4737/4737/4737 4738/4738/4738
f 4739/4739/4739 4740/4740/4740 4741/4741/4741
f 4739/4739/4739 4741/4741/4741 4742/4742/4742
f 4743/4743/4743 4744/4744/4744 4745/4745/4745
f 4743/4743/4743 4745/4745/4745 4746/4746/4746
f 4747/4747/4747 4748/4748/4748 4749/4749/4749
f 4749/4749/4749 4748/4748/4748 4750/4750/4750
f 4748/4748/4748 4751/4751/4751 4750/4750/4750
f 4750/4750/4750 4751/4751/4751 4752/4752/4752
f 4748/4748/4748 4747/4747/4747 4753/4753/4753
f 4753/4753/4753 4747/4747/4747 4754/4754/4754
f 4755/4755/4755 4756/4756/4756 4757/4757/4757
f 4755/4755/4755 4757/4757/4757 4758/4758/4758
f 4759/4759/4759 4760/4760/4760 4761/4761/4761
f 4759/4759/4759 4761/4761/4761 4762/4762/4762
f 4763/4763/4763 4764/4764/4764 4765/4765/4765
f 4766/4766/4766 4765/4765/4765 4764/4764/4764
f 4767/4767/4767 4765/4765/4765 4766/4766/4766
f 4768/4768/4768 4767/4767/4767 4766/4766/4766
f 4767/4767/4767 4768/4768/4768 4769/4769/4769
f 4764/4764/4764 4763/4763/4763 4770/4770/4770
f 4771/4771/4771 4772/4772/4772 4773/4773/4773
f 4771/4771/4771 4773/4773/4773 4774/4774/4774
f 4773/4773/4773 4775/4775/4775 4774/4774/4774
f 4773/4773/4773 4776/4776/4776 4775/4775/4775
f 4776/4776/4776 4777/4777/4777 4775/4775/4775
f 4776/4776/4776 4778/4778/4778 4777/4777/4777
f 4779/4779/4779 4777/4777/4777 4778/4778/4778
f 4779/4779/4779 4780/4780/4780 4777/4777/4777
f 4780/4780/4780 4779/4779/4779 4781/4781/4781
f 4780/4780/4780 4781/4781/4781 4782/4782/4782
f 4783/4783/4783 4782/4782/4782 4781/4781/4781
f 4783/4783/4783 4784/4784/4784 4782/4782/4782
f 4784/4784/4784 4783/4783/4783 4785/4785/4785
f 4784/4784/4784 4785/4785/4785 4786/4786/4786
f 4786/4786/4786 4785/4785/4785 4787/4787/4787
f 4786/4786/4786 4787/4787/4787 4788/4788/4788
f 4787/4787/4787 4789/4789/4789 4788/4788/4788
f 4787/4787/4787 4790/4790/4790 4789/4789/4789
f 4790/4790/4790 4791/4791/4791 4789/4789/4789
f 4790/4790/4790 4792/4792/4792 4791/4791/4791
f 4792/4792/4792 4793/4793/4793 4791/4791/4791
f 4792/4792/4792 4794/4794/4794 4793/4793/4793
f 4795/4795/4795 4796/4796/4796 4797/4797/4797
f 4795/4795/4795 4797/4797/4797 4798/4798/4798
f 4799/4799/4799 4798/4798/4798 4797/4797/4797
f 4800/4800/4800 4796/4796/4796 4795/4795/4795
f 4800/4800/4800 4801/4801/4801 4796/4796/4796
f 4802/4802/4802 4801/4801/4801 4800/4800/4800
f 4802/4802/4802 4803/4803/4803 4801/4801/4801
f 4799/4799/4799 4797/4797/4797 4804/4804/4804
f 4804/4804/4804 4805/4805/4805 4799/4799/4799
f 4804/4804/4804 4806/4806/4806 4805/4805/4805
f 4806/4806/4806 4807/4807/4807 4805/4805/4805
f 4806/4806/4806 4808/4808/4808 4807/4807/4807
f 4808/4808/4808 4809/4809/4809 4807/4807/4807
f 4808/4808/4808 4810/4810/4810 4809/4809/4809
f 4811/4811/4811 4809/4809/4809 4810/4810/4810
f 4811/4811/4811 4810/4810/4810 4812/4812/4812
f 4811/4811/4811 4812/4812/4812 4813/4813/4813
f 4811/4811/4811 4813/4813/4813 4814/4814/4814
f 4814/4814/4814 4813/4813/4813 4815/4815/4815
f 4814/4814/4814 4815/4815/4815 4816/4816/4816
f 4815/4815/4815 4817/4817/4817 4816/4816/4816
f 4815/4815/4815 4818/4818/4818 4817/4817/4817
f 4819/4819/4819 4820/4820/4820 4821/4821/4821
f 4819/4819/4819 4821/4821/4821 4822/4822/4822
f 4823/4823/4823 4824/4824/4824 4825/4825/4825
f 4823/4823/4823 4825/4825/4825 4826/4826/4826
f 4826/4826/4826 4827/4827/4827 4823/4823/4823
f 4826/4826/4826 4828/4828/4828 4827/4827/4827
f 4829/4829/4829 4827/4827/4827 4828/4828/4828
f 4829/4829/4829 4828/4828/4828 4830/4830/4830
f 4829/4829/4829 4830/4830/4830 4831/4831/4831
f 4829/4829/4829 4831/4831/4831 4832/4832/4832
f 4833/4833/4833 4825/4825/4825 4824/4824/4824
f 4833/4833/4833 4834/4834/4834 4825/4825/4825
f 4835/4835/4835 4834/4834/4834 4833/4833/4833
f 4835/4835/4835 4833/4833/4833 4836/4836/4836
f 4837/4837/4837 4835/4835/4835 4836/4836/4836
f 4837/4837/4837 4838/4838/4838 4835/4835/4835
f 4839/4839/4839 4840/4840/4840 4841/4841/4841
f 4841/4841/4841 4840/4840/4840 4842/4842/4842
f 4839/4839/4839 4841/4841/4841 4843/4843/4843
f 4841/4841/4841 4842/4842/4842 4844/4844/4844
f 4845/4845/4845 4844/4844/4844 4842/4842/4842
f 4845/4845/4845 4842/4842/4842 4846/4846/4846
f 4847/4847/4847 4848/4848/4848 4849/4849/4849
f 4850/4850/4850 4849/4849/4849 4848/4848/4848
f 4847/4847/4847 4849/4849/4849 4851/4851/4851
f 4850/4850/4850 4848/4848/4848 4852/4852/4852
f 4853/4853/4853 4850/4850/4850 4852/4852/4852
f 4853/4853/4853 4852/4852/4852 4854/4854/4854
f 4855/4855/4855 4853/4853/4853 4854/4854/4854
f 4855/4855/4855 4854/4854/4854 4856/4856/4856
f 4856/4856/4856 4857/4857/4857 4855/4855/4855
f 4856/4856/4856 4858/4858/4858 4857/4857/4857
f 4859/4859/4859 4860/4860/4860 4861/4861/4861
f 4862/4862/4862 4861/4861/4861 4860/4860/4860
f 4859/4859/4859 4861/4861/4861 4863/4863/4863
f 4864/4864/4864 4859/4859/4859 4863/4863/4863
f 4864/4864/4864 4863/4863/4863 4865/4865/4865
f 4866/4866/4866 4864/4864/4864 4865/4865/4865
f 4866/4866/4866 4865/4865/4865 4867/4867/4867
f 4862/4862/4862 4860/4860/4860 4868/4868/4868
f 4868/4868/4868 4869/4869/4869 4862/4862/4862
f 4868/4868/4868 4870/4870/4870 4869/4869/4869
f 4871/4871/4871 4869/4869/4869 4870/4870/4870
f 4871/4871/4871 4870/4870/4870 4872/4872/4872
f 4873/4873/4873 4874/4874/4874 4875/4875/4875
f 4874/4874/4874 4873/4873/4873 4876/4876/4876
f 4876/4876/4876 4873/4873/4873 4877/4877/4877
f 4876/4876/4876 4877/4877/4877 4878/4878/4878
f 4876/4876/4876 4878/4878/4878 4879/4879/4879
f 4876/4876/4876 4879/4879/4879 4880/4880/4880
f 4880/4880/4880 4879/4879/4879 4881/4881/4881
f 4880/4880/4880 4881/4881/4881 4882/4882/4882
f 4882/4882/4882 4881/4881/4881 4883/4883/4883
f 4881/4881/4881 4884/4884/4884 4883/4883/4883
f 4883/4883/4883 4884/4884/4884 4885/4885/4885
f 4885/4885/4885 4884/4884/4884 4886/4886/4886
f 4885/4885/4885 4886/4886/4886 4887/4887/4887
f 4887/4887/4887 4886/4886/4886 4888/4888/4888
f 4875/4875/4875 4874/4874/4874 4889/4889/4889
f 4890/4890/4890 4889/4889/4889 4874/4874/4874
f 4890/4890/4890 4874/4874/4874 4891/4891/4891
f 4891/4891/4891 4874/4874/4874 4892/4892/4892
f 4893/4893/4893 4889/4889/4889 4890/4890/4890
f 4894/4894/4894 4895/4895/4895 4896/4896/4896
f 4894/4894/4894 4896/4896/4896 4897/4897/4897
f 4896/4896/4896 4898/4898/4898 4897/4897/4897
f 4896/4896/4896 4899/4899/4899 4898/4898/4898
f 4899/4899/4899 4900/4900/4900 4898/4898/4898
f 4899/4899/4899 4901/4901/4901 4900/4900/4900
f 4902/4902/4902 4895/4895/4895 4894/4894/4894
f 4902/4902/4902 4903/4903/4903 4895/4895/4895
f 4903/4903/4903 4902/4902/4902 4904/4904/4904
f 4903/4903/4903 4904/4904/4904 4905/4905/4905
f 4901/4901/4901 4906/4906/4906 4900/4900/4900
f 4901/4901/4901 4907/4907/4907 4906/4906/4906
f 4908/4908/4908 4905/4905/4905 4904/4904/4904
f 4908/4908/4908 4909/4909/4909 4905/4905/4905
f 4909/4909/4909 4908/4908/4908 4910/4910/4910
f 4909/4909/4909 4910/4910/4910 4911/4911/4911
f 4912/4912/4912 4911/4911/4911 4910/4910/4910
f 4912/4912/4912 4910/4910/4910 4913/4913/4913
f 4914/4914/4914 4912/4912/4912 4913/4913/4913
f 4914/4914/4914 4913/4913/4913 4915/4915/4915
f 4916/4916/4916 4914/4914/4914 4915/4915/4915
f 4916/4916/4916 4917/4917/4917 4914/4914/4914
f 4918/4918/4918 4919/4919/4919 4920/4920/4920
f 4918/4918/4918 4920/4920/4920 4921/4921/4921
f 4921/4921/4921 4922/4922/4922 4918/4918/4918
f 4921/4921/4921 4923/4923/4923 4922/4922/4922
f 4923/4923/4923 4924/4924/4924 4922/4922/4922
f 4923/4923/4923 4925/4925/4925 4924/4924/4924
f 4925/4925/4925 4926/4926/4926 4924/4924/4924
f 4925/4925/4925 4927/4927/4927 4926/4926/4926
f 4928/4928/4928 4926/4926/4926 4927/4927/4927
f 4928/4928/4928 4927/4927/4927 4929/4929/4929
f 4928/4928/4928 4929/4929/4929 4930/4930/4930
f 4928/4928/4928 4930/4930/4930 4931/4931/4931
f 4931/4931/4931 4930/4930/4930 4932/4932/4932
f 4931/4931/4931 4932/4932/4932 4933/4933/4933
f 4932/4932/4932 4934/4934/4934 4933/4933/4933
f 4932/4932/4932 4935/4935/4935 4934/4934/4934
f 4936/4936/4936 4937/4937/4937 4920/4920/4920
f 4938/4938/4938 4937/4937/4937 4936/4936/4936
f 4938/4938/4938 4939/4939/4939 4937/4937/4937
f 4940/4940/4940 4939/4939/4939 4938/4938/4938
f 4940/4940/4940 4941/4941/4941 4939/4939/4939
f 4936/4936/4936 4920/4920/4920 4919/4919/4919
f 4942/4942/4942 4943/4943/4943 4944/4944/4944
f 4945/4945/4945 4944/4944/4944 4943/4943/4943
f 4946/4946/4946 4945/4945/4945 4943/4943/4943
f 4947/4947/4947 4945/4945/4945 4946/4946/4946
f 4948/4948/4948 4947/4947/4947 4946/4946/4946
f 4949/4949/4949 4947/4947/4947 4948/4948/4948
f 4950/4950/4950 4947/4947/4947 4949/4949/4949
f 4951/4951/4951 4950/4950/4950 4949/4949/4949
f 4951/4951/4951 4952/4952/4952 4950/4950/4950
f 4953/4953/4953 4952/4952/4952 4951/4951/4951
f 4952/4952/4952 4953/4953/4953 4954/4954/4954
f 4955/4955/4955 4943/4943/4943 4942/4942/4942
f 4943/4943/4943 4955/4955/4955 4956/4956/4956
f 4956/4956/4956 4955/4955/4955 4957/4957/4957
f 4956/4956/4956 4957/4957/4957 4958/4958/4958
f 4956/4956/4956 4958/4958/4958 4959/4959/4959
f 4960/4960/4960 4956/4956/4956 4959/4959/4959
f 4956/4956/4956 4960/4960/4960 4961/4961/4961
f 4959/4959/4959 4958/4958/4958 4962/4962/4962
f 4963/4963/4963 4964/4964/4964 4965/4965/4965
f 4963/4963/4963 4965/4965/4965 4966/4966/4966
f 4967/4967/4967 4963/4963/4963 4966/4966/4966
f 4968/4968/4968 4965/4965/4965 4964/4964/4964
f 4968/4968/4968 4969/4969/4969 4965/4965/4965
f 4970/4970/4970 4969/4969/4969 4968/4968/4968
f 4970/4970/4970 4971/4971/4971 4969/4969/4969
f 4970/4970/4970 4972/4972/4972 4971/4971/4971
f 4970/4970/4970 4973/4973/4973 4972/4972/4972
f 4974/4974/4974 4972/4972/4972 4973/4973/4973
f 4974/4974/4974 4975/4975/4975 4972/4972/4972
f 4976/4976/4976 4975/4975/4975 4974/4974/4974
f 4976/4976/4976 4967/4967/4967 4977/4977/4977
f 4967/4967/4967 4966/4966/4966 4977/4977/4977
f 4976/4976/4976 4978/4978/4978 4975/4975/4975
f 4976/4976/4976 4977/4977/4977 4978/4978/4978
f 4979/4979/4979 4980/4980/4980 4981/4981/4981
f 4982/4982/4982 4980/4980/4980 4979/4979/4979
f 4980/4980/4980 4982/4982/4982 4983/4983/4983
f 4984/4984/4984 4985/4985/4985 4986/4986/4986
f 4985/4985/4985 4984/4984/4984 4987/4987/4987
f 4984/4984/4984 4986/4986/4986 4988/4988/4988
f 4989/4989/4989 4990/4990/4990 4991/4991/4991
f 4989/4989/4989 4991/4991/4991 4992/4992/4992
f 4993/4993/4993 4994/4994/4994 4995/4995/4995
f 4993/4993/4993 4995/4995/4995 4996/4996/4996
f 4997/4997/4997 4998/4998/4998 4999/4999/4999
f 4997/4997/4997 4999/4999/4999 5000/5000/5000
f 5001/5001/5001 5002/5002/5002 5003/5003/5003
f 5001/5001/5001 5003/5003/5003 5004/5004/5004
f 5005/5005/5005 5006/5006/5006 5007/5007/5007
f 5005/5005/5005 5007/5007/5007 5008/5008/5008
f 5009/5009/5009 5010/5010/5010 5011/5011/5011
f 5009/5009/5009 5011/5011/5011 5012/5012/5012
f 5013/5013/5013 5014/5014/5014 5015/5015/5015
f 5016/5016/5016 5015/5015/5015 5014/5014/5014
f 5017/5017/5017 5015/5015/5015 5016/5016/5016
f 5018/5018/5018 5015/5015/5015 5017/5017/5017
f 5014/5014/5014 5013/5013/5013 5019/5019/5019
f 5019/5019/5019 5013/5013/5013 5020/5020/5020
f 5021/5021/5021 5022/5022/5022 5023/5023/5023
f 5021/5021/5021 5023/5023/5023 5024/5024/5024
f 5025/5025/5025 5026/5026/5026 5027/5027/5027
f 5025/5025/5025 5027/5027/5027 5028/5028/5028
f 5029/5029/5029 5030/5030/5030 5031/5031/5031
f 5029/5029/5029 5031/5031/5031 5032/5032/5032
f 5033/5033/5033 5034/5034/5034 5035/5035/5035
f 5033/5033/5033 5035/5035/5035 5036/5036/5036
f 5037/5037/5037 5038/5038/5038 5039/5039/5039
f 5037/5037/5037 5039/5039/5039 5040/5040/5040
f 5040/5040/5040 5039/5039/5039 5041/5041/5041
f 5040/5040/5040 5041/5041/5041 5042/5042/5042
f 5043/5043/5043 5044/5044/5044 5045/5045/5045
f 5043/5043/5043 5045/5045/5045 5046/5046/5046
f 5047/5047/5047 5048/5048/5048 5049/5049/5049
f 5049/5049/5049 5048/5048/5048 5050/5050/5050
f 5051/5051/5051 5048/5048/5048 5047/5047/5047
f 5048/5048/5048 5051/5051/5051 5052/5052/5052
f 5051/5051/5051 5053/5053/5053 5052/5052/5052
f 5052/5052/5052 5053/5053/5053 5054/5054/5054
f 5055/5055/5055 5056/5056/5056 5057/5057/5057
f 5055/5055/5055 5057/5057/5057 5058/5058/5058
f 5059/5059/5059 5060/5060/5060 5061/5061/5061
f 5059/5059/5059 5061/5061/5061 5062/5062/5062
f 5063/5063/5063 5064/5064/5064 5065/5065/5065
f 5063/5063/5063 5065/5065/5065 5066/5066/5066
f 5067/5067/5067 5068/5068/5068 5069/5069/5069
f 5067/5067/5067 5069/5069/5069 5070/5070/5070
f 5071/5071/5071 5072/5072/5072 5073/5073/5073
f 5071/5071/5071 5073/5073/5073 5074/5074/5074
f 5075/5075/5075 5076/5076/5076 5077/5077/5077
f 5075/5075/5075 5077/5077/5077 5078/5078/5078
f 5079/5079/5079 5080/5080/5080 5081/5081/5081
f 5079/5079/5079 5081/5081/5081 5082/5082/5082
f 5083/5083/5083 5084/5084/5084 5085/5085/5085
f 5083/5083/5083 5085/5085/5085 5086/5086/5086
f 5087/5087/5087 5088/5088/5088 5089/5089/5089
f 5087/5087/5087 5089/5089/5089 5090/5090/5090
f 5091/5091/5091 5092/5092/5092 5093/5093/5093
f 5091/5091/5091 5093/5093/5093 5094/5094/5094
f 5095/5095/5095 5096/5096/5096 5097/5097/5097
f 5095/5095/5095 5097/5097/5097 5098/5098/5098
f 5099/5099/5099 5100/5100/5100 5101/5101/5101
f 5099/5099/5099 5101/5101/5101 5102/5102/5102
f 5103/5103/5103 5104/5104/5104 5105/5105/5105
f 5103/5103/5103 5105/5105/5105 5106/5106/5106
f 5107/5107/5107 5108/5108/5108 5109/5109/5109
f 5107/5107/5107 5109/5109/5109 5110/5110/5110
f 5111/5111/5111 5112/5112/5112 5113/5113/5113
f 5111/5111/5111 5113/5113/5113 5114/5114/5114
f 5115/5115/5115 5116/5116/5116 5117/5117/5117
f 5115/5115/5115 5117/5117/5117 5118/5118/5118
f 5119/5119/5119 5120/5120/5120 5121/5121/5121
f 5119/5119/5119 5121/5121/5121 5122/5122/5122
f 5123/5123/5123 5124/5124/5124 5125/5125/5125
f 5123/5123/5123 5125/5125/5125 5126/5126/5126
f 5127/5127/5127 5128/5128/5128 5129/5129/5129
f 5127/5127/5127 5129/5129/5129 5130/5130/5130
f 5131/5131/5131 5132/5132/5132 5133/5133/5133
f 5131/5131/5131 5133/5133/5133 5134/5134/5134
f 5135/5135/5135 5136/5136/5136 5137/5137/5137
f 5135/5135/5135 5137/5137/5137 5138/5138/5138
f 5139/5139/5139 5140/5140/5140 5141/5141/5141
f 5139/5139/5139 5141/5141/5141 5142/5142/5142
f 5143/5143/5143 5144/5144/5144 5145/5145/5145
f 5143/5143/5143 5145/5145/5145 5146/5146/5146
f 5147/5147/5147 5148/5148/5148 5149/5149/5149
f 5147/5147/5147 5149/5149/5149 5150/5150/5150
f 5151/5151/5151 5152/5152/5152 5153/5153/5153
f 5151/5151/5151 5153/5153/5153 5154/5154/5154
f 5155/5155/5155 5156/5156/5156 5157/5157/5157
f 5155/5155/5155 5157/5157/5157 5158/5158/5158
f 5159/5159/5159 5160/5160/5160 5161/5161/5161
f 5159/5159/5159 5161/5161/5161 5162/5162/5162
f 5163/5163/5163 5164/5164/5164 5165/5165/5165
f 5163/5163/5163 5165/5165/5165 5166/5166/5166
f 5167/5167/5167 5168/5168/5168 5169/5169/5169
f 5167/5167/5167 5169/5169/5169 5170/5170/5170
f 5171/5171/5171 5172/5172/5172 5173/5173/5173
f 5171/5171/5171 5173/5173/5173 5174/5174/5174
f 5175/5175/5175 5176/5176/5176 5177/5177/5177
f 5176/5176/5176 5175/5175/5175 5178/5178/5178
f 5175/5175/5175 5179/5179/5179 5178/5178/5178
f 5178/5178/5178 5179/5179/5179 5180/5180/5180
f 5175/5175/5175 5177/5177/5177 5181/5181/5181
f 5177/5177/5177 5182/5182/5182 5181/5181/5181
f 5181/5181/5181 5182/5182/5182 5183/5183/5183
f 5183/5183/5183 5182/5182/5182 5184/5184/5184
f 5177/5177/5177 5176/5176/5176 5185/5185/5185
f 5185/5185/5185 5176/5176/5176 5186/5186/5186
f 5186/5186/5186 5176/5176/5176 5187/5187/5187
f 5187/5187/5187 5176/5176/5176 5188/5188/5188
f 5185/5185/5185 5189/5189/5189 5177/5177/5177
f 5177/5177/5177 5189/5189/5189 5190/5190/5190
f 5191/5191/5191 5192/5192/5192 5193/5193/5193
f 5191/5191/5191 5193/5193/5193 5194/5194/5194
f 5195/5195/5195 5193/5193/5193 5192/5192/5192
f 5195/5195/5195 5196/5196/5196 5193/5193/5193
f 5197/5197/5197 5198/5198/5198 5199/5199/5199
f 5197/5197/5197 5199/5199/5199 5200/5200/5200
f 5197/5197/5197 5200/5200/5200 5201/5201/5201
f 5197/5197/5197 5201/5201/5201 5202/5202/5202
f 5202/5202/5202 5201/5201/5201 5203/5203/5203
f 5202/5202/5202 5203/5203/5203 5204/5204/5204
f 5198/5198/5198 5205/5205/5205 5199/5199/5199
f 5198/5198/5198 5206/5206/5206 5205/5205/5205
f 5205/5205/5205 5206/5206/5206 5207/5207/5207
f 5205/5205/5205 5207/5207/5207 5208/5208/5208
f 5209/5209/5209 5210/5210/5210 5211/5211/5211
f 5209/5209/5209 5211/5211/5211 5212/5212/5212
f 5213/5213/5213 5210/5210/5210 5209/5209/5209
f 5213/5213/5213 5214/5214/5214 5210/5210/5210
f 5215/5215/5215 5216/5216/5216 5217/5217/5217
f 5216/5216/5216 5215/5215/5215 5218/5218/5218
f 5215/5215/5215 5219/5219/5219 5218/5218/5218
f 5218/5218/5218 5219/5219/5219 5220/5220/5220
f 5215/5215/5215 5217/5217/5217 5221/5221/5221
f 5217/5217/5217 5222/5222/5222 5221/5221/5221
f 5221/5221/5221 5222/5222/5222 5223/5223/5223
f 5223/5223/5223 5222/5222/5222 5224/5224/5224
f 5217/5217/5217 5216/5216/5216 5225/5225/5225
f 5225/5225/5225 5216/5216/5216 5226/5226/5226
f 5226/5226/5226 5216/5216/5216 5227/5227/5227
f 5227/5227/5227 5216/5216/5216 5228/5228/5228
f 5225/5225/5225 5229/5229/5229 5217/5217/5217
f 5217/5217/5217 5229/5229/5229 5230/5230/5230
f 5231/5231/5231 5232/5232/5232 5233/5233/5233
f 5234/5234/5234 5232/5232/5232 5231/5231/5231
f 5231/5231/5231 5233/5233/5233 5235/5235/5235
f 5234/5234/5234 5231/5231/5231 5236/5236/5236
f 5234/5234/5234 5236/5236/5236 5237/5237/5237
f 5234/5234/5234 5237/5237/5237 5238/5238/5238
f 5238/5238/5238 5237/5237/5237 5239/5239/5239
f 5238/5238/5238 5239/5239/5239 5240/5240/5240
f 5241/5241/5241 5242/5242/5242 5243/5243/5243
f 5241/5241/5241 5243/5243/5243 5244/5244/5244
f 5245/5245/5245 5246/5246/5246 5247/5247/5247
f 5245/5245/5245 5247/5247/5247 5248/5248/5248
f 5249/5249/5249 5250/5250/5250 5251/5251/5251
f 5249/5249/5249 5251/5251/5251 5252/5252/5252
f 5253/5253/5253 5254/5254/5254 5255/5255/5255
f 5255/5255/5255 5254/5254/5254 5256/5256/5256
f 5257/5257/5257 5258/5258/5258 5259/5259/5259
f 5259/5259/5259 5258/5258/5258 5260/5260/5260
f 5261/5261/5261 5262/5262/5262 5263/5263/5263
f 5263/5263/5263 5262/5262/5262 5264/5264/5264
f 5265/5265/5265 5266/5266/5266 5267/5267/5267
f 5267/5267/5267 5266/5266/5266 5268/5268/5268
f 2149/2149/2149 2156/2156/2156 5269/5269/5269
f 2238/2238/2238 2247/2247/2247 5270/5270/5270
f 5271/5271/5271 5272/5272/5272 5273/5273/5273
f 5274/5274/5274 5275/5275/5275 5276/5276/5276
f 5276/5276/5276 5275/5275/5275 5277/5277/5277
f 5274/5274/5274 5276/5276/5276 5278/5278/5278
f 5276/5276/5276 5277/5277/5277 5279/5279/5279
f 5280/5280/5280 5281/5281/5281 5282/5282/5282
f 5280/5280/5280 5282/5282/5282 5283/5283/5283
f 5280/5280/5280 5284/5284/5284 5281/5281/5281
f 5280/5280/5280 5285/5285/5285 5284/5284/5284
f 5286/5286/5286 5287/5287/5287 5288/5288/5288
f 5286/5286/5286 5288/5288/5288 5289/5289/5289
f 5290/5290/5290 5291/5291/5291 5292/5292/5292
f 5290/5290/5290 5292/5292/5292 5293/5293/5293
f 5290/5290/5290 5293/5293/5293 5294/5294/5294
f 5290/5290/5290 5294/5294/5294 5295/5295/5295
f 5296/5296/5296 5297/5297/5297 5298/5298/5298
f 5296/5296/5296 5298/5298/5298 5299/5299/5299
f 5296/5296/5296 5300/5300/5300 5297/5297/5297
f 5296/5296/5296 5301/5301/5301 5300/5300/5300
f 5302/5302/5302 5303/5303/5303 5304/5304/5304
f 5302/5302/5302 5304/5304/5304 5305/5305/5305
f 5306/5306/5306 5307/5307/5307 5308/5308/5308
f 5306/5306/5306 5308/5308/5308 5309/5309/5309
f 5306/5306/5306 5309/5309/5309 5310/5310/5310
f 5306/5306/5306 5310/5310/5310 5311/5311/5311
f 5311/5311/5311 5310/5310/5310 5312/5312/5312
f 5311/5311/5311 5312/5312/5312 5313/5313/5313
f 5314/5314/5314 5313/5313/5313 5312/5312/5312
f 5314/5314/5314 5312/5312/5312 5315/5315/5315
f 5316/5316/5316 5314/5314/5314 5315/5315/5315
f 5316/5316/5316 5315/5315/5315 5317/5317/5317
f 5318/5318/5318 5316/5316/5316 5317/5317/5317
f 5318/5318/5318 5317/5317/5317 5319/5319/5319
f 5320/5320/5320 5318/5318/5318 5319/5319/5319
f 5320/5320/5320 5319/5319/5319 5321/5321/5321
f 5321/5321/5321 5322/5322/5322 5320/5320/5320
f 5321/5321/5321 5323/5323/5323 5322/5322/5322
f 5322/5322/5322 5323/5323/5323 5324/5324/5324
f 5322/5322/5322 5324/5324/5324 5325/5325/5325
f 5326/5326/5326 5325/5325/5325 5324/5324/5324
f 5326/5326/5326 5327/5327/5327 5325/5325/5325
f 5327/5327/5327 5326/5326/5326 5328/5328/5328
f 5327/5327/5327 5328/5328/5328 5329/5329/5329
f 5330/5330/5330 5331/5331/5331 5332/5332/5332
f 5333/5333/5333 5332/5332/5332 5331/5331/5331
f 5330/5330/5330 5332/5332/5332 5334/5334/5334
f 5330/5330/5330 5334/5334/5334 5335/5335/5335
f 5333/5333/5333 5331/5331/5331 5336/5336/5336
f 5336/5336/5336 5337/5337/5337 5333/5333/5333
f 5336/5336/5336 5338/5338/5338 5337/5337/5337
f 5330/5330/5330 5335/5335/5335 5339/5339/5339
f 5339/5339/5339 5335/5335/5335 5340/5340/5340
f 5339/5339/5339 5340/5340/5340 5341/5341/5341
f 5342/5342/5342 5341/5341/5341 5340/5340/5340
f 5342/5342/5342 5343/5343/5343 5341/5341/5341
f 5343/5343/5343 5342/5342/5342 5344/5344/5344
f 5343/5343/5343 5344/5344/5344 5345/5345/5345
f 5345/5345/5345 5344/5344/5344 5346/5346/5346
f 5345/5345/5345 5346/5346/5346 5347/5347/5347
f 5348/5348/5348 5347/5347/5347 5346/5346/5346
f 5348/5348/5348 5346/5346/5346 5349/5349/5349
f 5350/5350/5350 5348/5348/5348 5349/5349/5349
f 5350/5350/5350 5349/5349/5349 5351/5351/5351
f 5350/5350/5350 5351/5351/5351 5352/5352/5352
f 5350/5350/5350 5352/5352/5352 5353/5353/5353
f 5354/5354/5354 5355/5355/5355 5356/5356/5356
f 5354/5354/5354 5356/5356/5356 5357/5357/5357
f 5358/5358/5358 5359/5359/5359 5360/5360/5360
f 5358/5358/5358 5360/5360/5360 5361/5361/5361
f 5362/5362/5362 5360/5360/5360 5359/5359/5359
f 5362/5362/5362 5363/5363/5363 5360/5360/5360
f 5363/5363/5363 5362/5362/5362 5364/5364/5364
f 5363/5363/5363 5364/5364/5364 5365/5365/5365
f 5364/5364/5364 5366/5366/5366 5365/5365/5365
f 5364/5364/5364 5367/5367/5367 5366/5366/5366
f 5368/5368/5368 5369/5369/5369 5370/5370/5370
f 5368/5368/5368 5370/5370/5370 5371/5371/5371
f 5372/5372/5372 5373/5373/5373 5374/5374/5374
f 5373/5373/5373 5372/5372/5372 5375/5375/5375
f 5372/5372/5372 5374/5374/5374 5376/5376/5376
f 5373/5373/5373 5375/5375/5375 5377/5377/5377
f 5377/5377/5377 5375/5375/5375 5378/5378/5378
f 5377/5377/5377 5378/5378/5378 5379/5379/5379
f 5380/5380/5380 5381/5381/5381 5382/5382/5382
f 5381/5381/5381 5380/5380/5380 5383/5383/5383
f 5380/5380/5380 5382/5382/5382 5384/5384/5384
f 5385/5385/5385 5384/5384/5384 5382/5382/5382
f 5385/5385/5385 5386/5386/5386 5384/5384/5384
f 5386/5386/5386 5385/5385/5385 5387/5387/5387
f 5386/5386/5386 5387/5387/5387 5388/5388/5388
f 5381/5381/5381 5383/5383/5383 5389/5389/5389
f 5383/5383/5383 5390/5390/5390 5389/5389/5389
f 5383/5383/5383 5391/5391/5391 5390/5390/5390
f 5391/5391/5391 5392/5392/5392 5390/5390/5390
f 5391/5391/5391 5393/5393/5393 5392/5392/5392
f 5394/5394/5394 5392/5392/5392 5393/5393/5393
f 5394/5394/5394 5395/5395/5395 5392/5392/5392
f 5396/5396/5396 5397/5397/5397 5398/5398/5398
f 5397/5397/5397 5396/5396/5396 5399/5399/5399
f 5396/5396/5396 5398/5398/5398 5400/5400/5400
f 5400/5400/5400 5398/5398/5398 5401/5401/5401
f 5400/5400/5400 5401/5401/5401 5402/5402/5402
f 5401/5401/5401 5403/5403/5403 5402/5402/5402
f 5401/5401/5401 5404/5404/5404 5403/5403/5403
f 5397/5397/5397 5399/5399/5399 5405/5405/5405
f 5406/5406/5406 5407/5407/5407 5408/5408/5408
f 5409/5409/5409 5408/5408/5408 5407/5407/5407
f 5409/5409/5409 5410/5410/5410 5408/5408/5408
f 5411/5411/5411 5410/5410/5410 5409/5409/5409
f 5412/5412/5412 5410/5410/5410 5411/5411/5411
f 5412/5412/5412 5413/5413/5413 5410/5410/5410
f 5414/5414/5414 5413/5413/5413 5412/5412/5412
f 5413/5413/5413 5414/5414/5414 5415/5415/5415
f 5416/5416/5416 5415/5415/5415 5414/5414/5414
f 5417/5417/5417 5415/5415/5415 5416/5416/5416
f 5407/5407/5407 5406/5406/5406 5418/5418/5418
f 5407/5407/5407 5418/5418/5418 5419/5419/5419
f 5407/5407/5407 5419/5419/5419 5420/5420/5420
f 5419/5419/5419 5421/5421/5421 5420/5420/5420
f 5422/5422/5422 5420/5420/5420 5421/5421/5421
f 5423/5423/5423 5420/5420/5420 5422/5422/5422
f 5420/5420/5420 5423/5423/5423 5424/5424/5424
f 5420/5420/5420 5424/5424/5424 5425/5425/5425
f 5423/5423/5423 5422/5422/5422 5426/5426/5426
f 5427/5427/5427 5428/5428/5428 5429/5429/5429
f 5427/5427/5427 5429/5429/5429 5430/5430/5430
f 5427/5427/5427 5431/5431/5431 5428/5428/5428
f 5427/5427/5427 5432/5432/5432 5431/5431/5431
f 5433/5433/5433 5434/5434/5434 5435/5435/5435
f 5435/5435/5435 5434/5434/5434 5436/5436/5436
f 5433/5433/5433 5435/5435/5435 5437/5437/5437
f 5435/5435/5435 5436/5436/5436 5438/5438/5438
f 5439/5439/5439 5438/5438/5438 5436/5436/5436
f 5439/5439/5439 5440/5440/5440 5438/5438/5438
f 5440/5440/5440 5439/5439/5439 5441/5441/5441
f 5437/5437/5437 5442/5442/5442 5433/5433/5433
f 5437/5437/5437 5443/5443/5443 5442/5442/5442
f 5443/5443/5443 5444/5444/5444 5442/5442/5442
f 5443/5443/5443 5445/5445/5445 5444/5444/5444
f 5440/5440/5440 5441/5441/5441 5446/5446/5446
f 5445/5445/5445 5447/5447/5447 5444/5444/5444
f 5445/5445/5445 5448/5448/5448 5447/5447/5447
f 5448/5448/5448 5449/5449/5449 5447/5447/5447
f 5448/5448/5448 5450/5450/5450 5449/5449/5449
f 5451/5451/5451 5449/5449/5449 5450/5450/5450
f 5451/5451/5451 5452/5452/5452 5449/5449/5449
f 5453/5453/5453 5452/5452/5452 5451/5451/5451
f 5453/5453/5453 5454/5454/5454 5452/5452/5452
f 5453/5453/5453 5455/5455/5455 5454/5454/5454
f 5453/5453/5453 5456/5456/5456 5455/5455/5455
f 5457/5457/5457 5458/5458/5458 5459/5459/5459
f 5457/5457/5457 5459/5459/5459 5460/5460/5460
f 5460/5460/5460 5459/5459/5459 5461/5461/5461
f 5460/5460/5460 5461/5461/5461 5462/5462/5462
f 5463/5463/5463 5462/5462/5462 5461/5461/5461
f 5463/5463/5463 5464/5464/5464 5462/5462/5462
f 5464/5464/5464 5463/5463/5463 5465/5465/5465
f 5464/5464/5464 5465/5465/5465 5466/5466/5466
f 5466/5466/5466 5465/5465/5465 5467/5467/5467
f 5466/5466/5466 5467/5467/5467 5468/5468/5468
f 5469/5469/5469 5468/5468/5468 5467/5467/5467
f 5469/5469/5469 5467/5467/5467 5470/5470/5470
f 5471/5471/5471 5469/5469/5469 5470/5470/5470
f 5471/5471/5471 5470/5470/5470 5472/5472/5472
f 5471/5471/5471 5472/5472/5472 5473/5473/5473
f 5471/5471/5471 5473/5473/5473 5474/5474/5474
f 5475/5475/5475 5476/5476/5476 5477/5477/5477
f 5457/5457/5457 5477/5477/5477 5476/5476/5476
f 5475/5475/5475 5477/5477/5477 5478/5478/5478
f 5478/5478/5478 5479/5479/5479 5475/5475/5475
f 5478/5478/5478 5480/5480/5480 5479/5479/5479
f 5457/5457/5457 5476/5476/5476 5458/5458/5458
f 5481/5481/5481 5482/5482/5482 5483/5483/5483
f 5482/5482/5482 5481/5481/5481 5484/5484/5484
f 5484/5484/5484 5481/5481/5481 5485/5485/5485
f 5484/5484/5484 5485/5485/5485 5486/5486/5486
f 5486/5486/5486 5487/5487/5487 5484/5484/5484
f 5484/5484/5484 5487/5487/5487 5488/5488/5488
f 5487/5487/5487 5489/5489/5489 5488/5488/5488
f 5488/5488/5488 5489/5489/5489 5490/5490/5490
f 5490/5490/5490 5489/5489/5489 5491/5491/5491
f 5491/5491/5491 5489/5489/5489 5492/5492/5492
f 5491/5491/5491 5492/5492/5492 5493/5493/5493
f 5492/5492/5492 5494/5494/5494 5493/5493/5493
f 5493/5493/5493 5494/5494/5494 5495/5495/5495
f 5495/5495/5495 5494/5494/5494 5496/5496/5496
f 5483/5483/5483 5482/5482/5482 5497/5497/5497
f 5498/5498/5498 5497/5497/5497 5482/5482/5482
f 5499/5499/5499 5498/5498/5498 5482/5482/5482
f 5499/5499/5499 5482/5482/5482 5500/5500/5500
f 5501/5501/5501 5497/5497/5497 5498/5498/5498
f 5502/5502/5502 5503/5503/5503 5504/5504/5504
f 5502/5502/5502 5504/5504/5504 5505/5505/5505
f 5504/5504/5504 5506/5506/5506 5505/5505/5505
f 5504/5504/5504 5507/5507/5507 5506/5506/5506
f 5507/5507/5507 5508/5508/5508 5506/5506/5506
f 5507/5507/5507 5509/5509/5509 5508/5508/5508
f 5510/5510/5510 5508/5508/5508 5509/5509/5509
f 5510/5510/5510 5511/5511/5511 5508/5508/5508
f 5511/5511/5511 5510/5510/5510 5512/5512/5512
f 5511/5511/5511 5512/5512/5512 5513/5513/5513
f 5514/5514/5514 5513/5513/5513 5512/5512/5512
f 5514/5514/5514 5515/5515/5515 5513/5513/5513
f 5515/5515/5515 5514/5514/5514 5516/5516/5516
f 5515/5515/5515 5516/5516/5516 5517/5517/5517
f 5517/5517/5517 5516/5516/5516 5518/5518/5518
f 5517/5517/5517 5518/5518/5518 5519/5519/5519
f 5518/5518/5518 5520/5520/5520 5519/5519/5519
f 5518/5518/5518 5521/5521/5521 5520/5520/5520
f 5521/5521/5521 5522/5522/5522 5520/5520/5520
f 5521/5521/5521 5523/5523/5523 5522/5522/5522
f 5523/5523/5523 5524/5524/5524 5522/5522/5522
f 5523/5523/5523 5525/5525/5525 5524/5524/5524
f 5526/5526/5526 5527/5527/5527 5528/5528/5528
f 5526/5526/5526 5528/5528/5528 5529/5529/5529
f 5530/5530/5530 5529/5529/5529 5528/5528/5528
f 5531/5531/5531 5527/5527/5527 5526/5526/5526
f 5531/5531/5531 5532/5532/5532 5527/5527/5527
f 5533/5533/5533 5532/5532/5532 5531/5531/5531
f 5533/5533/5533 5534/5534/5534 5532/5532/5532
f 5530/5530/5530 5528/5528/5528 5535/5535/5535
f 5535/5535/5535 5536/5536/5536 5530/5530/5530
f 5535/5535/5535 5537/5537/5537 5536/5536/5536
f 5537/5537/5537 5538/5538/5538 5536/5536/5536
f 5537/5537/5537 5539/5539/5539 5538/5538/5538
f 5539/5539/5539 5540/5540/5540 5538/5538/5538
f 5539/5539/5539 5541/5541/5541 5540/5540/5540
f 5542/5542/5542 5540/5540/5540 5541/5541/5541
f 5542/5542/5542 5541/5541/5541 5543/5543/5543
f 5542/5542/5542 5543/5543/5543 5544/5544/5544
f 5542/5542/5542 5544/5544/5544 5545/5545/5545
f 5545/5545/5545 5544/5544/5544 5546/5546/5546
f 5545/5545/5545 5546/5546/5546 5547/5547/5547
f 5546/5546/5546 5548/5548/5548 5547/5547/5547
f 5546/5546/5546 5549/5549/5549 5548/5548/5548
f 5550/5550/5550 5551/5551/5551 5552/5552/5552
f 5550/5550/5550 5552/5552/5552 5553/5553/5553
f 5554/5554/5554 5555/5555/5555 5556/5556/5556
f 5554/5554/5554 5556/5556/5556 5557/5557/5557
f 5557/5557/5557 5558/5558/5558 5554/5554/5554
f 5557/5557/5557 5559/5559/5559 5558/5558/5558
f 5560/5560/5560 5558/5558/5558 5559/5559/5559
f 5560/5560/5560 5559/5559/5559 5561/5561/5561
f 5560/5560/5560 5561/5561/5561 5562/5562/5562
f 5560/5560/5560 5562/5562/5562 5563/5563/5563
f 5564/5564/5564 5556/5556/5556 5555/5555/5555
f 5564/5564/5564 5565/5565/5565 5556/5556/5556
f 5566/5566/5566 5565/5565/5565 5564/5564/5564
f 5566/5566/5566 5564/5564/5564 5567/5567/5567
f 5568/5568/5568 5566/5566/5566 5567/5567/5567
f 5568/5568/5568 5569/5569/5569 5566/5566/5566
f 5570/5570/5570 5571/5571/5571 5572/5572/5572
f 5572/5572/5572 5571/5571/5571 5573/5573/5573
f 5570/5570/5570 5572/5572/5572 5574/5574/5574
f 5572/5572/5572 5573/5573/5573 5575/5575/5575
f 5576/5576/5576 5575/5575/5575 5573/5573/5573
f 5576/5576/5576 5573/5573/5573 5577/5577/5577
f 5578/5578/5578 5579/5579/5579 5580/5580/5580
f 5581/5581/5581 5580/5580/5580 5579/5579/5579
f 5578/5578/5578 5580/5580/5580 5582/5582/5582
f 5581/5581/5581 5579/5579/5579 5583/5583/5583
f 5584/5584/5584 5581/5581/5581 5583/5583/5583
f 5584/5584/5584 5583/5583/5583 5585/5585/5585
f 5586/5586/5586 5584/5584/5584 5585/5585/5585
f 5586/5586/5586 5585/5585/5585 5587/5587/5587
f 5587/5587/5587 5588/5588/5588 5586/5586/5586
f 5587/5587/5587 5589/5589/5589 5588/5588/5588
f 5590/5590/5590 5591/5591/5591 5592/5592/5592
f 5593/5593/5593 5592/5592/5592 5591/5591/5591
f 5590/5590/5590 5592/5592/5592 5594/5594/5594
f 5595/5595/5595 5590/5590/5590 5594/5594/5594
f 5595/5595/5595 5594/5594/5594 5596/5596/5596
f 5597/5597/5597 5595/5595/5595 5596/5596/5596
f 5597/5597/5597 5596/5596/5596 5598/5598/5598
f 5593/5593/5593 5591/5591/5591 5599/5599/5599
f 5599/5599/5599 5600/5600/5600 5593/5593/5593
f 5599/5599/5599 5601/5601/5601 5600/5600/5600
f 5602/5602/5602 5600/5600/5600 5601/5601/5601
f 5602/5602/5602 5601/5601/5601 5603/5603/5603
f 5604/5604/5604 5605/5605/5605 5606/5606/5606
f 5605/5605/5605 5604/5604/5604 5607/5607/5607
f 5607/5607/5607 5604/5604/5604 5608/5608/5608
f 5607/5607/5607 5608/5608/5608 5609/5609/5609
f 5607/5607/5607 5609/5609/5609 5610/5610/5610
f 5607/5607/5607 5610/5610/5610 5611/5611/5611
f 5611/5611/5611 5610/5610/5610 5612/5612/5612
f 5611/5611/5611 5612/5612/5612 5613/5613/5613
f 5613/5613/5613 5612/5612/5612 5614/5614/5614
f 5612/5612/5612 5615/5615/5615 5614/5614/5614
f 5614/5614/5614 5615/5615/5615 5616/5616/5616
f 5616/5616/5616 5615/5615/5615 5617/5617/5617
f 5616/5616/5616 5617/5617/5617 5618/5618/5618
f 5618/5618/5618 5617/5617/5617 5619/5619/5619
f 5606/5606/5606 5605/5605/5605 5620/5620/5620
f 5621/5621/5621 5620/5620/5620 5605/5605/5605
f 5621/5621/5621 5605/5605/5605 5622/5622/5622
f 5622/5622/5622 5605/5605/5605 5623/5623/5623
f 5624/5624/5624 5620/5620/5620 5621/5621/5621
f 5625/5625/5625 5626/5626/5626 5627/5627/5627
f 5625/5625/5625 5627/5627/5627 5628/5628/5628
f 5627/5627/5627 5629/5629/5629 5628/5628/5628
f 5627/5627/5627 5630/5630/5630 5629/5629/5629
f 5630/5630/5630 5631/5631/5631 5629/5629/5629
f 5630/5630/5630 5632/5632/5632 5631/5631/5631
f 5633/5633/5633 5626/5626/5626 5625/5625/5625
f 5633/5633/5633 5634/5634/5634 5626/5626/5626
f 5634/5634/5634 5633/5633/5633 5635/5635/5635
f 5634/5634/5634 5635/5635/5635 5636/5636/5636
f 5632/5632/5632 5637/5637/5637 5631/5631/5631
f 5632/5632/5632 5638/5638/5638 5637/5637/5637
f 5639/5639/5639 5636/5636/5636 5635/5635/5635
f 5639/5639/5639 5640/5640/5640 5636/5636/5636
f 5640/5640/5640 5639/5639/5639 5641/5641/5641
f 5640/5640/5640 5641/5641/5641 5642/5642/5642
f 5643/5643/5643 5642/5642/5642 5641/5641/5641
f 5643/5643/5643 5641/5641/5641 5644/5644/5644
f 5645/5645/5645 5643/5643/5643 5644/5644/5644
f 5645/5645/5645 5644/5644/5644 5646/5646/5646
f 5647/5647/5647 5645/5645/5645 5646/5646/5646
f 5647/5647/5647 5648/5648/5648 5645/5645/5645
f 5649/5649/5649 5650/5650/5650 5651/5651/5651
f 5649/5649/5649 5651/5651/5651 5652/5652/5652
f 5652/5652/5652 5653/5653/5653 5649/5649/5649
f 5652/5652/5652 5654/5654/5654 5653/5653/5653
f 5654/5654/5654 5655/5655/5655 5653/5653/5653
f 5654/5654/5654 5656/5656/5656 5655/5655/5655
f 5656/5656/5656 5657/5657/5657 5655/5655/5655
f 5656/5656/5656 5658/5658/5658 5657/5657/5657
f 5659/5659/5659 5657/5657/5657 5658/5658/5658
f 5659/5659/5659 5658/5658/5658 5660/5660/5660
f 5659/5659/5659 5660/5660/5660 5661/5661/5661
f 5659/5659/5659 5661/5661/5661 5662/5662/5662
f 5662/5662/5662 5661/5661/5661 5663/5663/5663
f 5662/5662/5662 5663/5663/5663 5664/5664/5664
f 5663/5663/5663 5665/5665/5665 5664/5664/5664
f 5663/5663/5663 5666/5666/5666 5665/5665/5665
f 5667/5667/5667 5668/5668/5668 5651/5651/5651
f 5669/5669/5669 5668/5668/5668 5667/5667/5667
f 5669/5669/5669 5670/5670/5670 5668/5668/5668
f 5671/5671/5671 5670/5670/5670 5669/5669/5669
f 5671/5671/5671 5672/5672/5672 5670/5670/5670
f 5667/5667/5667 5651/5651/5651 5650/5650/5650
f 5673/5673/5673 5674/5674/5674 5675/5675/5675
f 5676/5676/5676 5675/5675/5675 5674/5674/5674
f 5677/5677/5677 5676/5676/5676 5674/5674/5674
f 5678/5678/5678 5676/5676/5676 5677/5677/5677
f 5679/5679/5679 5678/5678/5678 5677/5677/5677
f 5680/5680/5680 5678/5678/5678 5679/5679/5679
f 5681/5681/5681 5678/5678/5678 5680/5680/5680
f 5682/5682/5682 5681/5681/5681 5680/5680/5680
f 5682/5682/5682 5683/5683/5683 5681/5681/5681
f 5684/5684/5684 5683/5683/5683 5682/5682/5682
f 5683/5683/5683 5684/5684/5684 5685/5685/5685
f 5686/5686/5686 5674/5674/5674 5673/5673/5673
f 5674/5674/5674 5686/5686/5686 5687/5687/5687
f 5687/5687/5687 5686/5686/5686 5688/5688/5688
f 5687/5687/5687 5688/5688/5688 5689/5689/5689
f 5687/5687/5687 5689/5689/5689 5690/5690/5690
f 5691/5691/5691 5687/5687/5687 5690/5690/5690
f 5687/5687/5687 5691/5691/5691 5692/5692/5692
f 5690/5690/5690 5689/5689/5689 5693/5693/5693
f 5694/5694/5694 5695/5695/5695 5696/5696/5696
f 5694/5694/5694 5696/5696/5696 5697/5697/5697
f 5698/5698/5698 5694/5694/5694 5697/5697/5697
f 5699/5699/5699 5696/5696/5696 5695/5695/5695
f 5699/5699/5699 5700/5700/5700 5696/5696/5696
f 5701/5701/5701 5700/5700/5700 5699/5699/5699
f 5701/5701/5701 5702/5702/5702 5700/5700/5700
f 5701/5701/5701 5703/5703/5703 5702/5702/5702
f 5701/5701/5701 5704/5704/5704 5703/5703/5703
f 5705/5705/5705 5703/5703/5703 5704/5704/5704
f 5705/5705/5705 5706/5706/5706 5703/5703/5703
f 5707/5707/5707 5706/5706/5706 5705/5705/5705
f 5707/5707/5707 5698/5698/5698 5708/5708/5708
f 5698/5698/5698 5697/5697/5697 5708/5708/5708
f 5707/5707/5707 5709/5709/5709 5706/5706/5706
f 5707/5707/5707 5708/5708/5708 5709/5709/5709
f 5710/5710/5710 5711/5711/5711 5712/5712/5712
f 5710/5710/5710 5712/5712/5712 5713/5713/5713
f 5714/5714/5714 5715/5715/5715 5716/5716/5716
f 5714/5714/5714 5716/5716/5716 5717/5717/5717
f 5717/5717/5717 5716/5716/5716 5718/5718/5718
f 5717/5717/5717 5718/5718/5718 5719/5719/5719
f 5720/5720/5720 5721/5721/5721 5722/5722/5722
f 5720/5720/5720 5722/5722/5722 5723/5723/5723
f 5724/5724/5724 5725/5725/5725 5726/5726/5726
f 5724/5724/5724 5726/5726/5726 5727/5727/5727
