#LowPoly.Res_Cube.001.obj
#Sunday, May 03, 2026
#10:38:49 PM
#-------

#LowPoly.Res_Cube.001
#-------
g LowPoly.Res_Cube.001
v 37.27141 -85.0415 -417.1633
v 37.27141 -85.82296 -417.1563
v 37.27141 -85.4902 -413.7628
v 37.27141 -84.7081 -413.7628
v 37.27141 -86.51991 -417.1516
v 37.27141 -87.30119 -417.1447
v 37.27141 -86.97717 -413.7627
v 37.27141 -86.19526 -413.7627
v 37.27141 -87.99832 -417.14
v 37.27141 -88.77941 -417.133
v 37.27141 -88.46414 -413.7627
v 37.27141 -87.68242 -413.7627
v 37.27141 -89.47672 -417.1284
v 37.27141 -90.25764 -417.1214
v 37.27141 -89.95113 -413.7625
v 37.27141 -89.16959 -413.7625
v 37.2714 -90.95512 -417.1167
v 37.2714 -91.73587 -417.1098
v 37.2714 -91.43809 -413.7625
v 37.27141 -90.65674 -413.7625
v 37.2714 -92.43352 -417.1051
v 37.2714 -93.21411 -417.0982
v 37.2714 -92.92506 -413.7624
v 37.2714 -92.14391 -413.7624
v 37.2714 -93.91193 -417.0935
v 37.2714 -94.69234 -417.0865
v 37.2714 -94.41205 -413.7623
v 37.2714 -93.63106 -413.7623
v 37.2714 -95.39032 -417.0818
v 37.2714 -96.17059 -417.0749
v 37.2714 -95.89903 -413.7622
v 37.2714 -95.11823 -413.7622
v 37.2714 -96.86871 -417.0702
v 37.2714 -97.64883 -417.0633
v 37.2714 -97.38601 -413.7621
v 37.2714 -96.60537 -413.7621
v 37.2714 -98.34711 -417.0586
v 37.2714 -99.12705 -417.0516
v 37.2714 -98.87299 -413.762
v 37.2714 -98.09252 -413.762
v 37.2714 -99.82549 -417.047
v 37.2714 -100.6053 -417.04
v 37.2714 -100.36 -413.7619
v 37.2714 -99.57967 -413.7619
v 37.2714 -101.3039 -417.0353
v 37.2714 -102.0836 -417.0284
v 37.2714 -101.847 -413.7618
v 37.2714 -101.0668 -413.7618
v 37.2714 -102.7823 -417.0237
v 37.2714 -103.5618 -417.0168
v 37.2714 -103.334 -413.7617
v 37.2714 -102.554 -413.7617
v 37.2714 -104.2607 -417.012
v 37.2714 -105.0401 -417.0051
v 37.2714 -104.8209 -413.7616
v 37.2714 -104.0411 -413.7616
v 36.76898 -96.83238 -417.0702
v 36.76898 -97.72217 -417.0633
v 37.2714 -97.64883 -417.0633
v 37.2714 -96.86871 -417.0702
v 36.76898 -98.31015 -417.0586
v 36.76898 -99.19978 -417.0516
v 37.2714 -99.12705 -417.0516
v 37.2714 -98.34711 -417.0586
v 37.2714 -94.69234 -417.0865
v 36.76898 -94.76692 -417.0865
v 36.76898 -94.44722 -413.7623
v 37.2714 -94.41205 -413.7623
v 37.2714 -102.0836 -417.0284
v 36.76898 -102.155 -417.0284
v 36.76898 -101.8852 -413.7618
v 37.2714 -101.847 -413.7618
v 37.2714 -93.21411 -417.0982
v 36.76898 -93.28933 -417.0982
v 36.76898 -92.95966 -413.7624
v 37.2714 -92.92506 -413.7624
v 36.76898 -93.87679 -417.0935
v 36.76898 -94.76692 -417.0865
v 37.2714 -94.69234 -417.0865
v 37.2714 -93.91193 -417.0935
v 36.76898 -95.35458 -417.0818
v 36.76898 -96.24454 -417.0749
v 37.2714 -96.17059 -417.0749
v 37.2714 -95.39032 -417.0818
v 37.2714 -97.64883 -417.0633
v 36.76898 -97.72217 -417.0633
v 36.76898 -97.42239 -413.7621
v 37.2714 -97.38601 -413.7621
v 37.2714 -103.5618 -417.0168
v 36.76898 -103.6326 -417.0168
v 36.76898 -103.3727 -413.7617
v 37.2714 -103.334 -413.7617
v 37.2714 -96.17059 -417.0749
v 36.76898 -96.24454 -417.0749
v 36.76898 -95.93481 -413.7622
v 37.2714 -95.89903 -413.7622
v 37.2714 -101.0668 -413.7618
v 36.76898 -100.9953 -413.7618
v 36.76898 -101.2657 -417.0353
v 37.2714 -101.3039 -417.0353
v 36.76898 -89.98448 -413.7625
v 36.76898 -89.09308 -413.7625
v 37.27141 -89.16959 -413.7625
v 37.27141 -89.95113 -413.7625
v 36.76898 -92.39899 -417.1051
v 36.76898 -93.28933 -417.0982
v 37.2714 -93.21411 -417.0982
v 37.2714 -92.43352 -417.1051
v 37.2714 -100.6053 -417.04
v 36.76898 -100.6774 -417.04
v 36.76898 -100.3976 -413.7619
v 37.2714 -100.36 -413.7619
v 37.2714 -105.0401 -417.0051
v 36.76898 -105.1103 -417.0051
v 36.76898 -104.8603 -413.7616
v 37.2714 -104.8209 -413.7616
v 37.2714 -99.12705 -417.0516
v 36.76898 -99.19978 -417.0516
v 36.76898 -98.90998 -413.762
v 37.2714 -98.87299 -413.762
v 37.2714 -102.554 -413.7617
v 36.76898 -102.4831 -413.7617
v 36.76898 -102.7435 -417.0237
v 37.2714 -102.7823 -417.0237
v 36.76898 -88.4969 -413.7627
v 36.76898 -87.6053 -413.7627
v 37.27141 -87.68242 -413.7627
v 37.27141 -88.46414 -413.7627
v 36.76898 -89.44339 -417.1284
v 36.76898 -90.33411 -417.1214
v 37.27141 -90.25764 -417.1214
v 37.27141 -89.47672 -417.1284
v 36.76898 -90.92119 -417.1167
v 36.76898 -91.81171 -417.1098
v 37.2714 -91.73587 -417.1098
v 37.2714 -90.95512 -417.1167
v 37.2714 -104.0411 -413.7616
v 36.76898 -103.9709 -413.7616
v 36.76898 -104.2213 -417.012
v 37.2714 -104.2607 -417.012
v 36.76898 -87.00933 -413.7627
v 36.76898 -86.11749 -413.7627
v 37.27141 -86.19526 -413.7627
v 37.27141 -86.97717 -413.7627
v 36.76898 -87.96559 -417.14
v 36.76898 -88.85651 -417.133
v 37.27141 -88.77941 -417.133
v 37.27141 -87.99832 -417.14
v 36.76898 -100.3976 -413.7619
v 36.76898 -99.50755 -413.7619
v 37.2714 -99.57967 -413.7619
v 37.2714 -100.36 -413.7619
v 36.76898 -85.52176 -413.7628
v 36.76898 -84.62971 -413.7628
v 37.27141 -84.7081 -413.7628
v 37.27141 -85.4902 -413.7628
v 36.76898 -86.48779 -417.1516
v 36.76898 -87.37891 -417.1447
v 37.27141 -87.30119 -417.1447
v 37.27141 -86.51991 -417.1516
v 36.76898 -97.42239 -413.7621
v 36.76898 -96.53201 -413.7621
v 37.2714 -96.60537 -413.7621
v 37.2714 -97.38601 -413.7621
v 36.76898 -98.90998 -413.762
v 36.76898 -98.01978 -413.762
v 37.2714 -98.09252 -413.762
v 37.2714 -98.87299 -413.762
v 37.27141 -90.65674 -413.7625
v 36.76898 -90.58087 -413.7625
v 36.76898 -90.92119 -417.1167
v 37.2714 -90.95512 -417.1167
v 37.27141 -89.16959 -413.7625
v 36.76898 -89.09308 -413.7625
v 36.76898 -89.44339 -417.1284
v 37.27141 -89.47672 -417.1284
v 36.76898 -94.44722 -413.7623
v 36.76898 -93.55644 -413.7623
v 37.2714 -93.63106 -413.7623
v 37.2714 -94.41205 -413.7623
v 36.76898 -95.93481 -413.7622
v 36.76898 -95.04423 -413.7622
v 37.2714 -95.11823 -413.7622
v 37.2714 -95.89903 -413.7622
v 37.2714 -93.63106 -413.7623
v 36.76898 -93.55644 -413.7623
v 36.76898 -93.87679 -417.0935
v 37.2714 -93.91193 -417.0935
v 37.2714 -92.14391 -413.7624
v 36.76898 -92.06866 -413.7624
v 36.76898 -92.39899 -417.1051
v 37.2714 -92.43352 -417.1051
v 36.76898 -101.8852 -413.7618
v 36.76898 -100.9953 -413.7618
v 37.2714 -101.0668 -413.7618
v 37.2714 -101.847 -413.7618
v 36.76898 -101.2657 -417.0353
v 36.76898 -102.155 -417.0284
v 37.2714 -102.0836 -417.0284
v 37.2714 -101.3039 -417.0353
v 36.76898 -91.47207 -413.7625
v 36.76898 -90.58087 -413.7625
v 37.27141 -90.65674 -413.7625
v 37.2714 -91.43809 -413.7625
v 36.76898 -92.95966 -413.7624
v 36.76898 -92.06866 -413.7624
v 37.2714 -92.14391 -413.7624
v 37.2714 -92.92506 -413.7624
v 37.2714 -96.60537 -413.7621
v 36.76898 -96.53201 -413.7621
v 36.76898 -96.83238 -417.0702
v 37.2714 -96.86871 -417.0702
v 37.2714 -95.11823 -413.7622
v 36.76898 -95.04423 -413.7622
v 36.76898 -95.35458 -417.0818
v 37.2714 -95.39032 -417.0818
v 36.76898 -103.3727 -413.7617
v 36.76898 -102.4831 -413.7617
v 37.2714 -102.554 -413.7617
v 37.2714 -103.334 -413.7617
v 36.76898 -102.7435 -417.0237
v 36.76898 -103.6326 -417.0168
v 37.2714 -103.5618 -417.0168
v 37.2714 -102.7823 -417.0237
v 37.27141 -87.68242 -413.7627
v 36.76898 -87.6053 -413.7627
v 36.76898 -87.96559 -417.14
v 37.27141 -87.99832 -417.14
v 37.27141 -90.25764 -417.1214
v 36.76898 -90.33411 -417.1214
v 36.76898 -89.98448 -413.7625
v 37.27141 -89.95113 -413.7625
v 36.76898 -104.8603 -413.7616
v 36.76898 -103.9709 -413.7616
v 37.2714 -104.0411 -413.7616
v 37.2714 -104.8209 -413.7616
v 37.2714 -98.09252 -413.762
v 36.76898 -98.01978 -413.762
v 36.76898 -98.31015 -417.0586
v 37.2714 -98.34711 -417.0586
v 36.76898 -104.2213 -417.012
v 36.76898 -105.1103 -417.0051
v 37.2714 -105.0401 -417.0051
v 37.2714 -104.2607 -417.012
v 37.27141 -86.19526 -413.7627
v 36.76898 -86.11749 -413.7627
v 36.76898 -86.48779 -417.1516
v 37.27141 -86.51991 -417.1516
v 37.27141 -88.77941 -417.133
v 36.76898 -88.85651 -417.133
v 36.76898 -88.4969 -413.7627
v 37.27141 -88.46414 -413.7627
v 36.76898 -85.00998 -417.1633
v 36.76898 -85.90129 -417.1563
v 37.27141 -85.82296 -417.1563
v 37.27141 -85.0415 -417.1633
v 37.27141 -84.7081 -413.7628
v 36.76898 -84.62971 -413.7628
v 36.76898 -85.00998 -417.1633
v 37.27141 -85.0415 -417.1633
v 37.27141 -87.30119 -417.1447
v 36.76898 -87.37891 -417.1447
v 36.76898 -87.00933 -413.7627
v 37.27141 -86.97717 -413.7627
v 36.76898 -99.78794 -417.047
v 36.76898 -100.6774 -417.04
v 37.2714 -100.6053 -417.04
v 37.2714 -99.82549 -417.047
v 37.2714 -99.57967 -413.7619
v 36.76898 -99.50755 -413.7619
v 36.76898 -99.78794 -417.047
v 37.2714 -99.82549 -417.047
v 37.2714 -91.73587 -417.1098
v 36.76898 -91.81171 -417.1098
v 36.76898 -91.47207 -413.7625
v 37.2714 -91.43809 -413.7625
v 37.27141 -85.82296 -417.1563
v 36.76898 -85.90129 -417.1563
v 36.76898 -85.52176 -413.7628
v 37.27141 -85.4902 -413.7628
v 28.07414 -104.8209 -413.6524
v 28.07414 -105.0401 -417.111
v 28.07414 -104.2607 -417.1181
v 28.07414 -104.0411 -413.6524
v 28.07414 -103.334 -413.6524
v 28.07414 -103.5618 -417.1227
v 28.07414 -102.7823 -417.1298
v 28.07414 -102.554 -413.6524
v 28.07414 -101.847 -413.6524
v 28.07414 -102.0836 -417.1345
v 28.07414 -101.3039 -417.1415
v 28.07414 -101.0668 -413.6524
v 28.07414 -100.36 -413.6524
v 28.07414 -100.6053 -417.1462
v 28.07414 -99.82549 -417.1533
v 28.07414 -99.57967 -413.6524
v 28.07414 -98.87299 -413.6524
v 28.07414 -99.12705 -417.1579
v 28.07414 -98.34711 -417.165
v 28.07414 -98.09252 -413.6524
v 28.07414 -97.38601 -413.6524
v 28.07414 -97.64883 -417.1696
v 28.07414 -96.86871 -417.1767
v 28.07414 -96.60537 -413.6524
v 28.07414 -95.89903 -413.6524
v 28.07414 -96.17059 -417.1814
v 28.07414 -95.39032 -417.1884
v 28.07414 -95.11823 -413.6524
v 28.07414 -94.41205 -413.6524
v 28.07414 -94.69234 -417.1931
v 28.07414 -93.91193 -417.2002
v 28.07414 -93.63106 -413.6524
v 28.07414 -92.92506 -413.6524
v 28.07414 -93.21411 -417.2048
v 28.07414 -92.43352 -417.2119
v 28.07414 -92.14391 -413.6524
v 28.07414 -91.43809 -413.6524
v 28.07414 -91.73587 -417.2166
v 28.07414 -90.95512 -417.2236
v 28.07414 -90.65674 -413.6524
v 28.07414 -89.95113 -413.6524
v 28.07414 -90.25764 -417.2283
v 28.07414 -89.47672 -417.2354
v 28.07414 -89.16959 -413.6524
v 28.07414 -88.46414 -413.6524
v 28.07414 -88.77941 -417.24
v 28.07414 -87.99832 -417.2471
v 28.07414 -87.68242 -413.6524
v 28.07414 -86.97717 -413.6524
v 28.07414 -87.30119 -417.2517
v 28.07414 -86.51991 -417.2588
v 28.07414 -86.19526 -413.6524
v 28.07414 -85.4902 -413.6524
v 28.07414 -85.82296 -417.2634
v 28.07414 -85.0415 -417.2705
v 28.07414 -84.7081 -413.6524
v 28.57656 -96.83238 -417.1767
v 28.07414 -96.86871 -417.1767
v 28.07414 -97.64883 -417.1696
v 28.57656 -97.72217 -417.1696
v 28.57656 -98.31015 -417.165
v 28.07414 -98.34711 -417.165
v 28.07414 -99.12705 -417.1579
v 28.57656 -99.19978 -417.1579
v 28.57656 -94.44722 -413.6524
v 28.57656 -94.76692 -417.1931
v 28.07414 -94.69234 -417.1931
v 28.07414 -94.41205 -413.6524
v 28.57656 -101.8852 -413.6524
v 28.57656 -102.155 -417.1345
v 28.07414 -102.0836 -417.1345
v 28.07414 -101.847 -413.6524
v 28.57656 -92.95966 -413.6524
v 28.57656 -93.28933 -417.2048
v 28.07414 -93.21411 -417.2048
v 28.07414 -92.92506 -413.6524
v 28.57656 -93.87679 -417.2002
v 28.07414 -93.91193 -417.2002
v 28.07414 -94.69234 -417.1931
v 28.57656 -94.76692 -417.1931
v 28.57656 -95.35458 -417.1884
v 28.07414 -95.39032 -417.1884
v 28.07414 -96.17059 -417.1814
v 28.57656 -96.24454 -417.1814
v 28.57656 -97.42239 -413.6524
v 28.57656 -97.72217 -417.1696
v 28.07414 -97.64883 -417.1696
v 28.07414 -97.38601 -413.6524
v 28.57656 -103.3727 -413.6524
v 28.57656 -103.6326 -417.1227
v 28.07414 -103.5618 -417.1227
v 28.07414 -103.334 -413.6524
v 28.57656 -95.93481 -413.6524
v 28.57656 -96.24454 -417.1814
v 28.07414 -96.17059 -417.1814
v 28.07414 -95.89903 -413.6524
v 28.57656 -101.2657 -417.1415
v 28.57656 -100.9953 -413.6524
v 28.07414 -101.0668 -413.6524
v 28.07414 -101.3039 -417.1415
v 28.57656 -89.98448 -413.6524
v 28.07414 -89.95113 -413.6524
v 28.07414 -89.16959 -413.6524
v 28.57656 -89.09308 -413.6524
v 28.57656 -92.39899 -417.2119
v 28.07414 -92.43352 -417.2119
v 28.07414 -93.21411 -417.2048
v 28.57656 -93.28933 -417.2048
v 28.57656 -100.3976 -413.6524
v 28.57656 -100.6774 -417.1462
v 28.07414 -100.6053 -417.1462
v 28.07414 -100.36 -413.6524
v 28.57656 -104.8603 -413.6524
v 28.57656 -105.1103 -417.111
v 28.07414 -105.0401 -417.111
v 28.07414 -104.8209 -413.6524
v 28.57656 -98.90998 -413.6524
v 28.57656 -99.19978 -417.1579
v 28.07414 -99.12705 -417.1579
v 28.07414 -98.87299 -413.6524
v 28.57656 -102.7435 -417.1298
v 28.57656 -102.4831 -413.6524
v 28.07414 -102.554 -413.6524
v 28.07414 -102.7823 -417.1298
v 28.57656 -88.4969 -413.6524
v 28.07414 -88.46414 -413.6524
v 28.07414 -87.68242 -413.6524
v 28.57656 -87.6053 -413.6524
v 28.57656 -89.44339 -417.2354
v 28.07414 -89.47672 -417.2354
v 28.07414 -90.25764 -417.2283
v 28.57656 -90.33411 -417.2283
v 28.57656 -90.92119 -417.2236
v 28.07414 -90.95512 -417.2236
v 28.07414 -91.73587 -417.2166
v 28.57656 -91.81171 -417.2166
v 28.57656 -104.2213 -417.1181
v 28.57656 -103.9709 -413.6524
v 28.07414 -104.0411 -413.6524
v 28.07414 -104.2607 -417.1181
v 28.57656 -87.00933 -413.6524
v 28.07414 -86.97717 -413.6524
v 28.07414 -86.19526 -413.6524
v 28.57656 -86.11749 -413.6524
v 28.57656 -87.96559 -417.2471
v 28.07414 -87.99832 -417.2471
v 28.07414 -88.77941 -417.24
v 28.57656 -88.85651 -417.24
v 28.57656 -100.3976 -413.6524
v 28.07414 -100.36 -413.6524
v 28.07414 -99.57967 -413.6524
v 28.57656 -99.50755 -413.6524
v 28.57656 -85.52176 -413.6524
v 28.07414 -85.4902 -413.6524
v 28.07414 -84.7081 -413.6524
v 28.57656 -84.62971 -413.6524
v 28.57656 -86.48779 -417.2588
v 28.07414 -86.51991 -417.2588
v 28.07414 -87.30119 -417.2517
v 28.57656 -87.37891 -417.2517
v 28.57656 -97.42239 -413.6524
v 28.07414 -97.38601 -413.6524
v 28.07414 -96.60537 -413.6524
v 28.57656 -96.53201 -413.6524
v 28.57656 -98.90998 -413.6524
v 28.07414 -98.87299 -413.6524
v 28.07414 -98.09252 -413.6524
v 28.57656 -98.01978 -413.6524
v 28.57656 -90.92119 -417.2236
v 28.57656 -90.58087 -413.6524
v 28.07414 -90.65674 -413.6524
v 28.07414 -90.95512 -417.2236
v 28.57656 -89.44339 -417.2354
v 28.57656 -89.09308 -413.6524
v 28.07414 -89.16959 -413.6524
v 28.07414 -89.47672 -417.2354
v 28.57656 -94.44722 -413.6524
v 28.07414 -94.41205 -413.6524
v 28.07414 -93.63106 -413.6524
v 28.57656 -93.55644 -413.6524
v 28.57656 -95.93481 -413.6524
v 28.07414 -95.89903 -413.6524
v 28.07414 -95.11823 -413.6524
v 28.57656 -95.04423 -413.6524
v 28.57656 -93.87679 -417.2002
v 28.57656 -93.55644 -413.6524
v 28.07414 -93.63106 -413.6524
v 28.07414 -93.91193 -417.2002
v 28.57656 -92.39899 -417.2119
v 28.57656 -92.06866 -413.6524
v 28.07414 -92.14391 -413.6524
v 28.07414 -92.43352 -417.2119
v 28.57656 -101.8852 -413.6524
v 28.07414 -101.847 -413.6524
v 28.07414 -101.0668 -413.6524
v 28.57656 -100.9953 -413.6524
v 28.57656 -101.2657 -417.1415
v 28.07414 -101.3039 -417.1415
v 28.07414 -102.0836 -417.1345
v 28.57656 -102.155 -417.1345
v 28.57656 -91.47207 -413.6524
v 28.07414 -91.43809 -413.6524
v 28.07414 -90.65674 -413.6524
v 28.57656 -90.58087 -413.6524
v 28.57656 -92.95966 -413.6524
v 28.07414 -92.92506 -413.6524
v 28.07414 -92.14391 -413.6524
v 28.57656 -92.06866 -413.6524
v 28.57656 -96.83238 -417.1767
v 28.57656 -96.53201 -413.6524
v 28.07414 -96.60537 -413.6524
v 28.07414 -96.86871 -417.1767
v 28.57656 -95.35458 -417.1884
v 28.57656 -95.04423 -413.6524
v 28.07414 -95.11823 -413.6524
v 28.07414 -95.39032 -417.1884
v 28.57656 -103.3727 -413.6524
v 28.07414 -103.334 -413.6524
v 28.07414 -102.554 -413.6524
v 28.57656 -102.4831 -413.6524
v 28.57656 -102.7435 -417.1298
v 28.07414 -102.7823 -417.1298
v 28.07414 -103.5618 -417.1227
v 28.57656 -103.6326 -417.1227
v 28.57656 -87.96559 -417.2471
v 28.57656 -87.6053 -413.6524
v 28.07414 -87.68242 -413.6524
v 28.07414 -87.99832 -417.2471
v 28.57656 -89.98448 -413.6524
v 28.57656 -90.33411 -417.2283
v 28.07414 -90.25764 -417.2283
v 28.07414 -89.95113 -413.6524
v 28.57656 -104.8603 -413.6524
v 28.07414 -104.8209 -413.6524
v 28.07414 -104.0411 -413.6524
v 28.57656 -103.9709 -413.6524
v 28.57656 -98.31015 -417.165
v 28.57656 -98.01978 -413.6524
v 28.07414 -98.09252 -413.6524
v 28.07414 -98.34711 -417.165
v 28.57656 -104.2213 -417.1181
v 28.07414 -104.2607 -417.1181
v 28.07414 -105.0401 -417.111
v 28.57656 -105.1103 -417.111
v 28.57656 -86.48779 -417.2588
v 28.57656 -86.11749 -413.6524
v 28.07414 -86.19526 -413.6524
v 28.07414 -86.51991 -417.2588
v 28.57656 -88.4969 -413.6524
v 28.57656 -88.85651 -417.24
v 28.07414 -88.77941 -417.24
v 28.07414 -88.46414 -413.6524
v 28.57656 -85.00998 -417.2705
v 28.07414 -85.0415 -417.2705
v 28.07414 -85.82296 -417.2634
v 28.57656 -85.90129 -417.2634
v 28.57656 -85.00998 -417.2705
v 28.57656 -84.62971 -413.6524
v 28.07414 -84.7081 -413.6524
v 28.07414 -85.0415 -417.2705
v 28.57656 -87.00933 -413.6524
v 28.57656 -87.37891 -417.2517
v 28.07414 -87.30119 -417.2517
v 28.07414 -86.97717 -413.6524
v 28.57656 -99.78794 -417.1533
v 28.07414 -99.82549 -417.1533
v 28.07414 -100.6053 -417.1462
v 28.57656 -100.6774 -417.1462
v 28.57656 -99.78794 -417.1533
v 28.57656 -99.50755 -413.6524
v 28.07414 -99.57967 -413.6524
v 28.07414 -99.82549 -417.1533
v 28.57656 -91.47207 -413.6524
v 28.57656 -91.81171 -417.2166
v 28.07414 -91.73587 -417.2166
v 28.07414 -91.43809 -413.6524
v 28.57656 -85.52176 -413.6524
v 28.57656 -85.90129 -417.2634
v 28.07414 -85.82296 -417.2634
v 28.07414 -85.4902 -413.6524
v 30.25583 -84.70164 -423.1224
v 30.25583 -84.70164 -420.4032
v 30.25583 -86.67107 -420.4032
v 30.25583 -86.67107 -423.1224
v 30.25583 -87.02415 -422.5881
v 30.25583 -87.02415 -420.4032
v 30.25583 -92.80866 -420.4032
v 30.25583 -92.80866 -422.5881
v 31.53988 -138.8192 -420.7384
v 31.53988 -141.299 -420.7384
v 31.53988 -140.2499 -422.4552
v 31.53988 -139.0577 -422.4552
v 31.80383 -138.5498 -422.5106
v 31.80383 -138.3114 -420.7938
v 35.17092 -86.67107 -420.4032
v 35.17092 -84.70164 -420.4032
v 35.17092 -84.70164 -423.1224
v 35.17092 -86.67107 -423.1224
v 35.17092 -87.02415 -422.5881
v 35.17092 -87.02415 -420.4032
v 35.17092 -92.80866 -420.4032
v 35.17092 -92.80866 -422.5881
v 33.88685 -140.2499 -422.4552
v 33.88685 -141.299 -420.7384
v 33.88685 -138.8192 -420.7384
v 33.88685 -139.0577 -422.4552
v 33.6229 -138.5498 -422.5106
v 33.6229 -138.3114 -420.7938
v 30.25583 -84.70164 -420.4032
v 31.88533 -84.70164 -422.1017
v 35.17092 -84.70164 -420.4032
v 30.25583 -84.70164 -423.1224
v 31.88533 -84.70164 -423.1224
v 33.54141 -84.70164 -422.1017
v 35.17092 -84.70164 -423.1224
v 33.54141 -84.70164 -423.1224
v 30.25583 -87.02415 -420.4032
v 30.25583 -86.67107 -420.4032
v 35.17092 -86.67107 -420.4032
v 35.17092 -87.02415 -420.4032
v 30.25583 -92.80866 -420.4032
v 35.17092 -92.80866 -420.4032
v 35.17092 -84.70164 -420.4032
v 30.25583 -84.70164 -420.4032
v 33.88685 -140.2499 -422.4552
v 31.53988 -140.2499 -422.4552
v 31.53988 -141.299 -420.7384
v 33.88685 -141.299 -420.7384
v 33.88685 -139.0577 -422.4552
v 31.53988 -139.0577 -422.4552
v 33.6229 -138.5498 -422.5106
v 31.80383 -138.5498 -422.5106
v 30.25583 -87.02415 -422.5881
v 30.25583 -92.80866 -422.5881
v 31.88533 -92.80866 -422.5881
v 31.88533 -87.02415 -422.5881
v 33.88685 -141.299 -420.7384
v 31.53988 -141.299 -420.7384
v 31.53988 -138.8192 -420.7384
v 33.88685 -138.8192 -420.7384
v 31.80383 -138.3114 -420.7938
v 33.6229 -138.3114 -420.7938
v 30.25583 -87.02415 -422.5881
v 31.88533 -87.02415 -422.5881
v 31.88533 -86.67107 -423.1224
v 30.25583 -86.67107 -423.1224
v 31.88533 -92.80865 -422.1017
v 35.17092 -92.80866 -420.4032
v 33.54141 -92.80866 -422.1017
v 30.25583 -92.80866 -420.4032
v 30.25583 -92.80866 -422.5881
v 31.88533 -92.80866 -422.5881
v 35.17092 -92.80866 -422.5881
v 33.54141 -92.80866 -422.5881
v 30.25583 -84.70164 -423.1224
v 30.25583 -86.67107 -423.1224
v 31.88533 -86.67107 -423.1224
v 31.88533 -84.70164 -423.1224
v 33.26151 -106.4788 -408.1595
v 32.16522 -106.4788 -408.1595
v 32.16522 -109.02 -408.1545
v 33.26151 -109.02 -408.1545
v 32.16522 -109.4765 -402.8302
v 32.16522 -110.2401 -402.0449
v 32.16522 -110.5978 -402.6148
v 32.16522 -110.0928 -403.3416
v 32.16522 -108.7888 -403.7419
v 32.16522 -109.4953 -404.3281
v 32.16522 -108.0419 -405.0411
v 32.16522 -111.4332 -401.8061
v 32.16522 -111.1304 -401.3237
v 32.16522 -112.0608 -400.7397
v 32.16522 -112.3637 -401.2222
v 32.16522 -108.9642 -405.3413
v 32.16522 -108.5413 -406.4011
v 32.16522 -107.5319 -406.0725
v 32.16522 -108.3638 -407.0273
v 32.16522 -107.1304 -407.0323
v 32.16522 -109.02 -408.1545
v 32.16522 -106.4788 -408.1595
v 33.26151 -109.02 -408.1545
v 33.26151 -108.3638 -407.0273
v 33.26151 -107.1304 -407.0323
v 33.26151 -106.4788 -408.1595
v 33.26151 -107.5319 -406.0725
v 33.26151 -108.5413 -406.4011
v 33.26151 -108.0419 -405.0411
v 33.26151 -108.9642 -405.3413
v 33.26151 -109.4953 -404.3281
v 33.26151 -108.7888 -403.7419
v 33.26151 -110.0928 -403.3416
v 33.26151 -109.4765 -402.8302
v 33.26151 -110.5978 -402.6148
v 33.26151 -110.2401 -402.0449
v 33.26151 -111.4332 -401.8061
v 33.26151 -111.1304 -401.3237
v 33.26151 -112.3637 -401.2222
v 33.26151 -112.0608 -400.7397
v 32.16522 -106.4788 -408.1595
v 33.26151 -106.4788 -408.1595
v 33.26151 -107.1304 -407.0323
v 32.16522 -107.1304 -407.0323
v 33.26151 -107.5319 -406.0725
v 32.16522 -107.5319 -406.0725
v 33.26151 -108.0419 -405.0411
v 32.16522 -108.0419 -405.0411
v 33.26151 -108.7888 -403.7419
v 32.16522 -108.7888 -403.7419
v 33.26151 -109.4765 -402.8302
v 32.16522 -109.4765 -402.8302
v 33.26151 -110.2401 -402.0449
v 32.16522 -110.2401 -402.0449
v 33.26151 -109.02 -408.1545
v 32.16522 -109.02 -408.1545
v 32.16522 -108.3638 -407.0273
v 33.26151 -108.3638 -407.0273
v 32.16522 -108.5413 -406.4011
v 33.26151 -108.5413 -406.4011
v 32.16522 -108.9642 -405.3413
v 33.26151 -108.9642 -405.3413
v 32.16522 -109.4953 -404.3281
v 33.26151 -109.4953 -404.3281
v 32.16522 -110.0928 -403.3416
v 33.26151 -110.0928 -403.3416
v 32.16522 -110.5978 -402.6148
v 33.26151 -110.5978 -402.6148
v 32.16522 -112.3637 -401.2222
v 32.16522 -112.0608 -400.7397
v 33.26151 -112.0608 -400.7397
v 33.26151 -112.3637 -401.2222
v 33.26151 -111.4332 -401.8061
v 32.16522 -111.4332 -401.8061
v 32.16522 -112.3637 -401.2222
v 33.26151 -110.5978 -402.6148
v 33.26151 -112.3637 -401.2222
v 32.16522 -110.5978 -402.6148
v 32.16522 -111.1304 -401.3237
v 33.26151 -111.1304 -401.3237
v 33.26151 -112.0608 -400.7397
v 32.16522 -110.2401 -402.0449
v 32.16522 -112.0608 -400.7397
v 33.26151 -110.2401 -402.0449
v 32.76398 -115.3111 -412.9947
v 32.76398 -115.3111 -410.9413
v 31.87485 -115.3111 -412.4813
v 32.25064 -115.3111 -412.8571
v 31.7373 -115.3111 -411.968
v 31.87485 -115.3111 -411.4547
v 32.25064 -115.3111 -411.0789
v 33.65311 -115.3111 -412.4813
v 33.27732 -115.3111 -412.8571
v 33.79066 -115.3111 -411.968
v 33.65311 -115.3111 -411.4547
v 33.27732 -115.3111 -411.0789
v 31.7373 -115.3111 -411.968
v 31.7373 -142.8432 -411.968
v 31.87485 -142.8432 -412.4813
v 31.87485 -115.3111 -412.4813
v 31.87485 -115.3111 -411.4547
v 31.87485 -142.8432 -411.4547
v 32.25064 -115.3111 -411.0789
v 32.25064 -142.8432 -411.0789
v 31.87485 -142.8432 -411.4547
v 31.87485 -115.3111 -411.4547
v 32.76398 -115.3111 -410.9413
v 32.76398 -142.8432 -410.9413
v 33.27732 -115.3111 -411.0789
v 33.27732 -142.8432 -411.0789
v 33.65311 -115.3111 -411.4547
v 33.65311 -142.8432 -411.4547
v 33.27732 -142.8432 -411.0789
v 33.27732 -115.3111 -411.0789
v 33.79066 -115.3111 -411.968
v 33.79066 -142.8432 -411.968
v 33.65311 -115.3111 -412.4813
v 33.65311 -142.8432 -412.4813
v 33.27732 -115.3111 -412.8571
v 33.27732 -142.8432 -412.8571
v 33.79066 -142.8432 -411.968
v 32.25064 -142.8432 -412.8571
v 32.25064 -142.8432 -411.0789
v 32.76398 -142.8432 -412.9947
v 33.27732 -142.8432 -412.8571
v 33.65311 -142.8432 -412.4813
v 33.27732 -142.8432 -411.0789
v 33.65311 -142.8432 -411.4547
v 32.76398 -142.8432 -410.9413
v 31.7373 -142.8432 -411.968
v 31.87485 -142.8432 -411.4547
v 31.87485 -142.8432 -412.4813
v 32.25064 -115.3111 -412.8571
v 32.25064 -142.8432 -412.8571
v 32.76398 -142.8432 -412.9947
v 32.76398 -115.3111 -412.9947
v 33.27732 -142.8432 -412.8571
v 33.27732 -115.3111 -412.8571
v 31.87485 -115.3111 -412.4813
v 31.87485 -142.8432 -412.4813
v 31.42957 -80.24428 -410.7393
v 33.80282 -80.24428 -410.7393
v 33.80282 -80.63776 -415.0499
v 31.42957 -80.63776 -415.0499
v 33.80282 -80.24428 -410.7393
v 31.42957 -80.24428 -410.7393
v 31.42957 -77.9699 -413.276
v 33.80282 -77.9699 -413.276
v 31.42957 -77.76527 -413.6141
v 33.80282 -77.76527 -413.6141
v 31.42957 -77.65491 -414.0374
v 33.80282 -77.65491 -414.0374
v 31.42957 -77.66837 -414.4324
v 33.80282 -77.66837 -414.4324
v 33.80282 -77.76752 -414.8742
v 31.42957 -77.76752 -414.8742
v 31.42957 -77.92979 -415.1865
v 33.80282 -77.92979 -415.1865
v 31.42957 -80.63776 -415.0499
v 33.80282 -80.63776 -415.0499
v 33.80282 -78.57664 -415.4134
v 31.42957 -78.57664 -415.4134
v 33.80282 -78.22595 -415.3839
v 31.42957 -78.22595 -415.3839
v 33.80282 -77.92979 -415.1865
v 31.42957 -77.92979 -415.1865
v 33.80282 -80.24428 -410.7393
v 33.80282 -78.7877 -413.6994
v 33.80282 -79.10937 -413.7856
v 33.80282 -77.9699 -413.276
v 33.80282 -78.46606 -413.7856
v 33.80282 -77.76527 -413.6141
v 33.80282 -78.23057 -414.0211
v 33.80282 -77.65491 -414.0374
v 33.80282 -78.14438 -414.3427
v 33.80282 -77.66837 -414.4324
v 33.80282 -79.34485 -414.0211
v 33.80282 -80.63776 -415.0499
v 33.80282 -79.43104 -414.3427
v 33.80282 -78.23057 -414.6644
v 33.80282 -77.76752 -414.8742
v 33.80282 -77.92979 -415.1865
v 33.80282 -79.34485 -414.6644
v 33.80282 -79.10937 -414.8998
v 33.80282 -78.57664 -415.4134
v 33.80282 -78.7877 -414.986
v 33.80282 -78.46606 -414.8998
v 33.80282 -78.22595 -415.3839
v 31.42957 -78.57664 -415.4134
v 31.42957 -78.46606 -414.8998
v 31.42957 -78.7877 -414.986
v 31.42957 -78.22595 -415.3839
v 31.42957 -77.92979 -415.1865
v 31.42957 -78.23057 -414.6644
v 31.42957 -77.76752 -414.8742
v 31.42957 -77.66837 -414.4324
v 31.42957 -78.14438 -414.3427
v 31.42957 -79.10937 -414.8998
v 31.42957 -80.63776 -415.0499
v 31.42957 -79.34485 -414.6644
v 31.42957 -79.43104 -414.3427
v 31.42957 -77.65491 -414.0374
v 31.42957 -78.23057 -414.0211
v 31.42957 -77.76527 -413.6141
v 31.42957 -78.46606 -413.7856
v 31.42957 -77.9699 -413.276
v 31.42957 -79.34485 -414.0211
v 31.42957 -80.24428 -410.7393
v 31.42957 -78.7877 -413.6994
v 31.42957 -79.10937 -413.7856
v 33.80282 -78.46606 -414.8998
v 31.42957 -78.46606 -414.8998
v 31.42957 -78.23057 -414.6644
v 33.80282 -78.23057 -414.6644
v 31.42957 -78.14438 -414.3427
v 33.80282 -78.14438 -414.3427
v 31.42957 -78.23057 -414.0211
v 33.80282 -78.23057 -414.0211
v 31.42957 -78.46606 -413.7856
v 31.42957 -78.7877 -413.6994
v 33.80282 -78.7877 -413.6994
v 31.42957 -79.10937 -413.7856
v 33.80282 -78.46606 -413.7856
v 33.80282 -78.23057 -414.0211
v 31.42957 -78.23057 -414.0211
v 33.80282 -79.10937 -413.7856
v 31.42957 -79.34485 -414.0211
v 33.80282 -79.34485 -414.0211
v 33.80282 -79.34485 -414.6644
v 31.42957 -79.34485 -414.6644
v 31.42957 -79.10937 -414.8998
v 31.42957 -79.43104 -414.3427
v 33.80282 -79.10937 -414.8998
v 33.80282 -79.43104 -414.3427
v 33.80282 -79.34485 -414.0211
v 31.42957 -79.34485 -414.0211
v 33.80282 -79.10937 -414.8998
v 31.42957 -79.10937 -414.8998
v 31.42957 -78.7877 -414.986
v 33.80282 -78.7877 -414.986
v 31.42957 -78.46606 -414.8998
v 33.80282 -78.46606 -414.8998
v 29.85528 -116.0172 -417.6071
v 29.85528 -105.2922 -417.617
v 29.59269 -105.472 -417.3468
v 29.6019 -115.844 -417.3468
v 29.85528 -116.7629 -418.7278
v 29.85528 -104.5531 -418.7278
v 29.85528 -104.3875 -420.2419
v 29.85528 -116.9285 -420.2419
v 35.53308 -116.7629 -418.7278
v 35.53309 -104.5531 -418.7278
v 35.53309 -104.3875 -420.2419
v 35.53308 -116.9285 -420.2419
v 35.53309 -105.2922 -417.617
v 35.53308 -116.0172 -417.6071
v 35.45796 -105.472 -417.3468
v 35.46059 -115.844 -417.3468
v 29.85528 -116.9285 -420.2419
v 35.53308 -116.9285 -420.2419
v 35.53309 -104.3875 -420.2419
v 29.85528 -104.3875 -420.2419
v 30.05638 -116.0172 -417.5255
v 29.74606 -115.8438 -417.2066
v 29.73685 -105.4719 -417.2066
v 30.05638 -105.2922 -417.5353
v 30.05638 -116.7629 -418.7278
v 30.05638 -104.5531 -418.7278
v 30.05638 -104.3875 -420.0408
v 30.05638 -116.9285 -420.0408
v 35.33199 -104.5531 -418.7278
v 35.33199 -116.7629 -418.7278
v 35.33199 -116.9285 -420.0408
v 35.33199 -104.3875 -420.0408
v 35.33199 -105.2923 -417.6444
v 35.33199 -116.0173 -417.6346
v 35.26685 -115.844 -417.4007
v 35.26422 -105.4721 -417.4007
v 35.33199 -104.3875 -420.0408
v 35.33199 -116.9285 -420.0408
v 30.05638 -116.9285 -420.0408
v 30.05638 -104.3875 -420.0408
v 35.53308 -116.9285 -420.2419
v 29.85528 -116.9285 -420.2419
v 30.05638 -116.9285 -420.0408
v 35.33199 -116.9285 -420.0408
v 35.53308 -116.7629 -418.7278
v 35.33199 -116.7629 -418.7278
v 35.33199 -116.0173 -417.6346
v 35.53308 -116.0172 -417.6071
v 35.46059 -115.844 -417.3468
v 35.26685 -115.844 -417.4007
v 29.85528 -116.7629 -418.7278
v 30.05638 -116.7629 -418.7278
v 29.85528 -116.0172 -417.6071
v 30.05638 -116.0172 -417.5255
v 29.74606 -115.8438 -417.2066
v 29.6019 -115.844 -417.3468
v 35.53309 -104.5531 -418.7278
v 35.33199 -104.5531 -418.7278
v 35.33199 -104.3875 -420.0408
v 35.53309 -104.3875 -420.2419
v 30.05638 -104.3875 -420.0408
v 35.33199 -105.2923 -417.6444
v 35.53309 -105.2922 -417.617
v 29.85528 -104.3875 -420.2419
v 29.85528 -104.5531 -418.7278
v 35.45796 -105.472 -417.3468
v 35.26422 -105.4721 -417.4007
v 30.05638 -104.5531 -418.7278
v 29.85528 -105.2922 -417.617
v 30.05638 -105.2922 -417.5353
v 29.73685 -105.4719 -417.2066
v 29.59269 -105.472 -417.3468
v 35.45796 -105.472 -417.3468
v 35.46059 -115.844 -417.3468
v 35.26685 -115.844 -417.4007
v 35.26422 -105.4721 -417.4007
v 29.6019 -115.844 -417.3468
v 29.59269 -105.472 -417.3468
v 29.73685 -105.4719 -417.2066
v 29.74606 -115.8438 -417.2066
v 33.54141 -87.02415 -422.5881
v 35.17092 -87.02415 -422.5881
v 35.17092 -86.67107 -423.1224
v 33.54141 -86.67107 -423.1224
v 33.54141 -84.70164 -422.1017
v 33.54141 -87.02415 -422.5881
v 33.54141 -86.67107 -423.1224
v 33.54141 -92.80866 -422.1017
v 33.54141 -92.80866 -422.5881
v 33.54141 -84.70164 -423.1224
v 33.54141 -87.02415 -422.5881
v 33.54141 -92.80866 -422.5881
v 35.17092 -92.80866 -422.5881
v 35.17092 -87.02415 -422.5881
v 33.54141 -84.70164 -423.1224
v 33.54141 -86.67107 -423.1224
v 35.17092 -86.67107 -423.1224
v 35.17092 -84.70164 -423.1224
v 33.54141 -84.70164 -422.1017
v 31.88533 -84.70164 -422.1017
v 31.88533 -92.80865 -422.1017
v 33.54141 -92.80866 -422.1017
v 31.88533 -86.67107 -423.1224
v 31.88533 -84.70164 -422.1017
v 31.88533 -84.70164 -423.1224
v 31.88533 -87.02415 -422.5881
v 31.88533 -92.80865 -422.1017
v 31.88533 -92.80866 -422.5881
v 33.6229 -138.3114 -420.7938
v 31.80383 -138.3114 -420.7938
v 31.80383 -138.5498 -422.5106
v 33.6229 -138.5498 -422.5106
v 28.28046 -105.3602 -412.9056
v 28.28046 -107.5355 -411.6497
v 28.28046 -105.3602 -410.3939
v 28.28046 -106.0853 -413.0999
v 28.28046 -106.8104 -412.9056
v 28.28046 -107.3412 -412.3748
v 28.28046 -104.8294 -412.3748
v 28.28046 -104.6352 -411.6497
v 28.28046 -104.8294 -410.9247
v 28.28046 -99.8829 -410.3939
v 28.28046 -99.3521 -410.9247
v 28.28046 -96.77803 -410.3939
v 28.28046 -106.0853 -410.1996
v 28.28046 -106.8104 -410.3939
v 28.28046 -107.3412 -410.9247
v 28.28046 -96.24725 -410.9247
v 28.28046 -99.15782 -411.6497
v 28.28046 -99.3521 -412.3748
v 28.28046 -99.8829 -412.9056
v 28.28046 -96.77803 -412.9056
v 28.28046 -96.24725 -412.3748
v 28.28046 -96.05296 -411.6497
v 27.67079 -106.7301 -410.5329
v 27.67079 -106.7301 -412.7665
v 27.67079 -104.7958 -411.6497
v 27.67079 -107.2021 -412.2945
v 27.67079 -107.3749 -411.6497
v 27.67078 -107.2021 -411.005
v 27.67078 -106.0853 -410.3602
v 27.67079 -105.4406 -410.5329
v 27.67078 -104.9686 -411.005
v 27.67079 -106.0853 -412.9393
v 27.67079 -105.4406 -412.7665
v 27.67079 -104.9686 -412.2945
v 27.67079 -99.49224 -412.2875
v 27.67079 -100.023 -412.7543
v 27.67079 -96.91817 -412.7543
v 27.67079 -99.29794 -411.6497
v 27.67079 -96.38737 -412.2875
v 27.67079 -99.49224 -411.012
v 27.67079 -100.023 -410.5451
v 27.67079 -96.19308 -411.6497
v 27.67079 -96.38737 -411.012
v 27.67079 -96.91817 -410.5451
v 28.28046 -106.8104 -412.9056
v 28.28046 -106.0853 -413.0999
v 27.67079 -106.0853 -412.9393
v 28.28046 -105.3602 -412.9056
v 27.67079 -106.7301 -412.7665
v 28.28046 -107.3412 -412.3748
v 27.67079 -105.4406 -412.7665
v 27.67079 -100.023 -412.7543
v 28.28046 -99.8829 -412.9056
v 27.67079 -107.2021 -412.2945
v 27.67079 -96.91817 -412.7543
v 28.28046 -96.77803 -412.9056
v 27.67079 -96.38737 -412.2875
v 28.28046 -96.24725 -412.3748
v 28.28046 -107.5355 -411.6497
v 28.28046 -107.3412 -412.3748
v 27.67079 -107.2021 -412.2945
v 27.67079 -107.3749 -411.6497
v 28.28046 -107.3412 -410.9247
v 27.67078 -107.2021 -411.005
v 27.67079 -106.7301 -410.5329
v 28.28046 -106.8104 -410.3939
v 27.67079 -105.4406 -410.5329
v 28.28046 -105.3602 -410.3939
v 28.28046 -106.0853 -410.1996
v 27.67079 -100.023 -410.5451
v 27.67078 -106.0853 -410.3602
v 28.28046 -106.8104 -410.3939
v 27.67079 -106.7301 -410.5329
v 28.28046 -99.8829 -410.3939
v 27.67079 -96.91817 -410.5451
v 28.28046 -96.77803 -410.3939
v 27.67079 -96.38737 -411.012
v 28.28046 -96.24725 -410.9247
v 27.67079 -96.38737 -412.2875
v 28.28046 -96.24725 -412.3748
v 28.28046 -96.05296 -411.6497
v 27.67079 -96.19308 -411.6497
v 27.67079 -96.38737 -411.012
v 28.28046 -96.24725 -410.9247
v 30.76217 -135.9791 -413.0276
v 30.40429 -135.9791 -413.0276
v 30.23521 -135.9572 -412.2273
v 30.38164 -135.9304 -411.246
v 30.917 -135.9304 -411.246
v 30.92181 -135.9791 -413.0276
v 30.91517 -135.9122 -410.5803
v 30.76217 -135.8844 -409.5647
v 34.66456 -135.8844 -409.5647
v 34.51167 -135.9122 -410.5803
v 35.04509 -135.9304 -411.246
v 34.50988 -135.9304 -411.246
v 34.66456 -135.9791 -413.0276
v 35.19153 -135.9572 -412.2273
v 35.02245 -135.9791 -413.0276
v 34.50508 -135.9791 -413.0276
v 29.20994 -126.5205 -411.4151
v 29.20994 -125.2472 -409.8137
v 30.76217 -135.8844 -409.5647
v 30.38164 -135.9304 -411.246
v 30.76217 -135.109 -408.8937
v 29.20994 -125.1043 -408.6659
v 28.56735 -127.2638 -412.3497
v 30.23521 -135.9572 -412.2273
v 28.56735 -127.87 -413.1122
v 30.40429 -135.9791 -413.0276
v 29.20994 -122.2994 -409.8447
v 29.20994 -122.3552 -408.1803
v 29.20994 -125.1043 -408.6659
v 29.20994 -115.2205 -409.8575
v 29.20994 -116.4939 -411.4589
v 29.20994 -125.2472 -409.8137
v 29.20994 -123.5728 -411.4461
v 29.20994 -126.5205 -411.4151
v 29.20994 -115.1607 -408.1803
v 28.56735 -117.2371 -412.3936
v 28.56735 -124.316 -412.3807
v 28.56735 -117.8434 -413.156
v 28.56735 -127.2638 -412.3497
v 28.56735 -124.9223 -413.1432
v 28.56735 -127.87 -413.1122
v 36.2168 -117.8434 -413.156
v 36.2168 -124.9223 -413.1432
v 36.85939 -124.9223 -413.1432
v 36.85939 -117.8434 -413.156
v 36.85939 -117.2371 -412.3936
v 36.2168 -116.4939 -411.4589
v 36.85939 -127.87 -413.1122
v 36.21679 -127.87 -413.1122
v 35.02245 -135.9791 -413.0276
v 34.66456 -135.9791 -413.0276
v 34.52548 -135.8554 -413.029
v 35.96706 -116.4939 -411.4589
v 35.96706 -117.8434 -413.156
v 35.96706 -124.9223 -413.1432
v 35.96706 -127.87 -413.1122
v 35.96706 -115.7953 -410.5803
v 36.2168 -115.2205 -409.8575
v 29.45967 -115.7953 -410.5803
v 29.20994 -115.2205 -409.8575
v 29.20994 -116.4939 -411.4589
v 29.45967 -116.4939 -411.4589
v 29.20994 -117.8434 -413.156
v 29.45967 -117.8434 -413.156
v 28.56735 -117.2371 -412.3936
v 29.45967 -124.9223 -413.1432
v 29.20994 -124.9223 -413.1432
v 28.56735 -117.8434 -413.156
v 29.45967 -127.87 -413.1122
v 29.20994 -127.87 -413.1122
v 30.90125 -135.8554 -413.029
v 28.56735 -124.9223 -413.1432
v 30.76217 -135.9791 -413.0276
v 30.92181 -135.9791 -413.0276
v 30.40429 -135.9791 -413.0276
v 28.56735 -127.87 -413.1122
v 36.2168 -126.5205 -411.4151
v 35.04509 -135.9304 -411.246
v 34.66456 -135.8844 -409.5647
v 36.85939 -127.2638 -412.3497
v 36.2168 -125.2472 -409.8137
v 34.66456 -135.109 -408.8937
v 36.2168 -123.5728 -411.4461
v 36.85939 -124.316 -412.3807
v 36.2168 -125.1043 -408.6659
v 36.2168 -122.2994 -409.8447
v 36.2168 -122.3552 -408.1803
v 36.2168 -115.2205 -409.8575
v 36.2168 -115.1607 -408.1803
v 36.2168 -116.4939 -411.4589
v 36.85939 -117.2371 -412.3936
v 36.85939 -117.8434 -413.156
v 35.19153 -135.9572 -412.2273
v 36.85939 -124.9223 -413.1432
v 36.85939 -127.87 -413.1122
v 35.02245 -135.9791 -413.0276
v 30.76217 -135.109 -408.8937
v 29.20994 -125.1043 -408.6659
v 36.2168 -125.1043 -408.6659
v 34.66456 -135.109 -408.8937
v 30.76217 -135.8844 -409.5647
v 34.66456 -135.8844 -409.5647
v 36.2168 -122.3552 -408.1803
v 29.20994 -122.3552 -408.1803
v 29.20994 -115.1607 -408.1803
v 36.2168 -115.1607 -408.1803
v 29.20994 -115.2205 -409.8575
v 36.2168 -115.2205 -409.8575
v 36.2168 -115.1607 -408.1803
v 29.20994 -115.1607 -408.1803
v 30.90125 -135.8283 -410.5803
v 34.52548 -135.8283 -410.5803
v 30.91517 -135.9122 -410.5803
v 34.51167 -135.9122 -410.5803
v 30.90125 -135.8283 -410.5803
v 30.917 -135.9304 -411.246
v 30.91517 -135.9122 -410.5803
v 30.90125 -135.8554 -413.029
v 30.92181 -135.9791 -413.0276
v 29.45967 -127.87 -413.1122
v 29.45967 -124.9223 -413.1432
v 29.45967 -115.7953 -410.5803
v 29.45967 -116.4939 -411.4589
v 29.45967 -117.8434 -413.156
v 35.96706 -124.9223 -413.1432
v 34.52548 -135.8283 -410.5803
v 35.96706 -127.87 -413.1122
v 34.52548 -135.8554 -413.029
v 35.96706 -115.7953 -410.5803
v 35.96706 -116.4939 -411.4589
v 35.96706 -117.8434 -413.156
v 34.50988 -135.9304 -411.246
v 34.50508 -135.9791 -413.0276
v 34.51167 -135.9122 -410.5803
v 29.82487 -80.79694 -417.2065
v 29.82487 -80.0851 -409.4084
v 29.82487 -82.42922 -409.4084
v 29.82487 -83.14107 -417.2065
v 29.82487 -83.14107 -417.2065
v 29.82487 -82.42922 -409.4084
v 35.40752 -82.42922 -409.4084
v 35.40752 -83.14107 -417.2065
v 35.40752 -82.42922 -409.4084
v 35.40752 -80.0851 -409.4084
v 35.40752 -80.79694 -417.2065
v 35.40752 -83.14107 -417.2065
v 35.40752 -80.79694 -417.2065
v 35.40752 -80.0851 -409.4084
v 29.82487 -80.0851 -409.4084
v 29.82487 -80.79694 -417.2065
v 35.40752 -82.42922 -409.4084
v 29.82487 -82.42922 -409.4084
v 29.82487 -80.0851 -409.4084
v 35.40752 -80.0851 -409.4084
v 29.82487 -83.14107 -417.2065
v 35.40752 -83.14107 -417.2065
v 35.40752 -80.79694 -417.2065
v 29.82487 -80.79694 -417.2065
v 37.79601 -88.97778 -412.3163
v 36.33685 -88.73627 -412.3858
v 36.33685 -88.936 -412.9369
v 36.33685 -88.7649 -411.7497
v 37.79601 -89.16595 -412.8355
v 37.79601 -89.07323 -411.8651
v 37.79601 -88.97778 -412.3163
v 37.79601 -89.51607 -411.4604
v 37.79601 -89.07323 -411.8651
v 37.79601 -89.16595 -412.8355
v 37.79601 -90.07576 -413.191
v 37.79601 -96.27907 -410.9428
v 37.79601 -95.71938 -409.2122
v 37.79601 -96.72191 -410.5381
v 37.79601 -96.65486 -409.5339
v 37.79601 -96.31866 -409.2391
v 37.79601 -96.84305 -410.0532
v 37.79601 -89.47646 -413.164
v 37.79601 -96.27907 -410.9428
v 37.79601 -90.07576 -413.191
v 36.33685 -90.00161 -413.4355
v 37.79601 -89.47646 -413.164
v 36.33685 -96.58587 -411.0493
v 37.79601 -96.72191 -410.5381
v 36.33685 -97.05592 -410.6198
v 36.33685 -89.36552 -413.4069
v 36.33685 -88.936 -412.9369
v 37.79601 -89.16595 -412.8355
v 36.33685 -89.23493 -411.3202
v 36.33685 -90.00161 -413.4355
v 36.33685 -88.936 -412.9369
v 36.33685 -95.81921 -408.9339
v 36.33685 -88.73627 -412.3858
v 36.33685 -88.7649 -411.7497
v 36.33685 -89.36552 -413.4069
v 36.33685 -96.58587 -411.0493
v 36.33685 -96.8848 -409.4325
v 36.33685 -97.08455 -409.9837
v 36.33685 -97.05592 -410.6198
v 36.33685 -96.4553 -408.9625
v 36.33685 -96.8848 -409.4325
v 37.79601 -96.65486 -409.5339
v 37.79601 -96.84305 -410.0532
v 36.33685 -97.08455 -409.9837
v 36.33685 -97.05592 -410.6198
v 37.79601 -96.72191 -410.5381
v 36.33685 -95.81921 -408.9339
v 37.79601 -95.71938 -409.2122
v 37.79601 -96.31866 -409.2391
v 36.33685 -96.4553 -408.9625
v 36.33685 -96.8848 -409.4325
v 37.79601 -96.65486 -409.5339
v 37.79601 -89.51607 -411.4604
v 36.33685 -89.23493 -411.3202
v 37.79601 -89.07323 -411.8651
v 36.33685 -88.7649 -411.7497
v 27.67079 -96.35656 -412.1826
v 27.67079 -99.25497 -412.1826
v 27.67079 -99.25497 -411.8419
v 27.67079 -96.35656 -411.8419
v 27.67079 -96.35656 -411.8419
v 27.67079 -99.25497 -411.8419
v 26.39044 -99.25497 -411.8419
v 26.39044 -96.35656 -411.8419
v 26.32531 -96.42168 -411.9071
v 26.32531 -99.18983 -411.9071
v 27.67079 -99.25497 -412.1826
v 27.67079 -96.35656 -412.1826
v 26.39044 -96.35656 -412.1826
v 26.39044 -99.25497 -412.1826
v 26.32531 -96.42168 -412.1175
v 26.32531 -99.18983 -412.1175
v 27.67079 -96.35656 -412.1826
v 27.67079 -96.35656 -411.8419
v 26.39044 -96.35656 -411.8419
v 26.39044 -96.35656 -412.1826
v 26.32531 -96.42168 -412.1175
v 26.32531 -96.42168 -411.9071
v 26.32531 -99.18983 -411.9071
v 26.32531 -99.18983 -412.1175
v 26.32531 -99.18983 -412.1175
v 26.32531 -99.18983 -411.9071
v 26.39044 -99.25497 -411.8419
v 26.39044 -99.25497 -412.1826
v 27.67079 -99.25497 -411.8419
v 27.67079 -99.25497 -412.1826
v 27.9908 -94.73767 -378.8083
v 27.9908 -95.18502 -377.2953
v 27.9908 -97.28989 -378.3221
v 27.9908 -97.32124 -379.3564
v 27.9908 -94.63126 -380.0502
v 27.9908 -97.23813 -380.1047
v 27.9908 -94.80383 -381.62
v 27.9908 -97.07191 -381.6012
v 27.9908 -95.20624 -384.7814
v 27.9908 -97.09856 -384.5522
v 27.9908 -97.60258 -386.776
v 27.9908 -95.77328 -387.4166
v 27.9908 -98.28151 -389.7714
v 27.9908 -96.55887 -390.2073
v 27.9908 -98.96045 -392.7669
v 27.9908 -97.20473 -393.1836
v 27.9908 -99.46448 -394.9907
v 27.9908 -97.89555 -395.7061
v 27.9908 -98.84933 -397.3752
v 27.99081 -85.49509 -400.3747
v 27.99081 -83.34169 -396.2382
v 27.99081 -82.20644 -393.3442
v 27.99081 -81.38354 -390.3807
v 27.99081 -80.54566 -386.1877
v 28.2801 -99.26226 -392.7669
v 27.9908 -100.4182 -396.6597
v 27.9908 -102.8849 -400.3701
v 27.99081 -85.77327 -402.004
v 27.9908 -99.09094 -401.2507
v 27.9908 -101.72 -402.8176
v 27.99081 -85.05795 -404.15
v 27.9908 -98.20396 -403.2536
v 27.9908 -101.2523 -405.9717
v 27.9908 -97.31696 -405.2566
v 27.99081 -84.57153 -404.8081
v 27.9908 -97.77319 -409.5584
v 27.99081 -84.0851 -405.4662
v 27.99081 -84.35979 -409.5235
v 27.99081 -83.07811 -406.2469
v 27.9908 -91.4799 -412.5769
v 27.9908 -101.7502 -409.433
v 27.99081 -83.15516 -410.0254
v 27.99081 -84.93204 -412.5519
v 27.99081 -82.97942 -412.5439
v 27.99081 -81.11042 -379.8163
v 27.99081 -82.36974 -378.9791
v 27.99081 -82.31285 -377.9703
v 27.99081 -80.42302 -381.4905
v 28.30128 -79.50731 -408.697
v 28.30128 -79.96021 -408.6069
v 28.30128 -79.258 -411.6642
v 28.30128 -83.01959 -410.1155
v 28.30128 -82.86348 -412.3723
v 28.30128 -80.5423 -408.2179
v 28.30128 -80.93123 -407.6359
v 28.30128 -83.09439 -406.6036
v 28.30128 -81.05118 -407.0328
v 28.30128 -79.38082 -408.7183
v 28.30128 -79.32843 -408.7242
v 28.30128 -79.29138 -408.7256
v 28.30128 -79.258 -408.7243
v 28.30128 -79.258 -412.329
v 32.71337 -82.38656 -405.4662
v 32.71337 -81.15472 -406.2469
v 37.43594 -83.07811 -406.2469
v 27.99081 -83.07811 -406.2469
v 37.43594 -84.0851 -405.4662
v 32.71337 -82.98158 -404.8081
v 27.99081 -84.0851 -405.4662
v 37.43594 -84.57153 -404.8081
v 32.71337 -83.5766 -404.15
v 27.99081 -84.57153 -404.8081
v 37.43594 -85.05795 -404.15
v 27.99081 -85.05795 -404.15
v 37.43594 -94.73767 -378.8083
v 37.43594 -97.32124 -379.3564
v 37.43594 -97.28989 -378.3221
v 37.43594 -95.18502 -377.2953
v 37.43594 -94.63126 -380.0502
v 37.43594 -97.23813 -380.1047
v 37.43594 -94.80383 -381.62
v 37.43594 -97.07191 -381.6012
v 37.43594 -95.20624 -384.7814
v 37.43594 -97.09856 -384.5522
v 37.43594 -80.54566 -386.1877
v 37.43594 -97.60258 -386.776
v 37.43594 -95.77328 -387.4166
v 37.43594 -81.38354 -390.3807
v 37.43594 -82.20644 -393.3442
v 37.43594 -98.28151 -389.7714
v 37.43594 -96.55887 -390.2073
v 37.43594 -83.34169 -396.2382
v 37.43594 -98.96045 -392.7669
v 37.43594 -97.20473 -393.1836
v 37.43594 -85.49509 -400.3747
v 37.43594 -97.89555 -395.7061
v 37.43594 -99.46448 -394.9907
v 37.43594 -98.84933 -397.3752
v 37.43594 -85.77327 -402.004
v 37.43594 -100.3678 -396.811
v 37.20922 -99.69362 -394.9907
v 37.43594 -101.8161 -400.5132
v 37.43594 -99.09094 -401.2507
v 37.43594 -85.05795 -404.15
v 37.20922 -100.5848 -396.7384
v 37.43594 -98.20396 -403.2536
v 37.43594 -84.57153 -404.8081
v 37.43594 -101.3428 -402.8882
v 37.43594 -101.1575 -405.9717
v 37.43594 -97.31696 -405.2566
v 37.43594 -84.0851 -405.4662
v 37.43594 -97.77477 -409.628
v 37.43594 -84.35979 -409.5235
v 37.43594 -83.07811 -406.2469
v 37.43594 -101.5255 -409.3501
v 37.20922 -101.4113 -405.9717
v 37.20922 -101.634 -402.9124
v 37.20922 -102.0888 -400.423
v 37.43594 -91.4799 -412.5769
v 37.43594 -84.93204 -412.5519
v 37.43594 -83.15516 -410.0254
v 37.43594 -82.97942 -412.5439
v 37.20922 -101.9013 -409.5693
v 37.43594 -82.36974 -378.9791
v 37.43594 -81.11042 -379.8163
v 37.43594 -82.31285 -377.9703
v 37.43594 -80.42302 -381.4905
v 35.96707 -79.72127 -412.5431
v 37.12547 -82.86348 -412.3723
v 37.12547 -79.258 -412.329
v 35.96707 -82.9765 -412.5806
v 35.96707 -79.258 -412.5337
v 37.12547 -79.258 -411.6642
v 37.12547 -79.95053 -408.6069
v 37.12547 -79.62481 -408.6717
v 37.12547 -83.01959 -410.1155
v 37.12547 -79.42949 -408.7046
v 37.12547 -79.34859 -408.7137
v 37.12547 -79.29139 -408.7159
v 37.12547 -79.258 -408.7146
v 37.12547 -80.53261 -408.2179
v 37.12547 -80.92155 -407.6359
v 37.12547 -83.09439 -406.6036
v 37.12547 -81.04106 -407.0349
v 37.12547 -82.86348 -412.3723
v 37.12547 -79.258 -412.329
v 37.20922 -98.48954 -389.7714
v 37.43594 -98.28151 -389.7714
v 37.43594 -98.96045 -392.7669
v 37.20922 -99.17793 -392.7669
v 37.43594 -99.46448 -394.9907
v 32.71337 -99.75275 -389.7714
v 37.20922 -97.80113 -386.776
v 37.43594 -97.60258 -386.776
v 32.71337 -98.92223 -386.776
v 37.20922 -97.29008 -384.5522
v 37.43594 -97.09856 -384.5522
v 32.71337 -98.30566 -384.5522
v 37.20922 -97.26306 -381.6012
v 37.43594 -97.07191 -381.6012
v 32.71337 -98.27306 -381.6012
v 37.43594 -97.23813 -380.1047
v 37.20922 -97.43159 -380.1047
v 32.71337 -98.4764 -380.1047
v 28.2801 -97.46841 -380.1047
v 37.20922 -99.69362 -394.9907
v 37.43594 -97.32124 -379.3564
v 37.20922 -97.51587 -379.3564
v 32.71337 -98.57806 -379.3564
v 28.2801 -97.55499 -379.3564
v 27.9908 -97.32124 -379.3564
v 37.20922 -97.4841 -378.3221
v 37.43594 -97.28989 -378.3221
v 32.71337 -98.53972 -378.3221
v 28.2801 -97.52232 -378.3221
v 27.9908 -97.28989 -378.3221
v 28.2801 -97.2953 -381.6012
v 27.9908 -97.23813 -380.1047
v 27.9908 -97.07191 -381.6012
v 27.9908 -97.09856 -384.5522
v 28.2801 -97.32304 -384.5522
v 27.9908 -97.60258 -386.776
v 28.2801 -97.848 -386.776
v 27.9908 -98.28151 -389.7714
v 28.2801 -98.55511 -389.7714
v 27.9908 -98.96045 -392.7669
v 28.2801 -99.26226 -392.7669
v 32.71337 -100.5833 -392.7669
v 28.28009 -99.80102 -394.9907
v 32.71337 -101.274 -394.9907
v 28.28009 -100.6465 -396.6597
v 32.71337 -101.6454 -396.6597
v 28.28009 -102.8371 -400.2746
v 27.9908 -100.4182 -396.6597
v 27.9908 -99.46448 -394.9907
v 32.71337 -102.6357 -400.2491
v 32.71337 -102.1232 -402.9387
v 37.20922 -102.0888 -400.423
v 37.20922 -100.5848 -396.7384
v 28.28009 -101.7023 -402.9131
v 32.71337 -102.0118 -405.9717
v 37.20922 -101.634 -402.9124
v 28.28009 -101.4104 -405.9717
v 28.28009 -101.9808 -409.6551
v 32.71337 -102.2792 -409.6742
v 37.20922 -101.4113 -405.9717
v 37.20922 -101.9013 -409.5693
v 27.9908 -101.7502 -409.433
v 27.9908 -101.2523 -405.9717
v 27.9908 -101.72 -402.8176
v 27.9908 -102.8849 -400.3701
v 27.9908 -102.8849 -400.3701
v 32.71337 -80.28817 -378.9791
v 37.43594 -82.36974 -378.9791
v 37.43594 -82.31285 -377.9703
v 32.71337 -80.21859 -377.9703
v 27.99081 -82.31285 -377.9703
v 27.99081 -82.36974 -378.9791
v 27.99081 -84.93204 -412.5519
v 29.78759 -84.93204 -412.7282
v 29.78759 -82.97942 -412.7202
v 27.99081 -82.97942 -412.5439
v 27.9908 -91.4799 -412.5769
v 29.78759 -91.4799 -412.7531
v 29.45967 -95.82548 -410.5803
v 27.9908 -97.77319 -409.5584
v 28.2801 -98.02733 -409.6057
v 32.71337 -99.13284 -409.6057
v 35.96706 -95.82548 -410.5803
v 29.45967 -79.45811 -410.5803
v 37.20922 -97.9757 -409.6057
v 37.43594 -97.77477 -409.628
v 37.43594 -91.4799 -412.5769
v 35.63915 -91.4799 -412.7531
v 35.63915 -84.93204 -412.7282
v 37.43594 -101.5255 -409.3501
v 37.20922 -101.9013 -409.5693
v 32.71337 -102.2792 -409.6742
v 28.28009 -101.9808 -409.6551
v 27.9908 -101.7502 -409.433
v 37.43594 -84.93204 -412.5519
v 35.63915 -82.97942 -412.7202
v 35.96707 -79.45811 -410.5803
v 29.45967 -79.258 -410.5803
v 35.96707 -79.258 -410.5803
v 37.43594 -82.97942 -412.5439
v 32.71337 -84.45165 -402.004
v 32.71337 -83.5766 -404.15
v 37.43594 -85.05795 -404.15
v 27.99081 -85.05795 -404.15
v 37.43594 -85.77327 -402.004
v 37.43594 -85.49509 -400.3747
v 32.71337 -84.11136 -400.3747
v 37.43594 -83.34169 -396.2382
v 32.71337 -81.47716 -396.2382
v 37.43594 -82.20644 -393.3442
v 32.71337 -80.08841 -393.3442
v 37.43594 -81.38354 -390.3807
v 32.71337 -79.08179 -390.3807
v 37.43594 -80.54566 -386.1877
v 32.71337 -78.05683 -386.1877
v 37.43594 -80.42302 -381.4905
v 32.71337 -77.90678 -381.4905
v 32.71337 -78.74767 -379.8163
v 27.99081 -80.42302 -381.4905
v 27.99081 -80.54566 -386.1877
v 27.99081 -81.38354 -390.3807
v 27.99081 -82.20644 -393.3442
v 27.99081 -83.34169 -396.2382
v 37.43594 -81.11042 -379.8163
v 27.99081 -81.11042 -379.8163
v 27.99081 -85.49509 -400.3747
v 27.99081 -85.77327 -402.004
v 37.12547 -79.258 -411.6642
v 37.12547 -79.258 -408.7146
v 35.96707 -79.258 -410.5803
v 35.96707 -79.258 -411.8125
v 36.68097 -79.258 -408.6262
v 37.12547 -79.258 -412.329
v 35.96707 -79.258 -412.5337
v 36.5836 -79.258 -408.6069
v 36.00152 -79.258 -408.2179
v 35.61258 -79.258 -407.6359
v 29.86282 -79.258 -407.6359
v 29.45967 -79.258 -410.5803
v 29.47389 -79.258 -408.2179
v 28.89181 -79.258 -408.6069
v 28.74907 -79.258 -408.6352
v 28.30128 -79.258 -408.7243
v 28.30128 -79.258 -411.6642
v 29.45967 -79.258 -411.8125
v 28.30128 -79.258 -412.329
v 29.45967 -79.258 -412.5337
v 35.56757 -79.258 -407.4095
v 29.90784 -79.258 -407.4095
v 28.30128 -79.258 -412.329
v 29.45967 -79.72127 -412.5431
v 29.45967 -79.258 -412.5337
v 28.30128 -82.86348 -412.3723
v 29.45967 -82.9765 -412.5806
v 37.20922 -95.34986 -377.2953
v 37.43594 -95.18502 -377.2953
v 37.43594 -97.28989 -378.3221
v 36.93826 -94.80306 -377.312
v 37.20922 -97.4841 -378.3221
v 32.71337 -95.96487 -377.2953
v 36.74262 -94.91921 -377.3123
v 36.93823 -82.74734 -377.9518
v 37.43594 -82.31285 -377.9703
v 32.71337 -80.21859 -377.9703
v 32.71337 -82.74734 -377.9431
v 28.48851 -82.74734 -377.9518
v 27.99081 -82.31285 -377.9703
v 27.9908 -95.18502 -377.2953
v 28.48849 -94.80306 -377.312
v 28.2801 -95.33006 -377.2953
v 28.2801 -97.52232 -378.3221
v 28.68522 -94.80306 -377.3131
v 32.71337 -94.80306 -377.3185
v 27.9908 -97.28989 -378.3221
v 32.71337 -98.53972 -378.3221
v 32.71337 -80.28817 -378.9791
v 32.71337 -78.74767 -379.8163
v 37.43594 -81.11042 -379.8163
v 27.99081 -81.11042 -379.8163
v 37.43594 -82.36974 -378.9791
v 27.99081 -82.36974 -378.9791
v 32.71337 -98.82697 -409.2281
v 32.71337 -86.7572 -409.002
v 36.93826 -98.82743 -409.2216
v 36.93823 -86.75658 -409.0106
v 36.74262 -98.94354 -409.222
v 28.68522 -98.82734 -409.2228
v 28.48851 -86.75658 -409.0106
v 28.48849 -98.82743 -409.2216
v 35.63915 -84.93204 -412.7282
v 35.96706 -95.82548 -410.5803
v 35.63915 -91.4799 -412.7531
v 35.96707 -79.45811 -410.5803
v 35.96707 -82.9765 -412.5806
v 35.96707 -79.72127 -412.5431
v 35.96707 -79.258 -411.8125
v 35.96707 -79.258 -410.5803
v 35.96707 -79.258 -412.5337
v 29.45967 -79.72127 -412.5431
v 29.45967 -79.258 -411.8125
v 29.45967 -79.258 -412.5337
v 29.45967 -79.45811 -410.5803
v 29.45967 -79.258 -410.5803
v 29.45967 -82.9765 -412.5806
v 29.78759 -84.93204 -412.7282
v 29.45967 -95.82548 -410.5803
v 29.78759 -91.4799 -412.7531
v 29.78759 -84.93204 -412.7282
v 29.45967 -82.9765 -412.5806
v 29.78759 -82.97942 -412.7202
v 32.76398 -117.5848 -419.7562
v 32.76398 -142.8156 -419.7562
v 33.92592 -142.8156 -419.4448
v 33.92592 -117.5848 -419.4448
v 34.77652 -142.8156 -418.5942
v 34.77652 -117.5848 -418.5942
v 31.60204 -117.5848 -419.4448
v 31.60204 -142.8156 -419.4448
v 30.75145 -117.5848 -418.5942
v 30.75144 -142.8156 -418.5942
v 34.77652 -117.5848 -418.5942
v 34.77652 -142.8156 -418.5942
v 35.08785 -142.8156 -417.4322
v 35.08785 -117.5848 -417.4322
v 34.77652 -142.8156 -416.2703
v 34.77652 -117.5848 -416.2703
v 33.92592 -142.8156 -415.4198
v 33.92592 -117.5848 -415.4198
v 33.92592 -117.5848 -415.4198
v 33.92592 -142.8156 -415.4198
v 32.76398 -142.8156 -415.1084
v 32.76398 -117.5848 -415.1084
v 31.60204 -142.8156 -415.4198
v 31.60205 -117.5848 -415.4198
v 31.60205 -117.5848 -415.4198
v 30.75145 -142.8156 -416.2703
v 30.75145 -117.5848 -416.2703
v 30.44011 -142.8156 -417.4322
v 30.44011 -117.5848 -417.4322
v 30.75144 -142.8156 -418.5942
v 30.75145 -117.5848 -418.5942
v 32.76398 -117.5848 -419.7562
v 32.76398 -117.5848 -415.1084
v 30.75145 -117.5848 -418.5942
v 31.60204 -117.5848 -419.4448
v 31.60205 -117.5848 -415.4198
v 30.75145 -117.5848 -416.2703
v 30.44011 -117.5848 -417.4322
v 34.77652 -117.5848 -418.5942
v 33.92592 -117.5848 -419.4448
v 35.08785 -117.5848 -417.4322
v 34.77652 -117.5848 -416.2703
v 33.92592 -117.5848 -415.4198
v 34.81361 -142.8156 -417.4322
v 34.81361 -128.1924 -417.4322
v 34.53901 -128.1924 -416.4074
v 34.53901 -142.8156 -416.4074
v 34.53901 -142.8156 -418.4571
v 34.53901 -128.1924 -418.4571
v 33.7888 -128.1924 -419.2073
v 33.7888 -142.8156 -419.2073
v 32.76398 -142.8156 -419.4819
v 33.7888 -142.8156 -419.2073
v 33.92592 -142.8156 -419.4448
v 32.76398 -142.8156 -419.7562
v 31.73917 -142.8156 -419.2073
v 34.77652 -142.8156 -418.5942
v 34.53901 -142.8156 -418.4571
v 35.08785 -142.8156 -417.4322
v 34.81361 -142.8156 -417.4322
v 34.53901 -142.8156 -416.4074
v 34.77652 -142.8156 -416.2703
v 33.92592 -142.8156 -415.4198
v 33.7888 -142.8156 -415.6572
v 32.76398 -142.8156 -415.1084
v 32.76398 -142.8156 -415.3826
v 31.60204 -142.8156 -415.4198
v 31.73917 -142.8156 -415.6572
v 30.75145 -142.8156 -416.2703
v 30.98895 -142.8156 -416.4074
v 30.44011 -142.8156 -417.4322
v 30.71435 -142.8156 -417.4322
v 30.75144 -142.8156 -418.5942
v 30.98895 -142.8156 -418.4571
v 31.60204 -142.8156 -419.4448
v 31.73917 -128.1924 -415.6572
v 31.73917 -128.1924 -419.2073
v 30.71435 -128.1924 -417.4322
v 30.98895 -128.1924 -416.4074
v 30.98895 -128.1924 -418.4571
v 33.7888 -128.1924 -419.2073
v 32.76398 -128.1924 -419.4819
v 34.81361 -128.1924 -417.4322
v 34.53901 -128.1924 -418.4571
v 33.7888 -128.1924 -415.6572
v 34.53901 -128.1924 -416.4074
v 32.76398 -128.1924 -415.3827
v 30.71435 -142.8156 -417.4322
v 30.98895 -142.8156 -416.4074
v 30.98895 -128.1924 -416.4074
v 30.71435 -128.1924 -417.4322
v 30.98895 -142.8156 -418.4571
v 30.98895 -128.1924 -418.4571
v 31.73917 -142.8156 -419.2073
v 31.73917 -128.1924 -419.2073
v 31.73917 -142.8156 -415.6572
v 32.76398 -142.8156 -415.3826
v 32.76398 -128.1924 -415.3827
v 31.73917 -128.1924 -415.6572
v 30.98895 -142.8156 -416.4074
v 30.98895 -128.1924 -416.4074
v 33.7888 -128.1924 -415.6572
v 33.7888 -142.8156 -415.6572
v 34.53901 -128.1924 -416.4074
v 34.53901 -142.8156 -416.4074
v 32.76398 -142.8156 -419.4819
v 31.73917 -142.8156 -419.2073
v 31.73917 -128.1924 -419.2073
v 32.76398 -128.1924 -419.4819
v 33.7888 -142.8156 -419.2073
v 33.7888 -128.1924 -419.2073
v 27.99081 -83.15516 -410.0254
v 28.30128 -83.01959 -410.1155
v 28.30128 -83.09439 -406.6036
v 28.30128 -82.86348 -412.3723
v 27.99081 -83.07811 -406.2469
v 32.71337 -81.15472 -406.2469
v 27.99081 -82.97942 -412.5439
v 29.45967 -82.9765 -412.5806
v 29.78759 -82.97942 -412.7202
v 32.71337 -81.17464 -406.6036
v 37.12547 -83.09439 -406.6036
v 37.43594 -83.07811 -406.2469
v 37.43594 -83.15516 -410.0254
v 37.12547 -83.01959 -410.1155
v 37.12547 -82.86348 -412.3723
v 37.43594 -82.97942 -412.5439
v 35.96707 -82.9765 -412.5806
v 35.63915 -82.97942 -412.7202
v 28.84618 -80.82283 -407.6359
v 28.69735 -80.46351 -408.2179
v 29.10894 -80.18849 -408.2179
v 29.38396 -80.46351 -407.6359
v 28.30128 -80.5423 -408.2179
v 28.30128 -80.93123 -407.6359
v 29.45346 -80.53301 -407.1416
v 28.89013 -80.92894 -407.0585
v 28.30128 -81.05118 -407.0328
v 28.69735 -79.77689 -408.6069
v 28.4746 -79.92573 -408.6069
v 28.30128 -79.50731 -408.697
v 28.30128 -79.96021 -408.6069
v 28.30128 -79.38082 -408.7183
v 28.84618 -79.55414 -408.6069
v 29.10894 -80.18849 -408.2179
v 28.69735 -80.46351 -408.2179
v 28.30128 -80.5423 -408.2179
v 29.38396 -79.77689 -408.2179
v 28.89845 -79.29139 -408.6069
v 28.30128 -79.32843 -408.7242
v 28.30128 -79.29138 -408.7256
v 29.48053 -79.29139 -408.2179
v 29.47389 -79.258 -408.2179
v 28.74907 -79.258 -408.6352
v 28.30128 -79.258 -408.7243
v 28.89181 -79.258 -408.6069
v 29.74329 -79.92573 -407.6359
v 29.38396 -80.46351 -407.6359
v 29.10894 -80.18849 -408.2179
v 29.38396 -79.77689 -408.2179
v 29.48053 -79.29139 -408.2179
v 29.86946 -79.29139 -407.6359
v 29.86282 -79.258 -407.6359
v 29.90784 -79.258 -407.4095
v 29.47389 -79.258 -408.2179
v 29.91587 -79.29139 -407.4025
v 29.81175 -79.95409 -407.2633
v 29.45346 -80.53301 -407.1416
v 36.57696 -79.29139 -408.6069
v 37.12547 -79.29139 -408.7159
v 37.12547 -79.34859 -408.7137
v 36.62922 -79.55414 -408.6069
v 37.12547 -79.42949 -408.7046
v 36.09145 -79.77689 -408.2179
v 35.99488 -79.29139 -408.2179
v 36.77806 -79.77689 -408.6069
v 37.12547 -79.62481 -408.6717
v 36.36647 -80.18849 -408.2179
v 36.77806 -80.46351 -408.2179
v 37.00082 -79.92573 -408.6069
v 37.12547 -79.95053 -408.6069
v 37.12547 -80.53261 -408.2179
v 36.68097 -79.258 -408.6262
v 37.12547 -79.258 -408.7146
v 36.5836 -79.258 -408.6069
v 36.00152 -79.258 -408.2179
v 35.60594 -79.29139 -407.6359
v 35.99488 -79.29139 -408.2179
v 36.09145 -79.77689 -408.2179
v 35.73212 -79.92573 -407.6359
v 36.36647 -80.18849 -408.2179
v 36.09145 -80.46351 -407.6359
v 35.61258 -79.258 -407.6359
v 36.00152 -79.258 -408.2179
v 35.66366 -79.95409 -407.2633
v 36.02195 -80.53301 -407.1416
v 35.55953 -79.29139 -407.4025
v 35.56757 -79.258 -407.4095
v 36.09145 -80.46351 -407.6359
v 36.36647 -80.18849 -408.2179
v 36.77806 -80.46351 -408.2179
v 36.62923 -80.82283 -407.6359
v 37.12547 -80.53261 -408.2179
v 37.12547 -80.92155 -407.6359
v 36.02195 -80.53301 -407.1416
v 36.58527 -80.92894 -407.0585
v 37.12547 -81.04106 -407.0349
v 36.58527 -80.92894 -407.0585
v 37.12547 -83.09439 -406.6036
v 36.02195 -80.53301 -407.1416
v 32.71337 -81.17464 -406.6036
v 35.66366 -79.95409 -407.2633
v 35.55953 -79.29139 -407.4025
v 35.56757 -79.258 -407.4095
v 29.90784 -79.258 -407.4095
v 29.91587 -79.29139 -407.4025
v 29.81175 -79.95409 -407.2633
v 29.45346 -80.53301 -407.1416
v 28.30128 -83.09439 -406.6036
v 28.89013 -80.92894 -407.0585
v 28.30128 -81.05118 -407.0328
v 37.12547 -81.04106 -407.0349
v 28.48849 -94.80306 -377.312
v 28.48851 -82.74734 -377.9518
v 28.48851 -86.75658 -409.0106
v 28.48849 -98.82743 -409.2216
v 28.48851 -82.74734 -377.9518
v 32.71337 -82.74734 -377.9431
v 32.71337 -86.7572 -409.002
v 28.48851 -86.75658 -409.0106
v 36.93823 -82.74734 -377.9518
v 36.93823 -86.75658 -409.0106
v 36.74262 -94.91921 -377.3123
v 36.74262 -98.94354 -409.222
v 36.93826 -98.82743 -409.2216
v 36.93826 -94.80306 -377.312
v 32.71337 -98.82697 -409.2281
v 32.71337 -94.80306 -377.3185
v 28.68522 -98.82734 -409.2228
v 28.68522 -94.80306 -377.3131
v 28.48849 -98.82743 -409.2216
v 28.48849 -94.80306 -377.312
v 36.93826 -94.80306 -377.312
v 36.93826 -98.82743 -409.2216
v 36.93823 -86.75658 -409.0106
v 36.93823 -82.74734 -377.9518
v 35.23558 -141.9666 -417.6937
v 35.23558 -137.5204 -417.6937
v 35.23558 -137.5509 -420.7384
v 35.23558 -137.5154 -417.3318
v 35.23558 -141.9666 -420.7384
v 35.43914 -137.1383 -417.3342
v 35.36977 -137.0774 -417.6937
v 35.37004 -137.1081 -420.7384
v 35.83261 -136.3835 -420.7384
v 35.83287 -136.35 -417.6937
v 35.96706 -135.9212 -418.9809
v 35.96706 -135.9407 -420.7384
v 35.96706 -116.0634 -420.7384
v 35.96706 -135.907 -417.6937
v 35.96706 -115.9206 -419.0031
v 35.23558 -137.4799 -413.6492
v 35.43891 -137.1025 -413.6517
v 35.11768 -141.9666 -414.4747
v 35.88398 -115.1284 -417.4203
v 29.45967 -82.63602 -419.3046
v 29.45967 -82.29559 -417.7567
v 29.45967 -84.03277 -417.6834
v 29.45967 -84.36783 -420.7384
v 29.45967 -80.90423 -418.9337
v 29.45967 -80.55843 -417.7567
v 29.45967 -105.3954 -419.0031
v 29.45967 -105.2526 -420.7384
v 29.15871 -106.1875 -417.4203
v 30.31427 -141.9666 -414.4747
v 30.19636 -137.5154 -417.3318
v 30.19636 -137.4799 -413.6492
v 29.99216 -137.1383 -417.3342
v 30.19636 -141.9666 -417.6937
v 30.19636 -137.5204 -417.6937
v 30.19636 -137.5509 -420.7384
v 30.0612 -137.0774 -417.6937
v 30.06094 -137.1081 -420.7384
v 30.19636 -141.9666 -420.7384
v 29.59508 -136.3835 -420.7384
v 29.59482 -136.35 -417.6937
v 29.45967 -135.9212 -418.9809
v 29.45967 -135.907 -417.6937
v 29.45967 -135.9407 -420.7384
v 29.45967 -116.0634 -420.7384
v 29.99238 -137.1025 -413.6517
v 29.45967 -115.9206 -419.0031
v 29.16926 -115.1284 -417.4203
v 35.96707 -84.03277 -417.7567
v 35.96707 -82.29559 -417.7567
v 35.96707 -82.63602 -419.3046
v 35.96707 -84.20437 -419.2838
v 35.96706 -105.3954 -419.0031
v 35.96707 -84.36783 -420.7384
v 35.96707 -80.90423 -418.9337
v 35.96707 -80.55843 -417.7567
v 35.88095 -106.1875 -417.4203
v 35.96706 -105.2526 -420.7384
v 29.90785 -81.50028 -410.5803
v 29.29412 -81.50028 -410.5803
v 29.29412 -79.75056 -410.5803
v 29.90785 -79.75056 -410.5803
v 29.29412 -78.85049 -410.5803
v 29.90785 -83.25 -410.5803
v 29.29412 -83.25 -410.5803
v 29.90785 -95.43801 -410.5803
v 30.00229 -105.695 -410.5803
v 35.3632 -95.438 -410.5803
v 35.24952 -105.8312 -410.5803
v 30.29236 -114.8884 -410.5803
v 34.95855 -115.0531 -410.5803
v 30.95305 -135.8283 -410.5803
v 34.30305 -135.8283 -410.5803
v 35.96199 -83.25 -410.5803
v 35.3632 -83.25 -410.5803
v 30.92777 -136.2642 -410.5803
v 34.32832 -136.2642 -410.5803
v 30.92777 -137.0057 -410.5803
v 34.32832 -137.0057 -410.5803
v 30.92777 -137.4491 -410.5803
v 34.32832 -137.4491 -410.5803
v 31.16562 -141.9666 -410.5803
v 34.26632 -141.9666 -410.5803
v 35.96199 -81.50028 -410.5803
v 35.3632 -81.50028 -410.5803
v 35.96199 -79.75056 -410.5803
v 35.3632 -79.75056 -410.5803
v 35.3632 -78.85049 -410.5803
v 35.96199 -78.85049 -410.5803
v 35.96707 -80.55843 -417.7567
v 29.45967 -80.55843 -417.7567
v 29.45967 -80.90423 -418.9337
v 35.96707 -80.90423 -418.9337
v 35.96707 -82.63602 -419.3046
v 29.45967 -82.63602 -419.3046
v 29.45967 -84.36783 -420.7384
v 35.96707 -84.36783 -420.7384
v 29.45967 -105.2526 -420.7384
v 35.96707 -80.90423 -418.9337
v 29.45967 -80.90423 -418.9337
v 35.96706 -105.2526 -420.7384
v 34.26632 -141.9666 -414.0935
v 31.16562 -141.9666 -414.0935
v 31.16562 -141.9666 -410.5803
v 34.26632 -141.9666 -410.5803
v 35.11768 -141.9666 -414.4747
v 30.31427 -141.9666 -414.4747
v 32.76398 -141.9666 -415.1084
v 33.92592 -141.9666 -415.4198
v 34.77652 -141.9666 -416.2703
v 35.23558 -141.9666 -417.6937
v 35.08785 -141.9666 -417.4322
v 35.01781 -141.9666 -417.6937
v 31.60204 -141.9666 -415.4198
v 30.75145 -141.9666 -416.2703
v 30.19636 -141.9666 -417.6937
v 30.44011 -141.9666 -417.4322
v 30.51015 -141.9666 -417.6937
v 34.77652 -141.9666 -418.5942
v 35.23558 -141.9666 -420.7384
v 30.75144 -141.9666 -418.5942
v 30.19636 -141.9666 -420.7384
v 33.92592 -141.9666 -419.4448
v 32.76398 -141.9666 -419.7562
v 31.60204 -141.9666 -419.4448
v 35.96199 -81.50028 -410.5803
v 35.96199 -79.75056 -410.5803
v 35.96199 -80.05484 -413.634
v 35.96199 -81.79985 -413.6045
v 35.96199 -83.25 -410.5803
v 35.96199 -83.54483 -413.2596
v 35.24952 -105.8312 -410.5803
v 35.96199 -79.15479 -413.634
v 35.96199 -78.85049 -410.5803
v 35.24952 -106.0121 -413.2596
v 34.95855 -115.0531 -410.5803
v 34.95855 -115.1875 -413.2596
v 34.30305 -135.8283 -410.5803
v 34.30305 -135.8579 -413.2596
v 34.32832 -136.2642 -410.5803
v 34.32832 -136.2937 -413.2596
v 34.32832 -137.0057 -410.5803
v 34.32832 -137.0327 -413.2596
v 34.32832 -137.4491 -410.5803
v 34.32832 -137.476 -413.2596
v 34.26632 -141.9666 -410.5803
v 34.26632 -141.9666 -414.0935
v 29.29412 -80.05484 -413.5011
v 29.29412 -79.75056 -410.5803
v 29.29412 -81.50028 -410.5803
v 29.29412 -79.15479 -413.5011
v 29.29412 -81.79985 -413.4629
v 29.29412 -83.25 -410.5803
v 29.29412 -83.54483 -413.2596
v 30.00229 -105.695 -410.5803
v 29.29412 -78.85049 -410.5803
v 30.00229 -105.8766 -413.2596
v 30.29236 -114.8884 -410.5803
v 30.29236 -115.0236 -413.2596
v 30.95305 -135.8283 -410.5803
v 30.95305 -135.8579 -413.2596
v 30.92777 -136.2642 -410.5803
v 30.92777 -136.2937 -413.2596
v 30.92777 -137.0057 -410.5803
v 30.92777 -137.0327 -413.2596
v 30.92777 -137.4491 -410.5803
v 30.92777 -137.476 -413.2596
v 31.16562 -141.9666 -410.5803
v 31.16562 -141.9666 -414.0935
v 28.57656 -80.09945 -413.8241
v 28.57656 -80.50185 -417.2787
v 28.57656 -79.60178 -417.2787
v 28.57656 -81.84376 -413.8002
v 28.57656 -79.19938 -413.8241
v 28.57656 -82.23989 -417.2787
v 28.57656 -83.58805 -413.6524
v 28.57656 -83.97794 -417.2787
v 28.57656 -105.9033 -413.6524
v 28.57656 -106.1435 -417.1028
v 28.57656 -115.0435 -413.6524
v 28.57656 -115.2223 -417.1126
v 28.57656 -135.8623 -413.6524
v 28.57656 -135.9015 -417.3349
v 28.83269 -136.2768 -413.6522
v 28.83296 -136.3157 -417.3347
v 35.96199 -81.79985 -413.6045
v 36.85018 -81.84376 -413.9418
v 36.85018 -83.58805 -413.6524
v 35.96199 -83.54483 -413.2596
v 35.24952 -106.0121 -413.2596
v 36.85018 -80.09945 -413.957
v 35.96199 -80.05484 -413.634
v 36.85018 -79.19938 -413.957
v 35.96199 -79.15479 -413.634
v 36.85018 -106.0386 -413.6524
v 36.85018 -115.2072 -413.6524
v 34.95855 -115.1875 -413.2596
v 36.85017 -135.8623 -413.6524
v 34.30305 -135.8579 -413.2596
v 36.59477 -136.2769 -413.6522
v 34.32832 -136.2937 -413.2596
v 35.43891 -137.1025 -413.6517
v 34.32832 -137.0327 -413.2596
v 35.23558 -137.4799 -413.6492
v 34.32832 -137.476 -413.2596
v 34.26632 -141.9666 -414.0935
v 35.11768 -141.9666 -414.4747
v 35.83287 -136.35 -417.6937
v 35.36977 -137.0774 -417.6937
v 35.43914 -137.1383 -417.3342
v 36.59449 -136.3157 -417.3347
v 35.96706 -135.907 -417.6937
v 36.85017 -135.9015 -417.3349
v 36.85018 -115.385 -417.0458
v 35.88398 -115.1284 -417.4203
v 36.85018 -106.2779 -417.0522
v 35.88095 -106.1875 -417.4203
v 29.16926 -115.1284 -417.4203
v 36.85018 -83.97794 -417.371
v 29.15871 -106.1875 -417.4203
v 35.96707 -84.03277 -417.7567
v 35.96707 -82.29559 -417.7567
v 36.85018 -82.23989 -417.371
v 35.96707 -80.55843 -417.7567
v 36.85018 -80.50185 -417.371
v 35.96707 -79.65836 -417.7567
v 36.85018 -79.60178 -417.371
v 29.45967 -80.55843 -417.7567
v 29.45967 -79.65836 -417.7567
v 28.57656 -80.50185 -417.2787
v 28.57656 -82.23989 -417.2787
v 29.45967 -82.29559 -417.7567
v 28.57656 -83.97794 -417.2787
v 29.45967 -84.03277 -417.6834
v 28.57656 -106.1435 -417.1028
v 28.57656 -79.60178 -417.2787
v 28.57656 -115.2223 -417.1126
v 29.45967 -135.907 -417.6937
v 28.57656 -135.9015 -417.3349
v 28.83296 -136.3157 -417.3347
v 29.59482 -136.35 -417.6937
v 29.99216 -137.1383 -417.3342
v 30.0612 -137.0774 -417.6937
v 36.85018 -80.09945 -413.957
v 36.85018 -79.19938 -413.957
v 36.85018 -79.60178 -417.371
v 36.85018 -80.50185 -417.371
v 36.85018 -81.84376 -413.9418
v 36.85018 -82.23989 -417.371
v 36.85018 -83.58805 -413.6524
v 36.85018 -83.97794 -417.371
v 36.85018 -106.0386 -413.6524
v 36.85018 -106.2779 -417.0522
v 36.85018 -115.2072 -413.6524
v 36.85018 -115.385 -417.0458
v 36.85017 -135.8623 -413.6524
v 36.85017 -135.9015 -417.3349
v 36.59477 -136.2769 -413.6522
v 36.59449 -136.3157 -417.3347
v 30.92777 -136.2937 -413.2596
v 30.92777 -137.0327 -413.2596
v 29.99238 -137.1025 -413.6517
v 28.83269 -136.2768 -413.6522
v 30.95305 -135.8579 -413.2596
v 28.57656 -135.8623 -413.6524
v 30.29236 -115.0236 -413.2596
v 30.19636 -137.4799 -413.6492
v 30.92777 -137.476 -413.2596
v 31.16562 -141.9666 -414.0935
v 30.31427 -141.9666 -414.4747
v 28.57656 -115.0435 -413.6524
v 30.00229 -105.8766 -413.2596
v 28.57656 -105.9033 -413.6524
v 28.57656 -83.58805 -413.6524
v 29.29412 -83.54483 -413.2596
v 28.57656 -81.84376 -413.8002
v 29.29412 -81.79985 -413.4629
v 28.57656 -80.09945 -413.8241
v 29.29412 -80.05484 -413.5011
v 28.57656 -79.19938 -413.8241
v 29.29412 -79.15479 -413.5011
v 28.83296 -136.3157 -417.3347
v 28.83269 -136.2768 -413.6522
v 29.99238 -137.1025 -413.6517
v 29.99216 -137.1383 -417.3342
v 35.43891 -137.1025 -413.6517
v 36.59477 -136.2769 -413.6522
v 36.59449 -136.3157 -417.3347
v 35.43914 -137.1383 -417.3342
v 35.83261 -136.3835 -420.7384
v 29.59508 -136.3835 -420.7384
v 30.06094 -137.1081 -420.7384
v 35.96706 -135.9407 -420.7384
v 35.37004 -137.1081 -420.7384
v 29.45967 -135.9407 -420.7384
v 30.19636 -137.5509 -420.7384
v 35.23558 -137.5509 -420.7384
v 35.23558 -141.9666 -420.7384
v 30.19636 -141.9666 -420.7384
v 35.96706 -116.0634 -420.7384
v 29.45967 -116.0634 -420.7384
v 34.77652 -117.2328 -416.2703
v 34.77652 -141.9666 -416.2703
v 35.08785 -141.9666 -417.4322
v 35.08785 -117.2328 -417.4322
v 35.01781 -141.9666 -417.6937
v 34.77652 -117.2328 -418.5942
v 34.77652 -141.9666 -418.5942
v 31.60205 -117.2328 -415.4198
v 31.60204 -141.9666 -415.4198
v 32.76398 -141.9666 -415.1084
v 32.76398 -117.2328 -415.1084
v 33.92592 -141.9666 -415.4198
v 33.92592 -117.2328 -415.4198
v 34.77652 -141.9666 -416.2703
v 34.77652 -117.2328 -416.2703
v 33.92592 -117.2328 -419.4448
v 33.92592 -141.9666 -419.4448
v 32.76398 -141.9666 -419.7562
v 32.76398 -117.2328 -419.7562
v 31.60204 -141.9666 -419.4448
v 34.77652 -117.2328 -418.5942
v 34.77652 -141.9666 -418.5942
v 31.60204 -117.2328 -419.4448
v 30.75145 -117.2328 -416.2703
v 30.75145 -141.9666 -416.2703
v 31.60204 -141.9666 -415.4198
v 31.60205 -117.2328 -415.4198
v 30.44011 -117.2328 -417.4322
v 30.44011 -141.9666 -417.4322
v 30.51015 -141.9666 -417.6937
v 30.75145 -117.2328 -418.5942
v 30.75144 -141.9666 -418.5942
v 31.60204 -141.9666 -419.4448
v 31.60204 -117.2328 -419.4448
v 30.06366 -80.46655 -416.9802
v 35.33055 -80.46513 -416.9802
v 35.33055 -96.15846 -416.9802
v 30.06366 -79.56649 -416.9802
v 30.06366 -96.15846 -416.9802
v 35.33055 -79.56507 -416.9802
v 35.3632 -83.25 -410.5803
v 35.34769 -80.05484 -413.6209
v 35.3632 -81.50028 -410.5803
v 35.33055 -80.46513 -416.9802
v 35.33055 -79.56507 -416.9802
v 35.33055 -96.15846 -416.9802
v 35.3632 -95.438 -410.5803
v 35.3632 -79.75056 -410.5803
v 35.34769 -79.15479 -413.6209
v 35.3632 -78.85049 -410.5803
v 35.3632 -95.438 -410.5803
v 29.90785 -95.43801 -410.5803
v 30.06366 -96.15846 -416.9802
v 35.33055 -96.15846 -416.9802
v 29.90785 -81.50028 -410.5803
v 29.97931 -80.05484 -413.5155
v 29.90785 -83.25 -410.5803
v 30.06366 -80.46655 -416.9802
v 30.06366 -96.15846 -416.9802
v 29.90785 -95.43801 -410.5803
v 29.90785 -79.75056 -410.5803
v 30.06366 -79.56649 -416.9802
v 29.97931 -79.15479 -413.5155
v 29.90785 -78.85049 -410.5803
v 29.90785 -78.85049 -410.5803
v 29.29412 -78.85049 -410.5803
v 29.29412 -79.15479 -413.5011
v 29.97931 -79.15479 -413.5155
v 30.06366 -79.56649 -416.9802
v 29.45967 -79.65836 -417.7567
v 35.33055 -79.56507 -416.9802
v 35.96707 -79.65836 -417.7567
v 35.96199 -79.15479 -413.634
v 36.85018 -79.60178 -417.371
v 35.34769 -79.15479 -413.6209
v 35.96199 -78.85049 -410.5803
v 36.85018 -79.19938 -413.957
v 28.57656 -79.60178 -417.2787
v 28.57656 -79.19938 -413.8241
v 35.3632 -78.85049 -410.5803
v 35.96706 -105.3954 -419.0031
v 35.96706 -105.2526 -420.7384
v 29.45967 -105.2526 -420.7384
v 29.45967 -105.3954 -419.0031
v 35.88095 -106.1875 -417.4203
v 29.15871 -106.1875 -417.4203
v 35.88398 -115.1284 -417.4203
v 29.16926 -115.1284 -417.4203
v 29.45967 -115.9206 -419.0031
v 35.96706 -115.9206 -419.0031
v 29.45967 -116.0634 -420.7384
v 35.96706 -116.0634 -420.7384
v 31.60205 -117.2328 -415.4198
v 33.92592 -117.2328 -419.4448
v 30.44011 -117.2328 -417.4322
v 30.75145 -117.2328 -416.2703
v 32.76398 -117.2328 -419.7562
v 31.60204 -117.2328 -419.4448
v 30.75145 -117.2328 -418.5942
v 33.92592 -117.2328 -415.4198
v 32.76398 -117.2328 -415.1084
v 35.08785 -117.2328 -417.4322
v 34.77652 -117.2328 -418.5942
v 34.77652 -117.2328 -416.2703
v 28.28049 -102.2845 -413.1713
v 28.28049 -101.8219 -409.5715
v 28.28048 -104.9363 -411.0221
v 28.28049 -98.19121 -413.0919
v 28.28048 -105.2996 -413.2708
v 28.28048 -108.0479 -411.4488
v 28.28048 -108.3912 -413.3
v 28.28048 -112.8502 -411.5569
v 28.28048 -113.1339 -413.2691
v 28.28048 -116.5356 -411.4488
v 28.28048 -117.923 -413.1632
v 28.28048 -115.2034 -410.0536
v 28.28048 -112.5664 -410.0536
v 28.28048 -107.7045 -409.8064
v 28.28048 -104.5731 -408.9823
v 28.28049 -101.3593 -406.1805
v 28.28049 -97.72863 -409.492
v 28.28049 -95.93953 -413.1944
v 28.28049 -91.44966 -412.6315
v 28.28049 -82.23232 -413.0124
v 28.28049 -93.44891 -413.5717
v 28.28049 -82.23232 -413.5717
v 28.28049 -82.24662 -412.6315
v 28.28049 -82.24662 -412.2614
v 28.28049 -91.44966 -412.2614
v 37.14626 -104.9363 -411.0221
v 37.14626 -101.8219 -409.5715
v 37.14626 -102.2845 -413.1713
v 37.14626 -98.19121 -413.0919
v 37.14626 -105.2996 -413.2708
v 37.14626 -108.0479 -411.4488
v 37.14626 -108.3912 -413.3
v 37.14626 -112.8502 -411.5569
v 37.14626 -113.1339 -413.2691
v 37.14625 -116.5356 -411.4488
v 37.14625 -117.923 -413.1632
v 37.14625 -115.2034 -410.1425
v 37.14626 -112.5664 -410.1425
v 37.14626 -107.7045 -409.8953
v 37.14626 -104.5731 -409.0713
v 37.14626 -101.3593 -406.2695
v 37.14626 -97.72863 -409.492
v 37.14626 -95.93953 -413.1944
v 37.14626 -91.44966 -412.6315
v 37.14626 -82.23232 -413.0124
v 37.14626 -82.24662 -412.6315
v 37.14626 -91.44966 -412.2614
v 37.14626 -82.24662 -412.2614
v 37.14626 -93.44891 -413.5717
v 37.14626 -82.23232 -413.5717
v 36.59349 -112.5664 -409.8447
v 36.59349 -107.7045 -409.5975
v 37.14626 -107.7045 -409.8953
v 37.14626 -112.5664 -410.1425
v 37.14626 -104.5731 -409.0713
v 36.59349 -104.5731 -408.7734
v 37.14626 -101.3593 -406.2695
v 36.59349 -101.3593 -405.9717
v 37.14625 -115.2034 -410.1425
v 36.59349 -115.2034 -409.8447
v 28.683 -112.5664 -409.8447
v 28.683 -115.2034 -409.8447
v 28.683 -107.7045 -409.5975
v 28.683 -104.5731 -408.7734
v 28.683 -101.3593 -405.9717
v 28.28049 -101.3593 -406.1805
v 28.28048 -107.7045 -409.8064
v 28.28048 -112.5664 -410.0536
v 28.28048 -104.5731 -408.9823
v 28.28048 -115.2034 -410.0536
v 37.14626 -101.3593 -406.2695
v 36.59349 -101.3593 -405.9717
v 36.59349 -101.8219 -409.5715
v 37.14626 -101.8219 -409.5715
v 28.683 -101.8219 -409.5715
v 28.683 -101.3593 -405.9717
v 28.28049 -101.3593 -406.1805
v 28.28049 -101.8219 -409.5715
v 36.59349 -116.5356 -411.4488
v 36.59349 -115.2034 -409.8447
v 37.14625 -115.2034 -410.1425
v 37.14625 -116.5356 -411.4488
v 37.14625 -117.923 -413.1632
v 36.59349 -117.923 -413.1632
v 28.683 -116.5356 -411.4488
v 28.683 -117.923 -413.1632
v 28.683 -115.2034 -409.8447
v 28.28048 -115.2034 -410.0536
v 28.28048 -116.5356 -411.4488
v 28.28048 -117.923 -413.1632
v 36.5935 -82.23232 -413.0124
v 28.683 -82.23232 -413.0124
v 28.683 -82.23232 -413.5717
v 36.5935 -82.23232 -413.5717
v 37.14626 -82.23232 -413.0124
v 28.28049 -82.23232 -413.5717
v 28.28049 -82.23232 -413.0124
v 37.14626 -82.24662 -412.6315
v 36.5935 -82.24662 -412.6315
v 28.683 -82.24662 -412.6315
v 28.28049 -82.24662 -412.6315
v 28.683 -82.24662 -412.2614
v 36.5935 -82.24662 -412.2614
v 37.14626 -82.24662 -412.2614
v 28.28049 -82.24662 -412.2614
v 37.14626 -82.23232 -413.5717
v 37.14626 -102.2845 -413.1713
v 36.59349 -102.2845 -413.1713
v 36.59349 -105.2996 -413.2708
v 37.14626 -105.2996 -413.2708
v 36.59349 -108.3912 -413.3
v 37.14626 -98.19121 -413.0919
v 36.59349 -98.19121 -413.0919
v 37.14626 -95.93953 -413.1944
v 36.59349 -95.93953 -413.1944
v 37.14626 -93.44891 -413.5717
v 37.14626 -108.3912 -413.3
v 36.59349 -113.1339 -413.2691
v 37.14626 -113.1339 -413.2691
v 36.59349 -117.923 -413.1632
v 37.14625 -117.923 -413.1632
v 28.683 -108.3912 -413.3
v 28.683 -105.2996 -413.2708
v 28.683 -113.1339 -413.2691
v 28.683 -117.923 -413.1632
v 28.683 -98.19121 -413.0919
v 28.683 -102.2845 -413.1713
v 28.683 -95.93953 -413.1944
v 36.5935 -93.44891 -413.5717
v 37.14626 -82.23232 -413.5717
v 28.28048 -105.2996 -413.2708
v 28.28049 -102.2845 -413.1713
v 28.28049 -98.19121 -413.0919
v 28.28049 -95.93953 -413.1944
v 28.28048 -108.3912 -413.3
v 28.28048 -113.1339 -413.2691
v 28.28048 -117.923 -413.1632
v 28.683 -93.44891 -413.5717
v 36.5935 -82.23232 -413.5717
v 28.683 -82.23232 -413.5717
v 28.28049 -93.44891 -413.5717
v 28.28049 -82.23232 -413.5717
v 37.14626 -97.72863 -409.492
v 36.59349 -97.72863 -409.492
v 36.5935 -91.44966 -412.6315
v 37.14626 -91.44966 -412.6315
v 37.14626 -101.8219 -409.5715
v 36.59349 -101.8219 -409.5715
v 28.683 -97.72863 -409.492
v 28.683 -101.8219 -409.5715
v 28.683 -91.44966 -412.6315
v 28.28049 -91.44966 -412.6315
v 28.28049 -97.72863 -409.492
v 28.28049 -101.8219 -409.5715
v 36.5935 -91.44966 -412.2614
v 28.683 -91.44966 -412.2614
v 28.683 -82.24662 -412.2614
v 36.5935 -82.24662 -412.2614
v 37.14626 -91.44966 -412.2614
v 37.14626 -82.24662 -412.2614
v 28.28049 -82.24662 -412.2614
v 28.28049 -91.44966 -412.2614
v 37.14626 -91.44966 -412.6315
v 36.5935 -91.44966 -412.6315
v 36.5935 -91.44966 -412.2614
v 37.14626 -91.44966 -412.2614
v 28.683 -91.44966 -412.2614
v 28.683 -91.44966 -412.6315
v 28.28049 -91.44966 -412.2614
v 28.28049 -91.44966 -412.6315
v 34.50508 -135.9791 -413.0276
v 35.96707 -82.9765 -412.5806
v 35.63915 -84.93204 -412.7282
v 35.63915 -82.97942 -412.7202
v 28.28009 -99.80102 -394.9907
v 29.90785 -78.85049 -410.5803
v 32.06392 -114.8996 -408.1024
v 31.60881 -115.2205 -409.8575
v 30.63903 -110.0485 -409.8447
v 31.02455 -109.9913 -408.2996
v 30.04979 -107.4734 -407.8351
v 31.86724 -122.3552 -408.1803
v 31.60881 -122.2994 -409.8447
v 32.011 -117.1784 -407.2342
v 31.86724 -121.4776 -407.2033
v 32.011 -118.7663 -406.1013
v 31.86724 -120.9312 -406.0939
v 31.86724 -120.4959 -404.7521
v 32.011 -119.44 -404.5818
v 31.86724 -120.2972 -402.6856
v 32.011 -119.2413 -402.5153
v 31.86724 -120.6653 -401.2207
v 32.011 -118.5553 -400.8804
v 31.86724 -120.9813 -400.2756
v 32.06392 -117.2855 -399.6795
v 31.86724 -120.6644 -399.3879
v 31.60881 -117.4454 -398.7918
v 31.81409 -113.6557 -398.8821
v 31.60881 -113.8425 -397.9996
v 31.25168 -110.8475 -398.7732
v 30.89729 -110.7285 -397.8785
v 30.7289 -108.6216 -398.9517
v 30.31165 -108.518 -398.0686
v 30.04979 -106.1136 -399.4628
v 29.44176 -105.6474 -398.6906
v 29.70276 -104.0365 -400.6514
v 29.01551 -102.5186 -398.7737
v 29.01551 -101.5015 -402.3396
v 29.70276 -102.9473 -402.8876
v 29.70276 -102.7699 -405.4345
v 29.01551 -101.3611 -406.0717
v 29.01551 -104.4402 -408.8282
v 29.70276 -104.9555 -407.3704
v 29.44176 -107.2443 -409.6536
v 31.60881 -113.8425 -397.9996
v 30.89729 -110.7285 -397.8785
v 34.52946 -110.7285 -397.8785
v 33.81793 -113.8425 -397.9996
v 31.60881 -117.4454 -398.7918
v 33.81793 -117.4454 -398.7918
v 31.86724 -120.6644 -399.3879
v 33.55949 -120.6644 -399.3879
v 35.11509 -108.518 -398.0686
v 30.31165 -108.518 -398.0686
v 35.98498 -105.6474 -398.6906
v 29.44176 -105.6474 -398.6906
v 36.41123 -102.5186 -398.7737
v 29.01551 -102.5186 -398.7737
v 34.78771 -110.0485 -409.8447
v 33.81793 -115.2205 -409.8575
v 33.36282 -114.8996 -408.1024
v 34.40219 -109.9913 -408.2996
v 35.37695 -107.4734 -407.8351
v 33.55949 -122.3552 -408.1803
v 33.41574 -117.1784 -407.2342
v 33.81793 -122.2994 -409.8447
v 33.55949 -121.4776 -407.2033
v 33.41574 -118.7663 -406.1013
v 33.55949 -120.9312 -406.0939
v 33.55949 -120.4959 -404.7521
v 33.41574 -119.44 -404.5818
v 33.55949 -120.2972 -402.6856
v 33.41574 -119.2413 -402.5153
v 33.55949 -120.6653 -401.2207
v 33.41574 -118.5553 -400.8804
v 33.55949 -120.9813 -400.2756
v 33.36282 -117.2855 -399.6795
v 33.55949 -120.6644 -399.3879
v 33.81793 -117.4454 -398.7918
v 33.61265 -113.6557 -398.8821
v 33.81793 -113.8425 -397.9996
v 34.17506 -110.8475 -398.7732
v 34.52946 -110.7285 -397.8785
v 34.69784 -108.6216 -398.9517
v 35.11509 -108.518 -398.0686
v 35.37695 -106.1136 -399.4628
v 35.98498 -105.6474 -398.6906
v 35.72398 -104.0365 -400.6514
v 36.41123 -102.5186 -398.7737
v 36.41123 -101.5015 -402.3396
v 35.72398 -102.9473 -402.8876
v 35.72398 -102.7699 -405.4345
v 36.41123 -101.3611 -406.0717
v 36.41123 -104.4402 -408.8282
v 35.72398 -104.9555 -407.3704
v 35.98498 -107.2443 -409.6536
v 31.81409 -113.6557 -398.8821
v 32.06392 -117.2855 -399.6795
v 33.36282 -117.2855 -399.6795
v 33.61265 -113.6557 -398.8821
v 34.17506 -110.8475 -398.7732
v 31.25168 -110.8475 -398.7732
v 30.7289 -108.6216 -398.9517
v 33.41574 -118.5553 -400.8804
v 32.011 -118.5553 -400.8804
v 34.69784 -108.6216 -398.9517
v 30.04979 -106.1136 -399.4628
v 35.37695 -106.1136 -399.4628
v 29.70276 -104.0365 -400.6514
v 35.72398 -104.0365 -400.6514
v 31.86724 -120.2972 -402.6856
v 31.86724 -120.6653 -401.2207
v 33.55949 -120.6653 -401.2207
v 33.55949 -120.2972 -402.6856
v 31.86724 -120.4959 -404.7521
v 33.55949 -120.9813 -400.2756
v 31.86724 -120.9813 -400.2756
v 33.55949 -120.6644 -399.3879
v 31.86724 -120.6644 -399.3879
v 33.55949 -120.4959 -404.7521
v 31.86724 -120.9312 -406.0939
v 33.55949 -120.9312 -406.0939
v 31.86724 -121.4776 -407.2033
v 33.55949 -121.4776 -407.2033
v 31.86724 -122.3552 -408.1803
v 33.55949 -122.3552 -408.1803
v 29.70276 -102.7699 -405.4345
v 29.70276 -102.9473 -402.8876
v 35.72398 -102.9473 -402.8876
v 35.72398 -102.7699 -405.4345
v 35.72398 -104.0365 -400.6514
v 29.70276 -104.0365 -400.6514
v 32.011 -119.2413 -402.5153
v 32.011 -119.44 -404.5818
v 33.41574 -119.44 -404.5818
v 33.41574 -119.2413 -402.5153
v 32.011 -118.5553 -400.8804
v 33.41574 -118.5553 -400.8804
v 33.41574 -118.7663 -406.1013
v 32.011 -118.7663 -406.1013
v 32.011 -117.1784 -407.2342
v 32.06392 -114.8996 -408.1024
v 33.36282 -114.8996 -408.1024
v 33.41574 -117.1784 -407.2342
v 32.011 -118.7663 -406.1013
v 34.40219 -109.9913 -408.2996
v 31.02455 -109.9913 -408.2996
v 35.37695 -107.4734 -407.8351
v 30.04979 -107.4734 -407.8351
v 33.41574 -118.7663 -406.1013
v 29.70276 -104.9555 -407.3704
v 35.72398 -104.9555 -407.3704
v 35.72398 -102.7699 -405.4345
v 29.70276 -102.7699 -405.4345
v 29.01551 -104.4402 -408.8282
v 29.44176 -107.2443 -409.6536
v 35.98498 -107.2443 -409.6536
v 36.41123 -104.4402 -408.8282
v 34.78771 -110.0485 -409.8447
v 30.63903 -110.0485 -409.8447
v 33.81793 -115.2205 -409.8575
v 31.60881 -115.2205 -409.8575
v 33.81793 -104.5731 -408.7734
v 31.60881 -104.5731 -408.7734
v 31.60881 -101.3593 -405.9717
v 33.81793 -101.3593 -405.9717
v 29.01551 -102.5186 -398.7737
v 29.01551 -101.5015 -402.3396
v 36.41123 -101.5015 -402.3396
v 36.41123 -102.5186 -398.7737
v 36.41123 -101.3611 -406.0717
v 29.01551 -101.3611 -406.0717
v 28.48851 -86.75658 -409.0106
v 28.48851 -82.89362 -377.9003
v 28.48849 -94.95029 -377.3141
v 28.48849 -98.82743 -409.2216
v 37.64444 -94.81334 -375.0522
v 37.63304 -81.98347 -375.7311
v 37.64784 -82.25839 -377.825
v 37.63578 -95.08737 -377.1896
v 36.74102 -97.00208 -374.9364
v 36.72834 -97.27708 -377.0811
v 36.93826 -94.95029 -377.3141
v 36.93823 -82.89362 -377.9003
v 36.93823 -86.75658 -409.0106
v 36.93826 -98.82743 -409.2216
v 36.93823 -82.89362 -377.9003
v 37.63578 -95.08737 -377.1896
v 37.64784 -82.25839 -377.825
v 28.48851 -82.89362 -377.9003
v 36.93826 -94.95029 -377.3141
v 36.986 -95.17255 -377.295
v 36.72834 -97.27708 -377.0811
v 34.54174 -98.18407 -377.0362
v 27.60458 -82.25839 -377.825
v 27.61664 -95.08737 -377.1896
v 28.48849 -94.95029 -377.3141
v 28.41893 -95.20913 -377.2919
v 30.71068 -98.18407 -377.0362
v 28.52407 -97.27708 -377.0811
v 30.69635 -97.90869 -374.8884
v 28.48849 -94.68909 -375.1646
v 34.55606 -97.90869 -374.8884
v 36.93826 -94.68909 -375.1646
v 28.48851 -82.63338 -375.8045
v 36.98481 -94.90049 -375.1465
v 37.64444 -94.81334 -375.0522
v 36.74102 -97.00208 -374.9364
v 28.42022 -94.93793 -375.1433
v 28.5114 -97.00208 -374.9364
v 27.60798 -94.81334 -375.0522
v 27.61938 -81.98347 -375.7311
v 37.63304 -81.98347 -375.7311
v 36.93823 -82.63338 -375.8045
v 36.03106 -87.66363 -409.0264
v 29.39569 -87.66363 -409.0264
v 29.39569 -83.85505 -378.1007
v 36.03106 -83.85505 -378.1007
v 36.93826 -98.82743 -409.2216
v 28.48849 -98.82743 -409.2216
v 28.48849 -94.95029 -377.3141
v 36.93826 -94.95029 -377.3141
v 27.60458 -82.25839 -377.825
v 27.61938 -81.98347 -375.7311
v 27.60798 -94.81334 -375.0522
v 27.61664 -95.08737 -377.1896
v 28.5114 -97.00208 -374.9364
v 28.52407 -97.27708 -377.0811
v 27.60458 -82.25839 -377.825
v 37.64784 -82.25839 -377.825
v 37.63304 -81.98347 -375.7311
v 27.61938 -81.98347 -375.7311
v 28.48851 -86.75658 -409.0106
v 36.93823 -86.75658 -409.0106
v 36.93823 -82.89362 -377.9003
v 28.48851 -82.89362 -377.9003
v 28.52407 -97.27708 -377.0811
v 28.5114 -97.00208 -374.9364
v 30.69635 -97.90869 -374.8884
v 30.71068 -98.18407 -377.0362
v 34.54174 -98.18407 -377.0362
v 34.55606 -97.90869 -374.8884
v 36.72834 -97.27708 -377.0811
v 36.74102 -97.00208 -374.9364
v 29.39566 -97.9204 -409.2057
v 29.39569 -87.66363 -409.0264
v 28.48851 -86.75658 -409.0106
v 28.48849 -98.82743 -409.2216
v 36.03108 -97.9204 -409.2057
v 36.93826 -98.82743 -409.2216
v 36.93823 -86.75658 -409.0106
v 36.03106 -87.66363 -409.0264
v 36.03106 -83.85505 -378.1007
v 29.39569 -83.85505 -378.1007
v 29.39566 -94.11183 -378.2799
v 36.03108 -94.11183 -378.2799
v 29.39569 -87.66363 -409.0264
v 29.39566 -97.9204 -409.2057
v 29.39566 -94.11183 -378.2799
v 29.39569 -83.85505 -378.1007
v 36.03106 -87.66363 -409.0264
v 36.03106 -83.85505 -378.1007
v 36.03108 -94.11183 -378.2799
v 36.03108 -97.9204 -409.2057
v 29.39566 -97.9204 -409.2057
v 36.03108 -97.9204 -409.2057
v 36.03108 -94.11183 -378.2799
v 29.39566 -94.11183 -378.2799

vn -1 0 0
vn -1 0 0
vn -1 0 0
vn -1 0 0
vn -1 0 0
vn -1 0 0
vn -1 0 0
vn -1 0 0
vn -1 0 0
vn -1 0 0
vn -1 0 0
vn -1 0 0
vn -1 0 0
vn -1 0 0
vn -1 0 0
vn -1 0 0
vn -1 0 0
vn -1 0 0
vn -1 0 4.644285E-07
vn -1 0 5.398043E-07
vn -1 0 0
vn -1 0 0
vn -1 0 0
vn -1 0 0
vn -1 -5.949224E-06 0
vn -1 -6.930919E-06 0
vn -1 -9.764145E-07 0
vn -1 0 0
vn -1 0 0
vn -1 0 0
vn -1 0 0
vn -1 0 0
vn -1 0 0
vn -1 0 0
vn -1 0 0
vn -1 0 0
vn -1 0 0
vn -1 0 0
vn -1 0 0
vn -1 0 0
vn -1 0 0
vn -1 0 0
vn -1 0 0
vn -1 0 0
vn -1 -6.038356E-06 0
vn -1 -7.0611E-06 0
vn -1 -1.017231E-06 0
vn -1 0 0
vn -1 0 0
vn -1 0 0
vn -1 0 0
vn -1 0 0
vn -1 0 0
vn -1 0 0
vn -1 0 0
vn -1 0 0
vn -5.561547E-05 0.008488174 0.999964
vn -0.001096877 0.007795512 0.999969
vn -0.0005670812 0.008147942 0.9999666
vn 0.0005509423 0.008891657 0.9999603
vn -0.0001040303 0.008489763 0.999964
vn -0.001227944 0.007797081 0.9999689
vn -0.0006558273 0.008149685 0.9999666
vn 0.0005510561 0.008893494 0.9999603
vn -0.1389574 0.9858556 -0.09369845
vn -0.1461741 0.9847152 -0.09470496
vn -0.07694853 0.993415 -0.08488482
vn -0.06958776 0.9940482 -0.08381914
vn -0.1341086 0.9876824 -0.0806127
vn -0.1403387 0.9867424 -0.08151355
vn -0.08192202 0.9939639 -0.07297017
vn -0.07559028 0.9945339 -0.07203124
vn -0.1399424 0.9854702 -0.09625324
vn -0.147348 0.9842892 -0.09727906
vn -0.07598749 0.9932874 -0.08721247
vn -0.06842852 0.9939318 -0.08612262
vn -2.019825E-06 0.008542283 0.9999635
vn -0.001267438 0.007844945 0.9999684
vn -0.0006241967 0.008199422 0.9999663
vn 0.0007342859 0.008948035 0.9999597
vn 3.104255E-05 0.00854389 0.9999635
vn -0.001177144 0.007846525 0.9999685
vn -0.0005627066 0.008201181 0.9999663
vn 0.0007344376 0.008949882 0.9999597
vn -0.137027 0.9866033 -0.08852988
vn -0.1438548 0.9855436 -0.08949621
vn -0.07895289 0.9936489 -0.08017564
vn -0.07199898 0.9942585 -0.07915923
vn -0.1331479 0.9880271 -0.07793617
vn -0.1391746 0.9871265 -0.07881458
vn -0.08292279 0.9940569 -0.07053003
vn -0.07680208 0.9946131 -0.06961712
vn -0.1379757 0.9862346 -0.09112655
vn -0.1449987 0.9851347 -0.09211405
vn -0.07793694 0.9935361 -0.08253501
vn -0.070779 0.9941576 -0.081493
vn -0.1341615 -0.9876759 0.0806045
vn -0.140387 -0.9867364 0.08150286
vn -0.08187779 -0.993968 0.07296275
vn -0.07555062 -0.9945373 0.07202629
vn -9.386646E-05 0 -1
vn 6.027001E-05 0 -1
vn -1.788962E-05 0 -1
vn -0.0001833223 0 -1
vn 5.370101E-05 0.008483264 0.999964
vn -0.001116329 0.007790808 0.999969
vn -0.0005218694 0.008142627 0.9999667
vn 0.0007341178 0.008885944 0.9999603
vn -0.1351127 0.987324 -0.08328191
vn -0.1415467 0.9863436 -0.08420704
vn -0.08094322 0.9938638 -0.07538439
vn -0.0743997 0.9944479 -0.07441736
vn -0.1321802 0.9883668 -0.07523032
vn -0.1380017 0.9875053 -0.07608358
vn -0.08391395 0.9941446 -0.06808032
vn -0.07800571 0.9946858 -0.06719588
vn -0.1360684 0.9869679 -0.08590642
vn -0.1426992 0.9859482 -0.08685083
vn -0.07995565 0.9937582 -0.0777931
vn -0.07320709 0.9943551 -0.07680282
vn -0.1331808 -0.9880233 0.07792886
vn -0.1392044 -0.9871231 0.07880444
vn -0.08285075 -0.9940633 0.07052676
vn -0.07673309 -0.9946184 0.06961662
vn 0.0001233674 0 -1
vn 2.008597E-05 0 -1
vn 7.243115E-05 0 -1
vn 0.0001832719 0 -1
vn -5.817944E-05 0.008537131 0.9999636
vn -0.001105782 0.007839979 0.9999686
vn -0.0005740381 0.008193841 0.9999663
vn 0.0005503483 0.008942085 0.9999599
vn -0.0001064559 0.008481737 0.999964
vn -0.001236739 0.007789084 0.9999689
vn -0.000662747 0.008140835 0.9999666
vn 0.0005504874 0.008884315 0.9999604
vn -0.1322442 -0.9883584 0.07522679
vn -0.1380661 -0.9874967 0.07607889
vn -0.08384822 -0.9941511 0.06806748
vn -0.07793944 -0.9946918 0.06718417
vn 2.578975E-05 0 -1
vn 7.028113E-05 0 -1
vn 4.774409E-05 0 -1
vn 0 0 -1
vn -4.687317E-05 0.008535533 0.9999636
vn -0.001075408 0.007838403 0.9999688
vn -0.0005535977 0.00819208 0.9999663
vn 0.0005502347 0.008940239 0.9999599
vn 7.525535E-05 0 -1
vn -0.0001106707 0 -1
vn -1.606E-05 0 -1
vn 0.0001836041 0 -1
vn 2.577435E-05 0 -1
vn 7.026561E-05 0 -1
vn 4.774042E-05 0 -1
vn 0 0 -1
vn -1.543864E-05 0.008533635 0.9999636
vn -0.001306229 0.007836353 0.9999685
vn -0.0006517018 0.00818993 0.9999663
vn 0.0007334781 0.00893819 0.9999598
vn 1.110027E-05 0 -1
vn 3.017016E-05 0 -1
vn 2.047557E-05 0 -1
vn 0 0 -1
vn -7.157846E-05 0 -1
vn 0.0001207074 0 -1
vn 2.290722E-05 0 -1
vn -0.0001835704 0 -1
vn -0.1409753 -0.985073 0.09877774
vn -0.1485705 -0.9838511 0.09981912
vn -0.07488334 -0.9931664 0.08951546
vn -0.06712472 -0.9938204 0.0884048
vn -0.1419754 -0.9846741 0.1012919
vn -0.149762 -0.9834102 0.1023511
vn -0.07387492 -0.9930326 0.0918084
vn -0.06591478 -0.9936969 0.09067445
vn 7.165298E-05 0 -1
vn -0.0001206273 0 -1
vn -2.297607E-05 0 -1
vn 0.0001834442 0 -1
vn -7.395768E-06 0 -1
vn -2.010899E-05 0 -1
vn -1.364923E-05 0 -1
vn 0 0 -1
vn -0.1390215 -0.9858473 0.09369183
vn -0.146237 -0.9847068 0.09469616
vn -0.07686429 -0.9934224 0.0848741
vn -0.06950454 -0.9940549 0.08381052
vn -0.1400121 -0.9854613 0.09624276
vn -0.14742 -0.9842798 0.09726575
vn -0.07587449 -0.9932969 0.08720283
vn -0.0683129 -0.9939404 0.08611564
vn 3.706458E-05 0 -1
vn 0.000100632 0 -1
vn 6.826928E-05 0 -1
vn 0 0 -1
vn 1.151833E-05 0.008492341 0.999964
vn -0.001228389 0.007799907 0.9999689
vn -0.0005966575 0.008152704 0.9999666
vn 0.0007349778 0.008896354 0.9999602
vn 2.21472E-05 0 -1
vn 6.028454E-05 0 -1
vn 4.093569E-05 0 -1
vn 0 0 -1
vn 0 0 -1
vn 0 0 -1
vn 0 0 -1
vn 0 0 -1
vn -0.1370777 -0.9865968 0.08852454
vn -0.1439038 -0.9855371 0.08948904
vn -0.07886799 -0.9936566 0.08016422
vn -0.07191552 -0.9942654 0.0791496
vn -0.1380727 -0.9862221 0.09111529
vn -0.1450956 -0.9851217 0.09209974
vn -0.07787845 -0.9935412 0.08252723
vn -0.07072025 -0.9941621 0.08148818
vn -7.416887E-06 0 -1
vn -2.013004E-05 0 -1
vn -1.365459E-05 0 -1
vn 0 0 -1
vn 2.982767E-05 0.008493816 0.999964
vn -0.001178282 0.007801478 0.9999689
vn -0.0005624723 0.008154387 0.9999666
vn 0.0007351128 0.008897989 0.9999602
vn -0.1429413 -0.9842748 0.1037831
vn -0.1509142 -0.9829696 0.1048591
vn -0.07286055 -0.9928944 0.09408566
vn -0.0647039 -0.9935681 0.09292936
vn -0.1418885 0.9846848 -0.1013084
vn -0.1496766 0.9834211 -0.1023711
vn -0.07394788 0.9930261 -0.09181964
vn -0.06598657 0.9936913 -0.09068236
vn 4.452573E-05 0 -1
vn 0.0001208021 0 -1
vn 8.193246E-05 0 -1
vn 0 0 -1
vn -0.1361237 -0.9869605 0.08590204
vn -0.1427524 -0.985941 0.08684482
vn -0.07988356 -0.9937649 0.07778134
vn -0.07313695 -0.994361 0.07679264
vn 7.047023E-05 0.008495119 0.999964
vn -0.001067654 0.007802579 0.999969
vn -0.0004872699 0.00815574 0.9999666
vn 0.0007352479 0.008899625 0.9999602
vn -0.1439288 -0.9838657 0.1062679
vn -0.1520865 -0.9825188 0.1073619
vn -0.07186256 -0.9927506 0.09634268
vn -0.06351033 -0.9934337 0.09516247
vn -0.1428571 0.9842858 -0.1037948
vn -0.1508317 0.9829808 -0.1048739
vn -0.07293895 0.9928877 -0.0940959
vn -0.06478086 0.9935625 -0.09293664
vn -6.482486E-05 0.008531983 0.9999636
vn -0.001125118 0.007834622 0.9999686
vn -0.0005877368 0.008188064 0.9999664
vn 0.0005499952 0.008936347 0.9999599
vn -0.1448825 -0.9834582 0.1087159
vn -0.1532187 -0.9820706 0.1098247
vn -0.07087132 -0.9926012 0.09859038
vn -0.06232993 -0.9932927 0.09738953
vn -0.1438291 0.9838794 -0.1062761
vn -0.1519866 0.9825332 -0.1073719
vn -0.07194665 0.9927428 -0.09636126
vn -0.063595 0.9934267 -0.09517945
vn -7.087853E-05 0.008491063 0.999964
vn -0.001137518 0.00779818 0.999969
vn -0.0005943115 0.008151045 0.9999666
vn 0.0005511575 0.008895128 0.9999603
vn -0.1351495 -0.9873205 0.08326365
vn -0.1415803 -0.9863408 0.0841846
vn -0.08086586 -0.9938705 0.07538047
vn -0.07432542 -0.9944535 0.07441758
vn -0.1409251 0.9850792 -0.09878889
vn -0.1485234 0.9838568 -0.09983323
vn -0.07497383 0.9931588 -0.08952487
vn -0.06721238 0.9938139 -0.08841132
vn -0.1447843 0.9834712 -0.1087282
vn -0.1531215 0.982084 -0.1098397
vn -0.07095006 0.9925942 -0.09860416
vn -0.06240804 0.9932867 -0.09740068
vn 1 0 0
vn 1 0 0
vn 1 0 0
vn 1 0 0
vn 1 0 0
vn 1 0 0
vn 1 0 0
vn 1 0 0
vn 1 -2.105765E-07 0
vn 1 -1.552564E-06 0
vn 1 -1.340821E-06 0
vn 1 0 0
vn 1 0 0
vn 1 0 0
vn 1 0 0
vn 1 0 0
vn 1 0 0
vn 1 0 0
vn 1 0 0
vn 1 0 0
vn 1 0 0
vn 1 0 0
vn 1 0 0
vn 1 0 0
vn 1 0 0
vn 1 0 0
vn 1 0 0
vn 1 0 0
vn 1 0 0
vn 1 0 0
vn 1 0 0
vn 1 0 0
vn 1 -2.009434E-07 0
vn 1 -1.519863E-06 0
vn 1 -1.31782E-06 0
vn 1 0 0
vn 1 0 0
vn 1 0 0
vn 1 0 0
vn 1 0 0
vn 1 0 0
vn 1 0 0
vn 1 0 0
vn 1 0 0
vn 1 0 0
vn 1 0 0
vn 1 0 0
vn 1 0 0
vn 1 0 0
vn 1 0 0
vn 1 0 0
vn 1 0 0
vn 1 0 0
vn 1 0 0
vn 1 0 0
vn 1 0 0
vn 6.672756E-05 0.008660165 0.9999626
vn -0.0005509414 0.009071792 0.9999588
vn 0.0005875642 0.008313066 0.9999653
vn 0.001127064 0.007953526 0.9999678
vn -5.649239E-05 0.008661789 0.9999626
vn -0.0007347403 0.009073667 0.9999586
vn 0.0005148163 0.008314846 0.9999653
vn 0.001107161 0.007955126 0.9999678
vn 0.07654847 0.9938778 -0.07966939
vn 0.1462574 0.9852384 -0.08896188
vn 0.1394664 0.9863024 -0.08807201
vn 0.0696232 0.994462 -0.07872723
vn 0.08156151 0.994317 -0.06842186
vn 0.1403857 0.9871372 -0.07649834
vn 0.1345299 0.9880135 -0.07570356
vn 0.07561098 0.9948437 -0.0675935
vn 0.0755678 0.9937741 -0.08186955
vn 0.1474312 0.9848405 -0.09139634
vn 0.1404605 0.9859425 -0.09048913
vn 0.06845406 0.9943683 -0.08090571
vn -4.608137E-05 0.008656912 0.9999626
vn -0.0007342851 0.009068044 0.9999586
vn 0.0005354505 0.0083095 0.9999653
vn 0.00113667 0.007950325 0.9999678
vn 4.057928E-05 0.00865854 0.9999626
vn -0.0005508277 0.009069919 0.9999588
vn 0.0005397982 0.008311283 0.9999653
vn 0.00105641 0.007951925 0.9999678
vn 0.07856506 0.9940671 -0.07522084
vn 0.1439357 0.9860123 -0.08403697
vn 0.1375122 0.9870009 -0.08318336
vn 0.07202384 0.9946299 -0.07432301
vn 0.08257722 0.9943888 -0.06612165
vn 0.1392117 0.9874973 -0.07395273
vn 0.1335493 0.9883367 -0.07317796
vn 0.07682718 0.9949027 -0.06531645
vn 0.07754274 0.9939762 -0.07744912
vn 0.1450708 0.9856318 -0.08651177
vn 0.1384638 0.9866578 -0.08563907
vn 0.07081 0.9945498 -0.0765283
vn 0.08151104 -0.9943211 0.06842194
vn 0.1404565 -0.9871273 0.07649565
vn 0.1346016 -0.9880037 0.07570294
vn 0.07556126 -0.9948474 0.06759562
vn 2.21332E-05 0 -1
vn 0 0 -1
vn 4.093173E-05 0 -1
vn 6.027001E-05 0 -1
vn 6.973948E-05 0.00859784 0.999963
vn -0.0005505879 0.009005929 0.9999593
vn 0.000594481 0.008252629 0.9999658
vn 0.001136442 0.007896086 0.9999682
vn 0.08057521 0.994238 -0.07069907
vn 0.1415996 0.9867635 -0.07904042
vn 0.135551 0.9876775 -0.07822395
vn 0.07442451 0.9947777 -0.06984564
vn 0.08358811 0.9944552 -0.06381191
vn 0.1380402 0.9878514 -0.07137557
vn 0.1325723 0.9886541 -0.0706233
vn 0.07803939 0.9949557 -0.06303221
vn 0.0795808 0.9941539 -0.0729717
vn 0.1427654 0.9863921 -0.08153921
vn 0.1365298 0.9873431 -0.08070515
vn 0.07323544 0.9947053 -0.07209717
vn 0.08250341 -0.9943945 0.0661253
vn 0.13926 -0.987491 0.07394892
vn 0.1335981 -0.9883302 0.07317666
vn 0.07675367 -0.9949079 0.0653226
vn -2.580636E-05 0 -1
vn 0 0 -1
vn -4.774961E-05 0 -1
vn -7.029947E-05 0 -1
vn -2.472309E-06 0.008651794 0.9999626
vn -0.0007338137 0.009062224 0.9999588
vn 0.0006175085 0.008303858 0.9999653
vn 0.001256569 0.007945207 0.9999677
vn 0.0001101511 0.0086536 0.9999626
vn -0.0005504865 0.009064303 0.9999588
vn 0.0006695722 0.008305817 0.9999653
vn 0.001246792 0.007946965 0.9999677
vn 0.08351406 -0.9944617 0.06380586
vn 0.138115 -0.9878408 0.07137752
vn 0.1326444 -0.9886442 0.07062618
vn 0.07796245 -0.9949621 0.06302702
vn 3.684309E-06 0 -1
vn 0 0 -1
vn 6.820738E-06 0 -1
vn 1.004036E-05 0 -1
vn -1.381036E-05 0.008650174 0.9999626
vn -0.0007336623 0.009060352 0.9999588
vn 0.0005970896 0.008302074 0.9999654
vn 0.001226165 0.007943611 0.9999677
vn -4.815641E-05 0 -1
vn 0 0 -1
vn -8.87422E-05 0 -1
vn -0.0001307926 0 -1
vn -3.68196E-06 0 -1
vn 0 0 -1
vn -6.819939E-06 0 -1
vn -1.003774E-05 0 -1
vn 0.0001204185 0.008648179 0.9999626
vn -0.000550108 0.009058069 0.9999589
vn 0.0006900932 0.008299934 0.9999653
vn 0.00127611 0.007941696 0.9999677
vn 1.110027E-05 0 -1
vn 0 0 -1
vn 2.047557E-05 0 -1
vn 3.017016E-05 0 -1
vn -1.851139E-05 0 -1
vn 0 0 -1
vn -3.412914E-05 0 -1
vn -5.029473E-05 0 -1
vn 0.07445381 -0.9936758 0.08405322
vn 0.1486586 -0.9844289 0.09381037
vn 0.1415073 -0.9855697 0.09288856
vn 0.06715013 -0.9942787 0.08307012
vn 0.07343582 -0.9935655 0.08622483
vn 0.1498574 -0.9840156 0.09620797
vn 0.142524 -0.9851956 0.09527014
vn 0.06594061 -0.9941777 0.08522091
vn -7.391391E-06 0 -1
vn 0 0 -1
vn -1.364806E-05 0 -1
vn -2.010454E-05 0 -1
vn -3.697884E-05 0 -1
vn 0 0 -1
vn -6.824615E-05 0 -1
vn -0.000100545 0 -1
vn 0.07645153 -0.9938855 0.07966728
vn 0.1463192 -0.9852291 0.08896226
vn 0.1395277 -0.9862936 0.08807418
vn 0.06952537 -0.9944688 0.07872681
vn 0.07545648 -0.9937826 0.08186856
vn 0.1475054 -0.9848296 0.09139346
vn 0.1405319 -0.9859324 0.09048849
vn 0.06833959 -0.9943761 0.08090688
vn 0 0 -1
vn 0 0 -1
vn 0 0 -1
vn 0 0 -1
vn -4.861993E-05 0.008607038 0.9999629
vn -0.000734977 0.009016477 0.9999591
vn 0.0005283672 0.008262841 0.9999658
vn 0.0011277 0.007905309 0.9999682
vn -2.583879E-05 0 -1
vn 0 0 -1
vn -4.775929E-05 0 -1
vn -7.033339E-05 0 -1
vn 0.0001196948 0 -1
vn 0.0001834063 0 -1
vn 6.57059E-05 0 -1
vn 1.004985E-05 0 -1
vn 0.07847068 -0.9940749 0.07521696
vn 0.1439783 -0.986006 0.08403768
vn 0.1375556 -0.9869948 0.08318557
vn 0.07192995 -0.9946368 0.07432054
vn 0.07747258 -0.9939817 0.07744981
vn 0.1451564 -0.9856197 0.08650778
vn 0.1385487 -0.9866461 0.08563752
vn 0.07073884 -0.9945546 0.07653133
vn -1.112533E-05 0 -1
vn 0 0 -1
vn -2.048188E-05 0 -1
vn -3.019506E-05 0 -1
vn 5.27993E-05 0.008665921 0.9999624
vn -0.0005513338 0.009078253 0.9999586
vn 0.0005601535 0.00831964 0.9999653
vn 0.001087644 0.007959612 0.9999678
vn 0.07241696 -0.9934509 0.08837969
vn 0.1509951 -0.983606 0.09858894
vn 0.143487 -0.9848242 0.09763532
vn 0.06473752 -0.9940715 0.08735505
vn 0.0735239 0.9935589 -0.08622561
vn 0.1497649 0.9840292 -0.09621284
vn 0.1424329 0.9852086 -0.09527246
vn 0.06603049 0.9941718 -0.08521928
vn 0.0001159998 0 -1
vn 0.0001837138 0 -1
vn 5.911231E-05 0 -1
vn 0 0 -1
vn 0.07951217 -0.9941597 0.07296778
vn 0.1428043 -0.9863864 0.08153924
vn 0.1365719 -0.9873371 0.08070668
vn 0.07316985 -0.9947103 0.07209472
vn -4.818762E-05 0.008667252 0.9999624
vn -0.0007352468 0.00907992 0.9999585
vn 0.0005282489 0.008321023 0.9999653
vn 0.001128086 0.007960734 0.9999677
vn 0.07140947 -0.9933311 0.09052012
vn 0.1521878 -0.9831824 0.1009508
vn 0.1445024 -0.9844402 0.09998209
vn 0.06354277 -0.99396 0.08947516
vn 0.07250588 0.9934444 -0.0883801
vn 0.1509279 0.9836165 -0.0985875
vn 0.1434185 0.9848346 -0.09763192
vn 0.06482542 0.9940659 -0.08735355
vn -6.976928E-06 0.008646447 0.9999627
vn -0.000733326 0.0090562 0.9999588
vn 0.0006108027 0.008297934 0.9999654
vn 0.001245665 0.007939781 0.9999677
vn 0.07041139 -0.9932066 0.09264422
vn 0.153328 -0.9827623 0.1032904
vn 0.1454728 -0.9840583 0.1023074
vn 0.06236484 -0.993843 0.09157959
vn 0.0714858 0.9933256 -0.09052045
vn 0.1521031 0.9831951 -0.1009553
vn 0.1444166 0.9844527 -0.09998402
vn 0.06361821 0.9939554 -0.08947299
vn 2.638099E-05 0.008663114 0.9999624
vn -0.0005511565 0.009075333 0.9999586
vn 0.0005123711 0.008316233 0.9999653
vn 0.001016719 0.007956246 0.9999678
vn 0.08050466 -0.9942436 0.07070261
vn 0.1416401 -0.9867588 0.07902631
vn 0.135594 -0.9876724 0.07821342
vn 0.07435627 -0.9947823 0.06985276
vn 0.07454854 0.9936686 -0.08405528
vn 0.1486101 0.9844358 -0.09381373
vn 0.1414571 0.9855767 -0.09288968
vn 0.06724335 0.9942725 -0.08307002
vn 0.07048532 0.9932014 -0.09264386
vn 0.1532388 0.9827756 -0.1032949
vn 0.1453823 0.9840716 -0.1023092
vn 0.06243775 0.9938386 -0.09157668
vn 1 0 0
vn 1 0 0
vn 1 -2.389686E-07 0
vn 1 -1.270042E-06 0
vn 1 -2.721209E-06 0
vn 1 0 0
vn 1 0 0
vn 1 0 0
vn 0.9684889 -0.2466884 0.03426653
vn 1 0 0
vn 1 0 0
vn 0.9745073 -0.2222221 0.03086717
vn 0.8883364 -0.4548264 0.06317689
vn 0.8883444 -0.4548107 0.06317643
vn -1 0 0
vn -1 0 0
vn -1 0 0
vn -1 0 0
vn -1 0 0
vn -1 0 0
vn -1 0 0
vn -1 0 0
vn -1 0 0
vn -1 0 0
vn -0.9684872 -0.2466949 0.03426635
vn -0.9745073 -0.2222221 0.03086717
vn -0.8883349 -0.4548293 0.06317679
vn -0.8883372 -0.4548251 0.06317593
vn 0 -1 2.212472E-06
vn 0 -1 1.052402E-06
vn 0 -1 0
vn 0 -1 0
vn 0 -1 0
vn 0 -1 -3.170667E-06
vn 0 -1 0
vn 0 -1 0
vn 0 0 -1
vn 0 0 -1
vn 0 0 -1
vn 0 0 -1
vn 0 0 -1
vn 0 0 -1
vn 0 0 -1
vn 0 0 -1
vn 0 0.48916 0.8721941
vn 0 0.4891632 0.8721923
vn 0 0.8532857 0.5214437
vn 0 0.853282 0.5214499
vn 0 0.04458234 0.9990057
vn 0 0.04458135 0.9990057
vn 0 0.1084459 0.9941024
vn 0 0.1084428 0.9941027
vn 0 0.473613 0.8807331
vn 0 0 1
vn 0 0 1
vn 0 0.4736236 0.8807273
vn 0 0 -1
vn 0 0 -1
vn 0 -0.04458089 -0.9990059
vn 0 -0.04458348 -0.9990057
vn 0 -0.1084435 -0.9941027
vn 0 -0.1084509 -0.9941018
vn 0 0.473613 0.8807331
vn 0 0.4736236 0.8807273
vn 0 0.4736202 0.8807291
vn 0 0.4736098 0.8807348
vn -9.564459E-07 1 1.700142E-06
vn 1.481971E-06 1 1.309487E-06
vn 3.506623E-06 1 0
vn -3.500622E-06 1 2.212477E-06
vn -5.862909E-06 1 0
vn 0 1 0
vn 0 1 0
vn 0 1 0
vn 0 0 1
vn 0 0.4736098 0.8807348
vn 0 0.4736202 0.8807291
vn 0 0 1
vn 0 0.001973477 0.9999981
vn 0 0.001973484 0.9999981
vn 0 0.001973465 0.9999981
vn 0 0.001973458 0.9999981
vn 1 -1.254259E-06 0
vn 1 -1.383987E-06 7.659032E-07
vn 1 -2.607783E-06 5.590019E-07
vn 1 -3.168789E-06 0
vn 1 -1.289204E-07 0
vn 1 -1.312987E-06 0
vn 1 -6.609741E-07 0
vn 1 1.172203E-06 7.271961E-07
vn 1 1.868997E-06 6.573516E-07
vn 1 1.094789E-06 0
vn 1 0 0
vn 1 0 0
vn 1 -2.65288E-06 0
vn 1 -2.295111E-06 0
vn 1 -6.996503E-07 0
vn 1 0 0
vn 1 1.102256E-07 0
vn 1 0 0
vn -1 0 0
vn -1 1.071005E-07 0
vn -1 0 0
vn -1 0 0
vn -1 0 0
vn -1 0 0
vn -1 -6.390644E-07 0
vn -1 0 0
vn -1 -1.190044E-06 0
vn -1 -1.53983E-06 0
vn -1 0 0
vn -1 0 0
vn -1 0 0
vn -1 0 0
vn -1 0 0
vn -1 0 0
vn -1 0 0
vn -1 0 0
vn 0 -0.8657399 -0.5004944
vn 0 -0.8657419 -0.5004908
vn 0 -0.8959837 -0.4440868
vn 0 -0.8959831 -0.444088
vn 0 -0.9099259 -0.4147707
vn 0 -0.9099264 -0.4147696
vn 0 -0.8820912 -0.4710785
vn 0 -0.8820926 -0.4710761
vn 0 -0.8342656 -0.5513628
vn 0 -0.8342658 -0.5513626
vn 0 -0.7591544 -0.6509106
vn 0 -0.7591529 -0.6509123
vn 0 -0.6743872 -0.738378
vn 0 -0.6743881 -0.738377
vn 0 0.8642607 -0.5030442
vn 0 0.8642611 -0.5030435
vn 0 0.9921365 -0.1251608
vn 0 0.9921366 -0.12516
vn 0 0.9467126 0.3220796
vn 0 0.9467142 0.3220752
vn 0 0.9084485 0.4179967
vn 0 0.9084508 0.4179918
vn 0 0.8709363 0.4913961
vn 0 0.870937 0.4913946
vn 0 0.8387068 0.5445833
vn 0 0.8387028 0.5445894
vn 0 0.7619663 0.6476167
vn 0 0.7619619 0.647622
vn 0 0.8470133 -0.5315717
vn 0 0.8470131 -0.5315722
vn 0 0.8470137 -0.531571
vn 0 0.8470141 -0.5315706
vn 0 0.6168838 0.7870543
vn 0 0.6168831 0.7870548
vn 0 0.5315709 0.8470139
vn 0 0.7619619 0.647622
vn 0 0.5315682 0.8470155
vn 0 0.7619663 0.6476167
vn 0 -0.5815691 -0.813497
vn 0 -0.5815693 -0.8134969
vn 0 -0.5316017 -0.8469945
vn 0 -0.6743881 -0.738377
vn 0 -0.531599 -0.8469962
vn 0 -0.6743872 -0.738378
vn 0 -1 0
vn 0 -1 0
vn 0 -1 0
vn 0 -1 0
vn 0 -1 0
vn 0 -1 0
vn 0 -1 0
vn 0 -1 0
vn 0 -1 0
vn 0 -1 0
vn 0 -1 0
vn 0 -1 0
vn 1 0 -2.303038E-05
vn 1 0 1.980885E-05
vn 0.8660336 0 0.499986
vn 0.8660063 0 0.5000331
vn 0.8660233 0 -0.5000038
vn 0.8660437 0 -0.4999683
vn 0.4999404 0 -0.8660598
vn 0.5000038 0 -0.8660233
vn 0.8660437 0 -0.4999683
vn 0.8660233 0 -0.5000038
vn -7.502091E-05 0 -1
vn 7.430401E-05 0 -1
vn -0.5000054 0 -0.8660223
vn -0.4999395 0 -0.8660604
vn -0.8660446 0 -0.4999667
vn -0.8660249 1.572207E-07 -0.5000008
vn -0.4999395 0 -0.8660604
vn -0.5000054 0 -0.8660223
vn -1 1.61108E-07 1.987759E-05
vn -1 1.611336E-07 -2.031973E-05
vn -0.8660346 1.571972E-07 0.4999842
vn -0.8660076 0 0.5000309
vn -0.5000053 0 0.8660223
vn -0.499957 0 0.8660503
vn 0 1 -3.942542E-06
vn 0 1 0
vn 0 1 2.428904E-06
vn 0 1 0
vn 0 1 0
vn 0 1 0
vn 0 1 -9.398927E-06
vn 0 1 0
vn 0 1 6.37308E-05
vn 0 1 0
vn 0 1 0
vn 0 1 0
vn 0.4999565 0 0.8660505
vn 0.5000038 0 0.8660233
vn -6.481845E-07 0 1
vn 0 0 1
vn -0.499957 0 0.8660503
vn -0.5000053 0 0.8660223
vn 0.8660063 0 0.5000331
vn 0.8660336 0 0.499986
vn 0 0.9958597 -0.09090316
vn 0 0.9958598 -0.09090202
vn 0 0.9958597 -0.09090449
vn 0 0.9958596 -0.09090565
vn 0 -0.7445568 -0.6675591
vn 0 -0.7445564 -0.6675596
vn 0 -0.8035305 -0.5952635
vn 0 -0.8035311 -0.5952629
vn 0 -0.9211894 -0.3891144
vn 0 -0.9211898 -0.3891135
vn 0 -0.9939013 -0.1102731
vn 0 -0.9939014 -0.1102727
vn 0 -0.9918951 0.1270596
vn 0 -0.9918951 0.1270595
vn 0 -0.9393779 0.3428834
vn 0 -0.9393839 0.3428672
vn 0 -0.7444018 0.6677321
vn 0 -0.7444046 0.6677287
vn 0 0.1736449 0.9848083
vn 0 0.1736454 0.9848083
vn 0 0.04524978 0.9989758
vn 0 0.0452496 0.9989758
vn 0 -0.3295911 0.9441238
vn 0 -0.3295705 0.944131
vn 0 -0.7444046 0.6677287
vn 0 -0.7444018 0.6677321
vn -1 2.151692E-07 0
vn -1 1.524306E-06 0
vn -1 1.389581E-06 0
vn -1 2.501154E-06 0
vn -1 -4.919472E-06 0
vn -1 3.671631E-06 0
vn -1 0 0
vn -1 4.079825E-06 0
vn -1 2.412433E-06 0
vn -1 5.706906E-06 0
vn -1 -2.110066E-06 0
vn -1 -8.532794E-07 0
vn -1 0 0
vn -1 2.071566E-06 0
vn -1 0 0
vn -1 1.226283E-06 0
vn -1 0 0
vn -1 -1.615624E-06 0
vn -1 -5.345721E-07 0
vn -1 0 0
vn -1 2.02143E-06 0
vn -1 0 0
vn 1 8.294708E-07 0
vn 1 3.272993E-06 0
vn 1 -4.781783E-06 0
vn 1 -6.452753E-06 0
vn 1 -8.378268E-06 0
vn 1 1.044206E-06 0
vn 1 -4.26237E-06 0
vn 1 1.618562E-06 0
vn 1 -4.257032E-06 0
vn 1 -1.264826E-06 0
vn 1 -3.974282E-07 0
vn 1 -5.808183E-07 0
vn 1 -1.779807E-06 0
vn 1 -4.613631E-06 0
vn 1 -5.223864E-06 0
vn 1 0 0
vn 1 -9.144062E-07 0
vn 1 2.867129E-06 0
vn 1 0 0
vn 1 9.861878E-07 0
vn 1 7.041052E-07 0
vn 1 0 0
vn 0 0.4999937 -0.8660291
vn 0 0.499993 -0.8660294
vn 0 0.8660215 -0.5000069
vn 0 0.8660217 -0.5000065
vn 0 1 0
vn 0 1 0
vn 0 0.8660215 0.5000068
vn 0 0.8660217 0.5000065
vn 0 0.4999931 0.8660294
vn 0 5.892625E-06 1
vn 0 5.696212E-07 1
vn 0 -0.5000024 0.8660241
vn 0 0.4999937 0.8660291
vn 0 0.8660217 0.5000065
vn 0 0.8660215 0.5000068
vn 0 -0.4999949 0.8660284
vn 0 -0.8660288 0.4999942
vn 0 -0.8660117 0.5000238
vn 0 -0.866019 -0.5000111
vn 0 -0.8660215 -0.5000069
vn 0 -0.4999943 -0.8660287
vn 0 -1 0
vn 0 -0.5000029 -0.8660237
vn 0 -1 0
vn 0 -0.8660117 0.5000238
vn 0 -0.8660288 0.4999942
vn 0 -0.5000029 -0.8660237
vn 0 -0.4999943 -0.8660287
vn 0 4.223053E-07 -1
vn 0 5.931909E-06 -1
vn 0 0.499993 -0.8660294
vn 0 0.4999937 -0.8660291
vn 0.9666384 0.0002332955 0.2561449
vn 0.9667587 0.000233407 0.2556901
vn 0.7168864 0.0006364812 0.6971897
vn 0.7167469 0.0006363436 0.6973332
vn 1 -4.89365E-07 -1.862032E-07
vn 1 0 0
vn 1 0 -1.589858E-07
vn 1 -4.738295E-07 -1.909055E-06
vn -1 0 0
vn -1 5.519715E-07 0
vn -1 4.461652E-07 0
vn -1 0 0
vn -0.9963354 -7.788902E-05 -0.08553172
vn -0.9963194 -7.851917E-05 -0.08571758
vn -0.9633977 -0.0002454458 -0.2680764
vn -0.9633737 -0.0002448314 -0.2681624
vn 0 0 1
vn 0 0 1
vn 0 0 1
vn 0 0 1
vn -0.962913 -0.0002462877 -0.2698121
vn -0.7169853 -0.0006365724 -0.6970881
vn -0.7167681 -0.0006371238 -0.6973112
vn -0.9630655 -0.0002460235 -0.2692671
vn -1 0 0
vn -1 0 0
vn -1 0 0
vn -1 0 0
vn 1 0 0
vn 1 -2.52364E-07 0
vn 1 0 0
vn 1 0 0
vn 0.996601 7.519258E-05 0.08237986
vn 0.9965973 7.485875E-05 0.08242394
vn 0.9633995 0.0002452072 0.2680697
vn 0.9633928 0.0002447688 0.2680934
vn 0 0 -1
vn 0 0 -1
vn 0 0 -1
vn 0 0 -1
vn -0.0544006 0.997039 -0.05435022
vn 0.05440074 0.9970355 -0.05441295
vn 0.05064921 0.9972184 -0.05468193
vn -0.05065037 0.9972218 -0.05461901
vn -0.001640548 0.9356516 -0.3529212
vn 0 0.9351784 -0.354177
vn 0.08550685 0.8307773 -0.5499978
vn 0.07446758 0.8348755 -0.5453783
vn 0.2216741 0.4660904 -0.8565164
vn 0.2378691 0.4578875 -0.8565964
vn 0.005362129 0.9374554 -0.3480641
vn 0.01036452 0.9376684 -0.3473765
vn 0.1888257 0.8803861 -0.4350463
vn 0.1784487 0.8798568 -0.4404634
vn 0.2545389 0.9108685 -0.3248516
vn 0.2997405 0.9026064 -0.3089617
vn -0.001598418 -0.9356278 -0.3529845
vn 0 -0.9351499 -0.3542523
vn -0.05065011 -0.9972166 -0.05471405
vn -0.05440104 -0.997034 -0.05444033
vn 0.05065095 -0.9972187 -0.05467355
vn 0.08516714 -0.8310694 -0.5496091
vn 0.07451829 -0.8348852 -0.5453564
vn 0.05440198 -0.9970361 -0.05440146
vn 0.005362255 -0.9374515 -0.3480746
vn 0.2225256 -0.4662589 -0.8562039
vn 0.2383643 -0.458575 -0.8560907
vn 0.01047983 -0.9376742 -0.3473577
vn 0.1890508 -0.8800712 -0.4355853
vn 0.1793794 -0.8794001 -0.4409971
vn 0.2570808 -0.9103163 -0.3243974
vn 0.300748 -0.9024767 -0.3083611
vn 0.2225256 -0.4662589 -0.8562039
vn 0.2216741 0.4660904 -0.8565164
vn 0.2378691 0.4578875 -0.8565964
vn 0.2383643 -0.458575 -0.8560907
vn 0.697289 0.0006192077 -0.7167898
vn 0.6972672 0.0006187056 -0.7168111
vn 0.6972674 0.0006187118 -0.7168108
vn 0.6972893 0.0006192139 -0.7167896
vn 0 0.4736162 0.8807314
vn 0 0.4736166 0.8807311
vn 0 0.4736165 0.8807312
vn 0 0.4736161 0.8807314
vn 1 -3.504508E-07 2.267344E-07
vn 1 -8.542836E-07 1.191351E-06
vn 1 -1.239383E-06 0
vn 1 0 0
vn 1 0 0
vn 1 0 0
vn 0 0.4736162 0.8807314
vn 0 0 1
vn 0 0 1
vn 0 0.4736166 0.8807311
vn 0 0 1
vn 0 0.4736161 0.8807314
vn 0 0.4736165 0.8807312
vn 0 0 1
vn -9.771087E-07 0 1
vn 0 0 1
vn -6.639764E-06 0 1
vn -7.616868E-06 0 1
vn -1 0 0
vn -1 0 -2.267321E-07
vn -1 0 0
vn -1 3.938993E-07 -1.191339E-06
vn -1 0 0
vn -1 0 0
vn 0 -0.9904918 0.1375717
vn 0 -0.9904918 0.1375717
vn 0 -0.9904918 0.1375717
vn 0 -0.9904918 0.1375717
vn -1 0 0
vn -1 -2.146822E-07 0
vn -1 6.14314E-07 0
vn -1 0 0
vn -1 7.98255E-07 0
vn -1 7.98212E-06 0
vn -1 0 0
vn -1 3.327666E-07 0
vn -1 3.327575E-06 0
vn -1 0 0
vn -1 0 0
vn -1 0 0
vn -1 1.168771E-06 0
vn -1 3.66252E-06 0
vn -1 -1.59724E-05 0
vn -1 0 0
vn -1 0 0
vn -1 0 0
vn -1 0 0
vn -1 0 0
vn -1 0 0
vn -1 0 0
vn 1 -7.390686E-07 2.460197E-06
vn 1 0 0
vn 1 1.14291E-06 1.647834E-06
vn 1 1.478324E-06 0
vn 1 2.613834E-06 8.477762E-07
vn 1 -4.038772E-05 8.477996E-06
vn 1 3.87125E-06 3.679142E-06
vn 1 -7.271448E-06 -2.929221E-06
vn 1 1.635916E-05 2.199096E-06
vn 1 0 0
vn 1 0 0
vn 1 1.241132E-07 0
vn 1 0 0
vn 1 0 0
vn 1 0 0
vn 1 0 0
vn 1 0 0
vn 1 -1.230344E-07 0
vn 1 -6.706473E-07 -6.387781E-07
vn 1 0 0
vn 1 0 0
vn 1 0 0
vn 0.2547895 0.4834898 0.8374484
vn 0.2546895 -6.178483E-06 0.9670228
vn 0.2547208 -4.833948E-06 0.9670146
vn 0.2364469 -0.1198651 0.9642227
vn 0.2548292 0.4834903 0.8374361
vn 0.2548453 0.8374316 0.4834896
vn 0.2372627 -0.1353845 0.9619654
vn 0.2401732 -8.142725E-05 0.97073
vn 0.2408339 0 0.9705664
vn 0.2548316 0.8374448 0.4834741
vn 0.2954398 -0.3100733 0.9036426
vn 0.2858179 -0.37411 0.8822414
vn 0.2689891 -0.8240519 0.4985812
vn 0.2613196 -0.8352684 0.4837756
vn 0.2547725 0.967001 -6.035303E-07
vn 0.2548453 0.8374316 0.4834896
vn 0.2548316 0.8374448 0.4834741
vn 0.2547499 0.967007 -3.94521E-06
vn 0.2547377 0.8374587 -0.4834995
vn 0.2547761 0.8374492 -0.4834955
vn 0.2546614 0.4835061 -0.837478
vn 0.2546759 0.4835199 -0.8374656
vn 0.237258 -0.1354033 -0.9619639
vn 0.236469 -0.1198898 -0.964214
vn 0.25477 7.252718E-06 -0.9670017
vn 0.2400932 -8.142515E-05 -0.9707499
vn 0.2546936 7.589557E-06 -0.9670218
vn 0.2546759 0.4835199 -0.8374656
vn 0.2546614 0.4835061 -0.837478
vn 0.2407611 0 -0.9705845
vn 0.2953793 -0.3100691 -0.9036638
vn 0.2857266 -0.3741242 -0.8822649
vn 0.2689371 -0.8240568 -0.4986014
vn 0.2612247 -0.8352915 -0.4837868
vn 0.2689891 -0.8240519 0.4985812
vn 0.2613196 -0.8352684 0.4837756
vn 0.2410401 -0.9705151 -3.992491E-06
vn 0.2239967 -0.9745899 0
vn 0.2689371 -0.8240568 -0.4986014
vn 0.2612247 -0.8352915 -0.4837868
vn 0 0.9996265 -0.02732835
vn 0 0.9996264 -0.0273339
vn 0 0.9996266 -0.02732508
vn 4.127342E-06 0.9996266 -0.02732246
vn 0 0.9996266 -0.02732482
vn 0 0.9996265 -0.02732786
vn 1.373057E-05 0.9996265 -0.02732708
vn 3.375309E-06 0.9158279 -0.4015711
vn -3.375279E-06 0.9158318 -0.401562
vn -1.373521E-05 0.9996266 -0.02732492
vn -4.12753E-06 0.9996268 -0.02732014
vn 0 0.9996269 -0.02731684
vn 0 0.9996265 -0.02732679
vn 0 0.9996265 -0.02732955
vn 0 0.9996268 -0.02731778
vn 0 0.9996264 -0.0273339
vn 0.9348251 0.06379642 -0.3493308
vn 0.9978215 0.06172148 -0.02329979
vn 0.9729037 0.1257271 -0.1940392
vn 0.9672496 0.1469868 -0.206937
vn 0.9781808 0.1395999 -0.1538637
vn 0.997738 0.06670792 -0.008303434
vn 0.9453744 0.05982298 -0.3204504
vn 0.9788991 0.2037559 0.01549178
vn 0.9866823 0.132825 -0.0938919
vn 0.9559297 0.2186041 0.1959867
vn 1 0 0
vn 1 -1.550058E-07 0
vn 0.997738 0.06670792 -0.008303434
vn 1 0 0
vn 0.9835579 -0.0003260814 -0.1805931
vn 0.9978215 0.06172148 -0.02329979
vn 0.9550199 -0.001353884 -0.2965387
vn 0.9348251 0.06379642 -0.3493308
vn 1 0 0
vn 0.9101469 -0.0007485695 -0.4142851
vn 0.9556528 -0.002284475 -0.2944866
vn 1 1.232554E-07 0
vn 0.9453744 0.05982298 -0.3204504
vn 1 -6.93551E-07 5.582887E-07
vn 0.9866823 0.132825 -0.0938919
vn 5.326181E-06 -0.4336997 0.9010575
vn 0 0.006166394 0.999981
vn 0 0.006166422 0.999981
vn 0 -0.4336994 0.9010577
vn 4.028527E-05 -0.7827041 0.622394
vn -1.468223E-06 -0.7827094 0.6223873
vn 0 0.01047683 0.9999452
vn -1.359572E-06 0.01047226 0.9999452
vn 0 0.01042056 0.9999458
vn -0.0001434498 0.01047249 0.9999452
vn -0.000291516 0.01049853 0.9999449
vn 0 -0.7827103 0.6223862
vn 0 -0.433699 0.9010578
vn 0.6110896 -0.03261003 0.7908895
vn 0.494957 -0.000430419 0.8689175
vn -6.49584E-05 -0.6396893 0.7686336
vn -1.246901E-05 -0.9380854 0.3464043
vn 6.49593E-05 -0.6396822 0.7686395
vn 1.246912E-05 -0.9380867 0.3464006
vn 1.468245E-06 -0.7827069 0.6223904
vn 0 -0.7827082 0.6223888
vn -5.32619E-06 -0.4337015 0.9010566
vn 0 -0.4337021 0.9010564
vn -4.028511E-05 -0.7827057 0.6223921
vn -0.6110896 -0.03260993 0.7908894
vn 0 0.006166406 0.999981
vn 0 -0.4337014 0.9010566
vn -0.4949582 -0.0004316638 0.8689166
vn 1.35982E-06 0.01047217 0.9999452
vn 0.0002914095 0.01049856 0.9999449
vn 0 0.006166417 0.999981
vn 0.0001434522 0.01047266 0.9999452
vn 0 0.01060679 0.9999437
vn 0 0.01042089 0.9999458
vn 0 0.01047676 0.9999452
vn -0.9348252 0.06379686 -0.3493305
vn -0.9672495 0.1469875 -0.2069372
vn -0.9729038 0.1257279 -0.1940377
vn -0.9453747 0.05982423 -0.3204493
vn -0.9978213 0.06172209 -0.02330009
vn -0.9781807 0.1396004 -0.1538637
vn -0.9550201 -0.001353664 -0.296538
vn -0.955653 -0.002284101 -0.2944864
vn -0.997738 0.06670871 -0.008303434
vn -1 1.464206E-07 0
vn -1 -4.210474E-07 0
vn -1 0 0
vn -1 0 0
vn -0.983558 -0.0003263033 -0.1805919
vn -0.910148 -0.0007486029 -0.4142827
vn -1 0 0
vn -0.9788992 0.2037556 0.01549264
vn -1 2.842574E-07 0
vn -0.9866821 0.132826 -0.09389196
vn -0.9559288 0.2186026 0.1959925
vn 0 0.3441055 -0.938931
vn 0 0.1025468 -0.9947281
vn 0 0.1025463 -0.9947283
vn 0 0.3441093 -0.9389296
vn 3.375309E-06 0.9158279 -0.4015711
vn -3.375279E-06 0.9158318 -0.401562
vn 0 0.08730996 -0.9961812
vn 0 0.08731043 -0.9961811
vn 0 0 -1
vn 0 0 -1
vn 1.246912E-05 -0.9380867 0.3464006
vn -1.246901E-05 -0.9380854 0.3464043
vn 0 -0.9993641 0.0356573
vn 0 -0.9993648 0.03563651
vn 0 0 1
vn 0 0 1
vn 0 0 1
vn 0 0 1
vn -0.9867503 -0.1585465 0.0344517
vn -0.9864755 -0.1638989 0.001811984
vn -0.9865338 -0.1635481 0.001761366
vn -0.9853115 -0.1707565 0.001890361
vn -0.9864803 -0.1638698 0.001815603
vn -0.4949582 -0.0004316638 0.8689166
vn -0.6110896 -0.03260993 0.7908894
vn -0.9967393 -0.02181361 0.07768456
vn -1 0 0
vn -1 0 0
vn 0.6110896 -0.03261003 0.7908895
vn 0.9868389 -0.1579916 0.03446536
vn 0.494957 -0.000430419 0.8689175
vn 0.9854139 -0.1701639 0.001876577
vn 0.9967393 -0.02181371 0.07768457
vn 1 0 0
vn 1 -3.038465E-07 0
vn 0.9867099 -0.1624818 0.001797328
vn 0.986675 -0.162694 0.001787646
vn 0.9867127 -0.162465 0.001793355
vn 1 0 0
vn 1 0 0
vn 1 0 0
vn 1 0 0
vn 0 0.9958596 -0.09090544
vn 0 0.9958597 -0.09090445
vn 0 0.9958596 -0.09090508
vn 0 0.9958596 -0.09090609
vn -1 0 0
vn -1 0 0
vn -1 0 0
vn -1 0 0
vn 0 -0.9958596 0.09090508
vn 0 -0.9958596 0.09090609
vn 0 -0.9958596 0.09090544
vn 0 -0.9958597 0.09090445
vn 0 0 -1
vn 0 0 -1
vn 0 0 -1
vn 0 0 -1
vn 0 0 1
vn 0 0 1
vn 0 0 1
vn 0 0 1
vn -0.1932845 -0.9775661 0.08369935
vn -0.1684249 -0.9740501 0.1511931
vn -0.1704259 -0.8436598 0.5091103
vn -0.1980787 -0.8833366 -0.4248308
vn -0.1681135 -0.8375202 0.5199016
vn -0.2170744 -0.8438163 -0.4907677
vn -1 -1.904781E-06 0
vn -1 -1.03088E-06 0
vn -1 -1.395401E-05 0
vn -1 1.013946E-06 0
vn -1 5.267568E-07 0
vn -1 0 0
vn -1 0 0
vn -1 0 0
vn -1 0 0
vn -1 0 0
vn -1 0 0
vn -1 0 0
vn -0.1663665 0.4952626 0.8526646
vn -0.155386 0.1582198 0.9751008
vn -0.1567107 0.1401299 0.977653
vn -0.1771764 -0.4117549 0.8939052
vn -0.1710729 0.524028 0.8343433
vn -0.2188935 0.831467 0.5106353
vn -0.1968084 0.8842404 0.4235391
vn -0.1799813 -0.41659 0.8911001
vn -0.1704259 -0.8436598 0.5091103
vn -0.1681135 -0.8375202 0.5199016
vn 1 1.942385E-06 0
vn 1 8.337045E-07 0
vn 1 4.849095E-06 0
vn 1 -4.903441E-07 0
vn 1 1.581324E-05 0
vn 1 0 0
vn 1 3.432557E-06 0
vn 1 0 0
vn 1 -4.903846E-07 0
vn 1 0 0
vn 1 0 0
vn 1 -3.432557E-06 0
vn -0.1813857 0.8377036 -0.5151232
vn -0.1667967 0.8112883 -0.5603483
vn -0.1988403 0.9775445 -0.0697793
vn -0.168426 0.9740515 -0.1511828
vn -0.1968084 0.8842404 0.4235391
vn -0.2188935 0.831467 0.5106353
vn -0.1764707 -0.1373193 -0.9746801
vn -0.1743333 -0.1602564 -0.9715584
vn -0.1885258 0.3769849 -0.9068299
vn -0.2068142 0.4155562 -0.8857432
vn -0.1813857 0.8377036 -0.5151232
vn -0.1667967 0.8112883 -0.5603483
vn -0.1773615 -0.4971724 -0.8493306
vn -0.1804609 -0.5204704 -0.8345923
vn -0.2170744 -0.8438163 -0.4907677
vn -0.1980787 -0.8833366 -0.4248308
vn -1 0 0
vn -1 0 0
vn -1 0 0
vn -1 0 0
vn 0 0 -1
vn 0 0 -1
vn 0.3913859 0.6507049 -0.650692
vn 0.287981 0 -0.9576361
vn 0.9053848 -0.3002587 -0.3002052
vn 0.9054242 0.3002459 -0.3000989
vn 0 0 1
vn 0 0 1
vn 0.3913658 -0.6506929 0.6507163
vn 0.3913989 0.6506962 0.650693
vn 0.9054131 -0.3002304 0.3001481
vn 0.9054338 0.300221 0.300095
vn 0 -1 0
vn 0 -1 0
vn 0.2879197 -0.9576546 0
vn 0.3913658 -0.6506929 0.6507163
vn 0.9054131 -0.3002304 0.3001481
vn 0.9053848 -0.3002587 -0.3002052
vn 0.9054242 0.3002459 -0.3000989
vn 0.9054338 0.300221 0.300095
vn 0.9054338 0.300221 0.300095
vn 0.9054242 0.3002459 -0.3000989
vn 0.3913859 0.6507049 -0.650692
vn 0.3913989 0.6506962 0.650693
vn 0 1 0
vn 0 1 0
vn 1 1.933383E-07 0
vn 1 6.579075E-07 0
vn 0.7963072 0.447082 -0.4074464
vn 0.8943861 0.4468908 0.01903018
vn 1 0 0
vn 0.8998567 0.4334216 0.04902847
vn 1 -2.075842E-07 0
vn 0.9040353 0.4269308 0.02121829
vn 1 -1.221669E-07 0
vn 0.9091603 0.4138564 -0.04637299
vn 0.9042599 0.4160002 -0.09621824
vn 1 0 0
vn 0.9154404 0.3920897 -0.09074485
vn 1 -1.684899E-07 0
vn 0.9250439 0.3700781 -0.08565047
vn 1 -1.664179E-07 0
vn 0.9426867 0.312953 -0.1157675
vn 1 -3.002247E-07 0
vn 1 -3.749101E-07 0
vn 1 -1.511348E-07 0
vn 1 -4.91038E-07 0
vn 1 -5.312912E-07 0
vn 1 -4.923903E-07 0
vn 1 -5.52407E-07 0
vn 0.5101782 0.8362065 -0.2011889
vn 0.8903903 0.3986227 -0.2197843
vn 1 -2.4765E-07 0
vn 1 0 0
vn 1 -1.101647E-07 0
vn 1 0 0
vn 1 0 -1.407768E-07
vn 1 -1.657422E-07 0
vn 1 -3.166551E-07 0
vn 1 -2.453794E-07 0
vn 1 -2.710941E-07 -1.645385E-07
vn 1 0 0
vn 1 -3.938736E-07 0
vn 1 4.012182E-07 0
vn 1 3.907994E-07 0
vn 1 0 -3.726943E-07
vn 1 0 0
vn 1 8.754092E-07 0
vn 1 -4.035914E-07 0
vn 1 -1.500425E-07 0
vn 1 -4.629818E-07 -1.341035E-07
vn 1 -5.979435E-07 -1.827781E-07
vn 1 -3.327629E-07 0
vn 1 -3.830479E-07 0
vn 1 0 0
vn 1 -3.222721E-07 0
vn 1 5.603646E-07 0
vn 1 2.101948E-07 0
vn 1 0 0
vn 1 -5.843791E-07 0
vn 1 0 0
vn 1 6.46148E-07 0
vn 1 -1.905372E-06 0
vn 1 0 0
vn 1 0 0
vn 1 9.103803E-05 0
vn 1 0.0001833643 0
vn 1 -2.346096E-07 0
vn 1.122637E-06 -0.6327683 -0.7743412
vn 9.420684E-07 -0.5353769 -0.8446132
vn -0.2150172 -0.5870985 -0.7804377
vn 0.2150159 -0.587094 -0.7804415
vn -0.243715 -0.703605 -0.6674901
vn -2.959328E-06 -0.7451972 -0.666844
vn 0.2437058 -0.7036049 -0.6674936
vn -0.25188 -0.7749991 -0.5795972
vn -3.890565E-06 -0.8396978 -0.543054
vn 0.2518719 -0.7750004 -0.579599
vn -0.2571656 -0.8593794 -0.4419648
vn 0.2571654 -0.8593781 -0.4419673
vn -1 3.288193E-07 0
vn -0.9013306 0.4327531 0.01811094
vn -0.806246 0.4368181 -0.3989452
vn -1 0 0
vn -1 5.260549E-07 0
vn -0.9073346 0.4178069 0.04670454
vn -1 3.239369E-07 0
vn -0.9127859 0.4079361 0.02024907
vn -1 4.341973E-07 0
vn -0.9172412 0.3958703 -0.04422043
vn -1 3.812712E-07 0
vn -0.9079556 0.4085587 -0.09325462
vn -1 -4.240497E-07 0
vn -1 2.872289E-07 0
vn -1 3.732546E-07 0
vn -0.9127324 0.3983111 -0.09092782
vn -1 -3.446291E-07 0
vn -1 4.129625E-07 0
vn -0.917205 0.3884233 -0.08866969
vn -1 3.241863E-07 0
vn -1 9.789475E-07 0
vn -1 0 0
vn -0.9299615 0.3481342 -0.1182124
vn -1 -2.256526E-07 0
vn -1 9.310539E-07 0
vn -0.920005 0.3572127 -0.1612138
vn -0.5153859 0.8028054 -0.2998016
vn -0.922065 0.3862299 -0.02495337
vn -1 0 0
vn -1 9.151273E-07 1.407768E-07
vn -0.4973441 0.7956145 -0.3458995
vn -1 2.266939E-07 0
vn -1 7.2154E-07 1.645385E-07
vn -0.9498666 0.3099078 0.04135904
vn -0.9405216 0.3396415 -0.007925746
vn -1 1.680761E-07 0
vn -1 -1.260545E-07 0
vn -1 0 0
vn -1 2.079595E-07 0
vn -1 -1.758641E-06 0
vn -0.9282495 0.2243225 0.2967021
vn -0.4815803 0.8760377 -0.02526779
vn -0.495297 0.8618476 0.1090853
vn -0.471744 0.878072 -0.08029411
vn -1 1.592521E-07 3.777609E-07
vn -1 1.38166E-06 0
vn -1 5.432999E-07 0
vn -1 2.572157E-06 0
vn -0.4677233 0.6577654 0.5904062
vn -1 5.189128E-07 1.827724E-07
vn -1 2.360306E-07 1.341024E-07
vn -1 8.318892E-07 0
vn -1 5.050411E-07 0
vn -0.1757891 -0.01484076 0.9843159
vn -0.2248502 -0.7905158 0.5696727
vn -0.1763855 -0.01375612 0.984225
vn -0.0800237 -0.8721116 0.482719
vn -0.1739844 -0.01992195 0.9845468
vn -1 9.614746E-07 0
vn -1 2.761368E-06 0
vn -1 7.000998E-06 0
vn -1 -2.735778E-07 0
vn -1 1.261173E-06 0
vn -1 -1.920962E-05 0
vn -1 -7.899081E-06 0
vn -1 3.060401E-05 0
vn -1 -2.335523E-06 0
vn -1 0 0
vn -1 0 0
vn -1 0 0
vn -1 1.835268E-07 0
vn -1 1.642267E-06 0
vn -0.4741007 0.8572667 -0.2008039
vn -0.9127324 0.3983111 -0.09092782
vn -0.917205 0.3884233 -0.08866969
vn -0.4964545 0.8450673 -0.1984799
vn -0.9299615 0.3481342 -0.1182124
vn -0.005494034 0.9657407 -0.2594509
vn -0.4517926 0.868835 -0.2025073
vn -0.9079556 0.4085587 -0.09325462
vn -0.003839919 0.9657544 -0.2594293
vn -0.45005 0.8867305 -0.1056595
vn -0.9172412 0.3958703 -0.04422043
vn -0.002549344 0.9906308 -0.1365435
vn -0.4480545 0.8928179 0.04607997
vn -0.9127859 0.4079361 0.02024907
vn -0.002173122 0.9981524 0.06071942
vn -0.9073346 0.4178069 0.04670454
vn -0.4473756 0.8886239 0.1010076
vn -0.002463948 0.9910397 0.1335446
vn 0.4303399 0.8966473 0.1040723
vn -0.5153859 0.8028054 -0.2998016
vn -0.9013306 0.4327531 0.01811094
vn -0.447959 0.8933067 0.03655142
vn -0.00256598 0.9988256 0.04838045
vn 0.4326004 0.9007934 0.03779029
vn 0.8943861 0.4468908 0.01903018
vn -0.3728189 0.7781939 -0.5053912
vn -0.806246 0.4368181 -0.3989452
vn -0.002603731 0.9993401 -0.03622822
vn 0.3592014 0.7808216 -0.5111673
vn 0.7963072 0.447082 -0.4074464
vn 0.4269932 0.9030136 0.04736334
vn 0.8998567 0.4334216 0.04902847
vn 0.9040353 0.4269308 0.02121829
vn 0.9091603 0.4138564 -0.04637299
vn 0.4296683 0.8964583 -0.1083862
vn 0.9042599 0.4160002 -0.09621824
vn 0.4427194 0.8724054 -0.2071435
vn 0.9154404 0.3920897 -0.09074485
vn 0.4772757 0.8547685 -0.2039086
vn 0.9250439 0.3700781 -0.08565047
vn 0.5101782 0.8362065 -0.2011889
vn -0.007309558 0.9620176 -0.2728894
vn 0.5306001 0.7884381 -0.3111737
vn -0.007640129 0.9583754 -0.2854091
vn 0.4083413 0.8038884 -0.432459
vn -0.02937935 0.9568621 -0.2890531
vn -0.001491211 0.993812 -0.1110659
vn 0.8903903 0.3986227 -0.2197843
vn 0.9426867 0.312953 -0.1157675
vn -0.08332935 0.9955863 -0.04317622
vn -0.03044764 0.9908177 0.1317319
vn -0.471744 0.878072 -0.08029411
vn -0.4973441 0.7956145 -0.3458995
vn 0.0722447 0.9680153 0.2402648
vn -0.003671482 0.9996885 -0.0246858
vn -0.495297 0.8618476 0.1090853
vn 0.3179629 0.9477556 -0.02566974
vn 0.2800638 0.9519424 -0.1239755
vn -0.007141537 0.997377 -0.07202904
vn -0.4815803 0.8760377 -0.02526779
vn -0.4677233 0.6577654 0.5904062
vn 0.5534621 0.8231267 -0.1270508
vn 0.4662355 0.8844615 -0.01877013
vn 0.02812338 0.9536633 0.2995584
vn -0.2792697 0.867018 0.41266
vn 0.04515131 0.8319188 -0.5530574
vn 4.311013E-07 -0.8392751 -0.543707
vn -0.374089 -0.848734 -0.3737754
vn -0.4030028 -0.9136675 0.0529182
vn 4.625631E-06 -0.9976299 0.06880882
vn 0.4030058 -0.9136662 0.05291815
vn 0.3740947 -0.8487321 -0.373774
vn 0.09761875 -0.003940913 0.9952161
vn 0.09760928 -0.003940783 0.995217
vn 0.09762181 -0.004084846 0.9952152
vn 0.0976408 -0.004084957 0.9952134
vn 0.09179601 0.2262627 0.9697313
vn 0.09531972 0.2157747 0.9717795
vn 0.05006454 0.2938241 0.9545475
vn 0.2471735 0.2112353 0.9456663
vn 0.1716132 0.1355262 0.975798
vn -0.004024077 0.1291649 0.9916149
vn -0.0359586 0.2935849 0.9552564
vn 0 0 1
vn -0.05980871 0.1750599 0.9827394
vn -0.09763139 0.2736746 0.9568543
vn -0.08894596 0.2254855 0.9701778
vn -0.09531968 0.2157737 0.9717798
vn -0.09760936 -0.003940722 0.995217
vn -0.9282495 0.2243225 0.2967021
vn -0.4677233 0.6577654 0.5904062
vn -0.009243267 -0.02175752 0.9997205
vn 0.2400715 -0.0144791 0.9706472
vn 0.5905614 -0.008463572 0.8069482
vn -0.09761873 -0.003940864 0.9952161
vn -0.09762156 -0.004084853 0.9952152
vn 0 0 1
vn 0 0 1
vn 0 0 1
vn -0.09764029 -0.004085016 0.9952134
vn 7.044449E-07 -0.995971 -0.08967613
vn -3.890565E-06 -0.8396978 -0.543054
vn -0.2571656 -0.8593794 -0.4419648
vn 0.2571654 -0.8593781 -0.4419673
vn -0.268819 -0.9606026 -0.07056204
vn -0.2630361 -0.9158761 0.3032872
vn 1.093282E-06 -0.9302211 0.3669995
vn -0.3123968 -0.8528039 0.4184897
vn 1.000013E-06 -0.8837267 0.4680032
vn -0.3752351 -0.8735871 0.3099098
vn 1.612862E-06 -0.9317369 0.3631342
vn -0.4173642 -0.881194 0.2220457
vn 1.18406E-06 -0.9636104 0.2673109
vn -0.4553154 -0.8834324 0.1106119
vn -2.607749E-07 -0.9914935 0.1301567
vn -0.4524914 -0.873657 -0.178815
vn 1.892401E-07 -0.9795879 -0.2010162
vn -1.975626E-06 -0.7603506 -0.6495129
vn 0.4524894 -0.8736581 -0.1788156
vn 0.4553165 -0.8834318 0.110612
vn 0.4173649 -0.8811936 0.2220458
vn 0.3752342 -0.873588 0.3099084
vn 0.3123978 -0.8528045 0.4184879
vn -0.3275435 -0.6869643 -0.6486874
vn 0.3275443 -0.6869643 -0.6486869
vn 0.2630382 -0.9158744 0.3032905
vn 0.26882 -0.9606025 -0.0705608
vn 0 -1 0
vn 0 -1 -6.620654E-06
vn -2.165573E-07 -1 -2.855155E-07
vn 0 -1 0
vn 0 -1 -5.302013E-06
vn 0 -1 0
vn 0 -1 0
vn 0 -1 -1.915181E-06
vn 0 -1 -1.027521E-06
vn -8.837317E-07 -1 -1.025123E-05
vn 1.807201E-06 -1 -2.018158E-05
vn 4.194995E-07 -1 1.680567E-06
vn 1.100391E-05 -1 0
vn 0 -1 3.536584E-06
vn 0 -1 8.693776E-06
vn 0 -1 6.589627E-06
vn 0 -1 0
vn 0 -1 0
vn 0 -1 0
vn 0 -1 0
vn -9.962732E-07 -1 -2.702959E-05
vn 0 -1 -5.619294E-05
vn 0.1763806 -0.01375598 0.9842259
vn 0.1757872 -0.01484044 0.9843163
vn 0.17399 -0.01992086 0.9845459
vn 0.224852 -0.7905148 0.5696735
vn 0.08002404 -0.8721114 0.4827191
vn -0.1175905 0.2411199 -0.963345
vn -0.09457802 0.1117397 -0.9892266
vn -0.806246 0.4368181 -0.3989452
vn 0.00345423 -0.03883881 -0.9992396
vn -0.3728189 0.7781939 -0.5053912
vn -0.0003347073 0.205275 -0.9787042
vn 0.008195078 -0.02932277 -0.9995364
vn -0.001206731 -0.03797025 -0.9992781
vn -0.003474795 -0.03859416 -0.9992489
vn 0 -0.01261646 -0.9999205
vn 0 -0.01076785 -0.9999421
vn 0.00120681 -0.03797031 -0.9992781
vn 0.003474974 -0.03859431 -0.9992489
vn 0.07756793 0.1351437 -0.9877851
vn -0.0006325946 -0.04010168 -0.9991954
vn 0.08323219 0.2281264 -0.9700674
vn 0.3592014 0.7808216 -0.5111673
vn -0.004645081 -0.02919893 -0.9995628
vn -0.0001953433 -0.01998512 -0.9998003
vn 0.7963072 0.447082 -0.4074464
vn -0.0008279918 0.370409 -0.9288684
vn 4.311013E-07 -0.8392751 -0.543707
vn -1.975626E-06 -0.7603506 -0.6495129
vn -0.3275435 -0.6869643 -0.6486874
vn 0.3275443 -0.6869643 -0.6486869
vn -0.374089 -0.848734 -0.3737754
vn 0.3740947 -0.8487321 -0.373774
vn 0.0001241983 0.01857589 -0.9998274
vn 3.120812E-05 0.01779214 -0.9998417
vn 0.0009680499 0.01402863 -0.9999012
vn -0.002052882 0.01747383 -0.9998453
vn 0.001559058 0.00101611 -0.9999983
vn -0.003090124 0.01799036 -0.9998333
vn 0.001952689 0.01760696 -0.9998431
vn -0.005631533 0.01747384 -0.9998314
vn 0.9944026 -0.01865285 -0.1039985
vn 0.9887916 0.0003273269 -0.1493019
vn 0.9889687 0.0005648482 -0.1481228
vn 0.9999578 -0.00879484 -0.002684312
vn 0.9509829 -0.1528348 0.2688363
vn 1 2.413774E-07 0
vn 1 0 0
vn 1 0 0
vn 1 0 0
vn -1 4.328035E-06 0
vn -1 7.2462E-06 0
vn -1 1.346547E-05 0
vn -0.9999578 -0.008794383 -0.002684933
vn -1 0 0
vn -0.9509869 -0.1528279 0.2688263
vn -0.9944023 -0.01865194 -0.1040001
vn -0.9887915 0.0003275464 -0.1493028
vn -0.9889686 0.0005652265 -0.148124
vn -0.3918293 0.003775954 -0.9200302
vn -0.3918293 0.003775954 -0.9200302
vn -0.3918293 0.003775954 -0.9200302
vn -3.555218E-05 0 1
vn 3.558164E-05 0 1
vn -0.4999864 0 0.8660333
vn -0.5000399 0 0.8660024
vn -0.8660213 0 0.500007
vn -0.8660392 0 0.4999761
vn 0.4999858 0 0.8660336
vn 0.5000381 0 0.8660035
vn 0.866021 -1.534628E-07 0.5000077
vn 0.8660389 0 0.4999767
vn -0.8660392 0 0.4999761
vn -0.8660213 0 0.500007
vn -1 0 9.595127E-06
vn -1 0 -9.595127E-06
vn -0.8660258 0 -0.4999994
vn -0.866021 0 -0.5000077
vn -0.4999856 0 -0.8660337
vn -0.5000163 0 -0.866016
vn -0.5000163 0 -0.866016
vn -0.4999856 0 -0.8660337
vn 3.551292E-05 0 -1
vn -3.516919E-05 0 -1
vn 0.5000154 0 -0.8660165
vn 0.4999852 0 -0.8660339
vn 0.4999852 0 -0.8660339
vn 0.8660204 -1.534606E-07 -0.5000087
vn 0.8660249 0 -0.500001
vn 1 0 -1.092096E-05
vn 1 -1.488084E-07 8.455893E-06
vn 0.8660389 0 0.4999767
vn 0.866021 -1.534628E-07 0.5000077
vn 0 -1 0
vn 0 -1 -3.15368E-06
vn 0 -1 -1.408257E-07
vn 0 -1 0
vn 0 -1 -6.589074E-06
vn 0 -1 8.193578E-06
vn 0 -1 0
vn 0 -1 0
vn 0 -1 0
vn 0 -1 0
vn 0 -1 0
vn 0 -1 0
vn 1 -2.863623E-07 2.160628E-07
vn 1 -1.431705E-07 1.86403E-05
vn 0.8660275 -1.639378E-07 0.4999965
vn 0.8660312 -4.502985E-07 0.49999
vn 0.8660189 -1.570259E-07 -0.5000113
vn 0.866037 -3.001879E-07 -0.49998
vn 0.4999936 -1.500993E-07 -0.8660291
vn 0.500031 -1.664683E-06 -0.8660074
vn 0 1 -3.01206E-06
vn 0 1 -2.10018E-05
vn 0 1 -1.979462E-05
vn 0 1 0
vn 0 1 -8.003517E-06
vn 0 1 1.979335E-05
vn 0 1 2.401328E-05
vn 0 1 0
vn 0 1 0
vn 0 1 -2.368834E-05
vn 0 1 -2.823528E-05
vn 0 1 1.639591E-06
vn 0 1 8.003715E-06
vn 0 1 0
vn 0 1 3.011952E-06
vn 0 1 1.979466E-05
vn 0 1 2.300882E-05
vn 0 1 -6.5978E-06
vn 0 1 -1.001089E-05
vn 0 1 -1.319605E-05
vn 0 1 -1.600748E-05
vn 0 1 2.823516E-05
vn 0 1 2.369304E-05
vn 0 1 -1.639684E-06
vn 0 1 -7.993835E-07
vn 0 1 0
vn 0 1 -7.991517E-07
vn 0 1 2.39812E-05
vn 0 1 -3.197289E-05
vn 0 1 3.197338E-06
vn 0 1 3.197257E-05
vn 0 1 0
vn 0 1 0
vn 0 1 -3.197414E-06
vn 0 1 0
vn 0 1 -3.1978E-05
vn -1 0 3.240942E-07
vn -0.8660302 0 0.4999918
vn -0.866026 0 0.4999988
vn -1 0 1.868942E-05
vn -0.8660303 0 -0.4999914
vn -0.866023 0 -0.5000042
vn -0.4999918 0 -0.8660302
vn -0.5000301 -1.539121E-06 -0.8660081
vn -0.4999928 1.527961E-06 0.8660296
vn 3.253697E-05 1.67447E-06 1
vn -3.626825E-05 1.649926E-06 1
vn -0.4999937 0 0.8660291
vn -0.8660302 0 0.4999918
vn -0.866026 0 0.4999988
vn 0.4999665 1.353359E-06 0.8660448
vn 0.5000256 -1.500973E-07 0.8660107
vn 0.8660275 -1.639378E-07 0.4999965
vn 0.8660312 -4.502985E-07 0.49999
vn 6.842362E-05 -1.662229E-06 -1
vn -0.4999918 0 -0.8660302
vn -0.5000301 -1.539121E-06 -0.8660081
vn -6.878705E-05 -1.686769E-06 -1
vn 0.500031 -1.664683E-06 -0.8660074
vn 0.4999936 -1.500993E-07 -0.8660291
vn 0.3791371 -0.9246111 -0.03673575
vn 0.3886079 -0.9202773 -0.04553557
vn 0.1684114 -0.9698027 0.17641
vn 0.224852 -0.7905148 0.5696735
vn 0.1941433 -0.957622 0.2127635
vn 0 -0.9973843 0.07228112
vn 0.2566322 -0.9543515 0.1528169
vn 0.08002404 -0.8721114 0.4827191
vn 0.00265783 -0.9996293 0.02709967
vn 0 -0.9984433 0.05577743
vn -0.1684121 -0.9698026 0.1764098
vn -0.1941438 -0.957622 0.2127632
vn -0.3791409 -0.9246094 -0.03673631
vn -0.3886139 -0.9202749 -0.0455365
vn -0.2248502 -0.7905158 0.5696727
vn -0.256628 -0.9543527 0.1528169
vn -0.0800237 -0.8721116 0.482719
vn -0.002657799 -0.9996293 0.02709935
vn 0.3548603 -0.8566866 -0.3743826
vn 0.2751268 -0.6641384 -0.6951442
vn 0.5083351 -0.5083126 -0.6951358
vn 0.655673 -0.6556923 -0.3743802
vn 0.141531 -0.7116252 -0.688156
vn 0.1814016 -0.911893 -0.3681637
vn 0.6795133 -0.7072598 -0.1950522
vn 0.3652944 -0.910219 -0.1950936
vn 0.1914899 -0.9626384 -0.1914655
vn 0.285042 -0.2850335 -0.9151541
vn 0.1542547 -0.3724222 -0.9151542
vn 0.1012704 -0.1689417 -0.9804096
vn 0.07984796 -0.4018223 -0.9122298
vn 0.151969 -0.1240221 -0.9805732
vn 0.3724266 -0.1542545 -0.9151525
vn 0.5083351 -0.5083126 -0.6951358
vn 0.2751268 -0.6641384 -0.6951442
vn 0.141531 -0.7116252 -0.688156
vn 0.6641781 -0.275085 -0.6951228
vn 0.4031119 5.316691E-05 -0.9151507
vn 0.1841926 -0.06534562 -0.9807155
vn 0.1951799 6.177551E-05 -0.9807674
vn 0.7188609 -1.704851E-06 -0.6951541
vn 0.6880094 0.1368355 -0.7126845
vn 0.1948058 0.03960954 -0.9800417
vn 0.1950916 0.03849782 -0.9800292
vn 0.3607 0.07173561 -0.9299191
vn 0.8566967 -0.3548414 -0.3743771
vn 0.655673 -0.6556923 -0.3743802
vn 0.5083351 -0.5083126 -0.6951358
vn 0.6641781 -0.275085 -0.6951228
vn 0.7188609 -1.704851E-06 -0.6951541
vn 0.9272733 -2.833673E-05 -0.3743853
vn 0.905142 0.1799823 -0.3851289
vn 0.962581 0.1917206 -0.1915229
vn 0.6880094 0.1368355 -0.7126845
vn 0.9804409 -0.02613361 -0.1950713
vn 0.8962988 -0.39826 -0.1950317
vn 0.6795133 -0.7072598 -0.1950522
vn -0.4031622 3.584837E-05 -0.9151286
vn -0.1950714 4.862998E-06 -0.980789
vn -0.1841147 -0.0652955 -0.9807335
vn -0.3723876 -0.1542509 -0.9151689
vn -0.1519031 -0.1238606 -0.9806039
vn -0.6641617 -0.2750877 -0.6951373
vn -0.7189044 -4.111032E-05 -0.695109
vn -0.2850209 -0.2850338 -0.9151605
vn -0.1013559 -0.1689818 -0.9803939
vn -0.5083452 -0.5083061 -0.6951332
vn -0.275108 -0.6641457 -0.6951446
vn -0.1541932 -0.3724133 -0.9151682
vn -0.07979238 -0.4018136 -0.9122384
vn -0.1415508 -0.7116244 -0.6881527
vn -0.1948861 0.03885524 -0.9800559
vn -0.1949416 0.03855742 -0.9800567
vn -0.360818 0.071771 -0.9298706
vn -0.6880866 0.1367552 -0.7126253
vn -0.9272766 5.176213E-05 -0.374377
vn -0.7189044 -4.111032E-05 -0.695109
vn -0.6641617 -0.2750877 -0.6951373
vn -0.856693 -0.3548463 -0.3743808
vn -0.5083452 -0.5083061 -0.6951332
vn -0.6556767 -0.6556917 -0.374375
vn -0.9051064 0.1801359 -0.385141
vn -0.6880866 0.1367552 -0.7126253
vn -0.8962942 -0.3982673 -0.1950378
vn -0.6795087 -0.7072635 -0.1950543
vn -0.980441 -0.02615334 -0.1950681
vn -0.9625838 0.1916905 -0.1915392
vn -0.6556767 -0.6556917 -0.374375
vn -0.5083452 -0.5083061 -0.6951332
vn -0.275108 -0.6641457 -0.6951446
vn -0.3548471 -0.8566958 -0.3743742
vn -0.1415508 -0.7116244 -0.6881527
vn -0.1813656 -0.9118983 -0.3681685
vn -0.6795087 -0.7072635 -0.1950543
vn -0.3652939 -0.9102209 -0.1950853
vn -0.1914523 -0.9626431 -0.191479
vn -0.0001891699 -0.2056192 -0.9786321
vn -0.07154572 -0.2344886 -0.9694825
vn -0.0902337 -0.2483965 -0.9644465
vn 0.0005641126 -0.3164693 -0.9486026
vn -0.1146331 -0.2434487 -0.9631159
vn -0.1531007 -0.1823886 -0.9712335
vn -0.08999678 -0.2703962 -0.9585335
vn 0.09085882 -0.2714135 -0.9581646
vn 0.1561593 -0.1818544 -0.9708467
vn 0.1163113 -0.243856 -0.9628114
vn 0.09169587 -0.2500442 -0.9638826
vn 0.07074551 -0.2354579 -0.9693062
vn 0.0001607926 -0.2056131 -0.9786333
vn -0.0001170971 -0.2055859 -0.978639
vn 7.938578E-06 -0.2055998 -0.9786362
vn -1 1.964974E-06 -2.48343E-07
vn -1 1.909308E-06 -2.492143E-07
vn -1 2.100153E-06 -2.462272E-07
vn -1 2.153855E-06 -2.453867E-07
vn 0.0002796083 0.9917688 -0.1280407
vn 0 0.9917686 -0.1280426
vn 0 0.991771 -0.1280245
vn 0.0004076718 0.9917712 -0.1280227
vn -0.0002796081 0.9917688 -0.1280411
vn -0.0004076718 0.9917712 -0.1280228
vn 0.2545578 -0.9594581 0.120998
vn 0.243096 -0.9623789 0.1213722
vn 0.8481262 -0.5256304 0.06629181
vn 0.880326 -0.4706411 0.0593562
vn -0.01432438 -0.9920402 0.125105
vn -0.01429011 -0.9920406 0.1251049
vn 0.0007495448 -0.9921415 0.1251189
vn 0.0004706452 -0.9921411 0.125123
vn 0.001247494 -0.9921404 0.1251244
vn 0.000773546 -0.992141 0.1251225
vn 0.880326 -0.4706411 0.0593562
vn 0.8481262 -0.5256304 0.06629181
vn 1 2.085805E-06 -3.248671E-07
vn 1 2.291169E-06 -2.803655E-07
vn -0.9998484 0.00141163 -0.01735904
vn -0.9845582 0.1733136 0.02464929
vn -0.9892914 0.1459467 -0.001462674
vn -0.9683086 0.2496632 -0.006843052
vn -1 0 0
vn -0.8043453 0.5744616 0.1517319
vn -0.9011017 0.4175042 0.1170726
vn -0.9086842 0.4174626 -0.004240975
vn -0.9080348 0.4188713 -0.004427168
vn -0.7646689 0.4600796 0.4512297
vn -0.9891835 0.1466743 -0.001583571
vn -0.9890049 0.1478733 -0.001636999
vn -1 0 0
vn -0.9894522 0.1448309 -0.002883855
vn -0.9995955 -0.001859502 -0.02838136
vn -0.9621687 0.2724412 -0.002674731
vn -0.7497271 0.6617131 -0.006712892
vn -0.9996949 0.01300124 -0.02099914
vn -0.998705 -0.003326108 -0.05076693
vn 1 3.980257E-07 0
vn 1 6.816681E-07 0
vn 0.8392684 0.0131364 0.5435585
vn 1 0 0
vn 1 0 0
vn 1 0 0
vn 0.9947803 -0.006291039 0.1018455
vn 1 0 0
vn 0.4959301 -0.001037283 0.8683618
vn 0.9996949 0.01300167 -0.02100021
vn 0.9681483 0.2502836 -0.006847088
vn 0.9619741 0.2731272 -0.002680881
vn 0.8034006 0.5759021 0.1512756
vn 0.9998482 0.001411258 -0.01735993
vn 0.9844039 0.1741989 0.02456926
vn 0.9891474 0.1469193 -0.001471629
vn 0.9000369 0.4198728 0.1167931
vn 0.9075956 0.4198238 -0.004264941
vn 1 0 0
vn 0.9069458 0.4212239 -0.004452395
vn 0.7635819 0.4621829 0.4509209
vn 0.9890392 0.1476444 -0.001594837
vn 0.8117523 0.134581 0.5682836
vn 0.9888591 0.1488455 -0.001647492
vn 1 2.453694E-07 0
vn 0.7487794 0.6627851 -0.006723315
vn 0.9951638 0.006421732 0.09801906
vn 0.4858755 0.0006651477 0.8740277
vn -0.9999993 7.150405E-05 -0.001230212
vn -1 0 0
vn -1 -2.131769E-07 0
vn -1 -2.381601E-07 0
vn -0.9995597 0.001728519 -0.02962008
vn -1 0 0
vn -1 0 0
vn -1 0 0
vn -0.9986009 0.003080482 -0.05279047
vn -1 2.48276E-07 0
vn 0 0 -1
vn 0 0 -1
vn 0 0 -1
vn 0 0 -1
vn 0 0 -1
vn 0 0 -1
vn 0 0 -1
vn 0 0 -1
vn 0 0 -1
vn 0 0 -1
vn 0 0 -1
vn 0 0 -1
vn 0 0 -1
vn 0 0 -1
vn 0 0 -1
vn 0 0 -1
vn 0 0 -1
vn 0 0 -1
vn 0 0 -1
vn 0 0 -1
vn 0 0 -1
vn 0 0 -1
vn 0 0 -1
vn 0 0 -1
vn 0 0 -1
vn 0 0 -1
vn 0 0 -1
vn 0 0 -1
vn 0 0 -1
vn 0 0 -1
vn 0 0 -1
vn 0 -0.9594542 0.2818645
vn 0 -0.959452 0.2818722
vn 0 -0.9594522 0.2818711
vn 0 -0.9594545 0.2818634
vn 0 -0.4360852 0.8999053
vn 0 -0.4360823 0.8999067
vn 0 -0.3389208 0.9408149
vn 0 -0.3389233 0.940814
vn 0 0 1
vn 0 -0.2093834 0.9778336
vn 0 -0.2093824 0.9778339
vn 0 0 1
vn 0 1 0
vn 0 1 -1.803168E-05
vn 0 1 0
vn 0 1 0
vn 0 1 -1.809816E-06
vn 0 1 -7.665521E-06
vn 0 1 1.35656E-05
vn 0 1 -3.932746E-06
vn 0 1 -3.311419E-06
vn 0 1 4.874104E-06
vn 0 1 -3.929464E-05
vn 0 1 1.338248E-05
vn 0 1 -1.471698E-05
vn 0 1 0
vn 0 1 0
vn 0 1 0
vn 0 1 0
vn 0 1 3.521289E-06
vn 0 1 4.309833E-06
vn 0 1 2.221149E-06
vn 0 1 -5.206671E-07
vn 0 1 1.426381E-05
vn 0 1 -6.225181E-06
vn 0 1 3.270226E-06
vn -1 -1.419372E-07 0
vn -1 0 0
vn -1 -2.933613E-07 0
vn -1 -7.093615E-07 0
vn -0.9998912 0.0146697 -0.001614282
vn -0.9998723 0.01588862 -0.001700155
vn -0.9994978 0.0316132 -0.002185884
vn -1 0 0
vn -1 0 0
vn -0.9994975 0.03162716 -0.002085369
vn -0.9994992 0.03160365 -0.001635844
vn -0.9994988 0.0316199 -0.001535589
vn -0.9999181 -0.01279688 9.078031E-05
vn -0.9999099 -0.01342947 0.0001473937
vn -0.9995748 -0.02915721 0.000322403
vn -0.9995863 -0.02875928 0.0003169309
vn -1 0 0
vn -1 0 0
vn -0.9999768 0.006818515 -6.841042E-05
vn -0.9999734 0.007300683 -4.318885E-05
vn -0.9999051 0.01377917 -4.715232E-05
vn -0.9999046 0.01380772 0
vn 1 1.246436E-06 0
vn 1 0 0
vn 1 6.398083E-07 0
vn 1 0 0
vn 1 1.744214E-06 0
vn 0.9998912 0.01466955 -0.001614251
vn 0.999866 0.01627498 -0.001741446
vn 0.9994978 0.03161278 -0.002193995
vn 1 0 0
vn 0.9994975 0.03162684 -0.002093493
vn 0.9994991 0.03160373 -0.001645656
vn 0.9994987 0.03161994 -0.001545402
vn 0.9999182 -0.01278957 9.071687E-05
vn 0.9999099 -0.0134291 0.0001471093
vn 0.999575 -0.02915019 0.0003223777
vn 0.9995863 -0.02875935 0.000316693
vn 1 0 0
vn 1 0 0
vn 0.9996585 0.02612932 -0.000262127
vn 0.9996087 0.02797429 -0.0001655867
vn 0.998606 0.05278395 -0.000180421
vn 0.9986002 0.05289207 0
vn 1 7.371697E-07 0
vn 1 2.44086E-07 0
vn 1 0 0
vn 1 0 0
vn 1 0 0
vn 1 -1.645648E-07 0
vn 1 -4.072948E-07 0
vn 1 0 0
vn 1 0 0
vn 1 0 0
vn 1 -1.207953E-07 0
vn 1 -1.154459E-07 0
vn 0.9624372 0.2714889 -0.002891623
vn 0.9610927 0.2762112 -0.002882258
vn 0.7304024 0.6829792 -0.007203457
vn 0.6597226 0.5789059 0.4792015
vn -0.3630509 -0.08549905 -0.9278383
vn -0.3573385 -0.08143786 -0.9304177
vn -0.3952212 -0.07845617 -0.9152294
vn -0.4064073 -0.08201512 -0.9100036
vn -0.2383085 0.0006035609 -0.9711893
vn -0.3441795 -0.006909146 -0.9388784
vn -0.3420666 -0.007712759 -0.9396441
vn -0.3417373 0 -0.9397955
vn -0.3417747 0 -0.9397819
vn -0.2382931 0 -0.9711934
vn -0.2052493 0.002837869 -0.9787056
vn -0.2012579 0.00337097 -0.9795325
vn -0.1540528 0.03959873 -0.9872687
vn -0.1603433 0.00351608 -0.9870551
vn -0.1569393 0.1187961 -0.9804375
vn -0.2205202 0.04106821 -0.9745174
vn -0.243318 0.1776258 -0.9535436
vn -0.3544148 0.01962184 -0.9348824
vn -0.3599984 0.1505453 -0.9207265
vn -0.392871 0.08515082 -0.9156429
vn -0.4004436 0.1755475 -0.8993487
vn -0.4023328 0.175863 -0.8984434
vn -0.7646689 0.4600796 0.4512297
vn -0.9011017 0.4175042 0.1170726
vn -0.8043453 0.5744616 0.1517319
vn -0.660458 0.5779449 0.4793485
vn -0.3963152 0.07993215 0.9146283
vn -0.3755049 0.08381612 0.9230227
vn -0.3633894 -0.007620343 0.9316062
vn -0.2454414 -0.003691571 0.9694044
vn -0.3547604 0.006269112 0.9349362
vn -0.2402703 0.004758257 0.9706944
vn 0.4858755 0.0006651477 0.8740277
vn -0.3999171 0.007436755 0.9165211
vn 0.4959301 -0.001037283 0.8683618
vn -0.4006153 0.008006581 0.9162114
vn -0.4001896 0 0.9164324
vn -0.4002319 0 0.9164139
vn -0.2719281 0 0.9623176
vn -0.4002712 0 0.9163967
vn -0.2081947 0 0.9780874
vn -0.400273 0 0.916396
vn 0.3261837 0 0.9453064
vn 0.2498196 0 0.9682925
vn 0.4759645 0 0.8794644
vn 0.4759993 0 0.8794456
vn 0.4665837 0.006362176 0.8844541
vn 0.4277444 0.01674067 0.9037447
vn 0.8392684 0.0131364 0.5435585
vn 0.4776141 0.002321867 0.8785667
vn 0.4759339 0 0.8794811
vn 0.4598372 -0.003349453 0.887997
vn 0.8117523 0.134581 0.5682836
vn 0.3754819 0.08590543 0.9228399
vn 0.6597226 0.5789059 0.4792015
vn 0.7635819 0.4621829 0.4509209
vn 0.8034006 0.5759021 0.1512756
vn 0.9000369 0.4198728 0.1167931
vn -1 1.401136E-06 0
vn -1 0 0
vn -1 0 0
vn -1 4.711644E-07 0
vn -1 1.088663E-06 0
vn -1 0 0
vn -1 0 0
vn -1 0 0
vn -1 0 0
vn -1 0 0
vn -1 2.088845E-07 0
vn -1 2.221567E-07 0
vn -0.9626148 0.2708582 -0.002885247
vn -0.9611909 0.2758693 -0.002880097
vn -0.7313774 0.6819351 -0.007192298
vn -0.660458 0.5779449 0.4793485
vn 0.2420593 0.0505932 -0.9689415
vn 0.4137262 0.02667717 -0.9100104
vn 0.2790961 0.1918357 -0.9409061
vn 0.1683156 0.127282 -0.977481
vn 0.1721538 0.004231332 -0.985061
vn 0.1647956 0.04248991 -0.9854121
vn 0.2209107 0.003682392 -0.9752871
vn 0.4212375 0.1635752 -0.8920774
vn 0.4677412 0.09170517 -0.8790951
vn 0.4090724 0.1769979 -0.8951712
vn 0.4023344 0.1758636 -0.8984426
vn 0.2252783 0.003151569 -0.9742894
vn 0.2656122 0.0006067931 -0.9640798
vn 0.2656001 0 -0.9640833
vn 0.4770475 -0.02881439 -0.878405
vn 0.4741179 -0.03393906 -0.879807
vn 0.4352811 -0.05523665 -0.8985986
vn 0.4255984 -0.05880178 -0.9029996
vn 0.4129777 -0.009264705 -0.9106939
vn 0.41096 -0.009643657 -0.9116024
vn 0.4104578 0 -0.9118797
vn 0.4105094 0 -0.9118564
vn 0.6597226 0.5789059 0.4792015
vn 0.7304024 0.6829792 -0.007203457
vn 0.7487794 0.6627851 -0.006723315
vn 0.8034006 0.5759021 0.1512756
vn -0.7497271 0.6617131 -0.006712892
vn -0.7313774 0.6819351 -0.007192298
vn -0.660458 0.5779449 0.4793485
vn -0.8043453 0.5744616 0.1517319
vn 0 0 1
vn 0 0 1
vn 0 0 1
vn 0 0 1
vn 0 0 1
vn 0 0 1
vn 0 0 1
vn 0 0 1
vn 0 0 1
vn 0 0 1
vn 0 0 1
vn 0 0 1
vn 0.8660314 0 0.4999896
vn 0.8660133 0 0.5000209
vn 1 0 5.482034E-05
vn 1 0 -9.92905E-06
vn 0.9659385 0 -0.2587714
vn 0.8660269 0 -0.4999975
vn 0.8660315 0 -0.4999895
vn -0.5000106 0 0.8660194
vn -0.5000018 0 0.8660244
vn 3.632821E-05 0 1
vn -3.658357E-05 0 1
vn 0.5000111 0 0.866019
vn 0.5000026 0 0.8660239
vn 0.8660133 0 0.5000209
vn 0.8660314 0 0.4999896
vn 0.5000035 0 -0.8660234
vn 0.5000032 0 -0.8660235
vn -1.080309E-07 0 -1
vn 1.178519E-07 0 -1
vn -0.5000018 0 -0.8660244
vn 0.8660269 0 -0.4999975
vn 0.8660315 0 -0.4999895
vn -0.5000026 0 -0.8660239
vn -0.8660122 1.565481E-07 0.5000228
vn -0.866031 0 0.4999904
vn -0.5000018 0 0.8660244
vn -0.5000106 0 0.8660194
vn -1 3.479084E-07 9.035365E-07
vn -1 0 4.516625E-05
vn -0.965939 0 -0.25877
vn -0.8660264 2.673905E-07 -0.4999982
vn -0.8660314 0 -0.4999897
vn -0.5000018 0 -0.8660244
vn -0.5000026 0 -0.8660239
vn 0 0 -1
vn 1.018941E-06 0 -1
vn 0 0 -1
vn 2.460264E-07 0 -1
vn 0 0 -1
vn 2.283559E-06 0 -1
vn 0.999987 -7.644608E-07 -0.005100344
vn 0.999987 -2.113085E-06 -0.005100233
vn 0.999987 0 -0.005100173
vn 0.999987 -1.017318E-06 -0.005100374
vn 0.999987 0 -0.005100423
vn 0.999987 0 -0.005100588
vn 0.999987 0 -0.005100713
vn 0.999987 0 -0.005100193
vn 0.999987 0 -0.005100216
vn 0.999987 0 -0.005100285
vn 1.154446E-06 -0.993723 0.1118683
vn 2.048764E-06 -0.9937231 0.1118674
vn 9.154936E-07 -0.993723 0.1118685
vn 0 -0.9937229 0.1118694
vn -0.9997037 0 -0.02433786
vn -0.9997037 0 -0.02433875
vn -0.9997037 1.734056E-07 -0.02433831
vn -0.9997037 1.323637E-07 -0.02433874
vn -0.9997037 1.130749E-07 -0.02433831
vn -0.9997037 0 -0.02433823
vn -0.9997037 0 -0.0243388
vn -0.9997037 0 -0.02433869
vn -0.9997037 0 -0.02433872
vn -0.9997037 0 -0.02433905
vn 0.0003136384 -0.9946234 0.1035583
vn 0 -0.9946166 0.1036234
vn 0.003630316 -0.9937046 0.1119728
vn 0.002333549 -0.9938366 0.1108301
vn 0.0002219012 -0.9930813 0.1174287
vn 6.562823E-05 -0.9930686 0.1175364
vn 0.00127722 -0.9927424 0.1202538
vn 0.005114477 -0.9926864 0.1206138
vn 0.0006068874 -0.9936573 0.1124489
vn 0.008537082 -0.9926445 0.1207641
vn 0.002225178 -0.9939166 0.1101133
vn 0.0002676403 -0.9950352 0.09952358
vn -0.007284517 -0.993099 0.1170532
vn 0.0008469394 -0.9930902 0.1173503
vn 0.009647294 -0.9932387 0.1156882
vn 0 -0.9950299 0.09957577
vn 0 0.9637636 0.2667577
vn 0 0.9966322 0.08200242
vn 0 0.996633 0.08199195
vn 0 0.9602501 0.2791407
vn 0 0.8942518 0.4475642
vn 0 0.894251 0.4475657
vn 0 -0.8942515 0.4475648
vn 0 -0.8942485 0.4475709
vn 0 -0.9603378 0.2788395
vn 0 -0.9637346 0.2668627
vn 0 -0.9966322 0.08200236
vn 0 -0.9966322 0.08200242
vn 0 1 6.217444E-07
vn 0 1 -6.217871E-07
vn 0 1 -3.686205E-06
vn 0 1 -1.865428E-05
vn 0 1 -3.641519E-06
vn 0 1 -1.638688E-05
vn 0 1 0
vn 0 1 2.487187E-06
vn 0 1 2.487129E-05
vn 0 1 -6.217995E-07
vn 0 1 -6.218133E-06
vn 0 1 0
vn 1 -7.232144E-07 0
vn 1 -1.002065E-06 0
vn 1 -3.936165E-07 0
vn 1 0 0
vn 1 -1.796857E-07 0
vn 1 -1.417272E-07 0
vn 1 -5.258365E-07 0
vn 1 0 0
vn 1 -2.117214E-07 0
vn 1 -5.464473E-07 0
vn 1 0 0
vn 1 -1.287396E-06 0
vn 1 5.559459E-07 0
vn 1 -2.039909E-07 0
vn 1 -7.163048E-07 1.142578E-07
vn 1 -1.874232E-06 1.411265E-07
vn 1 0 0
vn 1 0 0
vn 1 -1.082577E-07 0
vn 1 0 0
vn 1 -3.931615E-07 0
vn 1 0 0
vn 1 0 0
vn 1 0 0
vn 1 0 0
vn -1 0 0
vn -1 1.491669E-07 0
vn -1 -4.717925E-07 0
vn -1 0 0
vn -1 -9.398786E-07 0
vn -1 0 0
vn -1 0 0
vn -1 1.140338E-06 -2.752349E-07
vn -1 9.372765E-07 -2.503115E-07
vn -1 1.053703E-06 -1.024092E-06
vn -1 1.076621E-06 -9.725993E-07
vn -1 1.164122E-06 -1.31595E-06
vn -1 1.299609E-06 -1.916811E-07
vn -1 1.341224E-07 0
vn -1 7.091371E-07 0
vn -1 0 0
vn -1 -1.843858E-07 0
vn -1 0 0
vn -1 0 0
vn -1 0 0
vn -1 0 0
vn -1 0 0
vn -1 0 0
vn -1 -7.863231E-07 0
vn -1 0 0
vn -0.2454468 0.02471419 -0.9690949
vn -0.2458594 0.1510323 -0.9574666
vn -0.470236 0.131442 -0.8726977
vn -0.4741642 0.02219552 -0.8801567
vn -0.435246 0.3975975 -0.8077605
vn -0.2236777 0.4713059 -0.8531348
vn -0.3761702 0.6088678 -0.6984096
vn -0.1700848 0.6475595 -0.7427906
vn -0.3997918 0.4358629 -0.8063436
vn -0.2163154 0.3963624 -0.8922469
vn 0.2378251 0.0247598 -0.9709924
vn 0.2097365 0.3973112 -0.8933949
vn 0.2381038 0.1512729 -0.9593868
vn 0.2163886 0.4716517 -0.8548219
vn 0.1651771 0.648109 -0.7434186
vn 0.3642125 0.6120012 -0.7019998
vn 0.4564703 0.1326279 -0.8797981
vn 0.4603886 0.02238289 -0.8874353
vn 0.4219311 0.4010482 -0.8131017
vn 0.3955494 0.4388787 -0.8067999
vn 0.06305923 -0.9897546 0.1280989
vn 0.02794461 -0.9914575 0.1274008
vn 0.003591317 -0.991176 0.1325034
vn 0 -0.9903294 0.1387361
vn -0.002465071 -0.9913768 0.131019
vn -0.02714596 -0.9914791 0.1274061
vn -0.06223122 -0.9898654 0.1276471
vn 0 -0.9908239 0.1351593
vn -0.01581944 0.7598534 -0.649902
vn -0.2163154 0.3963624 -0.8922469
vn -0.3997918 0.4358629 -0.8063436
vn 0 0.7399474 -0.6726646
vn 0 0.7773422 -0.6290781
vn 0 0.7773427 -0.6290774
vn 0.01086547 0.7636645 -0.6455218
vn 0 0.7773428 -0.6290773
vn 0.2097365 0.3973112 -0.8933949
vn 0.3955494 0.4388787 -0.8067999
vn 0 0.7509252 -0.6603873
vn 0 0.7773412 -0.6290793
vn 0 -0.9998239 -0.01877176
vn 0 -0.9998239 -0.01877031
vn 0 -1 0
vn 0 -1 0
vn 0 -0.9998237 -0.01877413
vn 0 -1 0
vn 0 -0.9998239 -0.01877163
vn 0 -0.9998237 -0.0187742
vn 0 -0.9998239 -0.0187718
vn 0 -0.9998239 -0.01877045
vn 0 -0.9998239 -0.0187719
vn 0 -1 0
vn 0 -1 0
vn 0 -1 0
vn 0 -1 0
vn 0 -1 0
vn 0 -0.02618491 0.999657
vn 0 -0.02618485 0.999657
vn 0 -0.02121485 0.999775
vn 0 -0.02121485 0.999775
vn 0 -0.001471256 0.9999989
vn 0 0.0130364 0.999915
vn 0 0.0130365 0.999915
vn 0 0.09776131 0.9952099
vn 0 0.09776115 0.9952099
vn 0 0.0751017 0.9971759
vn 0 -0.00147128 0.9999989
vn 0 0.01431769 0.9998975
vn 0 0.01431769 0.9998975
vn 0 0.02210232 0.9997557
vn 0 0.02210225 0.9997557
vn 0 -0.001471207 0.9999989
vn 0 -0.02121484 0.999775
vn 0 0.01431776 0.9998975
vn 0 0.02210222 0.9997557
vn 0 0.01303643 0.999915
vn 0 -0.026185 0.999657
vn 0 0.09776111 0.9952099
vn 0 0.07510137 0.9971759
vn 0 0 1
vn 0 -0.0212148 0.999775
vn 0 -0.02618513 0.999657
vn 0 0.01303638 0.999915
vn 0 0.09776138 0.9952099
vn 0 -0.001471198 0.9999989
vn 0 0.01431782 0.9998975
vn 0 0.02210203 0.9997557
vn 0 0.07510099 0.9971759
vn 0 0 1
vn 0 0 1
vn 0 0.07510103 0.9971759
vn 0 0 1
vn 0 -0.2202967 -0.9754329
vn 0 -0.2202973 -0.9754328
vn 0 -0.4472131 -0.8944275
vn 0 -0.4472145 -0.8944267
vn 0 0.01940454 -0.9998117
vn 0 0.01940458 -0.9998117
vn 0 -0.2202977 -0.9754327
vn 0 0.01940477 -0.9998117
vn 0 -0.4472118 -0.894428
vn 0 -0.4472116 -0.8944281
vn 0 -0.2202974 -0.9754328
vn 0 0.01940479 -0.9998117
vn 0 0 -1
vn 0 0 -1
vn 0 0 -1
vn 0 0 -1
vn 0 0 -1
vn 0 0 -1
vn 0 0 -1
vn 0 0 -1
vn 0 1 0
vn 0 1 0
vn 0 1 0
vn 0 1 0
vn 0 1 0
vn 0 1 0
vn 0 1 0
vn 0 1 0
vn 0 0.01060652 0.9999437
vn 0.3917941 0.003777329 -0.9200452
vn 0.3917941 0.003777329 -0.9200452
vn 0.3917941 0.003777329 -0.9200452
vn 0.5306001 0.7884381 -0.3111737
vn 0 0 -1
vn 0.9691367 0.07592715 -0.2345404
vn 0.9643289 0.06987432 -0.2553179
vn 0.9240109 0.291559 -0.2473807
vn 0.9249862 0.2932626 -0.2416554
vn 0.918193 0.2913699 -0.2683748
vn 0.9946243 -0.01367361 -0.1026424
vn 0.988158 -0.000276812 -0.153439
vn 0.9995224 -0.02801347 -0.01304479
vn 0.9989561 -0.04028444 0.02153716
vn 0.9980793 -0.0554112 -0.0276992
vn 0.9974098 -0.06612782 0.0283007
vn 0.9940853 -0.108599 -0.0006542355
vn 0.9910891 -0.1314801 -0.02134054
vn 0.9910079 -0.1335271 -0.008601411
vn 0.9936545 -0.1122242 0.007513912
vn 0.9968469 -0.07882534 -0.009095422
vn 0.9979944 -0.06147302 0.01510862
vn 0.9982237 -0.05953101 0.002327874
vn 0.9329947 -0.03345085 0.3583324
vn 0.9952803 -0.05079241 0.08268818
vn 0.8999965 -0.0262791 0.4351043
vn 0.9631087 0.07065412 0.2596725
vn 0.9668561 0.06454593 0.2470286
vn 0.9201221 0.2150799 0.3272856
vn 0.912456 0.2254564 0.3414578
vn 0.8823891 0.2855606 0.3739583
vn 0.8727093 0.2954955 0.3886654
vn 0.5101484 0.4161141 0.7527268
vn 0.8718153 0.3049305 0.3833477
vn 0.6505419 0.5783024 0.4923023
vn 0.9588965 0.2319395 0.163467
vn 0.9196446 0.3823952 0.08959778
vn 0.912805 0.3958987 0.1002557
vn 0.9154802 0.3723199 -0.1525577
vn 0.91377 0.3732519 -0.1603349
vn 0.9051707 0.2616118 -0.3350002
vn 0.9110124 0.2545025 -0.3244764
vn 0.912118 0.2986954 -0.2807522
vn 0 0.1214112 -0.9926023
vn 0 -0.03294172 -0.9994573
vn 0 -0.03294163 -0.9994573
vn 0 0.1214112 -0.9926023
vn 0 0.1988645 -0.980027
vn 0 0.1988648 -0.9800269
vn 0 0.6376254 -0.7703466
vn 0 0.6376258 -0.7703463
vn 0 -0.1598835 -0.9871359
vn 0 -0.1598839 -0.9871358
vn 0 -0.1064998 -0.9943128
vn 0 -0.1064999 -0.9943128
vn 0 -0.02656418 -0.9996471
vn 0 -0.02656408 -0.9996471
vn -0.9240098 0.2915621 -0.2473814
vn -0.9643291 0.06987362 -0.2553178
vn -0.9691368 0.07592691 -0.2345399
vn -0.924984 0.2932676 -0.2416583
vn -0.9181939 0.2913696 -0.2683724
vn -0.9946241 -0.0136734 -0.1026451
vn -0.9995224 -0.02801269 -0.01304084
vn -0.9881575 -0.0002769569 -0.1534428
vn -0.9989562 -0.04028323 0.02153616
vn -0.9980794 -0.05540996 -0.02769783
vn -0.9974099 -0.06612615 0.02829964
vn -0.9940857 -0.1085959 -0.0006541172
vn -0.9910898 -0.1314752 -0.02133947
vn -0.9910091 -0.1335171 -0.008601421
vn -0.9936554 -0.1122167 0.007513312
vn -0.9968473 -0.07882053 -0.009095135
vn -0.9979944 -0.06147217 0.01510637
vn -0.9982238 -0.0595288 0.002327621
vn -0.9329948 -0.03345132 0.3583318
vn -0.9952803 -0.0507928 0.08268818
vn -0.8999965 -0.02628001 0.4351043
vn -0.9631084 0.07065624 0.2596724
vn -0.966856 0.06454711 0.2470286
vn -0.9201204 0.2150842 0.3272877
vn -0.9124542 0.2254601 0.34146
vn -0.8823876 0.2855616 0.3739609
vn -0.8727086 0.295495 0.3886674
vn -0.5101486 0.4161125 0.7527276
vn -0.8718158 0.3049299 0.3833471
vn -0.6505418 0.5783018 0.4923031
vn -0.9588963 0.2319412 0.1634661
vn -0.9196446 0.3823952 0.08959793
vn -0.912805 0.3958987 0.1002558
vn -0.915481 0.3723181 -0.1525576
vn -0.9137713 0.3732491 -0.1603344
vn -0.9051717 0.2616113 -0.3349981
vn -0.9110122 0.2545029 -0.3244766
vn -0.9121197 0.2986941 -0.2807481
vn 0 -0.1200163 0.9927719
vn 0 -0.4650773 0.88527
vn 0 -0.4650789 0.8852693
vn 0 -0.1200164 0.9927719
vn 0 0.02863199 0.99959
vn 0 0.02863176 0.9995901
vn 0 0.1493149 0.9887897
vn 0 -0.823507 0.5673061
vn 0 -0.8235062 0.5673072
vn 0 0.1493144 0.9887898
vn 0.5101484 0.4161141 0.7527268
vn -0.5101486 0.4161125 0.7527276
vn 0.6505419 0.5783024 0.4923023
vn -0.6505418 0.5783018 0.4923031
vn 0 0.9971778 0.07507643
vn 0 0.9598193 0.2806188
vn 0 0.9598212 0.2806124
vn 0 0.9971776 0.0750787
vn 0 0.9791082 -0.2033405
vn 0 0.9999491 -0.01009643
vn 0 0.9999491 -0.01009001
vn 0 0.6376258 -0.7703463
vn 0 0.6376254 -0.7703466
vn 0 0.9791086 -0.2033383
vn 0 0.9265431 -0.3761886
vn 0 0.9265431 -0.3761886
vn 0 0.8282836 -0.5603091
vn 0 0.8282799 -0.5603145
vn 0 0.7439393 -0.6682472
vn 0 0.7439306 -0.6682569
vn 0 0.9256012 -0.3785003
vn 0 0.9660274 0.2584396
vn 0 0.9660284 0.2584358
vn 0 0.9255986 -0.3785065
vn -0.6505418 0.5783018 0.4923031
vn 0.6505419 0.5783024 0.4923023
vn 0 -0.9697564 0.2440747
vn 0 -0.9871086 -0.1600516
vn 0 -0.9871104 -0.1600412
vn 0 -0.9697552 0.2440792
vn 0 -0.8235062 0.5673072
vn 0 -0.823507 0.5673061
vn 0 -0.7749251 -0.632053
vn 0 -0.7749205 -0.6320587
vn 0 -0.4730552 -0.8810328
vn 0 -0.1918362 -0.981427
vn 0 -0.1918356 -0.9814271
vn 0 -0.473056 -0.8810324
vn 0 -0.7749205 -0.6320587
vn 0 0.09042232 -0.9959036
vn 0 0.09042224 -0.9959036
vn 0 0.1814554 -0.9833992
vn 0 0.1814551 -0.9833993
vn 0 -0.7749251 -0.632053
vn 0 0.449436 -0.8933126
vn 0 0.4494365 -0.8933123
vn 0 0.9255986 -0.3785065
vn 0 0.9256012 -0.3785003
vn 0 -0.28239 0.9592997
vn 0 -0.1966688 0.98047
vn 0 -0.1966684 0.9804701
vn 0 -0.2823892 0.9592999
vn 0 -0.04098572 0.9991597
vn 0 -0.04098544 0.9991597
vn 0 -0.002473928 0.999997
vn 0 -0.002473932 0.999997
vn 0 0.657135 -0.753773
vn 0 0.657135 -0.753773
vn 0 0.657135 -0.753773
vn 0 0.657135 -0.753773
vn 0 -0.9616522 -0.2742722
vn 0 -0.9875867 -0.1570747
vn 0 -0.9875865 -0.1570764
vn 0 -0.9616511 -0.2742754
vn 0 -0.9992923 -0.03761557
vn 0 -0.9992923 -0.03761557
vn 1 -1.906737E-06 2.371748E-07
vn 1 -2.026765E-06 2.398997E-07
vn 1 -1.991752E-06 2.391049E-07
vn 1 -1.872893E-06 2.364065E-07
vn -0.9825675 0.1847944 -0.02030247
vn -0.9999754 -0.001255235 -0.006905384
vn -0.9999827 -0.001012355 -0.005806415
vn -0.9788304 0.2035199 -0.02169631
vn -0.7168899 0.6919925 -0.0849425
vn -0.6965539 0.7121951 -0.08712502
vn -1 -1.934952E-06 2.832032E-07
vn -1 -1.907544E-06 2.69887E-07
vn -1 -2.001501E-06 3.155367E-07
vn -1 -2.027994E-06 3.284082E-07
vn -0.07313097 -0.03654898 0.9966524
vn -0.1692082 0.07618313 0.9826315
vn -0.08019097 -0.02836121 0.996376
vn 0.05622192 -0.04021106 0.9976082
vn -0.1038295 0.06267419 0.9926184
vn -0.09657867 0.08797021 0.9914302
vn -0.04041036 0.1059231 0.9935529
vn -0.004103339 0.08893772 0.9960288
vn 0.07265093 -0.01698733 0.9972128
vn 0.1365386 0.0707015 0.9881086
vn 0.08194611 0.0631008 0.9946372
vn 0.07803872 0.08373705 0.9934275
vn 0.004197479 0.08884809 0.9960364
vn 0.0396312 0.1033115 0.9938592
vn -0.003802593 -0.08837193 -0.9960802
vn -0.05462443 -0.06239954 -0.9965553
vn 0.003706696 -0.08845203 -0.9960736
vn 0.06908338 -0.06209547 -0.9956765
vn -0.04337078 0.0130353 -0.998974
vn 0.08598405 -0.0871406 -0.9924783
vn 0.1510979 -0.07698053 -0.9855168
vn 0.03644202 -0.1035921 -0.993952
vn -0.06960937 -0.08347723 -0.9940754
vn -0.03576326 -0.1012365 -0.9942194
vn -0.1221374 -0.0721567 -0.9898868
vn -0.07312499 0.01483424 -0.9972125
vn 0.0805843 0.02637815 -0.9963987
vn 0.05673357 0.0102627 -0.9983366
vn 0 0.992502 -0.1222285
vn 0 0.992502 -0.1222286
vn 0 0.992502 -0.1222282
vn 0 0.992502 -0.1222282
vn 0 0.9926981 -0.1206251
vn 0 0.9926981 -0.1206251
vn 0 0.9926981 -0.1206251
vn 0 0.9926981 -0.1206251
vn 0.9999827 -0.001011792 -0.005803918
vn 0.9999754 -0.001254573 -0.006902612
vn 0.9825664 0.1848004 -0.02030366
vn 0.9788302 0.2035205 -0.0216965
vn 0.7168868 0.6919962 -0.08493854
vn 0.6965555 0.7121937 -0.08712361
vn 0 -0.9914905 0.1301783
vn 0 -0.9914903 0.1301801
vn 0 -0.9914903 0.1301798
vn 0 -0.9914905 0.130178
vn 0 -0.992379 0.1232233
vn 0 -0.992379 0.1232233
vn 0 -0.992379 0.1232234
vn 0 -0.992379 0.1232234
vn 0.6965555 0.7121937 -0.08712361
vn 0.7168868 0.6919962 -0.08493854
vn 0.197656 0.9724684 -0.123439
vn 0.1923783 0.9735135 -0.1235399
vn -0.1923803 0.973514 -0.1235333
vn -0.1976586 0.9724683 -0.123436
vn -0.6965539 0.7121951 -0.08712502
vn -0.7168899 0.6919925 -0.0849425
vn -4.917356E-05 -0.01746812 0.9998474
vn 4.640884E-05 -0.01746917 0.9998474
vn 3.619099E-05 -0.01746907 0.9998474
vn -5.257932E-05 -0.01746814 0.9998474
vn 4.917335E-05 -0.01746841 0.9998474
vn 5.257925E-05 -0.01746839 0.9998474
vn -3.6191E-05 -0.01746916 0.9998474
vn -4.640884E-05 -0.01746928 0.9998474
vn 0 -0.01747133 0.9998474
vn 0 -0.01747131 0.9998474
vn 0 -0.01747133 0.9998474
vn 0 -0.01747135 0.9998474
vn -1 2.968415E-06 -2.337894E-07
vn -1 3.183836E-06 -2.223037E-07
vn -1 2.279949E-06 -2.704964E-07
vn -1 2.064528E-06 -2.81982E-07
vn 1 2.638732E-06 -2.81981E-07
vn 1 2.259965E-06 -2.81982E-07
vn 1 2.350235E-06 -2.819818E-07
vn 1 2.729002E-06 -2.819808E-07
vn 0 -0.992502 0.1222279
vn 0 -0.9925021 0.1222278
vn 0 -0.992502 0.1222284
vn 0 -0.992502 0.1222285

vt 0.3098051 0.876507
vt 0.3037826 0.8759705
vt 0.3037829 0.902356
vt 0.3098051 0.9029466
vt 0.729171 0.8996121
vt 0.7231487 0.8990892
vt 0.7231489 0.9253793
vt 0.729171 0.9259564
vt 0.6635098 0.8999793
vt 0.6574878 0.89947
vt 0.657488 0.9256649
vt 0.6635098 0.9262282
vt 0.7765144 0.9029327
vt 0.7704926 0.9024372
vt 0.7704927 0.9285369
vt 0.7765144 0.9290864
vt 0.3037826 0.9298353
vt 0.3098043 0.930317
vt 0.3098043 0.9043123
vt 0.3037829 0.9037765
vt 0.9471237 0.3536903
vt 0.9411022 0.3532224
vt 0.9411024 0.3791323
vt 0.9471237 0.3796541
vt 0.9679456 0.9515695
vt 0.9619243 0.9511157
vt 0.9619245 0.9769309
vt 0.9679456 0.9774386
vt 0.3741859 0.9809956
vt 0.380207 0.9814353
vt 0.380207 0.9557147
vt 0.3741861 0.9552211
vt 0.1619704 0.9598188
vt 0.1559495 0.9593934
vt 0.1559497 0.9850195
vt 0.1619704 0.9854988
vt 0.168821 0.9598045
vt 0.1628002 0.9593934
vt 0.1628004 0.9849252
vt 0.168821 0.9853902
vt 0.5012892 0.8930434
vt 0.4952686 0.8926467
vt 0.4952688 0.9180844
vt 0.5012892 0.918535
vt 0.1756712 0.9597756
vt 0.1696508 0.9593934
vt 0.1696509 0.984737
vt 0.1756712 0.9851731
vt 0.1825213 0.959761
vt 0.176501 0.9593934
vt 0.1765012 0.9846432
vt 0.1825213 0.9850646
vt 0.9053246 0.9602587
vt 0.8993046 0.9599059
vt 0.8993047 0.9850619
vt 0.9053246 0.9854686
vt 0.9395325 0.4901647
vt 0.9395325 0.4970503
vt 0.9434197 0.4964828
vt 0.9434197 0.4904459
vt 0.9481367 0.4970477
vt 0.9481367 0.4901634
vt 0.9442495 0.4907261
vt 0.9442495 0.4967618
vt 0.7019123 0.9645219
vt 0.6980251 0.9644724
vt 0.6980251 0.9903137
vt 0.7019123 0.9903371
vt 0.4694078 0.9649786
vt 0.4655206 0.9649312
vt 0.4655206 0.9902946
vt 0.4694078 0.99032
vt 0.6885911 0.9903823
vt 0.6924782 0.9904323
vt 0.6924782 0.9644954
vt 0.688591 0.9644724
vt 0.9353737 0.7071462
vt 0.9353737 0.7002578
vt 0.9314865 0.7008349
vt 0.9314865 0.7068743
vt 0.9387028 0.4970516
vt 0.9387028 0.4901647
vt 0.9348155 0.490737
vt 0.9348155 0.4967751
vt 0.4411057 0.9649799
vt 0.4372185 0.9649312
vt 0.4372184 0.9905813
vt 0.4411056 0.9906055
vt 0.4749547 0.9901778
vt 0.4788419 0.9902248
vt 0.4788419 0.9649569
vt 0.4749547 0.9649312
vt 0.7074592 0.9901928
vt 0.7113463 0.9902419
vt 0.7113463 0.9644962
vt 0.7074592 0.9644724
vt 0.4608036 0.9903263
vt 0.4646908 0.9903738
vt 0.4646908 0.9649565
vt 0.4608036 0.9649312
vt 0.7414802 0.4961852
vt 0.7414802 0.4892874
vt 0.7375931 0.4898794
vt 0.7375931 0.495927
vt 0.9212227 0.7071476
vt 0.9212227 0.7002578
vt 0.9173355 0.7008398
vt 0.9173355 0.7068805
vt 0.4599738 0.9649791
vt 0.4560865 0.9649312
vt 0.4560865 0.9903902
vt 0.4599738 0.9904152
vt 0.4843887 0.990083
vt 0.4882759 0.9901296
vt 0.4882759 0.9649574
vt 0.4843887 0.9649312
vt 0.4505397 0.9649795
vt 0.4466525 0.9649312
vt 0.4466525 0.9904857
vt 0.4505397 0.9905103
vt 0.4702376 0.9902316
vt 0.4741248 0.9902786
vt 0.4741248 0.9649569
vt 0.4702376 0.9649312
vt 0.6039185 0.2528357
vt 0.6039185 0.2459361
vt 0.6000313 0.246533
vt 0.6000313 0.2525821
vt 0.8984129 0.4951939
vt 0.8984129 0.4883012
vt 0.8945258 0.4888928
vt 0.8945258 0.494936
vt 0.9078469 0.4951924
vt 0.9078469 0.4883012
vt 0.9039597 0.488888
vt 0.9039597 0.4949298
vt 0.4835589 0.9649779
vt 0.4796717 0.9649312
vt 0.4796717 0.9901573
vt 0.4835589 0.9901834
vt 0.5944844 0.2528374
vt 0.5944844 0.2459361
vt 0.5905973 0.2465379
vt 0.5905973 0.2525885
vt 0.8929206 0.7071521
vt 0.8929206 0.7002578
vt 0.8890334 0.7008544
vt 0.8890334 0.7068989
vt 0.7743797 0.9368035
vt 0.7743797 0.9299164
vt 0.7704926 0.9304745
vt 0.7704926 0.9365126
vt 0.5850504 0.2528391
vt 0.5850504 0.2459361
vt 0.5811632 0.2465428
vt 0.5811632 0.2525948
vt 0.8172451 0.4953465
vt 0.8172451 0.4884507
vt 0.8133579 0.4890521
vt 0.8133579 0.495098
vt 0.9079014 0.7002578
vt 0.9079015 0.7071478
vt 0.9117886 0.7065801
vt 0.9117886 0.7005394
vt 0.9259397 0.7071464
vt 0.9259397 0.7002578
vt 0.9220524 0.7008207
vt 0.9220524 0.7068602
vt 0.862343 0.9889068
vt 0.8662302 0.9889572
vt 0.8662302 0.9628707
vt 0.862343 0.9628482
vt 0.852909 0.9890016
vt 0.8567962 0.9890524
vt 0.8567962 0.9628703
vt 0.852909 0.9628482
vt 0.2617632 0.8959787
vt 0.2617632 0.8890857
vt 0.257876 0.8896631
vt 0.257876 0.8957065
vt 0.9023546 0.7071494
vt 0.9023546 0.7002578
vt 0.8984674 0.7008305
vt 0.8984674 0.7068725
vt 0.6971953 0.9645219
vt 0.6933081 0.9644724
vt 0.6933081 0.9903677
vt 0.6971953 0.990391
vt 0.683874 0.9904363
vt 0.6877612 0.9904862
vt 0.6877612 0.9644954
vt 0.683874 0.9644724
vt 0.9400907 0.7071435
vt 0.9400907 0.7002578
vt 0.9362035 0.700811
vt 0.9362035 0.706848
vt 0.9565577 0.3601041
vt 0.9565577 0.3532224
vt 0.9526705 0.3537754
vt 0.9526705 0.3598089
vt 0.7603484 0.4961836
vt 0.7603484 0.4892874
vt 0.7564611 0.4898745
vt 0.7564611 0.4959207
vt 0.8882036 0.7071525
vt 0.8882036 0.7002578
vt 0.8843163 0.7008401
vt 0.8843163 0.7068849
vt 0.7121762 0.9901519
vt 0.7160634 0.9902006
vt 0.7160634 0.9644966
vt 0.7121761 0.9644724
vt 0.7027421 0.9902467
vt 0.7066293 0.9902958
vt 0.7066293 0.9644961
vt 0.7027421 0.9644724
vt 0.9449894 0.3873684
vt 0.9449894 0.380484
vt 0.9411022 0.3810324
vt 0.9411022 0.3870682
vt 0.9575707 0.4970387
vt 0.9575707 0.4901582
vt 0.9536834 0.4907063
vt 0.9536834 0.4967387
vt 0.843475 0.9890964
vt 0.8473622 0.9891476
vt 0.8473622 0.9628699
vt 0.843475 0.9628482
vt 0.857626 0.9889475
vt 0.8615132 0.9889983
vt 0.8615132 0.9628703
vt 0.857626 0.9628482
vt 0.9495248 0.7071409
vt 0.9495248 0.7002578
vt 0.9456376 0.7008014
vt 0.9456376 0.706836
vt 0.4458227 0.9649795
vt 0.4419355 0.9649312
vt 0.4419355 0.9905397
vt 0.4458227 0.9905642
vt 0.9589588 0.7071371
vt 0.9589588 0.7002578
vt 0.9550716 0.7008011
vt 0.9550716 0.7068325
vt 0.834041 0.9891912
vt 0.8379282 0.9892428
vt 0.8379282 0.9628695
vt 0.834041 0.9628482
vt 0.848192 0.9890423
vt 0.8520792 0.9890935
vt 0.8520792 0.9628699
vt 0.848192 0.9628482
vt 0.7556313 0.4961848
vt 0.7556313 0.4892874
vt 0.7517441 0.4898936
vt 0.7517441 0.4959409
vt 0.4274473 0.9889919
vt 0.4313345 0.989044
vt 0.4313345 0.9625751
vt 0.4274473 0.9625542
vt 0.838758 0.9891371
vt 0.8426452 0.9891887
vt 0.8426452 0.9628695
vt 0.838758 0.9628482
vt 0.9528537 0.497045
vt 0.9528537 0.490162
vt 0.9489664 0.4907198
vt 0.9489665 0.4967544
vt 0.4513695 0.9904211
vt 0.4552567 0.990469
vt 0.4552567 0.9649562
vt 0.4513695 0.9649312
vt 0.8709472 0.9628985
vt 0.86706 0.9628482
vt 0.8670599 0.9888806
vt 0.8709472 0.9889032
vt 0.4321643 0.9889379
vt 0.4360515 0.9889898
vt 0.4360515 0.9625751
vt 0.4321643 0.9625542
vt 0.7704926 0.8747896
vt 0.7704926 0.9016072
vt 0.7765141 0.9012803
vt 0.7765141 0.8744081
vt 0.6574878 0.8717276
vt 0.6574878 0.8986401
vt 0.6635097 0.8982994
vt 0.6635097 0.8713322
vt 0.7291708 0.89785
vt 0.7291708 0.8708425
vt 0.7231487 0.871197
vt 0.7231487 0.8982593
vt 0.501291 0.8913938
vt 0.501291 0.8642911
vt 0.4952686 0.8646593
vt 0.4952686 0.8918167
vt 0.866109 0.4224834
vt 0.866109 0.4496814
vt 0.8721317 0.4492996
vt 0.8721317 0.4220468
vt 0.872132 0.4207668
vt 0.872132 0.3934733
vt 0.866109 0.3938687
vt 0.866109 0.4212169
vt 0.866109 0.3652543
vt 0.866109 0.3926434
vt 0.8721323 0.3922346
vt 0.8721323 0.3647907
vt 0.866109 0.336476
vt 0.866109 0.3639608
vt 0.8721326 0.3635387
vt 0.8721326 0.335999
vt 0.5012925 0.8629709
vt 0.5012926 0.8353903
vt 0.4952686 0.8358257
vt 0.4952686 0.8634612
vt 0.5403891 0.845652
vt 0.5403891 0.8179754
vt 0.5343648 0.8184239
vt 0.5343648 0.8461555
vt 0.3164089 0.6866158
vt 0.3164089 0.658843
vt 0.3103843 0.6593046
vt 0.3103843 0.6871323
vt 0.3103843 0.6301441
vt 0.3103843 0.6580131
vt 0.3164092 0.6575385
vt 0.3164092 0.6296145
vt 0.3164096 0.6282421
vt 0.3164096 0.6002768
vt 0.3103843 0.6007643
vt 0.3103843 0.6287846
vt 0.3103843 0.5713849
vt 0.3103843 0.5994468
vt 0.3164099 0.5989465
vt 0.3164099 0.5708296
vt 0.9448078 0.7002578
vt 0.9409206 0.7005391
vt 0.9409206 0.706576
vt 0.9448078 0.7071434
vt 0.9481367 0.4824478
vt 0.9442495 0.4827337
vt 0.9442495 0.4887695
vt 0.9481367 0.4893321
vt 0.1833511 0.9594167
vt 0.1833511 0.986927
vt 0.1872383 0.9868775
vt 0.1872383 0.9593934
vt 0.8281837 0.9622936
vt 0.8281837 0.9893187
vt 0.8320709 0.9892713
vt 0.8320709 0.9622682
vt 0.6080725 0.9396271
vt 0.6080725 0.9672344
vt 0.6119597 0.9671845
vt 0.6119597 0.9396042
vt 0.6574878 0.9339465
vt 0.661375 0.9336746
vt 0.661375 0.9276353
vt 0.6574878 0.9270582
vt 0.9387028 0.4824478
vt 0.9348155 0.4827243
vt 0.9348155 0.4887624
vt 0.9387028 0.4893347
vt 0.9155886 0.95993
vt 0.9155886 0.9872463
vt 0.9194759 0.9871976
vt 0.9194759 0.9599059
vt 0.9853909 0.2973046
vt 0.9853909 0.3242328
vt 0.9892781 0.3241857
vt 0.9892781 0.2972788
vt 0.9061545 0.9599296
vt 0.9061545 0.9873429
vt 0.9100417 0.9872938
vt 0.9100417 0.9599059
vt 0.8273539 0.9893482
vt 0.8273539 0.9622682
vt 0.8234667 0.9623157
vt 0.8234667 0.9893735
vt 0.7461973 0.4892874
vt 0.74231 0.4895456
vt 0.74231 0.4955932
vt 0.7461973 0.4961852
vt 0.9165057 0.7002578
vt 0.9126185 0.700525
vt 0.9126185 0.7065657
vt 0.9165057 0.7071476
vt 0.8187497 0.9622931
vt 0.8187497 0.9894153
vt 0.8226369 0.9893675
vt 0.8226369 0.9622682
vt 0.4227302 0.9625803
vt 0.4227302 0.9894114
vt 0.4266174 0.9893648
vt 0.4266174 0.9625542
vt 0.9853909 0.2133592
vt 0.9853909 0.2405784
vt 0.9892781 0.2405301
vt 0.9892781 0.2133346
vt 0.9892781 0.2964231
vt 0.9892781 0.2694402
vt 0.9853909 0.2694873
vt 0.9853909 0.2964489
vt 0.7355677 0.4873182
vt 0.7316805 0.4875718
vt 0.7316805 0.4936208
vt 0.7355677 0.4942177
vt 0.8976376 0.7002578
vt 0.8937504 0.7005157
vt 0.8937504 0.7065589
vt 0.8976376 0.7071506
vt 0.9070717 0.7002578
vt 0.9031845 0.7005204
vt 0.9031845 0.7065622
vt 0.9070717 0.707149
vt 0.9892781 0.3519486
vt 0.9892781 0.3250627
vt 0.9853909 0.3251093
vt 0.9853909 0.3519747
vt 0.5992015 0.2459361
vt 0.5953143 0.246185
vt 0.5953143 0.2522357
vt 0.5992015 0.2528374
vt 0.893696 0.4883012
vt 0.8898088 0.4885544
vt 0.8898088 0.4945989
vt 0.893696 0.4951954
vt 0.3076698 0.931147
vt 0.3037826 0.9314378
vt 0.3037826 0.937476
vt 0.3076698 0.9380341
vt 0.5897675 0.2459361
vt 0.5858802 0.2461804
vt 0.5858802 0.2522325
vt 0.5897675 0.2528391
vt 0.8219622 0.4884507
vt 0.8180749 0.4886992
vt 0.8180749 0.4947451
vt 0.8219622 0.4953465
vt 0.9086767 0.4951912
vt 0.9125639 0.4949096
vt 0.9125639 0.4888689
vt 0.9086767 0.4883012
vt 0.9306567 0.7002578
vt 0.9267696 0.7005441
vt 0.9267696 0.7065835
vt 0.9306567 0.7071464
vt 0.6119596 0.8816797
vt 0.6119597 0.8539205
vt 0.6080725 0.8539708
vt 0.6080725 0.8817022
vt 0.7355677 0.4578127
vt 0.7355677 0.4299563
vt 0.7316805 0.4300071
vt 0.7316805 0.4578348
vt 0.2625931 0.8959787
vt 0.2664803 0.8957065
vt 0.2664803 0.8896631
vt 0.2625931 0.8890857
vt 0.9031299 0.4883012
vt 0.8992427 0.488578
vt 0.8992427 0.4946201
vt 0.9031299 0.4951927
vt 0.9826542 0.06491669
vt 0.9826542 0.0924819
vt 0.9865415 0.09243233
vt 0.9865415 0.06489336
vt 0.6119597 0.9387513
vt 0.6119597 0.9110891
vt 0.6080725 0.911139
vt 0.6080725 0.9387742
vt 0.9395325 0.4893335
vt 0.9434197 0.489038
vt 0.9434197 0.483001
vt 0.9395325 0.4824478
vt 0.9542419 0.7002578
vt 0.9503546 0.7005531
vt 0.9503546 0.7065867
vt 0.9542419 0.7071396
vt 0.8125281 0.4884507
vt 0.8086409 0.4887136
vt 0.8086409 0.4947598
vt 0.8125281 0.4953469
vt 0.888979 0.4883012
vt 0.8850918 0.4885687
vt 0.8850918 0.4946135
vt 0.888979 0.4951958
vt 0.9108716 0.95993
vt 0.9108716 0.9873011
vt 0.9147588 0.9872524
vt 0.9147588 0.9599059
vt 0.9831536 0.09831399
vt 0.9831536 0.1257821
vt 0.9870408 0.125733
vt 0.9870408 0.09829026
vt 0.3076698 0.938864
vt 0.3037826 0.9391642
vt 0.3037826 0.9452
vt 0.3076698 0.9457484
vt 0.9536834 0.4893283
vt 0.9575707 0.4890283
vt 0.9575707 0.4829959
vt 0.9536834 0.4824478
vt 0.7355677 0.4003545
vt 0.7355677 0.3724011
vt 0.7316805 0.3724524
vt 0.7316805 0.4003763
vt 0.7316805 0.4586869
vt 0.7316805 0.4864883
vt 0.7355677 0.4864375
vt 0.7355677 0.4586647
vt 0.9518407 0.3532224
vt 0.9479535 0.3535273
vt 0.9479535 0.3595619
vt 0.9518407 0.3601055
vt 0.9203057 0.9599304
vt 0.9203057 0.9872044
vt 0.924193 0.9871562
vt 0.924193 0.9599059
vt 0.9573874 0.3601017
vt 0.9612747 0.3597971
vt 0.9612747 0.3537657
vt 0.9573874 0.3532224
vt 0.7316805 0.3146741
vt 0.7316805 0.3427245
vt 0.7355677 0.3426729
vt 0.7355677 0.3146527
vt 0.7316805 0.401228
vt 0.7316805 0.4291264
vt 0.7355677 0.4290752
vt 0.7355677 0.4012062
vt 0.7470271 0.4961848
vt 0.7509143 0.4959409
vt 0.7509143 0.4898936
vt 0.7470271 0.4892874
vt 0.7355677 0.2848585
vt 0.7355677 0.256711
vt 0.7316805 0.2567631
vt 0.7316805 0.2848794
vt 0.7316805 0.3435758
vt 0.7316805 0.3715712
vt 0.7355677 0.3715196
vt 0.7355677 0.3435544
vt 0.9528537 0.4824478
vt 0.9489664 0.4827384
vt 0.9489664 0.488773
vt 0.9528537 0.4893308
vt 0.9853909 0.2414333
vt 0.9853909 0.2686103
vt 0.9892781 0.2685624
vt 0.9892781 0.2414083
vt 0.6080725 0.8825548
vt 0.6080725 0.9102591
vt 0.6119597 0.9102088
vt 0.6119596 0.8825322
vt 0.7316805 0.2857303
vt 0.7316805 0.3138228
vt 0.7355677 0.3137707
vt 0.7355677 0.2857094
vt 0.3378173 0.9788602
vt 0.3588544 0.9788606
vt 0.3588544 0.9636207
vt 0.3378173 0.9636203
vt 0.3419506 0.9608883
vt 0.3588544 0.9608886
vt 0.3588544 0.916127
vt 0.3419506 0.9161267
vt 0.8187497 0.9422601
vt 0.819398 0.9614382
vt 0.8323983 0.9528757
vt 0.8320866 0.9436555
vt 0.8323983 0.9397088
vt 0.8190613 0.9383133
vt 0.1323535 0.9536967
vt 0.1323535 0.9689366
vt 0.1533908 0.9689369
vt 0.1533908 0.953697
vt 0.1492574 0.9509648
vt 0.1323535 0.9509646
vt 0.1323535 0.9062029
vt 0.1492574 0.9062032
vt 0.4363542 0.9471321
vt 0.4233339 0.9385995
vt 0.4227302 0.957779
vt 0.436064 0.956353
vt 0.4363542 0.9602981
vt 0.4230205 0.9617242
vt 0.756059 0.9760106
vt 0.7691488 0.9634435
vt 0.756059 0.9379951
vt 0.7770146 0.9760685
vt 0.7770146 0.9634652
vt 0.7691487 0.9506346
vt 0.7770146 0.938053
vt 0.7770146 0.9506564
vt 0.7696627 0.8924568
vt 0.7696627 0.889728
vt 0.7316881 0.8896298
vt 0.7316881 0.8923586
vt 0.7696627 0.9371651
vt 0.7316881 0.9370669
vt 0.7316881 0.8744081
vt 0.7696627 0.8745063
vt 0.8478357 0.7068828
vt 0.8478357 0.6887313
vt 0.834609 0.6889995
vt 0.8346089 0.7071511
vt 0.8578838 0.7068855
vt 0.8578838 0.6887313
vt 0.8618255 0.7048519
vt 0.8618255 0.690781
vt 0.8086409 0.4428745
vt 0.8086409 0.4876084
vt 0.8212435 0.4876207
vt 0.8212435 0.4428868
vt 0.2710578 0.973112
vt 0.2891907 0.9731589
vt 0.2891907 0.9539926
vt 0.2710578 0.9539457
vt 0.287174 0.9500414
vt 0.2731197 0.9500051
vt 0.9339857 0.4950505
vt 0.9339857 0.4824478
vt 0.929871 0.482538
vt 0.929871 0.4951407
vt 0.5293324 0.965248
vt 0.5424732 0.9398342
vt 0.5293324 0.9524398
vt 0.5424731 0.9778479
vt 0.5255693 0.9778516
vt 0.5255693 0.9652489
vt 0.5255693 0.939838
vt 0.5255693 0.9524407
vt 0.7036964 0.2388479
vt 0.7036965 0.2540784
vt 0.716299 0.2540908
vt 0.716299 0.2388603
vt 0.651745 0.7448674
vt 0.6602237 0.7448753
vt 0.6602237 0.7252218
vt 0.651745 0.7252139
vt 0.6807869 0.9523245
vt 0.6782283 0.9442443
vt 0.6737784 0.9469463
vt 0.674751 0.9537251
vt 0.6823822 0.9610158
vt 0.6754636 0.9626211
vt 0.6830442 0.9725931
vt 0.6708034 0.9384558
vt 0.6745706 0.9361683
vt 0.6701596 0.9289022
vt 0.6663924 0.9311897
vt 0.6756241 0.9714717
vt 0.6748749 0.9802693
vt 0.682996 0.9814966
vt 0.6739314 0.985216
vt 0.682445 0.9895275
vt 0.665485 0.9907386
vt 0.6830441 0.999585
vt 0.969793 0.9288054
vt 0.9782393 0.934328
vt 0.9867528 0.9300162
vt 0.987352 0.9199585
vt 0.9873039 0.9380473
vt 0.9791828 0.9392748
vt 0.987352 0.946951
vt 0.979932 0.9480725
vt 0.9797714 0.9569232
vt 0.98669 0.9585286
vt 0.9790589 0.9658195
vt 0.9850947 0.9672199
vt 0.9780862 0.9725984
vt 0.9825362 0.9753004
vt 0.9751112 0.9810891
vt 0.9788785 0.9833766
vt 0.9707004 0.9883554
vt 0.9744676 0.9906428
vt 0.5430896 0.7237425
vt 0.5346128 0.7236106
vt 0.5346032 0.7327456
vt 0.54308 0.7328775
vt 0.5345598 0.7404178
vt 0.5430366 0.7405497
vt 0.5345312 0.748717
vt 0.5430081 0.7488489
vt 0.5345193 0.7592425
vt 0.5429961 0.7593744
vt 0.5345484 0.766741
vt 0.5430252 0.766873
vt 0.5346128 0.7733178
vt 0.5430896 0.7734497
vt 0.5430896 0.7743606
vt 0.5346125 0.7742797
vt 0.5343651 0.7830352
vt 0.5428421 0.7831161
vt 0.5343648 0.7878711
vt 0.5428419 0.787952
vt 0.5343955 0.79605
vt 0.5428725 0.796131
vt 0.5344569 0.8038632
vt 0.5429339 0.8039441
vt 0.5345371 0.8114662
vt 0.5430141 0.8115471
vt 0.5346125 0.8170645
vt 0.5430896 0.8171455
vt 0.5765845 0.2544149
vt 0.5803334 0.2544907
vt 0.5803334 0.2460119
vt 0.5765845 0.2459361
vt 0.8802033 0.9221081
vt 0.8717264 0.9222808
vt 0.8717577 0.9296365
vt 0.8802347 0.9154247
vt 0.8802347 0.9294638
vt 0.8717577 0.9155974
vt 0.9240639 0.4896073
vt 0.9155988 0.4898959
vt 0.9156315 0.4973115
vt 0.9240967 0.4824478
vt 0.9240967 0.4970228
vt 0.9156315 0.4827364
vt 0.7028666 0.2485844
vt 0.6875882 0.2444617
vt 0.6972744 0.2541982
vt 0.7008197 0.2521444
vt 0.6931805 0.2541954
vt 0.6896351 0.2521368
vt 0.6875882 0.248574
vt 0.7008197 0.2409093
vt 0.7028666 0.2444721
vt 0.6972743 0.2388507
vt 0.6931804 0.2388479
vt 0.6896351 0.2409017
vt 0.5391095 0.5097318
vt 0.5391095 0.7227806
vt 0.5430896 0.7227785
vt 0.5430896 0.5097297
vt 0.5351464 0.5097296
vt 0.5351465 0.7227783
vt 0.9648715 0.3522582
vt 0.9648715 0.1394631
vt 0.9618143 0.1395974
vt 0.9618143 0.3523925
vt 0.9688939 0.3522165
vt 0.9688939 0.1394215
vt 0.9728038 0.3522787
vt 0.9728038 0.1394836
vt 0.0613929 0.936505
vt 0.06139292 0.7234562
vt 0.05846513 0.7234623
vt 0.05846511 0.9365111
vt 0.06537195 0.9365028
vt 0.06537196 0.723454
vt 0.06933608 0.9365051
vt 0.06933609 0.7234563
vt 0.07222307 0.9365113
vt 0.0722231 0.7234625
vt 0.6867581 0.248578
vt 0.6770355 0.2388479
vt 0.6734758 0.2521396
vt 0.681145 0.2388479
vt 0.6847038 0.2409041
vt 0.6867583 0.2444656
vt 0.6811441 0.2541957
vt 0.6847032 0.2521395
vt 0.6770346 0.2541957
vt 0.6714215 0.2444657
vt 0.6714212 0.2485781
vt 0.6734764 0.2409042
vt 0.9766208 0.1394551
vt 0.9766208 0.3523721
vt 0.9806205 0.3523385
vt 0.9806206 0.1394215
vt 0.9845611 0.3523799
vt 0.9845611 0.1394629
vt 0.9736336 0.1395546
vt 0.9736336 0.3524717
vt 0.8559241 0.4986306
vt 0.874276 0.49858
vt 0.874276 0.4652032
vt 0.8559242 0.4652539
vt 0.7791589 0.9843248
vt 0.7975103 0.9845609
vt 0.7972895 0.9634496
vt 0.7789382 0.9632134
vt 0.7972829 0.9607034
vt 0.7789316 0.9604672
vt 0.7973083 0.9573656
vt 0.7789569 0.9571295
vt 0.797359 0.9543307
vt 0.7790077 0.9540946
vt 0.7790838 0.9507571
vt 0.7974351 0.9509932
vt 0.7975103 0.9486977
vt 0.7791589 0.9484615
vt 0.3084377 0.9500051
vt 0.290083 0.9500051
vt 0.2900205 0.9660436
vt 0.3083752 0.9660435
vt 0.2900295 0.9687476
vt 0.3083842 0.9687477
vt 0.2900741 0.9709841
vt 0.3084289 0.9709841
vt 0.5247394 0.9398342
vt 0.5114348 0.9616202
vt 0.5138526 0.9625105
vt 0.5054315 0.9577826
vt 0.5088958 0.9620581
vt 0.503617 0.9602441
vt 0.5069159 0.963707
vt 0.5024689 0.963428
vt 0.5060256 0.9661251
vt 0.5022949 0.9664812
vt 0.5155012 0.9644907
vt 0.5247394 0.9733286
vt 0.5159391 0.96703
vt 0.5064635 0.9686644
vt 0.5027481 0.969956
vt 0.5037787 0.9724767
vt 0.5150488 0.9694481
vt 0.5130689 0.9710971
vt 0.5086031 0.9746796
vt 0.5105299 0.971535
vt 0.5081121 0.9706446
vt 0.5059218 0.9742056
vt 0.9661875 0.09829026
vt 0.9656965 0.1023253
vt 0.9681143 0.1014348
vt 0.9635062 0.09876436
vt 0.9613631 0.1004934
vt 0.9640478 0.1043055
vt 0.9603325 0.1030141
vt 0.9598793 0.1064889
vt 0.96361 0.1068449
vt 0.9706532 0.1018727
vt 0.9823237 0.09964075
vt 0.9726331 0.1035215
vt 0.9735235 0.1059396
vt 0.9600533 0.109542
vt 0.9645002 0.1092629
vt 0.9612014 0.1127259
vt 0.9664802 0.1109118
vt 0.9630159 0.1151873
vt 0.9730856 0.1084789
vt 0.9823237 0.133135
vt 0.9690191 0.1113496
vt 0.9714369 0.1104592
vt 0.1439641 0.8853639
vt 0.1439641 0.9037188
vt 0.1457984 0.903778
vt 0.1457984 0.885423
vt 0.1482916 0.9037992
vt 0.1482916 0.8854443
vt 0.1507756 0.9037768
vt 0.1507756 0.8854219
vt 0.5362497 0.8654003
vt 0.5387604 0.8654164
vt 0.5387604 0.8470588
vt 0.541224 0.8653954
vt 0.5362497 0.8470427
vt 0.5343648 0.8469939
vt 0.5343648 0.8653515
vt 0.541224 0.8470379
vt 0.5429805 0.865343
vt 0.5429805 0.8469854
vt 0.8785287 0.7071009
vt 0.8785287 0.6887451
vt 0.8765531 0.6887966
vt 0.8810665 0.6887313
vt 0.8765531 0.7071525
vt 0.8810665 0.7070871
vt 0.8834866 0.7071146
vt 0.8834866 0.6887588
vt 0.4940771 0.9832991
vt 0.4940771 0.96496
vt 0.4915588 0.9649312
vt 0.4915588 0.9832703
vt 0.4891057 0.9649728
vt 0.4891057 0.9833119
vt 0.9587071 0.5895146
vt 0.9587829 0.5065227
vt 0.9566763 0.5079181
vt 0.9566769 0.5881779
vt 0.9673771 0.595285
vt 0.9673771 0.5008031
vt 0.9790913 0.4995216
vt 0.9790913 0.5965669
vt 0.967365 0.5986784
vt 0.967365 0.6931604
vt 0.9790793 0.6944422
vt 0.9790792 0.5973969
vt 0.9587708 0.6874405
vt 0.9586949 0.6044485
vt 0.9566763 0.6860504
vt 0.9566765 0.6057904
vt 0.7756001 0.7765928
vt 0.7316881 0.7765498
vt 0.7316881 0.8735351
vt 0.7756001 0.8735781
vt 0.9623641 0.007467185
vt 0.9598798 0.008813385
vt 0.9598793 0.08907351
vt 0.9624399 0.09045912
vt 0.9716659 0.001696516
vt 0.9716659 0.09617849
vt 0.9818244 0.09746031
vt 0.9818244 0.0004149744
vt 0.9800646 0.8233647
vt 0.9800646 0.9178467
vt 0.990223 0.9191285
vt 0.990223 0.8220832
vt 0.9716829 0.8290846
vt 0.9716071 0.9120765
vt 0.9697931 0.910737
vt 0.969793 0.830477
vt 0.5846794 0.9509557
vt 0.5846794 0.8540259
vt 0.5439194 0.8539205
vt 0.5439194 0.9508502
vt 0.7552292 0.9841366
vt 0.7552292 0.9402241
vt 0.7536733 0.9417797
vt 0.7536733 0.9825817
vt 0.7435061 0.9840974
vt 0.7435061 0.982542
vt 0.735009 0.9823554
vt 0.7347966 0.9839108
vt 0.7327728 0.9833067
vt 0.7331899 0.9818082
vt 0.7435061 0.9401848
vt 0.7435061 0.9417401
vt 0.7347966 0.9399982
vt 0.7341648 0.9415537
vt 0.7316881 0.9391103
vt 0.7327728 0.9379951
vt 0.8865161 0.931351
vt 0.8865161 0.9329064
vt 0.8967482 0.9328946
vt 0.8982981 0.9313435
vt 0.8967482 0.9736985
vt 0.8776619 0.9330609
vt 0.8774503 0.931505
vt 0.8982981 0.9752582
vt 0.886516 0.9752657
vt 0.8752453 0.9321235
vt 0.8756608 0.9336231
vt 0.886516 0.9737103
vt 0.8774503 0.9754196
vt 0.876821 0.9738625
vt 0.8741649 0.97637
vt 0.8752453 0.9774881
vt 0.3161029 0.4015489
vt 0.3161028 0.4817132
vt 0.3176218 0.4816968
vt 0.3176218 0.4015324
vt 0.3164506 0.4825933
vt 0.3164506 0.5627575
vt 0.3176217 0.5627074
vt 0.3176217 0.4825432
vt 0.9249265 0.482538
vt 0.9249266 0.4951407
vt 0.9290412 0.4950505
vt 0.9290412 0.4824478
vt 0.3182808 0.4007025
vt 0.3145177 0.3827305
vt 0.3103843 0.3854625
vt 0.3182808 0.3379689
vt 0.3145177 0.3379688
vt 0.3103843 0.4007024
vt 0.6488233 0.9354256
vt 0.6488233 0.9801596
vt 0.6614258 0.9801719
vt 0.6614258 0.935438
vt 0.7297314 0.2540908
vt 0.7297314 0.2388603
vt 0.7171288 0.2388479
vt 0.7171288 0.2540784
vt 0.664553 0.533743
vt 0.651745 0.5337305
vt 0.651745 0.5964253
vt 0.664553 0.5964378
vt 0.3103843 0.2896451
vt 0.3182809 0.2744053
vt 0.3103843 0.2744052
vt 0.3145177 0.2923772
vt 0.3182809 0.3371389
vt 0.3145177 0.3371389
vt 0.8757233 0.7028946
vt 0.8757233 0.6888251
vt 0.8626554 0.6887313
vt 0.8626554 0.7028008
vt 0.9282703 0.9722657
vt 0.9376335 0.9892975
vt 0.947699 0.9726716
vt 0.9266505 0.9778439
vt 0.9280362 0.9834849
vt 0.9320562 0.9876772
vt 0.9324618 0.968245
vt 0.9381018 0.966859
vt 0.943679 0.9684793
vt 0.9485834 0.9302961
vt 0.9445634 0.9261038
vt 0.9490848 0.9062753
vt 0.9490848 0.9783126
vt 0.9474649 0.9838908
vt 0.9432734 0.9879116
vt 0.9450647 0.902083
vt 0.9389862 0.9244836
vt 0.9333462 0.9258695
vt 0.9291548 0.9298902
vt 0.9296561 0.9058694
vt 0.9338475 0.9018487
vt 0.9394875 0.9004627
vt 0.2494281 0.982672
vt 0.266705 0.9830209
vt 0.2583684 0.9678813
vt 0.2629803 0.9865989
vt 0.2579659 0.9878348
vt 0.2530055 0.9863974
vt 0.2481923 0.9776567
vt 0.2496293 0.9726953
vt 0.253354 0.9691172
vt 0.268142 0.9780595
vt 0.2669062 0.9730442
vt 0.2633289 0.9693187
vt 0.264129 0.9269494
vt 0.2676575 0.9311289
vt 0.268142 0.9071077
vt 0.2592263 0.9253467
vt 0.2646135 0.9029282
vt 0.2542629 0.9267502
vt 0.2505688 0.9307838
vt 0.2597108 0.9013255
vt 0.2547474 0.902729
vt 0.2510533 0.9067627
vt 0.3104262 0.405782
vt 0.3103843 0.4114423
vt 0.3151341 0.4114032
vt 0.3104261 0.4169967
vt 0.3151714 0.4063698
vt 0.3105406 0.4015324
vt 0.3151712 0.4163424
vt 0.3151731 0.4582351
vt 0.3104253 0.4593552
vt 0.315273 0.402591
vt 0.3151726 0.4822462
vt 0.3104248 0.4833664
vt 0.315273 0.4862239
vt 0.310539 0.4873266
vt 0.1533007 0.6985968
vt 0.1532027 0.692997
vt 0.1484586 0.6936662
vt 0.1485458 0.6986458
vt 0.1533007 0.704218
vt 0.1485458 0.7036444
vt 0.1484586 0.7073227
vt 0.1532027 0.7083544
vt 0.3153154 0.5593601
vt 0.3105466 0.5587914
vt 0.310481 0.564469
vt 0.3152179 0.5174837
vt 0.315257 0.5644089
vt 0.3105741 0.5699996
vt 0.3153398 0.5693269
vt 0.310443 0.5164573
vt 0.3151592 0.4934863
vt 0.3103843 0.4924599
vt 0.3153398 0.4892071
vt 0.310591 0.4881566
vt 0.7353569 0.2396037
vt 0.7306082 0.2388479
vt 0.7305612 0.2443043
vt 0.7353098 0.2443869
vt 0.7353569 0.2494352
vt 0.7306082 0.2500258
vt 0.9178231 0.4127063
vt 0.9177685 0.4146638
vt 0.9239297 0.4158809
vt 0.9315372 0.4154382
vt 0.9316188 0.41251
vt 0.9178474 0.4118331
vt 0.9367635 0.4127631
vt 0.9445907 0.4139708
vt 0.9451857 0.3926262
vt 0.9373118 0.3930916
vt 0.9322482 0.3899309
vt 0.9321666 0.3928583
vt 0.918418 0.3913617
vt 0.9246854 0.3887717
vt 0.9184726 0.3894042
vt 0.9183937 0.392234
vt 0.928616 0.4732786
vt 0.9408068 0.4805888
vt 0.9445907 0.4139708
vt 0.9315372 0.4154382
vt 0.9496623 0.4183566
vt 0.9496623 0.4816179
vt 0.9214026 0.4725265
vt 0.9239297 0.4158809
vt 0.9155988 0.4690462
vt 0.9177685 0.4146638
vt 0.2966767 0.7977394
vt 0.3095545 0.797434
vt 0.3057975 0.7823919
vt 0.2965776 0.8364736
vt 0.2841879 0.829506
vt 0.2969167 0.7816101
vt 0.2842869 0.7907718
vt 0.284527 0.7746424
vt 0.3095545 0.8368011
vt 0.2769563 0.8219231
vt 0.2770554 0.7831889
vt 0.2710578 0.8186059
vt 0.2772954 0.7670596
vt 0.2711568 0.7798717
vt 0.2713968 0.7637423
vt 0.4422903 0.8148158
vt 0.4422903 0.760048
vt 0.4373194 0.7600496
vt 0.4373194 0.8148174
vt 0.4372184 0.8193811
vt 0.4420656 0.8249745
vt 0.437316 0.7372395
vt 0.442287 0.7372379
vt 0.451517 0.6744856
vt 0.4542855 0.6744847
vt 0.4553616 0.6754416
vt 0.4439975 0.8249738
vt 0.4442222 0.8148151
vt 0.4442222 0.7600473
vt 0.4442188 0.7372372
vt 0.4438812 0.8302328
vt 0.4418536 0.8345603
vt 0.4942213 0.8302159
vt 0.4960574 0.8345422
vt 0.4962694 0.8249563
vt 0.4943376 0.824957
vt 0.4964941 0.8147975
vt 0.4945623 0.8147982
vt 0.5013642 0.8193596
vt 0.4945623 0.7600304
vt 0.4964941 0.7600298
vt 0.5014651 0.8147959
vt 0.4945589 0.7372203
vt 0.4964907 0.7372197
vt 0.4833979 0.6754321
vt 0.5014651 0.7600281
vt 0.4844737 0.6744746
vt 0.4832388 0.674475
vt 0.4872423 0.6744736
vt 0.5014617 0.737218
vt 0.1620757 0.6187528
vt 0.1636649 0.6917749
vt 0.1767576 0.6914843
vt 0.1546933 0.6243809
vt 0.1744595 0.6088926
vt 0.1819469 0.685482
vt 0.1618358 0.5959502
vt 0.1544534 0.6015784
vt 0.183336 0.6077802
vt 0.1742195 0.58609
vt 0.1870912 0.5865115
vt 0.1741206 0.5313298
vt 0.1870912 0.5308565
vt 0.1617368 0.54119
vt 0.1543544 0.5468181
vt 0.1484586 0.5515125
vt 0.1560412 0.6919594
vt 0.1485576 0.6062728
vt 0.1487976 0.6290753
vt 0.149892 0.692167
vt 0.7909611 0.7141166
vt 0.7790672 0.791541
vt 0.8332112 0.7913716
vt 0.821116 0.7140222
vt 0.7912055 0.7081884
vt 0.8213604 0.7080939
vt 0.8330756 0.8125905
vt 0.7789316 0.8127599
vt 0.7790672 0.8684276
vt 0.8332112 0.8682581
vt 0.2965776 0.8364736
vt 0.2965776 0.8748131
vt 0.3095545 0.8751405
vt 0.3095545 0.8368011
vt 0.4830742 0.6752358
vt 0.4550379 0.6752452
vt 0.4829666 0.6745867
vt 0.4551447 0.674596
vt 0.9609845 0.3511725
vt 0.9558352 0.3519749
vt 0.9609826 0.3518189
vt 0.9420495 0.3514397
vt 0.9420567 0.3523925
vt 0.9416147 0.289954
vt 0.9413238 0.267152
vt 0.9609845 0.1964885
vt 0.9542026 0.2019132
vt 0.9411022 0.2123921
vt 0.3630833 0.9044503
vt 0.3829116 0.8368874
vt 0.3633234 0.888321
vt 0.363967 0.8367391
vt 0.3829117 0.9543911
vt 0.3761145 0.9505686
vt 0.3629843 0.9431846
vt 0.3777619 0.8362433
vt 0.363977 0.8359506
vt 0.3829116 0.8363526
vt 0.6438602 0.8721584
vt 0.6438602 0.932628
vt 0.656658 0.9318019
vt 0.656658 0.8713322
vt 0.1050189 0.9666726
vt 0.1050189 0.9062029
vt 0.07454041 0.9081705
vt 0.07454041 0.9686402
vt 0.03588353 0.9901581
vt 0.05393767 0.9918211
vt 0.05393767 0.9312508
vt 0.03588353 0.9295879
vt 0.6133819 0.874126
vt 0.6133818 0.9345956
vt 0.6438602 0.932628
vt 0.6438602 0.8721584
vt 0.4037657 0.9385995
vt 0.4037657 0.9817455
vt 0.4219004 0.981758
vt 0.4219004 0.938612
vt 0.4029359 0.9817995
vt 0.4029359 0.9386061
vt 0.3848036 0.9385995
vt 0.3848036 0.9817929
vt 0.06934247 0.993147
vt 0.06585874 0.9874427
vt 0.06156019 0.9883903
vt 0.07018064 0.9850833
vt 0.06529266 0.9940398
vt 0.0722231 0.9911063
vt 0.2761557 0.6954458
vt 0.2809615 0.7016115
vt 0.2791858 0.6973267
vt 0.2718838 0.6954488
vt 0.2669004 0.7011304
vt 0.2669004 0.7521577
vt 0.2809616 0.7526388
vt 0.2686762 0.7564427
vt 0.2761558 0.758596
vt 0.2791858 0.7569262
vt 0.2718838 0.758599
vt 0.2686761 0.696843
vt 0.6631094 0.7183745
vt 0.6630618 0.6700093
vt 0.651745 0.6693408
vt 0.6630893 0.6653775
vt 0.6517954 0.7206761
vt 0.6631448 0.7218678
vt 0.6518331 0.724384
vt 0.6517741 0.6644246
vt 0.651853 0.6611799
vt 0.6631448 0.6630299
vt 0.07198725 0.981289
vt 0.05548767 0.984926
vt 0.06156019 0.9883903
vt 0.0722231 0.9408055
vt 0.06585874 0.9874427
vt 0.07018064 0.9850833
vt 0.05725466 0.9879326
vt 0.05572354 0.9444426
vt 0.06615058 0.9373413
vt 0.06185207 0.9382888
vt 0.05753015 0.9406482
vt 0.07045615 0.9377989
vt 0.5757546 0.2459361
vt 0.569144 0.2473984
vt 0.5685271 0.2515
vt 0.5750998 0.2502896
vt 0.5757546 0.2551704
vt 0.5695668 0.2551663
vt 0.651745 0.6054555
vt 0.6631142 0.6064236
vt 0.6631954 0.6017903
vt 0.6518311 0.6005377
vt 0.6520623 0.5972677
vt 0.6633483 0.5992226
vt 0.6632452 0.6546702
vt 0.6518839 0.656665
vt 0.6633483 0.658142
vt 0.6519934 0.66035
vt 0.531453 0.6028618
vt 0.531453 0.625283
vt 0.5340874 0.6252809
vt 0.5340874 0.6028597
vt 0.3629843 0.9552279
vt 0.3629843 0.9776543
vt 0.372878 0.9776474
vt 0.372878 0.9552211
vt 0.3733561 0.9557177
vt 0.3733561 0.9771361
vt 0.5732766 0.9517893
vt 0.5732766 0.9742126
vt 0.5831812 0.974209
vt 0.5831811 0.9517857
vt 0.5836764 0.9736942
vt 0.5836764 0.9522786
vt 0.5340886 0.5791646
vt 0.531453 0.5791647
vt 0.531453 0.5861703
vt 0.5340886 0.5861704
vt 0.5335847 0.5868831
vt 0.5319569 0.5868831
vt 0.5319569 0.6020298
vt 0.5335847 0.6020297
vt 0.5319569 0.6338314
vt 0.5335847 0.6338314
vt 0.5340886 0.6331186
vt 0.531453 0.6331186
vt 0.5340886 0.6261129
vt 0.531453 0.6261129
vt 0.04784299 0.01571284
vt 0.04332019 0.004373418
vt 0.02783431 0.01378235
vt 0.02832869 0.02177419
vt 0.04954631 0.02520569
vt 0.02950129 0.02748001
vt 0.04933366 0.03742321
vt 0.03184648 0.03889171
vt 0.04848237 0.06206765
vt 0.0337406 0.06164801
vt 0.03143948 0.07914037
vt 0.04598843 0.08277471
vt 0.02833984 0.1027029
vt 0.04192152 0.1048356
vt 0.0252402 0.1262654
vt 0.03906318 0.1282271
vt 0.02293907 0.1437577
vt 0.03553529 0.1481543
vt 0.02937471 0.161693
vt 0.134392 0.1753006
vt 0.1480395 0.1418978
vt 0.1547268 0.118792
vt 0.1589583 0.09537359
vt 0.1624305 0.06247139
vt 0.02291301 0.1264521
vt 0.01677849 0.1572964
vt 0.0004149074 0.1876395
vt 0.133408 0.1880523
vt 0.03027026 0.1917247
vt 0.01113042 0.2056681
vt 0.1404456 0.2040776
vt 0.03852877 0.2065255
vt 0.01697767 0.2296366
vt 0.04678727 0.2213264
vt 0.1446613 0.2088021
vt 0.04633278 0.2547963
vt 0.1488769 0.2135265
vt 0.1496471 0.2449828
vt 0.1571904 0.2188258
vt 0.09696475 0.2735752
vt 0.0156042 0.2566592
vt 0.1592849 0.2479929
vt 0.1473928 0.2687235
vt 0.1624305 0.2672724
vt 0.1535468 0.01378217
vt 0.1432493 0.008228213
vt 0.1429698 0.0004149744
vt 0.1600338 0.02619312
vt 0.4950884 0.9359767
vt 0.4915929 0.9352376
vt 0.4967413 0.9589579
vt 0.467784 0.9466254
vt 0.468782 0.9641012
vt 0.4871259 0.9321743
vt 0.484171 0.9276345
vt 0.4675319 0.9194463
vt 0.4832991 0.9229576
vt 0.4960649 0.9361535
vt 0.4964697 0.9362041
vt 0.4967562 0.9362189
vt 0.4970146 0.9362118
vt 0.4966794 0.9641012
vt 0.2812318 0.9125684
vt 0.2710578 0.9125279
vt 0.285836 0.9490563
vt 0.285836 0.8759705
vt 0.2942825 0.9490985
vt 0.2864014 0.9126059
vt 0.2942825 0.8760127
vt 0.2986177 0.9491369
vt 0.2915711 0.9126434
vt 0.2986176 0.8760509
vt 0.3029528 0.9491751
vt 0.3029528 0.8760893
vt 0.2045192 0.2582774
vt 0.1850049 0.252216
vt 0.1845106 0.2602079
vt 0.1999964 0.2696168
vt 0.2062225 0.2487845
vt 0.1861775 0.2465102
vt 0.2060099 0.236567
vt 0.1885227 0.2350985
vt 0.2051586 0.2119226
vt 0.1904169 0.2123422
vt 0.3191068 0.2115188
vt 0.1881157 0.1948498
vt 0.2026647 0.1912155
vt 0.3156346 0.1786166
vt 0.3114031 0.1551982
vt 0.1850161 0.1712873
vt 0.1985978 0.1691546
vt 0.3047157 0.1320924
vt 0.1819165 0.1477249
vt 0.1957394 0.1457631
vt 0.2910683 0.09868967
vt 0.1922116 0.1258359
vt 0.1796153 0.1302325
vt 0.186051 0.1122972
vt 0.2900842 0.08593789
vt 0.173951 0.1155637
vt 0.1778484 0.1300914
vt 0.1654265 0.08600888
vt 0.1869465 0.08226556
vt 0.2971219 0.06991256
vt 0.1722261 0.115991
vt 0.195205 0.06746467
vt 0.3013375 0.06518816
vt 0.1707631 0.06804639
vt 0.1743838 0.04442104
vt 0.2034635 0.0526638
vt 0.3055532 0.06046375
vt 0.2030464 0.01865691
vt 0.3063234 0.0290074
vt 0.3138667 0.05516443
vt 0.1739522 0.01812868
vt 0.1724274 0.04426247
vt 0.1685348 0.06767457
vt 0.1632603 0.08653196
vt 0.253641 0.0004149744
vt 0.304069 0.005266664
vt 0.3159611 0.02599729
vt 0.3191068 0.006717819
vt 0.1712115 0.01619495
vt 0.2999256 0.265762
vt 0.3102231 0.260208
vt 0.2996461 0.2735752
vt 0.3167101 0.2477971
vt 0.5626559 0.9769633
vt 0.553692 0.9526256
vt 0.553692 0.9805118
vt 0.5626559 0.9517857
vt 0.5626559 0.9805458
vt 0.4374927 0.9589579
vt 0.4425661 0.9352385
vt 0.4400522 0.9357702
vt 0.4664499 0.9466254
vt 0.4385443 0.9360431
vt 0.4379192 0.9361212
vt 0.4374769 0.936144
vt 0.4372184 0.9361369
vt 0.4470332 0.9321752
vt 0.449988 0.9276354
vt 0.4667021 0.9194463
vt 0.4508568 0.922975
vt 0.4654519 0.9641013
vt 0.4375545 0.9641013
vt 0.6026011 0.1560097
vt 0.6043277 0.1561158
vt 0.6043655 0.1326361
vt 0.6026401 0.1325251
vt 0.6043935 0.1152053
vt 0.5679874 0.1553911
vt 0.6025621 0.1794942
vt 0.60429 0.1795954
vt 0.5679299 0.1789494
vt 0.6025332 0.1969287
vt 0.6042619 0.1970262
vt 0.5678871 0.1964387
vt 0.6025801 0.2197271
vt 0.6043089 0.2198245
vt 0.5679332 0.21924
vt 0.6043562 0.2312921
vt 0.6026277 0.2311935
vt 0.5679854 0.2306883
vt 0.5335584 0.2312481
vt 0.6026696 0.1150882
vt 0.6043799 0.2370258
vt 0.6026515 0.2369267
vt 0.5680115 0.2364124
vt 0.5335825 0.2369801
vt 0.531314 0.2371038
vt 0.602665 0.2449292
vt 0.6043934 0.2450281
vt 0.5680242 0.2444184
vt 0.5335959 0.2449831
vt 0.5313275 0.2451062
vt 0.5335101 0.2197842
vt 0.5312903 0.2313701
vt 0.531243 0.2199025
vt 0.5311961 0.1971042
vt 0.5334634 0.1969853
vt 0.5312241 0.1796734
vt 0.5334941 0.1795436
vt 0.5312618 0.1561938
vt 0.5335355 0.1560494
vt 0.5312995 0.1327142
vt 0.533577 0.1325551
vt 0.568045 0.1318328
vt 0.5336096 0.1151062
vt 0.5680975 0.114305
vt 0.5336918 0.1017807
vt 0.5681176 0.1012256
vt 0.5339169 0.07273392
vt 0.5314239 0.1019016
vt 0.5313275 0.1152833
vt 0.568186 0.0729991
vt 0.5680729 0.05249916
vt 0.6028905 0.07190311
vt 0.6027564 0.1011314
vt 0.5337232 0.05295147
vt 0.5680065 0.02914008
vt 0.6027884 0.05291846
vt 0.5336327 0.02948887
vt 0.5336445 0.0007544045
vt 0.5679783 0.0004149744
vt 0.602707 0.02941464
vt 0.6027097 0.001384037
vt 0.5313802 0.002591317
vt 0.5313741 0.02957334
vt 0.5314893 0.05368218
vt 0.5316836 0.07197408
vt 0.5316836 0.07197408
vt 0.9932138 0.1757197
vt 0.9945477 0.1394215
vt 0.9867329 0.1394246
vt 0.9853909 0.1757214
vt 0.9867329 0.2125047
vt 0.9945477 0.2125015
vt 0.07454954 0.5744217
vt 0.08844996 0.5743944
vt 0.08845269 0.5592894
vt 0.07455227 0.5593168
vt 0.07454041 0.6250743
vt 0.08844083 0.625047
vt 0.0859129 0.6590291
vt 0.07455279 0.6742665
vt 0.07679036 0.6762252
vt 0.1110889 0.6847833
vt 0.1362603 0.659037
vt 0.08593529 0.5324047
vt 0.1458746 0.6758367
vt 0.1476288 0.6742786
vt 0.147617 0.6250858
vt 0.1337141 0.6250542
vt 0.1337232 0.5744015
vt 0.1476256 0.7033424
vt 0.1458695 0.7062127
vt 0.1110841 0.7091131
vt 0.0767846 0.7068025
vt 0.07454822 0.7050549
vt 0.1476261 0.5744332
vt 0.1337259 0.5592965
vt 0.1362827 0.5324126
vt 0.08593557 0.5308565
vt 0.136283 0.5308644
vt 0.1476288 0.5593283
vt 0.03701664 0.5478645
vt 0.03686349 0.5318767
vt 0.0004996461 0.5309973
vt 0.07356778 0.5308565
vt 0.0006344453 0.5470876
vt 0.0006424085 0.5598308
vt 0.03701747 0.5606475
vt 0.0004963508 0.59311
vt 0.03681615 0.5942349
vt 0.0004368247 0.6161554
vt 0.03672751 0.6174429
vt 0.0004149074 0.6395359
vt 0.03668448 0.6409413
vt 0.0004213991 0.6724075
vt 0.03666946 0.6739327
vt 0.0005224413 0.708709
vt 0.03676736 0.7102517
vt 0.03690502 0.7226241
vt 0.07359057 0.7085682
vt 0.07348953 0.6722667
vt 0.07348303 0.6393951
vt 0.07350496 0.6160145
vt 0.07356448 0.5929691
vt 0.0006424641 0.7211797
vt 0.0737106 0.7210388
vt 0.07371055 0.55969
vt 0.07370257 0.5469468
vt 0.5351002 0.8707002
vt 0.5123578 0.8707287
vt 0.5267431 0.8796736
vt 0.5362437 0.8796617
vt 0.5116761 0.8741688
vt 0.5402258 0.8706939
vt 0.5418044 0.8796548
vt 0.5115268 0.8749224
vt 0.5085279 0.8794299
vt 0.5040398 0.8824448
vt 0.5040398 0.9269326
vt 0.5267431 0.9300235
vt 0.5085279 0.9299363
vt 0.5115267 0.9344363
vt 0.5117456 0.9355404
vt 0.5124325 0.9390043
vt 0.5351001 0.9389759
vt 0.5362437 0.9300116
vt 0.5402257 0.9389695
vt 0.5418044 0.9300046
vt 0.502295 0.8827953
vt 0.5022949 0.9265865
vt 0.5634857 0.9518202
vt 0.5724468 0.9553681
vt 0.5724468 0.9517857
vt 0.5634857 0.9797063
vt 0.5724468 0.9805458
vt 0.3125902 0.8114992
vt 0.3108364 0.8102304
vt 0.3108998 0.825473
vt 0.3146884 0.8072847
vt 0.3126535 0.8269674
vt 0.3473722 0.8162664
vt 0.3162019 0.8081786
vt 0.3147485 0.7140589
vt 0.3108998 0.7106985
vt 0.34744 0.6946479
vt 0.3474344 0.7141053
vt 0.3801214 0.714136
vt 0.3839738 0.7107847
vt 0.3839104 0.8103166
vt 0.3800617 0.8073618
vt 0.381672 0.8114285
vt 0.3817353 0.8273427
vt 0.3785397 0.8073589
vt 0.3473755 0.8073173
vt 0.3839738 0.8255591
vt 0.3474349 0.8351207
vt 0.1685462 0.9220362
vt 0.1559495 0.9219944
vt 0.1741035 0.9585195
vt 0.1741035 0.8854337
vt 0.1845398 0.9585634
vt 0.1845398 0.8854775
vt 0.6981713 0.7774161
vt 0.6981724 0.8699632
vt 0.7308583 0.7774435
vt 0.7308583 0.8700126
vt 0.7293448 0.7765498
vt 0.667007 0.7773733
vt 0.6654854 0.869939
vt 0.665485 0.7773698
vt 0.9523153 0.9063781
vt 0.9689633 0.8220832
vt 0.952122 0.8557095
vt 0.9689633 0.9487373
vt 0.9534891 0.9215112
vt 0.9537785 0.9467009
vt 0.9594306 0.9502857
vt 0.9689633 0.9502857
vt 0.9538512 0.9502858
vt 0.8831134 0.8058958
vt 0.8887655 0.8023109
vt 0.883186 0.8023109
vt 0.8982981 0.8038595
vt 0.8982981 0.802311
vt 0.8828239 0.8310856
vt 0.8816501 0.8462186
vt 0.8982981 0.9305135
vt 0.8814568 0.8968872
vt 0.8816501 0.8462186
vt 0.8828239 0.8310856
vt 0.8817121 0.8311087
vt 0.5178739 0.8698639
vt 0.5178739 0.6746683
vt 0.5088819 0.6746164
vt 0.5088819 0.869812
vt 0.5022949 0.6744743
vt 0.502295 0.8696699
vt 0.5268616 0.8698117
vt 0.5268616 0.6746161
vt 0.5334367 0.8696693
vt 0.5334367 0.6744736
vt 0.9402402 0.1956568
vt 0.9402402 0.0004156422
vt 0.9312813 0.0004149744
vt 0.9312813 0.1956562
vt 0.9222619 0.0004156175
vt 0.9222619 0.1956568
vt 0.9155988 0.0004173983
vt 0.9155988 0.1956585
vt 0.9558465 0.6937042
vt 0.9558464 0.4998132
vt 0.9468771 0.4995216
vt 0.9468771 0.6934125
vt 0.9378673 0.4997956
vt 0.9378674 0.6936866
vt 0.9370375 0.6947652
vt 0.9303744 0.4995222
vt 0.9303743 0.6947634
vt 0.9213549 0.4995216
vt 0.9213549 0.6947628
vt 0.9123961 0.4995222
vt 0.912396 0.6947634
vt 0.6133818 0.9574419
vt 0.6479935 0.9481537
vt 0.6180189 0.9400751
vt 0.6133818 0.9481336
vt 0.6433564 0.9400898
vt 0.6353247 0.935431
vt 0.6260505 0.9354256
vt 0.6260506 0.9701646
vt 0.6180189 0.9655058
vt 0.6353248 0.9701699
vt 0.6433564 0.9655204
vt 0.6479935 0.9574619
vt 0.5934108 0.9670777
vt 0.5934108 0.8539205
vt 0.5855092 0.8539211
vt 0.5855092 0.9670783
vt 0.6013658 0.9670782
vt 0.6013658 0.853921
vt 0.6072426 0.8539225
vt 0.6072426 0.9670798
vt 0.6859187 0.9503764
vt 0.6859186 0.9421664
vt 0.683874 0.941617
vt 0.683874 0.9509255
vt 0.6900131 0.9574867
vt 0.6885163 0.933556
vt 0.6900131 0.9350566
vt 0.6965571 0.9289022
vt 0.6971049 0.9309521
vt 0.7052939 0.9309526
vt 0.7058418 0.9289027
vt 0.7138826 0.9335575
vt 0.7123858 0.935058
vt 0.7185249 0.9416192
vt 0.7164803 0.9421683
vt 0.7185249 0.9509276
vt 0.7164803 0.9503782
vt 0.7138826 0.9589887
vt 0.7123858 0.957488
vt 0.7058418 0.9636425
vt 0.705294 0.9615926
vt 0.6965571 0.9636419
vt 0.697105 0.9615921
vt 0.6885164 0.9589872
vt 0.8550943 0.4846294
vt 0.8286272 0.4917378
vt 0.843908 0.4958437
vt 0.8509998 0.4917392
vt 0.835719 0.4958432
vt 0.8245327 0.4764175
vt 0.8245327 0.4846275
vt 0.835719 0.4652032
vt 0.8286272 0.4693078
vt 0.8509998 0.4693092
vt 0.843908 0.4652037
vt 0.8550943 0.4764194
vt 0.9600236 0.708096
vt 0.952122 0.7080954
vt 0.952122 0.8212526
vt 0.9600236 0.8212532
vt 0.9679786 0.7080955
vt 0.9679786 0.8212527
vt 0.9738554 0.7080939
vt 0.9738554 0.8212512
vt 0.9563017 0.4815721
vt 0.9642326 0.4816178
vt 0.9642326 0.3684871
vt 0.9563017 0.3684413
vt 0.9504921 0.4814467
vt 0.9504921 0.368316
vt 0.9721596 0.368441
vt 0.9721596 0.4815718
vt 0.9779587 0.3683154
vt 0.9779587 0.4814462
vt 0.987832 0.4997788
vt 0.9799211 0.4995216
vt 0.9799211 0.6118963
vt 0.987832 0.6121535
vt 0.9957784 0.4995371
vt 0.9957784 0.6119118
vt 0.4151842 0.9377695
vt 0.4157941 0.9353513
vt 0.3887635 0.9353684
vt 0.4330952 0.9353277
vt 0.3860015 0.9377695
vt 0.3848036 0.9010049
vt 0.4344901 0.937743
vt 0.4347814 0.9263775
vt 0.4358619 0.9238403
vt 0.3875658 0.9010064
vt 0.3888279 0.8670928
vt 0.3860703 0.8646895
vt 0.4152531 0.8646895
vt 0.4158584 0.8670757
vt 0.4331596 0.8670521
vt 0.434559 0.864663
vt 0.4348289 0.8760276
vt 0.4359046 0.8785649
vt 0.5540967 0.250681
vt 0.5583497 0.2518036
vt 0.5581874 0.2485863
vt 0.5538846 0.2464774
vt 0.5583869 0.2548775
vt 0.5541478 0.25491
vt 0.5501211 0.2459361
vt 0.5497144 0.2503399
vt 0.549575 0.25491
vt 0.8811934 0.4923953
vt 0.8829179 0.4935392
vt 0.8842615 0.4902419
vt 0.884259 0.4938041
vt 0.884262 0.4892505
vt 0.8800403 0.4906835
vt 0.8779872 0.4959115
vt 0.8811736 0.4980251
vt 0.8842384 0.4986306
vt 0.8758565 0.4927484
vt 0.879634 0.4886643
vt 0.884262 0.4888426
vt 0.8842618 0.4885565
vt 0.8751059 0.4890174
vt 0.875157 0.4887608
vt 0.8807914 0.488382
vt 0.8842614 0.4883012
vt 0.8796852 0.4884077
vt 0.535761 0.2506362
vt 0.5357258 0.2464741
vt 0.5311961 0.2486019
vt 0.5312229 0.2517875
vt 0.5312325 0.2555446
vt 0.5357735 0.2555452
vt 0.5357729 0.2558036
vt 0.537528 0.2558036
vt 0.5312319 0.255803
vt 0.5375831 0.2555452
vt 0.5386498 0.2504167
vt 0.5395557 0.2459361
vt 0.8705884 0.4604123
vt 0.8748252 0.4605023
vt 0.874824 0.4600607
vt 0.8709864 0.4583923
vt 0.8748226 0.4594307
vt 0.8668445 0.4563361
vt 0.866109 0.4600686
vt 0.8721325 0.456678
vt 0.8748199 0.4578999
vt 0.8689623 0.4531685
vt 0.87214 0.4510482
vt 0.8738523 0.4555305
vt 0.8748161 0.4553379
vt 0.8748261 0.4505114
vt 0.8713927 0.4606848
vt 0.8748261 0.4607577
vt 0.8706406 0.4606688
vt 0.8661612 0.4603251
vt 0.5441679 0.2555451
vt 0.5487089 0.2555445
vt 0.5487184 0.2517873
vt 0.5441803 0.2506362
vt 0.5487452 0.2486017
vt 0.5442154 0.246474
vt 0.5441685 0.2558035
vt 0.5487095 0.2558028
vt 0.5412915 0.2504167
vt 0.5403855 0.2459361
vt 0.5423583 0.2555451
vt 0.5424133 0.2558035
vt 0.559737 0.2501363
vt 0.5618675 0.2544661
vt 0.5650182 0.2546676
vt 0.5638536 0.2503996
vt 0.5676973 0.2547334
vt 0.5676805 0.2504936
vt 0.5592167 0.2463657
vt 0.5635309 0.2460126
vt 0.5676973 0.2459361
vt 0.2054477 0.9055182
vt 0.1883963 0.9013255
vt 0.2085654 0.9098795
vt 0.2031467 0.9354516
vt 0.213124 0.9126553
vt 0.2183423 0.9134649
vt 0.2186052 0.9134029
vt 0.2186052 0.9571975
vt 0.2183423 0.9571352
vt 0.213124 0.957937
vt 0.2085654 0.960706
vt 0.1883963 0.9696066
vt 0.2054477 0.9650627
vt 0.2044853 0.9696186
vt 0.2045648 0.9013375
vt 0.09357581 0.2811669
vt 0.0004149074 0.2744052
vt 0.001122444 0.516719
vt 0.09357582 0.5300266
vt 0.7308506 0.2567441
vt 0.6981677 0.256711
vt 0.6981676 0.4985907
vt 0.7308506 0.4986233
vt 0.665485 0.2568124
vt 0.665485 0.4986916
vt 0.6690645 0.000493568
vt 0.6690645 0.2491476
vt 0.6705914 0.249069
vt 0.6705915 0.0004149744
vt 0.6379075 0.2491403
vt 0.6379074 0.0004866918
vt 0.6067453 0.2491193
vt 0.6067453 0.0004653583
vt 0.6052233 0.2491109
vt 0.6052233 0.0004569116
vt 0.1875665 0.5232649
vt 0.1875665 0.2744052
vt 0.09511314 0.2877128
vt 0.09440564 0.5300266
vt 0.6273581 0.5337735
vt 0.6273528 0.5681451
vt 0.6509098 0.5679116
vt 0.6245528 0.5681836
vt 0.6509151 0.5337759
vt 0.6245732 0.5711691
vt 0.6273535 0.571616
vt 0.6509106 0.5713813
vt 0.6509143 0.5771418
vt 0.6273572 0.5773988
vt 0.6373171 0.5807606
vt 0.6509151 0.5806115
vt 0.6508912 0.7342739
vt 0.6273581 0.5808698
vt 0.6374648 0.7353763
vt 0.5960611 0.5684553
vt 0.5960814 0.5714431
vt 0.6024517 0.5337305
vt 0.625217 0.7414703
vt 0.913409 0.8897693
vt 0.9254155 0.8922458
vt 0.9258206 0.8788383
vt 0.902156 0.876549
vt 0.9164382 0.9030924
vt 0.9255764 0.9056462
vt 0.9136328 0.7141756
vt 0.900221 0.7154447
vt 0.9258206 0.7080939
vt 0.7853161 0.707264
vt 0.8074227 0.6728477
vt 0.7789316 0.6725814
vt 0.8074324 0.6698148
vt 0.8102153 0.7071859
vt 0.8102225 0.6728857
vt 0.8337791 0.6731147
vt 0.8102168 0.6693863
vt 0.8337734 0.6696165
vt 0.8337719 0.7071795
vt 0.8337525 0.6637448
vt 0.8101959 0.6634923
vt 0.8201491 0.6601002
vt 0.8101903 0.6599929
vt 0.8337468 0.6602466
vt 0.8337791 0.506903
vt 0.7789413 0.6695464
vt 0.8203533 0.5058051
vt 0.8080951 0.4995216
vt 0.9112134 0.5263777
vt 0.9113898 0.5129496
vt 0.8993801 0.5154244
vt 0.8993816 0.5275496
vt 0.8994013 0.6913819
vt 0.8881116 0.5286658
vt 0.9024249 0.5020754
vt 0.9115663 0.4995216
vt 0.9115663 0.6976951
vt 0.8859907 0.6901026
vt 0.3895517 0.4682197
vt 0.3848036 0.468221
vt 0.3848036 0.4817576
vt 0.3895517 0.4817564
vt 0.3848036 0.488721
vt 0.3895517 0.454683
vt 0.3848036 0.4546843
vt 0.3895517 0.360391
vt 0.3902823 0.2810377
vt 0.4317561 0.3603798
vt 0.4308766 0.2799738
vt 0.3925264 0.2099132
vt 0.4286256 0.2086294
vt 0.3976377 0.04791111
vt 0.4235545 0.04790419
vt 0.4363886 0.4546705
vt 0.4317561 0.4546718
vt 0.3974422 0.04453867
vt 0.42375 0.04453159
vt 0.3974422 0.0388018
vt 0.42375 0.0387947
vt 0.3974422 0.03537139
vt 0.42375 0.03536433
vt 0.3992822 0.0004213559
vt 0.4232703 0.0004149744
vt 0.4363886 0.4682072
vt 0.4317561 0.4682084
vt 0.4363886 0.4817439
vt 0.4317561 0.4817451
vt 0.4317562 0.4887084
vt 0.4363886 0.4887072
vt 0.1439641 0.8341771
vt 0.1439641 0.8845327
vt 0.1533886 0.8845339
vt 0.1533886 0.8341784
vt 0.8347881 0.6744487
vt 0.8851276 0.6745214
vt 0.8849484 0.6612007
vt 0.8346089 0.661128
vt 0.8851608 0.4995942
vt 0.8348214 0.6878287
vt 0.8851609 0.6879013
vt 0.8348213 0.4995216
vt 0.8104206 0.9205261
vt 0.7864307 0.9205262
vt 0.7864307 0.9476317
vt 0.8104206 0.9476317
vt 0.8170076 0.9175852
vt 0.7798438 0.9175852
vt 0.7987971 0.9126958
vt 0.807787 0.9102936
vt 0.8143681 0.9037309
vt 0.8179199 0.8927491
vt 0.8167769 0.894766
vt 0.8162349 0.8927491
vt 0.7898073 0.9102936
vt 0.7832263 0.9037309
vt 0.7789316 0.8927491
vt 0.7808174 0.894766
vt 0.7813594 0.8927491
vt 0.8143681 0.8858011
vt 0.8179199 0.8692576
vt 0.7832263 0.8858011
vt 0.7789316 0.8692576
vt 0.807787 0.8792384
vt 0.7987971 0.8768362
vt 0.7898073 0.8792384
vt 0.3095413 0.2948895
vt 0.3095414 0.2813632
vt 0.2859156 0.2837167
vt 0.2861435 0.2972064
vt 0.3095412 0.3084158
vt 0.288812 0.310696
vt 0.3095469 0.4832256
vt 0.2859157 0.2767587
vt 0.3095414 0.2744052
vt 0.2888178 0.4846255
vt 0.3095492 0.5546162
vt 0.2888201 0.5556565
vt 0.3095545 0.7154455
vt 0.2888254 0.7156758
vt 0.3095542 0.7188067
vt 0.2888251 0.719036
vt 0.3095542 0.7245392
vt 0.2888251 0.724749
vt 0.3095542 0.727967
vt 0.288825 0.7281756
vt 0.3095545 0.7629111
vt 0.2823735 0.7629124
vt 0.7603309 0.009706006
vt 0.737735 0.007358539
vt 0.7377285 0.02085679
vt 0.7603342 0.002762417
vt 0.7600288 0.02316773
vt 0.737722 0.03435505
vt 0.7584497 0.03662948
vt 0.7376724 0.2079359
vt 0.7377383 0.0004149744
vt 0.7584005 0.2093371
vt 0.737652 0.2790335
vt 0.7583803 0.280077
vt 0.7376057 0.4409742
vt 0.7583344 0.441203
vt 0.7376029 0.4443218
vt 0.7583316 0.4445496
vt 0.7376001 0.4500425
vt 0.7583289 0.4502508
vt 0.7375985 0.4534631
vt 0.7583272 0.4536703
vt 0.7375931 0.4884574
vt 0.7647735 0.4884574
vt 0.7969708 0.007358539
vt 0.8236958 0.0104772
vt 0.8237029 0.003533636
vt 0.7967724 0.02081487
vt 0.7969778 0.0004149744
vt 0.8236821 0.02388537
vt 0.795615 0.03427064
vt 0.8236685 0.03729353
vt 0.7954397 0.2064215
vt 0.8221334 0.2082889
vt 0.7953678 0.2769335
vt 0.8221381 0.2783278
vt 0.7952042 0.4375401
vt 0.8236951 0.437858
vt 0.795212 0.4408934
vt 0.8237029 0.4412084
vt 0.8947643 0.02086473
vt 0.8879171 0.02106201
vt 0.8874968 0.03450264
vt 0.8943386 0.03430145
vt 0.894779 0.2082039
vt 0.8883121 0.007575558
vt 0.8951607 0.007375333
vt 0.8885152 0.0006151746
vt 0.8953638 0.0004149744
vt 0.8824312 0.2081167
vt 0.8803625 0.279019
vt 0.8949587 0.279224
vt 0.875702 0.438748
vt 0.8953639 0.4392185
vt 0.8775836 0.4420117
vt 0.8950701 0.4425829
vt 0.8863356 0.4486543
vt 0.8949034 0.4482979
vt 0.8878226 0.4516181
vt 0.8948033 0.4517256
vt 0.8943468 0.4866058
vt 0.8877984 0.486479
vt 0.3761535 0.4395164
vt 0.3725711 0.4451447
vt 0.3730584 0.4456359
vt 0.3819959 0.439272
vt 0.3771915 0.4360885
vt 0.3839738 0.4360667
vt 0.3839322 0.2773261
vt 0.3765092 0.2753192
vt 0.3839322 0.2068551
vt 0.376485 0.2061345
vt 0.3245659 0.2753132
vt 0.3839738 0.03428002
vt 0.3244835 0.2061284
vt 0.3771952 0.03468192
vt 0.377195 0.02123973
vt 0.3839736 0.02083097
vt 0.3771948 0.0077975
vt 0.3839734 0.007382012
vt 0.3771948 0.0008328126
vt 0.3839734 0.0004172252
vt 0.3268553 0.007791687
vt 0.3268552 0.0008269753
vt 0.3199582 0.007379711
vt 0.3199584 0.02082872
vt 0.3268555 0.02123392
vt 0.3199586 0.03427775
vt 0.3268456 0.03468021
vt 0.3199366 0.2058046
vt 0.3199582 0.0004149744
vt 0.3199388 0.2760564
vt 0.326852 0.4360827
vt 0.3199713 0.4360593
vt 0.3219548 0.4392645
vt 0.3278975 0.4395108
vt 0.330922 0.4456311
vt 0.3315054 0.44514
vt 0.7920179 0.007372959
vt 0.792018 0.0004149744
vt 0.7656036 0.003526933
vt 0.7656035 0.01048494
vt 0.7921349 0.02085736
vt 0.7656034 0.02392096
vt 0.7943744 0.03434162
vt 0.7656033 0.03735704
vt 0.7943729 0.2078966
vt 0.7680687 0.2097477
vt 0.7943723 0.2787748
vt 0.7681171 0.2801504
vt 0.7943709 0.4384495
vt 0.7658792 0.4387541
vt 0.7943743 0.4417429
vt 0.7658827 0.4420445
vt 0.9143165 0.04447372
vt 0.9141469 0.03875876
vt 0.9068576 0.03837273
vt 0.8980792 0.04502596
vt 0.9146119 0.04783779
vt 0.8961937 0.04829115
vt 0.914283 0.2091035
vt 0.9083485 0.03540725
vt 0.9140452 0.03533102
vt 0.9147689 0.0004149744
vt 0.9081465 0.0005506426
vt 0.9009703 0.2092842
vt 0.9141387 0.2799048
vt 0.9030674 0.2799657
vt 0.9081874 0.4525308
vt 0.9137862 0.4527622
vt 0.9085725 0.4659957
vt 0.9141658 0.4662235
vt 0.9089702 0.4794806
vt 0.9145622 0.4797114
vt 0.9091768 0.4864409
vt 0.9147688 0.4866717
vt 0.9610945 0.9799984
vt 0.9610945 0.951609
vt 0.952122 0.9511157
vt 0.9521258 0.979507
vt 0.5439194 0.9806683
vt 0.5528622 0.9801751
vt 0.5528622 0.9517857
vt 0.5439233 0.952277
vt 0.8255728 0.04361644
vt 0.8738247 0.04362261
vt 0.8702209 0.03801546
vt 0.8245327 0.04704299
vt 0.8291511 0.03801017
vt 0.8748722 0.04704943
vt 0.8691734 0.03458859
vt 0.8301913 0.03458362
vt 0.8301913 0.0004149744
vt 0.8691734 0.0004199707
vt 0.8245327 0.2008537
vt 0.8748723 0.2008602
vt 0.9590495 0.1914081
vt 0.9590494 0.0005990725
vt 0.9500449 0.0004149744
vt 0.950045 0.191224
vt 0.9480258 0.000458309
vt 0.9410701 0.1914168
vt 0.94107 0.0006077048
vt 0.9402723 0.3878973
vt 0.9402723 0.196507
vt 0.9313266 0.1964885
vt 0.9313266 0.3878787
vt 0.9222955 0.1965047
vt 0.9222954 0.387895
vt 0.9155988 0.1965514
vt 0.9155988 0.3879417
vt 0.9446288 0.8994949
vt 0.9446288 0.7081427
vt 0.9356093 0.7080939
vt 0.9356093 0.8994461
vt 0.9266505 0.7081475
vt 0.9512921 0.8996328
vt 0.9512921 0.7082807
vt 0.9266505 0.8994997
vt 0.162522 0.8843104
vt 0.162522 0.6931047
vt 0.1559495 0.693398
vt 0.1559495 0.8846037
vt 0.1715087 0.8842026
vt 0.1715088 0.692997
vt 0.1735319 0.6930209
vt 0.1805017 0.8843094
vt 0.1805017 0.6931036
vt 0.1870912 0.6933962
vt 0.1870912 0.8846019
vt 0.8652792 0.3429624
vt 0.8245327 0.3429624
vt 0.8245327 0.4643733
vt 0.8652793 0.3359991
vt 0.8652792 0.4643624
vt 0.8245327 0.335999
vt 0.8245327 0.2356302
vt 0.8480563 0.2109604
vt 0.8245327 0.2221319
vt 0.8740454 0.2141028
vt 0.8740454 0.2071592
vt 0.8740454 0.3351691
vt 0.8245327 0.3296545
vt 0.8245327 0.2086337
vt 0.8480563 0.2040168
vt 0.8245327 0.2016901
vt 0.8078111 0.4428745
vt 0.7656033 0.4428745
vt 0.7668117 0.4926368
vt 0.8075615 0.4926368
vt 0.3848036 0.8433487
vt 0.4075135 0.854546
vt 0.3848036 0.8298224
vt 0.4343204 0.8513908
vt 0.4343204 0.7300838
vt 0.3848036 0.7356026
vt 0.3848036 0.856875
vt 0.4343204 0.8583488
vt 0.4075135 0.861504
vt 0.3848036 0.863833
vt 0.0004149104 0.9184579
vt 0.0004149074 0.923207
vt 0.02309 0.9232056
vt 0.02320021 0.9179034
vt 0.05016346 0.9172493
vt 0.05620566 0.9219227
vt 0.05016164 0.8764929
vt 0.05620566 0.8715671
vt 0.02410416 0.871608
vt 0.05319066 0.8647335
vt 0.02400456 0.8763615
vt 0.0004149475 0.8716097
vt 0.02662562 0.8647349
vt 0.05248649 0.9287565
vt 0.02561148 0.928758
vt 0.0004149259 0.8762432
vt 0.3243078 0.9161267
vt 0.3108364 0.9161267
vt 0.3108364 0.9664822
vt 0.3243079 0.9664822
vt 0.3369875 0.916793
vt 0.3369875 0.9688112
vt 0.9258206 0.958436
vt 0.9258206 0.9064762
vt 0.9127282 0.9087191
vt 0.9127281 0.9590747
vt 0.8993046 0.9087204
vt 0.8993046 0.9590759
vt 0.0004149074 0.9422824
vt 0.03505372 0.95164
vt 0.01309354 0.9295879
vt 0.00505558 0.9342294
vt 0.03505372 0.9423333
vt 0.03041295 0.9342667
vt 0.02237499 0.9296016
vt 0.005055642 0.9596557
vt 0.0004149074 0.951589
vt 0.02237507 0.9643345
vt 0.03041304 0.959693
vt 0.01309362 0.9643208
vt 0.7196763 0.6547185
vt 0.6917729 0.6515675
vt 0.7033653 0.6754925
vt 0.7185747 0.6230572
vt 0.7208042 0.6780354
vt 0.7070358 0.6995166
vt 0.7213981 0.7019531
vt 0.7084434 0.7366606
vt 0.7217225 0.7386524
vt 0.7080452 0.7651889
vt 0.7214731 0.7757198
vt 0.6970934 0.755047
vt 0.6967798 0.734644
vt 0.6942892 0.6970553
vt 0.6875419 0.6729247
vt 0.665485 0.6483917
vt 0.6906712 0.6199063
vt 0.7191001 0.6056232
vt 0.7142117 0.5709507
vt 0.716062 0.4995881
vt 0.7217225 0.5863077
vt 0.7203887 0.4995216
vt 0.7131173 0.4997441
vt 0.710254 0.4997881
vt 0.7113484 0.5709948
vt 0.7597444 0.5997489
vt 0.748152 0.6236739
vt 0.7760555 0.6205229
vt 0.7749538 0.6521841
vt 0.7771834 0.5972059
vt 0.763415 0.5757248
vt 0.7777773 0.5732883
vt 0.7648225 0.5385808
vt 0.7781017 0.536589
vt 0.7644244 0.5100525
vt 0.7778523 0.4995216
vt 0.7541608 0.5202049
vt 0.7538472 0.540608
vt 0.7513566 0.5781966
vt 0.7446093 0.6023272
vt 0.7225524 0.6268602
vt 0.7470503 0.655335
vt 0.7754792 0.6696182
vt 0.7705908 0.7042906
vt 0.7724411 0.7756533
vt 0.7694964 0.7754973
vt 0.7677276 0.7042466
vt 0.7666331 0.7754533
vt 0.7781017 0.6889336
vt 0.7767678 0.7757198
vt 0.6082501 0.7670802
vt 0.6082697 0.804641
vt 0.612552 0.8046973
vt 0.6125324 0.7671365
vt 0.612552 0.8287566
vt 0.6082697 0.8287004
vt 0.6125149 0.8530596
vt 0.6082327 0.8530034
vt 0.6125193 0.7467378
vt 0.608237 0.7466815
vt 0.5470472 0.7671235
vt 0.547034 0.7467248
vt 0.5470667 0.8046843
vt 0.5470667 0.8287437
vt 0.5470297 0.8530467
vt 0.5439194 0.8530905
vt 0.5439565 0.8047281
vt 0.5439369 0.7671673
vt 0.5439565 0.8287874
vt 0.5439237 0.7467686
vt 0.245059 0.9699311
vt 0.2473625 0.9656537
vt 0.219435 0.9656533
vt 0.219435 0.9699306
vt 0.219435 0.9044403
vt 0.2473625 0.9044407
vt 0.2457471 0.9013259
vt 0.219435 0.9013255
vt 0.1191132 0.9104803
vt 0.1315236 0.9104803
vt 0.1292195 0.9062029
vt 0.1191132 0.9062029
vt 0.1058487 0.906203
vt 0.1058487 0.9104803
vt 0.1191132 0.9716933
vt 0.1058487 0.9716933
vt 0.1315236 0.9716933
vt 0.1299078 0.9748081
vt 0.1191132 0.9748081
vt 0.1058487 0.9748081
vt 0.2622021 0.8839783
vt 0.262202 0.8227653
vt 0.257876 0.8227653
vt 0.257876 0.8839784
vt 0.262202 0.8882557
vt 0.257876 0.8196505
vt 0.2622021 0.8196505
vt 0.2651455 0.8882557
vt 0.2651455 0.8839783
vt 0.2651455 0.8227652
vt 0.2651455 0.8196505
vt 0.2680083 0.8227652
vt 0.2680083 0.8839783
vt 0.2680083 0.8882557
vt 0.2680083 0.8196505
vt 0.257876 0.8882557
vt 0.6646551 0.4119095
vt 0.6603785 0.4119095
vt 0.6603785 0.4352206
vt 0.6646551 0.4352206
vt 0.6603785 0.4591351
vt 0.6646551 0.3802541
vt 0.6603785 0.3802541
vt 0.6646551 0.3628177
vt 0.6603785 0.3628177
vt 0.6646551 0.3434896
vt 0.6646552 0.4591351
vt 0.6603785 0.4958324
vt 0.6646552 0.4958324
vt 0.6603786 0.5329005
vt 0.6646552 0.5329005
vt 0.5991754 0.4591351
vt 0.5991754 0.4352207
vt 0.5991754 0.4958324
vt 0.5991754 0.5329006
vt 0.5991754 0.3802541
vt 0.5991754 0.4119095
vt 0.5991753 0.3628177
vt 0.6603785 0.3434896
vt 0.6646551 0.256711
vt 0.5960611 0.4352207
vt 0.5960611 0.4119095
vt 0.5960611 0.3802541
vt 0.5960611 0.3628177
vt 0.5960611 0.4591351
vt 0.5960611 0.4958324
vt 0.5960612 0.5329006
vt 0.5991753 0.3434896
vt 0.6603785 0.256711
vt 0.5991753 0.256711
vt 0.5960611 0.3434896
vt 0.5960611 0.256711
vt 0.1884523 0.8688474
vt 0.192729 0.8688474
vt 0.192673 0.8196505
vt 0.1883963 0.8196505
vt 0.1884489 0.9004955
vt 0.1927255 0.9004955
vt 0.253932 0.8688474
vt 0.2539285 0.9004955
vt 0.2538759 0.8196505
vt 0.2569902 0.8196505
vt 0.2570462 0.8688474
vt 0.2570427 0.9004955
vt 0.1388576 0.8341774
vt 0.07765466 0.8341812
vt 0.07765466 0.9053727
vt 0.1388576 0.9053689
vt 0.1431343 0.8341771
vt 0.1431343 0.9053687
vt 0.07454041 0.9053729
vt 0.07454041 0.8341814
vt 0.531453 0.5097296
vt 0.531453 0.5140069
vt 0.5343167 0.5140069
vt 0.5343167 0.5097296
vt 0.5343167 0.5752199
vt 0.531453 0.5752199
vt 0.5343167 0.5783347
vt 0.531453 0.5783347
vt 0.4555193 0.6744843
vt 0.9534891 0.9215112
vt 0.9523153 0.9063781
vt 0.9523773 0.9214879
vt 0.02034437 0.1439692
vt 0.3895517 0.4887197
vt 0.5162367 0.6164248
vt 0.5298141 0.6185582
vt 0.5298141 0.5779707
vt 0.5178578 0.5778139
vt 0.5143155 0.5576396
vt 0.5167091 0.6736437
vt 0.52959 0.6730357
vt 0.5094803 0.6339027
vt 0.5091661 0.666872
vt 0.5006863 0.646102
vt 0.5005922 0.6626464
vt 0.4902184 0.659272
vt 0.4889182 0.6512587
vt 0.4742336 0.6577048
vt 0.4729334 0.6496915
vt 0.4628935 0.6605101
vt 0.4602967 0.6443824
vt 0.4555758 0.6629251
vt 0.4510276 0.6346309
vt 0.4487132 0.6604696
vt 0.4441601 0.6354771
vt 0.444924 0.6064801
vt 0.4380948 0.6077352
vt 0.4441356 0.5844116
vt 0.4372184 0.5831931
vt 0.4455602 0.5668616
vt 0.438733 0.5657109
vt 0.4495642 0.5470209
vt 0.4436025 0.5429272
vt 0.4587994 0.5307772
vt 0.4443043 0.5185046
vt 0.471911 0.5107435
vt 0.4761202 0.5224361
vt 0.4958286 0.5211173
vt 0.5007882 0.5097312
vt 0.5220612 0.5334781
vt 0.5107682 0.5379733
vt 0.5283949 0.5554183
vt 0.02047913 0.7763274
vt 0.0149741 0.8004304
vt 0.04307608 0.8004304
vt 0.03757104 0.7763274
vt 0.02047913 0.748399
vt 0.03757104 0.748399
vt 0.02247867 0.723454
vt 0.03557148 0.723454
vt 0.04760707 0.8175237
vt 0.01044312 0.8175237
vt 0.05433738 0.8396976
vt 0.003712796 0.8396976
vt 0.0576353 0.8639036
vt 0.0004149074 0.8639036
vt 0.280992 0.6263763
vt 0.280992 0.5857888
vt 0.2674145 0.5879222
vt 0.2690357 0.6265332
vt 0.2654933 0.6467074
vt 0.2678869 0.5307033
vt 0.2606581 0.5704443
vt 0.2807677 0.5313113
vt 0.2603439 0.5374751
vt 0.2518641 0.5582451
vt 0.2517701 0.5417007
vt 0.2413962 0.5450751
vt 0.2400961 0.5530884
vt 0.2254114 0.5466422
vt 0.2241113 0.5546556
vt 0.2140713 0.5438369
vt 0.2114745 0.5599646
vt 0.2067536 0.541422
vt 0.2022054 0.5697161
vt 0.199891 0.5438775
vt 0.1953379 0.5688699
vt 0.1961019 0.5978669
vt 0.1892726 0.5966119
vt 0.1953135 0.6199354
vt 0.1883963 0.621154
vt 0.1967381 0.6374854
vt 0.1899109 0.6386361
vt 0.200742 0.657326
vt 0.1947804 0.6614198
vt 0.2099773 0.6735698
vt 0.1954823 0.6858423
vt 0.2230889 0.6936035
vt 0.2272981 0.6819109
vt 0.2470064 0.6832297
vt 0.2519661 0.6946158
vt 0.2732391 0.6708689
vt 0.2619461 0.6663737
vt 0.2795727 0.6489287
vt 0.8642917 0.8398778
vt 0.8623588 0.8119315
vt 0.8523092 0.8119315
vt 0.8503763 0.8398778
vt 0.8460249 0.8615848
vt 0.868643 0.8615848
vt 0.8726878 0.8788356
vt 0.8518997 0.8023109
vt 0.8627682 0.8023109
vt 0.8419802 0.8788356
vt 0.877942 0.8983245
vt 0.836726 0.8983245
vt 0.880627 0.9145947
vt 0.834041 0.9145947
vt 0.8187497 0.9120108
vt 0.8187497 0.9233022
vt 0.8318425 0.9233022
vt 0.8318425 0.9120108
vt 0.8187497 0.8959985
vt 0.8318425 0.930578
vt 0.8187497 0.930578
vt 0.8318425 0.9374834
vt 0.8187497 0.9374834
vt 0.8318425 0.8959985
vt 0.8187497 0.8855659
vt 0.8318425 0.8855659
vt 0.8187497 0.8769185
vt 0.8318425 0.8769185
vt 0.8187497 0.8692576
vt 0.8318425 0.8692576
vt 0.8708966 0.9154247
vt 0.8512142 0.9154247
vt 0.8512142 0.9620182
vt 0.8708966 0.9620182
vt 0.834041 0.9620182
vt 0.834041 0.9154247
vt 0.7302232 0.9567978
vt 0.7302232 0.9409011
vt 0.7193547 0.9409011
vt 0.7193547 0.9567978
vt 0.7302232 0.9691741
vt 0.7193547 0.9691741
vt 0.7193547 0.9289022
vt 0.7302232 0.9289022
vt 0.6312405 0.7588987
vt 0.63165 0.7764779
vt 0.6416996 0.7764779
vt 0.642109 0.7588987
vt 0.6312405 0.7466815
vt 0.6497411 0.8144463
vt 0.6236084 0.8144463
vt 0.6572828 0.8339582
vt 0.6160668 0.8339582
vt 0.642109 0.7466815
vt 0.6133818 0.85347
vt 0.6599678 0.85347
vt 0.6599678 0.8705022
vt 0.6133818 0.8705022
vt 0.4372184 0.8353903
vt 0.4405163 0.8569445
vt 0.4911409 0.8569445
vt 0.4944388 0.8353903
vt 0.4818777 0.8786061
vt 0.4497795 0.8786061
vt 0.4743746 0.9186164
vt 0.4572827 0.9186164
vt 0.815432 0.9484615
vt 0.7983401 0.9484615
vt 0.7983401 0.9735029
vt 0.815432 0.9735029
vt 0.665485 0.9280722
vt 0.6934255 0.9280722
vt 0.6934255 0.8708426
vt 0.665485 0.8708426
vt 0.7223189 0.8708425
vt 0.7223189 0.9280722
vt 0.1890313 0.2872945
vt 0.1883963 0.5298734
vt 0.2815437 0.52312
vt 0.2815437 0.2744052
vt 0.9954281 0.4677345
vt 0.9954707 0.3683154
vt 0.9791792 0.3695768
vt 0.9788029 0.4689708
vt 0.9954708 0.484683
vt 0.9787886 0.4859236
vt 0.5303662 0.007165338
vt 0.4372184 0.0004149744
vt 0.4378535 0.2429947
vt 0.5303662 0.2558811
vt 0.2606035 0.7003377
vt 0.265938 0.7948307
vt 0.2660705 0.6954458
vt 0.1952536 0.7003377
vt 0.2605691 0.7937366
vt 0.2609359 0.7954607
vt 0.2589132 0.8117941
vt 0.2419993 0.8188205
vt 0.1883963 0.6954458
vt 0.1884503 0.7948307
vt 0.1952188 0.7937366
vt 0.1946781 0.7957444
vt 0.21237 0.8188205
vt 0.1954616 0.8117941
vt 0.09840667 0.7099431
vt 0.08129991 0.7349316
vt 0.1282274 0.7099431
vt 0.1465841 0.7349316
vt 0.08127989 0.8283518
vt 0.146947 0.733291
vt 0.1520837 0.7339289
vt 0.1451072 0.7169683
vt 0.08077625 0.7330005
vt 0.08152394 0.7169684
vt 0.07454041 0.7339289
vt 0.07460783 0.8333472
vt 0.1519749 0.8333472
vt 0.1465637 0.8283518
vt 0.4361134 0.4895509
vt 0.3848036 0.4897458
vt 0.3848036 0.7292538
vt 0.4361134 0.729059
vt 0.3839738 0.4464659
vt 0.3186336 0.4467105
vt 0.3186336 0.693818
vt 0.3839738 0.6935733
vt 0.9747551 0.8199315
vt 0.9910401 0.8212533
vt 0.9913641 0.7218349
vt 0.9747426 0.720537
vt 0.9913641 0.7048917
vt 0.9746852 0.7035894
vt 0.9799091 0.6167632
vt 0.9799091 0.6944422
vt 0.9958589 0.6944384
vt 0.9958589 0.6169883
vt 0.7367632 0.0004149744
vt 0.6714212 0.0008532185
vt 0.6714213 0.238018
vt 0.7367632 0.2375797
vt 0.999585 0.0005787776
vt 0.9829774 0.0004149744
vt 0.9826543 0.01754285
vt 0.9992855 0.01771958
vt 0.9992855 0.04734922
vt 0.9826542 0.04739413
vt 0.999585 0.06403124
vt 0.9829773 0.06406342
vt 0.8923752 0.7151896
vt 0.8923752 0.7944605
vt 0.8993912 0.8014809
vt 0.8993912 0.7081897
vt 0.8410571 0.7151144
vt 0.834041 0.7080939
vt 0.8340414 0.8013852
vt 0.8410575 0.7943853
vt 0.3108368 0.9152215
vt 0.3621545 0.9152967
vt 0.3621545 0.8360258
vt 0.3108364 0.8359506
vt 0.5166396 0.4978229
vt 0.5952312 0.5088996
vt 0.5952312 0.2677878
vt 0.5166396 0.256711
vt 0.5158098 0.497822
vt 0.5158098 0.256711
vt 0.4372185 0.2677903
vt 0.4372184 0.5089012
vt 0.5439194 0.7458516
vt 0.5952312 0.7455091
vt 0.5952313 0.5097296
vt 0.5439194 0.510072

usemtl _Plain
usemap _Plain
f 1/1/1 2/2/2 3/3/3
f 1/1/1 3/3/3 4/4/4
f 5/5/5 6/6/6 7/7/7
f 5/5/5 7/7/7 8/8/8
f 9/9/9 10/10/10 11/11/11
f 9/9/9 11/11/11 12/12/12
f 13/13/13 14/14/14 15/15/15
f 13/13/13 15/15/15 16/16/16
f 17/17/17 18/18/18 19/19/19
f 17/17/17 19/19/19 20/20/20
f 21/21/21 22/22/22 23/23/23
f 21/21/21 23/23/23 24/24/24
f 25/25/25 26/26/26 27/27/27
f 25/25/25 27/27/27 28/28/28
f 29/29/29 30/30/30 31/31/31
f 29/29/29 31/31/31 32/32/32
f 33/33/33 34/34/34 35/35/35
f 33/33/33 35/35/35 36/36/36
f 37/37/37 38/38/38 39/39/39
f 37/37/37 39/39/39 40/40/40
f 41/41/41 42/42/42 43/43/43
f 41/41/41 43/43/43 44/44/44
f 45/45/45 46/46/46 47/47/47
f 45/45/45 47/47/47 48/48/48
f 49/49/49 50/50/50 51/51/51
f 49/49/49 51/51/51 52/52/52
f 53/53/53 54/54/54 55/55/55
f 53/53/53 55/55/55 56/56/56
f 57/57/57 58/58/58 59/59/59
f 57/57/57 59/59/59 60/60/60
f 61/61/61 62/62/62 63/63/63
f 61/61/61 63/63/63 64/64/64
f 65/65/65 66/66/66 67/67/67
f 65/65/65 67/67/67 68/68/68
f 69/69/69 70/70/70 71/71/71
f 69/69/69 71/71/71 72/72/72
f 73/73/73 74/74/74 75/75/75
f 73/73/73 75/75/75 76/76/76
f 77/77/77 78/78/78 79/79/79
f 77/77/77 79/79/79 80/80/80
f 81/81/81 82/82/82 83/83/83
f 81/81/81 83/83/83 84/84/84
f 85/85/85 86/86/86 87/87/87
f 85/85/85 87/87/87 88/88/88
f 89/89/89 90/90/90 91/91/91
f 89/89/89 91/91/91 92/92/92
f 93/93/93 94/94/94 95/95/95
f 93/93/93 95/95/95 96/96/96
f 97/97/97 98/98/98 99/99/99
f 97/97/97 99/99/99 100/100/100
f 101/101/101 102/102/102 103/103/103
f 101/101/101 103/103/103 104/104/104
f 105/105/105 106/106/106 107/107/107
f 105/105/105 107/107/107 108/108/108
f 109/109/109 110/110/110 111/111/111
f 109/109/109 111/111/111 112/112/112
f 113/113/113 114/114/114 115/115/115
f 113/113/113 115/115/115 116/116/116
f 117/117/117 118/118/118 119/119/119
f 117/117/117 119/119/119 120/120/120
f 121/121/121 122/122/122 123/123/123
f 121/121/121 123/123/123 124/124/124
f 125/125/125 126/126/126 127/127/127
f 125/125/125 127/127/127 128/128/128
f 129/129/129 130/130/130 131/131/131
f 129/129/129 131/131/131 132/132/132
f 133/133/133 134/134/134 135/135/135
f 133/133/133 135/135/135 136/136/136
f 137/137/137 138/138/138 139/139/139
f 137/137/137 139/139/139 140/140/140
f 141/141/141 142/142/142 143/143/143
f 141/141/141 143/143/143 144/144/144
f 145/145/145 146/146/146 147/147/147
f 145/145/145 147/147/147 148/148/148
f 149/149/149 150/150/150 151/151/151
f 149/149/149 151/151/151 152/152/152
f 153/153/153 154/154/154 155/155/155
f 153/153/153 155/155/155 156/156/156
f 157/157/157 158/158/158 159/159/159
f 157/157/157 159/159/159 160/160/160
f 161/161/161 162/162/162 163/163/163
f 161/161/161 163/163/163 164/164/164
f 165/165/165 166/166/166 167/167/167
f 165/165/165 167/167/167 168/168/168
f 169/169/169 170/170/170 171/171/171
f 169/169/169 171/171/171 172/172/172
f 173/173/173 174/174/174 175/175/175
f 173/173/173 175/175/175 176/176/176
f 177/177/177 178/178/178 179/179/179
f 177/177/177 179/179/179 180/180/180
f 181/181/181 182/182/182 183/183/183
f 181/181/181 183/183/183 184/184/184
f 185/185/185 186/186/186 187/187/187
f 185/185/185 187/187/187 188/188/188
f 189/189/189 190/190/190 191/191/191
f 189/189/189 191/191/191 192/192/192
f 193/193/193 194/194/194 195/195/195
f 193/193/193 195/195/195 196/196/196
f 197/197/197 198/198/198 199/199/199
f 197/197/197 199/199/199 200/200/200
f 201/201/201 202/202/202 203/203/203
f 201/201/201 203/203/203 204/204/204
f 205/205/205 206/206/206 207/207/207
f 205/205/205 207/207/207 208/208/208
f 209/209/209 210/210/210 211/211/211
f 209/209/209 211/211/211 212/212/212
f 213/213/213 214/214/214 215/215/215
f 213/213/213 215/215/215 216/216/216
f 217/217/217 218/218/218 219/219/219
f 217/217/217 219/219/219 220/220/220
f 221/221/221 222/222/222 223/223/223
f 221/221/221 223/223/223 224/224/224
f 225/225/225 226/226/226 227/227/227
f 225/225/225 227/227/227 228/228/228
f 229/229/229 230/230/230 231/231/231
f 229/229/229 231/231/231 232/232/232
f 233/233/233 234/234/234 235/235/235
f 233/233/233 235/235/235 236/236/236
f 237/237/237 238/238/238 239/239/239
f 237/237/237 239/239/239 240/240/240
f 241/241/241 242/242/242 243/243/243
f 241/241/241 243/243/243 244/244/244
f 245/245/245 246/246/246 247/247/247
f 245/245/245 247/247/247 248/248/248
f 249/249/249 250/250/250 251/251/251
f 249/249/249 251/251/251 252/252/252
f 253/253/253 254/254/254 255/255/255
f 253/253/253 255/255/255 256/256/256
f 257/257/257 258/258/258 259/259/259
f 257/257/257 259/259/259 260/260/260
f 261/261/261 262/262/262 263/263/263
f 261/261/261 263/263/263 264/264/264
f 265/265/265 266/266/266 267/267/267
f 265/265/265 267/267/267 268/268/268
f 269/269/269 270/270/270 271/271/271
f 269/269/269 271/271/271 272/272/272
f 273/273/273 274/274/274 275/275/275
f 273/273/273 275/275/275 276/276/276
f 277/277/277 278/278/278 279/279/279
f 277/277/277 279/279/279 280/280/280
f 281/281/281 282/282/282 283/283/283
f 281/281/281 283/283/283 284/284/284
f 285/285/285 286/286/286 287/287/287
f 285/285/285 287/287/287 288/288/288
f 289/289/289 290/290/290 291/291/291
f 289/289/289 291/291/291 292/292/292
f 293/293/293 294/294/294 295/295/295
f 293/293/293 295/295/295 296/296/296
f 297/297/297 298/298/298 299/299/299
f 297/297/297 299/299/299 300/300/300
f 301/301/301 302/302/302 303/303/303
f 301/301/301 303/303/303 304/304/304
f 305/305/305 306/306/306 307/307/307
f 305/305/305 307/307/307 308/308/308
f 309/309/309 310/310/310 311/311/311
f 309/309/309 311/311/311 312/312/312
f 313/313/313 314/314/314 315/315/315
f 313/313/313 315/315/315 316/316/316
f 317/317/317 318/318/318 319/319/319
f 317/317/317 319/319/319 320/320/320
f 321/321/321 322/322/322 323/323/323
f 321/321/321 323/323/323 324/324/324
f 325/325/325 326/326/326 327/327/327
f 325/325/325 327/327/327 328/328/328
f 329/329/329 330/330/330 331/331/331
f 329/329/329 331/331/331 332/332/332
f 333/333/333 334/334/334 335/335/335
f 333/333/333 335/335/335 336/336/336
f 337/337/337 338/338/338 339/339/339
f 337/337/337 339/339/339 340/340/340
f 341/341/341 342/342/342 343/343/343
f 341/341/341 343/343/343 344/344/344
f 345/345/345 346/346/346 347/347/347
f 345/345/345 347/347/347 348/348/348
f 349/349/349 350/350/350 351/351/351
f 349/349/349 351/351/351 352/352/352
f 353/353/353 354/354/354 355/355/355
f 353/353/353 355/355/355 356/356/356
f 357/357/357 358/358/358 359/359/359
f 357/357/357 359/359/359 360/360/360
f 361/361/361 362/362/362 363/363/363
f 361/361/361 363/363/363 364/364/364
f 365/365/365 366/366/366 367/367/367
f 365/365/365 367/367/367 368/368/368
f 369/369/369 370/370/370 371/371/371
f 369/369/369 371/371/371 372/372/372
f 373/373/373 374/374/374 375/375/375
f 373/373/373 375/375/375 376/376/376
f 377/377/377 378/378/378 379/379/379
f 377/377/377 379/379/379 380/380/380
f 381/381/381 382/382/382 383/383/383
f 381/381/381 383/383/383 384/384/384
f 385/385/385 386/386/386 387/387/387
f 385/385/385 387/387/387 388/388/388
f 389/389/389 390/390/390 391/391/391
f 389/389/389 391/391/391 392/392/392
f 393/393/393 394/394/394 395/395/395
f 393/393/393 395/395/395 396/396/396
f 397/397/397 398/398/398 399/399/399
f 397/397/397 399/399/399 400/400/400
f 401/401/401 402/402/402 403/403/403
f 401/401/401 403/403/403 404/404/404
f 405/405/405 406/406/406 407/407/407
f 405/405/405 407/407/407 408/408/408
f 409/409/409 410/410/410 411/411/411
f 409/409/409 411/411/411 412/412/412
f 413/413/413 414/414/414 415/415/415
f 413/413/413 415/415/415 416/416/416
f 417/417/417 418/418/418 419/419/419
f 417/417/417 419/419/419 420/420/420
f 421/421/421 422/422/422 423/423/423
f 421/421/421 423/423/423 424/424/424
f 425/425/425 426/426/426 427/427/427
f 425/425/425 427/427/427 428/428/428
f 429/429/429 430/430/430 431/431/431
f 429/429/429 431/431/431 432/432/432
f 433/433/433 434/434/434 435/435/435
f 433/433/433 435/435/435 436/436/436
f 437/437/437 438/438/438 439/439/439
f 437/437/437 439/439/439 440/440/440
f 441/441/441 442/442/442 443/443/443
f 441/441/441 443/443/443 444/444/444
f 445/445/445 446/446/446 447/447/447
f 445/445/445 447/447/447 448/448/448
f 449/449/449 450/450/450 451/451/451
f 449/449/449 451/451/451 452/452/452
f 453/453/453 454/454/454 455/455/455
f 453/453/453 455/455/455 456/456/456
f 457/457/457 458/458/458 459/459/459
f 457/457/457 459/459/459 460/460/460
f 461/461/461 462/462/462 463/463/463
f 461/461/461 463/463/463 464/464/464
f 465/465/465 466/466/466 467/467/467
f 465/465/465 467/467/467 468/468/468
f 469/469/469 470/470/470 471/471/471
f 469/469/469 471/471/471 472/472/472
f 473/473/473 474/474/474 475/475/475
f 473/473/473 475/475/475 476/476/476
f 477/477/477 478/478/478 479/479/479
f 477/477/477 479/479/479 480/480/480
f 481/481/481 482/482/482 483/483/483
f 481/481/481 483/483/483 484/484/484
f 485/485/485 486/486/486 487/487/487
f 485/485/485 487/487/487 488/488/488
f 489/489/489 490/490/490 491/491/491
f 489/489/489 491/491/491 492/492/492
f 493/493/493 494/494/494 495/495/495
f 493/493/493 495/495/495 496/496/496
f 497/497/497 498/498/498 499/499/499
f 497/497/497 499/499/499 500/500/500
f 501/501/501 502/502/502 503/503/503
f 501/501/501 503/503/503 504/504/504
f 505/505/505 506/506/506 507/507/507
f 505/505/505 507/507/507 508/508/508
f 509/509/509 510/510/510 511/511/511
f 509/509/509 511/511/511 512/512/512
f 513/513/513 514/514/514 515/515/515
f 513/513/513 515/515/515 516/516/516
f 517/517/517 518/518/518 519/519/519
f 517/517/517 519/519/519 520/520/520
f 521/521/521 522/522/522 523/523/523
f 521/521/521 523/523/523 524/524/524
f 525/525/525 526/526/526 527/527/527
f 525/525/525 527/527/527 528/528/528
f 529/529/529 530/530/530 531/531/531
f 529/529/529 531/531/531 532/532/532
f 533/533/533 534/534/534 535/535/535
f 533/533/533 535/535/535 536/536/536
f 537/537/537 538/538/538 539/539/539
f 537/537/537 539/539/539 540/540/540
f 541/541/541 542/542/542 543/543/543
f 541/541/541 543/543/543 544/544/544
f 545/545/545 546/546/546 547/547/547
f 545/545/545 547/547/547 548/548/548
f 549/549/549 550/550/550 551/551/551
f 549/549/549 551/551/551 552/552/552
f 553/553/553 554/554/554 555/555/555
f 553/553/553 555/555/555 556/556/556
f 557/557/557 558/558/558 559/559/559
f 557/557/557 559/559/559 560/560/560
f 561/561/561 562/562/562 563/563/563
f 561/561/561 563/563/563 564/564/564
f 563/563/563 565/565/565 564/564/564
f 563/563/563 566/566/566 565/565/565
f 565/565/565 566/566/566 567/567/567
f 565/565/565 567/567/567 568/568/568
f 569/569/569 570/570/570 571/571/571
f 569/569/569 571/571/571 572/572/572
f 569/569/569 572/572/572 573/573/573
f 569/569/569 573/573/573 574/574/574
f 575/575/575 576/576/576 577/577/577
f 575/575/575 577/577/577 578/578/578
f 579/579/579 575/575/575 578/578/578
f 579/579/579 580/580/580 575/575/575
f 581/581/581 580/580/580 579/579/579
f 581/581/581 579/579/579 582/582/582
f 583/583/583 584/584/584 585/585/585
f 583/583/583 585/585/585 586/586/586
f 585/585/585 587/587/587 586/586/586
f 585/585/585 588/588/588 587/587/587
f 589/589/589 590/590/590 591/591/591
f 592/592/592 590/590/590 589/589/589
f 593/593/593 590/590/590 592/592/592
f 591/591/591 590/590/590 594/594/594
f 591/591/591 594/594/594 595/595/595
f 595/595/595 594/594/594 596/596/596
f 597/597/597 598/598/598 599/599/599
f 597/597/597 599/599/599 600/600/600
f 601/601/601 597/597/597 600/600/600
f 601/601/601 600/600/600 602/602/602
f 598/598/598 603/603/603 599/599/599
f 598/598/598 604/604/604 603/603/603
f 605/605/605 606/606/606 607/607/607
f 605/605/605 607/607/607 608/608/608
f 609/609/609 606/606/606 605/605/605
f 609/609/609 610/610/610 606/606/606
f 610/610/610 609/609/609 611/611/611
f 610/610/610 611/611/611 612/612/612
f 613/613/613 614/614/614 615/615/615
f 613/613/613 615/615/615 616/616/616
f 617/617/617 618/618/618 619/619/619
f 617/617/617 619/619/619 620/620/620
f 620/620/620 619/619/619 621/621/621
f 620/620/620 621/621/621 622/622/622
f 623/623/623 624/624/624 625/625/625
f 623/623/623 625/625/625 626/626/626
f 627/627/627 628/628/628 629/629/629
f 628/628/628 627/627/627 630/630/630
f 630/630/630 627/627/627 631/631/631
f 631/631/631 627/627/627 632/632/632
f 629/629/629 628/628/628 633/633/633
f 629/629/629 633/633/633 634/634/634
f 635/635/635 636/636/636 637/637/637
f 635/635/635 637/637/637 638/638/638
f 639/639/639 640/640/640 641/641/641
f 639/639/639 641/641/641 642/642/642
f 643/643/643 644/644/644 645/645/645
f 643/643/643 645/645/645 646/646/646
f 647/647/647 643/643/643 646/646/646
f 647/647/647 646/646/646 648/648/648
f 649/649/649 647/647/647 648/648/648
f 644/644/644 650/650/650 645/645/645
f 644/644/644 651/651/651 650/650/650
f 650/650/650 651/651/651 652/652/652
f 650/650/650 652/652/652 653/653/653
f 649/649/649 648/648/648 654/654/654
f 655/655/655 649/649/649 654/654/654
f 655/655/655 656/656/656 649/649/649
f 657/657/657 656/656/656 655/655/655
f 657/657/657 658/658/658 656/656/656
f 659/659/659 658/658/658 657/657/657
f 659/659/659 660/660/660 658/658/658
f 661/661/661 662/662/662 663/663/663
f 661/661/661 663/663/663 664/664/664
f 662/662/662 665/665/665 663/663/663
f 662/662/662 666/666/666 665/665/665
f 667/667/667 665/665/665 666/666/666
f 667/667/667 666/666/666 668/668/668
f 667/667/667 668/668/668 669/669/669
f 667/667/667 669/669/669 670/670/670
f 671/671/671 670/670/670 669/669/669
f 671/671/671 672/672/672 670/670/670
f 672/672/672 671/671/671 673/673/673
f 672/672/672 673/673/673 674/674/674
f 675/675/675 674/674/674 673/673/673
f 675/675/675 676/676/676 674/674/674
f 676/676/676 675/675/675 677/677/677
f 676/676/676 677/677/677 678/678/678
f 679/679/679 680/680/680 681/681/681
f 679/679/679 681/681/681 682/682/682
f 682/682/682 681/681/681 683/683/683
f 682/682/682 683/683/683 684/684/684
f 685/685/685 684/684/684 683/683/683
f 685/685/685 686/686/686 684/684/684
f 686/686/686 685/685/685 687/687/687
f 686/686/686 687/687/687 688/688/688
f 689/689/689 688/688/688 687/687/687
f 689/689/689 690/690/690 688/688/688
f 690/690/690 689/689/689 691/691/691
f 690/690/690 691/691/691 692/692/692
f 693/693/693 694/694/694 695/695/695
f 693/693/693 695/695/695 696/696/696
f 696/696/696 695/695/695 697/697/697
f 696/696/696 697/697/697 698/698/698
f 699/699/699 698/698/698 697/697/697
f 699/699/699 700/700/700 698/698/698
f 700/700/700 699/699/699 701/701/701
f 700/700/700 701/701/701 702/702/702
f 703/703/703 702/702/702 701/701/701
f 703/703/703 704/704/704 702/702/702
f 704/704/704 703/703/703 705/705/705
f 704/704/704 705/705/705 706/706/706
f 707/707/707 708/708/708 709/709/709
f 707/707/707 709/709/709 710/710/710
f 711/711/711 712/712/712 713/713/713
f 712/712/712 711/711/711 714/714/714
f 711/711/711 713/713/713 715/715/715
f 712/712/712 714/714/714 716/716/716
f 717/717/717 718/718/718 719/719/719
f 718/718/718 717/717/717 720/720/720
f 717/717/717 719/719/719 721/721/721
f 718/718/718 720/720/720 722/722/722
f 723/723/723 724/724/724 725/725/725
f 723/723/723 725/725/725 726/726/726
f 725/725/725 724/724/724 727/727/727
f 727/727/727 724/724/724 728/728/728
f 728/728/728 724/724/724 729/729/729
f 730/730/730 724/724/724 723/723/723
f 730/730/730 723/723/723 731/731/731
f 732/732/732 724/724/724 730/730/730
f 733/733/733 724/724/724 732/732/732
f 724/724/724 733/733/733 734/734/734
f 735/735/735 736/736/736 737/737/737
f 735/735/735 737/737/737 738/738/738
f 739/739/739 736/736/736 735/735/735
f 739/739/739 740/740/740 736/736/736
f 741/741/741 742/742/742 743/743/743
f 741/741/741 743/743/743 744/744/744
f 745/745/745 742/742/742 741/741/741
f 745/745/745 746/746/746 742/742/742
f 747/747/747 746/746/746 745/745/745
f 747/747/747 748/748/748 746/746/746
f 749/749/749 750/750/750 751/751/751
f 749/749/749 751/751/751 752/752/752
f 753/753/753 750/750/750 749/749/749
f 753/753/753 754/754/754 750/750/750
f 755/755/755 754/754/754 753/753/753
f 755/755/755 756/756/756 754/754/754
f 757/757/757 756/756/756 755/755/755
f 757/757/757 758/758/758 756/756/756
f 759/759/759 760/760/760 761/761/761
f 760/760/760 759/759/759 762/762/762
f 762/762/762 759/759/759 763/763/763
f 763/763/763 759/759/759 764/764/764
f 759/759/759 761/761/761 765/765/765
f 759/759/759 765/765/765 766/766/766
f 765/765/765 761/761/761 767/767/767
f 761/761/761 760/760/760 768/768/768
f 761/761/761 768/768/768 769/769/769
f 768/768/768 760/760/760 770/770/770
f 771/771/771 772/772/772 773/773/773
f 771/771/771 773/773/773 774/774/774
f 774/774/774 773/773/773 775/775/775
f 774/774/774 775/775/775 776/776/776
f 777/777/777 772/772/772 771/771/771
f 777/777/777 778/778/778 772/772/772
f 779/779/779 780/780/780 781/781/781
f 779/779/779 781/781/781 782/782/782
f 783/783/783 784/784/784 785/785/785
f 783/783/783 785/785/785 786/786/786
f 786/786/786 785/785/785 787/787/787
f 786/786/786 787/787/787 788/788/788
f 788/788/788 787/787/787 789/789/789
f 788/788/788 789/789/789 790/790/790
f 790/790/790 789/789/789 791/791/791
f 790/790/790 791/791/791 792/792/792
f 793/793/793 792/792/792 791/791/791
f 793/793/793 791/791/791 794/794/794
f 795/795/795 793/793/793 794/794/794
f 795/795/795 796/796/796 793/793/793
f 797/797/797 798/798/798 799/799/799
f 797/797/797 799/799/799 800/800/800
f 800/800/800 799/799/799 801/801/801
f 800/800/800 801/801/801 802/802/802
f 802/802/802 801/801/801 803/803/803
f 802/802/802 803/803/803 804/804/804
f 805/805/805 806/806/806 807/807/807
f 808/808/808 806/806/806 805/805/805
f 809/809/809 806/806/806 808/808/808
f 810/810/810 809/809/809 808/808/808
f 809/809/809 810/810/810 811/811/811
f 812/812/812 811/811/811 810/810/810
f 811/811/811 812/812/812 813/813/813
f 814/814/814 813/813/813 812/812/812
f 805/805/805 807/807/807 815/815/815
f 805/805/805 815/815/815 816/816/816
f 816/816/816 815/815/815 817/817/817
f 814/814/814 818/818/818 813/813/813
f 819/819/819 818/818/818 814/814/814
f 820/820/820 818/818/818 819/819/819
f 821/821/821 816/816/816 817/817/817
f 822/822/822 816/816/816 821/821/821
f 816/816/816 822/822/822 823/823/823
f 822/822/822 824/824/824 823/823/823
f 824/824/824 825/825/825 823/823/823
f 820/820/820 825/825/825 818/818/818
f 826/826/826 825/825/825 820/820/820
f 823/823/823 825/825/825 826/826/826
f 827/827/827 828/828/828 829/829/829
f 830/830/830 828/828/828 827/827/827
f 831/831/831 828/828/828 830/830/830
f 832/832/832 828/828/828 831/831/831
f 833/833/833 832/832/832 831/831/831
f 834/834/834 832/832/832 833/833/833
f 835/835/835 832/832/832 834/834/834
f 827/827/827 829/829/829 836/836/836
f 827/827/827 836/836/836 837/837/837
f 837/837/837 836/836/836 838/838/838
f 837/837/837 838/838/838 839/839/839
f 840/840/840 835/835/835 834/834/834
f 840/840/840 841/841/841 835/835/835
f 842/842/842 841/841/841 840/840/840
f 843/843/843 841/841/841 842/842/842
f 844/844/844 843/843/843 842/842/842
f 839/839/839 845/845/845 837/837/837
f 837/837/837 845/845/845 846/846/846
f 846/846/846 847/847/847 844/844/844
f 844/844/844 847/847/847 843/843/843
f 847/847/847 846/846/846 848/848/848
f 848/848/848 846/846/846 845/845/845
f 849/849/849 850/850/850 851/851/851
f 849/849/849 851/851/851 852/852/852
f 852/852/852 851/851/851 853/853/853
f 852/852/852 853/853/853 854/854/854
f 854/854/854 853/853/853 855/855/855
f 854/854/854 855/855/855 856/856/856
f 857/857/857 858/858/858 859/859/859
f 859/859/859 858/858/858 860/860/860
f 857/857/857 859/859/859 861/861/861
f 862/862/862 857/857/857 861/861/861
f 862/862/862 863/863/863 857/857/857
f 859/859/859 860/860/860 864/864/864
f 864/864/864 860/860/860 865/865/865
f 864/864/864 865/865/865 866/866/866
f 867/867/867 868/868/868 869/869/869
f 870/870/870 868/868/868 867/867/867
f 867/867/867 869/869/869 871/871/871
f 870/870/870 867/867/867 872/872/872
f 873/873/873 870/870/870 872/872/872
f 873/873/873 874/874/874 870/870/870
f 875/875/875 876/876/876 877/877/877
f 875/875/875 877/877/877 878/878/878
f 878/878/878 877/877/877 879/879/879
f 878/878/878 879/879/879 880/880/880
f 881/881/881 882/882/882 883/883/883
f 881/881/881 883/883/883 884/884/884
f 885/885/885 882/882/882 881/881/881
f 885/885/885 886/886/886 882/882/882
f 885/885/885 887/887/887 886/886/886
f 885/885/885 888/888/888 887/887/887
f 889/889/889 890/890/890 891/891/891
f 889/889/889 891/891/891 892/892/892
f 889/889/889 893/893/893 890/890/890
f 889/889/889 894/894/894 893/893/893
f 894/894/894 895/895/895 893/893/893
f 894/894/894 896/896/896 895/895/895
f 897/897/897 898/898/898 899/899/899
f 897/897/897 899/899/899 900/900/900
f 901/901/901 902/902/902 903/903/903
f 901/901/901 903/903/903 904/904/904
f 905/905/905 901/901/901 904/904/904
f 905/905/905 904/904/904 906/906/906
f 907/907/907 905/905/905 906/906/906
f 907/907/907 908/908/908 905/905/905
f 909/909/909 910/910/910 911/911/911
f 909/909/909 911/911/911 912/912/912
f 913/913/913 910/910/910 909/909/909
f 913/913/913 914/914/914 910/910/910
f 915/915/915 914/914/914 913/913/913
f 915/915/915 913/913/913 916/916/916
f 917/917/917 918/918/918 919/919/919
f 917/917/917 919/919/919 920/920/920
f 921/921/921 922/922/922 923/923/923
f 921/921/921 923/923/923 924/924/924
f 925/925/925 921/921/921 924/924/924
f 925/925/925 924/924/924 926/926/926
f 925/925/925 926/926/926 927/927/927
f 925/925/925 927/927/927 928/928/928
f 929/929/929 928/928/928 927/927/927
f 929/929/929 927/927/927 930/930/930
f 931/931/931 923/923/923 922/922/922
f 931/931/931 932/932/932 923/923/923
f 933/933/933 932/932/932 931/931/931
f 933/933/933 934/934/934 932/932/932
f 933/933/933 935/935/935 934/934/934
f 933/933/933 936/936/936 935/935/935
f 937/937/937 938/938/938 939/939/939
f 937/937/937 939/939/939 940/940/940
f 940/940/940 939/939/939 941/941/941
f 937/937/937 942/942/942 938/938/938
f 937/937/937 943/943/943 942/942/942
f 940/940/940 941/941/941 944/944/944
f 945/945/945 944/944/944 941/941/941
f 946/946/946 942/942/942 943/943/943
f 946/946/946 947/947/947 942/942/942
f 945/945/945 941/941/941 948/948/948
f 949/949/949 945/945/945 948/948/948
f 949/949/949 948/948/948 950/950/950
f 949/949/949 950/950/950 951/951/951
f 949/949/949 951/951/951 952/952/952
f 953/953/953 954/954/954 955/955/955
f 953/953/953 955/955/955 956/956/956
f 957/957/957 958/958/958 959/959/959
f 957/957/957 959/959/959 960/960/960
f 961/961/961 962/962/962 963/963/963
f 961/961/961 963/963/963 964/964/964
f 965/965/965 966/966/966 967/967/967
f 968/968/968 966/966/966 965/965/965
f 969/969/969 966/966/966 968/968/968
f 965/965/965 967/967/967 970/970/970
f 971/971/971 972/972/972 973/973/973
f 971/971/971 973/973/973 974/974/974
f 975/975/975 976/976/976 977/977/977
f 975/975/975 977/977/977 978/978/978
f 979/979/979 980/980/980 981/981/981
f 979/979/979 981/981/981 982/982/982
f 983/983/983 984/984/984 985/985/985
f 986/986/986 984/984/984 983/983/983
f 984/984/984 986/986/986 987/987/987
f 987/987/987 986/986/986 988/988/988
f 989/989/989 990/990/990 991/991/991
f 989/989/989 991/991/991 992/992/992
f 993/993/993 994/994/994 995/995/995
f 996/996/996 994/994/994 993/993/993
f 997/997/997 994/994/994 996/996/996
f 994/994/994 997/997/997 998/998/998
f 993/993/993 995/995/995 999/999/999
f 999/999/999 995/995/995 1000/1000/1000
f 1000/1000/1000 995/995/995 1001/1001/1001
f 1001/1001/1001 995/995/995 1002/1002/1002
f 1000/1000/1000 1001/1001/1001 1003/1003/1003
f 1001/1001/1001 1002/1002/1002 1003/1003/1003
f 1003/1003/1003 1002/1002/1002 1004/1004/1004
f 995/995/995 994/994/994 1005/1005/1005
f 1005/1005/1005 994/994/994 1006/1006/1006
f 1006/1006/1006 994/994/994 1007/1007/1007
f 1003/1003/1003 1004/1004/1004 1008/1008/1008
f 1009/1009/1009 1003/1003/1003 1008/1008/1008
f 1000/1000/1000 1003/1003/1003 1009/1009/1009
f 1000/1000/1000 1009/1009/1009 1010/1010/1010
f 1000/1000/1000 1010/1010/1010 999/999/999
f 999/999/999 1010/1010/1010 1011/1011/1011
f 1010/1010/1010 1012/1012/1012 1011/1011/1011
f 1010/1010/1010 1013/1013/1013 1012/1012/1012
f 1009/1009/1009 1013/1013/1013 1010/1010/1010
f 1009/1009/1009 1014/1014/1014 1013/1013/1013
f 1009/1009/1009 1008/1008/1008 1014/1014/1014
f 999/999/999 1011/1011/1011 993/993/993
f 1015/1015/1015 1016/1016/1016 1017/1017/1017
f 1016/1016/1016 1015/1015/1015 1018/1018/1018
f 1018/1018/1018 1015/1015/1015 1019/1019/1019
f 1019/1019/1019 1015/1015/1015 1020/1020/1020
f 1015/1015/1015 1017/1017/1017 1021/1021/1021
f 1021/1021/1021 1017/1017/1017 1022/1022/1022
f 1022/1022/1022 1017/1017/1017 1023/1023/1023
f 1024/1024/1024 1017/1017/1017 1016/1016/1016
f 1025/1025/1025 1017/1017/1017 1024/1024/1024
f 1017/1017/1017 1025/1025/1025 1026/1026/1026
f 1017/1017/1017 1026/1026/1026 1027/1027/1027
f 1026/1026/1026 1025/1025/1025 1028/1028/1028
f 1026/1026/1026 1028/1028/1028 1027/1027/1027
f 1027/1027/1027 1028/1028/1028 1029/1029/1029
f 1017/1017/1017 1027/1027/1027 1030/1030/1030
f 1030/1030/1030 1027/1027/1027 1031/1031/1031
f 1027/1027/1027 1029/1029/1029 1031/1031/1031
f 1017/1017/1017 1030/1030/1030 1032/1032/1032
f 1017/1017/1017 1032/1032/1032 1023/1023/1023
f 1023/1023/1023 1032/1032/1032 1033/1033/1033
f 1023/1023/1023 1033/1033/1033 1022/1022/1022
f 1030/1030/1030 1031/1031/1031 1034/1034/1034
f 1030/1030/1030 1034/1034/1034 1035/1035/1035
f 1030/1030/1030 1035/1035/1035 1032/1032/1032
f 1032/1032/1032 1035/1035/1035 1036/1036/1036
f 1032/1032/1032 1036/1036/1036 1033/1033/1033
f 1037/1037/1037 1038/1038/1038 1039/1039/1039
f 1039/1039/1039 1038/1038/1038 1040/1040/1040
f 1037/1037/1037 1039/1039/1039 1041/1041/1041
f 1042/1042/1042 1037/1037/1037 1041/1041/1041
f 1039/1039/1039 1040/1040/1040 1043/1043/1043
f 1040/1040/1040 1044/1044/1044 1043/1043/1043
f 1040/1040/1040 1045/1045/1045 1044/1044/1044
f 1042/1042/1042 1041/1041/1041 1046/1046/1046
f 1045/1045/1045 1047/1047/1047 1044/1044/1044
f 1045/1045/1045 1048/1048/1048 1047/1047/1047
f 1048/1048/1048 1049/1049/1049 1047/1047/1047
f 1048/1048/1048 1050/1050/1050 1049/1049/1049
f 1051/1051/1051 1052/1052/1052 1053/1053/1053
f 1051/1051/1051 1053/1053/1053 1054/1054/1054
f 1055/1055/1055 1051/1051/1051 1054/1054/1054
f 1055/1055/1055 1054/1054/1054 1056/1056/1056
f 1057/1057/1057 1055/1055/1055 1056/1056/1056
f 1057/1057/1057 1058/1058/1058 1055/1055/1055
f 1059/1059/1059 1060/1060/1060 1061/1061/1061
f 1060/1060/1060 1059/1059/1059 1062/1062/1062
f 1059/1059/1059 1061/1061/1061 1063/1063/1063
f 1063/1063/1063 1061/1061/1061 1064/1064/1064
f 1063/1063/1063 1064/1064/1064 1065/1065/1065
f 1060/1060/1060 1062/1062/1062 1066/1066/1066
f 1066/1066/1066 1062/1062/1062 1067/1067/1067
f 1066/1066/1066 1067/1067/1067 1068/1068/1068
f 1069/1069/1069 1068/1068/1068 1067/1067/1067
f 1069/1069/1069 1070/1070/1070 1068/1068/1068
f 1071/1071/1071 1072/1072/1072 1073/1073/1073
f 1071/1071/1071 1073/1073/1073 1074/1074/1074
f 1073/1073/1073 1075/1075/1075 1074/1074/1074
f 1073/1073/1073 1076/1076/1076 1075/1075/1075
f 1077/1077/1077 1078/1078/1078 1079/1079/1079
f 1077/1077/1077 1079/1079/1079 1080/1080/1080
f 1077/1077/1077 1080/1080/1080 1081/1081/1081
f 1077/1077/1077 1081/1081/1081 1082/1082/1082
f 1080/1080/1080 1083/1083/1083 1081/1081/1081
f 1084/1084/1084 1083/1083/1083 1080/1080/1080
f 1084/1084/1084 1085/1085/1085 1083/1083/1083
f 1083/1083/1083 1085/1085/1085 1086/1086/1086
f 1087/1087/1087 1086/1086/1086 1085/1085/1085
f 1088/1088/1088 1086/1086/1086 1087/1087/1087
f 1088/1088/1088 1087/1087/1087 1089/1089/1089
f 1089/1089/1089 1087/1087/1087 1090/1090/1090
f 1089/1089/1089 1090/1090/1090 1091/1091/1091
f 1088/1088/1088 1089/1089/1089 1092/1092/1092
f 1093/1093/1093 1094/1094/1094 1095/1095/1095
f 1093/1093/1093 1095/1095/1095 1096/1096/1096
f 1094/1094/1094 1097/1097/1097 1095/1095/1095
f 1094/1094/1094 1098/1098/1098 1097/1097/1097
f 1096/1096/1096 1099/1099/1099 1093/1093/1093
f 1096/1096/1096 1100/1100/1100 1099/1099/1099
f 1101/1101/1101 1099/1099/1099 1100/1100/1100
f 1101/1101/1101 1100/1100/1100 1102/1102/1102
f 1103/1103/1103 1104/1104/1104 1105/1105/1105
f 1104/1104/1104 1103/1103/1103 1106/1106/1106
f 1107/1107/1107 1106/1106/1106 1103/1103/1103
f 1103/1103/1103 1105/1105/1105 1108/1108/1108
f 1109/1109/1109 1103/1103/1103 1108/1108/1108
f 1107/1107/1107 1103/1103/1103 1109/1109/1109
f 1109/1109/1109 1108/1108/1108 1110/1110/1110
f 1104/1104/1104 1106/1106/1106 1111/1111/1111
f 1109/1109/1109 1112/1112/1112 1107/1107/1107
f 1109/1109/1109 1113/1113/1113 1112/1112/1112
f 1110/1110/1110 1113/1113/1113 1109/1109/1109
f 1114/1114/1114 1112/1112/1112 1113/1113/1113
f 1110/1110/1110 1115/1115/1115 1113/1113/1113
f 1116/1116/1116 1113/1113/1113 1115/1115/1115
f 1114/1114/1114 1113/1113/1113 1116/1116/1116
f 1116/1116/1116 1115/1115/1115 1117/1117/1117
f 1118/1118/1118 1119/1119/1119 1120/1120/1120
f 1118/1118/1118 1120/1120/1120 1121/1121/1121
f 1118/1118/1118 1121/1121/1121 1122/1122/1122
f 1118/1118/1118 1122/1122/1122 1123/1123/1123
f 1119/1119/1119 1124/1124/1124 1120/1120/1120
f 1119/1119/1119 1125/1125/1125 1124/1124/1124
f 1125/1125/1125 1126/1126/1126 1124/1124/1124
f 1125/1125/1125 1127/1127/1127 1126/1126/1126
f 1128/1128/1128 1127/1127/1127 1125/1125/1125
f 1129/1129/1129 1118/1118/1118 1123/1123/1123
f 1129/1129/1129 1130/1130/1130 1118/1118/1118
f 1130/1130/1130 1119/1119/1119 1118/1118/1118
f 1130/1130/1130 1131/1131/1131 1119/1119/1119
f 1131/1131/1131 1125/1125/1125 1119/1119/1119
f 1131/1131/1131 1132/1132/1132 1125/1125/1125
f 1128/1128/1128 1125/1125/1125 1132/1132/1132
f 1123/1123/1123 1133/1133/1133 1129/1129/1129
f 1134/1134/1134 1133/1133/1133 1123/1123/1123
f 1134/1134/1134 1135/1135/1135 1133/1133/1133
f 1136/1136/1136 1135/1135/1135 1134/1134/1134
f 1137/1137/1137 1135/1135/1135 1136/1136/1136
f 1138/1138/1138 1135/1135/1135 1137/1137/1137
f 1139/1139/1139 1138/1138/1138 1137/1137/1137
f 1139/1139/1139 1140/1140/1140 1138/1138/1138
f 1139/1139/1139 1137/1137/1137 1141/1141/1141
f 1139/1139/1139 1142/1142/1142 1140/1140/1140
f 1139/1139/1139 1143/1143/1143 1142/1142/1142
f 1143/1143/1143 1139/1139/1139 1144/1144/1144
f 1139/1139/1139 1141/1141/1141 1144/1144/1144
f 1143/1143/1143 1145/1145/1145 1142/1142/1142
f 1143/1143/1143 1146/1146/1146 1145/1145/1145
f 1146/1146/1146 1147/1147/1147 1145/1145/1145
f 1146/1146/1146 1143/1143/1143 1148/1148/1148
f 1143/1143/1143 1144/1144/1144 1148/1148/1148
f 1149/1149/1149 1147/1147/1147 1146/1146/1146
f 1150/1150/1150 1147/1147/1147 1149/1149/1149
f 1146/1146/1146 1151/1151/1151 1149/1149/1149
f 1146/1146/1146 1152/1152/1152 1151/1151/1151
f 1146/1146/1146 1148/1148/1148 1152/1152/1152
f 1153/1153/1153 1154/1154/1154 1155/1155/1155
f 1154/1154/1154 1153/1153/1153 1156/1156/1156
f 1153/1153/1153 1155/1155/1155 1157/1157/1157
f 1157/1157/1157 1155/1155/1155 1158/1158/1158
f 1159/1159/1159 1153/1153/1153 1157/1157/1157
f 1153/1153/1153 1159/1159/1159 1160/1160/1160
f 1153/1153/1153 1160/1160/1160 1156/1156/1156
f 1157/1157/1157 1158/1158/1158 1161/1161/1161
f 1162/1162/1162 1157/1157/1157 1161/1161/1161
f 1159/1159/1159 1157/1157/1157 1162/1162/1162
f 1162/1162/1162 1161/1161/1161 1163/1163/1163
f 1163/1163/1163 1164/1164/1164 1162/1162/1162
f 1163/1163/1163 1165/1165/1165 1164/1164/1164
f 1162/1162/1162 1164/1164/1164 1166/1166/1166
f 1162/1162/1162 1166/1166/1166 1159/1159/1159
f 1159/1159/1159 1166/1166/1166 1167/1167/1167
f 1159/1159/1159 1167/1167/1167 1160/1160/1160
f 1160/1160/1160 1167/1167/1167 1168/1168/1168
f 1154/1154/1154 1156/1156/1156 1169/1169/1169
f 1160/1160/1160 1168/1168/1168 1170/1170/1170
f 1170/1170/1170 1156/1156/1156 1160/1160/1160
f 1170/1170/1170 1171/1171/1171 1156/1156/1156
f 1171/1171/1171 1169/1169/1169 1156/1156/1156
f 1171/1171/1171 1172/1172/1172 1169/1169/1169
f 1173/1173/1173 1174/1174/1174 1175/1175/1175
f 1173/1173/1173 1175/1175/1175 1176/1176/1176
f 1177/1177/1177 1173/1173/1173 1176/1176/1176
f 1177/1177/1177 1176/1176/1176 1178/1178/1178
f 1174/1174/1174 1179/1179/1179 1175/1175/1175
f 1174/1174/1174 1180/1180/1180 1179/1179/1179
f 1179/1179/1179 1180/1180/1180 1181/1181/1181
f 1179/1179/1179 1181/1181/1181 1182/1182/1182
f 1183/1183/1183 1184/1184/1184 1185/1185/1185
f 1183/1183/1183 1185/1185/1185 1186/1186/1186
f 1135/1135/1135 1187/1187/1187 1188/1188/1188
f 1188/1188/1188 1187/1187/1187 1189/1189/1189
f 1135/1135/1135 1188/1188/1188 1133/1133/1133
f 1188/1188/1188 1189/1189/1189 1190/1190/1190
f 1191/1191/1191 1192/1192/1192 1193/1193/1193
f 1194/1194/1194 1192/1192/1192 1191/1191/1191
f 1195/1195/1195 1192/1192/1192 1194/1194/1194
f 1191/1191/1191 1196/1196/1196 1194/1194/1194
f 1197/1197/1197 1196/1196/1196 1191/1191/1191
f 1198/1198/1198 1197/1197/1197 1191/1191/1191
f 1199/1199/1199 1197/1197/1197 1198/1198/1198
f 1197/1197/1197 1199/1199/1199 1200/1200/1200
f 1201/1201/1201 1202/1202/1202 1203/1203/1203
f 1203/1203/1203 1202/1202/1202 1204/1204/1204
f 1202/1202/1202 1201/1201/1201 1205/1205/1205
f 1205/1205/1205 1201/1201/1201 1206/1206/1206
f 1206/1206/1206 1201/1201/1201 1207/1207/1207
f 1202/1202/1202 1208/1208/1208 1204/1204/1204
f 1204/1204/1204 1208/1208/1208 1209/1209/1209
f 1208/1208/1208 1202/1202/1202 1210/1210/1210
f 1211/1211/1211 1212/1212/1212 1213/1213/1213
f 1211/1211/1211 1213/1213/1213 1214/1214/1214
f 1215/1215/1215 1216/1216/1216 1217/1217/1217
f 1215/1215/1215 1217/1217/1217 1218/1218/1218
f 1219/1219/1219 1220/1220/1220 1221/1221/1221
f 1219/1219/1219 1221/1221/1221 1222/1222/1222
f 1223/1223/1223 1224/1224/1224 1225/1225/1225
f 1223/1223/1223 1225/1225/1225 1226/1226/1226
f 1227/1227/1227 1228/1228/1228 1229/1229/1229
f 1227/1227/1227 1229/1229/1229 1230/1230/1230
f 1231/1231/1231 1232/1232/1232 1233/1233/1233
f 1231/1231/1231 1233/1233/1233 1234/1234/1234
f 1235/1235/1235 1236/1236/1236 1237/1237/1237
f 1238/1238/1238 1236/1236/1236 1235/1235/1235
f 1235/1235/1235 1237/1237/1237 1239/1239/1239
f 1238/1238/1238 1235/1235/1235 1240/1240/1240
f 1241/1241/1241 1242/1242/1242 1243/1243/1243
f 1244/1244/1244 1242/1242/1242 1241/1241/1241
f 1242/1242/1242 1244/1244/1244 1245/1245/1245
f 1246/1246/1246 1242/1242/1242 1245/1245/1245
f 1242/1242/1242 1246/1246/1246 1247/1247/1247
f 1248/1248/1248 1247/1247/1247 1246/1246/1246
f 1247/1247/1247 1248/1248/1248 1249/1249/1249
f 1247/1247/1247 1249/1249/1249 1250/1250/1250
f 1248/1248/1248 1251/1251/1251 1249/1249/1249
f 1245/1245/1245 1244/1244/1244 1252/1252/1252
f 1253/1253/1253 1254/1254/1254 1255/1255/1255
f 1255/1255/1255 1254/1254/1254 1256/1256/1256
f 1253/1253/1253 1255/1255/1255 1257/1257/1257
f 1257/1257/1257 1258/1258/1258 1253/1253/1253
f 1257/1257/1257 1259/1259/1259 1258/1258/1258
f 1255/1255/1255 1256/1256/1256 1260/1260/1260
f 1256/1256/1256 1261/1261/1261 1260/1260/1260
f 1256/1256/1256 1262/1262/1262 1261/1261/1261
f 1263/1263/1263 1264/1264/1264 1265/1265/1265
f 1266/1266/1266 1264/1264/1264 1263/1263/1263
f 1265/1265/1265 1267/1267/1267 1263/1263/1263
f 1263/1263/1263 1267/1267/1267 1268/1268/1268
f 1265/1265/1265 1264/1264/1264 1269/1269/1269
f 1264/1264/1264 1266/1266/1266 1270/1270/1270
f 1266/1266/1266 1271/1271/1271 1270/1270/1270
f 1272/1272/1272 1270/1270/1270 1271/1271/1271
f 1270/1270/1270 1272/1272/1272 1273/1273/1273
f 1271/1271/1271 1266/1266/1266 1274/1274/1274
f 1275/1275/1275 1276/1276/1276 1277/1277/1277
f 1275/1275/1275 1277/1277/1277 1278/1278/1278
f 1279/1279/1279 1278/1278/1278 1277/1277/1277
f 1279/1279/1279 1277/1277/1277 1280/1280/1280
f 1281/1281/1281 1282/1282/1282 1283/1283/1283
f 1281/1281/1281 1283/1283/1283 1284/1284/1284
f 1283/1283/1283 1285/1285/1285 1284/1284/1284
f 1283/1283/1283 1286/1286/1286 1285/1285/1285
f 1281/1281/1281 1287/1287/1287 1282/1282/1282
f 1281/1281/1281 1288/1288/1288 1287/1287/1287
f 1288/1288/1288 1289/1289/1289 1287/1287/1287
f 1288/1288/1288 1290/1290/1290 1289/1289/1289
f 1291/1291/1291 1292/1292/1292 1293/1293/1293
f 1291/1291/1291 1293/1293/1293 1294/1294/1294
f 1295/1295/1295 1296/1296/1296 1297/1297/1297
f 1295/1295/1295 1297/1297/1297 1298/1298/1298
f 1297/1297/1297 1299/1299/1299 1298/1298/1298
f 1297/1297/1297 1300/1300/1300 1299/1299/1299
f 1301/1301/1301 1302/1302/1302 1303/1303/1303
f 1301/1301/1301 1303/1303/1303 1304/1304/1304
f 1304/1304/1304 1303/1303/1303 1305/1305/1305
f 1304/1304/1304 1305/1305/1305 1306/1306/1306
f 1307/1307/1307 1308/1308/1308 1309/1309/1309
f 1307/1307/1307 1309/1309/1309 1310/1310/1310
f 1309/1309/1309 1311/1311/1311 1310/1310/1310
f 1309/1309/1309 1312/1312/1312 1311/1311/1311
f 1313/1313/1313 1311/1311/1311 1312/1312/1312
f 1313/1313/1313 1314/1314/1314 1311/1311/1311
f 1315/1315/1315 1316/1316/1316 1317/1317/1317
f 1315/1315/1315 1317/1317/1317 1318/1318/1318
f 1319/1319/1319 1318/1318/1318 1317/1317/1317
f 1319/1319/1319 1320/1320/1320 1318/1318/1318
f 1321/1321/1321 1322/1322/1322 1323/1323/1323
f 1321/1321/1321 1323/1323/1323 1324/1324/1324
f 1325/1325/1325 1321/1321/1321 1324/1324/1324
f 1325/1325/1325 1324/1324/1324 1326/1326/1326
f 1327/1327/1327 1325/1325/1325 1326/1326/1326
f 1327/1327/1327 1326/1326/1326 1328/1328/1328
f 1329/1329/1329 1327/1327/1327 1328/1328/1328
f 1329/1329/1329 1328/1328/1328 1330/1330/1330
f 1331/1331/1331 1329/1329/1329 1330/1330/1330
f 1331/1331/1331 1332/1332/1332 1329/1329/1329
f 1332/1332/1332 1331/1331/1331 1333/1333/1333
f 1332/1332/1332 1333/1333/1333 1334/1334/1334
f 1334/1334/1334 1333/1333/1333 1335/1335/1335
f 1334/1334/1334 1335/1335/1335 1336/1336/1336
f 1337/1337/1337 1336/1336/1336 1335/1335/1335
f 1337/1337/1337 1338/1338/1338 1336/1336/1336
f 1339/1339/1339 1338/1338/1338 1337/1337/1337
f 1340/1340/1340 1338/1338/1338 1339/1339/1339
f 1340/1340/1340 1336/1336/1336 1338/1338/1338
f 1340/1340/1340 1341/1341/1341 1336/1336/1336
f 1341/1341/1341 1334/1334/1334 1336/1336/1336
f 1341/1341/1341 1342/1342/1342 1334/1334/1334
f 1342/1342/1342 1332/1332/1332 1334/1334/1334
f 1342/1342/1342 1343/1343/1343 1332/1332/1332
f 1343/1343/1343 1329/1329/1329 1332/1332/1332
f 1343/1343/1343 1344/1344/1344 1329/1329/1329
f 1337/1337/1337 1335/1335/1335 1345/1345/1345
f 1339/1339/1339 1337/1337/1337 1346/1346/1346
f 1339/1339/1339 1346/1346/1346 1347/1347/1347
f 1340/1340/1340 1339/1339/1339 1348/1348/1348
f 1348/1348/1348 1339/1339/1339 1349/1349/1349
f 1339/1339/1339 1347/1347/1347 1349/1349/1349
f 1349/1349/1349 1347/1347/1347 1350/1350/1350
f 1348/1348/1348 1349/1349/1349 1351/1351/1351
f 1351/1351/1351 1349/1349/1349 1352/1352/1352
f 1349/1349/1349 1350/1350/1350 1352/1352/1352
f 1352/1352/1352 1350/1350/1350 1353/1353/1353
f 1352/1352/1352 1353/1353/1353 1354/1354/1354
f 1355/1355/1355 1352/1352/1352 1354/1354/1354
f 1351/1351/1351 1352/1352/1352 1355/1355/1355
f 1356/1356/1356 1354/1354/1354 1353/1353/1353
f 1355/1355/1355 1354/1354/1354 1357/1357/1357
f 1358/1358/1358 1357/1357/1357 1354/1354/1354
f 1358/1358/1358 1354/1354/1354 1356/1356/1356
f 1359/1359/1359 1357/1357/1357 1358/1358/1358
f 1358/1358/1358 1356/1356/1356 1360/1360/1360
f 1356/1356/1356 1353/1353/1353 1361/1361/1361
f 1359/1359/1359 1358/1358/1358 1362/1362/1362
f 1362/1362/1362 1358/1358/1358 1363/1363/1363
f 1358/1358/1358 1360/1360/1360 1363/1363/1363
f 1362/1362/1362 1363/1363/1363 1364/1364/1364
f 1325/1325/1325 1365/1365/1365 1366/1366/1366
f 1325/1325/1325 1366/1366/1366 1321/1321/1321
f 1321/1321/1321 1366/1366/1366 1367/1367/1367
f 1327/1327/1327 1365/1365/1365 1325/1325/1325
f 1327/1327/1327 1368/1368/1368 1365/1365/1365
f 1344/1344/1344 1368/1368/1368 1327/1327/1327
f 1344/1344/1344 1327/1327/1327 1329/1329/1329
f 1321/1321/1321 1367/1367/1367 1322/1322/1322
f 1369/1369/1369 1370/1370/1370 1371/1371/1371
f 1371/1371/1371 1370/1370/1370 1372/1372/1372
f 1371/1371/1371 1372/1372/1372 1373/1373/1373
f 1372/1372/1372 1370/1370/1370 1374/1374/1374
f 1372/1372/1372 1374/1374/1374 1375/1375/1375
f 1372/1372/1372 1375/1375/1375 1376/1376/1376
f 1376/1376/1376 1375/1375/1375 1377/1377/1377
f 1378/1378/1378 1369/1369/1369 1371/1371/1371
f 1379/1379/1379 1378/1378/1378 1371/1371/1371
f 1380/1380/1380 1379/1379/1379 1371/1371/1371
f 1381/1381/1381 1380/1380/1380 1371/1371/1371
f 1371/1371/1371 1373/1373/1373 1382/1382/1382
f 1383/1383/1383 1384/1384/1384 1385/1385/1385
f 1386/1386/1386 1384/1384/1384 1383/1383/1383
f 1383/1383/1383 1385/1385/1385 1387/1387/1387
f 1388/1388/1388 1383/1383/1383 1387/1387/1387
f 1389/1389/1389 1383/1383/1383 1388/1388/1388
f 1386/1386/1386 1383/1383/1383 1389/1389/1389
f 1388/1388/1388 1387/1387/1387 1390/1390/1390
f 1391/1391/1391 1388/1388/1388 1390/1390/1390
f 1392/1392/1392 1388/1388/1388 1391/1391/1391
f 1389/1389/1389 1388/1388/1388 1392/1392/1392
f 1391/1391/1391 1390/1390/1390 1393/1393/1393
f 1392/1392/1392 1391/1391/1391 1394/1394/1394
f 1395/1395/1395 1396/1396/1396 1397/1397/1397
f 1395/1395/1395 1397/1397/1397 1398/1398/1398
f 1399/1399/1399 1396/1396/1396 1395/1395/1395
f 1399/1399/1399 1400/1400/1400 1396/1396/1396
f 1401/1401/1401 1400/1400/1400 1399/1399/1399
f 1401/1401/1401 1402/1402/1402 1400/1400/1400
f 1403/1403/1403 1402/1402/1402 1401/1401/1401
f 1403/1403/1403 1404/1404/1404 1402/1402/1402
f 1405/1405/1405 1403/1403/1403 1401/1401/1401
f 1403/1403/1403 1406/1406/1406 1404/1404/1404
f 1403/1403/1403 1407/1407/1407 1406/1406/1406
f 1408/1408/1408 1407/1407/1407 1403/1403/1403
f 1408/1408/1408 1403/1403/1403 1405/1405/1405
f 1407/1407/1407 1408/1408/1408 1409/1409/1409
f 1407/1407/1407 1410/1410/1410 1406/1406/1406
f 1407/1407/1407 1411/1411/1411 1410/1410/1410
f 1407/1407/1407 1409/1409/1409 1411/1411/1411
f 1411/1411/1411 1409/1409/1409 1412/1412/1412
f 1411/1411/1411 1413/1413/1413 1410/1410/1410
f 1411/1411/1411 1414/1414/1414 1413/1413/1413
f 1411/1411/1411 1412/1412/1412 1414/1414/1414
f 1415/1415/1415 1414/1414/1414 1412/1412/1412
f 1415/1415/1415 1416/1416/1416 1414/1414/1414
f 1414/1414/1414 1416/1416/1416 1417/1417/1417
f 1414/1414/1414 1417/1417/1417 1413/1413/1413
f 1417/1417/1417 1416/1416/1416 1418/1418/1418
f 1415/1415/1415 1418/1418/1418 1416/1416/1416
f 1415/1415/1415 1419/1419/1419 1418/1418/1418
f 1417/1417/1417 1418/1418/1418 1420/1420/1420
f 1421/1421/1421 1417/1417/1417 1420/1420/1420
f 1418/1418/1418 1422/1422/1422 1420/1420/1420
f 1418/1418/1418 1423/1423/1423 1422/1422/1422
f 1419/1419/1419 1423/1423/1423 1418/1418/1418
f 1419/1419/1419 1424/1424/1424 1423/1423/1423
f 1425/1425/1425 1420/1420/1420 1422/1422/1422
f 1421/1421/1421 1420/1420/1420 1425/1425/1425
f 1424/1424/1424 1426/1426/1426 1423/1423/1423
f 1424/1424/1424 1427/1427/1427 1426/1426/1426
f 1423/1423/1423 1426/1426/1426 1428/1428/1428
f 1423/1423/1423 1428/1428/1428 1422/1422/1422
f 1426/1426/1426 1429/1429/1429 1428/1428/1428
f 1426/1426/1426 1430/1430/1430 1429/1429/1429
f 1427/1427/1427 1430/1430/1430 1426/1426/1426
f 1427/1427/1427 1431/1431/1431 1430/1430/1430
f 1429/1429/1429 1430/1430/1430 1432/1432/1432
f 1430/1430/1430 1431/1431/1431 1433/1433/1433
f 1430/1430/1430 1433/1433/1433 1432/1432/1432
f 1433/1433/1433 1431/1431/1431 1434/1434/1434
f 1429/1429/1429 1432/1432/1432 1435/1435/1435
f 1436/1436/1436 1429/1429/1429 1435/1435/1435
f 1436/1436/1436 1428/1428/1428 1429/1429/1429
f 1436/1436/1436 1437/1437/1437 1428/1428/1428
f 1437/1437/1437 1422/1422/1422 1428/1428/1428
f 1437/1437/1437 1438/1438/1438 1422/1422/1422
f 1425/1425/1425 1422/1422/1422 1438/1438/1438
f 1433/1433/1433 1439/1439/1439 1432/1432/1432
f 1433/1433/1433 1440/1440/1440 1439/1439/1439
f 1441/1441/1441 1440/1440/1440 1433/1433/1433
f 1433/1433/1433 1434/1434/1434 1441/1441/1441
f 1441/1441/1441 1442/1442/1442 1440/1440/1440
f 1436/1436/1436 1435/1435/1435 1443/1443/1443
f 1444/1444/1444 1445/1445/1445 1399/1399/1399
f 1444/1444/1444 1399/1399/1399 1395/1395/1395
f 1446/1446/1446 1444/1444/1444 1395/1395/1395
f 1445/1445/1445 1401/1401/1401 1399/1399/1399
f 1445/1445/1445 1447/1447/1447 1401/1401/1401
f 1405/1405/1405 1401/1401/1401 1447/1447/1447
f 1446/1446/1446 1395/1395/1395 1398/1398/1398
f 1448/1448/1448 1449/1449/1449 1450/1450/1450
f 1449/1449/1449 1448/1448/1448 1451/1451/1451
f 1448/1448/1448 1450/1450/1450 1452/1452/1452
f 1453/1453/1453 1454/1454/1454 1455/1455/1455
f 1456/1456/1456 1454/1454/1454 1453/1453/1453
f 1453/1453/1453 1455/1455/1455 1457/1457/1457
f 1453/1453/1453 1457/1457/1457 1458/1458/1458
f 1453/1453/1453 1458/1458/1458 1459/1459/1459
f 1453/1453/1453 1459/1459/1459 1460/1460/1460
f 1454/1454/1454 1456/1456/1456 1461/1461/1461
f 1461/1461/1461 1456/1456/1456 1462/1462/1462
f 1463/1463/1463 1462/1462/1462 1456/1456/1456
f 1464/1464/1464 1462/1462/1462 1463/1463/1463
f 1453/1453/1453 1465/1465/1465 1456/1456/1456
f 1453/1453/1453 1466/1466/1466 1465/1465/1465
f 1467/1467/1467 1468/1468/1468 1469/1469/1469
f 1467/1467/1467 1469/1469/1469 1470/1470/1470
f 1470/1470/1470 1469/1469/1469 1471/1471/1471
f 1472/1472/1472 1467/1467/1467 1470/1470/1470
f 1473/1473/1473 1468/1468/1468 1467/1467/1467
f 1473/1473/1473 1474/1474/1474 1468/1468/1468
f 1475/1475/1475 1473/1473/1473 1467/1467/1467
f 1475/1475/1475 1467/1467/1467 1472/1472/1472
f 1476/1476/1476 1474/1474/1474 1473/1473/1473
f 1476/1476/1476 1477/1477/1477 1474/1474/1474
f 1478/1478/1478 1476/1476/1476 1473/1473/1473
f 1478/1478/1478 1473/1473/1473 1475/1475/1475
f 1479/1479/1479 1477/1477/1477 1476/1476/1476
f 1479/1479/1479 1480/1480/1480 1477/1477/1477
f 1481/1481/1481 1479/1479/1479 1476/1476/1476
f 1481/1481/1481 1476/1476/1476 1478/1478/1478
f 1479/1479/1479 1482/1482/1482 1480/1480/1480
f 1479/1479/1479 1483/1483/1483 1482/1482/1482
f 1481/1481/1481 1483/1483/1483 1479/1479/1479
f 1481/1481/1481 1484/1484/1484 1483/1483/1483
f 1485/1485/1485 1484/1484/1484 1481/1481/1481
f 1470/1470/1470 1471/1471/1471 1486/1486/1486
f 1483/1483/1483 1487/1487/1487 1482/1482/1482
f 1483/1483/1483 1488/1488/1488 1487/1487/1487
f 1484/1484/1484 1488/1488/1488 1483/1483/1483
f 1484/1484/1484 1489/1489/1489 1488/1488/1488
f 1490/1490/1490 1489/1489/1489 1484/1484/1484
f 1490/1490/1490 1484/1484/1484 1485/1485/1485
f 1491/1491/1491 1490/1490/1490 1485/1485/1485
f 1492/1492/1492 1487/1487/1487 1488/1488/1488
f 1492/1492/1492 1493/1493/1493 1487/1487/1487
f 1494/1494/1494 1492/1492/1492 1488/1488/1488
f 1490/1490/1490 1494/1494/1494 1489/1489/1489
f 1494/1494/1494 1488/1488/1488 1489/1489/1489
f 1490/1490/1490 1495/1495/1495 1494/1494/1494
f 1491/1491/1491 1495/1495/1495 1490/1490/1490
f 1491/1491/1491 1496/1496/1496 1495/1495/1495
f 1485/1485/1485 1481/1481/1481 1497/1497/1497
f 1498/1498/1498 1485/1485/1485 1497/1497/1497
f 1491/1491/1491 1485/1485/1485 1498/1498/1498
f 1498/1498/1498 1497/1497/1497 1499/1499/1499
f 1500/1500/1500 1499/1499/1499 1497/1497/1497
f 1500/1500/1500 1497/1497/1497 1501/1501/1501
f 1501/1501/1501 1497/1497/1497 1481/1481/1481
f 1502/1502/1502 1500/1500/1500 1501/1501/1501
f 1501/1501/1501 1481/1481/1481 1478/1478/1478
f 1503/1503/1503 1501/1501/1501 1478/1478/1478
f 1502/1502/1502 1501/1501/1501 1503/1503/1503
f 1504/1504/1504 1502/1502/1502 1503/1503/1503
f 1503/1503/1503 1478/1478/1478 1475/1475/1475
f 1505/1505/1505 1503/1503/1503 1475/1475/1475
f 1504/1504/1504 1503/1503/1503 1505/1505/1505
f 1506/1506/1506 1504/1504/1504 1505/1505/1505
f 1505/1505/1505 1475/1475/1475 1472/1472/1472
f 1507/1507/1507 1505/1505/1505 1472/1472/1472
f 1506/1506/1506 1505/1505/1505 1507/1507/1507
f 1507/1507/1507 1472/1472/1472 1508/1508/1508
f 1509/1509/1509 1507/1507/1507 1508/1508/1508
f 1509/1509/1509 1508/1508/1508 1510/1510/1510
f 1511/1511/1511 1509/1509/1509 1510/1510/1510
f 1511/1511/1511 1510/1510/1510 1512/1512/1512
f 1513/1513/1513 1511/1511/1511 1512/1512/1512
f 1514/1514/1514 1511/1511/1511 1513/1513/1513
f 1514/1514/1514 1509/1509/1509 1511/1511/1511
f 1514/1514/1514 1515/1515/1515 1509/1509/1509
f 1513/1513/1513 1512/1512/1512 1516/1516/1516
f 1513/1513/1513 1516/1516/1516 1517/1517/1517
f 1517/1517/1517 1516/1516/1516 1518/1518/1518
f 1512/1512/1512 1518/1518/1518 1516/1516/1516
f 1512/1512/1512 1519/1519/1519 1518/1518/1518
f 1510/1510/1510 1519/1519/1519 1512/1512/1512
f 1510/1510/1510 1486/1486/1486 1519/1519/1519
f 1508/1508/1508 1486/1486/1486 1510/1510/1510
f 1508/1508/1508 1470/1470/1470 1486/1486/1486
f 1472/1472/1472 1470/1470/1470 1508/1508/1508
f 1513/1513/1513 1517/1517/1517 1520/1520/1520
f 1520/1520/1520 1517/1517/1517 1521/1521/1521
f 1521/1521/1521 1517/1517/1517 1522/1522/1522
f 1517/1517/1517 1518/1518/1518 1522/1522/1522
f 1520/1520/1520 1521/1521/1521 1523/1523/1523
f 1524/1524/1524 1523/1523/1523 1521/1521/1521
f 1524/1524/1524 1521/1521/1521 1525/1525/1525
f 1521/1521/1521 1522/1522/1522 1526/1526/1526
f 1521/1521/1521 1526/1526/1526 1527/1527/1527
f 1521/1521/1521 1527/1527/1527 1525/1525/1525
f 1528/1528/1528 1523/1523/1523 1524/1524/1524
f 1528/1528/1528 1529/1529/1529 1523/1523/1523
f 1529/1529/1529 1520/1520/1520 1523/1523/1523
f 1529/1529/1529 1530/1530/1530 1520/1520/1520
f 1530/1530/1530 1513/1513/1513 1520/1520/1520
f 1530/1530/1530 1531/1531/1531 1513/1513/1513
f 1514/1514/1514 1513/1513/1513 1532/1532/1532
f 1533/1533/1533 1534/1534/1534 1535/1535/1535
f 1533/1533/1533 1535/1535/1535 1536/1536/1536
f 1537/1537/1537 1533/1533/1533 1536/1536/1536
f 1537/1537/1537 1538/1538/1538 1533/1533/1533
f 1539/1539/1539 1540/1540/1540 1541/1541/1541
f 1539/1539/1539 1541/1541/1541 1542/1542/1542
f 1543/1543/1543 1540/1540/1540 1539/1539/1539
f 1543/1543/1543 1544/1544/1544 1540/1540/1540
f 1543/1543/1543 1545/1545/1545 1544/1544/1544
f 1546/1546/1546 1545/1545/1545 1543/1543/1543
f 1547/1547/1547 1545/1545/1545 1546/1546/1546
f 1547/1547/1547 1548/1548/1548 1545/1545/1545
f 1545/1545/1545 1548/1548/1548 1549/1549/1549
f 1550/1550/1550 1545/1545/1545 1549/1549/1549
f 1551/1551/1551 1549/1549/1549 1548/1548/1548
f 1549/1549/1549 1551/1551/1551 1552/1552/1552
f 1549/1549/1549 1552/1552/1552 1553/1553/1553
f 1549/1549/1549 1553/1553/1553 1554/1554/1554
f 1555/1555/1555 1554/1554/1554 1553/1553/1553
f 1551/1551/1551 1556/1556/1556 1552/1552/1552
f 1551/1551/1551 1557/1557/1557 1556/1556/1556
f 1548/1548/1548 1557/1557/1557 1551/1551/1551
f 1548/1548/1548 1558/1558/1558 1557/1557/1557
f 1559/1559/1559 1558/1558/1558 1548/1548/1548
f 1559/1559/1559 1548/1548/1548 1547/1547/1547
f 1560/1560/1560 1559/1559/1559 1547/1547/1547
f 1560/1560/1560 1547/1547/1547 1546/1546/1546
f 1555/1555/1555 1553/1553/1553 1561/1561/1561
f 1562/1562/1562 1555/1555/1555 1561/1561/1561
f 1550/1550/1550 1549/1549/1549 1563/1563/1563
f 1564/1564/1564 1550/1550/1550 1563/1563/1563
f 1564/1564/1564 1563/1563/1563 1565/1565/1565
f 1562/1562/1562 1561/1561/1561 1566/1566/1566
f 1567/1567/1567 1568/1568/1568 1569/1569/1569
f 1570/1570/1570 1568/1568/1568 1567/1567/1567
f 1567/1567/1567 1569/1569/1569 1571/1571/1571
f 1567/1567/1567 1571/1571/1571 1572/1572/1572
f 1567/1567/1567 1572/1572/1572 1573/1573/1573
f 1573/1573/1573 1572/1572/1572 1574/1574/1574
f 1573/1573/1573 1574/1574/1574 1575/1575/1575
f 1575/1575/1575 1574/1574/1574 1576/1576/1576
f 1575/1575/1575 1576/1576/1576 1577/1577/1577
f 1577/1577/1577 1576/1576/1576 1578/1578/1578
f 1577/1577/1577 1578/1578/1578 1579/1579/1579
f 1579/1579/1579 1578/1578/1578 1580/1580/1580
f 1579/1579/1579 1580/1580/1580 1581/1581/1581
f 1581/1581/1581 1580/1580/1580 1582/1582/1582
f 1581/1581/1581 1582/1582/1582 1583/1583/1583
f 1584/1584/1584 1583/1583/1583 1582/1582/1582
f 1585/1585/1585 1583/1583/1583 1584/1584/1584
f 1585/1585/1585 1581/1581/1581 1583/1583/1583
f 1585/1585/1585 1586/1586/1586 1581/1581/1581
f 1586/1586/1586 1579/1579/1579 1581/1581/1581
f 1586/1586/1586 1587/1587/1587 1579/1579/1579
f 1587/1587/1587 1577/1577/1577 1579/1579/1579
f 1587/1587/1587 1588/1588/1588 1577/1577/1577
f 1588/1588/1588 1575/1575/1575 1577/1577/1577
f 1588/1588/1588 1589/1589/1589 1575/1575/1575
f 1584/1584/1584 1582/1582/1582 1590/1590/1590
f 1585/1585/1585 1584/1584/1584 1591/1591/1591
f 1589/1589/1589 1592/1592/1592 1573/1573/1573
f 1592/1592/1592 1567/1567/1567 1573/1573/1573
f 1592/1592/1592 1593/1593/1593 1567/1567/1567
f 1589/1589/1589 1573/1573/1573 1575/1575/1575
f 1570/1570/1570 1567/1567/1567 1593/1593/1593
f 1594/1594/1594 1595/1595/1595 1596/1596/1596
f 1597/1597/1597 1594/1594/1594 1596/1596/1596
f 1596/1596/1596 1595/1595/1595 1598/1598/1598
f 1597/1597/1597 1599/1599/1599 1594/1594/1594
f 1597/1597/1597 1600/1600/1600 1599/1599/1599
f 1598/1598/1598 1601/1601/1601 1596/1596/1596
f 1601/1601/1601 1602/1602/1602 1596/1596/1596
f 1602/1602/1602 1603/1603/1603 1596/1596/1596
f 1596/1596/1596 1603/1603/1603 1604/1604/1604
f 1596/1596/1596 1604/1604/1604 1605/1605/1605
f 1605/1605/1605 1604/1604/1604 1606/1606/1606
f 1605/1605/1605 1606/1606/1606 1607/1607/1607
f 1605/1605/1605 1607/1607/1607 1608/1608/1608
f 1609/1609/1609 1605/1605/1605 1608/1608/1608
f 1610/1610/1610 1605/1605/1605 1609/1609/1609
f 1611/1611/1611 1605/1605/1605 1610/1610/1610
f 1612/1612/1612 1611/1611/1611 1610/1610/1610
f 1612/1612/1612 1613/1613/1613 1611/1611/1611
f 1604/1604/1604 1603/1603/1603 1614/1614/1614
f 1604/1604/1604 1614/1614/1614 1615/1615/1615
f 1616/1616/1616 1617/1617/1617 1618/1618/1618
f 1619/1619/1619 1617/1617/1617 1616/1616/1616
f 1620/1620/1620 1617/1617/1617 1619/1619/1619
f 1621/1621/1621 1622/1622/1622 1623/1623/1623
f 1624/1624/1624 1622/1622/1622 1621/1621/1621
f 1621/1621/1621 1623/1623/1623 1625/1625/1625
f 1626/1626/1626 1621/1621/1621 1625/1625/1625
f 1627/1627/1627 1621/1621/1621 1626/1626/1626
f 1624/1624/1624 1621/1621/1621 1627/1627/1627
f 1628/1628/1628 1622/1622/1622 1624/1624/1624
f 1628/1628/1628 1629/1629/1629 1622/1622/1622
f 1628/1628/1628 1630/1630/1630 1629/1629/1629
f 1628/1628/1628 1631/1631/1631 1630/1630/1630
f 1632/1632/1632 1630/1630/1630 1631/1631/1631
f 1632/1632/1632 1633/1633/1633 1630/1630/1630
f 1632/1632/1632 1634/1634/1634 1633/1633/1633
f 1632/1632/1632 1635/1635/1635 1634/1634/1634
f 1635/1635/1635 1636/1636/1636 1634/1634/1634
f 1637/1637/1637 1636/1636/1636 1626/1626/1626
f 1635/1635/1635 1638/1638/1638 1636/1636/1636
f 1638/1638/1638 1626/1626/1626 1636/1636/1636
f 1638/1638/1638 1639/1639/1639 1626/1626/1626
f 1627/1627/1627 1626/1626/1626 1639/1639/1639
f 1640/1640/1640 1634/1634/1634 1636/1636/1636
f 1640/1640/1640 1636/1636/1636 1637/1637/1637
f 1637/1637/1637 1626/1626/1626 1641/1641/1641
f 1626/1626/1626 1625/1625/1625 1641/1641/1641
f 1642/1642/1642 1643/1643/1643 1644/1644/1644
f 1645/1645/1645 1643/1643/1643 1642/1642/1642
f 1642/1642/1642 1644/1644/1644 1646/1646/1646
f 1645/1645/1645 1642/1642/1642 1647/1647/1647
f 1648/1648/1648 1649/1649/1649 1650/1650/1650
f 1650/1650/1650 1649/1649/1649 1651/1651/1651
f 1648/1648/1648 1650/1650/1650 1652/1652/1652
f 1649/1649/1649 1648/1648/1648 1653/1653/1653
f 1649/1649/1649 1653/1653/1653 1654/1654/1654
f 1654/1654/1654 1653/1653/1653 1655/1655/1655
f 1656/1656/1656 1657/1657/1657 1658/1658/1658
f 1657/1657/1657 1656/1656/1656 1659/1659/1659
f 1659/1659/1659 1656/1656/1656 1660/1660/1660
f 1659/1659/1659 1660/1660/1660 1661/1661/1661
f 1661/1661/1661 1662/1662/1662 1659/1659/1659
f 1659/1659/1659 1662/1662/1662 1663/1663/1663
f 1664/1664/1664 1662/1662/1662 1661/1661/1661
f 1665/1665/1665 1666/1666/1666 1667/1667/1667
f 1668/1668/1668 1666/1666/1666 1665/1665/1665
f 1666/1666/1666 1668/1668/1668 1669/1669/1669
f 1665/1665/1665 1670/1670/1670 1668/1668/1668
f 1670/1670/1670 1671/1671/1671 1668/1668/1668
f 1668/1668/1668 1671/1671/1671 1672/1672/1672
f 1672/1672/1672 1671/1671/1671 1673/1673/1673
f 1674/1674/1674 1675/1675/1675 1676/1676/1676
f 1677/1677/1677 1678/1678/1678 1679/1679/1679
f 1677/1677/1677 1679/1679/1679 1680/1680/1680
f 1680/1680/1680 1679/1679/1679 1681/1681/1681
f 1680/1680/1680 1681/1681/1681 1682/1682/1682
f 1683/1683/1683 1678/1678/1678 1677/1677/1677
f 1683/1683/1683 1684/1684/1684 1678/1678/1678
f 1685/1685/1685 1684/1684/1684 1683/1683/1683
f 1685/1685/1685 1686/1686/1686 1684/1684/1684
f 1687/1687/1687 1688/1688/1688 1689/1689/1689
f 1687/1687/1687 1689/1689/1689 1690/1690/1690
f 1690/1690/1690 1689/1689/1689 1691/1691/1691
f 1690/1690/1690 1691/1691/1691 1692/1692/1692
f 1692/1692/1692 1691/1691/1691 1693/1693/1693
f 1692/1692/1692 1693/1693/1693 1694/1694/1694
f 1695/1695/1695 1696/1696/1696 1697/1697/1697
f 1695/1695/1695 1697/1697/1697 1698/1698/1698
f 1698/1698/1698 1697/1697/1697 1699/1699/1699
f 1698/1698/1698 1699/1699/1699 1700/1700/1700
f 1701/1701/1701 1699/1699/1699 1702/1702/1702
f 1701/1701/1701 1702/1702/1702 1703/1703/1703
f 1703/1703/1703 1702/1702/1702 1704/1704/1704
f 1703/1703/1703 1704/1704/1704 1705/1705/1705
f 1705/1705/1705 1704/1704/1704 1706/1706/1706
f 1705/1705/1705 1706/1706/1706 1707/1707/1707
f 1708/1708/1708 1709/1709/1709 1710/1710/1710
f 1708/1708/1708 1710/1710/1710 1711/1711/1711
f 1712/1712/1712 1710/1710/1710 1709/1709/1709
f 1713/1713/1713 1710/1710/1710 1712/1712/1712
f 1710/1710/1710 1713/1713/1713 1714/1714/1714
f 1715/1715/1715 1709/1709/1709 1708/1708/1708
f 1715/1715/1715 1708/1708/1708 1716/1716/1716
f 1717/1717/1717 1709/1709/1709 1715/1715/1715
f 1718/1718/1718 1709/1709/1709 1717/1717/1717
f 1709/1709/1709 1718/1718/1718 1719/1719/1719
f 1720/1720/1720 1721/1721/1721 1722/1722/1722
f 1720/1720/1720 1722/1722/1722 1723/1723/1723
f 1724/1724/1724 1721/1721/1721 1720/1720/1720
f 1724/1724/1724 1725/1725/1725 1721/1721/1721
f 1724/1724/1724 1726/1726/1726 1725/1725/1725
f 1724/1724/1724 1727/1727/1727 1726/1726/1726
f 1728/1728/1728 1729/1729/1729 1730/1730/1730
f 1728/1728/1728 1730/1730/1730 1731/1731/1731
f 1732/1732/1732 1728/1728/1728 1731/1731/1731
f 1729/1729/1729 1733/1733/1733 1730/1730/1730
f 1729/1729/1729 1734/1734/1734 1733/1733/1733
f 1734/1734/1734 1735/1735/1735 1733/1733/1733
f 1734/1734/1734 1736/1736/1736 1735/1735/1735
f 1737/1737/1737 1735/1735/1735 1736/1736/1736
f 1737/1737/1737 1738/1738/1738 1735/1735/1735
f 1737/1737/1737 1739/1739/1739 1738/1738/1738
f 1737/1737/1737 1740/1740/1740 1739/1739/1739
f 1740/1740/1740 1741/1741/1741 1739/1739/1739
f 1740/1740/1740 1742/1742/1742 1741/1741/1741
f 1742/1742/1742 1743/1743/1743 1741/1741/1741
f 1742/1742/1742 1744/1744/1744 1743/1743/1743
f 1744/1744/1744 1745/1745/1745 1743/1743/1743
f 1744/1744/1744 1746/1746/1746 1745/1745/1745
f 1746/1746/1746 1747/1747/1747 1745/1745/1745
f 1746/1746/1746 1748/1748/1748 1747/1747/1747
f 1748/1748/1748 1749/1749/1749 1747/1747/1747
f 1748/1748/1748 1750/1750/1750 1749/1749/1749
f 1750/1750/1750 1751/1751/1751 1749/1749/1749
f 1750/1750/1750 1732/1732/1732 1751/1751/1751
f 1732/1732/1732 1731/1731/1731 1751/1751/1751
f 1752/1752/1752 1753/1753/1753 1754/1754/1754
f 1752/1752/1752 1754/1754/1754 1755/1755/1755
f 1754/1754/1754 1753/1753/1753 1756/1756/1756
f 1753/1753/1753 1752/1752/1752 1757/1757/1757
f 1753/1753/1753 1757/1757/1757 1758/1758/1758
f 1757/1757/1757 1752/1752/1752 1759/1759/1759
f 1757/1757/1757 1759/1759/1759 1760/1760/1760
f 1759/1759/1759 1752/1752/1752 1761/1761/1761
f 1759/1759/1759 1761/1761/1761 1762/1762/1762
f 1761/1761/1761 1752/1752/1752 1763/1763/1763
f 1764/1764/1764 1765/1765/1765 1766/1766/1766
f 1764/1764/1764 1766/1766/1766 1767/1767/1767
f 1768/1768/1768 1764/1764/1764 1767/1767/1767
f 1768/1768/1768 1767/1767/1767 1769/1769/1769
f 1770/1770/1770 1768/1768/1768 1769/1769/1769
f 1770/1770/1770 1769/1769/1769 1771/1771/1771
f 1772/1772/1772 1773/1773/1773 1774/1774/1774
f 1772/1772/1772 1774/1774/1774 1775/1775/1775
f 1776/1776/1776 1772/1772/1772 1775/1775/1775
f 1776/1776/1776 1775/1775/1775 1777/1777/1777
f 1773/1773/1773 1778/1778/1778 1774/1774/1774
f 1773/1773/1773 1779/1779/1779 1778/1778/1778
f 1779/1779/1779 1780/1780/1780 1778/1778/1778
f 1779/1779/1779 1781/1781/1781 1780/1780/1780
f 1782/1782/1782 1783/1783/1783 1784/1784/1784
f 1782/1782/1782 1784/1784/1784 1785/1785/1785
f 1786/1786/1786 1782/1782/1782 1785/1785/1785
f 1786/1786/1786 1785/1785/1785 1787/1787/1787
f 1788/1788/1788 1789/1789/1789 1790/1790/1790
f 1791/1791/1791 1789/1789/1789 1788/1788/1788
f 1788/1788/1788 1790/1790/1790 1792/1792/1792
f 1793/1793/1793 1792/1792/1792 1790/1790/1790
f 1791/1791/1791 1788/1788/1788 1794/1794/1794
f 1794/1794/1794 1795/1795/1795 1791/1791/1791
f 1794/1794/1794 1796/1796/1796 1795/1795/1795
f 1793/1793/1793 1790/1790/1790 1797/1797/1797
f 1793/1793/1793 1797/1797/1797 1798/1798/1798
f 1793/1793/1793 1798/1798/1798 1799/1799/1799
f 1798/1798/1798 1800/1800/1800 1799/1799/1799
f 1798/1798/1798 1801/1801/1801 1800/1800/1800
f 1800/1800/1800 1801/1801/1801 1802/1802/1802
f 1800/1800/1800 1802/1802/1802 1803/1803/1803
f 1803/1803/1803 1802/1802/1802 1804/1804/1804
f 1803/1803/1803 1804/1804/1804 1805/1805/1805
f 1806/1806/1806 1807/1807/1807 1808/1808/1808
f 1806/1806/1806 1808/1808/1808 1809/1809/1809
f 1806/1806/1806 1810/1810/1810 1807/1807/1807
f 1806/1806/1806 1811/1811/1811 1810/1810/1810
f 1812/1812/1812 1806/1806/1806 1809/1809/1809
f 1812/1812/1812 1813/1813/1813 1806/1806/1806
f 1813/1813/1813 1811/1811/1811 1806/1806/1806
f 1813/1813/1813 1814/1814/1814 1811/1811/1811
f 1815/1815/1815 1816/1816/1816 1817/1817/1817
f 1818/1818/1818 1817/1817/1817 1816/1816/1816
f 1815/1815/1815 1817/1817/1817 1819/1819/1819
f 1820/1820/1820 1815/1815/1815 1819/1819/1819
f 1821/1821/1821 1815/1815/1815 1820/1820/1820
f 1821/1821/1821 1816/1816/1816 1815/1815/1815
f 1821/1821/1821 1822/1822/1822 1816/1816/1816
f 1822/1822/1822 1818/1818/1818 1816/1816/1816
f 1822/1822/1822 1823/1823/1823 1818/1818/1818
f 1821/1821/1821 1820/1820/1820 1824/1824/1824
f 1824/1824/1824 1820/1820/1820 1825/1825/1825
f 1825/1825/1825 1820/1820/1820 1826/1826/1826
f 1820/1820/1820 1819/1819/1819 1826/1826/1826
f 1825/1825/1825 1826/1826/1826 1827/1827/1827
f 1824/1824/1824 1825/1825/1825 1828/1828/1828
f 1829/1829/1829 1828/1828/1828 1825/1825/1825
f 1827/1827/1827 1830/1830/1830 1825/1825/1825
f 1830/1830/1830 1827/1827/1827 1831/1831/1831
f 1825/1825/1825 1830/1830/1830 1832/1832/1832
f 1829/1829/1829 1825/1825/1825 1832/1832/1832
f 1833/1833/1833 1834/1834/1834 1835/1835/1835
f 1833/1833/1833 1835/1835/1835 1836/1836/1836
f 1833/1833/1833 1836/1836/1836 1837/1837/1837
f 1833/1833/1833 1837/1837/1837 1838/1838/1838
f 1839/1839/1839 1838/1838/1838 1837/1837/1837
f 1838/1838/1838 1839/1839/1839 1840/1840/1840
f 1839/1839/1839 1837/1837/1837 1841/1841/1841
f 1842/1842/1842 1833/1833/1833 1838/1838/1838
f 1838/1838/1838 1840/1840/1840 1842/1842/1842
f 1842/1842/1842 1843/1843/1843 1833/1833/1833
f 1843/1843/1843 1834/1834/1834 1833/1833/1833
f 1843/1843/1843 1844/1844/1844 1834/1834/1834
f 1845/1845/1845 1846/1846/1846 1847/1847/1847
f 1845/1845/1845 1847/1847/1847 1848/1848/1848
f 1848/1848/1848 1847/1847/1847 1849/1849/1849
f 1850/1850/1850 1845/1845/1845 1848/1848/1848
f 1850/1850/1850 1851/1851/1851 1845/1845/1845
f 1850/1850/1850 1848/1848/1848 1852/1852/1852
f 1848/1848/1848 1849/1849/1849 1852/1852/1852
f 1852/1852/1852 1849/1849/1849 1853/1853/1853
f 1850/1850/1850 1852/1852/1852 1854/1854/1854
f 1855/1855/1855 1854/1854/1854 1852/1852/1852
f 1855/1855/1855 1852/1852/1852 1856/1856/1856
f 1852/1852/1852 1853/1853/1853 1856/1856/1856
f 1856/1856/1856 1853/1853/1853 1857/1857/1857
f 1855/1855/1855 1856/1856/1856 1857/1857/1857
f 1855/1855/1855 1857/1857/1857 1858/1858/1858
f 1845/1845/1845 1859/1859/1859 1846/1846/1846
f 1846/1846/1846 1859/1859/1859 1860/1860/1860
f 1859/1859/1859 1845/1845/1845 1861/1861/1861
f 1862/1862/1862 1861/1861/1861 1845/1845/1845
f 1862/1862/1862 1845/1845/1845 1851/1851/1851
f 1863/1863/1863 1864/1864/1864 1865/1865/1865
f 1863/1863/1863 1865/1865/1865 1866/1866/1866
f 1866/1866/1866 1865/1865/1865 1867/1867/1867
f 1866/1866/1866 1867/1867/1867 1868/1868/1868
f 1869/1869/1869 1864/1864/1864 1863/1863/1863
f 1869/1869/1869 1870/1870/1870 1864/1864/1864
f 1868/1868/1868 1871/1871/1871 1866/1866/1866
f 1868/1868/1868 1872/1872/1872 1871/1871/1871
f 1866/1866/1866 1871/1871/1871 1873/1873/1873
f 1866/1866/1866 1873/1873/1873 1863/1863/1863
f 1863/1863/1863 1873/1873/1873 1874/1874/1874
f 1863/1863/1863 1874/1874/1874 1869/1869/1869
f 1875/1875/1875 1876/1876/1876 1877/1877/1877
f 1875/1875/1875 1877/1877/1877 1878/1878/1878
f 1878/1878/1878 1877/1877/1877 1879/1879/1879
f 1878/1878/1878 1879/1879/1879 1880/1880/1880
f 1878/1878/1878 1881/1881/1881 1875/1875/1875
f 1878/1878/1878 1882/1882/1882 1881/1881/1881
f 1880/1880/1880 1882/1882/1882 1878/1878/1878
f 1880/1880/1880 1883/1883/1883 1882/1882/1882
f 1884/1884/1884 1885/1885/1885 1886/1886/1886
f 1887/1887/1887 1886/1886/1886 1885/1885/1885
f 1886/1886/1886 1887/1887/1887 1888/1888/1888
f 1888/1888/1888 1887/1887/1887 1889/1889/1889
f 1889/1889/1889 1887/1887/1887 1890/1890/1890
f 1890/1890/1890 1887/1887/1887 1891/1891/1891
f 1891/1891/1891 1887/1887/1887 1892/1892/1892
f 1892/1892/1892 1887/1887/1887 1893/1893/1893
f 1893/1893/1893 1887/1887/1887 1894/1894/1894
f 1887/1887/1887 1895/1895/1895 1894/1894/1894
f 1894/1894/1894 1895/1895/1895 1896/1896/1896
f 1896/1896/1896 1895/1895/1895 1897/1897/1897
f 1885/1885/1885 1884/1884/1884 1898/1898/1898
f 1899/1899/1899 1900/1900/1900 1901/1901/1901
f 1899/1899/1899 1901/1901/1901 1902/1902/1902
f 1903/1903/1903 1904/1904/1904 1905/1905/1905
f 1903/1903/1903 1905/1905/1905 1906/1906/1906
f 1907/1907/1907 1905/1905/1905 1904/1904/1904
f 1907/1907/1907 1908/1908/1908 1905/1905/1905
f 1909/1909/1909 1910/1910/1910 1911/1911/1911
f 1909/1909/1909 1911/1911/1911 1912/1912/1912
f 1909/1909/1909 1913/1913/1913 1910/1910/1910
f 1909/1909/1909 1914/1914/1914 1913/1913/1913
f 1914/1914/1914 1915/1915/1915 1913/1913/1913
f 1914/1914/1914 1916/1916/1916 1915/1915/1915
f 1916/1916/1916 1917/1917/1917 1915/1915/1915
f 1916/1916/1916 1918/1918/1918 1917/1917/1917
f 1919/1919/1919 1920/1920/1920 1921/1921/1921
f 1919/1919/1919 1921/1921/1921 1922/1922/1922
f 1923/1923/1923 1924/1924/1924 1925/1925/1925
f 1923/1923/1923 1926/1926/1926 1924/1924/1924
f 1923/1923/1923 1925/1925/1925 1927/1927/1927
f 1928/1928/1928 1924/1924/1924 1926/1926/1926
f 1928/1928/1928 1929/1929/1929 1924/1924/1924
f 1924/1924/1924 1929/1929/1929 1930/1930/1930
f 1924/1924/1924 1930/1930/1930 1925/1925/1925
f 1929/1929/1929 1931/1931/1931 1930/1930/1930
f 1929/1929/1929 1932/1932/1932 1931/1931/1931
f 1932/1932/1932 1933/1933/1933 1931/1931/1931
f 1931/1931/1931 1933/1933/1933 1934/1934/1934
f 1935/1935/1935 1934/1934/1934 1933/1933/1933
f 1936/1936/1936 1933/1933/1933 1932/1932/1932
f 1937/1937/1937 1933/1933/1933 1936/1936/1936
f 1935/1935/1935 1933/1933/1933 1937/1937/1937
f 1938/1938/1938 1928/1928/1928 1926/1926/1926
f 1938/1938/1938 1939/1939/1939 1928/1928/1928
f 1926/1926/1926 1940/1940/1940 1938/1938/1938
f 1940/1940/1940 1926/1926/1926 1923/1923/1923
f 1937/1937/1937 1936/1936/1936 1941/1941/1941
f 1942/1942/1942 1943/1943/1943 1944/1944/1944
f 1942/1942/1942 1944/1944/1944 1945/1945/1945
f 1946/1946/1946 1943/1943/1943 1942/1942/1942
f 1946/1946/1946 1947/1947/1947 1943/1943/1943
f 1944/1944/1944 1948/1948/1948 1945/1945/1945
f 1945/1945/1945 1948/1948/1948 1949/1949/1949
f 1950/1950/1950 1948/1948/1948 1944/1944/1944
f 1951/1951/1951 1952/1952/1952 1953/1953/1953
f 1953/1953/1953 1952/1952/1952 1954/1954/1954
f 1955/1955/1955 1952/1952/1952 1951/1951/1951
f 1956/1956/1956 1952/1952/1952 1955/1955/1955
f 1956/1956/1956 1954/1954/1954 1952/1952/1952
f 1957/1957/1957 1956/1956/1956 1955/1955/1955
f 1956/1956/1956 1958/1958/1958 1954/1954/1954
f 1956/1956/1956 1957/1957/1957 1959/1959/1959
f 1956/1956/1956 1959/1959/1959 1958/1958/1958
f 1957/1957/1957 1955/1955/1955 1960/1960/1960
f 1961/1961/1961 1958/1958/1958 1959/1959/1959
f 1961/1961/1961 1962/1962/1962 1958/1958/1958
f 1961/1961/1961 1963/1963/1963 1962/1962/1962
f 1962/1962/1962 1963/1963/1963 1964/1964/1964
f 1965/1965/1965 1963/1963/1963 1961/1961/1961
f 1963/1963/1963 1965/1965/1965 1966/1966/1966
f 1953/1953/1953 1954/1954/1954 1967/1967/1967
f 1968/1968/1968 1964/1964/1964 1963/1963/1963
f 1963/1963/1963 1966/1966/1966 1968/1968/1968
f 1968/1968/1968 1969/1969/1969 1964/1964/1964
f 1970/1970/1970 1971/1971/1971 1972/1972/1972
f 1970/1970/1970 1972/1972/1972 1973/1973/1973
f 1970/1970/1970 1973/1973/1973 1974/1974/1974
f 1972/1972/1972 1975/1975/1975 1973/1973/1973
f 1974/1974/1974 1973/1973/1973 1975/1975/1975
f 1971/1971/1971 1976/1976/1976 1972/1972/1972
f 1971/1971/1971 1977/1977/1977 1976/1976/1976
f 1970/1970/1970 1974/1974/1974 1978/1978/1978
f 1974/1974/1974 1975/1975/1975 1979/1979/1979
f 1980/1980/1980 1981/1981/1981 1982/1982/1982
f 1980/1980/1980 1982/1982/1982 1983/1983/1983
f 1983/1983/1983 1982/1982/1982 1984/1984/1984
f 1985/1985/1985 1981/1981/1981 1980/1980/1980
f 1985/1985/1985 1986/1986/1986 1981/1981/1981
f 1987/1987/1987 1986/1986/1986 1985/1985/1985
f 1987/1987/1987 1988/1988/1988 1986/1986/1986
f 1989/1989/1989 1988/1988/1988 1987/1987/1987
f 1990/1990/1990 1988/1988/1988 1989/1989/1989
f 1988/1988/1988 1990/1990/1990 1991/1991/1991
f 1992/1992/1992 1991/1991/1991 1990/1990/1990
f 1991/1991/1991 1992/1992/1992 1993/1993/1993
f 1993/1993/1993 1992/1992/1992 1994/1994/1994
f 1990/1990/1990 1989/1989/1989 1995/1995/1995
f 1995/1995/1995 1989/1989/1989 1996/1996/1996
f 1994/1994/1994 1997/1997/1997 1993/1993/1993
f 1994/1994/1994 1998/1998/1998 1997/1997/1997
f 1999/1999/1999 1997/1997/1997 1998/1998/1998
f 1999/1999/1999 1998/1998/1998 2000/2000/2000
f 2000/2000/2000 2001/2001/2001 1999/1999/1999
f 2000/2000/2000 2002/2002/2002 2001/2001/2001
f 2003/2003/2003 2001/2001/2001 2002/2002/2002
f 2003/2003/2003 2002/2002/2002 2004/2004/2004
f 1996/1996/1996 2005/2005/2005 1995/1995/1995
f 1996/1996/1996 2006/2006/2006 2005/2005/2005
f 2006/2006/2006 2007/2007/2007 2005/2005/2005
f 2006/2006/2006 2008/2008/2008 2007/2007/2007
f 2007/2007/2007 2008/2008/2008 2009/2009/2009
f 2007/2007/2007 2009/2009/2009 2010/2010/2010
f 2011/2011/2011 2012/2012/2012 2013/2013/2013
f 2011/2011/2011 2013/2013/2013 2014/2014/2014
f 2015/2015/2015 2016/2016/2016 2017/2017/2017
f 2015/2015/2015 2017/2017/2017 2018/2018/2018
f 2018/2018/2018 2017/2017/2017 2019/2019/2019
f 2020/2020/2020 2016/2016/2016 2015/2015/2015
f 2020/2020/2020 2021/2021/2021 2016/2016/2016
f 2018/2018/2018 2019/2019/2019 2022/2022/2022
f 2023/2023/2023 2024/2024/2024 2025/2025/2025
f 2023/2023/2023 2025/2025/2025 2026/2026/2026
f 2027/2027/2027 2024/2024/2024 2023/2023/2023
f 2027/2027/2027 2028/2028/2028 2024/2024/2024
f 2027/2027/2027 2029/2029/2029 2028/2028/2028
f 2029/2029/2029 2027/2027/2027 2030/2030/2030
f 2030/2030/2030 2027/2027/2027 2031/2031/2031
f 2031/2031/2031 2027/2027/2027 2032/2032/2032
f 2031/2031/2031 2032/2032/2032 2033/2033/2033
f 2033/2033/2033 2032/2032/2032 2034/2034/2034
f 2028/2028/2028 2029/2029/2029 2035/2035/2035
f 2028/2028/2028 2035/2035/2035 2036/2036/2036
f 2028/2028/2028 2036/2036/2036 2037/2037/2037
f 2037/2037/2037 2036/2036/2036 2038/2038/2038
f 2037/2037/2037 2038/2038/2038 2039/2039/2039
f 2032/2032/2032 2040/2040/2040 2034/2034/2034
f 2041/2041/2041 2040/2040/2040 2032/2032/2032
f 2039/2039/2039 2042/2042/2042 2037/2037/2037
f 2037/2037/2037 2042/2042/2042 2043/2043/2043
f 2041/2041/2041 2044/2044/2044 2040/2040/2040
f 2041/2041/2041 2045/2045/2045 2044/2044/2044
f 2041/2041/2041 2043/2043/2043 2045/2045/2045
f 2045/2045/2045 2043/2043/2043 2046/2046/2046
f 2046/2046/2046 2043/2043/2043 2042/2042/2042
f 2047/2047/2047 2048/2048/2048 2049/2049/2049
f 2047/2047/2047 2049/2049/2049 2050/2050/2050
f 2051/2051/2051 2047/2047/2047 2050/2050/2050
f 2051/2051/2051 2050/2050/2050 2052/2052/2052
f 2053/2053/2053 2051/2051/2051 2052/2052/2052
f 2048/2048/2048 2054/2054/2054 2049/2049/2049
f 2048/2048/2048 2055/2055/2055 2054/2054/2054
f 2053/2053/2053 2052/2052/2052 2056/2056/2056
f 2057/2057/2057 2053/2053/2053 2056/2056/2056
f 2057/2057/2057 2056/2056/2056 2058/2058/2058
f 2059/2059/2059 2057/2057/2057 2058/2058/2058
f 2059/2059/2059 2058/2058/2058 2060/2060/2060
f 2061/2061/2061 2059/2059/2059 2060/2060/2060
f 2061/2061/2061 2060/2060/2060 2062/2062/2062
f 2063/2063/2063 2061/2061/2061 2062/2062/2062
f 2063/2063/2063 2062/2062/2062 2064/2064/2064
f 2065/2065/2065 2063/2063/2063 2064/2064/2064
f 2065/2065/2065 2064/2064/2064 2066/2066/2066
f 2067/2067/2067 2065/2065/2065 2066/2066/2066
f 2067/2067/2067 2066/2066/2066 2068/2068/2068
f 2069/2069/2069 2070/2070/2070 2071/2071/2071
f 2070/2070/2070 2069/2069/2069 2072/2072/2072
f 2069/2069/2069 2071/2071/2071 2073/2073/2073
f 2073/2073/2073 2071/2071/2071 2074/2074/2074
f 2073/2073/2073 2074/2074/2074 2075/2075/2075
f 2075/2075/2075 2074/2074/2074 2076/2076/2076
f 2070/2070/2070 2072/2072/2072 2077/2077/2077
f 2075/2075/2075 2076/2076/2076 2078/2078/2078
f 2078/2078/2078 2076/2076/2076 2079/2079/2079
f 2078/2078/2078 2079/2079/2079 2080/2080/2080
f 2080/2080/2080 2079/2079/2079 2081/2081/2081
f 2080/2080/2080 2081/2081/2081 2082/2082/2082
f 2083/2083/2083 2082/2082/2082 2081/2081/2081
f 2083/2083/2083 2084/2084/2084 2082/2082/2082
f 2084/2084/2084 2083/2083/2083 2085/2085/2085
f 2084/2084/2084 2085/2085/2085 2086/2086/2086
f 2087/2087/2087 2086/2086/2086 2085/2085/2085
f 2087/2087/2087 2088/2088/2088 2086/2086/2086
f 2088/2088/2088 2087/2087/2087 2089/2089/2089
f 2088/2088/2088 2089/2089/2089 2090/2090/2090
f 2091/2091/2091 2092/2092/2092 2093/2093/2093
f 2092/2092/2092 2091/2091/2091 2094/2094/2094
f 2091/2091/2091 2093/2093/2093 2095/2095/2095
f 2092/2092/2092 2094/2094/2094 2096/2096/2096
f 2096/2096/2096 2094/2094/2094 2097/2097/2097
f 2096/2096/2096 2097/2097/2097 2098/2098/2098
f 2098/2098/2098 2097/2097/2097 2099/2099/2099
f 2098/2098/2098 2099/2099/2099 2100/2100/2100
f 2100/2100/2100 2099/2099/2099 2101/2101/2101
f 2100/2100/2100 2101/2101/2101 2102/2102/2102
f 2102/2102/2102 2101/2101/2101 2103/2103/2103
f 2102/2102/2102 2103/2103/2103 2104/2104/2104
f 2105/2105/2105 2104/2104/2104 2103/2103/2103
f 2105/2105/2105 2106/2106/2106 2104/2104/2104
f 2107/2107/2107 2108/2108/2108 2109/2109/2109
f 2107/2107/2107 2109/2109/2109 2110/2110/2110
f 2111/2111/2111 2110/2110/2110 2109/2109/2109
f 2107/2107/2107 2112/2112/2112 2108/2108/2108
f 2107/2107/2107 2113/2113/2113 2112/2112/2112
f 2113/2113/2113 2114/2114/2114 2112/2112/2112
f 2113/2113/2113 2115/2115/2115 2114/2114/2114
f 2111/2111/2111 2109/2109/2109 2116/2116/2116
f 2111/2111/2111 2116/2116/2116 2117/2117/2117
f 2111/2111/2111 2117/2117/2117 2118/2118/2118
f 2118/2118/2118 2117/2117/2117 2119/2119/2119
f 2118/2118/2118 2119/2119/2119 2120/2120/2120
f 2121/2121/2121 2120/2120/2120 2119/2119/2119
f 2121/2121/2121 2122/2122/2122 2120/2120/2120
f 2122/2122/2122 2121/2121/2121 2123/2123/2123
f 2122/2122/2122 2123/2123/2123 2124/2124/2124
f 2125/2125/2125 2124/2124/2124 2123/2123/2123
f 2125/2125/2125 2126/2126/2126 2124/2124/2124
f 2127/2127/2127 2126/2126/2126 2125/2125/2125
f 2127/2127/2127 2125/2125/2125 2128/2128/2128
f 2129/2129/2129 2130/2130/2130 2131/2131/2131
f 2129/2129/2129 2131/2131/2131 2132/2132/2132
f 2133/2133/2133 2129/2129/2129 2132/2132/2132
f 2133/2133/2133 2132/2132/2132 2134/2134/2134
f 2133/2133/2133 2134/2134/2134 2135/2135/2135
f 2133/2133/2133 2135/2135/2135 2136/2136/2136
f 2136/2136/2136 2135/2135/2135 2137/2137/2137
f 2136/2136/2136 2137/2137/2137 2138/2138/2138
f 2139/2139/2139 2136/2136/2136 2138/2138/2138
f 2138/2138/2138 2137/2137/2137 2140/2140/2140
f 2139/2139/2139 2138/2138/2138 2141/2141/2141
f 2138/2138/2138 2140/2140/2140 2142/2142/2142
f 2143/2143/2143 2142/2142/2142 2140/2140/2140
f 2143/2143/2143 2140/2140/2140 2144/2144/2144
f 2145/2145/2145 2143/2143/2143 2144/2144/2144
f 2145/2145/2145 2144/2144/2144 2146/2146/2146
f 2146/2146/2146 2147/2147/2147 2145/2145/2145
f 2146/2146/2146 2148/2148/2148 2147/2147/2147
f 2149/2149/2149 2145/2145/2145 2147/2147/2147
f 2149/2149/2149 2147/2147/2147 2150/2150/2150
f 2151/2151/2151 2149/2149/2149 2150/2150/2150
f 2149/2149/2149 2151/2151/2151 2152/2152/2152
f 2149/2149/2149 2152/2152/2152 2153/2153/2153
f 2153/2153/2153 2152/2152/2152 2154/2154/2154
f 2153/2153/2153 2154/2154/2154 2155/2155/2155
f 2155/2155/2155 2154/2154/2154 2156/2156/2156
f 2155/2155/2155 2156/2156/2156 2141/2141/2141
f 2151/2151/2151 2150/2150/2150 2157/2157/2157
f 2156/2156/2156 2158/2158/2158 2139/2139/2139
f 2158/2158/2158 2159/2159/2159 2139/2139/2139
f 2158/2158/2158 2160/2160/2160 2159/2159/2159
f 2161/2161/2161 2159/2159/2159 2160/2160/2160
f 2161/2161/2161 2162/2162/2162 2159/2159/2159
f 2162/2162/2162 2161/2161/2161 2163/2163/2163
f 2162/2162/2162 2163/2163/2163 2164/2164/2164
f 2156/2156/2156 2139/2139/2139 2141/2141/2141
f 2165/2165/2165 2166/2166/2166 2167/2167/2167
f 2165/2165/2165 2167/2167/2167 2168/2168/2168
f 2169/2169/2169 2165/2165/2165 2168/2168/2168
f 2169/2169/2169 2168/2168/2168 2170/2170/2170
f 2171/2171/2171 2169/2169/2169 2170/2170/2170
f 2171/2171/2171 2170/2170/2170 2172/2172/2172
f 2173/2173/2173 2171/2171/2171 2172/2172/2172
f 2173/2173/2173 2172/2172/2172 2174/2174/2174
f 2175/2175/2175 2173/2173/2173 2174/2174/2174
f 2175/2175/2175 2174/2174/2174 2176/2176/2176
f 2177/2177/2177 2175/2175/2175 2176/2176/2176
f 2177/2177/2177 2176/2176/2176 2178/2178/2178
f 2179/2179/2179 2177/2177/2177 2178/2178/2178
f 2179/2179/2179 2178/2178/2178 2180/2180/2180
f 2181/2181/2181 2182/2182/2182 2183/2183/2183
f 2181/2181/2181 2183/2183/2183 2184/2184/2184
f 2185/2185/2185 2181/2181/2181 2184/2184/2184
f 2185/2185/2185 2184/2184/2184 2186/2186/2186
f 2187/2187/2187 2185/2185/2185 2186/2186/2186
f 2182/2182/2182 2188/2188/2188 2183/2183/2183
f 2182/2182/2182 2189/2189/2189 2188/2188/2188
f 2190/2190/2190 2188/2188/2188 2189/2189/2189
f 2190/2190/2190 2191/2191/2191 2188/2188/2188
f 2187/2187/2187 2186/2186/2186 2192/2192/2192
f 2193/2193/2193 2187/2187/2187 2192/2192/2192
f 2193/2193/2193 2192/2192/2192 2194/2194/2194
f 2193/2193/2193 2194/2194/2194 2195/2195/2195
f 2193/2193/2193 2195/2195/2195 2196/2196/2196
f 2196/2196/2196 2195/2195/2195 2197/2197/2197
f 2196/2196/2196 2197/2197/2197 2198/2198/2198
f 2198/2198/2198 2197/2197/2197 2199/2199/2199
f 2198/2198/2198 2199/2199/2199 2200/2200/2200
f 2200/2200/2200 2199/2199/2199 2201/2201/2201
f 2200/2200/2200 2201/2201/2201 2202/2202/2202
f 2203/2203/2203 2204/2204/2204 2205/2205/2205
f 2203/2203/2203 2205/2205/2205 2206/2206/2206
f 2207/2207/2207 2208/2208/2208 2209/2209/2209
f 2207/2207/2207 2209/2209/2209 2210/2210/2210
f 2211/2211/2211 2212/2212/2212 2213/2213/2213
f 2212/2212/2212 2211/2211/2211 2214/2214/2214
f 2211/2211/2211 2213/2213/2213 2215/2215/2215
f 2212/2212/2212 2214/2214/2214 2216/2216/2216
f 2217/2217/2217 2215/2215/2215 2213/2213/2213
f 2217/2217/2217 2218/2218/2218 2215/2215/2215
f 2217/2217/2217 2219/2219/2219 2218/2218/2218
f 2217/2217/2217 2220/2220/2220 2219/2219/2219
f 2221/2221/2221 2216/2216/2216 2214/2214/2214
f 2221/2221/2221 2222/2222/2222 2216/2216/2216
f 2223/2223/2223 2224/2224/2224 2225/2225/2225
f 2223/2223/2223 2225/2225/2225 2226/2226/2226
f 2227/2227/2227 2226/2226/2226 2225/2225/2225
f 2226/2226/2226 2227/2227/2227 2228/2228/2228
f 2228/2228/2228 2227/2227/2227 2229/2229/2229
f 2230/2230/2230 2231/2231/2231 2232/2232/2232
f 2230/2230/2230 2232/2232/2232 2233/2233/2233
f 2233/2233/2233 2232/2232/2232 2234/2234/2234
f 2233/2233/2233 2234/2234/2234 2235/2235/2235
f 2235/2235/2235 2234/2234/2234 2236/2236/2236
f 2235/2235/2235 2236/2236/2236 2237/2237/2237
f 2238/2238/2238 2239/2239/2239 2240/2240/2240
f 2238/2238/2238 2240/2240/2240 2241/2241/2241
f 2241/2241/2241 2240/2240/2240 2242/2242/2242
f 2243/2243/2243 2239/2239/2239 2238/2238/2238
f 2243/2243/2243 2244/2244/2244 2239/2239/2239
f 2241/2241/2241 2242/2242/2242 2245/2245/2245
f 2246/2246/2246 2247/2247/2247 2248/2248/2248
f 2246/2246/2246 2248/2248/2248 2249/2249/2249
f 2250/2250/2250 2247/2247/2247 2246/2246/2246
f 2250/2250/2250 2251/2251/2251 2247/2247/2247
f 2250/2250/2250 2252/2252/2252 2251/2251/2251
f 2253/2253/2253 2252/2252/2252 2250/2250/2250
f 2252/2252/2252 2253/2253/2253 2254/2254/2254
f 2253/2253/2253 2255/2255/2255 2254/2254/2254
f 2253/2253/2253 2256/2256/2256 2255/2255/2255
f 2257/2257/2257 2258/2258/2258 2259/2259/2259
f 2258/2258/2258 2257/2257/2257 2260/2260/2260
f 2257/2257/2257 2259/2259/2259 2261/2261/2261
f 2258/2258/2258 2260/2260/2260 2262/2262/2262
f 2263/2263/2263 2264/2264/2264 2265/2265/2265
f 2264/2264/2264 2263/2263/2263 2266/2266/2266
f 2264/2264/2264 2266/2266/2266 2267/2267/2267
f 2266/2266/2266 2263/2263/2263 2268/2268/2268
f 2268/2268/2268 2263/2263/2263 2269/2269/2269
f 2265/2265/2265 2264/2264/2264 2270/2270/2270
f 2270/2270/2270 2264/2264/2264 2271/2271/2271
f 2264/2264/2264 2267/2267/2267 2271/2271/2271
f 2270/2270/2270 2271/2271/2271 2272/2272/2272
f 2273/2273/2273 2274/2274/2274 2275/2275/2275
f 2273/2273/2273 2275/2275/2275 2276/2276/2276
f 2277/2277/2277 2278/2278/2278 2279/2279/2279
f 2280/2280/2280 2279/2279/2279 2278/2278/2278
f 2281/2281/2281 2279/2279/2279 2280/2280/2280
f 2279/2279/2279 2281/2281/2281 2282/2282/2282
f 2278/2278/2278 2277/2277/2277 2283/2283/2283
f 2278/2278/2278 2284/2284/2284 2280/2280/2280
f 2278/2278/2278 2285/2285/2285 2284/2284/2284
f 2283/2283/2283 2285/2285/2285 2278/2278/2278
f 2283/2283/2283 2286/2286/2286 2285/2285/2285
f 2287/2287/2287 2288/2288/2288 2289/2289/2289
f 2287/2287/2287 2289/2289/2289 2290/2290/2290
f 2289/2289/2289 2291/2291/2291 2290/2290/2290
f 2292/2292/2292 2291/2291/2291 2289/2289/2289
f 2292/2292/2292 2293/2293/2293 2291/2291/2291
f 2293/2293/2293 2292/2292/2292 2294/2294/2294
f 2295/2295/2295 2293/2293/2293 2294/2294/2294
f 2295/2295/2295 2294/2294/2294 2296/2296/2296
f 2297/2297/2297 2293/2293/2293 2295/2295/2295
f 2297/2297/2297 2295/2295/2295 2298/2298/2298
f 2295/2295/2295 2296/2296/2296 2299/2299/2299
f 2289/2289/2289 2300/2300/2300 2292/2292/2292
f 2289/2289/2289 2301/2301/2301 2300/2300/2300
f 2297/2297/2297 2298/2298/2298 2302/2302/2302
f 2303/2303/2303 2304/2304/2304 2305/2305/2305
f 2303/2303/2303 2305/2305/2305 2306/2306/2306
f 2307/2307/2307 2303/2303/2303 2306/2306/2306
f 2307/2307/2307 2306/2306/2306 2308/2308/2308
f 2309/2309/2309 2310/2310/2310 2311/2311/2311
f 2309/2309/2309 2311/2311/2311 2312/2312/2312
f 2312/2312/2312 2311/2311/2311 2313/2313/2313
f 2312/2312/2312 2313/2313/2313 2314/2314/2314
f 2315/2315/2315 2316/2316/2316 2317/2317/2317
f 2315/2315/2315 2317/2317/2317 2318/2318/2318
f 2319/2319/2319 2317/2317/2317 2316/2316/2316
f 2320/2320/2320 2317/2317/2317 2319/2319/2319
f 2317/2317/2317 2320/2320/2320 2321/2321/2321
f 2322/2322/2322 2316/2316/2316 2315/2315/2315
f 2322/2322/2322 2315/2315/2315 2323/2323/2323
f 2316/2316/2316 2322/2322/2322 2324/2324/2324
f 2316/2316/2316 2324/2324/2324 2325/2325/2325
f 2324/2324/2324 2322/2322/2322 2326/2326/2326
f 2327/2327/2327 2328/2328/2328 2329/2329/2329
f 2328/2328/2328 2327/2327/2327 2330/2330/2330
f 2327/2327/2327 2329/2329/2329 2331/2331/2331
f 2331/2331/2331 2329/2329/2329 2332/2332/2332
f 2331/2331/2331 2332/2332/2332 2333/2333/2333
f 2333/2333/2333 2332/2332/2332 2334/2334/2334
f 2333/2333/2333 2334/2334/2334 2335/2335/2335
f 2335/2335/2335 2334/2334/2334 2336/2336/2336
f 2335/2335/2335 2336/2336/2336 2337/2337/2337
f 2334/2334/2334 2338/2338/2338 2336/2336/2336
f 2334/2334/2334 2339/2339/2339 2338/2338/2338
f 2332/2332/2332 2339/2339/2339 2334/2334/2334
f 2332/2332/2332 2340/2340/2340 2339/2339/2339
f 2329/2329/2329 2340/2340/2340 2332/2332/2332
f 2329/2329/2329 2341/2341/2341 2340/2340/2340
f 2328/2328/2328 2341/2341/2341 2329/2329/2329
f 2328/2328/2328 2342/2342/2342 2341/2341/2341
f 2328/2328/2328 2330/2330/2330 2343/2343/2343
f 2343/2343/2343 2330/2330/2330 2344/2344/2344
f 2343/2343/2343 2344/2344/2344 2345/2345/2345
f 2345/2345/2345 2344/2344/2344 2346/2346/2346
f 2346/2346/2346 2344/2344/2344 2347/2347/2347
f 2346/2346/2346 2347/2347/2347 2348/2348/2348
f 2345/2345/2345 2346/2346/2346 2349/2349/2349
f 2345/2345/2345 2349/2349/2349 2350/2350/2350
f 2345/2345/2345 2350/2350/2350 2351/2351/2351
f 2352/2352/2352 2353/2353/2353 2354/2354/2354
f 2355/2355/2355 2354/2354/2354 2353/2353/2353
f 2352/2352/2352 2354/2354/2354 2356/2356/2356
f 2357/2357/2357 2352/2352/2352 2356/2356/2356
f 2357/2357/2357 2356/2356/2356 2358/2358/2358
f 2359/2359/2359 2357/2357/2357 2358/2358/2358
f 2359/2359/2359 2358/2358/2358 2360/2360/2360
f 2361/2361/2361 2359/2359/2359 2360/2360/2360
f 2361/2361/2361 2360/2360/2360 2362/2362/2362
f 2363/2363/2363 2359/2359/2359 2361/2361/2361
f 2363/2363/2363 2364/2364/2364 2359/2359/2359
f 2364/2364/2364 2357/2357/2357 2359/2359/2359
f 2364/2364/2364 2365/2365/2365 2357/2357/2357
f 2365/2365/2365 2352/2352/2352 2357/2357/2357
f 2365/2365/2365 2366/2366/2366 2352/2352/2352
f 2366/2366/2366 2353/2353/2353 2352/2352/2352
f 2366/2366/2366 2367/2367/2367 2353/2353/2353
f 2355/2355/2355 2353/2353/2353 2368/2368/2368
f 2369/2369/2369 2355/2355/2355 2368/2368/2368
f 2369/2369/2369 2368/2368/2368 2370/2370/2370
f 2370/2370/2370 2371/2371/2371 2369/2369/2369
f 2370/2370/2370 2372/2372/2372 2371/2371/2371
f 2372/2372/2372 2370/2370/2370 2373/2373/2373
f 2372/2372/2372 2373/2373/2373 2374/2374/2374
f 2371/2371/2371 2375/2375/2375 2369/2369/2369
f 2371/2371/2371 2376/2376/2376 2375/2375/2375
f 2377/2377/2377 2378/2378/2378 2379/2379/2379
f 2377/2377/2377 2379/2379/2379 2380/2380/2380
f 2378/2378/2378 2381/2381/2381 2379/2379/2379
f 2378/2378/2378 2382/2382/2382 2381/2381/2381
f 2382/2382/2382 2383/2383/2383 2381/2381/2381
f 2382/2382/2382 2384/2384/2384 2383/2383/2383
f 2385/2385/2385 2377/2377/2377 2380/2380/2380
f 2385/2385/2385 2386/2386/2386 2377/2377/2377
f 2386/2386/2386 2387/2387/2387 2377/2377/2377
f 2386/2386/2386 2388/2388/2388 2387/2387/2387
f 2377/2377/2377 2387/2387/2387 2389/2389/2389
f 2377/2377/2377 2389/2389/2389 2378/2378/2378
f 2378/2378/2378 2389/2389/2389 2390/2390/2390
f 2378/2378/2378 2390/2390/2390 2382/2382/2382
f 2390/2390/2390 2384/2384/2384 2382/2382/2382
f 2390/2390/2390 2391/2391/2391 2384/2384/2384
f 2392/2392/2392 2391/2391/2391 2390/2390/2390
f 2387/2387/2387 2393/2393/2393 2389/2389/2389
f 2387/2387/2387 2394/2394/2394 2393/2393/2393
f 2388/2388/2388 2394/2394/2394 2387/2387/2387
f 2389/2389/2389 2393/2393/2393 2395/2395/2395
f 2392/2392/2392 2390/2390/2390 2395/2395/2395
f 2389/2389/2389 2395/2395/2395 2390/2390/2390
f 2388/2388/2388 2396/2396/2396 2394/2394/2394
f 2397/2397/2397 2398/2398/2398 2399/2399/2399
f 2397/2397/2397 2399/2399/2399 2400/2400/2400
f 2398/2398/2398 2401/2401/2401 2399/2399/2399
f 2398/2398/2398 2402/2402/2402 2401/2401/2401
f 2403/2403/2403 2401/2401/2401 2402/2402/2402
f 2403/2403/2403 2404/2404/2404 2401/2401/2401
f 2405/2405/2405 2406/2406/2406 2407/2407/2407
f 2405/2405/2405 2407/2407/2407 2408/2408/2408
f 2409/2409/2409 2405/2405/2405 2408/2408/2408
f 2409/2409/2409 2410/2410/2410 2405/2405/2405
f 2410/2410/2410 2411/2411/2411 2405/2405/2405
f 2410/2410/2410 2412/2412/2412 2411/2411/2411
f 2405/2405/2405 2411/2411/2411 2413/2413/2413
f 2405/2405/2405 2413/2413/2413 2406/2406/2406
f 2411/2411/2411 2414/2414/2414 2413/2413/2413
f 2411/2411/2411 2415/2415/2415 2414/2414/2414
f 2412/2412/2412 2415/2415/2415 2411/2411/2411
f 2412/2412/2412 2416/2416/2416 2415/2415/2415
f 2417/2417/2417 2418/2418/2418 2419/2419/2419
f 2417/2417/2417 2419/2419/2419 2420/2420/2420
f 2421/2421/2421 2417/2417/2417 2420/2420/2420
f 2418/2418/2418 2422/2422/2422 2419/2419/2419
f 2418/2418/2418 2423/2423/2423 2422/2422/2422
f 2424/2424/2424 2417/2417/2417 2421/2421/2421
f 2424/2424/2424 2425/2425/2425 2417/2417/2417
f 2425/2425/2425 2418/2418/2418 2417/2417/2417
f 2425/2425/2425 2426/2426/2426 2418/2418/2418
f 2426/2426/2426 2423/2423/2423 2418/2418/2418
f 2426/2426/2426 2427/2427/2427 2423/2423/2423
f 2427/2427/2427 2426/2426/2426 2428/2428/2428
f 2426/2426/2426 2425/2425/2425 2429/2429/2429
f 2426/2426/2426 2429/2429/2429 2428/2428/2428
f 2425/2425/2425 2424/2424/2424 2430/2430/2430
f 2425/2425/2425 2430/2430/2430 2429/2429/2429
f 2427/2427/2427 2428/2428/2428 2431/2431/2431
f 2421/2421/2421 2420/2420/2420 2432/2432/2432
f 2433/2433/2433 2434/2434/2434 2435/2435/2435
f 2433/2433/2433 2435/2435/2435 2436/2436/2436
f 2436/2436/2436 2435/2435/2435 2437/2437/2437
f 2438/2438/2438 2434/2434/2434 2433/2433/2433
f 2438/2438/2438 2439/2439/2439 2434/2434/2434
f 2440/2440/2440 2439/2439/2439 2438/2438/2438
f 2440/2440/2440 2441/2441/2441 2439/2439/2439
f 2441/2441/2441 2440/2440/2440 2442/2442/2442
f 2436/2436/2436 2437/2437/2437 2443/2443/2443
f 2443/2443/2443 2437/2437/2437 2444/2444/2444
f 2443/2443/2443 2444/2444/2444 2445/2445/2445
f 2445/2445/2445 2444/2444/2444 2446/2446/2446
f 2445/2445/2445 2446/2446/2446 2447/2447/2447
f 2435/2435/2435 2448/2448/2448 2437/2437/2437
f 2435/2435/2435 2449/2449/2449 2448/2448/2448
f 2434/2434/2434 2449/2449/2449 2435/2435/2435
f 2437/2437/2437 2448/2448/2448 2450/2450/2450
f 2437/2437/2437 2450/2450/2450 2444/2444/2444
f 2444/2444/2444 2450/2450/2450 2451/2451/2451
f 2444/2444/2444 2451/2451/2451 2446/2446/2446
f 2441/2441/2441 2452/2452/2452 2439/2439/2439
f 2439/2439/2439 2452/2452/2452 2453/2453/2453
f 2441/2441/2441 2454/2454/2454 2452/2452/2452
f 2434/2434/2434 2453/2453/2453 2449/2449/2449
f 2454/2454/2454 2441/2441/2441 2455/2455/2455
f 2441/2441/2441 2442/2442/2442 2455/2455/2455
f 2455/2455/2455 2442/2442/2442 2456/2456/2456
f 2439/2439/2439 2453/2453/2453 2434/2434/2434
f 2453/2453/2453 2457/2457/2457 2449/2449/2449
f 2453/2453/2453 2458/2458/2458 2457/2457/2457
f 2452/2452/2452 2458/2458/2458 2453/2453/2453
f 2452/2452/2452 2459/2459/2459 2458/2458/2458
f 2454/2454/2454 2459/2459/2459 2452/2452/2452
f 2454/2454/2454 2460/2460/2460 2459/2459/2459
f 2449/2449/2449 2457/2457/2457 2461/2461/2461
f 2449/2449/2449 2461/2461/2461 2448/2448/2448
f 2448/2448/2448 2461/2461/2461 2462/2462/2462
f 2450/2450/2450 2462/2462/2462 2463/2463/2463
f 2450/2450/2450 2463/2463/2463 2451/2451/2451
f 2460/2460/2460 2454/2454/2454 2464/2464/2464
f 2454/2454/2454 2455/2455/2455 2464/2464/2464
f 2464/2464/2464 2455/2455/2455 2465/2465/2465
f 2455/2455/2455 2456/2456/2456 2465/2465/2465
f 2464/2464/2464 2465/2465/2465 2466/2466/2466
f 2467/2467/2467 2464/2464/2464 2466/2466/2466
f 2460/2460/2460 2464/2464/2464 2467/2467/2467
f 2467/2467/2467 2466/2466/2466 2468/2468/2468
f 2448/2448/2448 2462/2462/2462 2450/2450/2450
f 2469/2469/2469 2470/2470/2470 2471/2471/2471
f 2469/2469/2469 2471/2471/2471 2472/2472/2472
f 2473/2473/2473 2470/2470/2470 2469/2469/2469
f 2473/2473/2473 2474/2474/2474 2470/2470/2470
f 2474/2474/2474 2475/2475/2475 2470/2470/2470
f 2474/2474/2474 2476/2476/2476 2475/2475/2475
f 2470/2470/2470 2475/2475/2475 2477/2477/2477
f 2470/2470/2470 2477/2477/2477 2471/2471/2471
f 2475/2475/2475 2478/2478/2478 2477/2477/2477
f 2475/2475/2475 2479/2479/2479 2478/2478/2478
f 2476/2476/2476 2479/2479/2479 2475/2475/2475
f 2476/2476/2476 2480/2480/2480 2479/2479/2479
f 2481/2481/2481 2482/2482/2482 2483/2483/2483
f 2481/2481/2481 2483/2483/2483 2484/2484/2484
f 2485/2485/2485 2481/2481/2481 2484/2484/2484
f 2485/2485/2485 2484/2484/2484 2486/2486/2486
f 2482/2482/2482 2487/2487/2487 2483/2483/2483
f 2482/2482/2482 2488/2488/2488 2487/2487/2487
f 2489/2489/2489 2490/2490/2490 2491/2491/2491
f 2489/2489/2489 2491/2491/2491 2492/2492/2492
f 2490/2490/2490 2493/2493/2493 2491/2491/2491
f 2490/2490/2490 2494/2494/2494 2493/2493/2493
f 2494/2494/2494 2495/2495/2495 2493/2493/2493
f 2494/2494/2494 2496/2496/2496 2495/2495/2495
f 1127/1127/1127 1128/1128/1128 2497/2497/2497
f 2498/2498/2498 2499/2499/2499 2500/2500/2500
f 1337/1337/1337 1345/1345/1345 2501/2501/2501
f 1983/1983/1983 1984/1984/1984 2502/2502/2502
f 2503/2503/2503 2504/2504/2504 2505/2505/2505
f 2503/2503/2503 2505/2505/2505 2506/2506/2506
f 2507/2507/2507 2506/2506/2506 2505/2505/2505
f 2508/2508/2508 2504/2504/2504 2503/2503/2503
f 2508/2508/2508 2509/2509/2509 2504/2504/2504
f 2510/2510/2510 2508/2508/2508 2503/2503/2503
f 2510/2510/2510 2511/2511/2511 2508/2508/2508
f 2512/2512/2512 2511/2511/2511 2510/2510/2510
f 2512/2512/2512 2513/2513/2513 2511/2511/2511
f 2512/2512/2512 2514/2514/2514 2513/2513/2513
f 2512/2512/2512 2515/2515/2515 2514/2514/2514
f 2515/2515/2515 2516/2516/2516 2514/2514/2514
f 2515/2515/2515 2517/2517/2517 2516/2516/2516
f 2517/2517/2517 2518/2518/2518 2516/2516/2516
f 2517/2517/2517 2519/2519/2519 2518/2518/2518
f 2519/2519/2519 2520/2520/2520 2518/2518/2518
f 2519/2519/2519 2521/2521/2521 2520/2520/2520
f 2521/2521/2521 2522/2522/2522 2520/2520/2520
f 2521/2521/2521 2523/2523/2523 2522/2522/2522
f 2524/2524/2524 2523/2523/2523 2521/2521/2521
f 2524/2524/2524 2525/2525/2525 2523/2523/2523
f 2526/2526/2526 2525/2525/2525 2524/2524/2524
f 2526/2526/2526 2527/2527/2527 2525/2525/2525
f 2528/2528/2528 2527/2527/2527 2526/2526/2526
f 2528/2528/2528 2529/2529/2529 2527/2527/2527
f 2530/2530/2530 2529/2529/2529 2528/2528/2528
f 2530/2530/2530 2531/2531/2531 2529/2529/2529
f 2532/2532/2532 2531/2531/2531 2530/2530/2530
f 2532/2532/2532 2533/2533/2533 2531/2531/2531
f 2532/2532/2532 2534/2534/2534 2533/2533/2533
f 2532/2532/2532 2535/2535/2535 2534/2534/2534
f 2536/2536/2536 2534/2534/2534 2535/2535/2535
f 2536/2536/2536 2537/2537/2537 2534/2534/2534
f 2536/2536/2536 2538/2538/2538 2537/2537/2537
f 2536/2536/2536 2539/2539/2539 2538/2538/2538
f 2539/2539/2539 2540/2540/2540 2538/2538/2538
f 2539/2539/2539 2507/2507/2507 2540/2540/2540
f 2507/2507/2507 2505/2505/2505 2540/2540/2540
f 2541/2541/2541 2542/2542/2542 2543/2543/2543
f 2541/2541/2541 2543/2543/2543 2544/2544/2544
f 2545/2545/2545 2541/2541/2541 2544/2544/2544
f 2545/2545/2545 2544/2544/2544 2546/2546/2546
f 2547/2547/2547 2545/2545/2545 2546/2546/2546
f 2547/2547/2547 2546/2546/2546 2548/2548/2548
f 2542/2542/2542 2549/2549/2549 2543/2543/2543
f 2542/2542/2542 2550/2550/2550 2549/2549/2549
f 2550/2550/2550 2551/2551/2551 2549/2549/2549
f 2550/2550/2550 2552/2552/2552 2551/2551/2551
f 2552/2552/2552 2553/2553/2553 2551/2551/2551
f 2552/2552/2552 2554/2554/2554 2553/2553/2553
f 2555/2555/2555 2556/2556/2556 2557/2557/2557
f 2555/2555/2555 2557/2557/2557 2558/2558/2558
f 2555/2555/2555 2558/2558/2558 2559/2559/2559
f 2556/2556/2556 2560/2560/2560 2557/2557/2557
f 2561/2561/2561 2557/2557/2557 2560/2560/2560
f 2556/2556/2556 2562/2562/2562 2560/2560/2560
f 2561/2561/2561 2560/2560/2560 2563/2563/2563
f 2564/2564/2564 2561/2561/2561 2563/2563/2563
f 2564/2564/2564 2563/2563/2563 2565/2565/2565
f 2566/2566/2566 2564/2564/2564 2565/2565/2565
f 2566/2566/2566 2567/2567/2567 2564/2564/2564
f 2568/2568/2568 2567/2567/2567 2566/2566/2566
f 2568/2568/2568 2569/2569/2569 2567/2567/2567
f 2570/2570/2570 2569/2569/2569 2568/2568/2568
f 2570/2570/2570 2571/2571/2571 2569/2569/2569
f 2572/2572/2572 2571/2571/2571 2570/2570/2570
f 2572/2572/2572 2573/2573/2573 2571/2571/2571
f 2573/2573/2573 2572/2572/2572 2574/2574/2574
f 2573/2573/2573 2574/2574/2574 2575/2575/2575
f 2576/2576/2576 2573/2573/2573 2575/2575/2575
f 2576/2576/2576 2575/2575/2575 2577/2577/2577
f 2578/2578/2578 2576/2576/2576 2577/2577/2577
f 2578/2578/2578 2577/2577/2577 2579/2579/2579
f 2579/2579/2579 2580/2580/2580 2578/2578/2578
f 2579/2579/2579 2581/2581/2581 2580/2580/2580
f 2582/2582/2582 2580/2580/2580 2581/2581/2581
f 2582/2582/2582 2581/2581/2581 2583/2583/2583
f 2584/2584/2584 2582/2582/2582 2583/2583/2583
f 2584/2584/2584 2583/2583/2583 2585/2585/2585
f 2586/2586/2586 2584/2584/2584 2585/2585/2585
f 2586/2586/2586 2587/2587/2587 2584/2584/2584
f 2588/2588/2588 2587/2587/2587 2586/2586/2586
f 2588/2588/2588 2586/2586/2586 2589/2589/2589
f 2590/2590/2590 2588/2588/2588 2589/2589/2589
f 2590/2590/2590 2591/2591/2591 2588/2588/2588
f 2592/2592/2592 2591/2591/2591 2590/2590/2590
f 2592/2592/2592 2559/2559/2559 2591/2591/2591
f 2555/2555/2555 2559/2559/2559 2592/2592/2592
f 2593/2593/2593 2594/2594/2594 2595/2595/2595
f 2593/2593/2593 2595/2595/2595 2596/2596/2596
f 2593/2593/2593 2596/2596/2596 2597/2597/2597
f 2593/2593/2593 2597/2597/2597 2598/2598/2598
f 2599/2599/2599 2598/2598/2598 2597/2597/2597
f 2594/2594/2594 2600/2600/2600 2595/2595/2595
f 2594/2594/2594 2601/2601/2601 2600/2600/2600
f 2599/2599/2599 2597/2597/2597 2602/2602/2602
f 2603/2603/2603 2599/2599/2599 2602/2602/2602
f 2603/2603/2603 2602/2602/2602 2604/2604/2604
f 2605/2605/2605 2603/2603/2603 2604/2604/2604
f 2605/2605/2605 2604/2604/2604 2606/2606/2606
f 2607/2607/2607 2608/2608/2608 2609/2609/2609
f 2607/2607/2607 2609/2609/2609 2610/2610/2610
f 2611/2611/2611 2607/2607/2607 2610/2610/2610
f 2608/2608/2608 2612/2612/2612 2609/2609/2609
f 2608/2608/2608 2613/2613/2613 2612/2612/2612
f 2613/2613/2613 2614/2614/2614 2612/2612/2612
f 2613/2613/2613 2615/2615/2615 2614/2614/2614
f 2611/2611/2611 2610/2610/2610 2616/2616/2616
f 2617/2617/2617 2611/2611/2611 2616/2616/2616
f 2617/2617/2617 2616/2616/2616 2618/2618/2618
f 2619/2619/2619 2617/2617/2617 2618/2618/2618
f 2619/2619/2619 2618/2618/2618 2620/2620/2620
f 2621/2621/2621 2619/2619/2619 2620/2620/2620
f 2621/2621/2621 2620/2620/2620 2622/2622/2622
f 2623/2623/2623 2624/2624/2624 2625/2625/2625
f 2623/2623/2623 2625/2625/2625 2626/2626/2626
f 2624/2624/2624 2627/2627/2627 2625/2625/2625
f 2624/2624/2624 2628/2628/2628 2627/2627/2627
f 2629/2629/2629 2630/2630/2630 2631/2631/2631
f 2629/2629/2629 2631/2631/2631 2632/2632/2632
f 2633/2633/2633 2629/2629/2629 2632/2632/2632
f 2633/2633/2633 2632/2632/2632 2634/2634/2634
f 2630/2630/2630 2635/2635/2635 2631/2631/2631
f 2630/2630/2630 2636/2636/2636 2635/2635/2635
f 2637/2637/2637 2638/2638/2638 2639/2639/2639
f 2637/2637/2637 2639/2639/2639 2640/2640/2640
f 2641/2641/2641 2637/2637/2637 2640/2640/2640
f 2638/2638/2638 2642/2642/2642 2639/2639/2639
f 2638/2638/2638 2643/2643/2643 2642/2642/2642
f 2643/2643/2643 2644/2644/2644 2642/2642/2642
f 2643/2643/2643 2645/2645/2645 2644/2644/2644
f 2641/2641/2641 2640/2640/2640 2646/2646/2646
f 2647/2647/2647 2644/2644/2644 2645/2645/2645
f 2647/2647/2647 2648/2648/2648 2644/2644/2644
f 2647/2647/2647 2649/2649/2649 2648/2648/2648
f 2647/2647/2647 2650/2650/2650 2649/2649/2649
f 2651/2651/2651 2652/2652/2652 2653/2653/2653
f 2651/2651/2651 2653/2653/2653 2654/2654/2654
f 2652/2652/2652 2655/2655/2655 2653/2653/2653
f 2652/2652/2652 2656/2656/2656 2655/2655/2655
f 2656/2656/2656 2657/2657/2657 2655/2655/2655
f 2656/2656/2656 2658/2658/2658 2657/2657/2657
f 2659/2659/2659 2660/2660/2660 2661/2661/2661
f 2659/2659/2659 2661/2661/2661 2662/2662/2662
f 2663/2663/2663 2664/2664/2664 2665/2665/2665
f 2663/2663/2663 2665/2665/2665 2666/2666/2666
f 2664/2664/2664 2667/2667/2667 2665/2665/2665
f 2664/2664/2664 2668/2668/2668 2667/2667/2667
f 2669/2669/2669 2670/2670/2670 2671/2671/2671
f 2669/2669/2669 2671/2671/2671 2672/2672/2672
f 2673/2673/2673 2674/2674/2674 2675/2675/2675
f 2673/2673/2673 2675/2675/2675 2676/2676/2676
f 2677/2677/2677 2673/2673/2673 2676/2676/2676
f 2677/2677/2677 2676/2676/2676 2678/2678/2678
f 2679/2679/2679 2680/2680/2680 2681/2681/2681
f 2679/2679/2679 2681/2681/2681 2682/2682/2682
f 2683/2683/2683 2684/2684/2684 2685/2685/2685
f 2686/2686/2686 2683/2683/2683 2685/2685/2685
f 2687/2687/2687 2684/2684/2684 2683/2683/2683
f 2688/2688/2688 2684/2684/2684 2687/2687/2687
f 2684/2684/2684 2688/2688/2688 2689/2689/2689
f 2689/2689/2689 2688/2688/2688 2690/2690/2690
f 2687/2687/2687 2690/2690/2690 2688/2688/2688
f 2686/2686/2686 2685/2685/2685 2691/2691/2691
f 2691/2691/2691 2692/2692/2692 2686/2686/2686
f 2686/2686/2686 2692/2692/2692 2693/2693/2693
f 2693/2693/2693 2690/2690/2690 2687/2687/2687
f 2693/2693/2693 2692/2692/2692 2694/2694/2694
f 2690/2690/2690 2693/2693/2693 2695/2695/2695
f 2694/2694/2694 2695/2695/2695 2693/2693/2693
f 2695/2695/2695 2694/2694/2694 2696/2696/2696
f 2696/2696/2696 2694/2694/2694 2692/2692/2692
f 2697/2697/2697 2698/2698/2698 2699/2699/2699
f 2700/2700/2700 2699/2699/2699 2698/2698/2698
f 2700/2700/2700 2698/2698/2698 2701/2701/2701
f 2702/2702/2702 2699/2699/2699 2700/2700/2700
f 2700/2700/2700 2703/2703/2703 2702/2702/2702
f 2699/2699/2699 2702/2702/2702 2704/2704/2704
f 2704/2704/2704 2702/2702/2702 2703/2703/2703
f 2698/2698/2698 2697/2697/2697 2705/2705/2705
f 2706/2706/2706 2705/2705/2705 2697/2697/2697
f 2707/2707/2707 2705/2705/2705 2706/2706/2706
f 2705/2705/2705 2707/2707/2707 2698/2698/2698
f 2698/2698/2698 2707/2707/2707 2701/2701/2701
f 2701/2701/2701 2707/2707/2707 2708/2708/2708
f 2701/2701/2701 2708/2708/2708 2709/2709/2709
f 2701/2701/2701 2709/2709/2709 2710/2710/2710
f 2700/2700/2700 2701/2701/2701 2710/2710/2710
f 2709/2709/2709 2703/2703/2703 2710/2710/2710
f 2710/2710/2710 2703/2703/2703 2700/2700/2700
f 2711/2711/2711 2712/2712/2712 2713/2713/2713
f 2711/2711/2711 2713/2713/2713 2714/2714/2714
f 2715/2715/2715 2716/2716/2716 2717/2717/2717
f 2715/2715/2715 2717/2717/2717 2718/2718/2718
f 2719/2719/2719 2720/2720/2720 2721/2721/2721
f 2719/2719/2719 2721/2721/2721 2722/2722/2722
f 2722/2722/2722 2721/2721/2721 2723/2723/2723
f 2722/2722/2722 2723/2723/2723 2724/2724/2724
f 2725/2725/2725 2726/2726/2726 2727/2727/2727
f 2725/2725/2725 2727/2727/2727 2728/2728/2728
f 2729/2729/2729 2730/2730/2730 2731/2731/2731
f 2729/2729/2729 2731/2731/2731 2732/2732/2732
f 2733/2733/2733 2734/2734/2734 2735/2735/2735
f 2733/2733/2733 2735/2735/2735 2736/2736/2736
f 2737/2737/2737 2736/2736/2736 2735/2735/2735
f 2737/2737/2737 2735/2735/2735 2738/2738/2738
f 2738/2738/2738 2739/2739/2739 2737/2737/2737
f 2738/2738/2738 2740/2740/2740 2739/2739/2739
f 2741/2741/2741 2742/2742/2742 2743/2743/2743
f 2741/2741/2741 2743/2743/2743 2744/2744/2744
f 2745/2745/2745 2741/2741/2741 2744/2744/2744
f 2745/2745/2745 2744/2744/2744 2746/2746/2746
f 2745/2745/2745 2746/2746/2746 2747/2747/2747
f 2742/2742/2742 2747/2747/2747 2743/2743/2743
f 2742/2742/2742 2748/2748/2748 2747/2747/2747
f 2745/2745/2745 2747/2747/2747 2748/2748/2748
f 2749/2749/2749 2750/2750/2750 2751/2751/2751
f 2749/2749/2749 2751/2751/2751 2752/2752/2752
f 2753/2753/2753 2754/2754/2754 2755/2755/2755
f 2753/2753/2753 2755/2755/2755 2756/2756/2756
f 2757/2757/2757 2758/2758/2758 2759/2759/2759
f 2757/2757/2757 2759/2759/2759 2760/2760/2760
f 2761/2761/2761 2762/2762/2762 2763/2763/2763
f 2761/2761/2761 2763/2763/2763 2764/2764/2764
