#LowPoly.Res_Cube.001.obj
#Sunday, May 03, 2026
#10:41:13 PM
#-------

#LowPoly.Res_Cube.001
#-------
g LowPoly.Res_Cube.001
v -29.81987 354.5309 81.85664
v -30.20821 355.9801 81.85664
v -30.20821 354.9192 81.85664
v -30.35035 355.4497 81.85664
v -29.81987 356.3685 81.85664
v -28.3706 354.9192 81.85664
v -28.75893 354.5309 81.85664
v -29.2894 354.3888 81.85664
v -29.2894 356.5106 81.85664
v -28.3706 355.9801 81.85664
v -28.22845 355.4497 81.85664
v -28.75893 356.3685 81.85664
v -30.05137 356.6 81.85664
v -30.4397 356.2117 81.85664
v -29.20467 356.8269 81.85664
v -28.6742 356.6848 81.85664
v -29.37414 354.0725 81.85664
v -30.66658 355.365 81.85664
v -30.52444 354.8345 81.85664
v -28.13909 354.6877 81.85664
v -28.52743 354.2994 81.85664
v -28.05436 356.0649 81.85664
v -27.91222 355.5344 81.85664
v -29.90461 354.2147 81.85664
v -29.2894 355.9325 84.05013
v -29.70756 355.2083 84.05013
v -29.53083 355.8678 84.05013
v -29.70756 355.6911 84.05013
v -29.77225 355.4497 84.05013
v -28.87124 355.6911 84.05013
v -29.04798 355.8678 84.05013
v -28.87124 355.2083 84.05013
v -29.04798 355.0315 84.05013
v -29.2894 354.9668 84.05013
v -29.53083 355.0315 84.05013
v -28.80655 355.4497 84.05013
v -29.66934 354.7916 84.33394
v -29.53083 355.0315 84.05013
v -29.2894 354.9668 84.05013
v -29.2894 354.6898 84.33394
v -29.94748 355.8296 84.33394
v -29.66934 356.1078 84.33394
v -29.53083 355.8678 84.05013
v -29.70756 355.6911 84.05013
v -27.91222 355.5344 81.85664
v -28.22845 355.4497 81.85664
v -28.22845 355.4497 84.33394
v -27.91222 355.5344 84.33394
v -28.05436 356.0649 84.33394
v -28.3706 355.9801 84.33394
v -28.3706 355.9801 81.85664
v -28.05436 356.0649 81.85664
v -30.52444 354.8345 84.33394
v -30.20821 354.9192 84.33394
v -30.20821 354.9192 81.85664
v -30.52444 354.8345 81.85664
v -29.20467 356.8269 84.33394
v -29.2894 356.5106 84.33394
v -29.2894 356.5106 81.85664
v -29.20467 356.8269 81.85664
v -30.05137 356.6 81.85664
v -30.05137 356.6 84.33394
v -30.4397 356.2117 84.33394
v -30.4397 356.2117 81.85664
v -28.3706 355.9801 81.85664
v -28.3706 355.9801 84.33394
v -28.75893 356.3685 84.33394
v -28.75893 356.3685 81.85664
v -29.81987 356.3685 84.33394
v -29.66934 356.1078 84.33394
v -29.94748 355.8296 84.33394
v -30.20821 355.9801 84.33394
v -30.35035 355.4497 84.33394
v -30.04928 355.4497 84.33394
v -30.20821 354.9192 84.33394
v -29.94748 355.0698 84.33394
v -29.66934 354.7916 84.33394
v -29.81987 354.5309 84.33394
v -30.66658 355.365 84.33394
v -30.52444 354.8345 84.33394
v -29.2894 356.2095 84.33394
v -29.2894 356.5106 84.33394
v -29.2894 354.3888 84.33394
v -29.90461 354.2147 84.33394
v -29.37414 354.0725 84.33394
v -29.2894 354.6898 84.33394
v -28.90946 356.1078 84.33394
v -28.75893 356.3685 84.33394
v -28.3706 355.9801 84.33394
v -28.63132 355.8296 84.33394
v -28.52952 355.4497 84.33394
v -28.22845 355.4497 84.33394
v -28.3706 354.9192 84.33394
v -28.63132 355.0698 84.33394
v -28.90946 354.7916 84.33394
v -28.75893 354.5309 84.33394
v -28.13909 354.6877 84.33394
v -28.52743 354.2994 84.33394
v -28.05436 356.0649 84.33394
v -27.91222 355.5344 84.33394
v -29.20467 356.8269 84.33394
v -28.6742 356.6848 84.33394
v -28.3706 354.9192 81.85664
v -28.3706 354.9192 84.33394
v -28.22845 355.4497 84.33394
v -28.22845 355.4497 81.85664
v -30.05137 356.6 81.85664
v -29.81987 356.3685 81.85664
v -29.81987 356.3685 84.33394
v -30.05137 356.6 84.33394
v -30.66658 355.365 81.85664
v -30.35035 355.4497 81.85664
v -30.35035 355.4497 84.33394
v -30.66658 355.365 84.33394
v -28.52743 354.2994 81.85664
v -28.52743 354.2994 84.33394
v -28.13909 354.6877 84.33394
v -28.13909 354.6877 81.85664
v -29.37414 354.0725 84.33394
v -29.2894 354.3888 84.33394
v -29.2894 354.3888 81.85664
v -29.37414 354.0725 81.85664
v -30.20821 354.9192 81.85664
v -30.20821 354.9192 84.33394
v -29.81987 354.5309 84.33394
v -29.81987 354.5309 81.85664
v -29.2894 354.3888 81.85664
v -29.2894 354.3888 84.33394
v -28.75893 354.5309 84.33394
v -28.75893 354.5309 81.85664
v -30.20821 355.9801 81.85664
v -30.20821 355.9801 84.33394
v -30.35035 355.4497 84.33394
v -30.35035 355.4497 81.85664
v -29.2894 356.5106 81.85664
v -29.2894 356.5106 84.33394
v -29.81987 356.3685 84.33394
v -29.81987 356.3685 81.85664
v -28.13909 354.6877 84.33394
v -28.3706 354.9192 84.33394
v -28.3706 354.9192 81.85664
v -28.13909 354.6877 81.85664
v -29.90461 354.2147 81.85664
v -29.81987 354.5309 81.85664
v -29.81987 354.5309 84.33394
v -29.90461 354.2147 84.33394
v -28.52743 354.2994 81.85664
v -28.75893 354.5309 81.85664
v -28.75893 354.5309 84.33394
v -28.52743 354.2994 84.33394
v -28.6742 356.6848 81.85664
v -28.6742 356.6848 84.33394
v -29.20467 356.8269 84.33394
v -29.20467 356.8269 81.85664
v -28.6742 356.6848 81.85664
v -28.75893 356.3685 81.85664
v -28.75893 356.3685 84.33394
v -28.6742 356.6848 84.33394
v -27.91222 355.5344 81.85664
v -27.91222 355.5344 84.33394
v -28.05436 356.0649 84.33394
v -28.05436 356.0649 81.85664
v -29.90461 354.2147 81.85664
v -29.90461 354.2147 84.33394
v -29.37414 354.0725 84.33394
v -29.37414 354.0725 81.85664
v -30.66658 355.365 81.85664
v -30.66658 355.365 84.33394
v -30.52444 354.8345 84.33394
v -30.52444 354.8345 81.85664
v -30.4397 356.2117 84.33394
v -30.20821 355.9801 84.33394
v -30.20821 355.9801 81.85664
v -30.4397 356.2117 81.85664
v -30.4397 356.2117 84.33394
v -30.05137 356.6 84.33394
v -28.63132 355.0698 84.33394
v -28.90946 354.7916 84.33394
v -29.04798 355.0315 84.05013
v -28.87124 355.2083 84.05013
v -29.2894 356.2095 84.33394
v -29.2894 355.9325 84.05013
v -29.53083 355.8678 84.05013
v -29.66934 356.1078 84.33394
v -28.63132 355.0698 84.33394
v -28.87124 355.2083 84.05013
v -28.80655 355.4497 84.05013
v -28.52952 355.4497 84.33394
v -28.52952 355.4497 84.33394
v -28.80655 355.4497 84.05013
v -28.87124 355.6911 84.05013
v -28.63132 355.8296 84.33394
v -29.2894 356.2095 84.33394
v -28.90946 356.1078 84.33394
v -29.04798 355.8678 84.05013
v -29.2894 355.9325 84.05013
v -30.04928 355.4497 84.33394
v -29.77225 355.4497 84.05013
v -29.70756 355.2083 84.05013
v -29.94748 355.0698 84.33394
v -28.63132 355.8296 84.33394
v -28.87124 355.6911 84.05013
v -29.04798 355.8678 84.05013
v -28.90946 356.1078 84.33394
v -28.90946 354.7916 84.33394
v -29.2894 354.6898 84.33394
v -29.2894 354.9668 84.05013
v -29.04798 355.0315 84.05013
v -30.04928 355.4497 84.33394
v -29.94748 355.8296 84.33394
v -29.70756 355.6911 84.05013
v -29.77225 355.4497 84.05013
v -29.94748 355.0698 84.33394
v -29.70756 355.2083 84.05013
v -29.53083 355.0315 84.05013
v -29.66934 354.7916 84.33394
v -25.07654 355.2834 121.0936
v -26.98446 358.5361 120.4043
v -25.07654 355.2815 120.1939
v -26.98446 359.0041 120.7653
v -26.98446 359.0255 122.6198
v -25.07654 353.884 121.3469
v -25.07654 354.6502 123.3683
v -26.98446 359.5408 123.4252
v -25.07654 349.9408 121.299
v -25.07654 349.9808 126.157
v -25.07654 352.0964 127.327
v -25.07654 354.6805 127.7357
v -26.98446 359.5909 127.7708
v -26.98446 358.526 119.5289
v -25.07654 355.2737 119.1048
v -25.07654 355.2718 117.8389
v -26.98446 358.9857 119.1678
v -26.98446 358.828 105.5114
v -25.07654 355.0859 106.0494
v -26.65585 358.3195 105.3423
v -26.33375 358.1001 104.8129
v -25.07654 355.1008 105.4662
v -25.07654 355.079 105.0609
v -26.04445 358.1001 104.0458
v -25.84835 357.3644 103.1118
v -26.34702 358.0823 103.1066
v -25.84828 357.3434 101.2935
v -25.07654 354.842 97.33819
v -26.07114 358.3524 99.5173
v -26.34698 358.0592 101.1098
v -26.4584 358.8119 99.80252
v -26.03881 358.3071 95.19785
v -25.07654 355.3235 95.26698
v -26.44225 358.7609 95.18733
v -25.48224 347.8066 82.54736
v -25.5774 342.2645 87.03285
v -25.57737 347.5143 86.98906
v -25.26734 343.4895 75.20242
v -25.34111 350.6089 75.75852
v -25.48543 350.6089 82.54292
v -25.60725 338.4632 86.4678
v -25.60723 339.4079 86.85925
v -25.60721 340.0711 87.24258
v -25.22944 341.8832 73.48482
v -25.6072 328.4206 84.86996
v -25.22939 328.5671 68.73189
v -25.22939 324.9455 69.51913
v -25.6072 325.1163 85.73981
v -25.22939 328.5671 68.14808
v -25.22944 341.8832 72.90101
v -25.22939 324.9455 68.9353
v -25.6072 328.4206 85.58415
v -25.6072 325.1163 86.45401
v -25.60725 338.4632 87.18201
v -29.95659 341.9439 91.22227
v -29.95659 342.5121 92.31313
v -29.95659 341.2162 91.84631
v -29.95659 343.1557 90.67233
v -29.95659 344.8468 92.0221
v -29.95659 340.7325 92.61678
v -29.95659 345.9453 90.59732
v -29.95659 347.2303 92.31673
v -29.95659 347.3279 90.2426
v -29.95659 340.844 93.21238
v -30.36732 355.133 67.89272
v -28.23656 355.133 67.89272
v -29.52302 355.6839 67.32796
v -30.21223 355.4085 67.61034
v -29.9032 355.6101 67.40362
v -29.08086 355.6839 67.32796
v -28.39165 355.4085 67.61034
v -28.70068 355.6101 67.40362
v -30.54769 354.2665 68.78111
v -28.05619 354.2665 68.78111
v -27.70194 349.5941 71.1414
v -30.90194 349.5941 71.1414
v -31.68848 359.0255 122.6198
v -31.68848 359.5408 123.4252
v -33.52679 354.6502 123.3683
v -33.52679 353.884 121.3469
v -33.52679 355.2834 121.0936
v -31.68848 359.0041 120.7653
v -31.68848 358.5361 120.4043
v -33.52679 355.2815 120.1939
v -33.52679 354.6805 127.7357
v -33.52679 352.0964 127.327
v -33.52679 349.9808 126.157
v -31.68848 359.5909 127.7708
v -33.52679 349.9408 121.299
v -31.68848 358.526 119.5289
v -33.52679 355.2737 119.1048
v -33.52679 355.2718 117.8389
v -31.68848 358.9857 119.1678
v -31.68848 358.828 105.5114
v -33.52679 355.0859 106.0494
v -32.01709 358.3195 105.3423
v -32.27438 358.1001 104.806
v -33.52679 355.1008 105.4662
v -33.52679 355.079 105.0609
v -32.4566 358.1001 104.076
v -32.75498 357.3644 103.1118
v -32.25631 358.0823 103.1066
v -32.75505 357.3434 101.2935
v -33.52679 354.842 97.33819
v -32.53218 358.3524 99.5173
v -32.25635 358.0592 101.1098
v -32.14492 358.8119 99.80252
v -32.16108 358.7609 95.18733
v -32.56452 358.3071 95.19785
v -33.52679 355.3235 95.26698
v -33.52679 355.3235 95.26698
v -31.70404 356.6424 95.23643
v -32.56452 358.3071 95.19785
v -32.07788 355.4497 95.26405
v -32.03833 355.3235 95.26698
v -30.68271 357.5154 95.2162
v -32.16108 358.7609 95.18733
v -31.35158 359.0931 95.17963
v -30.35292 359.2147 95.17683
v -29.28756 357.835 95.20879
v -28.25041 359.2147 95.17683
v -27.89239 357.5154 95.2162
v -27.25175 359.0931 95.17963
v -26.44225 358.7609 95.18733
v -26.03881 358.3071 95.19785
v -26.87107 356.6424 95.23643
v -25.07654 355.3235 95.26698
v -26.49724 355.4497 95.26405
v -26.53678 355.3235 95.26698
v -30.54769 354.2665 68.78111
v -30.90194 353.2372 72.85368
v -30.90194 349.5941 71.1414
v -30.54769 355.8719 69.37354
v -30.36732 355.133 67.89272
v -30.36732 356.4811 68.39022
v -30.21223 355.4085 67.61034
v -30.21223 356.6748 68.07765
v -27.70194 353.2372 72.85368
v -28.05619 354.2665 68.78111
v -27.70194 349.5941 71.1414
v -28.05619 355.8719 69.37354
v -28.23656 355.133 67.89272
v -28.23656 356.4811 68.39022
v -28.39165 355.4085 67.61034
v -28.39165 356.6748 68.07765
v -29.28756 357.835 127.7583
v -26.98446 359.5909 127.7708
v -27.89239 357.5154 127.756
v -31.68848 359.5909 127.7708
v -30.68271 357.5154 127.756
v -26.87107 356.6424 127.7497
v -25.07654 354.6805 127.7357
v -26.49724 355.4497 127.7412
v -26.73834 354.6805 127.7357
v -26.87107 354.257 127.6687
v -31.70404 356.6424 127.7497
v -25.07654 352.0964 127.327
v -27.89239 353.3839 127.5306
v -29.28756 353.0643 127.4801
v -33.52679 352.0964 127.327
v -30.68271 353.3839 127.5306
v -31.70404 354.257 127.6687
v -33.52679 354.6805 127.7357
v -32.07788 355.4497 127.7412
v -31.83677 354.6805 127.7357
v -25.07654 349.9808 126.157
v -33.52679 349.9808 126.157
v -32.4566 358.1001 104.076
v -30.35292 358.8001 103.1014
v -28.25041 358.8001 103.1014
v -31.3771 358.6078 103.1028
v -32.25631 358.0823 103.1066
v -26.04445 358.1001 104.0458
v -27.22623 358.6078 103.1028
v -26.34702 358.0823 103.1066
v -30.35292 358.7751 100.9262
v -28.25041 358.7751 100.9262
v -32.25635 358.0592 101.1098
v -31.3771 358.5833 100.9754
v -32.14492 358.8119 99.80252
v -31.34725 359.1483 100.0113
v -31.35158 359.0931 95.17963
v -30.35292 359.2147 95.17683
v -30.35292 359.2714 100.0877
v -32.16108 358.7609 95.18733
v -26.34698 358.0592 101.1098
v -27.22622 358.5833 100.9754
v -26.4584 358.8119 99.80252
v -27.25607 359.1483 100.0113
v -27.25175 359.0931 95.17963
v -26.44225 358.7609 95.18733
v -28.25041 359.2147 95.17683
v -28.25041 359.2714 100.0877
v -27.15975 358.9802 75.00466
v -27.15975 359.2479 77.06992
v -27.65911 360.5429 75.50169
v -27.65911 360.4259 74.8019
v -27.15975 358.4589 77.12019
v -27.15975 358.0826 74.87008
v -30.36732 356.4811 68.39022
v -30.21223 356.6748 68.07765
v -29.52302 356.8684 67.76509
v -29.9032 356.8165 67.84884
v -29.08086 356.8684 67.76509
v -28.23656 356.4811 68.39022
v -28.39165 356.6748 68.07765
v -28.70068 356.8165 67.84884
v -28.05619 355.8719 69.37354
v -30.54769 355.8719 69.37354
v -30.90194 353.2372 72.85368
v -27.70194 353.2372 72.85368
v -31.44413 359.2479 77.06992
v -31.44413 358.9802 75.00466
v -30.94477 360.5429 75.50169
v -30.94477 360.4259 74.8019
v -31.44413 358.4589 77.12019
v -31.44413 358.0826 74.87008
v -33.52679 355.079 105.0609
v -31.88741 354.842 97.33819
v -33.52679 354.842 97.33819
v -33.52679 355.1008 105.4662
v -33.52679 355.0859 106.0494
v -32.02575 355.2834 121.0936
v -33.52679 355.2718 117.8389
v -33.52679 355.2737 119.1048
v -33.52679 355.2815 120.1939
v -33.52679 355.2834 121.0936
v -32.03833 355.3235 95.26698
v -33.52679 355.3235 95.26698
v -29.65531 359.8421 75.90987
v -27.15975 359.2479 77.06992
v -31.44413 359.2479 77.06992
v -30.94477 360.5429 75.50169
v -28.94856 359.8421 75.90987
v -27.65911 360.5429 75.50169
v -28.94856 359.8421 74.83277
v -29.65531 359.8421 74.83277
v -26.54936 355.2834 121.0936
v -26.6877 354.842 97.33819
v -26.49724 355.4497 95.26405
v -26.49724 355.4497 127.7412
v -26.53678 355.3235 95.26698
v -26.87107 354.257 121.2794
v -26.73834 354.6805 127.7357
v -26.87107 354.257 127.6687
v -27.30741 353.884 121.3469
v -26.87107 356.6424 127.7497
v -26.87107 356.6424 95.23643
v -25.07654 355.2737 119.1048
v -26.54936 355.2834 121.0936
v -25.07654 355.2815 120.1939
v -25.07654 355.2834 121.0936
v -25.07654 355.2718 117.8389
v -25.07654 355.0859 106.0494
v -26.6877 354.842 97.33819
v -25.07654 355.1008 105.4662
v -25.07654 355.079 105.0609
v -25.07654 354.842 97.33819
v -26.53678 355.3235 95.26698
v -25.07654 355.3235 95.26698
v -32.02575 355.2834 121.0936
v -32.07788 355.4497 95.26405
v -31.88741 354.842 97.33819
v -32.03833 355.3235 95.26698
v -32.07788 355.4497 127.7412
v -31.70404 354.257 121.2794
v -31.83677 354.6805 127.7357
v -31.70404 354.257 127.6687
v -31.2677 353.884 121.3469
v -31.70404 356.6424 127.7497
v -31.70404 356.6424 95.23643
v -28.6473 345.9453 90.59732
v -28.6473 344.8468 92.0221
v -28.6473 347.2303 92.31673
v -28.6473 343.1557 90.67233
v -28.6473 342.5121 92.31313
v -28.6473 341.9439 91.22227
v -28.6473 341.2162 91.84631
v -28.6473 340.7325 92.61678
v -28.6473 340.844 93.21238
v -28.6473 347.3279 90.2426
v -29.28756 353.0643 121.3355
v -25.07654 349.9408 121.299
v -27.89239 353.3839 121.34
v -25.07654 353.884 121.3469
v -33.52679 349.9408 121.299
v -27.30741 353.884 121.3469
v -26.87107 354.257 121.2794
v -30.68271 353.3839 121.34
v -33.52679 353.884 121.3469
v -31.2677 353.884 121.3469
v -31.70404 354.257 121.2794
v -32.02575 355.2834 121.0936
v -33.52679 355.2834 121.0936
v -26.54936 355.2834 121.0936
v -25.07654 355.2834 121.0936
v -32.99657 338.4632 86.4678
v -33.12884 340.9969 82.32387
v -32.99655 339.4064 86.85957
v -32.9966 328.4206 84.86996
v -33.37438 341.8832 73.48482
v -33.37442 328.5671 68.73189
v -33.37442 324.9455 69.51913
v -32.99661 325.1163 85.73981
v -33.37438 341.8832 72.90101
v -33.37442 328.5671 68.14808
v -32.99661 325.1163 86.45401
v -32.9966 328.4206 85.58415
v -33.33647 343.4895 75.20242
v -33.1269 341.5807 82.57143
v -33.26271 350.6089 75.75852
v -33.02644 350.6086 86.86439
v -32.99662 340.072 87.24232
v -33.37442 324.9455 68.9353
v -32.99657 338.4632 87.18201
v -32.50818 341.0009 82.31018
v -32.37592 338.4696 86.45464
v -32.37592 339.4153 86.84681
v -32.37592 328.4203 84.85687
v -32.75373 341.8864 73.47071
v -32.71582 343.4902 75.188
v -32.50621 341.5825 82.55856
v -32.64196 350.6081 75.74795
v -32.4057 350.6081 86.85382
v -32.37592 340.0769 87.23057
v -32.75373 328.5677 68.7189
v -32.75373 324.942 69.50661
v -32.37592 325.1125 85.72729
v -26.22789 339.4153 86.84681
v -26.19811 342.2668 87.02119
v -26.22789 340.0769 87.23057
v -26.22789 338.4696 86.45464
v -25.88799 343.4902 75.188
v -26.10299 347.8058 82.5367
v -26.19811 347.5137 86.97839
v -25.96185 350.6081 75.74795
v -26.10618 350.6081 82.53235
v -25.85008 341.8864 73.47071
v -26.22789 328.4203 84.85687
v -25.85008 328.5677 68.7189
v -25.85008 324.942 69.50661
v -26.22789 325.1125 85.72729
v -27.15975 358.9802 75.00466
v -28.94856 359.8421 74.83277
v -31.44413 358.9802 75.00466
v -31.44413 358.0826 74.87008
v -27.15975 358.0826 74.87008
v -27.65911 360.4259 74.8019
v -28.65866 360.4259 74.8019
v -29.65531 359.8421 74.83277
v -30.94477 360.4259 74.8019
v -29.94522 360.4259 74.8019
v -26.22789 340.0769 87.23057
v -25.60721 340.0711 87.24258
v -25.60723 339.4079 86.85925
v -26.22789 339.4153 86.84681
v -25.60725 338.4632 86.4678
v -26.22789 338.4696 86.45464
v -26.19811 342.2668 87.02119
v -25.5774 342.2645 87.03285
v -25.57737 347.5143 86.98906
v -26.19811 347.5137 86.97839
v -26.98446 358.5361 120.4043
v -31.68848 358.5361 120.4043
v -31.68848 358.526 119.5289
v -26.98446 358.526 119.5289
v -31.2677 353.884 121.3469
v -30.68271 353.3839 121.34
v -30.68271 353.3839 127.5306
v -31.70404 354.257 127.6687
v -29.28756 353.0643 127.4801
v -29.28756 353.0643 121.3355
v -27.89239 353.3839 121.34
v -27.89239 353.3839 127.5306
v -27.30741 353.884 121.3469
v -26.87107 354.257 127.6687
v -30.21223 356.6748 68.07765
v -30.21223 355.4085 67.61034
v -29.9032 355.6101 67.40362
v -29.9032 356.8165 67.84884
v -29.52302 355.6839 67.32796
v -29.52302 356.8684 67.76509
v -29.08086 355.6839 67.32796
v -29.08086 356.8684 67.76509
v -28.70068 356.8165 67.84884
v -28.70068 355.6101 67.40362
v -28.39165 356.6748 68.07765
v -28.39165 355.4085 67.61034
v -27.15975 358.0826 74.87008
v -31.44413 358.0826 74.87008
v -31.44413 358.4589 77.12019
v -27.15975 358.4589 77.12019
v -28.6473 340.844 93.21238
v -28.6473 340.7325 92.61678
v -29.95659 340.7325 92.61678
v -29.95659 340.844 93.21238
v -29.95659 341.2162 91.84631
v -28.6473 341.2162 91.84631
v -29.95659 340.844 93.21238
v -29.95659 342.5121 92.31313
v -28.6473 342.5121 92.31313
v -28.6473 340.844 93.21238
v -28.6473 344.8468 92.0221
v -29.95659 344.8468 92.0221
v -28.6473 347.2303 92.31673
v -29.95659 347.2303 92.31673
v -27.70194 353.2372 72.85368
v -27.70194 349.5941 71.1414
v -30.90194 349.5941 71.1414
v -30.90194 353.2372 72.85368
v -26.98446 358.526 119.5289
v -31.68848 358.526 119.5289
v -31.68848 358.9857 119.1678
v -26.98446 358.9857 119.1678
v -27.15975 358.4589 77.12019
v -31.44413 358.4589 77.12019
v -31.44413 359.2479 77.06992
v -27.15975 359.2479 77.06992
v -28.6473 341.2162 91.84631
v -28.6473 341.9439 91.22227
v -29.95659 341.9439 91.22227
v -29.95659 341.2162 91.84631
v -29.95659 343.1557 90.67233
v -28.6473 343.1557 90.67233
v -29.95659 345.9453 90.59732
v -28.6473 345.9453 90.59732
v -29.95659 347.3279 90.2426
v -28.6473 347.3279 90.2426
v -27.65911 360.5429 75.50169
v -28.65866 360.5429 75.50169
v -28.65866 360.4259 74.8019
v -27.65911 360.4259 74.8019
v -27.65911 360.5429 75.50169
v -28.94856 359.8421 75.90987
v -28.65866 360.5429 75.50169
v -29.94522 360.5429 75.50169
v -29.65531 359.8421 75.90987
v -30.94477 360.5429 75.50169
v -28.6473 347.3279 90.2426
v -28.6473 347.2303 92.31673
v -29.95659 347.2303 92.31673
v -29.95659 347.3279 90.2426
v -30.94477 360.5429 75.50169
v -30.94477 360.4259 74.8019
v -29.94522 360.4259 74.8019
v -29.94522 360.5429 75.50169
v -32.27438 358.1001 104.806
v -26.33375 358.1001 104.8129
v -26.65585 358.3195 105.3423
v -32.01709 358.3195 105.3423
v -32.75373 341.8864 73.47071
v -32.71582 343.4902 75.188
v -33.33647 343.4895 75.20242
v -33.37438 341.8832 73.48482
v -32.75373 341.8864 72.8869
v -33.37438 341.8832 72.90101
v -30.51632 341.8864 71.57642
v -30.51632 341.8864 73.47071
v -28.0875 341.8864 73.47071
v -28.0875 341.8864 71.57642
v -25.85008 341.8864 72.8869
v -25.85008 341.8864 73.47071
v -25.22944 341.8832 72.90101
v -25.22944 341.8832 73.48482
v -25.26734 343.4895 75.20242
v -25.88799 343.4902 75.188
v -26.98446 358.9857 119.1678
v -31.68848 358.9857 119.1678
v -31.68848 358.828 105.5114
v -26.98446 358.828 105.5114
v -25.07654 349.9808 126.157
v -25.07654 349.9408 121.299
v -33.52679 349.9408 121.299
v -33.52679 349.9808 126.157
v -26.10618 350.6081 82.53235
v -25.48543 350.6089 82.54292
v -25.48224 347.8066 82.54736
v -26.10299 347.8058 82.5367
v -26.98446 358.828 105.5114
v -31.68848 358.828 105.5114
v -32.01709 358.3195 105.3423
v -26.65585 358.3195 105.3423
v -25.34111 350.6089 75.75852
v -25.96185 350.6081 75.74795
v -25.88799 343.4902 75.188
v -25.26734 343.4895 75.20242
v -32.75373 324.942 69.50661
v -32.75373 328.5677 68.7189
v -30.51632 328.5677 68.7189
v -30.57824 324.942 69.50661
v -30.51632 341.8864 73.47071
v -32.75373 341.8864 73.47071
v -28.02557 324.942 69.50661
v -28.0875 328.5677 68.7189
v -25.85008 328.5677 68.7189
v -25.85008 324.942 69.50661
v -28.0875 341.8864 73.47071
v -25.85008 341.8864 73.47071
v -32.71582 343.4902 75.188
v -32.64196 350.6081 75.74795
v -33.26271 350.6089 75.75852
v -33.33647 343.4895 75.20242
v -32.50621 341.5825 82.55856
v -32.50818 341.0009 82.31018
v -33.12884 340.9969 82.32387
v -33.1269 341.5807 82.57143
v -32.99661 325.1163 85.73981
v -32.37592 325.1125 85.72729
v -32.75373 324.942 69.50661
v -33.37442 324.9455 69.51913
v -32.37592 325.1125 86.4415
v -32.99661 325.1163 86.45401
v -33.37442 324.9455 68.9353
v -32.75373 324.942 68.74961
v -30.57824 324.942 69.50661
v -30.64016 324.942 68.74961
v -30.02621 325.1125 88.12221
v -30.02621 325.1125 85.72729
v -27.96365 324.942 68.67538
v -28.02557 324.942 69.50661
v -25.85008 324.942 69.50661
v -25.85008 324.942 68.67538
v -25.22939 324.9455 69.51913
v -25.6072 325.1163 85.73981
v -26.22789 325.1125 85.72729
v -25.22939 324.9455 68.9353
v -25.6072 325.1163 86.45401
v -26.22789 325.1125 86.4415
v -28.5776 325.1125 85.72729
v -28.5776 325.1125 88.12221
v -26.87107 356.6424 95.23643
v -27.89239 357.5154 95.2162
v -27.89239 357.5154 127.756
v -26.87107 356.6424 127.7497
v -29.28756 357.835 127.7583
v -29.28756 357.835 95.20879
v -30.68271 357.5154 95.2162
v -30.68271 357.5154 127.756
v -31.70404 356.6424 95.23643
v -31.70404 356.6424 127.7497
v -28.65866 360.5429 75.50169
v -28.94856 359.8421 75.90987
v -28.94856 359.8421 74.83277
v -28.65866 360.4259 74.8019
v -32.37592 340.0769 87.23057
v -32.99662 340.072 87.24232
v -33.02644 350.6086 86.86439
v -32.4057 350.6081 86.85382
v -32.50818 341.0009 82.31018
v -32.37592 339.4153 86.84681
v -32.99655 339.4064 86.85957
v -33.12884 340.9969 82.32387
v -32.37592 338.4696 86.45464
v -32.37592 338.4696 87.16884
v -32.99657 338.4632 87.18201
v -32.99657 338.4632 86.4678
v -30.02621 338.4696 86.45464
v -30.02621 338.4696 88.84954
v -28.5776 338.4696 88.84954
v -28.5776 338.4696 86.45464
v -26.22789 338.4696 86.45464
v -26.22789 338.4696 87.16884
v -25.60725 338.4632 86.4678
v -25.60725 338.4632 87.18201
v -25.96185 350.6081 75.74795
v -25.34111 350.6089 75.75852
v -25.48543 350.6089 82.54292
v -26.10618 350.6081 82.53235
v -32.64196 350.6081 75.74795
v -32.4057 350.6081 86.85382
v -33.02644 350.6086 86.86439
v -33.26271 350.6089 75.75852
v -32.75373 328.5677 67.96191
v -32.75373 324.942 68.74961
v -30.64016 324.942 68.74961
v -30.51632 328.5677 66.65142
v -33.37442 328.5671 68.14808
v -32.75373 341.8864 72.8869
v -33.37438 341.8832 72.90101
v -33.37442 324.9455 68.9353
v -30.51632 341.8864 71.57642
v -28.0875 341.8864 71.57642
v -28.0875 328.5677 66.57719
v -25.85008 328.5677 67.88768
v -25.85008 341.8864 72.8869
v -25.22939 328.5671 68.14808
v -25.85008 324.942 68.67538
v -25.22939 324.9455 68.9353
v -25.22944 341.8832 72.90101
v -27.96365 324.942 68.67538
v -32.37592 339.4153 86.84681
v -32.37592 338.4696 86.45464
v -32.99657 338.4632 86.4678
v -32.99655 339.4064 86.85957
v -32.50621 341.5825 82.55856
v -33.1269 341.5807 82.57143
v -32.99662 340.072 87.24232
v -32.37592 340.0769 87.23057
v -32.37592 328.4203 85.57108
v -32.37592 338.4696 87.16884
v -30.02621 338.4696 88.84954
v -30.02621 328.4203 87.25179
v -32.99657 338.4632 87.18201
v -32.9966 328.4206 85.58415
v -32.37592 325.1125 86.4415
v -32.99661 325.1163 86.45401
v -30.02621 325.1125 88.12221
v -28.5776 328.4203 87.25179
v -28.5776 338.4696 88.84954
v -26.22789 338.4696 87.16884
v -26.22789 328.4203 85.57108
v -25.60725 338.4632 87.18201
v -25.6072 328.4206 85.58415
v -26.22789 325.1125 86.4415
v -25.6072 325.1163 86.45401
v -28.5776 325.1125 88.12221
v -26.10299 347.8058 82.5367
v -25.48224 347.8066 82.54736
v -25.57737 347.5143 86.98906
v -26.19811 347.5137 86.97839
v -26.98446 359.0041 120.7653
v -31.68848 359.0041 120.7653
v -31.68848 358.5361 120.4043
v -26.98446 358.5361 120.4043
v -26.98446 359.5408 123.4252
v -31.68848 359.5408 123.4252
v -31.68848 359.0255 122.6198
v -26.98446 359.0255 122.6198
v -31.68848 359.0041 120.7653
v -26.98446 359.0041 120.7653
v -26.98446 359.5909 127.7708
v -31.68848 359.5909 127.7708
v -29.94522 360.5429 75.50169
v -29.94522 360.4259 74.8019
v -29.65531 359.8421 74.83277
v -29.65531 359.8421 75.90987
v -32.37592 338.4696 86.45464
v -32.37592 328.4203 84.85687
v -30.02621 328.4203 84.85687
v -30.02621 338.4696 86.45464
v -30.02621 325.1125 85.72729
v -32.37592 325.1125 85.72729
v -28.5776 338.4696 86.45464
v -28.5776 328.4203 84.85687
v -26.22789 328.4203 84.85687
v -26.22789 338.4696 86.45464
v -28.5776 325.1125 85.72729
v -26.22789 325.1125 85.72729
v -32.48256 353.5049 73.66776
v -32.57615 353.3178 74.46918
v -32.5992 353.4357 75.28871
v -32.54819 353.8406 76.00158
v -32.33267 353.9686 73.00648
v -32.43089 354.4709 76.49926
v -32.14931 354.6381 72.58595
v -32.26517 355.2306 76.70598
v -31.96039 355.4116 72.47025
v -32.07625 356.0041 76.59029
v -31.79467 356.1713 72.67699
v -31.89289 356.6736 76.16978
v -31.67738 356.8016 73.17466
v -31.74301 357.1373 75.50847
v -31.62637 357.2065 73.88754
v -31.64941 357.3244 74.70705
v -32.66356 357.565 75.46051
v -32.23103 357.3188 75.48112
v -32.17815 357.8861 79.69958
v -32.61067 358.1323 79.67899
v -32.10409 357.4985 74.68178
v -31.74301 357.1373 75.50847
v -31.64941 357.3244 74.70705
v -32.11439 357.3881 73.86017
v -31.62637 357.2065 73.88754
v -32.26036 357.0042 73.14137
v -31.67738 356.8016 73.17466
v -31.89289 356.6736 76.16978
v -32.47588 356.8762 76.13649
v -32.54692 357.6343 73.83958
v -32.69289 357.2504 73.12077
v -32.53662 357.7448 74.66117
v -32.18555 358.0446 80.81956
v -32.61808 358.2908 80.79896
v -32.86292 357.8482 81.45432
v -32.4304 357.602 81.47492
v -33.5084 358.2158 81.42357
v -33.26355 358.6583 80.7682
v -33.25615 358.4997 79.64824
v -32.26517 355.2306 76.70598
v -33.15792 355.5018 76.65333
v -32.80136 356.2382 76.54811
v -32.07625 356.0041 76.59029
v -32.43089 354.4709 76.49926
v -33.49127 354.7791 76.43613
v -32.54819 353.8406 76.00158
v -33.75068 354.1802 75.92957
v -32.47588 356.8762 76.13649
v -31.89289 356.6736 76.16978
v -31.67738 356.8016 73.17466
v -32.26036 357.0042 73.14137
v -32.51977 356.4054 72.6348
v -31.79467 356.1713 72.67699
v -32.85313 355.6827 72.4176
v -31.96039 355.4116 72.47025
v -33.20969 354.9463 72.52283
v -32.14931 354.6381 72.58595
v -33.53517 354.3083 72.93445
v -32.33267 353.9686 73.00648
v -32.95229 356.6516 72.61421
v -33.28566 355.929 72.397
v -32.69289 357.2504 73.12077
v -33.64222 355.1925 72.50223
v -33.9677 354.5545 72.91385
v -32.48256 353.5049 73.66776
v -33.78001 353.8657 73.58982
v -33.90695 353.6859 74.38915
v -32.57615 353.3178 74.46918
v -32.33267 353.9686 73.00648
v -33.53517 354.3083 72.93445
v -33.89665 353.7964 75.21077
v -32.5992 353.4357 75.28871
v -33.75068 354.1802 75.92957
v -32.54819 353.8406 76.00158
v -34.33948 353.9322 74.36856
v -34.32917 354.0426 75.19016
v -34.21254 354.1118 73.56921
v -33.9677 354.5545 72.91385
v -34.18322 354.4265 75.90897
v -34.06699 355.6931 80.45547
v -33.63447 355.4468 80.47608
v -34.32917 354.0426 75.19016
v -34.33948 353.9322 74.36856
v -34.21254 354.1118 73.56921
v -34.18322 354.4265 75.90897
v -33.9677 354.5545 72.91385
v -33.9238 355.0253 76.41552
v -33.64222 355.1925 72.50223
v -33.59045 355.748 76.63272
v -33.28566 355.929 72.397
v -33.23388 356.4843 76.52751
v -32.95229 356.6516 72.61421
v -32.90841 357.1224 76.11588
v -32.69289 357.2504 73.12077
v -32.66356 357.565 75.46051
v -32.54692 357.6343 73.83958
v -32.53662 357.7448 74.66117
v -32.85552 357.6897 80.33437
v -33.181 357.0516 80.74598
v -33.83379 356.0025 80.94697
v -34.06699 355.6931 80.45547
v -32.61067 358.1323 79.67899
v -33.50044 356.7251 80.82669
v -32.23103 357.3188 75.48112
v -32.47588 356.8762 76.13649
v -32.42299 357.4435 80.35496
v -32.17815 357.8861 79.69958
v -32.74847 356.8054 80.76659
v -32.75587 356.964 81.88655
v -32.4304 357.602 81.47492
v -32.80136 356.2382 76.54811
v -33.06791 356.4789 81.18477
v -33.15792 355.5018 76.65333
v -33.40127 355.7563 80.96757
v -33.49127 354.7791 76.43613
v -33.63447 355.4468 80.47608
v -33.75068 354.1802 75.92957
v -33.70521 354.9061 81.26801
v -33.4458 355.5049 81.77457
v -33.11244 356.2276 81.99177
v -32.18555 358.0446 80.81956
v -33.96414 354.4752 79.99189
v -33.96417 354.4752 80.52435
v -33.54496 356.4738 81.97118
v -33.87833 355.7512 81.75397
v -34.5238 356.1186 81.72321
v -34.19044 356.8413 81.94042
v -33.11244 356.2276 81.99177
v -32.75587 356.964 81.88655
v -33.1884 357.2102 81.86594
v -32.4304 357.602 81.47492
v -32.86292 357.8482 81.45432
v -33.4458 355.5049 81.77457
v -34.13773 355.1523 81.24741
v -33.70521 354.9061 81.26801
v -33.83387 357.5776 81.8352
v -33.5084 358.2158 81.42357
v -34.7832 355.5198 81.21665
v -33.181 357.0516 80.74598
v -32.85552 357.6897 80.33437
v -33.501 358.0571 80.30362
v -33.82647 357.4191 80.71524
v -33.50044 356.7251 80.82669
v -34.18303 356.6826 80.82047
v -33.83379 356.0025 80.94697
v -34.51639 355.96 80.60326
v -34.06699 355.6931 80.45547
v -34.7758 355.3612 80.1829
v -34.99984 354.7741 79.94054
v -34.3797 354.5951 79.97129
v -33.63447 355.4468 80.47608
v -33.96414 354.4752 79.99189
v -33.82647 357.4191 80.71524
v -33.501 358.0571 80.30362
v -33.5084 358.2158 81.42357
v -33.83387 357.5776 81.8352
v -33.26355 358.6583 80.7682
v -33.25615 358.4997 79.64824
v -34.18303 356.6826 80.82047
v -34.19044 356.8413 81.94042
v -34.51639 355.96 80.60326
v -34.5238 356.1186 81.72321
v -34.7758 355.3612 80.1829
v -34.7832 355.5198 81.21665
v -34.99987 354.7741 80.47301
v -34.99984 354.7741 79.94054
v -34.13773 355.1523 81.24741
v -33.70521 354.9061 81.26801
v -33.96417 354.4752 80.52435
v -34.37973 354.5951 80.50375
v -33.96414 354.4752 79.99189
v -34.3797 354.5951 79.97129
v -34.99984 354.7741 79.94054
v -34.99987 354.7741 80.47301
v -34.7832 355.5198 81.21665
v -32.85552 357.6897 80.33437
v -32.61067 358.1323 79.67899
v -33.25615 358.4997 79.64824
v -33.501 358.0571 80.30362
v -25.96431 353.4357 75.28871
v -25.98736 353.3178 74.46918
v -26.08095 353.5049 73.66776
v -26.01532 353.8406 76.00158
v -26.23083 353.9686 73.00648
v -26.13261 354.4709 76.49926
v -26.41419 354.6381 72.58595
v -26.29833 355.2306 76.70598
v -26.60312 355.4116 72.47025
v -26.48726 356.0041 76.59029
v -26.76884 356.1713 72.67699
v -26.67061 356.6736 76.16978
v -26.88613 356.8016 73.17466
v -26.8205 357.1373 75.50847
v -26.93715 357.2065 73.88754
v -26.91409 357.3244 74.70705
v -25.89995 357.565 75.46051
v -25.95283 358.1323 79.67899
v -26.38536 357.8861 79.69958
v -26.33248 357.3188 75.48112
v -26.45942 357.4985 74.68178
v -26.8205 357.1373 75.50847
v -26.91409 357.3244 74.70705
v -26.44912 357.3881 73.86017
v -26.93715 357.2065 73.88754
v -26.30316 357.0042 73.14137
v -26.88613 356.8016 73.17466
v -26.67061 356.6736 76.16978
v -26.08764 356.8762 76.13649
v -26.01659 357.6343 73.83958
v -25.87063 357.2504 73.12077
v -26.02689 357.7448 74.66117
v -26.37796 358.0446 80.81956
v -25.94543 358.2908 80.79896
v -25.70059 357.8482 81.45432
v -26.13311 357.602 81.47492
v -25.05511 358.2158 81.42357
v -25.29996 358.6583 80.7682
v -25.30736 358.4997 79.64824
v -26.29833 355.2306 76.70598
v -26.48726 356.0041 76.59029
v -25.76215 356.2382 76.54811
v -25.4056 355.5018 76.65333
v -26.13261 354.4709 76.49926
v -25.07224 354.7791 76.43613
v -26.01532 353.8406 76.00158
v -24.81283 354.1802 75.92957
v -26.08764 356.8762 76.13649
v -26.67061 356.6736 76.16978
v -26.88613 356.8016 73.17466
v -26.76884 356.1713 72.67699
v -26.04374 356.4054 72.6348
v -26.30316 357.0042 73.14137
v -25.71038 355.6827 72.4176
v -26.60312 355.4116 72.47025
v -25.35382 354.9463 72.52283
v -26.41419 354.6381 72.58595
v -25.02834 354.3083 72.93445
v -26.23083 353.9686 73.00648
v -25.61121 356.6516 72.61421
v -25.27786 355.929 72.397
v -25.87063 357.2504 73.12077
v -24.92129 355.1925 72.50223
v -24.59582 354.5545 72.91385
v -26.08095 353.5049 73.66776
v -25.98736 353.3178 74.46918
v -24.65657 353.6859 74.38915
v -24.78349 353.8657 73.58982
v -26.23083 353.9686 73.00648
v -25.02834 354.3083 72.93445
v -24.66686 353.7964 75.21077
v -25.96431 353.4357 75.28871
v -24.81283 354.1802 75.92957
v -26.01532 353.8406 76.00158
v -24.22403 353.9322 74.36856
v -24.23433 354.0426 75.19016
v -24.35097 354.1118 73.56921
v -24.59582 354.5545 72.91385
v -24.3803 354.4265 75.90897
v -24.49651 355.6931 80.45547
v -24.92904 355.4468 80.47608
v -24.35097 354.1118 73.56921
v -24.22403 353.9322 74.36856
v -24.23433 354.0426 75.19016
v -24.3803 354.4265 75.90897
v -24.59582 354.5545 72.91385
v -24.63971 355.0253 76.41552
v -24.92129 355.1925 72.50223
v -24.97307 355.748 76.63272
v -25.27786 355.929 72.397
v -25.32963 356.4843 76.52751
v -25.61121 356.6516 72.61421
v -25.65511 357.1224 76.11588
v -25.87063 357.2504 73.12077
v -25.89995 357.565 75.46051
v -26.01659 357.6343 73.83958
v -26.02689 357.7448 74.66117
v -25.70799 357.6897 80.33437
v -25.38251 357.0516 80.74598
v -24.72972 356.0025 80.94697
v -24.49651 355.6931 80.45547
v -25.95283 358.1323 79.67899
v -25.06307 356.7251 80.82669
v -26.33248 357.3188 75.48112
v -26.38536 357.8861 79.69958
v -26.14052 357.4435 80.35496
v -26.08764 356.8762 76.13649
v -25.81504 356.8054 80.76659
v -25.80763 356.964 81.88655
v -26.13311 357.602 81.47492
v -25.76215 356.2382 76.54811
v -25.4956 356.4789 81.18477
v -25.4056 355.5018 76.65333
v -25.16224 355.7563 80.96757
v -25.07224 354.7791 76.43613
v -24.92904 355.4468 80.47608
v -24.81283 354.1802 75.92957
v -24.8583 354.9061 81.26801
v -25.11771 355.5049 81.77457
v -25.45107 356.2276 81.99177
v -26.37796 358.0446 80.81956
v -24.59936 354.4752 79.99189
v -24.59934 354.4752 80.52435
v -25.01854 356.4738 81.97118
v -24.37307 356.8413 81.94042
v -24.03972 356.1186 81.72321
v -24.68518 355.7512 81.75397
v -25.45107 356.2276 81.99177
v -25.80763 356.964 81.88655
v -25.37511 357.2102 81.86594
v -26.13311 357.602 81.47492
v -25.70059 357.8482 81.45432
v -25.11771 355.5049 81.77457
v -24.42578 355.1523 81.24741
v -24.8583 354.9061 81.26801
v -24.72964 357.5776 81.8352
v -25.05511 358.2158 81.42357
v -23.7803 355.5198 81.21665
v -25.38251 357.0516 80.74598
v -24.73704 357.4191 80.71524
v -25.06252 358.0571 80.30362
v -25.70799 357.6897 80.33437
v -25.06307 356.7251 80.82669
v -24.38048 356.6826 80.82047
v -24.72972 356.0025 80.94697
v -24.04711 355.96 80.60326
v -24.49651 355.6931 80.45547
v -23.78771 355.3612 80.1829
v -23.56366 354.7741 79.94054
v -24.18381 354.5951 79.97129
v -24.92904 355.4468 80.47608
v -24.59936 354.4752 79.99189
v -24.73704 357.4191 80.71524
v -24.72964 357.5776 81.8352
v -25.05511 358.2158 81.42357
v -25.06252 358.0571 80.30362
v -25.29996 358.6583 80.7682
v -25.30736 358.4997 79.64824
v -24.38048 356.6826 80.82047
v -24.37307 356.8413 81.94042
v -24.04711 355.96 80.60326
v -24.03972 356.1186 81.72321
v -23.78771 355.3612 80.1829
v -23.7803 355.5198 81.21665
v -23.56363 354.7741 80.47301
v -23.56366 354.7741 79.94054
v -24.42578 355.1523 81.24741
v -24.18378 354.5951 80.50375
v -24.59934 354.4752 80.52435
v -24.8583 354.9061 81.26801
v -24.59936 354.4752 79.99189
v -24.18381 354.5951 79.97129
v -23.56366 354.7741 79.94054
v -23.56363 354.7741 80.47301
v -23.7803 355.5198 81.21665
v -25.70799 357.6897 80.33437
v -25.06252 358.0571 80.30362
v -25.30736 358.4997 79.64824
v -25.95283 358.1323 79.67899
v -32.37592 340.0727 88.03622
v -32.4057 342.3188 87.80154
v -31.81696 340.9064 89.22379
v -31.81696 340.0727 89.20202
v -32.37592 339.3942 87.60609
v -32.37592 338.4242 86.59304
v -32.75373 341.9286 73.46027
v -31.53969 340.3835 90.41025
v -31.53969 339.6323 90.44045
v -30.45984 339.6789 93.32529
v -30.45984 340.4586 93.36143
v -30.70182 339.8422 96.2381
v -30.70182 340.5069 96.22555
v -32.75373 343.0938 73.37433
v -32.4057 344.5266 87.8932
v -30.70182 339.7486 97.10695
v -30.70182 340.987 96.79144
v -30.70182 341.2458 97.93255
v -30.70182 339.9831 98.22367
v -30.97064 343.0471 97.60278
v -30.97064 343.0967 96.83044
v -32.37592 328.117 84.80222
v -31.90223 344.7155 96.63979
v -31.90223 345.0957 97.91409
v -32.75373 346.2791 95.46476
v -32.75373 346.6084 98.76688
v -32.75373 347.9769 100.5454
v -32.75373 350.8741 91.18423
v -32.75373 349.0633 101.923
v -32.46115 350.8741 126.157
v -32.46115 349.0633 126.157
v -32.75373 347.0334 92.74855
v -32.63876 346.3054 89.82594
v -32.4057 350.8741 87.61395
v -32.75373 344.5505 72.85121
v -32.75373 345.8177 71.75978
v -32.75373 350.8741 69.27702
v -32.75373 346.6477 69.79396
v -31.90419 348.5454 67.08506
v -31.90419 346.7133 67.31663
v -31.23785 347.9546 65.76842
v -31.18543 346.7558 65.71151
v -30.64483 347.6768 65.14948
v -30.62947 346.7722 65.09475
v -25.85008 348.2149 100.0222
v -25.85008 350.8741 91.18423
v -25.85008 346.2791 95.46476
v -25.85008 349.0633 101.923
v -25.85008 347.0334 92.74855
v -26.14267 350.8741 126.157
v -26.14267 349.0633 126.157
v -25.85008 346.6084 98.76688
v -26.70159 345.0957 97.91409
v -26.70159 344.7155 96.63979
v -27.63317 343.0471 97.60278
v -27.63317 343.0967 96.83044
v -25.85008 346.3054 89.82594
v -26.19811 350.8741 87.61395
v -26.19811 344.5266 87.8932
v -25.85008 344.5505 72.85121
v -25.85008 345.8177 71.75978
v -25.85008 350.8741 69.27702
v -25.85008 346.6477 69.79396
v -26.69962 348.5454 67.08506
v -26.69962 346.7133 67.31663
v -27.36596 347.9546 65.76842
v -27.41838 346.7558 65.71151
v -27.95898 347.6768 65.14948
v -27.97433 346.7722 65.09475
v -25.85008 343.0938 73.37433
v -26.19811 342.3188 87.80154
v -25.85008 341.9286 73.46027
v -26.22789 338.4242 86.59304
v -26.22789 339.3942 87.60609
v -26.22789 340.0727 88.03622
v -26.78686 340.9064 89.22379
v -26.78686 340.0727 89.20202
v -26.22789 328.117 84.80222
v -25.85008 328.2682 68.13426
v -27.06412 340.3835 90.41025
v -27.06412 339.6323 90.44045
v -28.14396 339.6789 93.32529
v -28.14396 340.4586 93.36143
v -27.90199 339.8422 96.2381
v -27.90199 340.5069 96.22555
v -27.90199 339.7486 97.10695
v -27.90199 340.987 96.79144
v -27.90199 341.2458 97.93255
v -27.90199 339.9831 98.22367
v -25.85008 324.5495 69.01714
v -26.22789 324.7244 85.7778
v -31.18543 346.7558 65.71151
v -27.41838 346.7558 65.71151
v -28.76418 346.7789 64.83929
v -27.97433 346.7722 65.09475
v -29.83963 346.7789 64.83929
v -30.62947 346.7722 65.09475
v -31.90419 346.7133 67.31663
v -26.69962 346.7133 67.31663
v -32.75373 346.6477 69.79396
v -25.85008 346.6477 69.79396
v -25.85008 345.8177 71.75978
v -32.75373 345.8177 71.75978
v -29.83963 347.5617 64.8931
v -31.23785 347.9546 65.76842
v -30.64483 347.6768 65.14948
v -27.36596 347.9546 65.76842
v -28.76418 347.5617 64.8931
v -27.95898 347.6768 65.14948
v -31.90419 348.5454 67.08506
v -26.69962 348.5454 67.08506
v -32.75373 350.8741 69.27702
v -25.85008 350.8741 69.27702
v -32.4057 350.8741 87.61395
v -26.19811 350.8741 87.61395
v -32.75373 350.8741 91.18423
v -25.85008 350.8741 91.18423
v -26.14267 350.8741 126.157
v -32.46115 350.8741 126.157
v -26.22789 338.4242 86.59304
v -26.22789 328.117 84.80222
v -32.37592 328.117 84.80222
v -32.37592 338.4242 86.59304
v -32.37592 324.7244 85.7778
v -26.22789 324.7244 85.7778
v -27.90199 340.987 96.79144
v -27.63317 343.0967 96.83044
v -30.97064 343.0967 96.83044
v -30.70182 340.987 96.79144
v -31.90223 344.7155 96.63979
v -26.70159 344.7155 96.63979
v -32.75373 346.2791 95.46476
v -25.85008 346.2791 95.46476
v -25.85008 346.6084 98.76688
v -32.75373 346.6084 98.76688
v -32.75373 347.9769 100.5454
v -25.85008 348.2149 100.0222
v -32.75373 349.0633 101.923
v -25.85008 349.0633 101.923
v -32.46115 349.0633 126.157
v -26.14267 349.0633 126.157
v -25.85008 324.5495 69.01714
v -25.85008 328.2682 68.13426
v -32.75373 328.2682 68.13426
v -32.75373 324.5495 69.01714
v -27.06412 340.3835 90.41025
v -28.14396 340.4586 93.36143
v -30.45984 340.4586 93.36143
v -31.53969 340.3835 90.41025
v -30.70182 340.5069 96.22555
v -27.90199 340.5069 96.22555
v -30.70182 340.987 96.79144
v -27.90199 340.987 96.79144
v -26.78686 340.9064 89.22379
v -31.81696 340.9064 89.22379
v -27.90199 339.7486 97.10695
v -27.90199 339.8422 96.2381
v -30.70182 339.8422 96.2381
v -30.70182 339.7486 97.10695
v -27.90199 339.9831 98.22367
v -30.70182 339.9831 98.22367
v -30.45984 339.6789 93.32529
v -28.14396 339.6789 93.32529
v -27.06412 339.6323 90.44045
v -31.53969 339.6323 90.44045
v -26.78686 340.0727 89.20202
v -31.81696 340.0727 89.20202
v -32.37592 340.0727 88.03622
v -26.22789 340.0727 88.03622
v -27.97433 346.7722 65.09475
v -27.95898 347.6768 65.14948
v -28.76418 347.5617 64.8931
v -28.76418 346.7789 64.83929
v -29.83963 347.5617 64.8931
v -29.83963 346.7789 64.83929
v -30.62947 346.7722 65.09475
v -30.64483 347.6768 65.14948
v -26.14267 350.8741 126.157
v -26.14267 349.0633 126.157
v -32.46115 349.0633 126.157
v -32.46115 350.8741 126.157
v -32.63876 346.3054 89.82594
v -32.75373 347.0334 92.74855
v -25.85008 347.0334 92.74855
v -25.85008 346.3054 89.82594
v -25.85008 346.2791 95.46476
v -32.75373 346.2791 95.46476
v -26.19811 344.5266 87.8932
v -32.4057 344.5266 87.8932
v -25.85008 346.6084 98.76688
v -26.70159 345.0957 97.91409
v -31.90223 345.0957 97.91409
v -32.75373 346.6084 98.76688
v -30.97064 343.0471 97.60278
v -27.63317 343.0471 97.60278
v -27.90199 341.2458 97.93255
v -30.70182 341.2458 97.93255
v -27.90199 339.9831 98.22367
v -30.70182 339.9831 98.22367
v -25.85008 344.5505 72.85121
v -25.85008 345.8177 71.75978
v -32.75373 345.8177 71.75978
v -32.75373 344.5505 72.85121
v -25.85008 343.0938 73.37433
v -32.75373 343.0938 73.37433
v -25.85008 341.9286 73.46027
v -32.75373 341.9286 73.46027
v -26.19811 344.5266 87.8932
v -26.19811 342.3188 87.80154
v -32.4057 342.3188 87.80154
v -32.4057 344.5266 87.8932
v -26.78686 340.9064 89.22379
v -31.81696 340.9064 89.22379
v -25.85008 328.2682 68.13426
v -25.85008 341.9286 73.46027
v -32.75373 341.9286 73.46027
v -32.75373 328.2682 68.13426
v -26.22789 324.7244 85.7778
v -26.45867 324.7244 83.79441
v -32.14515 324.7244 83.79441
v -32.37592 324.7244 85.7778
v -25.85008 324.5495 69.01714
v -26.10922 324.5495 73.56284
v -32.49459 324.5495 73.56284
v -32.75373 324.5495 69.01714
v -26.22789 340.0727 88.03622
v -26.22789 339.3942 87.60609
v -32.37592 339.3942 87.60609
v -32.37592 340.0727 88.03622
v -32.75373 328.2682 68.13426
v -32.75373 324.5495 69.01714
v -32.37592 324.7244 85.7778
v -26.22789 339.3942 87.60609
v -26.22789 338.4242 86.59304
v -32.37592 338.4242 86.59304
v -32.37592 339.3942 87.60609
v -32.14515 324.7244 83.79441
v -32.14515 349.6674 87.2219
v -32.49459 349.4925 76.99033
v -32.49459 324.5495 73.56284
v -26.45867 349.6674 87.2219
v -26.10922 349.4925 76.99033
v -32.49459 349.4925 76.99033
v -32.14515 349.6674 87.2219
v -26.10922 324.5495 73.56284
v -26.10922 349.4925 76.99033
v -26.45867 349.6674 87.2219
v -26.45867 324.7244 83.79441
v -32.49459 324.5495 73.56284
v -32.49459 349.4925 76.99033
v -26.10922 349.4925 76.99033
v -26.10922 324.5495 73.56284
v -26.45867 324.7244 83.79441
v -26.45867 349.6674 87.2219
v -32.14515 349.6674 87.2219
v -32.14515 324.7244 83.79441
v -28.94856 359.5909 124.1164
v -28.94856 360.8208 125.522
v -28.94856 360.2058 124.1516
v -28.94856 359.5909 126.5761
v -28.94856 360.8208 126.2247
v -32.05057 324.5794 73.80767
v -32.05057 324.5862 74.46062
v -32.05057 323.5169 73.85827
v -32.05057 324.6834 83.36446
v -32.05057 323.6435 85.9966
v -32.05057 324.7061 85.946
v -32.05057 349.3799 77.44598
v -32.05057 349.477 86.34983
v -26.55324 324.5862 74.46062
v -26.55324 323.5169 73.85827
v -26.55324 324.6834 83.36446
v -26.55324 324.5794 73.80767
v -26.55324 323.6435 85.9966
v -26.55324 324.7061 85.946
v -26.55324 349.3799 77.44598
v -26.55324 349.477 86.34983
v -29.65531 360.8208 125.522
v -29.65531 359.5909 124.1164
v -29.65531 360.2058 124.1516
v -29.65531 359.5909 126.5761
v -29.65531 360.8208 126.2247
v -30.20821 355.9801 94.36086
v -29.81987 356.3685 94.36086
v -30.50397 357.5534 94.36086
v -31.39309 356.6642 94.36086
v -29.2894 356.5106 94.36086
v -29.2894 357.8788 94.36086
v -28.75893 356.3685 94.36086
v -28.07483 357.5534 94.36086
v -31.71854 355.4497 94.36086
v -30.35035 355.4497 94.36086
v -31.39309 354.2351 94.36086
v -30.20821 354.9192 94.36086
v -29.81987 354.5309 94.36086
v -30.50397 353.346 94.36086
v -27.18571 356.6642 94.36086
v -28.3706 355.9801 94.36086
v -28.22845 355.4497 94.36086
v -26.86027 355.4497 94.36086
v -27.18571 354.2351 94.36086
v -28.3706 354.9192 94.36086
v -28.75893 354.5309 94.36086
v -28.07484 353.346 94.36086
v -29.2894 354.3888 94.36086
v -29.2894 353.0205 94.36086
v -28.3737 353.8637 128.5218
v -29.2894 353.6183 128.5218
v -29.2894 354.3888 94.36086
v -28.75893 354.5309 94.36086
v -29.81987 354.5309 94.36086
v -30.2051 353.8637 128.5218
v -28.94856 360.2058 124.1516
v -29.65531 360.2058 124.1516
v -29.65531 359.5909 124.1164
v -28.94856 359.5909 124.1164
v -28.07483 357.5534 94.36086
v -27.18571 356.6642 94.36086
v -27.17595 356.6699 128.5218
v -28.0692 357.5631 128.5218
v -26.849 355.4497 128.5218
v -26.86027 355.4497 94.36086
v -27.17595 354.2295 128.5218
v -27.18571 354.2351 94.36086
v -28.06921 353.3362 128.5218
v -28.07484 353.346 94.36086
v -31.71854 355.4497 94.36086
v -31.7298 355.4497 128.5218
v -31.40284 354.2295 128.5218
v -31.39309 354.2351 94.36086
v -30.50397 353.346 94.36086
v -30.5096 353.3362 128.5218
v -31.39309 356.6642 94.36086
v -31.40284 356.6699 128.5218
v -30.5096 357.5631 128.5218
v -30.50397 357.5534 94.36086
v -27.17595 356.6699 128.5218
v -26.849 355.4497 128.5218
v -27.45799 355.4497 128.5218
v -27.70335 356.3654 128.5218
v -28.37369 357.0357 128.5218
v -28.0692 357.5631 128.5218
v -29.2894 357.8901 128.5218
v -29.2894 357.2811 128.5218
v -27.17595 354.2295 128.5218
v -27.70335 354.534 128.5218
v -28.3737 353.8637 128.5218
v -28.06921 353.3362 128.5218
v -29.2894 353.6183 128.5218
v -29.2894 353.0093 128.5218
v -30.5096 353.3362 128.5218
v -30.2051 353.8637 128.5218
v -31.40284 354.2295 128.5218
v -30.87544 354.534 128.5218
v -31.12082 355.4497 128.5218
v -31.7298 355.4497 128.5218
v -30.87544 356.3654 128.5218
v -31.40284 356.6699 128.5218
v -30.5096 357.5631 128.5218
v -30.2051 357.0357 128.5218
v -28.94856 360.8208 125.522
v -29.65531 360.8208 125.522
v -29.65531 360.2058 124.1516
v -28.94856 360.2058 124.1516
v -28.94856 360.8208 126.2247
v -29.65531 360.8208 126.2247
v -26.55324 324.6834 83.36446
v -26.55324 324.7061 85.946
v -32.05057 324.7061 85.946
v -32.05057 324.6834 83.36446
v -32.05057 323.5169 73.85827
v -32.05057 323.6435 85.9966
v -26.55324 323.6435 85.9966
v -26.55324 323.5169 73.85827
v -26.55324 324.7061 85.946
v -26.55324 323.6435 85.9966
v -32.05057 323.6435 85.9966
v -32.05057 324.7061 85.946
v -32.173 349.502 73.15511
v -32.173 349.502 70.53481
v -32.173 356.2289 70.53481
v -32.173 356.2289 73.15511
v -27.16172 349.4704 85.74138
v -27.16172 324.926 82.99803
v -27.16172 324.8422 75.31109
v -27.16172 349.3865 78.05444
v -30.50397 357.5534 94.36086
v -29.2894 357.8788 94.36086
v -29.2894 357.8901 128.5218
v -30.5096 357.5631 128.5218
v -28.0692 357.5631 128.5218
v -28.07483 357.5534 94.36086
v -26.34952 356.2289 73.15511
v -26.34952 349.502 73.15511
v -32.173 349.502 73.15511
v -32.173 356.2289 73.15511
v -28.94856 360.8208 126.2247
v -28.94856 359.5909 126.5761
v -29.65531 359.5909 126.5761
v -29.65531 360.8208 126.2247
v -28.94856 359.5909 124.1164
v -29.65531 359.5909 124.1164
v -29.65531 359.5909 126.5761
v -28.94856 359.5909 126.5761
v -30.5096 353.3362 128.5218
v -29.2894 353.0093 128.5218
v -29.2894 353.0205 94.36086
v -30.50397 353.346 94.36086
v -28.07484 353.346 94.36086
v -28.06921 353.3362 128.5218
v -26.55324 323.5169 73.85827
v -26.55324 324.5794 73.80767
v -32.05057 324.5794 73.80767
v -32.05057 323.5169 73.85827
v -26.55324 349.477 86.34983
v -26.55324 324.6834 83.36446
v -32.05057 324.6834 83.36446
v -32.05057 349.477 86.34983
v -26.55324 324.5862 74.46062
v -26.55324 349.3799 77.44598
v -32.05057 349.3799 77.44598
v -32.05057 324.5862 74.46062
v -28.3706 355.9801 94.36086
v -27.70335 356.3654 128.5218
v -27.45799 355.4497 128.5218
v -28.22845 355.4497 94.36086
v -28.3706 354.9192 94.36086
v -27.70335 354.534 128.5218
v -28.3737 353.8637 128.5218
v -28.75893 354.5309 94.36086
v -28.3706 355.9801 94.36086
v -28.75893 356.3685 94.36086
v -28.37369 357.0357 128.5218
v -27.70335 356.3654 128.5218
v -29.2894 357.2811 128.5218
v -29.2894 356.5106 94.36086
v -30.2051 357.0357 128.5218
v -29.81987 356.3685 94.36086
v -30.20821 355.9801 94.36086
v -30.87544 356.3654 128.5218
v -30.35035 355.4497 94.36086
v -31.12082 355.4497 128.5218
v -30.87544 356.3654 128.5218
v -30.20821 355.9801 94.36086
v -30.87544 354.534 128.5218
v -30.20821 354.9192 94.36086
v -30.2051 353.8637 128.5218
v -29.81987 354.5309 94.36086
v -26.34952 356.2289 73.15511
v -26.34952 356.2289 70.53481
v -26.34952 349.502 70.53481
v -26.34952 349.502 73.15511
v -26.55324 324.5794 73.80767
v -26.55324 324.5862 74.46062
v -32.05057 324.5862 74.46062
v -32.05057 324.5794 73.80767
v -32.173 356.2289 73.15511
v -32.173 356.2289 70.53481
v -26.34952 356.2289 70.53481
v -26.34952 356.2289 73.15511
v -26.34952 349.502 73.15511
v -26.34952 349.502 70.53481
v -32.173 349.502 70.53481
v -32.173 349.502 73.15511
v -26.34952 356.2289 70.53481
v -32.173 356.2289 70.53481
v -32.173 349.502 70.53481
v -26.34952 349.502 70.53481
v -31.44209 349.4704 85.74138
v -32.05057 349.477 86.34983
v -32.05057 349.3799 77.44598
v -31.44209 349.3865 78.05444
v -26.55324 349.3799 77.44598
v -27.16172 349.3865 78.05444
v -26.55324 349.477 86.34983
v -27.16172 349.4704 85.74138
v -27.16172 324.8422 75.31109
v -27.16172 324.926 82.99803
v -31.44209 324.926 82.99803
v -31.44209 324.8422 75.31109
v -27.16172 349.3865 78.05444
v -27.16172 324.8422 75.31109
v -31.44209 324.8422 75.31109
v -31.44209 349.3865 78.05444
v -31.44209 349.4704 85.74138
v -31.44209 324.926 82.99803
v -27.16172 324.926 82.99803
v -27.16172 349.4704 85.74138
v -31.44209 349.3865 78.05444
v -31.44209 324.8422 75.31109
v -31.44209 324.926 82.99803
v -31.44209 349.4704 85.74138
v -25.86832 352.0109 81.71027
v -25.86588 353.671 73.57253
v -25.86684 354.3446 94.60632
v -25.86832 352.101 94.2621
v -25.86832 352.1136 96.04179
v -26.52626 354.842 97.33819
v -26.52626 355.2284 95.3082
v -25.86832 351.9774 80.732
v -25.8657 351.6307 73.20129
v -26.89853 358.2059 81.37999
v -26.90833 357.838 79.37484
v -26.90763 357.7935 77.52973
v -26.89794 358.7216 82.28349
v -26.909 358.8486 94.53522
v -27.50392 358.5896 95.21239
v -26.52626 355.057 101.88
v -26.52626 355.0779 103.7724
v -26.52626 355.0869 107.037
v -25.86832 352.2799 120.4411
v -26.52626 355.2718 117.8389
v -26.52626 355.2834 121.0936
v -26.52626 353.884 121.3469
v -26.52626 352.1686 121.323
v -26.20161 349.9306 119.9161
v -26.79568 349.9408 121.299
v -26.20161 349.7637 95.70344
v -26.53282 349.7512 93.94434
v -26.53282 349.661 81.5818
v -26.20161 349.654 80.59692
v -26.20161 349.5755 72.75135
v -26.44653 351.0108 70.61298
v -26.45968 349.5302 70.61298
v -26.44642 352.4774 70.61298
v -26.67239 356.0813 70.61298
v -26.89071 357.3055 74.60306
v -24.19472 352.2799 120.4411
v -24.49607 355.0869 107.037
v -24.19472 352.1136 96.04179
v -24.49607 355.2718 117.8389
v -24.49607 355.0779 103.7724
v -24.49607 355.057 101.88
v -24.49607 354.842 97.33819
v -24.49607 355.2834 121.0936
v -24.49607 353.884 121.3469
v -24.19472 352.1686 121.323
v -24.19472 349.9408 121.299
v -24.19472 349.7637 95.70344
v -24.19472 352.101 94.2621
v -24.25061 349.7512 93.94434
v -24.19472 352.0109 81.71027
v -24.49607 354.4508 94.57987
v -24.49607 355.3235 95.26698
v -26.3882 359.6147 94.77325
v -26.3882 359.2147 95.17683
v -26.3882 359.4651 82.0957
v -26.3882 358.9146 81.13726
v -24.49607 353.7901 73.47246
v -24.19472 351.9774 80.732
v -24.19472 351.6936 73.07139
v -26.3882 358.5636 79.29996
v -26.3882 358.5162 77.46268
v -26.3882 357.9831 74.27458
v -26.17908 356.5975 70.61298
v -25.1947 352.6331 70.61298
v -26.17908 356.5975 70.01318
v -24.9047 351.1029 70.01318
v -24.9047 351.1029 70.61298
v -24.19472 349.654 80.59692
v -24.19472 349.5971 72.67033
v -24.25061 349.661 81.5818
v -24.9047 349.5728 70.61298
v -24.9047 349.5728 70.01318
v -29.3023 356.751 70.61298
v -32.21568 357.9831 74.27458
v -32.42551 356.5975 70.61298
v -26.3882 357.9831 74.27458
v -26.17908 356.5975 70.61298
v -29.3023 356.751 70.01318
v -26.17908 356.5975 70.01318
v -26.3882 358.5162 77.46268
v -32.21568 358.5162 77.46268
v -26.3882 358.5636 79.29996
v -32.21568 358.5636 79.29996
v -26.3882 358.9146 81.13726
v -32.21568 358.9146 81.13726
v -26.3882 359.4651 82.0957
v -32.21568 359.4651 82.0957
v -26.3882 359.6147 94.77325
v -32.21568 359.6147 94.77325
v -32.42551 356.5975 70.01318
v -32.73555 352.2799 120.4411
v -32.07762 353.884 121.3469
v -32.07762 355.2834 121.0936
v -32.07762 352.1686 121.323
v -32.07762 354.842 97.33819
v -32.73555 352.1136 96.04179
v -32.40227 349.9306 119.9161
v -32.40227 349.7637 95.70344
v -32.73555 352.101 94.2621
v -32.07105 349.7512 93.94434
v -32.73555 352.0109 81.71027
v -32.73703 354.3446 94.60632
v -32.07762 355.2284 95.3082
v -31.69488 358.8486 94.53522
v -31.09995 358.5896 95.21239
v -31.70593 358.7216 82.28349
v -31.70535 358.2059 81.37999
v -32.738 353.671 73.57253
v -32.73555 351.9774 80.732
v -32.73817 351.6307 73.20129
v -31.69555 357.838 79.37484
v -31.69625 357.7935 77.52973
v -31.71317 357.3055 74.60306
v -32.40227 349.654 80.59692
v -32.40227 349.5755 72.75135
v -32.07105 349.661 81.5818
v -32.09076 352.4774 70.61298
v -32.15806 351.0108 70.61298
v -31.93221 356.0813 70.61298
v -32.14492 349.5302 70.61298
v -32.21568 359.6147 94.77325
v -34.10934 355.3235 95.26698
v -34.10934 354.4508 94.57987
v -32.21568 359.2147 95.17683
v -32.21568 359.4651 82.0957
v -32.21568 358.9146 81.13726
v -34.10934 354.842 97.33819
v -34.10934 353.7901 73.47246
v -32.21568 358.5636 79.29996
v -32.21568 358.5162 77.46268
v -32.21568 357.9831 74.27458
v -34.40914 352.0109 81.71027
v -34.40914 352.101 94.2621
v -34.40914 351.9774 80.732
v -34.40914 351.6936 73.07139
v -32.42551 356.5975 70.61298
v -33.33334 352.6331 70.61298
v -32.42551 356.5975 70.01318
v -33.70004 351.1029 70.01318
v -33.70004 351.1029 70.61298
v -34.40914 349.654 80.59692
v -34.40914 349.5971 72.67033
v -33.70004 349.5728 70.61298
v -34.35324 349.661 81.5818
v -34.35324 349.7512 93.94434
v -34.40914 349.7637 95.70344
v -34.40914 352.1136 96.04179
v -34.40914 352.2799 120.4411
v -34.40914 349.9408 121.299
v -34.40914 352.1686 121.323
v -34.10934 353.884 121.3469
v -34.10934 355.2834 121.0936
v -33.70004 349.5728 70.01318
v -32.21568 359.2147 95.17683
v -27.50392 358.5896 95.21239
v -31.09995 358.5896 95.21239
v -26.3882 359.2147 95.17683
v -26.3882 359.6147 94.77325
v -32.21568 359.6147 94.77325
v -32.07762 355.2284 95.3082
v -34.10934 355.3235 95.26698
v -26.52626 355.2284 95.3082
v -24.49607 355.3235 95.26698
v -26.67239 356.0813 70.61298
v -27.73285 355.8456 70.36513
v -30.86569 355.8456 70.36513
v -31.93221 356.0813 70.61298
v -27.73285 355.8456 70.01318
v -30.86569 355.8456 70.01318
v -31.71317 357.3055 74.60306
v -26.89071 357.3055 74.60306
v -26.90763 357.7935 77.52973
v -31.69625 357.7935 77.52973
v -31.69555 357.838 79.37484
v -26.90833 357.838 79.37484
v -26.89853 358.2059 81.37999
v -31.70535 358.2059 81.37999
v -26.89794 358.7216 82.28349
v -31.70593 358.7216 82.28349
v -26.909 358.8486 94.53522
v -31.69488 358.8486 94.53522
v -31.09995 358.5896 95.21239
v -27.50392 358.5896 95.21239
v -27.60615 349.5302 70.36513
v -27.73285 355.8456 70.36513
v -26.44642 352.4774 70.61298
v -26.44653 351.0108 70.61298
v -26.45968 349.5302 70.61298
v -26.67239 356.0813 70.61298
v -33.70004 349.5728 70.61298
v -32.14492 349.5302 70.61298
v -33.70004 349.5728 70.01318
v -30.99239 349.5302 70.01318
v -30.99239 349.5302 70.36513
v -32.40227 349.5755 72.75135
v -34.40914 349.5971 72.67033
v -34.40914 349.654 80.59692
v -32.40227 349.654 80.59692
v -34.35324 349.661 81.5818
v -32.07105 349.661 81.5818
v -32.07105 349.7512 93.94434
v -34.35324 349.7512 93.94434
v -32.40227 349.7637 95.70344
v -34.40914 349.7637 95.70344
v -32.40227 349.9306 119.9161
v -34.40914 349.9408 121.299
v -31.8082 349.9408 121.299
v -26.45968 349.5302 70.61298
v -27.60615 349.5302 70.01318
v -27.60615 349.5302 70.36513
v -24.9047 349.5728 70.01318
v -24.9047 349.5728 70.61298
v -26.20161 349.5755 72.75135
v -24.19472 349.5971 72.67033
v -24.19472 349.654 80.59692
v -26.20161 349.654 80.59692
v -24.25061 349.661 81.5818
v -26.53282 349.661 81.5818
v -24.25061 349.7512 93.94434
v -26.53282 349.7512 93.94434
v -26.20161 349.7637 95.70344
v -24.19472 349.7637 95.70344
v -26.20161 349.9306 119.9161
v -24.19472 349.9408 121.299
v -26.79568 349.9408 121.299
v -32.42551 356.5975 70.01318
v -30.86569 355.8456 70.01318
v -29.3023 356.751 70.01318
v -27.73285 355.8456 70.01318
v -26.17908 356.5975 70.01318
v -30.96013 352.4774 70.01318
v -33.70004 351.1029 70.01318
v -31.00022 351.0108 70.01318
v -24.9047 351.1029 70.01318
v -27.60615 349.5302 70.01318
v -24.9047 349.5728 70.01318
v -33.70004 349.5728 70.01318
v -30.99239 349.5302 70.01318
v -24.49607 354.842 97.33819
v -26.52626 354.842 97.33819
v -26.52626 355.2284 95.3082
v -24.49607 355.3235 95.26698
v -24.49607 355.057 101.88
v -26.52626 355.057 101.88
v -26.52626 355.0779 103.7724
v -24.49607 355.0779 103.7724
v -26.52626 355.0869 107.037
v -24.49607 355.0869 107.037
v -24.49607 355.2718 117.8389
v -26.52626 355.2718 117.8389
v -24.49607 355.2834 121.0936
v -26.52626 355.2834 121.0936
v -32.07762 352.1686 121.323
v -31.8082 349.9408 121.299
v -34.40914 349.9408 121.299
v -34.40914 352.1686 121.323
v -34.10934 353.884 121.3469
v -32.07762 353.884 121.3469
v -34.10934 355.2834 121.0936
v -32.07762 355.2834 121.0936
v -26.52626 355.2834 121.0936
v -24.49607 355.2834 121.0936
v -24.49607 353.884 121.3469
v -26.52626 353.884 121.3469
v -26.52626 352.1686 121.323
v -24.19472 352.1686 121.323
v -24.19472 349.9408 121.299
v -26.79568 349.9408 121.299
v -34.10934 354.842 97.33819
v -34.10934 355.3235 95.26698
v -32.07762 355.2284 95.3082
v -32.07762 354.842 97.33819
v -32.07762 355.2834 121.0936
v -34.10934 355.2834 121.0936
v -32.09076 352.4774 70.61298
v -30.96013 352.4774 70.36513
v -31.00022 351.0108 70.36513
v -32.15806 351.0108 70.61298
v -30.86569 355.8456 70.36513
v -31.93221 356.0813 70.61298
v -32.14492 349.5302 70.61298
v -30.99239 349.5302 70.36513
v -27.60615 349.5302 70.01318
v -27.73285 355.8456 70.01318
v -27.73285 355.8456 70.36513
v -27.60615 349.5302 70.36513
v -30.96013 352.4774 70.36513
v -30.96013 352.4774 70.01318
v -31.00022 351.0108 70.01318
v -31.00022 351.0108 70.36513
v -30.99239 349.5302 70.01318
v -30.99239 349.5302 70.36513
v -30.86569 355.8456 70.01318
v -30.86569 355.8456 70.36513
v -31.8082 349.9408 121.299
v -31.3496 350.8741 82.77026
v -31.49132 350.8741 71.1169
v -31.49132 357.0402 73.13331
v -31.3496 357.0402 82.77026
v -31.49132 357.0402 73.13331
v -31.49132 350.8741 71.1169
v -27.1125 350.8741 71.1169
v -27.1125 357.0402 73.13331
v -27.25422 357.0402 82.77026
v -27.25422 350.8741 82.77026
v -31.3496 350.8741 82.77026
v -31.3496 357.0402 82.77026
v -27.25422 350.8741 82.77026
v -27.25422 357.0402 82.77026
v -27.1125 357.0402 73.13331
v -27.1125 350.8741 71.1169
v -31.49132 357.0402 73.13331
v -27.1125 357.0402 73.13331
v -27.25422 357.0402 82.77026
v -31.3496 357.0402 82.77026
v -31.49132 350.8741 71.1169
v -31.3496 350.8741 82.77026
v -27.25422 350.8741 82.77026
v -27.1125 350.8741 71.1169

vn -2.66184E-05 0 1
vn -2.66184E-05 0 1
vn -2.66184E-05 0 1
vn 0 0 1
vn 1.536665E-05 0 1
vn 0 0 1
vn 0 0 1
vn 0 0 1
vn 1.124961E-05 0 1
vn 0 0 1
vn 0 0 1
vn 0 0 1
vn 7.623114E-06 0 1
vn 7.623114E-06 0 1
vn 0 0 1
vn 0 0 1
vn 0 0 1
vn -1.524855E-05 0 1
vn -1.524855E-05 0 1
vn 1.524762E-05 0 1
vn 1.524762E-05 0 1
vn 0 0 1
vn 0 0 1
vn 0 0 1
vn 0 0 -1
vn 0 0 -1
vn 0 0 -1
vn 0 0 -1
vn 0 0 -1
vn 0 0 -1
vn 2.193752E-05 0 -1
vn 0 0 -1
vn 0 0 -1
vn 2.193752E-05 0 -1
vn 2.193752E-05 0 -1
vn 0 0 -1
vn -0.1882864 -0.7028106 -0.6860068
vn -0.1882864 -0.7028106 -0.6860068
vn -0.1882864 -0.7028106 -0.6860068
vn -0.1882864 -0.7028106 -0.6860068
vn -0.514503 0.5144756 -0.686004
vn -0.514503 0.5144756 -0.686004
vn -0.514503 0.5144756 -0.686004
vn -0.514503 0.5144756 -0.686004
vn -0.2588295 0.9659231 0
vn -0.2588295 0.9659231 0
vn -0.2588295 0.9659231 0
vn -0.2588295 0.9659231 0
vn 0.2588227 -0.9659249 0
vn 0.2588227 -0.9659249 0
vn 0.2588227 -0.9659249 0
vn 0.2588227 -0.9659249 0
vn -0.2588278 0.9659235 0
vn -0.2588278 0.9659235 0
vn -0.2588278 0.9659235 0
vn -0.2588278 0.9659235 0
vn 0.9659254 -0.2588209 0
vn 0.9659254 -0.2588209 0
vn 0.9659254 -0.2588209 0
vn 0.9659254 -0.2588209 0
vn 0.7071128 -0.7071007 0
vn 0.7071128 -0.7071007 0
vn 0.7071128 -0.7071007 0
vn 0.7071128 -0.7071007 0
vn -0.7071501 -0.7070634 0
vn -0.7071501 -0.7070634 0
vn -0.7071501 -0.7070634 0
vn -0.7071501 -0.7070634 0
vn 0 0 -1
vn 0 0 -1
vn 0 0 -1
vn 0 0 -1
vn 0 0 -1
vn 0 0 -1
vn -2.00048E-05 0 -1
vn -2.00048E-05 0 -1
vn -2.00048E-05 0 -1
vn -2.00048E-05 0 -1
vn 0 0 -1
vn 0 0 -1
vn 0 0 -1
vn 0 0 -1
vn 0 0 -1
vn 0 0 -1
vn 0 0 -1
vn 1.00032E-05 0 -1
vn 0 0 -1
vn 0 0 -1
vn 0 0 -1
vn 0 0 -1
vn 0 0 -1
vn 0 0 -1
vn 0 0 -1
vn 2.00048E-05 0 -1
vn 2.00048E-05 0 -1
vn 0 0 -1
vn 0 0 -1
vn 0 0 -1
vn -3.81237E-06 0 -1
vn -3.81237E-06 0 -1
vn 0 0 -1
vn 0 0 -1
vn -0.9659228 0.2588304 0
vn -0.9659228 0.2588304 0
vn -0.9659228 0.2588304 0
vn -0.9659228 0.2588304 0
vn -0.7070915 -0.707122 0
vn -0.7070915 -0.707122 0
vn -0.7070915 -0.707122 0
vn -0.7070915 -0.707122 0
vn 0.2588244 -0.9659244 0
vn 0.2588244 -0.9659244 0
vn 0.2588244 -0.9659244 0
vn 0.2588244 -0.9659244 0
vn -0.7071087 0.7071048 0
vn -0.7071087 0.7071048 0
vn -0.7071087 0.7071048 0
vn -0.7071087 0.7071048 0
vn -0.9659219 0.2588335 0
vn -0.9659219 0.2588335 0
vn -0.9659219 0.2588335 0
vn -0.9659219 0.2588335 0
vn 0.7071108 0.7071027 0
vn 0.7071108 0.7071027 0
vn 0.7071108 0.7071027 0
vn 0.7071108 0.7071027 0
vn -0.2587611 0.9659414 0
vn -0.2587611 0.9659414 0
vn -0.2587611 0.9659414 0
vn -0.2587611 0.9659414 0
vn 0.9659224 -0.2588319 0
vn 0.9659224 -0.2588319 0
vn 0.9659224 -0.2588319 0
vn 0.9659224 -0.2588319 0
vn 0.2587611 -0.9659414 0
vn 0.2587611 -0.9659414 0
vn 0.2587611 -0.9659414 0
vn 0.2587611 -0.9659414 0
vn -0.7070746 -0.7071389 0
vn -0.7070746 -0.7071389 0
vn -0.7070746 -0.7071389 0
vn -0.7070746 -0.7071389 0
vn 0.9659219 -0.2588335 0
vn 0.9659219 -0.2588335 0
vn 0.9659219 -0.2588335 0
vn 0.9659219 -0.2588335 0
vn 0.7070882 0.7071254 0
vn 0.7070882 0.7071254 0
vn 0.7070882 0.7071254 0
vn 0.7070882 0.7071254 0
vn -0.2587611 -0.9659414 0
vn -0.2587611 -0.9659414 0
vn -0.2587611 -0.9659414 0
vn -0.2587611 -0.9659414 0
vn -0.9659254 0.2588209 0
vn -0.9659254 0.2588209 0
vn -0.9659254 0.2588209 0
vn -0.9659254 0.2588209 0
vn -0.9659224 -0.2588319 0
vn -0.9659224 -0.2588319 0
vn -0.9659224 -0.2588319 0
vn -0.9659224 -0.2588319 0
vn 0.2587611 0.9659414 0
vn 0.2587611 0.9659414 0
vn 0.2587611 0.9659414 0
vn 0.2587611 0.9659414 0
vn 0.9659249 0.2588229 0
vn 0.9659249 0.2588229 0
vn 0.9659249 0.2588229 0
vn 0.9659249 0.2588229 0
vn 0.7071506 0.7070628 0
vn 0.7071506 0.7070628 0
vn 0.7071506 0.7070628 0
vn 0.7071506 0.7070628 0
vn 0 0 -1
vn 0 0 -1
vn 0.5144832 -0.5144722 -0.6860213
vn 0.5144832 -0.5144722 -0.6860213
vn 0.5144832 -0.5144722 -0.6860213
vn 0.5144832 -0.5144722 -0.6860213
vn -0.188239 0.7028172 -0.6860132
vn -0.188239 0.7028172 -0.6860132
vn -0.188239 0.7028172 -0.6860132
vn -0.188239 0.7028172 -0.6860132
vn 0.7028345 -0.1883086 -0.6859763
vn 0.7028345 -0.1883086 -0.6859763
vn 0.7028345 -0.1883086 -0.6859763
vn 0.7028345 -0.1883086 -0.6859763
vn 0.7027797 0.1883173 -0.68603
vn 0.7027797 0.1883173 -0.68603
vn 0.7027797 0.1883173 -0.68603
vn 0.7027797 0.1883173 -0.68603
vn 0.1882438 0.7028085 -0.6860207
vn 0.1882438 0.7028085 -0.6860207
vn 0.1882438 0.7028085 -0.6860207
vn 0.1882438 0.7028085 -0.6860207
vn -0.7027969 -0.188304 -0.6860161
vn -0.7027969 -0.188304 -0.6860161
vn -0.7027969 -0.188304 -0.6860161
vn -0.7027969 -0.188304 -0.6860161
vn 0.5144678 0.5144569 -0.6860445
vn 0.5144678 0.5144569 -0.6860445
vn 0.5144678 0.5144569 -0.6860445
vn 0.5144678 0.5144569 -0.6860445
vn 0.1883021 -0.7028223 -0.6859906
vn 0.1883021 -0.7028223 -0.6859906
vn 0.1883021 -0.7028223 -0.6859906
vn 0.1883021 -0.7028223 -0.6859906
vn -0.7027791 0.1883226 -0.6860293
vn -0.7027791 0.1883226 -0.6860293
vn -0.7027791 0.1883226 -0.6860293
vn -0.7027791 0.1883226 -0.6860293
vn -0.514503 -0.5144756 -0.686004
vn -0.514503 -0.5144756 -0.686004
vn -0.514503 -0.5144756 -0.686004
vn -0.514503 -0.5144756 -0.686004
vn -0.872907 -0.3059574 -0.3800307
vn -0.5589456 -0.7274942 0.3979095
vn -0.8625314 -0.5059949 0.002926441
vn -0.4594644 -0.8021783 0.3813167
vn -0.9148492 -0.3886829 0.1094377
vn -0.9890988 -0.1332773 -0.0626151
vn -0.9767992 -0.2087702 0.047731
vn -0.9274269 -0.3624306 0.09232168
vn -1 -1.617033E-07 0
vn -1 -5.639536E-07 0
vn -1 -1.640027E-07 0
vn -0.9807035 -0.1954928 0.001805446
vn -0.9318495 -0.3628297 0.003350855
vn -0.592839 -0.7627042 -0.2585039
vn -0.8757572 -0.4781815 -0.06627014
vn -0.8890731 -0.4553218 -0.0472329
vn -0.8887212 -0.4550888 -0.05539637
vn -0.8858753 -0.4613 -0.04926809
vn -0.8891166 -0.4509179 -0.07838757
vn -0.8600709 -0.45936 -0.2219605
vn -0.8883318 -0.4168716 -0.1925734
vn -0.8880825 -0.4177157 -0.1918932
vn -0.9257675 -0.3584634 -0.120244
vn -0.671366 -0.7388753 -0.05771434
vn -0.9083374 -0.4151041 0.05110387
vn -0.6668736 -0.735893 0.1172227
vn -0.9083552 -0.4168523 -0.03353946
vn -0.9589757 -0.2829276 -0.01781878
vn -0.8721547 -0.4837131 -0.07326495
vn -0.6834027 -0.7118617 -0.1619059
vn -0.5915809 -0.7855859 -0.1813472
vn -0.8771642 -0.4800706 -0.01073389
vn -0.9593281 -0.281267 -0.02405274
vn -0.58444 -0.8114115 0.006432615
vn -0.9996948 -0.004580428 -0.02427558
vn -0.9996787 0.004254519 -0.02498822
vn -0.9997705 -0.0001730623 -0.02142359
vn -0.999671 0.003254165 -0.02543997
vn -0.9997043 -0.006449893 -0.02344573
vn -0.9997043 -0.006449893 -0.02344573
vn -0.9998393 0.005525525 -0.01705453
vn -0.9995298 0.01214967 -0.02815246
vn -0.9997298 0.01166213 -0.02010781
vn -0.9998342 0.005353494 -0.01740391
vn -0.9999062 0.0002328198 -0.01369602
vn -0.9999505 0.0001439193 -0.009949842
vn -0.9999075 -0.003165547 -0.01322735
vn -0.9999492 -0.002345581 -0.009804243
vn -1 -2.020932E-06 0
vn -1 -2.821225E-06 0
vn -1 -1.296613E-06 0
vn -1 -1.930612E-06 0
vn -1 5.808496E-07 0
vn -1 -4.58682E-06 0
vn 1 0 0
vn 1 -3.282445E-07 0
vn 1 -1.407907E-06 0
vn 1 0 0
vn 1 -9.021862E-07 0
vn 1 -7.862444E-07 0
vn 1 -2.892286E-07 0
vn 1 -4.748558E-07 0
vn 1 2.419217E-06 0
vn 1 0 0
vn 3.97496E-06 0.7158495 0.6982546
vn -3.974943E-06 0.7158493 0.6982549
vn -8.678452E-06 0.7158603 0.6982435
vn 1.309834E-05 0.7158667 0.6982369
vn -0.0001244516 0.7160324 0.698067
vn 1.02183E-05 0.715863 0.6982408
vn -1.157134E-05 0.7158641 0.6982396
vn 0.0001422295 0.7160369 0.6980625
vn 0 0.5820833 0.8131291
vn 0 0.5820835 0.813129
vn 0 0.4508915 0.8925789
vn 0 0.4508915 0.8925789
vn 0.9202714 -0.3766377 0.1060408
vn 0.9321142 -0.3509716 0.089343
vn 0.978292 -0.2020083 0.04623385
vn 0.9898322 -0.1287527 -0.06045764
vn 0.8801281 -0.296403 -0.3708364
vn 0.4649208 -0.7994922 0.3803431
vn 0.5677335 -0.7222248 0.3950569
vn 0.8705523 -0.4920676 0.002848509
vn 0.9819672 -0.1890432 0.00174572
vn 1 0 0
vn 1 0 0
vn 0.9362752 -0.3512524 0.003243641
vn 1 0 0
vn 0.8837398 -0.4629622 -0.06833857
vn 0.8831606 -0.4646305 -0.0643889
vn 0.8958254 -0.4420418 -0.04577867
vn 0.89549 -0.441825 -0.053743
vn 0.8917958 -0.4488001 -0.05725978
vn 0.8977162 -0.4366143 -0.05893778
vn 0.8647411 -0.446974 -0.2289916
vn 0.9030824 -0.4082924 -0.13319
vn 0.9026406 -0.4093703 -0.1328761
vn 0.9286497 -0.3616701 -0.08248898
vn 0.6449971 -0.7606046 -0.07388799
vn 0.9042107 -0.4265525 0.02135212
vn 0.6733119 -0.7349973 0.08018699
vn 0.9083554 -0.4168525 -0.03353498
vn 0.9589757 -0.2829278 -0.01782013
vn 0.8721544 -0.4837142 -0.07326217
vn 0.6834043 -0.7118617 -0.1618999
vn 0.5915815 -0.7855864 -0.1813432
vn 0.5844404 -0.8114111 0.006431032
vn 0.8771645 -0.48007 -0.0107381
vn 0.9593281 -0.2812667 -0.02405532
vn -8.233277E-06 0.02316248 0.9997317
vn -1.017837E-05 0.02316522 0.9997316
vn -1.226912E-05 0.02316512 0.9997316
vn -6.824526E-06 0.02314642 0.9997321
vn 0 0.02312728 0.9997326
vn -3.978751E-06 0.02316749 0.9997316
vn -3.057909E-06 0.02316913 0.9997316
vn 8.053657E-06 0.02317198 0.9997315
vn 0 0.02316692 0.9997316
vn 4.494611E-07 0.02316687 0.9997316
vn 9.720594E-07 0.02316709 0.9997316
vn 3.519522E-06 0.0231676 0.9997316
vn -7.388819E-06 0.02317212 0.9997315
vn 1.202279E-06 0.02316916 0.9997315
vn 1.02745E-05 0.02316517 0.9997316
vn 9.184455E-06 0.02316538 0.9997316
vn 8.43062E-06 0.02316186 0.9997317
vn 6.969905E-06 0.02314162 0.9997322
vn 0 0.02311736 0.9997328
vn 0.9940472 -0.03940672 0.1015744
vn 0.9963559 -0.03480364 0.07787061
vn 0.9963303 -0.03640768 0.07746234
vn 0.9919302 -0.04389571 0.118944
vn 0.9688001 -0.08580965 0.2325143
vn 0.9560784 -0.1014828 0.2749825
vn 0.832407 -0.1918652 0.5198907
vn 0.7904204 -0.2120842 0.574679
vn -0.9963558 -0.03480355 0.07787162
vn -0.9940472 -0.0394061 0.1015738
vn -0.9963302 -0.03640768 0.07746366
vn -0.9919304 -0.04389473 0.1189424
vn -0.9688011 -0.08580853 0.2325106
vn -0.9560797 -0.1014818 0.2749783
vn -0.8324152 -0.191863 0.5198784
vn -0.7904316 -0.2120816 0.5746645
vn -1.625805E-06 0.007156809 -0.9999744
vn 0 0.00715796 -0.9999744
vn 0 0.007157962 -0.9999744
vn -1.495227E-06 0.007158018 -0.9999744
vn 3.080067E-07 0.007158054 -0.9999744
vn 0 0.007158014 -0.9999744
vn 4.517966E-06 0.09190451 -0.9957678
vn 0 0.007149976 -0.9999745
vn 0 0.09629293 -0.995353
vn 2.824746E-06 0.1562165 -0.9877229
vn -3.622032E-06 0.007157887 -0.9999744
vn 1.542509E-06 0.3250054 -0.9457122
vn -5.493791E-06 0.1562162 -0.9877229
vn 0 0.156219 -0.9877224
vn -1.541008E-06 0.3250049 -0.9457123
vn 5.483288E-06 0.1562056 -0.9877245
vn -2.753259E-06 0.1562143 -0.9877231
vn -5.594418E-06 0.09152728 -0.9958026
vn 0 0.00715017 -0.9999745
vn 0 0.09628549 -0.9953537
vn 0 0.483962 -0.8750889
vn 0 0.483962 -0.8750889
vn 0.6449971 -0.7606046 -0.07388799
vn 0.06213841 -0.9593229 -0.2753881
vn -0.06251818 -0.9580273 -0.279777
vn 0.3079529 -0.946308 -0.09831735
vn 0.6733119 -0.7349973 0.08018699
vn -0.671366 -0.7388753 -0.05771434
vn -0.3051326 -0.9478419 -0.09214044
vn -0.6668736 -0.735893 0.1172227
vn 0.08504221 -0.9606381 -0.2644659
vn -0.08504041 -0.9606385 -0.2644649
vn 0.6834043 -0.7118617 -0.1618999
vn 0.3371955 -0.9081727 -0.2480351
vn 0.5915815 -0.7855864 -0.1813432
vn 0.2720128 -0.9304019 -0.2456857
vn 0.2544087 -0.9670393 0.01054197
vn 0.06080736 -0.9980837 0.01146275
vn 0.06730739 -0.9632113 -0.2601803
vn 0.5844404 -0.8114111 0.006431032
vn -0.6834027 -0.7118617 -0.1619059
vn -0.3371915 -0.908174 -0.2480361
vn -0.5915809 -0.7855859 -0.1813472
vn -0.2720096 -0.9304026 -0.245686
vn -0.2544082 -0.9670396 0.01054013
vn -0.58444 -0.8114115 0.006432615
vn -0.06080678 -0.9980837 0.01146218
vn -0.06730548 -0.9632115 -0.2601796
vn -0.9887725 -0.1479884 0.02069653
vn -0.9932498 -0.1150321 0.01491757
vn -0.9470544 -0.3176002 0.04709842
vn -0.9461486 -0.3193066 0.05334846
vn -1 -3.035943E-06 0
vn -1 -3.035943E-06 0
vn 2.192552E-06 -0.8500562 -0.526692
vn 2.564266E-05 -0.8499981 -0.5267859
vn 1.358831E-05 -0.8500795 -0.5266542
vn 0.000152573 -0.8502514 -0.526377
vn -1.359046E-05 -0.8500843 -0.5266467
vn -2.192545E-06 -0.8500553 -0.5266935
vn -2.564492E-05 -0.8500077 -0.5267704
vn -0.0001525982 -0.8503866 -0.5261585
vn 0 -0.8225453 -0.5686997
vn 0 -0.8225453 -0.5686997
vn 0 -0.797291 -0.6035951
vn 0 -0.797291 -0.6035951
vn 0.9932499 -0.115031 0.01491757
vn 0.9887727 -0.1479876 0.02069657
vn 0.947054 -0.3176009 0.04709854
vn 0.9461482 -0.3193082 0.05334872
vn 1 -1.233352E-06 0
vn 1 -1.233352E-06 0
vn -0.1009399 0.9935341 -0.05197295
vn 0.003911509 0.9952917 0.09684615
vn 0 0.9951161 0.09871124
vn 0.2505327 0.9679073 0.01971935
vn 0.06447969 0.9977976 -0.01556536
vn 0.009160122 0.9999321 -0.007215802
vn 0.02216681 0.9996591 -0.01379395
vn -0.002978396 0.999992 -0.002675282
vn 0.002086814 0.9999824 -0.005564127
vn 0 0.999998 -0.002013833
vn 0 0.9740272 0.2264306
vn 0 0.9740272 0.2264306
vn -0.03817933 -0.8947179 -0.4449967
vn 0.05134729 -0.4525707 -0.8902489
vn -0.05134734 -0.4525745 -0.890247
vn -0.1314991 -0.6683374 -0.7321428
vn 0.03817939 -0.8947058 -0.4450212
vn 0.1314989 -0.6683457 -0.7321352
vn 0 -1 0
vn 0 -1 0
vn 0.9542227 -0.2990969 5.576039E-07
vn 0.9542251 -0.2990892 6.677629E-07
vn 0.9999903 0.004411943 0
vn 0.999999 0.001360609 9.084208E-07
vn 0.9542304 -0.2990727 0
vn 0.8987156 -0.438532 2.627607E-06
vn 0.9020055 -0.4317246 2.585749E-06
vn 0.7479693 -0.6637332 4.90925E-06
vn 0.7353142 -0.6777263 5.154918E-06
vn 0.8338974 0.5519195 0
vn 0.8325947 0.5538828 0
vn 0.003058019 0.9999918 -0.002676053
vn -0.009186275 0.9999323 -0.007140967
vn -0.002135271 0.9999824 -0.005552933
vn 0 0.9999981 -0.001986205
vn -0.02266314 0.9996475 -0.01382918
vn -0.06541242 0.9977363 -0.01560547
vn -0.003913567 0.9952934 0.09682752
vn -0.2550041 0.9667379 0.01976494
vn 0.1028121 0.9933476 -0.05186826
vn 0 0.9951166 0.0987066
vn 0 0.9740275 0.2264297
vn 0 0.9740275 0.2264297
vn -0.9542191 -0.2991086 5.576028E-07
vn -0.9999903 0.004414453 0
vn -0.9542237 -0.2990941 6.677622E-07
vn -0.9542304 -0.2990727 0
vn -0.999999 0.001360204 9.084207E-07
vn -0.8987136 -0.438536 1.784822E-06
vn -0.9020035 -0.4317287 1.785084E-06
vn -0.7479683 -0.6637346 9.996786E-07
vn -0.7353132 -0.6777274 8.634105E-07
vn -0.8338954 0.5519225 0
vn -0.8325927 0.5538857 0
vn -1 -4.265459E-07 0
vn -1 -3.383178E-07 0
vn -1 -5.961115E-07 0
vn -1 0 0
vn -1 2.322604E-07 0
vn -1 0 0
vn -1 0 0
vn -1 1.626513E-06 0
vn -1 2.506517E-06 0
vn -1 0 0
vn 1.126086E-06 -0.01194809 0.9999286
vn -0.0002018364 -0.0119802 0.9999282
vn -0.0003103513 -0.01246609 0.9999223
vn -0.000142165 0.08326261 0.9965276
vn 0.0002006826 -0.01198153 0.9999282
vn 0 0.0297543 0.9995572
vn 2.146835E-06 0.178127 0.9840075
vn 0.0003119331 -0.01246918 0.9999223
vn 0.0001396283 0.08326121 0.9965277
vn 0 0.02974904 0.9995573
vn -2.106414E-06 0.1781172 0.9840093
vn -5.274823E-06 0.1781262 0.9840077
vn -5.274823E-06 0.1781262 0.9840077
vn 5.364658E-06 0.1781293 0.9840071
vn 5.364658E-06 0.1781293 0.9840071
vn 0.9998228 0.00470086 -0.01823185
vn 0.9996312 0.006458244 -0.02637884
vn 0.9996202 0.01055198 -0.02545626
vn 0.9999044 0.0001904617 -0.01382436
vn 0.9998378 0.004680952 -0.01739627
vn 0.9999514 0.0002202436 -0.009860764
vn 0.9999075 -0.003165013 -0.01322747
vn 0.9999492 -0.002346613 -0.009804328
vn 1 -1.410612E-06 0
vn 1 -6.701594E-07 0
vn 1 -1.161699E-06 0
vn 1 -2.826291E-06 0
vn 0.9996635 0.001787654 -0.02587972
vn 0.9996578 0.001131547 -0.02613543
vn 0.9996945 -0.003434939 -0.02447934
vn 0.9996778 -0.00185615 -0.02531692
vn 0.999626 0.001851039 -0.02728334
vn 1 0 0
vn 1 -4.58682E-06 0
vn -0.9996312 -0.006460198 0.02637881
vn -0.999595 -0.007109484 0.02755746
vn -0.9996203 -0.01055428 0.02545345
vn -0.9997017 -0.0003396292 0.02441938
vn -0.9996538 -0.006839117 0.0254087
vn -0.9996635 -0.001792435 0.02588045
vn -0.9996578 -0.001129127 0.02613367
vn -0.9996945 0.003435536 0.02447965
vn -0.9996778 0.00185605 0.02531666
vn -0.9996262 -0.001850053 0.02728029
vn -0.9997125 -0.0005378089 0.02396823
vn -0.9997119 0.005582072 0.02334058
vn -0.9997119 0.005582072 0.02334058
vn 0.9995286 -0.01216081 0.02818762
vn 0.9996786 -0.004255591 0.02498872
vn 0.9997295 -0.0116706 0.02011695
vn 0.9996326 -0.00835786 0.02578629
vn 0.999671 -0.003257633 0.02544016
vn 0.9996948 0.004582375 0.02427596
vn 0.9997705 0.0001741533 0.02142344
vn 0.9997042 0.006452519 0.02344651
vn 0.9997042 0.006452519 0.02344651
vn 0.9996463 -0.007820883 0.02542006
vn 0.9997072 -0.0004143628 0.02419324
vn 0.9997074 -0.0003548999 0.02418478
vn 0.9997119 0.00558129 0.02334058
vn 0.9997119 0.00558129 0.02334058
vn -0.00958035 -0.01567854 0.9998312
vn -0.007032567 0.1586732 0.9873061
vn 0.00958106 -0.01567823 0.9998312
vn 0 -0.1482718 0.9889466
vn 0 -0.1482718 0.9889466
vn -0.02633643 0.1106887 0.9935061
vn 0 0.05278635 0.9986059
vn 0.007033083 0.1586782 0.9873053
vn 0.02633841 0.1106891 0.9935061
vn 0 0.05278804 0.9986058
vn 0.0214048 0.2133545 -0.9767404
vn 0.02139922 0.2125211 -0.9769222
vn 0.02289397 0.4427837 -0.8963361
vn 0.02289287 0.442922 -0.8962678
vn 0.02331359 0.3828132 -0.9235315
vn 0.02331359 0.3828132 -0.9235315
vn 0.0181878 -0.05194098 -0.9984846
vn 0.01818719 -0.05181843 -0.9984909
vn 0.01795245 -0.008247901 -0.9998048
vn 0.01795245 -0.008247901 -0.9998048
vn -0.5589456 -0.7274942 0.3979095
vn 0.5677335 -0.7222248 0.3950569
vn 0 -0.9018646 -0.4320188
vn -0.592839 -0.7627042 -0.2585039
vn -0.7353132 -0.6777274 8.634105E-07
vn -0.4486741 -0.8936955 0
vn -0.4589276 -0.8884737 0
vn -0.7479683 -0.6637346 9.996786E-07
vn -8.471185E-07 -1 0
vn -8.191246E-07 -1 0
vn 0.4486738 -0.8936955 3.414083E-06
vn 0.4589274 -0.8884737 3.57432E-06
vn 0.7353142 -0.6777263 5.154918E-06
vn 0.7479693 -0.6637332 4.90925E-06
vn 0.7904204 -0.2120842 0.574679
vn 0.832407 -0.1918652 0.5198907
vn 0.4838513 -0.3029979 0.8210239
vn 0.4472888 -0.3096593 0.8390732
vn 0.1281934 -0.3433712 0.93041
vn 0.1220076 -0.3436414 0.9311417
vn -0.1281913 -0.3433716 0.9304101
vn -0.1220056 -0.3436417 0.9311418
vn -0.447299 -0.3096595 0.8390677
vn -0.483864 -0.3029976 0.8210165
vn -0.7904316 -0.2120816 0.5746645
vn -0.8324152 -0.191863 0.5198784
vn 0 0.9863013 -0.1649535
vn 0 0.9863013 -0.1649535
vn 0 0.9863013 -0.1649535
vn 0 0.9863013 -0.1649535
vn 0 0.9829259 -0.1840021
vn 0 0.9824233 0.1866671
vn 0 0.9824233 0.1866671
vn 0 0.9829259 -0.1840021
vn 0 0.7575415 0.652787
vn 0 0.7575415 0.652787
vn 0 -0.4745381 -0.880235
vn 0 -0.3043196 -0.95257
vn 0 -0.3043196 -0.95257
vn 0 -0.4745381 -0.880235
vn 0 -0.0005113252 -0.9999999
vn 0 -0.0005113252 -0.9999999
vn 0 0.1226766 -0.9924467
vn 0 0.1226766 -0.9924467
vn 0 0.4253647 -0.905022
vn 0 0.4253647 -0.905022
vn 0 0.4253647 -0.905022
vn 0 0.4253647 -0.905022
vn -0.592839 -0.7627042 -0.2585039
vn 0 -0.9018646 -0.4320188
vn 0 -0.9018648 -0.4320185
vn 0 -0.9018648 -0.4320185
vn 0 -0.06357112 -0.9979773
vn 0 -0.06357112 -0.9979773
vn -0.05134734 -0.4525745 -0.890247
vn 0.05134729 -0.4525707 -0.8902489
vn 0 0.7575415 0.652787
vn 0 0.5374831 0.8432745
vn 0 0.5374831 0.8432745
vn 0 0.7575415 0.652787
vn 0 0.224522 0.9744689
vn 0 0.224522 0.9744689
vn 0 0.1385678 0.9903529
vn 0 0.1385678 0.9903529
vn 0 0.2485179 0.9686273
vn 0 0.2485179 0.9686273
vn 0 -0.9863057 0.1649274
vn 0 -0.9863057 0.1649274
vn 0 -0.9863057 0.1649274
vn 0 -0.9863057 0.1649274
vn 0.1314989 -0.6683457 -0.7321352
vn 0.03817939 -0.8947058 -0.4450212
vn 0 -0.5033099 -0.864106
vn 0 -0.5032721 -0.864128
vn -0.03817933 -0.8947179 -0.4449967
vn -0.1314991 -0.6683374 -0.7321428
vn 0 -0.9988942 -0.04701627
vn 0 -0.9988942 -0.04701627
vn 0 -0.9988942 -0.04701627
vn 0 -0.9988942 -0.04701627
vn 0 -0.9863057 0.1649274
vn 0 -0.9863057 0.1649274
vn 0 -0.9863057 0.1649274
vn 0 -0.9863057 0.1649274
vn -9.148545E-05 -0.9886136 0.150476
vn -8.350948E-05 -0.9905214 0.1373581
vn -0.0001688367 -0.7871178 0.6168026
vn -0.0001664813 -0.7814011 0.624029
vn 0.008235991 -0.9703437 0.2415889
vn 0.02042825 -0.4328758 0.9012221
vn 0.0204215 -0.4350244 0.9001871
vn 0.01251405 -0.9292901 0.3691384
vn 0.002200967 -0.9999976 0
vn 0.005187521 -0.9999865 0
vn 0 -1 0
vn 0 -1 0
vn 0 -1 0
vn 0 -1 0
vn -0.00220099 -0.9999976 0
vn -0.008237064 -0.9703448 0.2415847
vn -0.005187573 -0.9999865 0
vn -0.01251569 -0.9292927 0.369132
vn -0.02042454 -0.4350307 0.9001839
vn -0.02043129 -0.4328821 0.901219
vn 0 -0.9018648 -0.4320185
vn 0 -0.9018648 -0.4320185
vn 0 -0.9999334 0.01154711
vn 0 -0.9999334 0.01154711
vn 0 0.999966 -0.008240217
vn 0 0.999966 -0.008240217
vn 0 0.999966 -0.008240217
vn 0 0.999966 -0.008240217
vn 0.01710683 -0.001548631 -0.9998524
vn 0.01710683 -0.001548631 -0.9998524
vn 0.01710683 -0.001548631 -0.9998524
vn 0.01710683 -0.001548631 -0.9998524
vn 0 -0.3155488 0.9489093
vn 0 -0.3155488 0.9489093
vn -0.0001664813 -0.7814011 0.624029
vn -0.0001688367 -0.7871178 0.6168026
vn -0.02006694 -0.07834101 0.9967247
vn -0.02006694 -0.07834101 0.9967247
vn -0.02043129 -0.4328821 0.901219
vn -0.02042454 -0.4350307 0.9001839
vn 0 -0.2123033 -0.9772038
vn 0 0.06433938 -0.9979281
vn 0 0.06434009 -0.997928
vn 0 -0.212302 -0.9772041
vn 0 0.3360305 -0.9418511
vn 0 0.3360304 -0.9418511
vn 0 -0.2123019 -0.9772041
vn 0 0.06434005 -0.997928
vn 0 0.06433931 -0.9979281
vn 0 -0.2123031 -0.9772038
vn 0 0.3360304 -0.9418511
vn 0 0.3360301 -0.9418512
vn 0.02042825 -0.4328758 0.9012221
vn 0.02006439 -0.07834093 0.9967247
vn 0.02006439 -0.07834093 0.9967247
vn 0.0204215 -0.4350244 0.9001871
vn -0.02147548 0.3915761 -0.9198951
vn -0.02147548 0.3915761 -0.9198951
vn -0.02147548 0.3915761 -0.9198951
vn -0.02147548 0.3915761 -0.9198951
vn 0.005876857 0.9999688 -0.005297385
vn 0.003906366 0.9999861 -0.003561392
vn 0.003729486 0.9999868 -0.003549194
vn 0.005580964 0.9999701 -0.005355377
vn 0.002578399 0.9999967 0
vn 0.006130388 0.9999813 0
vn 0.005540929 0.9999846 0
vn 0.002487979 0.9999969 -1.488775E-05
vn 0 1 -1.454446E-05
vn 0.08883186 0.849298 0.5203863
vn 0 1 0
vn 0 1 0
vn -0.07459421 0.8460768 0.5278159
vn 0 1 -1.728652E-06
vn -0.003729489 0.9999868 -0.003539865
vn -0.002370216 0.9999973 0
vn -0.005580971 0.9999701 -0.005354823
vn -0.005876862 0.9999688 -0.005296836
vn -0.003906371 0.9999861 -0.003561023
vn -0.005540906 0.9999846 0
vn -0.006130366 0.9999813 0
vn -0.002578389 0.9999967 0
vn 0 1 0
vn 0 1 0
vn 0.8325947 0.5538828 0
vn 0.4481049 0.893981 0
vn 0.4490861 0.8934884 0
vn 0.8338974 0.5519195 0
vn -9.741937E-07 1 0
vn -9.764207E-07 1 0
vn -0.4481053 0.8939808 0
vn -0.4490865 0.8934882 0
vn -0.8325927 0.5538857 0
vn -0.8338954 0.5519225 0
vn 0.9145212 -0.4036634 0.02658806
vn 0.9145212 -0.4036634 0.02658806
vn 0.9145212 -0.4036634 0.02658806
vn 0.9145212 -0.4036634 0.02658806
vn -0.01784364 -0.03584333 -0.9991981
vn -0.01784364 -0.03584333 -0.9991981
vn -0.01784364 -0.03584333 -0.9991981
vn -0.01784364 -0.03584333 -0.9991981
vn 0.002833764 -0.9437987 -0.3305086
vn 0.002833764 -0.9437987 -0.3305086
vn 0.002833764 -0.9437987 -0.3305086
vn 0.002833764 -0.9437987 -0.3305086
vn 0.005181514 -0.9999866 0
vn 0.004390092 -0.9999903 0
vn 0.01043374 -0.9999456 0
vn 0.01043374 -0.9999456 0
vn 0 -1 0
vn 0 -1 0
vn 0 -1 0
vn 0 -1 0
vn -0.005181531 -0.9999866 0
vn -0.004390105 -0.9999903 0
vn -0.01043377 -0.9999456 0
vn -0.01043377 -0.9999456 0
vn 0.001355151 -0.9999992 3.253723E-05
vn 0.001355151 -0.9999992 3.253723E-05
vn 0.001355151 -0.9999992 3.253723E-05
vn 0.001355151 -0.9999992 3.253723E-05
vn -0.001149135 -0.9999994 1.272101E-05
vn -0.001149135 -0.9999994 1.272101E-05
vn -0.001149135 -0.9999994 1.272101E-05
vn -0.001149135 -0.9999994 1.272101E-05
vn 0.3211111 -0.02143839 0.9467989
vn 0.276574 0.2774531 0.9200689
vn 0.08883186 0.849298 0.5203863
vn 0.2042427 0.05407984 0.9774253
vn 0.2243369 -0.07257546 0.9718055
vn 0.3109774 -0.326802 0.8924649
vn 0.1509082 -0.3375995 0.9291143
vn 0.2813661 0.2037733 0.9377151
vn 0.268234 -0.3352374 0.9031425
vn -0.2549736 -0.3386782 0.9056962
vn -0.1827363 0.05237451 0.981766
vn -0.3583339 -0.02312829 0.933307
vn -0.3377593 -0.3267775 0.8826863
vn -0.3027994 -0.07683583 0.949952
vn -0.3274702 0.2736486 0.904367
vn -0.3794119 0.1964753 0.9041262
vn -0.2042862 -0.3365711 0.9192318
vn -0.07459421 0.8460768 0.5278159
vn -0.0240369 0.3832176 -0.9233452
vn -0.0240369 0.3832176 -0.9233452
vn -0.0240369 0.3832176 -0.9233452
vn -0.0240369 0.3832176 -0.9233452
vn 0.001010868 0.9517015 0.3070232
vn 0.001010868 0.9517015 0.3070232
vn 0.001010868 0.9517015 0.3070232
vn 0.001010868 0.9517015 0.3070232
vn 0.2838579 -0.04630012 -0.9577479
vn 0.3019575 0.1497173 -0.9414915
vn 0.2935912 0.1500985 -0.9440734
vn 0.3174643 -0.0491234 -0.946997
vn -0.02163004 0.1570374 -0.9873558
vn -0.02166007 -0.04985473 -0.9985216
vn 0.302097 -0.2426151 -0.9218869
vn -0.02076113 -0.254475 -0.9668564
vn 0.2831534 -0.2440656 -0.9274999
vn -0.3174647 -0.04912301 -0.9469969
vn -0.2935919 0.1500985 -0.9440732
vn -0.3019578 0.1497175 -0.9414915
vn -0.2838576 -0.04629907 -0.9577481
vn 0.02163141 0.1570379 -0.9873556
vn 0.0216615 -0.04985338 -0.9985216
vn -0.3020965 -0.2426133 -0.9218875
vn 0.02076256 -0.2544729 -0.966857
vn -0.2831534 -0.2440648 -0.9275001
vn 0.002272272 -0.9978437 -0.06559536
vn 0.002272272 -0.9978437 -0.06559536
vn 0.002272272 -0.9978437 -0.06559536
vn 0.002272272 -0.9978437 -0.06559536
vn -0.4594644 -0.8021783 0.3813167
vn 0.4649208 -0.7994922 0.3803431
vn 0.5677335 -0.7222248 0.3950569
vn -0.5589456 -0.7274942 0.3979095
vn 0 -0.9581397 0.286301
vn 0 -0.9581397 0.286301
vn 0 -0.9581409 0.2862971
vn 0 -0.9581409 0.2862971
vn 0.4649208 -0.7994922 0.3803431
vn -0.4594644 -0.8021783 0.3813167
vn 0 -0.9999332 0.01155226
vn 0 -0.9999332 0.01155226
vn -0.9145193 -0.4036677 0.02658801
vn -0.9145193 -0.4036677 0.02658801
vn -0.9145193 -0.4036677 0.02658801
vn -0.9145193 -0.4036677 0.02658801
vn 0 -0.1570194 0.9875956
vn 0 0.04979891 0.9987593
vn 0 0.0497988 0.9987593
vn 0 -0.1570193 0.9875956
vn 0 0.2544806 0.9670779
vn 0 0.2544809 0.9670778
vn 0 -0.1570193 0.9875956
vn 0 0.04979858 0.9987593
vn 0 0.04979846 0.9987593
vn 0 -0.1570193 0.9875956
vn 0 0.2544801 0.967078
vn 0 0.25448 0.967078
vn -0.9717216 0.2283363 -0.06016422
vn -0.9717216 0.2283363 -0.06016422
vn -0.9717216 0.2283363 -0.06016422
vn -0.9717216 0.2283363 -0.06016422
vn -0.9717216 0.2283363 -0.06016422
vn -0.9717216 0.2283363 -0.06016422
vn -0.9717216 0.2283363 -0.06016422
vn -0.9717216 0.2283363 -0.06016422
vn -0.9717216 0.2283363 -0.06016422
vn -0.9717216 0.2283363 -0.06016422
vn -0.9717216 0.2283363 -0.06016422
vn -0.9717216 0.2283363 -0.06016422
vn -0.9717216 0.2283363 -0.06016422
vn -0.9717216 0.2283363 -0.06016422
vn -0.9717216 0.2283363 -0.06016422
vn -0.9717216 0.2283363 -0.06016422
vn -0.4908141 -0.8682479 -0.07243619
vn -0.3977454 -0.879098 -0.2626506
vn -0.4954259 -0.8602847 0.120264
vn -0.4954491 -0.8603524 0.1196826
vn -0.4212008 -0.9043418 -0.06896358
vn -0.2887481 -0.8507707 -0.4391055
vn -0.3490851 -0.9348288 -0.06507348
vn -0.4132792 -0.8534456 0.3175386
vn -0.3433611 -0.8831752 0.3195384
vn -0.3394139 -0.6718966 0.6582956
vn -0.280777 -0.6987814 0.6579278
vn -0.1796026 -0.6387317 -0.7481743
vn -0.1793788 -0.6382484 -0.7486403
vn -0.4816253 -0.8202221 0.3086627
vn -0.4007325 -0.6499527 0.645736
vn -0.4908244 -0.8682427 -0.07242833
vn -0.4671479 -0.8429834 -0.2667432
vn -0.4672924 -0.8431443 -0.26598
vn -0.2978297 -0.586219 -0.7534221
vn -0.2952995 -0.5821401 -0.7575691
vn -0.3003823 -0.5903322 -0.7491852
vn -0.4674449 -0.843316 -0.2651667
vn -0.4954949 -0.8604776 0.1185889
vn 0.07266289 0.050845 -0.9960598
vn 0.07580262 0.06131685 -0.9952357
vn -0.04907402 -0.3174476 -0.9470051
vn -0.05101826 -0.3227591 -0.9451052
vn 0.1742309 0.4192802 -0.8909813
vn 0.1770272 0.4305108 -0.8850547
vn 0.2424331 0.7202461 -0.6499782
vn 0.3646447 0.7752332 -0.5157981
vn -0.1793788 -0.6382484 -0.7486403
vn -0.1796026 -0.6387317 -0.7481743
vn -0.280777 -0.6987814 0.6579278
vn -0.3394139 -0.6718966 0.6582956
vn -0.2169022 -0.3820258 0.8983372
vn -0.1835799 -0.4014632 0.897288
vn -0.0674067 -0.02925429 0.9972966
vn -0.07073614 -0.03431151 0.9969048
vn 0.08669192 0.3276848 0.9408013
vn 0.04255939 0.3410906 0.9390665
vn 0.2239837 0.6318394 0.7420312
vn 0.1426551 0.6609986 0.7367023
vn -0.2587463 -0.3802692 0.8879446
vn -0.07617084 -0.05048515 0.9958159
vn -0.4007325 -0.6499527 0.645736
vn 0.1188309 0.2882558 0.9501514
vn 0.2953244 0.5821697 0.7575366
vn 0.218675 0.8771192 0.4276018
vn 0.3263212 0.8391002 0.4352301
vn 0.3806864 0.9222881 0.0668019
vn 0.263368 0.9628224 0.06008635
vn 0.1426551 0.6609986 0.7367023
vn 0.2239837 0.6318394 0.7420312
vn 0.3800533 0.8709935 -0.3113356
vn 0.272177 0.9088901 -0.3159723
vn 0.3646447 0.7752332 -0.5157981
vn 0.2424331 0.7202461 -0.6499782
vn 0.4908166 0.8682479 0.07241982
vn 0.480817 0.8182226 -0.3151616
vn 0.4258104 0.7855886 0.4489276
vn 0.2953244 0.5821697 0.7575366
vn 0.473374 0.8008305 -0.3668617
vn 0.488374 0.8373173 -0.2457449
vn 0.488374 0.8373173 -0.2457449
vn 0.9016612 -0.4299345 0.04651016
vn 0.9016612 -0.4299345 0.04651016
vn 0.9016612 -0.4299345 0.04651016
vn 0.8862672 -0.4590687 0.06153391
vn 0.9016612 -0.4299345 0.04651016
vn 0.8697983 -0.4865692 0.08186141
vn 0.9016612 -0.4299345 0.04651016
vn 0.8905778 -0.4502289 0.06453837
vn 0.9016612 -0.4299345 0.04651016
vn 0.8892095 -0.454131 0.05542002
vn 0.9016612 -0.4299345 0.04651016
vn 0.9016599 -0.4299372 0.04651298
vn 0.9016612 -0.4299345 0.04651016
vn 0.9016601 -0.4299369 0.04651121
vn 0.9016612 -0.4299345 0.04651016
vn 0.9016612 -0.4299345 0.04651016
vn 0.901662 -0.4299324 0.04651543
vn 0.8714283 -0.4858905 0.06725539
vn 0.88406 -0.459141 0.08733604
vn 0.8090088 -0.5746446 0.123646
vn 0.9016561 -0.429945 0.04651492
vn 0.8762864 -0.4752543 0.0790906
vn -0.901655 0.4299472 -0.04651405
vn -0.9016559 0.4299455 -0.04651389
vn -0.9056852 0.4201581 -0.05658198
vn -0.903879 0.4247564 -0.05084188
vn -0.8803593 0.4710575 -0.05543007
vn -0.8720683 0.4886843 -0.02616482
vn -0.9067655 0.4165995 -0.06497023
vn -0.8831905 0.465221 -0.05953249
vn -0.8759601 0.4823439 -0.006186431
vn -0.8808146 0.4673021 -0.07612032
vn -0.9082057 0.4177643 0.02520797
vn -0.8389481 0.5331423 -0.1092027
vn -0.8835692 0.4680961 -0.0138381
vn -0.8090191 0.5746303 -0.1236451
vn -0.930552 0.3514865 0.1026164
vn -0.917412 0.3869116 0.09303054
vn -0.8874256 0.4587956 0.04452519
vn -0.9103267 0.4089254 -0.06391593
vn -0.9425415 0.323902 0.08187173
vn -0.9425415 0.323902 0.08187173
vn 0.07170784 0.04258664 -0.9965161
vn 0.255201 0.3736697 -0.8917643
vn 0.2516515 0.3670958 -0.8954955
vn 0.06724657 0.03467737 -0.9971336
vn 0.07615144 0.05047392 -0.995818
vn -0.1188344 -0.2882547 -0.9501514
vn -0.1228492 -0.2950783 -0.9475426
vn -0.2952995 -0.5821401 -0.7575691
vn -0.2978297 -0.586219 -0.7534221
vn 0.2587616 0.3802693 -0.8879401
vn 0.3343593 0.6110606 -0.7175018
vn 0.3412939 0.6294731 -0.6980559
vn -0.1268962 -0.3019473 -0.9448414
vn -0.3003823 -0.5903322 -0.7491852
vn 0.3280447 0.5889201 -0.7386202
vn 0.1224344 0.3218958 0.9388253
vn 0.2953241 0.5821859 0.7575244
vn 0.30037 0.5903521 0.7491744
vn 0.1200584 0.3185452 0.9402739
vn -0.07018679 0.1301409 0.9890082
vn -0.1623529 0.09055674 0.9825686
vn -0.2358389 -0.1627489 0.9580672
vn -0.1936329 -0.4638764 0.8644795
vn -0.1710109 -0.5254849 0.8334392
vn -0.1683232 -0.4182594 0.8925954
vn -0.1712406 -0.3436159 0.923366
vn -0.1860258 -0.3534128 0.9167845
vn -0.2010339 -0.3632726 0.9097353
vn -0.2010339 -0.3632726 0.9097353
vn 0.90376 -0.4229397 0.06587879
vn 0.9086783 -0.4124967 0.06442209
vn 0.9067683 -0.4165901 0.06499153
vn 0.9032924 -0.4239161 0.06601579
vn 0.9103122 -0.4089556 0.06392936
vn 0.9103122 -0.4089556 0.06392936
vn 0.8997295 -0.4312701 0.06702903
vn 0.9001868 -0.4303346 0.06690196
vn 0.8953833 -0.4397581 0.07001133
vn 0.8969195 -0.4368432 0.06858166
vn 0.9276594 -0.370271 0.04845026
vn 0.9050708 -0.4203744 0.06428239
vn 0.9397903 -0.3395366 0.03884657
vn 0.9397903 -0.3395366 0.03884657
vn 0.3343593 0.6110606 -0.7175018
vn 0.3412939 0.6294731 -0.6980559
vn 0.3295791 0.8816681 -0.3376965
vn 0.3240414 0.8820254 -0.3420938
vn 0.2772943 0.960785 1.165429E-05
vn 0.2773229 0.9607767 5.650733E-06
vn 0.27735 0.9607689 0
vn 0.3204243 0.8779467 -0.3557216
vn 0.3280447 0.5889201 -0.7386202
vn 0.2953241 0.5821859 0.7575244
vn 0.3694985 0.7002245 0.6108654
vn 0.3694985 0.7002245 0.6108654
vn 0.30037 0.5903521 0.7491744
vn 0.9717214 0.2283368 -0.06016647
vn 0.9717214 0.2283368 -0.06016647
vn 0.9717214 0.2283368 -0.06016647
vn 0.9717214 0.2283368 -0.06016647
vn 0.9717214 0.2283368 -0.06016647
vn 0.9717214 0.2283368 -0.06016647
vn 0.9717214 0.2283368 -0.06016647
vn 0.9717214 0.2283368 -0.06016647
vn 0.9717214 0.2283368 -0.06016647
vn 0.9717214 0.2283368 -0.06016647
vn 0.9717214 0.2283368 -0.06016647
vn 0.9717214 0.2283368 -0.06016647
vn 0.9717214 0.2283368 -0.06016647
vn 0.9717214 0.2283368 -0.06016647
vn 0.9717214 0.2283368 -0.06016647
vn 0.9717214 0.2283368 -0.06016647
vn 0.4908167 -0.8682474 -0.07242464
vn 0.4954492 -0.8603516 0.1196885
vn 0.4954246 -0.8602853 0.1202645
vn 0.3977455 -0.8790935 -0.2626657
vn 0.421202 -0.9043399 -0.06897946
vn 0.2887416 -0.8507535 -0.4391431
vn 0.3490814 -0.934828 -0.06510562
vn 0.4132791 -0.8534425 0.3175474
vn 0.3433568 -0.8831714 0.3195532
vn 0.3394085 -0.6718847 0.6583107
vn 0.2807741 -0.6987669 0.6579443
vn 0.1796004 -0.6387155 -0.7481886
vn 0.1793769 -0.6382331 -0.7486538
vn 0.4816289 -0.8202196 0.3086639
vn 0.4007255 -0.6499423 0.6457508
vn 0.4908295 -0.8682399 -0.07242757
vn 0.467148 -0.8429881 -0.2667279
vn 0.4672938 -0.8431458 -0.265973
vn 0.2978334 -0.5862222 -0.7534181
vn 0.2953105 -0.5821536 -0.7575546
vn 0.3003784 -0.5903242 -0.749193
vn 0.4674472 -0.8433142 -0.265168
vn 0.495498 -0.8604734 0.1186058
vn -0.07266822 0.05084986 -0.9960591
vn 0.05101652 -0.3227515 -0.9451078
vn 0.04907212 -0.3174399 -0.9470078
vn -0.07580802 0.06132186 -0.995235
vn -0.174233 0.4192799 -0.8909811
vn -0.177029 0.4305101 -0.8850547
vn -0.2424307 0.7202383 -0.6499877
vn -0.3646471 0.7752292 -0.5158026
vn 0.1793769 -0.6382331 -0.7486538
vn 0.1796004 -0.6387155 -0.7481886
vn 0.2807741 -0.6987669 0.6579443
vn 0.1835806 -0.4014556 0.8972914
vn 0.2169026 -0.3820214 0.898339
vn 0.3394085 -0.6718847 0.6583107
vn 0.06740834 -0.02925224 0.9972965
vn 0.0707372 -0.03430499 0.9969049
vn -0.0866932 0.3276829 0.9408019
vn -0.04255856 0.3410884 0.9390674
vn -0.2239836 0.6318368 0.7420333
vn -0.1426561 0.6609936 0.7367067
vn 0.2587451 -0.380267 0.8879459
vn 0.07617329 -0.05048731 0.9958156
vn 0.4007255 -0.6499423 0.6457508
vn -0.1188345 0.288256 0.9501509
vn -0.2953245 0.5821699 0.7575366
vn -0.2186752 0.8771196 0.4276007
vn -0.263368 0.962822 0.06009198
vn -0.3806843 0.922289 0.06680132
vn -0.3263237 0.8391024 0.4352242
vn -0.1426561 0.6609936 0.7367067
vn -0.2239836 0.6318368 0.7420333
vn -0.3800539 0.8709942 -0.3113331
vn -0.2721772 0.9088902 -0.3159715
vn -0.3646471 0.7752292 -0.5158026
vn -0.2424307 0.7202383 -0.6499877
vn -0.4908148 0.8682496 0.07241247
vn -0.4808167 0.8182242 -0.3151579
vn -0.4258132 0.785593 0.4489173
vn -0.2953245 0.5821699 0.7575366
vn -0.4733799 0.8008285 -0.3668585
vn -0.4883802 0.8373161 -0.2457367
vn -0.4883802 0.8373161 -0.2457367
vn -0.9016619 -0.4299335 0.04650728
vn -0.9016619 -0.4299335 0.04650728
vn -0.9016619 -0.4299335 0.04650728
vn -0.8862678 -0.4590678 0.06153125
vn -0.9016619 -0.4299335 0.04650728
vn -0.8697988 -0.4865686 0.08186059
vn -0.9016619 -0.4299335 0.04650728
vn -0.8905787 -0.4502269 0.06453846
vn -0.9016619 -0.4299335 0.04650728
vn -0.8892086 -0.4541332 0.05541842
vn -0.9016619 -0.4299335 0.04650728
vn -0.9016606 -0.429936 0.04651007
vn -0.9016619 -0.4299335 0.04650728
vn -0.9016615 -0.4299345 0.04650804
vn -0.9016619 -0.4299335 0.04650728
vn -0.9016619 -0.4299335 0.04650728
vn -0.9016594 -0.4299382 0.04651401
vn -0.8714268 -0.4858932 0.06725468
vn -0.8840604 -0.4591395 0.08733959
vn -0.8090088 -0.5746449 0.1236448
vn -0.9016597 -0.4299379 0.04651069
vn -0.8762878 -0.4752516 0.07909251
vn 0.9016615 0.4299337 -0.04651548
vn 0.9038853 0.4247425 -0.05084372
vn 0.9056863 0.4201553 -0.05658398
vn 0.9016589 0.4299391 -0.04651353
vn 0.8803573 0.4710604 -0.05543415
vn 0.8720667 0.4886866 -0.02617308
vn 0.9067634 0.4166027 -0.06497826
vn 0.8831891 0.4652238 -0.05953115
vn 0.8759618 0.4823408 -0.006189425
vn 0.8808161 0.4672993 -0.07612076
vn 0.9082048 0.4177665 0.02520571
vn 0.8389413 0.5331523 -0.1092066
vn 0.8835656 0.4681028 -0.01384078
vn 0.8090075 0.5746453 -0.123651
vn 0.9305525 0.3514856 0.1026155
vn 0.9174116 0.3869129 0.09302845
vn 0.8874269 0.4587931 0.04452215
vn 0.9103332 0.4089107 -0.0639191
vn 0.942545 0.3238909 0.08187617
vn 0.942545 0.3238909 0.08187617
vn -0.07170636 0.04258531 -0.9965162
vn -0.0672407 0.03467036 -0.9971342
vn -0.251647 0.3670974 -0.8954961
vn -0.2551991 0.3736712 -0.8917641
vn -0.07615325 0.0504763 -0.9958176
vn 0.118838 -0.2882583 -0.9501498
vn 0.122852 -0.2950821 -0.947541
vn 0.2953105 -0.5821536 -0.7575546
vn 0.2978334 -0.5862222 -0.7534181
vn -0.2587626 0.3802707 -0.8879392
vn -0.3343557 0.6110593 -0.7175046
vn -0.3412881 0.6294644 -0.6980667
vn 0.1268965 -0.3019487 -0.9448408
vn 0.3003784 -0.5903242 -0.749193
vn -0.3280432 0.5889275 -0.7386149
vn -0.1224276 0.3218901 0.9388282
vn -0.1200512 0.3185393 0.9402768
vn -0.3003621 0.5903368 0.7491896
vn -0.2953162 0.5821708 0.7575392
vn 0.07019026 0.130144 0.9890076
vn 0.1623524 0.09055872 0.9825685
vn 0.2358386 -0.1627538 0.9580665
vn 0.1936362 -0.4638923 0.8644703
vn 0.1710142 -0.525498 0.8334302
vn 0.1683287 -0.4182681 0.8925902
vn 0.1712459 -0.3436207 0.9233632
vn 0.1860273 -0.3534158 0.916783
vn 0.2010315 -0.3632739 0.9097354
vn 0.2010315 -0.3632739 0.9097354
vn -0.9037579 -0.4229449 0.06587317
vn -0.9032911 -0.4239197 0.06600976
vn -0.9067671 -0.4165934 0.06498843
vn -0.9086819 -0.412489 0.06442053
vn -0.91032 -0.4089383 0.06392913
vn -0.91032 -0.4089383 0.06392913
vn -0.8997306 -0.4312687 0.06702496
vn -0.900188 -0.4303329 0.06689714
vn -0.895382 -0.4397627 0.06999926
vn -0.8969192 -0.4368447 0.06857556
vn -0.927659 -0.3702733 0.04844163
vn -0.9050691 -0.4203802 0.06426755
vn -0.9397905 -0.3395366 0.03884168
vn -0.9397905 -0.3395366 0.03884168
vn -0.3343557 0.6110593 -0.7175046
vn -0.3240382 0.8820273 -0.3420923
vn -0.3295751 0.8816696 -0.3376963
vn -0.3412881 0.6294644 -0.6980667
vn -0.2772917 0.9607857 4.76165E-05
vn -0.2773216 0.9607772 1.865033E-05
vn -0.2773497 0.9607691 -8.613507E-06
vn -0.3204217 0.8779466 -0.3557241
vn -0.3280432 0.5889275 -0.7386149
vn -0.2953162 0.5821708 0.7575392
vn -0.3003621 0.5903368 0.7491896
vn -0.3694903 0.7002094 0.6108876
vn -0.3694903 0.7002094 0.6108876
vn 0.9832396 0.0001906796 -0.1823181
vn 0.9955818 0.0003416956 -0.09389789
vn 0.9353989 -0.008751173 -0.3534857
vn 0.9469837 0.004566691 -0.321249
vn 0.9998714 0.01096051 -0.01170842
vn 0.9996806 0.01117352 -0.02266734
vn 0.9996934 0.004651432 -0.0243201
vn 0.96062 -8.451287E-05 -0.2778653
vn 0.9556192 0.0002579587 -0.2946048
vn 0.9892228 6.121517E-05 -0.1464179
vn 0.9920513 -6.821674E-05 -0.1258344
vn 0.9991722 -0.0006651836 0.04067486
vn 0.9994098 -0.0005620131 0.03434789
vn 0.9997209 -0.001247365 -0.02359292
vn 0.9999735 0.0001580732 0.007270237
vn 1 -8.240129E-07 0
vn 0.9989685 0.04513933 -0.004936895
vn 0.9976218 0.06851643 -0.007493562
vn 1 0 0
vn 0.9557267 0.2910593 -0.04325522
vn 0.9500075 0.3087449 -0.04650173
vn 0.9997239 0.0004479253 -0.02349308
vn 0.8986254 0.4276289 -0.09800985
vn 0.8806183 0.4679313 -0.07450959
vn 0.9907443 0.1337579 -0.02312146
vn 0.9885761 0.1499786 -0.01495797
vn 1 0 0
vn 0.9990489 -9.176406E-05 0.04360241
vn 0.9992661 -0.03773095 -0.006598834
vn 0.9999264 -0.002355502 -0.01189645
vn 0.9999272 0 -0.01207244
vn 0.9996172 0.00159876 0.02761991
vn 0.9956177 0.004589525 0.09340438
vn 0.9995828 -0.0001696642 0.02888368
vn 0.9997597 -0.009041623 -0.01996892
vn 0.9998499 -0.009257186 -0.01463994
vn 0.9930243 0.01115226 0.1173805
vn 0.9909042 0.01650051 0.1335541
vn 0.9317747 0.04009791 0.3608159
vn 0.928444 0.04009184 0.3693025
vn 0.8508397 0.02063778 0.5250199
vn 0.8266004 0.01314069 0.5626358
vn 0.5690346 -0.03293197 0.8216539
vn 0.5292856 -0.03725349 0.8476255
vn -1 1.75437E-06 0
vn -0.9993369 -0.0128962 0.03404953
vn -0.9907443 0.1337584 -0.02312145
vn -0.9991604 -0.04035597 -0.007058004
vn -0.9997453 -0.006431208 0.02162957
vn -0.9999264 -0.002355502 -0.01189645
vn -0.9999272 0 -0.01207244
vn -0.9867542 0.1614211 -0.01609891
vn -0.8806177 0.4679325 -0.07450946
vn -0.8986267 0.4276261 -0.0980098
vn -0.9557272 0.2910574 -0.04325505
vn -0.9500082 0.308743 -0.04650154
vn -0.9934351 -0.004241156 0.1143178
vn -0.9995 -0.007158353 0.0307956
vn -0.9998037 0.0007085422 0.0197983
vn -0.9997597 -0.009042176 -0.01996892
vn -0.9998499 -0.009257743 -0.01463994
vn -0.9930243 0.01115204 0.1173805
vn -0.9909042 0.01650012 0.1335541
vn -0.9317737 0.04009775 0.3608184
vn -0.9284428 0.04009175 0.3693055
vn -0.8508406 0.02063804 0.5250183
vn -0.8266033 0.01314089 0.5626317
vn -0.5690435 -0.03293291 0.8216477
vn -0.529295 -0.03725453 0.8476196
vn -0.9997209 -0.001247948 -0.02359292
vn -0.9955816 0.000340949 -0.0939004
vn -0.9996934 0.004650761 -0.02432013
vn -0.9996806 0.01117386 -0.0226675
vn -0.9998714 0.01096146 -0.01170835
vn -0.9832389 0.0001896612 -0.1823216
vn -0.9353971 -0.008753104 -0.3534905
vn -0.9469837 0.004563605 -0.3212489
vn -0.9997239 0.0004478688 -0.02349308
vn -0.9997242 0.0003661918 -0.02348152
vn -0.96062 -8.728912E-05 -0.2778653
vn -0.9556192 0.0002555797 -0.2946048
vn -0.9892228 6.123096E-05 -0.146418
vn -0.9920513 -6.808688E-05 -0.1258345
vn -0.9991722 -0.0006635794 0.04067487
vn -0.9994098 -0.0005603598 0.0343479
vn -1 2.630801E-07 0
vn -0.9989685 0.04513953 -0.004936874
vn -0.9976218 0.06851587 -0.00749353
vn -1 4.610505E-07 0
vn -0.9997273 -0.005904589 -0.02259372
vn -0.9997273 -0.005904589 -0.02259372
vn -1.517809E-06 0.9996502 0.02644795
vn 1.517806E-06 0.9996505 0.02643969
vn 1.518639E-06 0.9996495 0.02647284
vn 1.637849E-05 0.9996474 0.02655498
vn -1.518665E-06 0.9996475 0.02655214
vn -1.637894E-05 0.9996474 0.02655572
vn 0 0.9996499 0.02645943
vn 0 0.9996499 0.02645943
vn 0 0.9724759 0.2330035
vn 0 0.9724759 0.2330034
vn 0 0.808234 0.5888614
vn 0 0.808234 0.5888614
vn -3.418057E-06 -0.9123407 0.4094319
vn -3.174469E-06 -0.9123416 0.4094297
vn -3.610875E-05 -0.9123092 0.4095021
vn 3.174444E-06 -0.9123399 0.4094337
vn 3.418017E-06 -0.9123222 0.4094732
vn 3.610827E-05 -0.9123117 0.4094967
vn 0 -0.7867848 0.6172274
vn 0 -0.7867848 0.6172274
vn 0 -0.9317775 0.3630299
vn 0 -0.9317774 0.36303
vn 0 -1 -3.12594E-06
vn 0 -1 -3.12594E-06
vn 0 -1 -3.345707E-06
vn 0 -1 -3.345707E-06
vn 0 -1 5.6916E-07
vn 0 -1 5.6916E-07
vn 0 0.4702453 -0.8825358
vn 0 -0.05396262 -0.9985429
vn 0 -0.05396262 -0.9985429
vn 0 0.4702453 -0.8825358
vn 0 -0.2763613 -0.9610538
vn 0 -0.2763613 -0.9610538
vn 0 -0.4126525 0.9108885
vn 0 0.06175406 0.9980914
vn 0 0.06175408 0.9980914
vn 0 -0.4126525 0.9108885
vn 0 0.4470025 0.8945327
vn 0 0.4470024 0.8945329
vn 0 0.8538213 0.5205662
vn 0 0.8538215 0.5205659
vn -0.02292199 0.6272977 -0.7784421
vn -0.02292198 0.6272976 -0.7784423
vn -0.03665541 0.794714 -0.6058761
vn -0.03677076 0.7911193 -0.6105555
vn -0.01773571 0.9642699 -0.2643274
vn -0.01773571 0.9642699 -0.2643274
vn 0 1 0
vn 0 1 0
vn 0 0.2309939 0.9729552
vn 0 -0.06927292 0.9975978
vn 0 -0.06927292 0.9975978
vn 0 0.2309939 0.9729552
vn 0 -0.9721192 -0.2344872
vn 0 -0.9997695 0.02146824
vn 0 -0.9997695 0.02146825
vn 0 -0.9721192 -0.2344873
vn 0 -0.932314 0.3616498
vn 0 -0.932314 0.3616498
vn 0 -0.4126525 0.9108885
vn 0 -0.4126525 0.9108885
vn 0 -0.8097163 -0.5868215
vn 0 -0.8097163 -0.5868214
vn 0 0.9987583 -0.04981738
vn 0 0.9996122 0.02785187
vn 0 0.9996122 0.02785187
vn 0 0.9987583 -0.04981738
vn 0 0.9786553 -0.2055086
vn 0 0.9786553 -0.2055086
vn 0 0.9994035 -0.03453339
vn 0 0.9994035 -0.0345334
vn 0 0.9806676 0.1956812
vn 0 0.9806676 0.1956813
vn 0 0.9905744 0.1369758
vn 0 0.9905744 0.1369759
vn 0 0.8287569 -0.5596087
vn 0 0.8287565 -0.5596094
vn -0.529295 -0.03725453 0.8476196
vn -0.5690435 -0.03293291 0.8216477
vn -0.1597032 -0.06403209 0.9850862
vn -0.1518673 -0.06429669 0.9863073
vn 0.1597011 -0.06403092 0.9850866
vn 0.1518654 -0.06429557 0.9863078
vn 0.5292856 -0.03725349 0.8476255
vn 0.5690346 -0.03293197 0.8216539
vn 0 0 -1
vn 0 0 -1
vn 0 0 -1
vn 0 0 -1
vn 0 0.8853462 -0.4649323
vn 0 0.999862 0.01661552
vn 0 0.9999105 0.01337853
vn 0 0.8856777 -0.4643004
vn 0 0.8538215 0.5205659
vn 0 0.8538213 0.5205662
vn 0 0.4357266 -0.9000791
vn 0 0.4309321 -0.9023843
vn -0.02292199 0.6272977 -0.7784421
vn 0 0.3734527 -0.9276493
vn 0 0.3734527 -0.9276493
vn -0.02292198 0.6272976 -0.7784423
vn 0 0.01269754 -0.9999194
vn 0 0.01269747 -0.9999194
vn 0 -0.2014348 -0.9795019
vn 0 -0.2014348 -0.9795019
vn 0 -0.2246499 -0.9744396
vn 0 -0.2246499 -0.9744396
vn 0 0.5037173 0.8638686
vn 0 0.808234 0.5888614
vn 0 0.808234 0.5888614
vn 0 0.5037173 0.8638686
vn 0 0.2076775 0.9781974
vn 0 0.2076775 0.9781974
vn 0 -0.1485162 0.98891
vn 0 -0.1485162 0.98891
vn 0 0.4357266 -0.9000791
vn 0 -0.3236974 -0.9461606
vn 0 -0.3236977 -0.9461605
vn 0 0.4309321 -0.9023843
vn 0 -0.8097163 -0.5868215
vn 0 -0.8097163 -0.5868214
vn 0 -0.06927292 0.9975978
vn 0 -0.1485162 0.98891
vn 0 -0.1485162 0.98891
vn 0 -0.06927292 0.9975978
vn -0.006848397 0.9999757 -0.001322873
vn -0.05031759 0.9986869 -0.009624703
vn 0.05031798 0.9986869 -0.009624776
vn 0.006848449 0.9999757 -0.001322883
vn -0.001824455 0.9999983 -0.0003487845
vn -0.05167469 0.9986151 -0.009878748
vn 0.05167504 0.9986151 -0.009878816
vn 0.001824635 0.9999983 -0.000348819
vn 0 0.8287565 -0.5596094
vn 0 0.6334917 -0.7737495
vn 0 0.6334917 -0.7737495
vn 0 0.8287569 -0.5596087
vn 0.9997242 0.0003662531 -0.02348152
vn 0.9997273 -0.005904149 -0.02259372
vn 0.9997273 -0.005904149 -0.02259372
vn 0 0.6334917 -0.7737495
vn 0 0.4702453 -0.8825358
vn 0 0.4702453 -0.8825358
vn 0 0.6334917 -0.7737495
vn -0.9994035 -0.004701408 0.0342133
vn -0.9994035 -0.004701408 0.0342133
vn -0.9994035 -0.004701408 0.0342133
vn -0.9994035 -0.004701408 0.0342133
vn 0 0.999854 -0.01709246
vn 0 0.999854 -0.01709246
vn 0 0.999854 -0.01709246
vn 0 0.999854 -0.01709246
vn 0.9994035 -0.004701494 0.03421399
vn 0.9994035 -0.004701494 0.03421399
vn 0.9994035 -0.004701494 0.03421399
vn 0.9994035 -0.004701494 0.03421399
vn 0 0.1361339 -0.9906905
vn 0 0.1361339 -0.9906905
vn 0 0.1361339 -0.9906905
vn 0 0.1361339 -0.9906905
vn 0 -0.1361339 0.9906905
vn 0 -0.1361339 0.9906905
vn 0 -0.1361339 0.9906905
vn 0 -0.1361339 0.9906905
vn -1 0 0
vn -1 0 0
vn -1 0 0
vn -1 0 0
vn -1 0 0
vn 1 -3.949447E-06 0
vn 1 1.200607E-06 0
vn 1 1.08546E-06 0
vn 1 -1.759647E-06 0
vn 1 -8.536538E-07 0
vn 1 0 0
vn 1 0 0
vn 1 0 0
vn -1 0 0
vn -1 -2.351301E-07 0
vn -1 -1.848632E-06 0
vn -1 0 0
vn -1 -8.536539E-07 0
vn -1 0 0
vn -1 0 0
vn -1 0 0
vn 1 -1.119512E-06 0
vn 1 -5.479412E-07 0
vn 1 -1.043461E-06 0
vn 1 -1.056106E-06 0
vn 1 -3.172106E-06 0
vn -2.29659E-06 0 1
vn 0 0 1
vn 0 0 1
vn -2.296519E-06 0 1
vn 0 0 1
vn 0 0 1
vn 0 0 1
vn 0 0 1
vn -2.296542E-06 0 1
vn -2.29656E-06 0 1
vn 0 0 1
vn 0 0 1
vn 0 0 1
vn 0 0 1
vn 2.296538E-06 0 1
vn 2.296603E-06 0 1
vn 2.296581E-06 0 1
vn 2.296563E-06 0 1
vn 2.296439E-06 0 1
vn 2.296408E-06 0 1
vn 1.148118E-06 0 1
vn 1.148162E-06 0 1
vn -1.148264E-06 0 1
vn -1.148264E-06 0 1
vn 0.4998687 -0.8658076 -0.02254743
vn 8.773148E-07 -0.9997458 -0.02254775
vn 8.806048E-07 -0.9997458 -0.02254775
vn 0.4998685 -0.8658077 -0.02254743
vn -0.4998689 -0.8658076 -0.02254739
vn -0.4998691 -0.8658074 -0.02254739
vn 0 -0.0570748 0.99837
vn 0 -0.0570748 0.99837
vn 0 -0.0570748 0.99837
vn 0 -0.0570748 0.99837
vn -0.5000011 -0.8660246 0.0003287226
vn -0.8660296 -0.4999927 0.0003289893
vn -0.8660297 -0.4999924 0.0003289893
vn -0.5000012 -0.8660246 0.0003287226
vn -1 -5.598278E-06 0.0003298952
vn -1 -5.60749E-06 0.0003298951
vn -0.8660237 0.5000029 0.0003301032
vn -0.8660237 0.5000029 0.0003301033
vn -0.4999928 0.8660294 0.0003289352
vn -0.4999928 0.8660296 0.0003289352
vn 1 -3.721963E-06 0.0003298762
vn 1 -3.722368E-06 0.0003298762
vn 0.8660229 0.5000042 0.0003298497
vn 0.8660229 0.5000042 0.0003298497
vn 0.4999935 0.8660291 0.0003293246
vn 0.4999937 0.866029 0.0003293246
vn 0.8660262 -0.4999985 0.0003296004
vn 0.8660262 -0.4999985 0.0003296004
vn 0.4999965 -0.8660274 0.0003298651
vn 0.4999964 -0.8660275 0.0003298651
vn -4.215215E-06 0 -1
vn 0 0 -1
vn 0 0 -1
vn -4.215608E-06 0 -1
vn -8.430708E-06 0 -1
vn -8.430708E-06 0 -1
vn -8.430566E-06 0 -1
vn -8.430566E-06 0 -1
vn -4.215357E-06 0 -1
vn -4.21523E-06 0 -1
vn 0 0 -1
vn 0 0 -1
vn 8.430567E-06 0 -1
vn 8.430566E-06 0 -1
vn 0 0 -1
vn 0 0 -1
vn -4.215367E-06 0 -1
vn -4.215233E-06 0 -1
vn 0 0 -1
vn 0 0 -1
vn 0 0 -1
vn 0 0 -1
vn -4.21529E-06 0 -1
vn -4.215259E-06 0 -1
vn 0 -0.9778414 0.2093472
vn 0 -0.9778414 0.2093472
vn 0 -0.9123476 0.4094166
vn 0 -0.9123476 0.4094166
vn 0 -1 0
vn 0 -1 0
vn 0 -0.9999614 0.008790169
vn 0 -0.9999614 0.008790169
vn 0 -0.9999614 0.008790169
vn 0 -0.9999614 0.008790169
vn 0 0.9999456 -0.01043044
vn 0 0.9999456 -0.01043044
vn 0 0.9999456 -0.01043044
vn 0 0.9999456 -0.01043044
vn 0 -0.04756634 -0.9988681
vn 0 -0.04756634 -0.9988681
vn 0 -0.04756634 -0.9988681
vn 0 -0.04756634 -0.9988681
vn 1 0 0
vn 1 0 0
vn 1 0 0
vn 1 0 0
vn 1 0 0
vn 1 0 0
vn 1 0 0
vn 1 0 0
vn 0.4999964 -0.8660275 0.0003298651
vn 2.65152E-07 -1 0.0003295137
vn 2.651808E-07 -1 0.0003295137
vn 0.4999965 -0.8660274 0.0003298651
vn -0.5000012 -0.8660246 0.0003287226
vn -0.5000011 -0.8660246 0.0003287226
vn 0 0 -1
vn 0 0 -1
vn 0 0 -1
vn 0 0 -1
vn 0 -0.274727 -0.9615223
vn 0 -0.274727 -0.9615223
vn 0 -0.274727 -0.9615223
vn 0 -0.274727 -0.9615223
vn 0 1 0
vn 0 1 0
vn 0 1 0
vn 0 1 0
vn 0.4999937 0.866029 0.0003293246
vn -5.303636E-07 1 0.0003285609
vn -5.204857E-07 1 0.0003285609
vn 0.4999935 0.8660291 0.0003293246
vn -0.4999928 0.8660296 0.0003289352
vn -0.4999928 0.8660294 0.0003289352
vn 0 0.04756777 0.998868
vn 0 0.04756777 0.998868
vn 0 0.04756777 0.998868
vn 0 0.04756777 0.998868
vn 0 0.1195452 -0.9928288
vn 0 0.1195452 -0.9928288
vn 0 0.1195452 -0.9928288
vn 0 0.1195452 -0.9928288
vn 0 -0.1195449 0.9928288
vn 0 -0.1195449 0.9928288
vn 0 -0.1195449 0.9928288
vn 0 -0.1195449 0.9928288
vn 0.8658064 0.4998709 -0.02254755
vn 0.8658062 0.4998712 -0.02254755
vn 0.9997458 3.193825E-06 -0.02254891
vn 0.9997458 3.219103E-06 -0.02254891
vn 0.8658029 -0.4998767 -0.02254819
vn 0.865803 -0.4998766 -0.02254819
vn 0.4998687 -0.8658076 -0.02254743
vn 0.4998685 -0.8658077 -0.02254743
vn 0.8658064 0.4998709 -0.02254755
vn 0.4998767 0.865803 -0.02254729
vn 0.4998768 0.8658029 -0.02254729
vn 0.8658062 0.4998712 -0.02254755
vn 4.238712E-07 0.9997458 -0.02254771
vn 4.305178E-07 0.9997458 -0.02254771
vn -0.4998765 0.8658031 -0.0225477
vn -0.4998764 0.8658032 -0.0225477
vn -0.8658047 0.4998737 -0.02254817
vn -0.8658046 0.4998739 -0.02254817
vn -0.9997458 3.258247E-06 -0.02254869
vn -0.9997458 3.223404E-06 -0.02254869
vn -0.8658046 0.4998739 -0.02254817
vn -0.8658047 0.4998737 -0.02254817
vn -0.865802 -0.4998785 -0.02254772
vn -0.865802 -0.4998785 -0.02254773
vn -0.4998691 -0.8658074 -0.02254739
vn -0.4998689 -0.8658076 -0.02254739
vn -1 0 0
vn -1 0 0
vn -1 0 0
vn -1 0 0
vn 0 -0.9999453 0.01045991
vn 0 -0.9999453 0.01045991
vn 0 -0.9999453 0.01045991
vn 0 -0.9999453 0.01045991
vn 0 -1 0
vn 0 -1 0
vn 0 -1 0
vn 0 -1 0
vn 0 1 0
vn 0 1 0
vn 0 1 0
vn 0 1 0
vn 0 0 1
vn 0 0 1
vn 0 0 1
vn 0 0 1
vn 0 -0.9999405 0.01090642
vn 0 -0.9999405 0.01090642
vn 0 -0.9999405 0.01090634
vn 0 -0.9999405 0.01090634
vn 0 -0.9999405 0.01090639
vn 0 -0.9999405 0.01090639
vn 0 -0.9999405 0.01090647
vn 0 -0.9999405 0.01090647
vn 0 -0.9999405 0.01090455
vn 0 -0.9999405 0.01090455
vn 0 -0.9999405 0.01090455
vn 0 -0.9999405 0.01090455
vn 0 0.1110797 -0.9938115
vn 0 0.1110797 -0.9938115
vn 0 0.1110797 -0.9938115
vn 0 0.1110797 -0.9938115
vn 0 -0.1110794 0.9938115
vn 0 -0.1110794 0.9938115
vn 0 -0.1110794 0.9938115
vn 0 -0.1110794 0.9938115
vn -1 0 0
vn -1 0 0
vn -1 0 0
vn -1 0 0
vn 0.9915548 -0.1232387 0.04038861
vn 0.9892903 0.1220781 -0.08001063
vn 0.9787576 0.1711168 0.1129278
vn 0.9952409 -0.09723992 0.00630741
vn 0.999666 -0.0135537 0.02200426
vn 0.9699993 0.2392294 0.04325177
vn 0.856992 0.3677684 0.3609863
vn 0.9945767 -0.0935224 0.04550469
vn 0.9941459 -0.05109437 -0.09520099
vn 0.9772365 0.2108273 -0.02367599
vn 0.9486676 0.3117289 -0.0534294
vn 0.9662687 0.2571798 -0.01354702
vn 0.9931517 0.1079152 -0.04476716
vn 0.910365 0.2374263 0.3389162
vn 0.6895044 0.2202274 0.6899881
vn 0.9743249 0.2251164 -0.003694764
vn 0.9757925 0.2186968 -0.0008136546
vn 0.9754072 0.2204047 -0.001584652
vn 0.9645109 -0.00948112 0.2638728
vn 0.9771731 0.2124256 -0.002830754
vn 0.9748686 0.187372 0.1205108
vn 0.8605642 0.06793676 0.5047908
vn 0.8411171 -0.09634345 0.5322029
vn 0.9637047 -0.1585023 0.2148261
vn 0.8655553 -0.1704648 0.4709096
vn 0.9840952 -0.1706901 -0.04921003
vn 0.9704707 -0.2379915 -0.03932901
vn 0.9659407 -0.2442319 0.08549464
vn 0.9795105 -0.1831402 0.08377855
vn 0.9897368 -0.1087638 -0.0926908
vn 0.9822193 -0.03419311 -0.1845966
vn 0.9835385 -0.07625289 -0.1638212
vn 0.9807745 0.08501157 -0.1756546
vn 0.9759474 0.1850518 -0.1152499
vn 0.9659706 0.2500177 -0.06627165
vn -0.9978644 -0.06339902 -0.01572628
vn -0.994686 -0.1029523 0.000739617
vn -0.9983866 -0.05626459 0.007645496
vn -0.9950792 -0.09907492 0.001323807
vn -0.9947731 -0.1021098 0.0003783748
vn -0.9944477 -0.1052181 0.001714964
vn -0.9946819 -0.1028001 0.00632719
vn -0.9945727 -0.08758862 -0.05615414
vn -0.9759812 -0.0661388 -0.2075728
vn -0.996704 -0.08048604 -0.01015062
vn -1 0 0
vn -0.9999489 0.005310806 0.008612218
vn -0.9984972 -0.05435741 0.00696728
vn -0.999824 0.01738339 0.007057252
vn -0.9979381 -0.06401635 -0.004620676
vn -0.980126 -0.1912045 0.05285801
vn -0.9583109 -0.1864028 0.2165507
vn -0.4987946 -0.8123719 -0.3020859
vn -0.3820933 -0.4289815 -0.8185229
vn -0.9801634 -0.183518 0.07483903
vn -0.9449917 -0.3246327 0.04005534
vn -0.9532484 -0.2733318 0.1288686
vn -0.997606 -0.06896202 -0.005131997
vn -0.983092 -0.09636516 0.1557042
vn -0.8945609 -0.4412693 0.07100763
vn -0.9206142 -0.3896733 0.02498374
vn -0.9112123 -0.3947068 0.1178932
vn -0.9474295 -0.2994837 0.1126355
vn -0.9550661 -0.2367026 0.1783838
vn -0.9708281 -0.2395772 0.009782882
vn -0.9950861 -0.09823386 0.01239686
vn -0.9827332 -0.09833482 0.1567345
vn -0.999884 0.006505827 -0.01377328
vn -0.9847824 -0.01910284 0.1727392
vn -0.9997163 0.01848747 -0.01501148
vn -0.9880366 -0.01695137 0.1532844
vn -1 0 0
vn 0.001148503 -0.9851311 0.1718008
vn 0.005417598 -0.9669912 0.2547523
vn 0.04835533 -0.9834918 0.1743717
vn -0.008260872 -0.9682188 0.2499682
vn -0.03350533 -0.9859344 0.16374
vn 0 -1 0
vn -0.04910726 -0.9987935 0
vn 0 -0.9954201 0.09559779
vn 0 -0.9954201 0.09559779
vn 0 -0.9942492 0.1070909
vn 0 -0.9942492 0.1070909
vn 0 -0.9376222 0.3476558
vn 0 -0.9376222 0.3476558
vn 0 -0.9646764 0.2634377
vn 0 -0.9646764 0.2634377
vn -0.4987946 -0.8123719 -0.3020859
vn 0.4986941 -0.81243 -0.3020957
vn 0.04910716 -0.9987935 0
vn -0.9645577 -0.006230237 0.2637983
vn -0.8605705 0.06793754 0.5047801
vn -0.9733726 0.1953247 0.1199747
vn -0.8411146 -0.0963431 0.5322071
vn -0.9719228 0.2301735 0.0488488
vn -0.9996295 -0.01485762 0.02280543
vn -0.9637056 -0.1585014 0.2148232
vn -0.9840953 -0.1706893 -0.04921011
vn -0.995241 -0.09723961 0.006307214
vn -0.9704709 -0.2379902 -0.03932906
vn -0.9915547 -0.1232397 0.04038876
vn -0.9787577 0.1711155 0.112929
vn -0.8569902 0.367765 0.3609942
vn -0.9103647 0.2374261 0.3389173
vn -0.6895035 0.220228 0.6899889
vn -0.9931515 0.1079155 -0.04476788
vn -0.9772366 0.2108268 -0.02367545
vn -0.9888011 0.1225744 -0.08513453
vn -0.9945765 -0.0935249 0.04550487
vn -0.993907 -0.04461454 -0.100789
vn -0.9486695 0.3117241 -0.05342411
vn -0.9662687 0.2571797 -0.0135452
vn -0.9664925 0.2473958 -0.06846628
vn -0.9795105 -0.1831403 0.08377891
vn -0.9897506 -0.1087846 -0.09251947
vn -0.9659408 -0.2442314 0.0854948
vn -0.9774693 0.09472916 -0.188627
vn -0.9810501 -0.02524233 -0.1921029
vn -0.9766496 0.1770038 -0.1217585
vn -0.9835844 -0.07629054 -0.1635284
vn 0.4986941 -0.81243 -0.3020957
vn 0.9582583 -0.186521 0.2166819
vn 0.9801696 -0.1909749 0.05287806
vn 0.3819278 -0.4290211 -0.8185793
vn 0.9801324 -0.1836613 0.07489353
vn 0.9449113 -0.3248628 0.04008565
vn 0.9951916 -0.09786887 0.003924783
vn 0.9522631 -0.2740562 0.1344924
vn 0.8944179 -0.4415522 0.07105063
vn 0.9205005 -0.3899406 0.02500268
vn 0.9118145 -0.3924223 0.1208268
vn 0.9979619 -0.06364503 -0.004632057
vn 0.9985145 -0.05404141 0.006953578
vn 0.9976314 -0.06859378 -0.005143113
vn 0.9815786 -0.1024728 0.1612535
vn 0.9505503 -0.2876148 0.1171835
vn 0.9601539 -0.2456637 0.1332437
vn 0.9747092 -0.2234702 -0.001779104
vn 0.9931886 -0.1164963 -0.002227752
vn 0.980199 -0.1149569 0.1612293
vn 0.999884 0.006506296 -0.01377411
vn 0.984818 -0.01908142 0.1725378
vn 0.9880649 -0.01693197 0.1531046
vn 0.9997163 0.01848859 -0.01501239
vn 0.999824 0.01738393 0.007057818
vn 0.9999489 0.005311192 0.008612931
vn 0.9984414 -0.05533724 0.007251891
vn 0.9977949 -0.06453259 -0.0155224
vn 1 6.356735E-07 0
vn 0.9967371 -0.08008296 -0.01009858
vn 0.9762187 -0.0658141 -0.2065566
vn 0.9942994 -0.09097119 -0.05561245
vn 1 0 0
vn 0.3819278 -0.4290211 -0.8185793
vn -0.006899402 -0.04687507 -0.9988769
vn 0.006896784 -0.04687444 -0.998877
vn -0.3820933 -0.4289815 -0.8185229
vn -0.4987946 -0.8123719 -0.3020859
vn 0.4986941 -0.81243 -0.3020957
vn 0.01697843 -0.03234757 -0.9993324
vn 0.01697843 -0.03234757 -0.9993324
vn -0.01698487 -0.03234705 -0.9993324
vn -0.01698487 -0.03234705 -0.9993324
vn 0.1191033 0.6346493 -0.763567
vn 0.07470699 0.7022921 -0.7079581
vn -0.07436304 0.7024699 -0.7078179
vn -0.1157395 0.6356036 -0.7632905
vn 0 1 0
vn 0 1 0
vn 0 0.9730548 -0.2305739
vn 0 0.9730557 -0.2305705
vn 0 0.9955094 -0.09466226
vn 0 0.9955095 -0.09466223
vn 0 0.9947116 -0.1027072
vn 0 0.9947116 -0.1027072
vn 0 0.9392554 -0.3432193
vn 0 0.9392554 -0.3432191
vn 0 0.9652119 -0.2614689
vn 0 0.9652119 -0.2614689
vn 0 0.9922902 0.1239366
vn 0 0.9922902 0.1239366
vn 0 0.934013 0.3572389
vn 0 0.934013 0.3572389
vn 0.2078403 -4.86162E-05 -0.9781627
vn 0.07470699 0.7022921 -0.7079581
vn 0.2030354 0.004513465 -0.979161
vn 0.2094993 -0.0004111828 -0.9778087
vn 0.2113002 -0.001877024 -0.9774195
vn 0.1191033 0.6346493 -0.763567
vn 0.02236865 0.9997267 -0.006786562
vn 0.01656786 0.9997943 0.01170171
vn 0.02460367 0.9996723 0.007073229
vn 0.004795931 0.999946 0.009223449
vn 0 1 0
vn 0.01198927 0.9998729 -0.0105063
vn 0.01134327 0.9998825 -0.0103128
vn 0.002826523 0.9999648 -0.0078945
vn 0.002515732 0.9999663 -0.007816559
vn 0 0.9999739 -0.007236096
vn 0 0.9999738 -0.007242924
vn 0 0.9999739 -0.007234836
vn 0 0.9999739 -0.007230666
vn 7.322341E-05 0.9999752 -0.007046769
vn 7.835329E-05 0.9999752 -0.007037848
vn 9.507423E-05 0.9999748 -0.00710193
vn 9.553765E-05 0.9999748 -0.007100404
vn 0 0.9999726 -0.007414736
vn -0.01658342 0.9997948 0.01163868
vn -0.004828607 0.9999458 0.009236454
vn 0 1 0
vn -0.0246138 0.9996722 0.007051998
vn -0.02236962 0.9997267 -0.006793743
vn -0.01199016 0.9998728 -0.01051252
vn -0.01134255 0.9998825 -0.01031794
vn -0.002826496 0.9999651 -0.007874042
vn -0.002515713 0.9999665 -0.007793776
vn 0 0.999974 -0.007216415
vn 0 0.9999739 -0.007226208
vn 0 0.999974 -0.007215987
vn 0 0.999974 -0.007221438
vn -7.32227E-05 0.9999753 -0.007030231
vn -7.835244E-05 0.9999753 -0.007022399
vn -9.507305E-05 0.999975 -0.007083506
vn -9.553716E-05 0.999975 -0.007082129
vn 0 0.9999729 -0.007365867
vn 8.598923E-07 0 1
vn 5.00671E-07 0 1
vn 0 0 1
vn -1.048947E-06 0 1
vn -1.79401E-06 0 1
vn 2.316594E-06 0 1
vn 1.124966E-06 0 1
vn 2.215521E-06 0 1
vn -1.043917E-06 0 1
vn -1.176124E-06 0 1
vn 1.492264E-06 0 1
vn 0 0 1
vn 0 0 1
vn 0.01049335 -0.9966981 -0.08051631
vn 0.01049335 -0.9966981 -0.08051631
vn 0.02081414 -0.9781228 -0.2069845
vn 0.02081414 -0.9781228 -0.2069845
vn 0 -0.9995745 0.02916842
vn 0 -0.9995745 0.02916842
vn 0 -0.9999763 0.006892324
vn 0 -0.9999763 0.006892324
vn 0 -0.9999508 0.009925585
vn 0 -0.9999508 0.009925585
vn 0 -0.9999465 0.01034461
vn 0 -0.9999465 0.01034461
vn 0 -0.9999937 0.003571456
vn 0 -0.9999937 0.003571456
vn 0 0.01231301 -0.9999242
vn 0 0.01076467 -0.9999421
vn 0 0.01076467 -0.9999421
vn 0 0.01227863 -0.9999247
vn 0 -0.07741719 -0.9969988
vn 0 -0.08245514 -0.9965947
vn 0 -0.1781225 -0.9840083
vn 0 -0.1781225 -0.9840083
vn 0 -0.1781236 -0.9840081
vn 0 -0.1781236 -0.9840081
vn 0 -0.07739368 -0.9970005
vn 0 -0.08245578 -0.9965947
vn 0 0.01231302 -0.9999242
vn 0 0.01227814 -0.9999247
vn 0 0.01076484 -0.9999421
vn 0 0.01076484 -0.9999421
vn -0.01046726 -0.9954395 -0.09481978
vn -0.02079858 -0.9781231 -0.2069843
vn -0.02079858 -0.9781231 -0.2069843
vn -0.01046726 -0.9954395 -0.09481978
vn 0 -0.9998274 0.01857624
vn 0 -0.9998274 0.01857624
vn -0.2153707 0.007850834 -0.9765009
vn -0.2155416 0.007855466 -0.976463
vn -0.2107446 0.003163557 -0.977536
vn -0.2107271 0.003078107 -0.9775401
vn -0.07436304 0.7024699 -0.7078179
vn -0.1157395 0.6356036 -0.7632905
vn -0.2097857 -0.001486625 -0.9777462
vn -0.2097857 -0.001486625 -0.9777462
vn 0.9997988 0.02005798 0
vn 0.9997988 0.02005798 0
vn 0.9997988 0.02005798 0
vn 0.9997988 0.02005798 0
vn -0.9996169 0.02767671 0
vn -0.9996169 0.02767671 0
vn -0.9999393 0.01101839 0
vn -0.9999393 0.01101839 0
vn -0.9999861 -0.00529288 0
vn -0.9999861 -0.00529288 0
vn -0.9996073 0.02802668 0
vn -0.9996073 0.02802668 0
vn -0.8655589 -0.1704637 0.4709035
vn 0.999909 0.002176515 -0.013312
vn 0.999909 0.002176515 -0.013312
vn 0.999909 0.002176515 -0.013312
vn 0.999909 0.002176515 -0.013312
vn 0 -0.3108166 0.9504698
vn 0 -0.3108166 0.9504698
vn 0 -0.3108166 0.9504698
vn 0 -0.3108166 0.9504698
vn 0 0 -1
vn 0 0 -1
vn 0 0 -1
vn 0 0 -1
vn -0.999909 0.002176347 -0.013312
vn -0.999909 0.002176347 -0.013312
vn -0.999909 0.002176347 -0.013312
vn -0.999909 0.002176347 -0.013312
vn 0 -1 -4.02844E-07
vn 0 -1 -4.02844E-07
vn 0 -1 -4.02844E-07
vn 0 -1 -4.02844E-07
vn 0 1 0
vn 0 1 0
vn 0 1 0
vn 0 1 0

vt 0.441771 0.986541
vt 0.430493 0.986541
vt 0.438196 0.988618
vt 0.434068 0.988618
vt 0.428429 0.982943
vt 0.441771 0.97519
vt 0.443835 0.978788
vt 0.443835 0.982943
vt 0.428429 0.978788
vt 0.434068 0.973113
vt 0.438196 0.973113
vt 0.430493 0.97519
vt 0.426298 0.984181
vt 0.428362 0.987779
vt 0.426298 0.97755
vt 0.428362 0.973952
vt 0.445966 0.984181
vt 0.434068 0.991095
vt 0.438196 0.991095
vt 0.443902 0.973952
vt 0.445966 0.97755
vt 0.434068 0.970636
vt 0.438196 0.970636
vt 0.443902 0.987779
vt 0.416762 0.97992
vt 0.412316 0.984394
vt 0.416762 0.981811
vt 0.415822 0.983448
vt 0.414195 0.984394
vt 0.414195 0.977337
vt 0.415822 0.978282
vt 0.410689 0.978282
vt 0.40975 0.97992
vt 0.40975 0.981811
vt 0.410689 0.983448
vt 0.412316 0.977337
vt 0.409217 0.98493
vt 0.410689 0.983448
vt 0.40975 0.981811
vt 0.407739 0.982353
vt 0.417295 0.98493
vt 0.418773 0.982353
vt 0.416762 0.981811
vt 0.415822 0.983448
vt 0.980999 0.045554
vt 0.978538 0.045554
vt 0.978538 0.064295
vt 0.980999 0.064295
vt 0.981832 0.001614
vt 0.980602 0.001614
vt 0.980602 0.020355
vt 0.981832 0.020355
vt 0.059165 0.828472
vt 0.056704 0.828472
vt 0.056704 0.847213
vt 0.059165 0.847213
vt 0.976474 0.042325
vt 0.978934 0.042325
vt 0.978934 0.023584
vt 0.976474 0.023584
vt 0.134645 0.971304
vt 0.134645 0.990045
vt 0.13822 0.990045
vt 0.13822 0.971304
vt 0.980602 0.020355
vt 0.980602 0.001614
vt 0.976474 0.001614
vt 0.976474 0.020355
vt 0.420959 0.982943
vt 0.418773 0.982353
vt 0.417295 0.98493
vt 0.418895 0.986541
vt 0.41532 0.988618
vt 0.414734 0.986418
vt 0.411192 0.988618
vt 0.411778 0.986418
vt 0.409217 0.98493
vt 0.407617 0.986541
vt 0.41532 0.991095
vt 0.411192 0.991095
vt 0.418773 0.979377
vt 0.420959 0.978788
vt 0.405553 0.982943
vt 0.405486 0.987779
vt 0.403422 0.984181
vt 0.407739 0.982353
vt 0.417295 0.9768
vt 0.418895 0.97519
vt 0.41532 0.973113
vt 0.414734 0.975312
vt 0.411778 0.975312
vt 0.411192 0.973113
vt 0.407617 0.97519
vt 0.409217 0.9768
vt 0.407739 0.979377
vt 0.405553 0.978788
vt 0.405486 0.973952
vt 0.403422 0.97755
vt 0.41532 0.970636
vt 0.411192 0.970636
vt 0.42309 0.97755
vt 0.421026 0.973952
vt 0.976474 0.045554
vt 0.976474 0.064295
vt 0.978538 0.064295
vt 0.978538 0.045554
vt 0.196736 0.852667
vt 0.199196 0.852667
vt 0.199196 0.833925
vt 0.196736 0.833925
vt 0.144809 0.971304
vt 0.143578 0.971304
vt 0.143578 0.990045
vt 0.144809 0.990045
vt 0.688847 0.842591
vt 0.688847 0.82385
vt 0.685272 0.82385
vt 0.685272 0.842591
vt 0.695436 0.82385
vt 0.694205 0.82385
vt 0.694205 0.842591
vt 0.695436 0.842591
vt 0.33438 0.896554
vt 0.33438 0.915296
vt 0.336444 0.915296
vt 0.336444 0.896554
vt 0.694205 0.842591
vt 0.694205 0.82385
vt 0.690077 0.82385
vt 0.690077 0.842591
vt 0.13945 0.971304
vt 0.13945 0.990045
vt 0.143578 0.990045
vt 0.143578 0.971304
vt 0.978934 0.023584
vt 0.978934 0.042325
vt 0.980999 0.042325
vt 0.980999 0.023584
vt 0.199196 0.811956
vt 0.196736 0.811956
vt 0.196736 0.830697
vt 0.199196 0.830697
vt 0.338905 0.896554
vt 0.336444 0.896554
vt 0.336444 0.915296
vt 0.338905 0.915296
vt 0.688847 0.842591
vt 0.690077 0.842591
vt 0.690077 0.82385
vt 0.688847 0.82385
vt 0.6052 0.984079
vt 0.6052 0.965338
vt 0.601625 0.965338
vt 0.601625 0.984079
vt 0.056704 0.869183
vt 0.057935 0.869183
vt 0.057935 0.850442
vt 0.056704 0.850442
vt 0.985407 0.020355
vt 0.985407 0.001614
vt 0.981832 0.001614
vt 0.981832 0.020355
vt 0.699011 0.842591
vt 0.699011 0.82385
vt 0.695436 0.82385
vt 0.695436 0.842591
vt 0.144809 0.971304
vt 0.144809 0.990045
vt 0.148384 0.990045
vt 0.148384 0.971304
vt 0.13822 0.990045
vt 0.13945 0.990045
vt 0.13945 0.971304
vt 0.13822 0.971304
vt 0.421026 0.987779
vt 0.42309 0.984181
vt 0.409217 0.9768
vt 0.407739 0.979377
vt 0.40975 0.97992
vt 0.410689 0.978282
vt 0.197338 0.656914
vt 0.195205 0.657457
vt 0.195205 0.659347
vt 0.197338 0.65989
vt 0.760024 0.395454
vt 0.75789 0.395997
vt 0.75789 0.397888
vt 0.760024 0.39843
vt 0.411778 0.975312
vt 0.412316 0.977337
vt 0.414195 0.977337
vt 0.414734 0.975312
vt 0.418773 0.979377
vt 0.417295 0.9768
vt 0.415822 0.978282
vt 0.416762 0.97992
vt 0.414734 0.986418
vt 0.414195 0.984394
vt 0.412316 0.984394
vt 0.411778 0.986418
vt 0.414734 0.975312
vt 0.414195 0.977337
vt 0.415822 0.978282
vt 0.417295 0.9768
vt 0.407739 0.979377
vt 0.407739 0.982353
vt 0.40975 0.981811
vt 0.40975 0.97992
vt 0.414734 0.986418
vt 0.417295 0.98493
vt 0.415822 0.983448
vt 0.414195 0.984394
vt 0.195205 0.653686
vt 0.197338 0.653143
vt 0.197338 0.651252
vt 0.195205 0.65071
vt 0.742832 0.597402
vt 0.768789 0.592349
vt 0.742896 0.590596
vt 0.772253 0.595125
vt 0.772253 0.609154
vt 0.732358 0.599183
vt 0.737907 0.614547
vt 0.776032 0.615296
vt 0.70291 0.598441
vt 0.70279 0.635191
vt 0.718491 0.644245
vt 0.737756 0.647585
vt 0.776032 0.648171
vt 0.768789 0.585726
vt 0.742931 0.582357
vt 0.743026 0.572782
vt 0.772253 0.583039
vt 0.772253 0.479725
vt 0.742654 0.483587
vt 0.768194 0.478423
vt 0.76633 0.474423
vt 0.742816 0.479177
vt 0.742688 0.476108
vt 0.766153 0.468644
vt 0.760574 0.461524
vt 0.766355 0.461514
vt 0.760574 0.447768
vt 0.741584 0.41767
vt 0.768451 0.434412
vt 0.766355 0.446408
vt 0.772183 0.436583
vt 0.768458 0.401737
vt 0.745359 0.40205
vt 0.772187 0.401669
vt 0.302725 0.487339
vt 0.338641 0.526957
vt 0.336163 0.487567
vt 0.249403 0.523044
vt 0.250652 0.469304
vt 0.301544 0.466302
vt 0.335952 0.555708
vt 0.338503 0.548449
vt 0.341108 0.543308
vt 0.237176 0.535864
vt 0.328072 0.631772
vt 0.206959 0.637841
vt 0.214349 0.664693
vt 0.335952 0.656206
vt 0.202578 0.638088
vt 0.232795 0.536112
vt 0.209968 0.664941
vt 0.333432 0.631468
vt 0.341312 0.655903
vt 0.341312 0.555404
vt 0.938805 0.273777
vt 0.947518 0.276865
vt 0.94269 0.267706
vt 0.935976 0.283374
vt 0.947789 0.294552
vt 0.947921 0.263299
vt 0.93833 0.304222
vt 0.952471 0.311989
vt 0.937133 0.314887
vt 0.952471 0.263505
vt 0.813113 0.220375
vt 0.82913 0.220375
vt 0.81946 0.216006
vt 0.814279 0.21819
vt 0.816602 0.216591
vt 0.822783 0.216006
vt 0.827964 0.21819
vt 0.825641 0.216591
vt 0.811758 0.227248
vt 0.830485 0.227248
vt 0.833148 0.263418
vt 0.809095 0.263418
vt 0.47282 0.628578
vt 0.476599 0.622437
vt 0.438543 0.623185
vt 0.432993 0.638548
vt 0.443469 0.640329
vt 0.47282 0.642608
vt 0.469355 0.645384
vt 0.443533 0.647135
vt 0.438392 0.590147
vt 0.419124 0.593488
vt 0.403422 0.602543
vt 0.476599 0.589561
vt 0.403542 0.639293
vt 0.469355 0.652007
vt 0.443567 0.655374
vt 0.443662 0.664949
vt 0.47282 0.654693
vt 0.47282 0.758007
vt 0.443291 0.754144
vt 0.468763 0.759307
vt 0.466956 0.763363
vt 0.443453 0.758554
vt 0.443325 0.761622
vt 0.466867 0.76887
vt 0.461206 0.776209
vt 0.466984 0.776221
vt 0.461206 0.789965
vt 0.442221 0.820059
vt 0.469082 0.803321
vt 0.466984 0.791327
vt 0.472812 0.801152
vt 0.472816 0.836065
vt 0.46909 0.835995
vt 0.445996 0.83568
vt 0.96738 0.988957
vt 0.957468 0.975168
vt 0.944955 0.981677
vt 0.966432 0.977996
vt 0.96738 0.977697
vt 0.950905 0.967441
vt 0.941544 0.978625
vt 0.939048 0.972501
vt 0.938134 0.964946
vt 0.948503 0.956887
vt 0.938134 0.94904
vt 0.950905 0.946332
vt 0.939048 0.941485
vt 0.941544 0.935361
vt 0.944955 0.932309
vt 0.957468 0.938605
vt 0.96738 0.92503
vt 0.966432 0.935777
vt 0.96738 0.936076
vt 0.264219 0.958009
vt 0.242112 0.980812
vt 0.267221 0.997559
vt 0.254198 0.949996
vt 0.266523 0.948826
vt 0.258108 0.942097
vt 0.267221 0.945832
vt 0.259317 0.939512
vt 0.967613 0.418415
vt 0.989718 0.441219
vt 0.992719 0.401669
vt 0.979698 0.44923
vt 0.992021 0.450402
vt 0.983607 0.45713
vt 0.992719 0.453396
vt 0.984815 0.459716
vt 0.435074 0.852576
vt 0.417763 0.839293
vt 0.424587 0.854994
vt 0.453121 0.839293
vt 0.445561 0.854994
vt 0.41691 0.861599
vt 0.403422 0.87644
vt 0.4141 0.870621
vt 0.415913 0.87644
vt 0.416911 0.879641
vt 0.453238 0.861599
vt 0.403422 0.895971
vt 0.424588 0.88624
vt 0.435075 0.888655
vt 0.46694 0.895971
vt 0.445562 0.88624
vt 0.453238 0.879641
vt 0.466939 0.87644
vt 0.456048 0.870621
vt 0.454236 0.87644
vt 0.403424 0.911926
vt 0.466942 0.911926
vt 0.70279 0.861644
vt 0.718639 0.869538
vt 0.734442 0.869538
vt 0.710929 0.869373
vt 0.704288 0.868922
vt 0.750986 0.861871
vt 0.742129 0.869373
vt 0.748705 0.868922
vt 0.718623 0.88588
vt 0.734426 0.88588
vt 0.704273 0.883924
vt 0.710913 0.885356
vt 0.705149 0.894362
vt 0.711167 0.893062
vt 0.711098 0.929363
vt 0.718612 0.929482
vt 0.718648 0.892586
vt 0.704993 0.929039
vt 0.74869 0.883924
vt 0.742113 0.885356
vt 0.747891 0.894362
vt 0.741917 0.893062
vt 0.741914 0.929363
vt 0.747978 0.929039
vt 0.734416 0.929482
vt 0.734452 0.892586
vt 0.902033 0.391507
vt 0.917653 0.390476
vt 0.90649 0.379594
vt 0.901184 0.38014
vt 0.917653 0.39642
vt 0.900594 0.398177
vt 0.971803 0.654647
vt 0.972979 0.657153
vt 0.978169 0.65966
vt 0.975309 0.658989
vt 0.981493 0.65966
vt 0.987819 0.654647
vt 0.986663 0.657153
vt 0.984348 0.658989
vt 0.989143 0.64676
vt 0.970416 0.64676
vt 0.967613 0.618466
vt 0.991665 0.618466
vt 0.93792 0.387297
vt 0.922299 0.386265
vt 0.926754 0.398176
vt 0.921449 0.397629
vt 0.93792 0.381353
vt 0.920861 0.379594
vt 0.972008 0.784645
vt 0.959685 0.843095
vt 0.972008 0.843095
vt 0.972008 0.781575
vt 0.972008 0.777168
vt 0.960725 0.663358
vt 0.972008 0.687973
vt 0.972008 0.6784
vt 0.972008 0.670162
vt 0.972008 0.663358
vt 0.960819 0.85866
vt 0.972007 0.85866
vt 0.688462 0.956491
vt 0.697607 0.975341
vt 0.697607 0.94293
vt 0.684852 0.946778
vt 0.688462 0.961838
vt 0.684852 0.971634
vt 0.680412 0.961831
vt 0.680412 0.956484
vt 0.932968 0.452064
vt 0.929556 0.631755
vt 0.934254 0.647457
vt 0.934254 0.401782
vt 0.933279 0.647432
vt 0.925033 0.450639
vt 0.928307 0.401809
vt 0.925033 0.402307
vt 0.921884 0.450091
vt 0.942853 0.401669
vt 0.942853 0.647618
vt 0.547018 0.966977
vt 0.535947 0.98202
vt 0.547018 0.975215
vt 0.547018 0.982019
vt 0.547018 0.957404
vt 0.547018 0.868209
vt 0.534907 0.802282
vt 0.547018 0.863802
vt 0.547018 0.860732
vt 0.547018 0.802282
vt 0.536042 0.786717
vt 0.547018 0.786717
vt 0.925045 0.858915
vt 0.92633 0.663521
vt 0.921632 0.679222
vt 0.925355 0.663546
vt 0.92633 0.909198
vt 0.917108 0.860339
vt 0.920382 0.90917
vt 0.917108 0.908671
vt 0.913956 0.860885
vt 0.934926 0.909308
vt 0.934926 0.663358
vt 0.93833 0.328779
vt 0.947789 0.338448
vt 0.952471 0.321014
vt 0.935976 0.349624
vt 0.947518 0.356133
vt 0.938805 0.35922
vt 0.94269 0.365291
vt 0.947921 0.369698
vt 0.952471 0.369492
vt 0.937133 0.318115
vt 0.777632 0.884365
vt 0.754194 0.916222
vt 0.78003 0.894919
vt 0.783782 0.916222
vt 0.754194 0.852294
vt 0.783782 0.899345
vt 0.786607 0.902646
vt 0.78003 0.87381
vt 0.783782 0.852294
vt 0.783782 0.869385
vt 0.786607 0.866084
vt 0.79438 0.86365
vt 0.79438 0.852294
vt 0.79438 0.90508
vt 0.79438 0.916222
vt 0.541354 0.495045
vt 0.510291 0.514058
vt 0.544325 0.50213
vt 0.529066 0.419566
vt 0.443903 0.520672
vt 0.40781 0.420635
vt 0.413626 0.393391
vt 0.535512 0.394706
vt 0.439515 0.520683
vt 0.403422 0.420646
vt 0.54088 0.394693
vt 0.534434 0.419553
vt 0.456854 0.532752
vt 0.512167 0.518446
vt 0.461224 0.586333
vt 0.544675 0.586333
vt 0.54722 0.507128
vt 0.409238 0.393401
vt 0.546722 0.495033
vt 0.09393 0.541619
vt 0.126842 0.557469
vt 0.129064 0.550093
vt 0.122444 0.633868
vt 0.027129 0.541605
vt 0.038771 0.528317
vt 0.095351 0.53708
vt 0.037625 0.474707
vt 0.120705 0.466343
vt 0.131437 0.544849
vt 0.001604 0.644889
vt 0.010217 0.671402
vt 0.131437 0.657938
vt 0.677889 0.514721
vt 0.677045 0.536211
vt 0.680261 0.519966
vt 0.675667 0.507344
vt 0.587595 0.536495
vt 0.639338 0.574268
vt 0.672784 0.575429
vt 0.586449 0.590112
vt 0.637201 0.595225
vt 0.575953 0.523204
vt 0.671269 0.430936
vt 0.550428 0.419906
vt 0.559041 0.393391
vt 0.680261 0.406862
vt 0.464121 0.947566
vt 0.470654 0.934033
vt 0.464121 0.915154
vt 0.45743 0.915154
vt 0.45743 0.947566
vt 0.475049 0.943788
vt 0.475049 0.936226
vt 0.470654 0.928687
vt 0.475049 0.918932
vt 0.475049 0.926494
vt 0.545191 0.732673
vt 0.540525 0.732698
vt 0.540506 0.737699
vt 0.545171 0.737661
vt 0.540478 0.74483
vt 0.545144 0.744799
vt 0.545033 0.716097
vt 0.540367 0.716096
vt 0.540525 0.676379
vt 0.545191 0.676402
vt 0.33438 0.857734
vt 0.33438 0.89332
vt 0.340915 0.893326
vt 0.340915 0.857741
vt 0.205792 0.986767
vt 0.210158 0.986418
vt 0.210199 0.939849
vt 0.202578 0.939512
vt 0.220666 0.939973
vt 0.220625 0.986195
vt 0.231131 0.986418
vt 0.231172 0.939849
vt 0.235559 0.986767
vt 0.238904 0.939512
vt 0.814279 0.208793
vt 0.814279 0.21819
vt 0.816602 0.216591
vt 0.816602 0.207638
vt 0.81946 0.216006
vt 0.81946 0.207215
vt 0.822783 0.216006
vt 0.822783 0.207215
vt 0.825641 0.207638
vt 0.825641 0.216591
vt 0.827964 0.208793
vt 0.827964 0.21819
vt 0.45743 0.950795
vt 0.45743 0.983206
vt 0.474414 0.983206
vt 0.474414 0.950794
vt 0.754194 0.974906
vt 0.754194 0.979433
vt 0.764036 0.979433
vt 0.764036 0.974906
vt 0.764035 0.98516
vt 0.754194 0.98516
vt 0.38905 0.914461
vt 0.389049 0.927118
vt 0.39889 0.927118
vt 0.398892 0.914461
vt 0.398891 0.944792
vt 0.389049 0.944793
vt 0.398892 0.962811
vt 0.38905 0.962812
vt 0.809095 0.368562
vt 0.809095 0.396049
vt 0.833148 0.396052
vt 0.833148 0.368564
vt 0.198675 0.647482
vt 0.198675 0.611895
vt 0.195205 0.611894
vt 0.195205 0.647481
vt 0.5463 0.78047
vt 0.5463 0.748058
vt 0.540367 0.748058
vt 0.540367 0.78047
vt 0.529367 0.962779
vt 0.529367 0.957052
vt 0.519526 0.957052
vt 0.519526 0.962779
vt 0.519526 0.947694
vt 0.529367 0.947694
vt 0.519526 0.926588
vt 0.529367 0.926588
vt 0.519526 0.91601
vt 0.529367 0.91601
vt 0.921884 0.650847
vt 0.921884 0.658408
vt 0.927021 0.65842
vt 0.927021 0.650859
vt 0.180093 0.982415
vt 0.180093 0.971304
vt 0.176496 0.975776
vt 0.449174 0.977275
vt 0.452771 0.981747
vt 0.452771 0.970636
vt 0.263623 0.934079
vt 0.263623 0.918399
vt 0.253782 0.918403
vt 0.253782 0.934084
vt 0.339517 0.918536
vt 0.33438 0.918524
vt 0.33438 0.926086
vt 0.339517 0.926098
vt 0.704164 0.856152
vt 0.748817 0.856101
vt 0.746413 0.852294
vt 0.706116 0.852294
vt 0.326437 0.937054
vt 0.337992 0.937452
vt 0.338101 0.932757
vt 0.326545 0.932358
vt 0.322073 0.93705
vt 0.322181 0.932355
vt 0.312278 0.953967
vt 0.326437 0.953979
vt 0.326437 0.972353
vt 0.312278 0.972341
vt 0.322073 0.989275
vt 0.326437 0.989279
vt 0.322181 0.99397
vt 0.326544 0.993974
vt 0.338101 0.993799
vt 0.337992 0.989104
vt 0.848339 0.895791
vt 0.883696 0.895756
vt 0.883697 0.793153
vt 0.848339 0.793188
vt 0.479807 0.979938
vt 0.516318 0.979938
vt 0.516318 0.916011
vt 0.479807 0.91601
vt 0.847866 0.783761
vt 0.852532 0.783762
vt 0.852532 0.762562
vt 0.847866 0.762562
vt 0.195205 0.468829
vt 0.195205 0.504416
vt 0.198961 0.506902
vt 0.198961 0.466343
vt 0.852531 0.651446
vt 0.847866 0.6514
vt 0.847867 0.704982
vt 0.852531 0.705042
vt 0.344522 0.677535
vt 0.34452 0.704997
vt 0.361338 0.704998
vt 0.360875 0.677536
vt 0.36134 0.805551
vt 0.344522 0.805551
vt 0.380062 0.677537
vt 0.379594 0.704999
vt 0.396412 0.705
vt 0.396415 0.677538
vt 0.379597 0.805552
vt 0.396415 0.805553
vt 0.334381 0.751184
vt 0.33438 0.804766
vt 0.339046 0.80472
vt 0.339046 0.751124
vt 0.841383 0.3931
vt 0.837023 0.393128
vt 0.837005 0.397823
vt 0.841383 0.397796
vt 0.193029 0.681515
vt 0.188363 0.681611
vt 0.191203 0.804312
vt 0.195868 0.804217
vt 0.188363 0.67621
vt 0.193029 0.676114
vt 0.195868 0.808632
vt 0.191203 0.808727
vt 0.17485 0.804312
vt 0.175316 0.808727
vt 0.170701 0.663499
vt 0.170701 0.681611
vt 0.155197 0.808727
vt 0.155663 0.804312
vt 0.13931 0.804312
vt 0.13931 0.808727
vt 0.134645 0.804217
vt 0.137485 0.681515
vt 0.14215 0.681611
vt 0.134645 0.808632
vt 0.137485 0.676114
vt 0.14215 0.676209
vt 0.159812 0.681611
vt 0.159812 0.663499
vt 0.645343 0.84464
vt 0.65302 0.844614
vt 0.65302 0.598536
vt 0.645343 0.598762
vt 0.663507 0.598453
vt 0.663507 0.844604
vt 0.673994 0.844614
vt 0.673994 0.598536
vt 0.681671 0.84464
vt 0.681671 0.598762
vt 0.198549 0.906121
vt 0.192912 0.90332
vt 0.193356 0.911456
vt 0.197965 0.911456
vt 0.334381 0.747872
vt 0.339046 0.747896
vt 0.339046 0.668169
vt 0.33438 0.668187
vt 0.474816 0.874705
vt 0.474816 0.839293
vt 0.47015 0.839314
vt 0.47015 0.874723
vt 0.271682 0.910475
vt 0.266344 0.91047
vt 0.26624 0.915165
vt 0.271578 0.91517
vt 0.271682 0.892699
vt 0.253782 0.892683
vt 0.253782 0.881725
vt 0.271682 0.881741
vt 0.271682 0.863966
vt 0.266344 0.863961
vt 0.271578 0.859271
vt 0.26624 0.859266
vt 0.852532 0.708288
vt 0.847866 0.70827
vt 0.847866 0.759316
vt 0.852532 0.759334
vt 0.540367 0.589587
vt 0.540367 0.673151
vt 0.545033 0.673125
vt 0.545034 0.589561
vt 0.006269 0.774011
vt 0.006269 0.801696
vt 0.022156 0.801696
vt 0.023087 0.773532
vt 0.001604 0.77402
vt 0.006269 0.67511
vt 0.001604 0.675139
vt 0.001604 0.801675
vt 0.023087 0.67463
vt 0.041344 0.67463
vt 0.041344 0.773532
vt 0.058162 0.774011
vt 0.058162 0.67511
vt 0.062827 0.77402
vt 0.058162 0.801696
vt 0.062827 0.801675
vt 0.062827 0.675139
vt 0.042275 0.801696
vt 0.927141 0.919724
vt 0.927141 0.912587
vt 0.922476 0.912537
vt 0.922476 0.919656
vt 0.398607 0.853633
vt 0.39394 0.853598
vt 0.39394 0.888626
vt 0.398607 0.88867
vt 0.555094 0.82448
vt 0.555095 0.900435
vt 0.57276 0.900364
vt 0.572758 0.824408
vt 0.55043 0.900386
vt 0.550428 0.824482
vt 0.555095 0.799419
vt 0.55043 0.799447
vt 0.57276 0.799348
vt 0.583647 0.824408
vt 0.583649 0.900364
vt 0.601308 0.900436
vt 0.601306 0.82448
vt 0.605973 0.900386
vt 0.605972 0.824482
vt 0.601308 0.79942
vt 0.605973 0.799448
vt 0.583649 0.799348
vt 0.47015 0.911605
vt 0.474816 0.911625
vt 0.474816 0.87797
vt 0.47015 0.877951
vt 0.842105 0.970109
vt 0.842105 0.934522
vt 0.838722 0.934522
vt 0.838723 0.970109
vt 0.738179 0.96536
vt 0.702822 0.965395
vt 0.70279 0.97104
vt 0.738147 0.971004
vt 0.70279 0.984973
vt 0.738147 0.984938
vt 0.738179 0.932711
vt 0.702822 0.932746
vt 0.184065 0.906121
vt 0.184651 0.911456
vt 0.189262 0.911456
vt 0.189704 0.90332
vt 0.134645 0.811956
vt 0.134645 0.887307
vt 0.152307 0.887307
vt 0.152307 0.811956
vt 0.152307 0.91262
vt 0.134645 0.91262
vt 0.163195 0.811956
vt 0.163195 0.887307
vt 0.180858 0.887307
vt 0.180858 0.811956
vt 0.163195 0.91262
vt 0.180858 0.91262
vt 0.611356 0.973759
vt 0.609181 0.979556
vt 0.609181 0.98582
vt 0.611356 0.991598
vt 0.615374 0.969313
vt 0.615374 0.996011
vt 0.620624 0.966893
vt 0.620624 0.998386
vt 0.626306 0.966869
vt 0.626307 0.998362
vt 0.631556 0.969244
vt 0.631557 0.995942
vt 0.635575 0.973657
vt 0.635575 0.991496
vt 0.637749 0.979435
vt 0.637749 0.985699
vt 0.697388 0.865108
vt 0.694133 0.865141
vt 0.69064 0.896224
vt 0.693894 0.896191
vt 0.693775 0.858919
vt 0.69046 0.865132
vt 0.690353 0.858912
vt 0.694456 0.852865
vt 0.690782 0.852856
vt 0.696071 0.847901
vt 0.691682 0.847883
vt 0.691086 0.870566
vt 0.695475 0.870584
vt 0.697711 0.852832
vt 0.699326 0.847868
vt 0.69703 0.858886
vt 0.689873 0.904485
vt 0.693127 0.904453
vt 0.694469 0.909896
vt 0.691214 0.909929
vt 0.699326 0.909847
vt 0.697984 0.904403
vt 0.698751 0.896142
vt 0.389836 0.977609
vt 0.396848 0.977471
vt 0.395777 0.971372
vt 0.390053 0.971584
vt 0.389483 0.983472
vt 0.397784 0.983408
vt 0.389049 0.988281
vt 0.398442 0.988281
vt 0.394733 0.96604
vt 0.390102 0.966316
vt 0.945232 0.398176
vt 0.949859 0.397796
vt 0.949891 0.393034
vt 0.944191 0.393629
vt 0.950012 0.387092
vt 0.943045 0.387943
vt 0.950203 0.380877
vt 0.941969 0.381982
vt 0.950434 0.375333
vt 0.941127 0.376655
vt 0.953616 0.393413
vt 0.953737 0.387472
vt 0.953583 0.398176
vt 0.953927 0.381256
vt 0.954159 0.375713
vt 0.698809 0.717085
vt 0.689045 0.717277
vt 0.688522 0.723338
vt 0.698537 0.723143
vt 0.699582 0.712111
vt 0.690533 0.712291
vt 0.689045 0.729553
vt 0.698809 0.729361
vt 0.690533 0.734973
vt 0.699582 0.734793
vt 0.685272 0.723468
vt 0.685794 0.729683
vt 0.685794 0.717407
vt 0.687283 0.712421
vt 0.687283 0.735104
vt 0.690629 0.769593
vt 0.693879 0.769463
vt 0.865614 0.375845
vt 0.865614 0.382117
vt 0.867855 0.387924
vt 0.867855 0.370064
vt 0.871995 0.392383
vt 0.871995 0.365653
vt 0.877404 0.394814
vt 0.877404 0.363284
vt 0.883259 0.394847
vt 0.883259 0.363317
vt 0.888668 0.392478
vt 0.888668 0.365748
vt 0.892807 0.388067
vt 0.892807 0.370207
vt 0.895048 0.382286
vt 0.895048 0.376014
vt 0.888667 0.333547
vt 0.883258 0.331116
vt 0.874745 0.330688
vt 0.872754 0.334691
vt 0.892807 0.338006
vt 0.880494 0.330849
vt 0.833722 0.317601
vt 0.829997 0.322074
vt 0.829936 0.354273
vt 0.833661 0.3498
vt 0.825076 0.356722
vt 0.825137 0.36528
vt 0.829997 0.36283
vt 0.825137 0.324523
vt 0.822511 0.359536
vt 0.819882 0.324577
vt 0.81766 0.357186
vt 0.815031 0.322227
vt 0.816057 0.353194
vt 0.811323 0.317831
vt 0.811323 0.358587
vt 0.815031 0.362983
vt 0.819882 0.365333
vt 0.833722 0.358357
vt 0.809627 0.34859
vt 0.809095 0.352583
vt 0.525093 0.97722
vt 0.525147 0.971208
vt 0.519579 0.971633
vt 0.519526 0.977645
vt 0.528824 0.976934
vt 0.528877 0.983128
vt 0.525147 0.983413
vt 0.52903 0.98856
vt 0.525299 0.988845
vt 0.528877 0.970923
vt 0.525299 0.966293
vt 0.52903 0.966008
vt 0.519579 0.983839
vt 0.519732 0.98927
vt 0.519732 0.966718
vt 0.98385 0.333237
vt 0.984537 0.327732
vt 0.979044 0.326704
vt 0.978357 0.33221
vt 0.982398 0.336389
vt 0.977656 0.338388
vt 0.98183 0.342417
vt 0.977048 0.344299
vt 0.980879 0.345035
vt 0.976634 0.349072
vt 0.976463 0.353735
vt 0.981311 0.353481
vt 0.98456 0.345724
vt 0.98456 0.35331
vt 0.985306 0.253052
vt 0.988016 0.24775
vt 0.979529 0.247238
vt 0.976819 0.252539
vt 0.98418 0.243323
vt 0.992667 0.243836
vt 0.98495 0.258934
vt 0.976463 0.258421
vt 0.987002 0.2645
vt 0.978516 0.263987
vt 0.990505 0.268955
vt 0.982664 0.26839
vt 0.988678 0.273716
vt 0.992667 0.273398
vt 0.776927 0.97818
vt 0.776927 0.974906
vt 0.771316 0.977048
vt 0.771287 0.980194
vt 0.767318 0.977177
vt 0.767288 0.980323
vt 0.767243 0.985019
vt 0.771242 0.984889
vt 0.776927 0.983065
vt 0.938027 0.652437
vt 0.938027 0.657643
vt 0.942616 0.656053
vt 0.942616 0.650847
vt 0.579006 0.984284
vt 0.579006 0.97802
vt 0.576831 0.972224
vt 0.576831 0.990063
vt 0.572811 0.967779
vt 0.572811 0.994476
vt 0.567559 0.965361
vt 0.567559 0.996853
vt 0.561875 0.965338
vt 0.561875 0.99683
vt 0.556623 0.967714
vt 0.556623 0.994412
vt 0.552603 0.972128
vt 0.552603 0.989967
vt 0.550428 0.977906
vt 0.550428 0.984171
vt 0.191596 0.856761
vt 0.188113 0.825679
vt 0.184828 0.825661
vt 0.188311 0.856744
vt 0.187988 0.862966
vt 0.184615 0.856769
vt 0.184544 0.862988
vt 0.188666 0.86902
vt 0.184971 0.869045
vt 0.190243 0.873983
vt 0.18583 0.874021
vt 0.185173 0.851338
vt 0.189587 0.8513
vt 0.191951 0.869037
vt 0.193528 0.874001
vt 0.191273 0.862984
vt 0.184065 0.817399
vt 0.18735 0.817417
vt 0.188626 0.811973
vt 0.185341 0.811956
vt 0.193528 0.812
vt 0.192252 0.817443
vt 0.193016 0.825705
vt 0.195568 0.98021
vt 0.195351 0.974186
vt 0.189628 0.973973
vt 0.188556 0.980072
vt 0.195922 0.986073
vt 0.187621 0.98601
vt 0.196357 0.990882
vt 0.186964 0.990882
vt 0.190672 0.968641
vt 0.195304 0.968917
vt 0.192992 0.900092
vt 0.194033 0.895545
vt 0.188332 0.89495
vt 0.188365 0.899712
vt 0.188212 0.889008
vt 0.195179 0.889859
vt 0.188021 0.882793
vt 0.196254 0.883898
vt 0.18779 0.877249
vt 0.197096 0.878571
vt 0.184608 0.895329
vt 0.184487 0.889388
vt 0.18464 0.900092
vt 0.184297 0.883172
vt 0.184065 0.877629
vt 0.698809 0.703907
vt 0.698538 0.69785
vt 0.688522 0.697655
vt 0.689045 0.703716
vt 0.699582 0.708882
vt 0.690533 0.708702
vt 0.689045 0.69144
vt 0.698809 0.691632
vt 0.690533 0.686019
vt 0.699582 0.6862
vt 0.685272 0.697524
vt 0.685794 0.69131
vt 0.685794 0.703586
vt 0.687282 0.708572
vt 0.687282 0.685889
vt 0.690627 0.6514
vt 0.693878 0.65153
vt 0.867856 0.270222
vt 0.865614 0.276028
vt 0.865614 0.2823
vt 0.867856 0.288082
vt 0.871997 0.265764
vt 0.871997 0.292494
vt 0.877408 0.263334
vt 0.877408 0.294865
vt 0.883265 0.263302
vt 0.883265 0.294833
vt 0.888676 0.265673
vt 0.888676 0.292403
vt 0.892817 0.270085
vt 0.892817 0.287946
vt 0.895058 0.275867
vt 0.895058 0.282139
vt 0.888676 0.324605
vt 0.883265 0.327034
vt 0.874747 0.327459
vt 0.872755 0.323455
vt 0.892817 0.320147
vt 0.880498 0.3273
vt 0.833738 0.314373
vt 0.833677 0.282173
vt 0.82995 0.277702
vt 0.830011 0.309902
vt 0.825087 0.275255
vt 0.825148 0.266698
vt 0.830011 0.269145
vt 0.825148 0.307454
vt 0.822519 0.272444
vt 0.819889 0.307403
vt 0.817665 0.274796
vt 0.815036 0.309755
vt 0.81606 0.278789
vt 0.811325 0.314154
vt 0.811325 0.273397
vt 0.815036 0.268999
vt 0.819889 0.266646
vt 0.833738 0.273616
vt 0.809627 0.283395
vt 0.809095 0.279403
vt 0.69544 0.925209
vt 0.689873 0.924783
vt 0.689927 0.930795
vt 0.695494 0.93122
vt 0.699171 0.925494
vt 0.699225 0.919301
vt 0.695494 0.919015
vt 0.699378 0.913868
vt 0.695648 0.913583
vt 0.699225 0.931506
vt 0.695648 0.936135
vt 0.699378 0.93642
vt 0.689927 0.91859
vt 0.69008 0.913157
vt 0.69008 0.935709
vt 0.98385 0.377461
vt 0.978357 0.378489
vt 0.979044 0.383994
vt 0.984537 0.382966
vt 0.982398 0.374309
vt 0.977656 0.37231
vt 0.981829 0.368281
vt 0.977048 0.366399
vt 0.980879 0.365663
vt 0.976634 0.361626
vt 0.976463 0.356963
vt 0.981311 0.357217
vt 0.98456 0.364974
vt 0.98456 0.357388
vt 0.591057 0.986009
vt 0.58257 0.986524
vt 0.58528 0.991827
vt 0.593766 0.991312
vt 0.589931 0.995742
vt 0.598417 0.995227
vt 0.590701 0.980126
vt 0.582214 0.98064
vt 0.592753 0.974557
vt 0.584266 0.975072
vt 0.596255 0.9701
vt 0.588414 0.970666
vt 0.594428 0.965338
vt 0.598417 0.965655
vt 0.789817 0.981745
vt 0.784178 0.979731
vt 0.784207 0.982877
vt 0.789817 0.985019
vt 0.780209 0.982748
vt 0.780179 0.979601
vt 0.780134 0.974906
vt 0.784133 0.975035
vt 0.789817 0.976859
vt 0.934819 0.652437
vt 0.930229 0.650847
vt 0.930229 0.656053
vt 0.934819 0.657643
vt 0.318982 0.289992
vt 0.335855 0.291751
vt 0.325035 0.280891
vt 0.318776 0.281064
vt 0.313887 0.293252
vt 0.306605 0.300922
vt 0.333054 0.40028
vt 0.321007 0.271869
vt 0.315367 0.271648
vt 0.315319 0.249615
vt 0.321174 0.249334
vt 0.316634 0.227634
vt 0.321625 0.227722
vt 0.341802 0.400919
vt 0.352431 0.291036
vt 0.315932 0.221064
vt 0.325229 0.223438
vt 0.327173 0.214806
vt 0.317693 0.212616
vt 0.340794 0.217335
vt 0.341167 0.223176
vt 0.229222 0.314566
vt 0.353664 0.224787
vt 0.356518 0.215147
vt 0.365716 0.233828
vt 0.368188 0.208853
vt 0.378462 0.195389
vt 0.400214 0.266155
vt 0.386619 0.18496
vt 0.400106 0.001614
vt 0.386511 0.001632
vt 0.371379 0.254362
vt 0.365871 0.276449
vt 0.400086 0.293086
vt 0.352738 0.40486
vt 0.362252 0.413102
vt 0.400214 0.431828
vt 0.368484 0.42796
vt 0.382418 0.448259
vt 0.368663 0.446525
vt 0.377737 0.458089
vt 0.368718 0.45852
vt 0.375433 0.462654
vt 0.368635 0.463074
vt 0.179392 0.265389
vt 0.19937 0.198564
vt 0.164849 0.23091
vt 0.185766 0.27977
vt 0.170516 0.210372
vt 0.199297 0.463115
vt 0.185694 0.463104
vt 0.167323 0.255886
vt 0.155748 0.249583
vt 0.152892 0.239943
vt 0.140127 0.247386
vt 0.140499 0.241545
vt 0.165047 0.188264
vt 0.199284 0.171626
vt 0.151598 0.1737
vt 0.151863 0.059875
vt 0.161383 0.051628
vt 0.19937 0.032881
vt 0.167619 0.036766
vt 0.181665 0.016445
vt 0.167901 0.018185
vt 0.177061 0.006605
vt 0.168042 0.006177
vt 0.174827 0.002031
vt 0.168027 0.001614
vt 0.14092 0.063822
vt 0.135011 0.172993
vt 0.132166 0.064465
vt 0.105745 0.163835
vt 0.113032 0.171503
vt 0.11813 0.17476
vt 0.124255 0.183849
vt 0.117991 0.183679
vt 0.028311 0.150229
vt 0.029541 0.024103
vt 0.120258 0.192869
vt 0.114614 0.193093
vt 0.114696 0.215109
vt 0.120554 0.215387
vt 0.115983 0.237095
vt 0.120977 0.237004
vt 0.11528 0.243665
vt 0.124583 0.241287
vt 0.126528 0.249918
vt 0.117042 0.252112
vt 0.001604 0.030757
vt 0.002824 0.157587
vt 0.409911 0.955502
vt 0.409911 0.927004
vt 0.403422 0.937182
vt 0.405322 0.931207
vt 0.403422 0.945318
vt 0.405322 0.951294
vt 0.421854 0.960945
vt 0.421854 0.921572
vt 0.440287 0.967381
vt 0.440287 0.915154
vt 0.454222 0.91518
vt 0.454222 0.967407
vt 0.724694 0.398441
vt 0.714184 0.391297
vt 0.718642 0.396349
vt 0.743288 0.391297
vt 0.732778 0.398441
vt 0.738831 0.396349
vt 0.709176 0.380551
vt 0.748297 0.380551
vt 0.70279 0.356921
vt 0.754682 0.356921
vt 0.705406 0.242377
vt 0.752066 0.242377
vt 0.70279 0.220075
vt 0.754682 0.220075
vt 0.752483 0.001614
vt 0.704989 0.001614
vt 0.34452 0.808782
vt 0.34452 0.884941
vt 0.390732 0.884941
vt 0.390732 0.808782
vt 0.390732 0.911232
vt 0.34452 0.911232
vt 0.794223 0.934973
vt 0.780179 0.93294
vt 0.780179 0.958188
vt 0.794223 0.956154
vt 0.768659 0.965236
vt 0.768659 0.925892
vt 0.754194 0.971677
vt 0.754194 0.91945
vt 0.396412 0.466356
vt 0.34452 0.466302
vt 0.344533 0.480886
vt 0.396437 0.477222
vt 0.344544 0.492206
vt 0.396437 0.49226
vt 0.346487 0.674257
vt 0.393981 0.674307
vt 0.967613 0.515172
vt 0.995574 0.515172
vt 0.995574 0.462944
vt 0.967613 0.462944
vt 0.833431 0.976958
vt 0.825314 0.958203
vt 0.807906 0.958203
vt 0.799789 0.976958
vt 0.806087 0.940106
vt 0.827133 0.940106
vt 0.806087 0.934522
vt 0.827133 0.934522
vt 0.835515 0.982138
vt 0.797705 0.982138
vt 0.014222 0.908317
vt 0.014217 0.91476
vt 0.035263 0.91476
vt 0.035267 0.908317
vt 0.01422 0.899719
vt 0.035265 0.899719
vt 0.033439 0.936788
vt 0.016032 0.936788
vt 0.007907 0.958501
vt 0.041549 0.958501
vt 0.005809 0.967411
vt 0.043618 0.967411
vt 0.047816 0.976168
vt 0.001604 0.976168
vt 0.062689 0.805041
vt 0.056795 0.804925
vt 0.056704 0.811016
vt 0.061783 0.811016
vt 0.056704 0.819152
vt 0.061783 0.819152
vt 0.062689 0.825127
vt 0.056795 0.825244
vt 0.685272 0.820622
vt 0.69881 0.820622
vt 0.69881 0.772821
vt 0.685272 0.772821
vt 0.601465 0.946
vt 0.60232 0.923395
vt 0.550428 0.923395
vt 0.550437 0.946
vt 0.550455 0.903664
vt 0.602347 0.903664
vt 0.553092 0.96211
vt 0.599752 0.96211
vt 0.183757 0.915849
vt 0.173109 0.92229
vt 0.173109 0.961634
vt 0.183757 0.968076
vt 0.158034 0.954587
vt 0.158034 0.929338
vt 0.144311 0.931372
vt 0.144311 0.952553
vt 0.134645 0.931372
vt 0.134645 0.952553
vt 0.665012 0.995157
vt 0.677204 0.995157
vt 0.677204 0.94293
vt 0.665012 0.94293
vt 0.653462 0.995157
vt 0.653462 0.94293
vt 0.645343 0.995157
vt 0.645343 0.94293
vt 0.967613 0.615237
vt 0.984048 0.615237
vt 0.984048 0.568276
vt 0.967613 0.568276
vt 0.995712 0.610783
vt 0.995712 0.57273
vt 0.053496 0.89649
vt 0.053496 0.804925
vt 0.001604 0.804925
vt 0.001604 0.89649
vt 0.528815 0.912782
vt 0.527086 0.897883
vt 0.484343 0.897883
vt 0.482602 0.912782
vt 0.531699 0.786717
vt 0.529738 0.820865
vt 0.481742 0.820865
vt 0.479807 0.786717
vt 0.33438 0.854506
vt 0.339119 0.854506
vt 0.339119 0.807995
vt 0.33438 0.807995
vt 0.230497 0.440692
vt 0.202578 0.434051
vt 0.203751 0.307221
vt 0.976463 0.323476
vt 0.984886 0.323455
vt 0.984886 0.276944
vt 0.976463 0.276965
vt 0.75789 0.013598
vt 0.75789 0.203987
vt 0.833797 0.192003
vt 0.833797 0.001614
vt 0.247922 0.936283
vt 0.250574 0.859266
vt 0.202578 0.859266
vt 0.205179 0.936283
vt 0.77924 0.401669
vt 0.77924 0.591948
vt 0.855125 0.604015
vt 0.855125 0.413737
vt 0.805887 0.392226
vt 0.805887 0.207215
vt 0.75789 0.207215
vt 0.75789 0.392226
vt 0.108779 0.831681
vt 0.108779 0.67463
vt 0.066035 0.67463
vt 0.066035 0.831681
vt 0.160836 0.989912
vt 0.151591 0.979279
vt 0.156214 0.989646
vt 0.160836 0.971304
vt 0.151591 0.973962
vt 0.70279 0.659432
vt 0.707697 0.659552
vt 0.703279 0.6514
vt 0.774607 0.661207
vt 0.794497 0.653613
vt 0.794008 0.661646
vt 0.727587 0.84741
vt 0.794497 0.849066
vt 0.555335 0.787968
vt 0.550918 0.796119
vt 0.622246 0.786312
vt 0.550428 0.788087
vt 0.642135 0.793906
vt 0.641646 0.785873
vt 0.575225 0.600109
vt 0.642135 0.598453
vt 0.164043 0.981937
vt 0.173288 0.971304
vt 0.168666 0.97157
vt 0.173288 0.989912
vt 0.164043 0.987254
vt 0.833457 0.632747
vt 0.829882 0.63067
vt 0.822611 0.637988
vt 0.830796 0.642745
vt 0.827818 0.627071
vt 0.817885 0.62975
vt 0.827818 0.622917
vt 0.817885 0.620238
vt 0.840247 0.642745
vt 0.837585 0.632747
vt 0.848431 0.637988
vt 0.841159 0.63067
vt 0.843223 0.627071
vt 0.853156 0.62975
vt 0.82261 0.612
vt 0.829882 0.619319
vt 0.833456 0.617242
vt 0.830794 0.607244
vt 0.840245 0.607244
vt 0.837584 0.617242
vt 0.841159 0.619319
vt 0.84843 0.612
vt 0.843223 0.622917
vt 0.853155 0.620238
vt 0.685816 0.646973
vt 0.692699 0.646914
vt 0.692699 0.388799
vt 0.688712 0.388834
vt 0.696686 0.388834
vt 0.699582 0.646973
vt 0.96431 0.919542
vt 0.96431 0.914195
vt 0.959685 0.914195
vt 0.959685 0.919542
vt 0.897313 0.001643
vt 0.89063 0.001622
vt 0.890672 0.260053
vt 0.897387 0.260074
vt 0.881501 0.260045
vt 0.8815 0.001614
vt 0.872329 0.260053
vt 0.872371 0.001622
vt 0.865614 0.260074
vt 0.865688 0.001643
vt 0.90279 0.401669
vt 0.90279 0.660101
vt 0.911962 0.660108
vt 0.91192 0.401677
vt 0.918603 0.401698
vt 0.918676 0.660129
vt 0.893661 0.401677
vt 0.893618 0.660108
vt 0.886904 0.660129
vt 0.886978 0.401698
vt 0.814677 0.629855
vt 0.814677 0.620298
vt 0.810256 0.62149
vt 0.810256 0.628662
vt 0.806693 0.634873
vt 0.80993 0.638131
vt 0.801706 0.642909
vt 0.800522 0.638459
vt 0.80993 0.612022
vt 0.806693 0.61528
vt 0.800522 0.611694
vt 0.801706 0.607244
vt 0.793396 0.611694
vt 0.792211 0.607244
vt 0.783988 0.612022
vt 0.787225 0.61528
vt 0.77924 0.620298
vt 0.783662 0.621491
vt 0.783662 0.628662
vt 0.77924 0.629855
vt 0.787225 0.634873
vt 0.783988 0.638131
vt 0.792211 0.642909
vt 0.793396 0.638459
vt 0.272143 0.923712
vt 0.266831 0.923712
vt 0.266831 0.934223
vt 0.272143 0.934223
vt 0.272143 0.918399
vt 0.266831 0.918399
vt 0.994615 0.757926
vt 0.975215 0.757926
vt 0.975215 0.799514
vt 0.994615 0.799514
vt 0.645343 0.847868
vt 0.645343 0.939701
vt 0.686665 0.939701
vt 0.686665 0.847868
vt 0.059013 0.899719
vt 0.051024 0.899719
vt 0.051024 0.941307
vt 0.059013 0.941307
vt 0.130791 0.936315
vt 0.111096 0.936315
vt 0.111096 0.987204
vt 0.130791 0.987204
vt 0.479807 0.589561
vt 0.479807 0.776399
vt 0.537159 0.783489
vt 0.537159 0.596651
vt 0.946103 0.660052
vt 0.955233 0.659973
vt 0.955233 0.401669
vt 0.946061 0.401748
vt 0.964405 0.401748
vt 0.964362 0.660052
vt 0.930677 0.975976
vt 0.930677 0.925088
vt 0.886904 0.925088
vt 0.886904 0.975976
vt 0.913956 0.912537
vt 0.913956 0.921855
vt 0.919268 0.921855
vt 0.919268 0.912537
vt 0.39394 0.910506
vt 0.399253 0.910506
vt 0.399253 0.891898
vt 0.39394 0.891898
vt 0.938134 0.921801
vt 0.947305 0.921782
vt 0.947305 0.663358
vt 0.938176 0.663377
vt 0.956435 0.663377
vt 0.956477 0.921801
vt 0.051024 0.986123
vt 0.059005 0.986123
vt 0.059005 0.944535
vt 0.051024 0.944535
vt 0.247107 0.668169
vt 0.247107 0.855612
vt 0.288429 0.855612
vt 0.288429 0.668169
vt 0.243899 0.856037
vt 0.243899 0.668169
vt 0.202578 0.668169
vt 0.202578 0.856037
vt 0.951672 0.26007
vt 0.954781 0.001626
vt 0.947898 0.001614
vt 0.947685 0.260064
vt 0.943698 0.260064
vt 0.941015 0.001614
vt 0.935976 0.001626
vt 0.940779 0.26007
vt 0.89192 0.921859
vt 0.894839 0.921836
vt 0.891943 0.663372
vt 0.886904 0.663411
vt 0.898826 0.663358
vt 0.898826 0.921828
vt 0.905709 0.663372
vt 0.902813 0.921836
vt 0.905732 0.921859
vt 0.910748 0.663411
vt 0.119083 0.93308
vt 0.118869 0.67463
vt 0.111986 0.674642
vt 0.115095 0.933086
vt 0.125752 0.67463
vt 0.12307 0.93308
vt 0.130791 0.674642
vt 0.125989 0.933086
vt 0.970588 0.975919
vt 0.990284 0.975919
vt 0.990284 0.92503
vt 0.970588 0.92503
vt 0.39394 0.85037
vt 0.398847 0.85037
vt 0.398847 0.808782
vt 0.39394 0.808782
vt 0.994901 0.710642
vt 0.975215 0.710642
vt 0.975215 0.754697
vt 0.994901 0.754697
vt 0.975215 0.707413
vt 0.994911 0.707413
vt 0.994911 0.663358
vt 0.975215 0.663358
vt 0.106203 0.926303
vt 0.06243 0.926303
vt 0.06243 0.977188
vt 0.106203 0.977188
vt 0.349093 0.919063
vt 0.34452 0.914461
vt 0.34452 0.981809
vt 0.349093 0.977206
vt 0.385841 0.981809
vt 0.381267 0.977206
vt 0.385841 0.914461
vt 0.381267 0.919063
vt 0.30907 0.990498
vt 0.30907 0.932355
vt 0.276896 0.932355
vt 0.276896 0.990498
vt 0.900594 0.190799
vt 0.900594 0.376365
vt 0.932768 0.376365
vt 0.932768 0.190799
vt 0.900594 0.001614
vt 0.900594 0.18757
vt 0.932768 0.18757
vt 0.932768 0.001614
vt 0.191997 0.653181
vt 0.191997 0.466343
vt 0.134645 0.473433
vt 0.134645 0.660271
vt 0.609929 0.085566
vt 0.596984 0.024145
vt 0.593161 0.183241
vt 0.609989 0.180484
vt 0.61 0.193943
vt 0.589797 0.204078
vt 0.586776 0.188755
vt 0.610123 0.078167
vt 0.612284 0.021198
vt 0.563718 0.083722
vt 0.566366 0.068537
vt 0.566592 0.054582
vt 0.559899 0.090589
vt 0.559668 0.183243
vt 0.561843 0.188478
vt 0.588449 0.238436
vt 0.588403 0.252748
vt 0.588528 0.277434
vt 0.610183 0.378452
vt 0.587774 0.359126
vt 0.587877 0.383738
vt 0.598401 0.385557
vt 0.611281 0.385258
vt 0.627901 0.374395
vt 0.628096 0.384984
vt 0.627733 0.191297
vt 0.62783 0.178068
vt 0.627781 0.084581
vt 0.62767 0.07706
vt 0.627799 0.01773
vt 0.616974 0.001713
vt 0.628096 0.001614
vt 0.60596 0.001813
vt 0.578968 0.002111
vt 0.57008 0.032414
vt 0.460906 0.008506
vt 0.438992 0.109736
vt 0.46086 0.193013
vt 0.438178 0.028045
vt 0.438886 0.134422
vt 0.438943 0.148733
vt 0.440314 0.183091
vt 0.438263 0.003434
vt 0.448771 0.001614
vt 0.461787 0.001846
vt 0.478493 0.00218
vt 0.478464 0.195733
vt 0.46086 0.206471
vt 0.478187 0.209158
vt 0.460871 0.301388
vt 0.443101 0.203975
vt 0.436593 0.198719
vt 0.403422 0.202583
vt 0.406443 0.199559
vt 0.403871 0.298454
vt 0.407949 0.305739
vt 0.446938 0.363624
vt 0.46107 0.308787
vt 0.462792 0.366732
vt 0.410484 0.319656
vt 0.410743 0.333552
vt 0.414571 0.357696
vt 0.424875 0.385431
vt 0.455107 0.385482
vt 0.424843 0.389966
vt 0.466698 0.390057
vt 0.466729 0.385522
vt 0.478486 0.309968
vt 0.478493 0.369909
vt 0.478207 0.302644
vt 0.478204 0.385627
vt 0.478172 0.390163
vt 0.821183 0.835287
vt 0.799297 0.806965
vt 0.797705 0.835375
vt 0.8431 0.806965
vt 0.844657 0.835375
vt 0.821184 0.839812
vt 0.844658 0.839899
vt 0.843104 0.782611
vt 0.799301 0.782611
vt 0.843103 0.768724
vt 0.7993 0.768724
vt 0.843106 0.754664
vt 0.799303 0.754664
vt 0.843112 0.747121
vt 0.799309 0.747121
vt 0.843101 0.6514
vt 0.799298 0.6514
vt 0.797706 0.839899
vt 0.681519 0.008728
vt 0.669877 0.001614
vt 0.659368 0.003427
vt 0.682739 0.001921
vt 0.661315 0.183086
vt 0.681367 0.193235
vt 0.699276 0.012795
vt 0.699139 0.195891
vt 0.681359 0.206693
vt 0.699301 0.209119
vt 0.681315 0.30161
vt 0.664553 0.203927
vt 0.658301 0.198407
vt 0.631304 0.203901
vt 0.633589 0.198666
vt 0.631548 0.296554
vt 0.635364 0.303423
vt 0.668397 0.363023
vt 0.681509 0.30901
vt 0.683676 0.365979
vt 0.638012 0.31861
vt 0.63824 0.332565
vt 0.641723 0.354735
vt 0.699095 0.310126
vt 0.699234 0.369456
vt 0.699268 0.302604
vt 0.677509 0.385343
vt 0.688473 0.385465
vt 0.650563 0.385044
vt 0.699582 0.385571
vt 0.4817 0.189143
vt 0.51456 0.193027
vt 0.521077 0.187776
vt 0.484726 0.19217
vt 0.482151 0.093271
vt 0.486234 0.085989
vt 0.518285 0.208658
vt 0.524918 0.028128
vt 0.488773 0.072074
vt 0.489032 0.058178
vt 0.492866 0.034037
vt 0.538813 0.090374
vt 0.538802 0.185292
vt 0.539012 0.082975
vt 0.540737 0.02503
vt 0.503144 0.006309
vt 0.533207 0.006261
vt 0.503112 0.001773
vt 0.544783 0.00171
vt 0.544815 0.006246
vt 0.556453 0.081807
vt 0.55646 0.021866
vt 0.556306 0.00615
vt 0.556278 0.089134
vt 0.556257 0.18262
vt 0.556431 0.196044
vt 0.538803 0.19875
vt 0.538849 0.38326
vt 0.55646 0.389599
vt 0.539731 0.389921
vt 0.526754 0.390144
vt 0.516232 0.388316
vt 0.556274 0.001614
vt 0.878318 0.957414
vt 0.873614 0.921769
vt 0.873614 0.948972
vt 0.878318 0.913331
vt 0.881406 0.913367
vt 0.881406 0.95745
vt 0.848339 0.956367
vt 0.849062 0.97174
vt 0.848339 0.914373
vt 0.849062 0.899019
vt 0.331173 0.67276
vt 0.323202 0.670831
vt 0.299653 0.670831
vt 0.291636 0.67276
vt 0.323202 0.668169
vt 0.299653 0.668169
vt 0.293283 0.70322
vt 0.329532 0.70322
vt 0.329405 0.725465
vt 0.29341 0.725465
vt 0.293415 0.739427
vt 0.329399 0.739427
vt 0.329473 0.754676
vt 0.293342 0.754676
vt 0.329477 0.761629
vt 0.293337 0.761629
vt 0.329394 0.8543
vt 0.29342 0.8543
vt 0.297892 0.85936
vt 0.324922 0.85936
vt 0.196145 0.96519
vt 0.196145 0.917422
vt 0.186964 0.943132
vt 0.187186 0.954221
vt 0.187508 0.965413
vt 0.188119 0.915849
vt 0.842087 0.006487
vt 0.853774 0.006289
vt 0.842015 0.001952
vt 0.862364 0.001614
vt 0.862407 0.004275
vt 0.852098 0.022498
vt 0.837005 0.022134
vt 0.837959 0.082076
vt 0.853042 0.081833
vt 0.842179 0.089458
vt 0.85565 0.08924
vt 0.857138 0.182729
vt 0.843667 0.182946
vt 0.854861 0.196071
vt 0.839778 0.196315
vt 0.857775 0.379171
vt 0.842859 0.389872
vt 0.862407 0.389556
vt 0.87511 0.785251
vt 0.883654 0.789924
vt 0.883696 0.787263
vt 0.863351 0.789589
vt 0.863423 0.785054
vt 0.873426 0.769042
vt 0.858333 0.769408
vt 0.859281 0.709466
vt 0.874364 0.709707
vt 0.863499 0.702084
vt 0.876971 0.702299
vt 0.864978 0.608595
vt 0.87845 0.608811
vt 0.876171 0.595468
vt 0.861088 0.595227
vt 0.879066 0.412369
vt 0.864148 0.401669
vt 0.883696 0.401983
vt 0.27805 0.919484
vt 0.283702 0.907684
vt 0.276896 0.895856
vt 0.283702 0.883983
vt 0.27805 0.872229
vt 0.30902 0.908398
vt 0.319351 0.929126
vt 0.320044 0.908702
vt 0.319351 0.862588
vt 0.331173 0.883025
vt 0.330853 0.862588
vt 0.330853 0.929126
vt 0.331173 0.908642
vt 0.973249 0.379108
vt 0.957989 0.379106
vt 0.957994 0.3942
vt 0.973256 0.394459
vt 0.973252 0.344723
vt 0.957992 0.344721
vt 0.957992 0.330433
vt 0.973252 0.330435
vt 0.957992 0.305801
vt 0.973253 0.305803
vt 0.973255 0.224211
vt 0.957995 0.224209
vt 0.973256 0.199652
vt 0.957995 0.19965
vt 0.978481 0.223252
vt 0.976463 0.240095
vt 0.996012 0.240095
vt 0.996005 0.223252
vt 0.993745 0.210284
vt 0.978474 0.210284
vt 0.993765 0.19965
vt 0.978494 0.19965
vt 0.977216 0.843188
vt 0.992476 0.843195
vt 0.9925 0.83256
vt 0.977241 0.832553
vt 0.97724 0.819586
vt 0.994765 0.819594
vt 0.994765 0.802751
vt 0.975215 0.802742
vt 0.957989 0.18107
vt 0.957995 0.196421
vt 0.973266 0.196166
vt 0.973261 0.181072
vt 0.973266 0.001616
vt 0.957994 0.001614
vt 0.741672 0.955002
vt 0.750144 0.955226
vt 0.750064 0.944131
vt 0.741387 0.943903
vt 0.750346 0.980708
vt 0.74232 0.982276
vt 0.741709 0.932711
vt 0.750346 0.932939
vt 0.195205 0.51013
vt 0.195205 0.557823
vt 0.197849 0.557828
vt 0.197849 0.510135
vt 0.197852 0.586431
vt 0.195207 0.586438
vt 0.195205 0.597487
vt 0.197849 0.59748
vt 0.195213 0.608666
vt 0.197858 0.608659
vt 0.195213 0.561064
vt 0.197858 0.561056
vt 0.699582 0.002205
vt 0.108778 0.923075
vt 0.108779 0.834909
vt 0.06243 0.850162
vt 0.06243 0.923075
vt 0.959685 0.861888
vt 0.959685 0.910967
vt 0.992599 0.910967
vt 0.992599 0.861888
vt 0.967613 0.5184
vt 0.967613 0.565048
vt 0.998396 0.565048
vt 0.998396 0.5184
vt 0.797705 0.931294
vt 0.844054 0.931294
vt 0.844054 0.858381
vt 0.797705 0.843128
vt 0.642095 0.890736
vt 0.609181 0.890736
vt 0.610246 0.963641
vt 0.64103 0.963641
vt 0.642095 0.887507
vt 0.64103 0.799348
vt 0.610246 0.799348
vt 0.609181 0.887507

usemtl _Plain
usemap _Plain
f 1/1/1 2/2/2 3/3/3
f 3/3/3 2/2/2 4/4/4
f 1/1/1 5/5/5 2/2/2
f 6/6/6 5/5/5 1/1/1
f 7/7/7 6/6/6 1/1/1
f 7/7/7 1/1/1 8/8/8
f 6/6/6 9/9/9 5/5/5
f 6/6/6 10/10/10 9/9/9
f 11/11/11 10/10/10 6/6/6
f 9/9/9 10/10/10 12/12/12
f 2/2/2 5/5/5 13/13/13
f 2/2/2 13/13/13 14/14/14
f 12/12/12 15/15/15 9/9/9
f 12/12/12 16/16/16 15/15/15
f 1/1/1 17/17/17 8/8/8
f 3/3/3 4/4/4 18/18/18
f 3/3/3 18/18/18 19/19/19
f 20/20/20 6/6/6 7/7/7
f 20/20/20 7/7/7 21/21/21
f 11/11/11 22/22/22 10/10/10
f 11/11/11 23/23/23 22/22/22
f 1/1/1 24/24/24 17/17/17
f 25/25/25 26/26/26 27/27/27
f 27/27/27 26/26/26 28/28/28
f 28/28/28 26/26/26 29/29/29
f 26/26/26 25/25/25 30/30/30
f 30/30/30 25/25/25 31/31/31
f 26/26/26 30/30/30 32/32/32
f 33/33/33 26/26/26 32/32/32
f 34/34/34 26/26/26 33/33/33
f 26/26/26 34/34/34 35/35/35
f 32/32/32 30/30/30 36/36/36
f 37/37/37 38/38/38 39/39/39
f 37/37/37 39/39/39 40/40/40
f 41/41/41 42/42/42 43/43/43
f 41/41/41 43/43/43 44/44/44
f 45/45/45 46/46/46 47/47/47
f 45/45/45 47/47/47 48/48/48
f 49/49/49 50/50/50 51/51/51
f 49/49/49 51/51/51 52/52/52
f 53/53/53 54/54/54 55/55/55
f 53/53/53 55/55/55 56/56/56
f 57/57/57 58/58/58 59/59/59
f 57/57/57 59/59/59 60/60/60
f 61/61/61 62/62/62 63/63/63
f 61/61/61 63/63/63 64/64/64
f 65/65/65 66/66/66 67/67/67
f 65/65/65 67/67/67 68/68/68
f 69/69/69 70/70/70 71/71/71
f 69/69/69 71/71/71 72/72/72
f 73/73/73 72/72/72 71/71/71
f 73/73/73 71/71/71 74/74/74
f 74/74/74 75/75/75 73/73/73
f 74/74/74 76/76/76 75/75/75
f 75/75/75 76/76/76 77/77/77
f 75/75/75 77/77/77 78/78/78
f 79/79/79 73/73/73 75/75/75
f 79/79/79 75/75/75 80/80/80
f 69/69/69 81/81/81 70/70/70
f 69/69/69 82/82/82 81/81/81
f 83/83/83 78/78/78 77/77/77
f 84/84/84 78/78/78 83/83/83
f 84/84/84 83/83/83 85/85/85
f 83/83/83 77/77/77 86/86/86
f 87/87/87 81/81/81 82/82/82
f 87/87/87 82/82/82 88/88/88
f 87/87/87 88/88/88 89/89/89
f 87/87/87 89/89/89 90/90/90
f 89/89/89 91/91/91 90/90/90
f 89/89/89 92/92/92 91/91/91
f 93/93/93 91/91/91 92/92/92
f 93/93/93 94/94/94 91/91/91
f 95/95/95 94/94/94 93/93/93
f 83/83/83 86/86/86 95/95/95
f 95/95/95 93/93/93 96/96/96
f 83/83/83 95/95/95 96/96/96
f 96/96/96 93/93/93 97/97/97
f 96/96/96 97/97/97 98/98/98
f 92/92/92 89/89/89 99/99/99
f 92/92/92 99/99/99 100/100/100
f 88/88/88 82/82/82 101/101/101
f 88/88/88 101/101/101 102/102/102
f 103/103/103 104/104/104 105/105/105
f 103/103/103 105/105/105 106/106/106
f 107/107/107 108/108/108 109/109/109
f 107/107/107 109/109/109 110/110/110
f 111/111/111 112/112/112 113/113/113
f 111/111/111 113/113/113 114/114/114
f 115/115/115 116/116/116 117/117/117
f 115/115/115 117/117/117 118/118/118
f 119/119/119 120/120/120 121/121/121
f 119/119/119 121/121/121 122/122/122
f 123/123/123 124/124/124 125/125/125
f 123/123/123 125/125/125 126/126/126
f 127/127/127 128/128/128 129/129/129
f 127/127/127 129/129/129 130/130/130
f 131/131/131 132/132/132 133/133/133
f 131/131/131 133/133/133 134/134/134
f 135/135/135 136/136/136 137/137/137
f 135/135/135 137/137/137 138/138/138
f 139/139/139 140/140/140 141/141/141
f 139/139/139 141/141/141 142/142/142
f 143/143/143 144/144/144 145/145/145
f 143/143/143 145/145/145 146/146/146
f 147/147/147 148/148/148 149/149/149
f 147/147/147 149/149/149 150/150/150
f 151/151/151 152/152/152 153/153/153
f 151/151/151 153/153/153 154/154/154
f 155/155/155 156/156/156 157/157/157
f 155/155/155 157/157/157 158/158/158
f 159/159/159 160/160/160 161/161/161
f 159/159/159 161/161/161 162/162/162
f 163/163/163 164/164/164 165/165/165
f 163/163/163 165/165/165 166/166/166
f 167/167/167 168/168/168 169/169/169
f 167/167/167 169/169/169 170/170/170
f 171/171/171 172/172/172 173/173/173
f 171/171/171 173/173/173 174/174/174
f 72/72/72 175/175/175 176/176/176
f 72/72/72 176/176/176 69/69/69
f 177/177/177 178/178/178 179/179/179
f 177/177/177 179/179/179 180/180/180
f 181/181/181 182/182/182 183/183/183
f 181/181/181 183/183/183 184/184/184
f 185/185/185 186/186/186 187/187/187
f 185/185/185 187/187/187 188/188/188
f 189/189/189 190/190/190 191/191/191
f 189/189/189 191/191/191 192/192/192
f 193/193/193 194/194/194 195/195/195
f 193/193/193 195/195/195 196/196/196
f 197/197/197 198/198/198 199/199/199
f 197/197/197 199/199/199 200/200/200
f 201/201/201 202/202/202 203/203/203
f 201/201/201 203/203/203 204/204/204
f 205/205/205 206/206/206 207/207/207
f 205/205/205 207/207/207 208/208/208
f 209/209/209 210/210/210 211/211/211
f 209/209/209 211/211/211 212/212/212
f 213/213/213 214/214/214 215/215/215
f 213/213/213 215/215/215 216/216/216
f 217/217/217 218/218/218 219/219/219
f 217/217/217 220/220/220 218/218/218
f 217/217/217 221/221/221 220/220/220
f 217/217/217 222/222/222 221/221/221
f 223/223/223 221/221/221 222/222/222
f 223/223/223 224/224/224 221/221/221
f 223/223/223 222/222/222 225/225/225
f 223/223/223 225/225/225 226/226/226
f 227/227/227 223/223/223 226/226/226
f 223/223/223 227/227/227 228/228/228
f 224/224/224 223/223/223 228/228/228
f 224/224/224 228/228/228 229/229/229
f 219/219/219 218/218/218 230/230/230
f 219/219/219 230/230/230 231/231/231
f 232/232/232 231/231/231 230/230/230
f 232/232/232 230/230/230 233/233/233
f 234/234/234 232/232/232 233/233/233
f 234/234/234 235/235/235 232/232/232
f 236/236/236 235/235/235 234/234/234
f 235/235/235 236/236/236 237/237/237
f 235/235/235 237/237/237 238/238/238
f 237/237/237 239/239/239 238/238/238
f 237/237/237 240/240/240 239/239/239
f 241/241/241 239/239/239 240/240/240
f 242/242/242 241/241/241 240/240/240
f 243/243/243 239/239/239 241/241/241
f 242/242/242 243/243/243 241/241/241
f 243/243/243 244/244/244 239/239/239
f 245/245/245 244/244/244 243/243/243
f 246/246/246 245/245/245 243/243/243
f 242/242/242 246/246/246 243/243/243
f 246/246/246 247/247/247 245/245/245
f 244/244/244 245/245/245 248/248/248
f 244/244/244 248/248/248 249/249/249
f 250/250/250 248/248/248 245/245/245
f 250/250/250 245/245/245 247/247/247
f 251/251/251 252/252/252 253/253/253
f 251/251/251 254/254/254 252/252/252
f 251/251/251 255/255/255 254/254/254
f 251/251/251 256/256/256 255/255/255
f 254/254/254 257/257/257 252/252/252
f 252/252/252 257/257/257 258/258/258
f 252/252/252 258/258/258 259/259/259
f 254/254/254 260/260/260 257/257/257
f 261/261/261 257/257/257 260/260/260
f 261/261/261 260/260/260 262/262/262
f 261/261/261 262/262/262 263/263/263
f 261/261/261 263/263/263 264/264/264
f 260/260/260 265/265/265 262/262/262
f 260/260/260 266/266/266 265/265/265
f 262/262/262 265/265/265 267/267/267
f 262/262/262 267/267/267 263/263/263
f 264/264/264 268/268/268 261/261/261
f 264/264/264 269/269/269 268/268/268
f 261/261/261 268/268/268 270/270/270
f 261/261/261 270/270/270 257/257/257
f 271/271/271 272/272/272 273/273/273
f 274/274/274 272/272/272 271/271/271
f 275/275/275 272/272/272 274/274/274
f 273/273/273 272/272/272 276/276/276
f 277/277/277 275/275/275 274/274/274
f 275/275/275 277/277/277 278/278/278
f 278/278/278 277/277/277 279/279/279
f 276/276/276 272/272/272 280/280/280
f 281/281/281 282/282/282 283/283/283
f 281/281/281 283/283/283 284/284/284
f 284/284/284 283/283/283 285/285/285
f 283/283/283 282/282/282 286/286/286
f 282/282/282 287/287/287 286/286/286
f 286/286/286 287/287/287 288/288/288
f 289/289/289 282/282/282 281/281/281
f 289/289/289 290/290/290 282/282/282
f 291/291/291 290/290/290 289/289/289
f 291/291/291 289/289/289 292/292/292
f 293/293/293 294/294/294 295/295/295
f 293/293/293 295/295/295 296/296/296
f 297/297/297 293/293/293 296/296/296
f 297/297/297 298/298/298 293/293/293
f 299/299/299 298/298/298 297/297/297
f 299/299/299 297/297/297 300/300/300
f 301/301/301 295/295/295 294/294/294
f 302/302/302 295/295/295 301/301/301
f 303/303/303 295/295/295 302/302/302
f 301/301/301 294/294/294 304/304/304
f 295/295/295 303/303/303 305/305/305
f 295/295/295 305/305/305 296/296/296
f 306/306/306 299/299/299 300/300/300
f 306/306/306 300/300/300 307/307/307
f 308/308/308 306/306/306 307/307/307
f 308/308/308 309/309/309 306/306/306
f 310/310/310 309/309/309 308/308/308
f 310/310/310 308/308/308 311/311/311
f 312/312/312 310/310/310 311/311/311
f 313/313/313 312/312/312 311/311/311
f 313/313/313 311/311/311 314/314/314
f 313/313/313 314/314/314 315/315/315
f 313/313/313 315/315/315 316/316/316
f 315/315/315 317/317/317 316/316/316
f 317/317/317 318/318/318 316/316/316
f 315/315/315 319/319/319 317/317/317
f 319/319/319 318/318/318 317/317/317
f 320/320/320 319/319/319 315/315/315
f 319/319/319 320/320/320 321/321/321
f 321/321/321 322/322/322 319/319/319
f 319/319/319 322/322/322 318/318/318
f 321/321/321 323/323/323 322/322/322
f 321/321/321 324/324/324 323/323/323
f 321/321/321 325/325/325 324/324/324
f 325/325/325 321/321/321 320/320/320
f 325/325/325 320/320/320 326/326/326
f 327/327/327 328/328/328 329/329/329
f 328/328/328 327/327/327 330/330/330
f 330/330/330 327/327/327 331/331/331
f 332/332/332 329/329/329 328/328/328
f 332/332/332 333/333/333 329/329/329
f 333/333/333 332/332/332 334/334/334
f 332/332/332 335/335/335 334/334/334
f 332/332/332 336/336/336 335/335/335
f 335/335/335 336/336/336 337/337/337
f 338/338/338 337/337/337 336/336/336
f 338/338/338 339/339/339 337/337/337
f 339/339/339 338/338/338 340/340/340
f 338/338/338 341/341/341 340/340/340
f 338/338/338 342/342/342 341/341/341
f 341/341/341 342/342/342 343/343/343
f 343/343/343 342/342/342 344/344/344
f 343/343/343 344/344/344 345/345/345
f 346/346/346 347/347/347 348/348/348
f 347/347/347 346/346/346 349/349/349
f 350/350/350 349/349/349 346/346/346
f 350/350/350 351/351/351 349/349/349
f 351/351/351 350/350/350 352/352/352
f 351/351/351 352/352/352 353/353/353
f 354/354/354 355/355/355 356/356/356
f 357/357/357 355/355/355 354/354/354
f 357/357/357 358/358/358 355/355/355
f 357/357/357 359/359/359 358/358/358
f 360/360/360 358/358/358 359/359/359
f 360/360/360 359/359/359 361/361/361
f 362/362/362 363/363/363 364/364/364
f 363/363/363 362/362/362 365/365/365
f 365/365/365 362/362/362 366/366/366
f 364/364/364 363/363/363 367/367/367
f 367/367/367 363/363/363 368/368/368
f 367/367/367 368/368/368 369/369/369
f 369/369/369 368/368/368 370/370/370
f 368/368/368 371/371/371 370/370/370
f 365/365/365 366/366/366 372/372/372
f 373/373/373 371/371/371 368/368/368
f 373/373/373 374/374/374 371/371/371
f 373/373/373 375/375/375 374/374/374
f 376/376/376 375/375/375 373/373/373
f 375/375/375 376/376/376 377/377/377
f 377/377/377 376/376/376 378/378/378
f 379/379/379 378/378/378 376/376/376
f 365/365/365 372/372/372 379/379/379
f 379/379/379 372/372/372 380/380/380
f 379/379/379 380/380/380 381/381/381
f 381/381/381 378/378/378 379/379/379
f 382/382/382 376/376/376 373/373/373
f 382/382/382 383/383/383 376/376/376
f 384/384/384 385/385/385 386/386/386
f 387/387/387 385/385/385 384/384/384
f 388/388/388 387/387/387 384/384/384
f 384/384/384 386/386/386 389/389/389
f 386/386/386 390/390/390 389/389/389
f 390/390/390 391/391/391 389/389/389
f 386/386/386 385/385/385 392/392/392
f 386/386/386 392/392/392 393/393/393
f 394/394/394 387/387/387 388/388/388
f 394/394/394 395/395/395 387/387/387
f 395/395/395 392/392/392 385/385/385
f 395/395/395 385/385/385 387/387/387
f 396/396/396 395/395/395 394/394/394
f 396/396/396 397/397/397 395/395/395
f 397/397/397 392/392/392 395/395/395
f 396/396/396 398/398/398 397/397/397
f 397/397/397 398/398/398 399/399/399
f 397/397/397 399/399/399 400/400/400
f 397/397/397 400/400/400 392/392/392
f 393/393/393 392/392/392 400/400/400
f 396/396/396 401/401/401 398/398/398
f 390/390/390 402/402/402 391/391/391
f 390/390/390 403/403/403 402/402/402
f 403/403/403 404/404/404 402/402/402
f 403/403/403 405/405/405 404/404/404
f 393/393/393 405/405/405 403/403/403
f 406/406/406 404/404/404 405/405/405
f 406/406/406 407/407/407 404/404/404
f 386/386/386 393/393/393 403/403/403
f 386/386/386 403/403/403 390/390/390
f 408/408/408 406/406/406 405/405/405
f 408/408/408 405/405/405 409/409/409
f 409/409/409 400/400/400 399/399/399
f 409/409/409 399/399/399 408/408/408
f 393/393/393 409/409/409 405/405/405
f 393/393/393 400/400/400 409/409/409
f 410/410/410 411/411/411 412/412/412
f 410/410/410 412/412/412 413/413/413
f 410/410/410 414/414/414 411/411/411
f 410/410/410 415/415/415 414/414/414
f 416/416/416 417/417/417 418/418/418
f 418/418/418 417/417/417 419/419/419
f 420/420/420 416/416/416 418/418/418
f 416/416/416 420/420/420 421/421/421
f 421/421/421 420/420/420 422/422/422
f 422/422/422 420/420/420 423/423/423
f 416/416/416 421/421/421 424/424/424
f 416/416/416 424/424/424 425/425/425
f 424/424/424 426/426/426 425/425/425
f 424/424/424 427/427/427 426/426/426
f 428/428/428 429/429/429 430/430/430
f 430/430/430 429/429/429 431/431/431
f 429/429/429 428/428/428 432/432/432
f 429/429/429 432/432/432 433/433/433
f 434/434/434 435/435/435 436/436/436
f 437/437/437 435/435/435 434/434/434
f 438/438/438 435/435/435 437/437/437
f 435/435/435 438/438/438 439/439/439
f 440/440/440 439/439/439 438/438/438
f 441/441/441 439/439/439 440/440/440
f 441/441/441 442/442/442 439/439/439
f 439/439/439 442/442/442 443/443/443
f 436/436/436 435/435/435 444/444/444
f 436/436/436 444/444/444 445/445/445
f 446/446/446 447/447/447 448/448/448
f 449/449/449 446/446/446 448/448/448
f 447/447/447 446/446/446 450/450/450
f 447/447/447 450/450/450 451/451/451
f 446/446/446 452/452/452 450/450/450
f 446/446/446 453/453/453 452/452/452
f 454/454/454 455/455/455 456/456/456
f 457/457/457 454/454/454 456/456/456
f 456/456/456 455/455/455 458/458/458
f 457/457/457 459/459/459 454/454/454
f 457/457/457 460/460/460 459/459/459
f 461/461/461 459/459/459 460/460/460
f 461/461/461 462/462/462 459/459/459
f 456/456/456 463/463/463 457/457/457
f 456/456/456 464/464/464 463/463/463
f 465/465/465 466/466/466 467/467/467
f 468/468/468 467/467/467 466/466/466
f 469/469/469 466/466/466 465/465/465
f 470/470/470 466/466/466 469/469/469
f 466/466/466 470/470/470 471/471/471
f 472/472/472 471/471/471 470/470/470
f 473/473/473 471/471/471 472/472/472
f 471/471/471 473/473/473 474/474/474
f 475/475/475 471/471/471 474/474/474
f 475/475/475 474/474/474 476/476/476
f 477/477/477 478/478/478 479/479/479
f 480/480/480 479/479/479 478/478/478
f 478/478/478 477/477/477 481/481/481
f 481/481/481 477/477/477 482/482/482
f 481/481/481 482/482/482 483/483/483
f 484/484/484 483/483/483 482/482/482
f 484/484/484 482/482/482 485/485/485
f 486/486/486 478/478/478 481/481/481
f 486/486/486 487/487/487 478/478/478
f 488/488/488 489/489/489 490/490/490
f 491/491/491 489/489/489 488/488/488
f 492/492/492 489/489/489 491/491/491
f 493/493/493 492/492/492 491/491/491
f 494/494/494 492/492/492 493/493/493
f 495/495/495 492/492/492 494/494/494
f 492/492/492 495/495/495 496/496/496
f 488/488/488 490/490/490 497/497/497
f 498/498/498 499/499/499 500/500/500
f 501/501/501 500/500/500 499/499/499
f 499/499/499 498/498/498 502/502/502
f 500/500/500 501/501/501 503/503/503
f 501/501/501 504/504/504 503/503/503
f 502/502/502 498/498/498 505/505/505
f 502/502/502 505/505/505 506/506/506
f 506/506/506 505/505/505 507/507/507
f 508/508/508 506/506/506 507/507/507
f 506/506/506 508/508/508 509/509/509
f 506/506/506 509/509/509 510/510/510
f 501/501/501 511/511/511 504/504/504
f 501/501/501 512/512/512 511/511/511
f 513/513/513 514/514/514 515/515/515
f 516/516/516 514/514/514 513/513/513
f 517/517/517 514/514/514 516/516/516
f 517/517/517 516/516/516 518/518/518
f 516/516/516 519/519/519 518/518/518
f 516/516/516 520/520/520 519/519/519
f 518/518/518 521/521/521 517/517/517
f 518/518/518 522/522/522 521/521/521
f 519/519/519 522/522/522 518/518/518
f 516/516/516 523/523/523 520/520/520
f 516/516/516 524/524/524 523/523/523
f 513/513/513 524/524/524 516/516/516
f 525/525/525 514/514/514 517/517/517
f 525/525/525 526/526/526 514/514/514
f 526/526/526 525/525/525 527/527/527
f 526/526/526 527/527/527 528/528/528
f 526/526/526 528/528/528 529/529/529
f 519/519/519 530/530/530 522/522/522
f 513/513/513 531/531/531 524/524/524
f 532/532/532 533/533/533 534/534/534
f 532/532/532 535/535/535 533/533/533
f 536/536/536 535/535/535 532/532/532
f 537/537/537 536/536/536 532/532/532
f 537/537/537 532/532/532 538/538/538
f 538/538/538 539/539/539 537/537/537
f 538/538/538 540/540/540 539/539/539
f 540/540/540 538/538/538 541/541/541
f 536/536/536 542/542/542 535/535/535
f 535/535/535 542/542/542 543/543/543
f 535/535/535 543/543/543 544/544/544
f 545/545/545 546/546/546 547/547/547
f 545/545/545 548/548/548 546/546/546
f 549/549/549 546/546/546 548/548/548
f 546/546/546 549/549/549 550/550/550
f 546/546/546 550/550/550 551/551/551
f 550/550/550 549/549/549 552/552/552
f 550/550/550 552/552/552 553/553/553
f 549/549/549 548/548/548 554/554/554
f 554/554/554 548/548/548 555/555/555
f 554/554/554 555/555/555 556/556/556
f 555/555/555 557/557/557 556/556/556
f 555/555/555 558/558/558 557/557/557
f 559/559/559 560/560/560 561/561/561
f 559/559/559 561/561/561 562/562/562
f 559/559/559 562/562/562 563/563/563
f 564/564/564 560/560/560 559/559/559
f 565/565/565 560/560/560 564/564/564
f 561/561/561 560/560/560 566/566/566
f 561/561/561 566/566/566 567/567/567
f 567/567/567 566/566/566 568/568/568
f 569/569/569 570/570/570 571/571/571
f 569/569/569 571/571/571 572/572/572
f 572/572/572 571/571/571 573/573/573
f 572/572/572 573/573/573 574/574/574
f 575/575/575 570/570/570 569/569/569
f 575/575/575 576/576/576 570/570/570
f 575/575/575 577/577/577 576/576/576
f 575/575/575 578/578/578 577/577/577
f 579/579/579 580/580/580 581/581/581
f 579/579/579 581/581/581 582/582/582
f 583/583/583 584/584/584 585/585/585
f 583/583/583 585/585/585 586/586/586
f 584/584/584 587/587/587 585/585/585
f 584/584/584 588/588/588 587/587/587
f 587/587/587 588/588/588 589/589/589
f 587/587/587 589/589/589 590/590/590
f 591/591/591 590/590/590 589/589/589
f 591/591/591 592/592/592 590/590/590
f 593/593/593 594/594/594 595/595/595
f 593/593/593 595/595/595 596/596/596
f 596/596/596 595/595/595 597/597/597
f 596/596/596 597/597/597 598/598/598
f 599/599/599 598/598/598 597/597/597
f 599/599/599 600/600/600 598/598/598
f 599/599/599 601/601/601 600/600/600
f 599/599/599 602/602/602 601/601/601
f 602/602/602 603/603/603 601/601/601
f 602/602/602 604/604/604 603/603/603
f 605/605/605 606/606/606 607/607/607
f 605/605/605 607/607/607 608/608/608
f 609/609/609 610/610/610 611/611/611
f 609/609/609 611/611/611 612/612/612
f 610/610/610 613/613/613 611/611/611
f 610/610/610 614/614/614 613/613/613
f 615/615/615 616/616/616 617/617/617
f 615/615/615 617/617/617 618/618/618
f 619/619/619 617/617/617 616/616/616
f 619/619/619 616/616/616 620/620/620
f 621/621/621 619/619/619 620/620/620
f 621/621/621 620/620/620 622/622/622
f 623/623/623 624/624/624 625/625/625
f 623/623/623 625/625/625 626/626/626
f 627/627/627 628/628/628 629/629/629
f 627/627/627 629/629/629 630/630/630
f 631/631/631 632/632/632 633/633/633
f 631/631/631 633/633/633 634/634/634
f 635/635/635 636/636/636 637/637/637
f 635/635/635 637/637/637 638/638/638
f 636/636/636 639/639/639 637/637/637
f 636/636/636 640/640/640 639/639/639
f 640/640/640 641/641/641 639/639/639
f 640/640/640 642/642/642 641/641/641
f 642/642/642 643/643/643 641/641/641
f 642/642/642 644/644/644 643/643/643
f 645/645/645 646/646/646 647/647/647
f 645/645/645 647/647/647 648/648/648
f 649/649/649 650/650/650 651/651/651
f 652/652/652 653/653/653 654/654/654
f 655/655/655 656/656/656 657/657/657
f 655/655/655 657/657/657 658/658/658
f 659/659/659 660/660/660 661/661/661
f 659/659/659 661/661/661 662/662/662
f 663/663/663 664/664/664 665/665/665
f 663/663/663 665/665/665 666/666/666
f 384/384/384 664/664/664 663/663/663
f 384/384/384 389/389/389 664/664/664
f 667/667/667 668/668/668 669/669/669
f 667/667/667 669/669/669 670/670/670
f 670/670/670 671/671/671 667/667/667
f 670/670/670 672/672/672 671/671/671
f 667/667/667 671/671/671 673/673/673
f 667/667/667 673/673/673 674/674/674
f 675/675/675 674/674/674 673/673/673
f 675/675/675 673/673/673 676/676/676
f 675/675/675 676/676/676 677/677/677
f 675/675/675 677/677/677 678/678/678
f 678/678/678 677/677/677 679/679/679
f 678/678/678 679/679/679 680/680/680
f 678/678/678 680/680/680 681/681/681
f 678/678/678 681/681/681 682/682/682
f 683/683/683 684/684/684 685/685/685
f 683/683/683 685/685/685 686/686/686
f 687/687/687 688/688/688 689/689/689
f 687/687/687 689/689/689 690/690/690
f 691/691/691 692/692/692 693/693/693
f 691/691/691 693/693/693 694/694/694
f 695/695/695 696/696/696 697/697/697
f 695/695/695 697/697/697 698/698/698
f 699/699/699 700/700/700 701/701/701
f 699/699/699 701/701/701 702/702/702
f 703/703/703 704/704/704 705/705/705
f 703/703/703 705/705/705 706/706/706
f 704/704/704 707/707/707 705/705/705
f 704/704/704 708/708/708 707/707/707
f 709/709/709 706/706/706 705/705/705
f 709/709/709 705/705/705 710/710/710
f 710/710/710 705/705/705 707/707/707
f 709/709/709 710/710/710 711/711/711
f 709/709/709 711/711/711 712/712/712
f 710/710/710 707/707/707 713/713/713
f 710/710/710 713/713/713 714/714/714
f 710/710/710 714/714/714 711/711/711
f 715/715/715 716/716/716 717/717/717
f 715/715/715 717/717/717 718/718/718
f 719/719/719 720/720/720 721/721/721
f 719/719/719 721/721/721 722/722/722
f 723/723/723 724/724/724 725/725/725
f 723/723/723 725/725/725 726/726/726
f 723/723/723 727/727/727 724/724/724
f 723/723/723 728/728/728 727/727/727
f 725/725/725 729/729/729 726/726/726
f 725/725/725 730/730/730 729/729/729
f 730/730/730 725/725/725 731/731/731
f 730/730/730 731/731/731 732/732/732
f 724/724/724 727/727/727 733/733/733
f 724/724/724 733/733/733 734/734/734
f 735/735/735 732/732/732 731/731/731
f 735/735/735 731/731/731 736/736/736
f 735/735/735 736/736/736 737/737/737
f 735/735/735 737/737/737 738/738/738
f 739/739/739 738/738/738 737/737/737
f 737/737/737 740/740/740 739/739/739
f 737/737/737 741/741/741 740/740/740
f 739/739/739 742/742/742 738/738/738
f 741/741/741 743/743/743 740/740/740
f 741/741/741 744/744/744 743/743/743
f 745/745/745 744/744/744 741/741/741
f 745/745/745 734/734/734 733/733/733
f 745/745/745 746/746/746 744/744/744
f 745/745/745 733/733/733 746/746/746
f 747/747/747 748/748/748 749/749/749
f 747/747/747 749/749/749 750/750/750
f 748/748/748 751/751/751 749/749/749
f 748/748/748 752/752/752 751/751/751
f 751/751/751 752/752/752 753/753/753
f 751/751/751 753/753/753 754/754/754
f 754/754/754 753/753/753 755/755/755
f 754/754/754 755/755/755 756/756/756
f 757/757/757 758/758/758 759/759/759
f 757/757/757 759/759/759 760/760/760
f 761/761/761 762/762/762 763/763/763
f 761/761/761 763/763/763 764/764/764
f 765/765/765 766/766/766 767/767/767
f 765/765/765 767/767/767 768/768/768
f 769/769/769 770/770/770 771/771/771
f 769/769/769 771/771/771 772/772/772
f 770/770/770 769/769/769 773/773/773
f 770/770/770 773/773/773 774/774/774
f 775/775/775 774/774/774 773/773/773
f 775/775/775 773/773/773 776/776/776
f 775/775/775 776/776/776 777/777/777
f 775/775/775 777/777/777 778/778/778
f 779/779/779 778/778/778 777/777/777
f 779/779/779 780/780/780 778/778/778
f 781/781/781 782/782/782 783/783/783
f 781/781/781 783/783/783 784/784/784
f 785/785/785 786/786/786 787/787/787
f 785/785/785 787/787/787 788/788/788
f 789/789/789 790/790/790 791/791/791
f 789/789/789 791/791/791 792/792/792
f 790/790/790 789/789/789 793/793/793
f 794/794/794 793/793/793 789/789/789
f 794/794/794 789/789/789 792/792/792
f 794/794/794 795/795/795 793/793/793
f 790/790/790 793/793/793 796/796/796
f 794/794/794 792/792/792 797/797/797
f 798/798/798 797/797/797 792/792/792
f 798/798/798 792/792/792 799/799/799
f 799/799/799 792/792/792 791/791/791
f 798/798/798 799/799/799 800/800/800
f 798/798/798 800/800/800 801/801/801
f 801/801/801 800/800/800 802/802/802
f 803/803/803 802/802/802 800/800/800
f 799/799/799 803/803/803 800/800/800
f 803/803/803 804/804/804 802/802/802
f 801/801/801 802/802/802 805/805/805
f 799/799/799 806/806/806 803/803/803
f 799/799/799 791/791/791 806/806/806
f 807/807/807 808/808/808 809/809/809
f 807/807/807 809/809/809 810/810/810
f 811/811/811 812/812/812 813/813/813
f 811/811/811 813/813/813 814/814/814
f 815/815/815 816/816/816 817/817/817
f 815/815/815 817/817/817 818/818/818
f 815/815/815 819/819/819 816/816/816
f 815/815/815 820/820/820 819/819/819
f 821/821/821 820/820/820 815/815/815
f 821/821/821 815/815/815 818/818/818
f 821/821/821 822/822/822 820/820/820
f 821/821/821 818/818/818 823/823/823
f 824/824/824 818/818/818 817/817/817
f 824/824/824 817/817/817 825/825/825
f 824/824/824 825/825/825 826/826/826
f 824/824/824 826/826/826 827/827/827
f 827/827/827 826/826/826 828/828/828
f 827/827/827 828/828/828 829/829/829
f 830/830/830 827/827/827 829/829/829
f 830/830/830 829/829/829 831/831/831
f 832/832/832 824/824/824 827/827/827
f 832/832/832 827/827/827 830/830/830
f 832/832/832 823/823/823 818/818/818
f 832/832/832 818/818/818 824/824/824
f 833/833/833 834/834/834 835/835/835
f 833/833/833 835/835/835 836/836/836
f 837/837/837 838/838/838 839/839/839
f 837/837/837 839/839/839 840/840/840
f 841/841/841 842/842/842 843/843/843
f 841/841/841 843/843/843 844/844/844
f 844/844/844 843/843/843 845/845/845
f 844/844/844 845/845/845 846/846/846
f 847/847/847 842/842/842 841/841/841
f 847/847/847 848/848/848 842/842/842
f 849/849/849 850/850/850 851/851/851
f 849/849/849 851/851/851 852/852/852
f 853/853/853 854/854/854 855/855/855
f 853/853/853 855/855/855 856/856/856
f 854/854/854 857/857/857 855/855/855
f 854/854/854 858/858/858 857/857/857
f 859/859/859 856/856/856 855/855/855
f 859/859/859 855/855/855 860/860/860
f 860/860/860 855/855/855 857/857/857
f 859/859/859 860/860/860 861/861/861
f 859/859/859 861/861/861 862/862/862
f 860/860/860 857/857/857 863/863/863
f 860/860/860 863/863/863 864/864/864
f 860/860/860 864/864/864 861/861/861
f 865/865/865 866/866/866 867/867/867
f 867/867/867 868/868/868 865/865/865
f 868/868/868 869/869/869 865/865/865
f 868/868/868 870/870/870 869/869/869
f 870/870/870 871/871/871 869/869/869
f 870/870/870 872/872/872 871/871/871
f 872/872/872 873/873/873 871/871/871
f 872/872/872 874/874/874 873/873/873
f 874/874/874 875/875/875 873/873/873
f 874/874/874 876/876/876 875/875/875
f 876/876/876 877/877/877 875/875/875
f 876/876/876 878/878/878 877/877/877
f 878/878/878 879/879/879 877/877/877
f 878/878/878 880/880/880 879/879/879
f 881/881/881 882/882/882 883/883/883
f 881/881/881 883/883/883 884/884/884
f 885/885/885 882/882/882 881/881/881
f 886/886/886 882/882/882 885/885/885
f 886/886/886 885/885/885 887/887/887
f 887/887/887 885/885/885 888/888/888
f 887/887/887 888/888/888 889/889/889
f 889/889/889 888/888/888 890/890/890
f 889/889/889 890/890/890 891/891/891
f 892/892/892 882/882/882 886/886/886
f 892/892/892 893/893/893 882/882/882
f 890/890/890 888/888/888 894/894/894
f 890/890/890 894/894/894 895/895/895
f 888/888/888 885/885/885 896/896/896
f 888/888/888 896/896/896 894/894/894
f 885/885/885 881/881/881 896/896/896
f 884/884/884 883/883/883 897/897/897
f 884/884/884 897/897/897 898/898/898
f 897/897/897 899/899/899 898/898/898
f 897/897/897 900/900/900 899/899/899
f 898/898/898 899/899/899 901/901/901
f 898/898/898 901/901/901 902/902/902
f 884/884/884 898/898/898 902/902/902
f 884/884/884 902/902/902 903/903/903
f 904/904/904 905/905/905 906/906/906
f 904/904/904 906/906/906 907/907/907
f 908/908/908 905/905/905 904/904/904
f 908/908/908 909/909/909 905/905/905
f 910/910/910 909/909/909 908/908/908
f 910/910/910 911/911/911 909/909/909
f 907/907/907 906/906/906 912/912/912
f 907/907/907 912/912/912 913/913/913
f 914/914/914 915/915/915 916/916/916
f 914/914/914 916/916/916 917/917/917
f 917/917/917 916/916/916 918/918/918
f 917/917/917 918/918/918 919/919/919
f 919/919/919 918/918/918 920/920/920
f 919/919/919 920/920/920 921/921/921
f 921/921/921 920/920/920 922/922/922
f 921/921/921 922/922/922 923/923/923
f 918/918/918 916/916/916 924/924/924
f 918/918/918 924/924/924 925/925/925
f 920/920/920 918/918/918 925/925/925
f 916/916/916 915/915/915 926/926/926
f 916/916/916 926/926/926 924/924/924
f 922/922/922 920/920/920 927/927/927
f 920/920/920 925/925/925 927/927/927
f 922/922/922 927/927/927 928/928/928
f 929/929/929 930/930/930 931/931/931
f 929/929/929 931/931/931 932/932/932
f 933/933/933 930/930/930 929/929/929
f 933/933/933 934/934/934 930/930/930
f 932/932/932 931/931/931 935/935/935
f 932/932/932 935/935/935 936/936/936
f 936/936/936 935/935/935 937/937/937
f 936/936/936 937/937/937 938/938/938
f 935/935/935 931/931/931 939/939/939
f 935/935/935 939/939/939 940/940/940
f 937/937/937 935/935/935 940/940/940
f 931/931/931 930/930/930 941/941/941
f 931/931/931 941/941/941 939/939/939
f 930/930/930 934/934/934 942/942/942
f 930/930/930 942/942/942 941/941/941
f 937/937/937 940/940/940 943/943/943
f 937/937/937 943/943/943 944/944/944
f 937/937/937 944/944/944 945/945/945
f 946/946/946 947/947/947 948/948/948
f 948/948/948 949/949/949 946/946/946
f 948/948/948 950/950/950 949/949/949
f 950/950/950 951/951/951 949/949/949
f 950/950/950 952/952/952 951/951/951
f 952/952/952 953/953/953 951/951/951
f 952/952/952 954/954/954 953/953/953
f 954/954/954 955/955/955 953/953/953
f 954/954/954 956/956/956 955/955/955
f 956/956/956 957/957/957 955/955/955
f 956/956/956 958/958/958 957/957/957
f 958/958/958 959/959/959 957/957/957
f 958/958/958 960/960/960 959/959/959
f 960/960/960 961/961/961 959/959/959
f 955/955/955 957/957/957 962/962/962
f 955/955/955 962/962/962 963/963/963
f 953/953/953 955/955/955 963/963/963
f 949/949/949 951/951/951 964/964/964
f 949/949/949 964/964/964 965/965/965
f 957/957/957 959/959/959 966/966/966
f 957/957/957 966/966/966 962/962/962
f 953/953/953 963/963/963 967/967/967
f 951/951/951 953/953/953 967/967/967
f 951/951/951 967/967/967 964/964/964
f 968/968/968 969/969/969 970/970/970
f 968/968/968 970/970/970 971/971/971
f 969/969/969 972/972/972 970/970/970
f 970/970/970 972/972/972 973/973/973
f 970/970/970 973/973/973 974/974/974
f 971/971/971 970/970/970 974/974/974
f 969/969/969 975/975/975 972/972/972
f 975/975/975 976/976/976 972/972/972
f 975/975/975 977/977/977 976/976/976
f 977/977/977 978/978/978 976/976/976
f 977/977/977 979/979/979 978/978/978
f 979/979/979 980/980/980 978/978/978
f 979/979/979 981/981/981 980/980/980
f 978/978/978 980/980/980 982/982/982
f 978/978/978 982/982/982 983/983/983
f 976/976/976 978/978/978 983/983/983
f 976/976/976 983/983/983 984/984/984
f 972/972/972 976/976/976 984/984/984
f 972/972/972 984/984/984 973/973/973
f 971/971/971 974/974/974 985/985/985
f 982/982/982 980/980/980 986/986/986
f 982/982/982 986/986/986 987/987/987
f 988/988/988 989/989/989 990/990/990
f 988/988/988 990/990/990 991/991/991
f 992/992/992 989/989/989 988/988/988
f 993/993/993 992/992/992 988/988/988
f 993/993/993 988/988/988 994/994/994
f 994/994/994 988/988/988 991/991/991
f 995/995/995 993/993/993 994/994/994
f 995/995/995 994/994/994 996/996/996
f 992/992/992 997/997/997 989/989/989
f 997/997/997 998/998/998 989/989/989
f 997/997/997 999/999/999 998/998/998
f 996/996/996 994/994/994 1000/1000/1000
f 994/994/994 991/991/991 1000/1000/1000
f 996/996/996 1000/1000/1000 1001/1001/1001
f 989/989/989 998/998/998 1002/1002/1002
f 989/989/989 1002/1002/1002 990/990/990
f 1003/1003/1003 1004/1004/1004 1005/1005/1005
f 1003/1003/1003 1005/1005/1005 1006/1006/1006
f 1007/1007/1007 1003/1003/1003 1006/1006/1006
f 1007/1007/1007 1006/1006/1006 1008/1008/1008
f 1009/1009/1009 1007/1007/1007 1008/1008/1008
f 1009/1009/1009 1008/1008/1008 1010/1010/1010
f 1011/1011/1011 1009/1009/1009 1010/1010/1010
f 1011/1011/1011 1010/1010/1010 1012/1012/1012
f 1011/1011/1011 1012/1012/1012 1013/1013/1013
f 1011/1011/1011 1013/1013/1013 1014/1014/1014
f 1015/1015/1015 1011/1011/1011 1014/1014/1014
f 1015/1015/1015 1014/1014/1014 1016/1016/1016
f 1017/1017/1017 1018/1018/1018 1019/1019/1019
f 1017/1017/1017 1019/1019/1019 1020/1020/1020
f 1018/1018/1018 1021/1021/1021 1019/1019/1019
f 1018/1018/1018 1022/1022/1022 1021/1021/1021
f 1023/1023/1023 1017/1017/1017 1020/1020/1020
f 1023/1023/1023 1020/1020/1020 1024/1024/1024
f 1025/1025/1025 1023/1023/1023 1024/1024/1024
f 1025/1025/1025 1024/1024/1024 1026/1026/1026
f 1027/1027/1027 1025/1025/1025 1026/1026/1026
f 1027/1027/1027 1026/1026/1026 1028/1028/1028
f 1027/1027/1027 1028/1028/1028 1029/1029/1029
f 1027/1027/1027 1029/1029/1029 1030/1030/1030
f 1031/1031/1031 1032/1032/1032 1033/1033/1033
f 1031/1031/1031 1033/1033/1033 1034/1034/1034
f 1035/1035/1035 1034/1034/1034 1033/1033/1033
f 1035/1035/1035 1036/1036/1036 1034/1034/1034
f 1034/1034/1034 1036/1036/1036 1037/1037/1037
f 1034/1034/1034 1037/1037/1037 1038/1038/1038
f 1039/1039/1039 1031/1031/1031 1034/1034/1034
f 1039/1039/1039 1034/1034/1034 1038/1038/1038
f 1040/1040/1040 1041/1041/1041 1042/1042/1042
f 1040/1040/1040 1042/1042/1042 1043/1043/1043
f 1044/1044/1044 1045/1045/1045 1046/1046/1046
f 1046/1046/1046 1047/1047/1047 1044/1044/1044
f 1046/1046/1046 1048/1048/1048 1047/1047/1047
f 1048/1048/1048 1049/1049/1049 1047/1047/1047
f 1048/1048/1048 1050/1050/1050 1049/1049/1049
f 1050/1050/1050 1051/1051/1051 1049/1049/1049
f 1050/1050/1050 1052/1052/1052 1051/1051/1051
f 1052/1052/1052 1053/1053/1053 1051/1051/1051
f 1052/1052/1052 1054/1054/1054 1053/1053/1053
f 1054/1054/1054 1055/1055/1055 1053/1053/1053
f 1054/1054/1054 1056/1056/1056 1055/1055/1055
f 1056/1056/1056 1057/1057/1057 1055/1055/1055
f 1056/1056/1056 1058/1058/1058 1057/1057/1057
f 1058/1058/1058 1059/1059/1059 1057/1057/1057
f 1060/1060/1060 1061/1061/1061 1062/1062/1062
f 1060/1060/1060 1062/1062/1062 1063/1063/1063
f 1064/1064/1064 1060/1060/1060 1063/1063/1063
f 1065/1065/1065 1064/1064/1064 1063/1063/1063
f 1065/1065/1065 1066/1066/1066 1064/1064/1064
f 1066/1066/1066 1067/1067/1067 1064/1064/1064
f 1066/1066/1066 1068/1068/1068 1067/1067/1067
f 1068/1068/1068 1069/1069/1069 1067/1067/1067
f 1068/1068/1068 1070/1070/1070 1069/1069/1069
f 1071/1071/1071 1065/1065/1065 1063/1063/1063
f 1071/1071/1071 1063/1063/1063 1072/1072/1072
f 1069/1069/1069 1073/1073/1073 1067/1067/1067
f 1069/1069/1069 1074/1074/1074 1073/1073/1073
f 1067/1067/1067 1073/1073/1073 1075/1075/1075
f 1067/1067/1067 1075/1075/1075 1064/1064/1064
f 1064/1064/1064 1075/1075/1075 1060/1060/1060
f 1061/1061/1061 1076/1076/1076 1062/1062/1062
f 1061/1061/1061 1077/1077/1077 1076/1076/1076
f 1076/1076/1076 1077/1077/1077 1078/1078/1078
f 1076/1076/1076 1078/1078/1078 1079/1079/1079
f 1077/1077/1077 1080/1080/1080 1078/1078/1078
f 1077/1077/1077 1081/1081/1081 1080/1080/1080
f 1061/1061/1061 1081/1081/1081 1077/1077/1077
f 1061/1061/1061 1082/1082/1082 1081/1081/1081
f 1083/1083/1083 1084/1084/1084 1085/1085/1085
f 1083/1083/1083 1085/1085/1085 1086/1086/1086
f 1087/1087/1087 1083/1083/1083 1086/1086/1086
f 1087/1087/1087 1086/1086/1086 1088/1088/1088
f 1089/1089/1089 1087/1087/1087 1088/1088/1088
f 1089/1089/1089 1088/1088/1088 1090/1090/1090
f 1084/1084/1084 1091/1091/1091 1085/1085/1085
f 1084/1084/1084 1092/1092/1092 1091/1091/1091
f 1093/1093/1093 1094/1094/1094 1095/1095/1095
f 1093/1093/1093 1095/1095/1095 1096/1096/1096
f 1094/1094/1094 1097/1097/1097 1095/1095/1095
f 1094/1094/1094 1098/1098/1098 1097/1097/1097
f 1098/1098/1098 1099/1099/1099 1097/1097/1097
f 1098/1098/1098 1100/1100/1100 1099/1099/1099
f 1100/1100/1100 1101/1101/1101 1099/1099/1099
f 1100/1100/1100 1102/1102/1102 1101/1101/1101
f 1097/1097/1097 1103/1103/1103 1095/1095/1095
f 1097/1097/1097 1104/1104/1104 1103/1103/1103
f 1099/1099/1099 1104/1104/1104 1097/1097/1097
f 1095/1095/1095 1103/1103/1103 1105/1105/1105
f 1095/1095/1095 1105/1105/1105 1096/1096/1096
f 1101/1101/1101 1106/1106/1106 1099/1099/1099
f 1099/1099/1099 1106/1106/1106 1104/1104/1104
f 1101/1101/1101 1107/1107/1107 1106/1106/1106
f 1108/1108/1108 1109/1109/1109 1110/1110/1110
f 1108/1108/1108 1110/1110/1110 1111/1111/1111
f 1112/1112/1112 1108/1108/1108 1111/1111/1111
f 1112/1112/1112 1111/1111/1111 1113/1113/1113
f 1109/1109/1109 1114/1114/1114 1110/1110/1110
f 1109/1109/1109 1115/1115/1115 1114/1114/1114
f 1115/1115/1115 1116/1116/1116 1114/1114/1114
f 1115/1115/1115 1117/1117/1117 1116/1116/1116
f 1114/1114/1114 1118/1118/1118 1110/1110/1110
f 1114/1114/1114 1119/1119/1119 1118/1118/1118
f 1116/1116/1116 1119/1119/1119 1114/1114/1114
f 1110/1110/1110 1118/1118/1118 1120/1120/1120
f 1110/1110/1110 1120/1120/1120 1111/1111/1111
f 1111/1111/1111 1120/1120/1120 1121/1121/1121
f 1111/1111/1111 1121/1121/1121 1113/1113/1113
f 1116/1116/1116 1122/1122/1122 1119/1119/1119
f 1116/1116/1116 1123/1123/1123 1122/1122/1122
f 1116/1116/1116 1124/1124/1124 1123/1123/1123
f 1125/1125/1125 1126/1126/1126 1127/1127/1127
f 1127/1127/1127 1128/1128/1128 1125/1125/1125
f 1128/1128/1128 1129/1129/1129 1125/1125/1125
f 1128/1128/1128 1130/1130/1130 1129/1129/1129
f 1130/1130/1130 1131/1131/1131 1129/1129/1129
f 1130/1130/1130 1132/1132/1132 1131/1131/1131
f 1132/1132/1132 1133/1133/1133 1131/1131/1131
f 1132/1132/1132 1134/1134/1134 1133/1133/1133
f 1134/1134/1134 1135/1135/1135 1133/1133/1133
f 1134/1134/1134 1136/1136/1136 1135/1135/1135
f 1136/1136/1136 1137/1137/1137 1135/1135/1135
f 1136/1136/1136 1138/1138/1138 1137/1137/1137
f 1138/1138/1138 1139/1139/1139 1137/1137/1137
f 1138/1138/1138 1140/1140/1140 1139/1139/1139
f 1134/1134/1134 1141/1141/1141 1136/1136/1136
f 1134/1134/1134 1142/1142/1142 1141/1141/1141
f 1132/1132/1132 1142/1142/1142 1134/1134/1134
f 1128/1128/1128 1143/1143/1143 1130/1130/1130
f 1128/1128/1128 1144/1144/1144 1143/1143/1143
f 1136/1136/1136 1141/1141/1141 1145/1145/1145
f 1136/1136/1136 1145/1145/1145 1138/1138/1138
f 1132/1132/1132 1146/1146/1146 1142/1142/1142
f 1130/1130/1130 1143/1143/1143 1146/1146/1146
f 1130/1130/1130 1146/1146/1146 1132/1132/1132
f 1147/1147/1147 1148/1148/1148 1149/1149/1149
f 1147/1147/1147 1149/1149/1149 1150/1150/1150
f 1150/1150/1150 1149/1149/1149 1151/1151/1151
f 1149/1149/1149 1152/1152/1152 1151/1151/1151
f 1149/1149/1149 1153/1153/1153 1152/1152/1152
f 1148/1148/1148 1153/1153/1153 1149/1149/1149
f 1150/1150/1150 1151/1151/1151 1154/1154/1154
f 1154/1154/1154 1151/1151/1151 1155/1155/1155
f 1154/1154/1154 1155/1155/1155 1156/1156/1156
f 1156/1156/1156 1155/1155/1155 1157/1157/1157
f 1156/1156/1156 1157/1157/1157 1158/1158/1158
f 1158/1158/1158 1157/1157/1157 1159/1159/1159
f 1158/1158/1158 1159/1159/1159 1160/1160/1160
f 1157/1157/1157 1161/1161/1161 1159/1159/1159
f 1157/1157/1157 1162/1162/1162 1161/1161/1161
f 1155/1155/1155 1162/1162/1162 1157/1157/1157
f 1155/1155/1155 1163/1163/1163 1162/1162/1162
f 1151/1151/1151 1152/1152/1152 1163/1163/1163
f 1151/1151/1151 1163/1163/1163 1155/1155/1155
f 1148/1148/1148 1164/1164/1164 1153/1153/1153
f 1161/1161/1161 1165/1165/1165 1159/1159/1159
f 1161/1161/1161 1166/1166/1166 1165/1165/1165
f 1167/1167/1167 1168/1168/1168 1169/1169/1169
f 1167/1167/1167 1169/1169/1169 1170/1170/1170
f 1171/1171/1171 1167/1167/1167 1170/1170/1170
f 1172/1172/1172 1167/1167/1167 1171/1171/1171
f 1172/1172/1172 1173/1173/1173 1167/1167/1167
f 1173/1173/1173 1168/1168/1168 1167/1167/1167
f 1174/1174/1174 1173/1173/1173 1172/1172/1172
f 1174/1174/1174 1175/1175/1175 1173/1173/1173
f 1171/1171/1171 1170/1170/1170 1176/1176/1176
f 1176/1176/1176 1170/1170/1170 1177/1177/1177
f 1176/1176/1176 1177/1177/1177 1178/1178/1178
f 1175/1175/1175 1179/1179/1179 1173/1173/1173
f 1173/1173/1173 1179/1179/1179 1168/1168/1168
f 1175/1175/1175 1180/1180/1180 1179/1179/1179
f 1170/1170/1170 1169/1169/1169 1181/1181/1181
f 1170/1170/1170 1181/1181/1181 1177/1177/1177
f 1182/1182/1182 1183/1183/1183 1184/1184/1184
f 1182/1182/1182 1184/1184/1184 1185/1185/1185
f 1186/1186/1186 1183/1183/1183 1182/1182/1182
f 1186/1186/1186 1187/1187/1187 1183/1183/1183
f 1188/1188/1188 1187/1187/1187 1186/1186/1186
f 1188/1188/1188 1189/1189/1189 1187/1187/1187
f 1190/1190/1190 1189/1189/1189 1188/1188/1188
f 1190/1190/1190 1191/1191/1191 1189/1189/1189
f 1190/1190/1190 1192/1192/1192 1191/1191/1191
f 1190/1190/1190 1193/1193/1193 1192/1192/1192
f 1194/1194/1194 1193/1193/1193 1190/1190/1190
f 1194/1194/1194 1195/1195/1195 1193/1193/1193
f 1196/1196/1196 1197/1197/1197 1198/1198/1198
f 1196/1196/1196 1198/1198/1198 1199/1199/1199
f 1199/1199/1199 1198/1198/1198 1200/1200/1200
f 1199/1199/1199 1200/1200/1200 1201/1201/1201
f 1202/1202/1202 1197/1197/1197 1196/1196/1196
f 1202/1202/1202 1203/1203/1203 1197/1197/1197
f 1204/1204/1204 1203/1203/1203 1202/1202/1202
f 1204/1204/1204 1205/1205/1205 1203/1203/1203
f 1206/1206/1206 1205/1205/1205 1204/1204/1204
f 1206/1206/1206 1207/1207/1207 1205/1205/1205
f 1206/1206/1206 1208/1208/1208 1207/1207/1207
f 1206/1206/1206 1209/1209/1209 1208/1208/1208
f 1210/1210/1210 1211/1211/1211 1212/1212/1212
f 1210/1210/1210 1212/1212/1212 1213/1213/1213
f 1214/1214/1214 1212/1212/1212 1211/1211/1211
f 1214/1214/1214 1211/1211/1211 1215/1215/1215
f 1211/1211/1211 1216/1216/1216 1215/1215/1215
f 1211/1211/1211 1217/1217/1217 1216/1216/1216
f 1218/1218/1218 1217/1217/1217 1211/1211/1211
f 1218/1218/1218 1211/1211/1211 1210/1210/1210
f 1219/1219/1219 1220/1220/1220 1221/1221/1221
f 1219/1219/1219 1221/1221/1221 1222/1222/1222
f 1223/1223/1223 1224/1224/1224 1225/1225/1225
f 1223/1223/1223 1225/1225/1225 1226/1226/1226
f 1227/1227/1227 1224/1224/1224 1223/1223/1223
f 1228/1228/1228 1224/1224/1224 1227/1227/1227
f 1228/1228/1228 1229/1229/1229 1224/1224/1224
f 1230/1230/1230 1226/1226/1226 1225/1225/1225
f 1230/1230/1230 1231/1231/1231 1226/1226/1226
f 1230/1230/1230 1232/1232/1232 1231/1231/1231
f 1230/1230/1230 1233/1233/1233 1232/1232/1232
f 1234/1234/1234 1232/1232/1232 1233/1233/1233
f 1234/1234/1234 1233/1233/1233 1235/1235/1235
f 1224/1224/1224 1229/1229/1229 1236/1236/1236
f 1224/1224/1224 1236/1236/1236 1237/1237/1237
f 1235/1235/1235 1238/1238/1238 1234/1234/1234
f 1235/1235/1235 1239/1239/1239 1238/1238/1238
f 1240/1240/1240 1238/1238/1238 1239/1239/1239
f 1240/1240/1240 1241/1241/1241 1238/1238/1238
f 1242/1242/1242 1240/1240/1240 1239/1239/1239
f 1242/1242/1242 1239/1239/1239 1243/1243/1243
f 1244/1244/1244 1229/1229/1229 1228/1228/1228
f 1245/1245/1245 1242/1242/1242 1243/1243/1243
f 1245/1245/1245 1246/1246/1246 1242/1242/1242
f 1245/1245/1245 1247/1247/1247 1246/1246/1246
f 1246/1246/1246 1247/1247/1247 1248/1248/1248
f 1247/1247/1247 1249/1249/1249 1248/1248/1248
f 1250/1250/1250 1249/1249/1249 1247/1247/1247
f 1249/1249/1249 1250/1250/1250 1251/1251/1251
f 1252/1252/1252 1251/1251/1251 1250/1250/1250
f 1253/1253/1253 1251/1251/1251 1252/1252/1252
f 1254/1254/1254 1250/1250/1250 1247/1247/1247
f 1250/1250/1250 1254/1254/1254 1255/1255/1255
f 1250/1250/1250 1255/1255/1255 1256/1256/1256
f 1256/1256/1256 1255/1255/1255 1237/1237/1237
f 1237/1237/1237 1257/1257/1257 1256/1256/1256
f 1258/1258/1258 1256/1256/1256 1257/1257/1257
f 1259/1259/1259 1256/1256/1256 1258/1258/1258
f 1259/1259/1259 1258/1258/1258 1260/1260/1260
f 1260/1260/1260 1261/1261/1261 1259/1259/1259
f 1260/1260/1260 1262/1262/1262 1261/1261/1261
f 1262/1262/1262 1263/1263/1263 1261/1261/1261
f 1262/1262/1262 1264/1264/1264 1263/1263/1263
f 1265/1265/1265 1263/1263/1263 1264/1264/1264
f 1265/1265/1265 1264/1264/1264 1266/1266/1266
f 1237/1237/1237 1236/1236/1236 1257/1257/1257
f 1267/1267/1267 1268/1268/1268 1269/1269/1269
f 1268/1268/1268 1267/1267/1267 1270/1270/1270
f 1269/1269/1269 1268/1268/1268 1271/1271/1271
f 1268/1268/1268 1270/1270/1270 1272/1272/1272
f 1272/1272/1272 1270/1270/1270 1273/1273/1273
f 1274/1274/1274 1267/1267/1267 1269/1269/1269
f 1269/1269/1269 1275/1275/1275 1274/1274/1274
f 1276/1276/1276 1275/1275/1275 1269/1269/1269
f 1276/1276/1276 1277/1277/1277 1275/1275/1275
f 1276/1276/1276 1278/1278/1278 1277/1277/1277
f 1279/1279/1279 1271/1271/1271 1268/1268/1268
f 1279/1279/1279 1268/1268/1268 1280/1280/1280
f 1280/1280/1280 1281/1281/1281 1279/1279/1279
f 1282/1282/1282 1281/1281/1281 1280/1280/1280
f 1280/1280/1280 1283/1283/1283 1282/1282/1282
f 1284/1284/1284 1283/1283/1283 1280/1280/1280
f 1283/1283/1283 1284/1284/1284 1285/1285/1285
f 1285/1285/1285 1284/1284/1284 1286/1286/1286
f 1285/1285/1285 1286/1286/1286 1287/1287/1287
f 1288/1288/1288 1287/1287/1287 1286/1286/1286
f 1288/1288/1288 1289/1289/1289 1287/1287/1287
f 1289/1289/1289 1288/1288/1288 1290/1290/1290
f 1289/1289/1289 1290/1290/1290 1291/1291/1291
f 1282/1282/1282 1292/1292/1292 1281/1281/1281
f 1292/1292/1292 1293/1293/1293 1281/1281/1281
f 1292/1292/1292 1294/1294/1294 1293/1293/1293
f 1293/1293/1293 1294/1294/1294 1295/1295/1295
f 1293/1293/1293 1295/1295/1295 1296/1296/1296
f 1293/1293/1293 1296/1296/1296 1297/1297/1297
f 1298/1298/1298 1293/1293/1293 1297/1297/1297
f 1298/1298/1298 1297/1297/1297 1299/1299/1299
f 1294/1294/1294 1300/1300/1300 1295/1295/1295
f 1294/1294/1294 1301/1301/1301 1300/1300/1300
f 1302/1302/1302 1298/1298/1298 1299/1299/1299
f 1302/1302/1302 1299/1299/1299 1303/1303/1303
f 1304/1304/1304 1302/1302/1302 1303/1303/1303
f 1304/1304/1304 1305/1305/1305 1302/1302/1302
f 1306/1306/1306 1305/1305/1305 1304/1304/1304
f 1306/1306/1306 1307/1307/1307 1305/1305/1305
f 1308/1308/1308 1307/1307/1307 1306/1306/1306
f 1308/1308/1308 1309/1309/1309 1307/1307/1307
f 1310/1310/1310 1309/1309/1309 1308/1308/1308
f 1310/1310/1310 1308/1308/1308 1311/1311/1311
f 1300/1300/1300 1301/1301/1301 1312/1312/1312
f 1300/1300/1300 1312/1312/1312 1313/1313/1313
f 1277/1277/1277 1309/1309/1309 1310/1310/1310
f 1277/1277/1277 1278/1278/1278 1309/1309/1309
f 1314/1314/1314 1315/1315/1315 1316/1316/1316
f 1316/1316/1316 1315/1315/1315 1317/1317/1317
f 1316/1316/1316 1318/1318/1318 1314/1314/1314
f 1314/1314/1314 1318/1318/1318 1319/1319/1319
f 1320/1320/1320 1315/1315/1315 1314/1314/1314
f 1320/1320/1320 1321/1321/1321 1315/1315/1315
f 1321/1321/1321 1320/1320/1320 1322/1322/1322
f 1321/1321/1321 1322/1322/1322 1323/1323/1323
f 1324/1324/1324 1323/1323/1323 1322/1322/1322
f 1324/1324/1324 1322/1322/1322 1325/1325/1325
f 1326/1326/1326 1327/1327/1327 1328/1328/1328
f 1327/1327/1327 1326/1326/1326 1329/1329/1329
f 1330/1330/1330 1329/1329/1329 1326/1326/1326
f 1329/1329/1329 1330/1330/1330 1331/1331/1331
f 1332/1332/1332 1327/1327/1327 1329/1329/1329
f 1332/1332/1332 1329/1329/1329 1333/1333/1333
f 1333/1333/1333 1334/1334/1334 1332/1332/1332
f 1333/1333/1333 1335/1335/1335 1334/1334/1334
f 1335/1335/1335 1336/1336/1336 1334/1334/1334
f 1335/1335/1335 1337/1337/1337 1336/1336/1336
f 1337/1337/1337 1338/1338/1338 1336/1336/1336
f 1337/1337/1337 1339/1339/1339 1338/1338/1338
f 1340/1340/1340 1338/1338/1338 1339/1339/1339
f 1340/1340/1340 1341/1341/1341 1338/1338/1338
f 1342/1342/1342 1343/1343/1343 1344/1344/1344
f 1342/1342/1342 1344/1344/1344 1345/1345/1345
f 1343/1343/1343 1346/1346/1346 1344/1344/1344
f 1343/1343/1343 1347/1347/1347 1346/1346/1346
f 1348/1348/1348 1349/1349/1349 1350/1350/1350
f 1348/1348/1348 1350/1350/1350 1351/1351/1351
f 1349/1349/1349 1352/1352/1352 1350/1350/1350
f 1349/1349/1349 1353/1353/1353 1352/1352/1352
f 1354/1354/1354 1352/1352/1352 1353/1353/1353
f 1354/1354/1354 1353/1353/1353 1355/1355/1355
f 1356/1356/1356 1357/1357/1357 1358/1358/1358
f 1356/1356/1356 1358/1358/1358 1359/1359/1359
f 1359/1359/1359 1358/1358/1358 1360/1360/1360
f 1359/1359/1359 1360/1360/1360 1361/1361/1361
f 1361/1361/1361 1360/1360/1360 1362/1362/1362
f 1361/1361/1361 1362/1362/1362 1363/1363/1363
f 1364/1364/1364 1365/1365/1365 1366/1366/1366
f 1364/1364/1364 1366/1366/1366 1367/1367/1367
f 1368/1368/1368 1369/1369/1369 1370/1370/1370
f 1368/1368/1368 1370/1370/1370 1371/1371/1371
f 1372/1372/1372 1370/1370/1370 1369/1369/1369
f 1372/1372/1372 1369/1369/1369 1373/1373/1373
f 1373/1373/1373 1374/1374/1374 1372/1372/1372
f 1373/1373/1373 1375/1375/1375 1374/1374/1374
f 1376/1376/1376 1368/1368/1368 1371/1371/1371
f 1376/1376/1376 1371/1371/1371 1377/1377/1377
f 1378/1378/1378 1379/1379/1379 1380/1380/1380
f 1378/1378/1378 1380/1380/1380 1381/1381/1381
f 1382/1382/1382 1378/1378/1378 1381/1381/1381
f 1382/1382/1382 1381/1381/1381 1383/1383/1383
f 1379/1379/1379 1384/1384/1384 1380/1380/1380
f 1379/1379/1379 1385/1385/1385 1384/1384/1384
f 1386/1386/1386 1384/1384/1384 1385/1385/1385
f 1386/1386/1386 1387/1387/1387 1384/1384/1384
f 1388/1388/1388 1387/1387/1387 1386/1386/1386
f 1388/1388/1388 1389/1389/1389 1387/1387/1387
f 1388/1388/1388 1390/1390/1390 1389/1389/1389
f 1388/1388/1388 1391/1391/1391 1390/1390/1390
f 1392/1392/1392 1393/1393/1393 1394/1394/1394
f 1392/1392/1392 1394/1394/1394 1395/1395/1395
f 1396/1396/1396 1395/1395/1395 1394/1394/1394
f 1396/1396/1396 1397/1397/1397 1395/1395/1395
f 1396/1396/1396 1398/1398/1398 1397/1397/1397
f 1396/1396/1396 1399/1399/1399 1398/1398/1398
f 1400/1400/1400 1401/1401/1401 1402/1402/1402
f 1400/1400/1400 1402/1402/1402 1403/1403/1403
f 1404/1404/1404 1405/1405/1405 1406/1406/1406
f 1404/1404/1404 1406/1406/1406 1407/1407/1407
f 1408/1408/1408 1406/1406/1406 1405/1405/1405
f 1408/1408/1408 1405/1405/1405 1409/1409/1409
f 1410/1410/1410 1404/1404/1404 1407/1407/1407
f 1410/1410/1410 1411/1411/1411 1404/1404/1404
f 1412/1412/1412 1413/1413/1413 1414/1414/1414
f 1412/1412/1412 1414/1414/1414 1415/1415/1415
f 1416/1416/1416 1414/1414/1414 1413/1413/1413
f 1416/1416/1416 1413/1413/1413 1417/1417/1417
f 1418/1418/1418 1416/1416/1416 1417/1417/1417
f 1418/1418/1418 1419/1419/1419 1416/1416/1416
f 1420/1420/1420 1419/1419/1419 1418/1418/1418
f 1420/1420/1420 1421/1421/1421 1419/1419/1419
f 1422/1422/1422 1423/1423/1423 1424/1424/1424
f 1422/1422/1422 1424/1424/1424 1425/1425/1425
f 1426/1426/1426 1422/1422/1422 1425/1425/1425
f 1426/1426/1426 1425/1425/1425 1427/1427/1427
f 1428/1428/1428 1426/1426/1426 1427/1427/1427
f 1428/1428/1428 1427/1427/1427 1429/1429/1429
f 1430/1430/1430 1431/1431/1431 1432/1432/1432
f 1430/1430/1430 1432/1432/1432 1433/1433/1433
f 1434/1434/1434 1432/1432/1432 1431/1431/1431
f 1434/1434/1434 1435/1435/1435 1432/1432/1432
f 1436/1436/1436 1437/1437/1437 1438/1438/1438
f 1436/1436/1436 1438/1438/1438 1439/1439/1439
f 1440/1440/1440 1441/1441/1441 1442/1442/1442
f 1440/1440/1440 1442/1442/1442 1443/1443/1443
f 1444/1444/1444 1441/1441/1441 1440/1440/1440
f 1444/1444/1444 1445/1445/1445 1441/1441/1441
f 1443/1443/1443 1442/1442/1442 1446/1446/1446
f 1443/1443/1443 1446/1446/1446 1447/1447/1447
f 1447/1447/1447 1446/1446/1446 1445/1445/1445
f 1447/1447/1447 1445/1445/1445 1444/1444/1444
f 1448/1448/1448 1449/1449/1449 1450/1450/1450
f 1448/1448/1448 1450/1450/1450 1451/1451/1451
f 1244/1244/1244 1452/1452/1452 1229/1229/1229
f 1453/1453/1453 1452/1452/1452 1244/1244/1244
f 1453/1453/1453 1244/1244/1244 1454/1454/1454
f 1455/1455/1455 1456/1456/1456 1457/1457/1457
f 1455/1455/1455 1457/1457/1457 1458/1458/1458
f 1459/1459/1459 1460/1460/1460 1461/1461/1461
f 1459/1459/1459 1461/1461/1461 1462/1462/1462
f 1463/1463/1463 1464/1464/1464 1465/1465/1465
f 1463/1463/1463 1465/1465/1465 1466/1466/1466
f 1467/1467/1467 1468/1468/1468 1469/1469/1469
f 1467/1467/1467 1469/1469/1469 1470/1470/1470
f 1471/1471/1471 1472/1472/1472 1473/1473/1473
f 1471/1471/1471 1473/1473/1473 1474/1474/1474
f 1475/1475/1475 1476/1476/1476 1477/1477/1477
f 1475/1475/1475 1477/1477/1477 1478/1478/1478
f 1479/1479/1479 1480/1480/1480 1481/1481/1481
f 1482/1482/1482 1480/1480/1480 1479/1479/1479
f 1483/1483/1483 1480/1480/1480 1482/1482/1482
f 1484/1484/1484 1485/1485/1485 1486/1486/1486
f 1485/1485/1485 1487/1487/1487 1486/1486/1486
f 1486/1486/1486 1487/1487/1487 1488/1488/1488
f 1488/1488/1488 1487/1487/1487 1489/1489/1489
f 1487/1487/1487 1485/1485/1485 1490/1490/1490
f 1487/1487/1487 1490/1490/1490 1491/1491/1491
f 1492/1492/1492 1493/1493/1493 1494/1494/1494
f 1493/1493/1493 1492/1492/1492 1495/1495/1495
f 1494/1494/1494 1493/1493/1493 1496/1496/1496
f 1494/1494/1494 1496/1496/1496 1497/1497/1497
f 1494/1494/1494 1498/1498/1498 1492/1492/1492
f 1494/1494/1494 1499/1499/1499 1498/1498/1498
f 1500/1500/1500 1501/1501/1501 1502/1502/1502
f 1501/1501/1501 1500/1500/1500 1503/1503/1503
f 1503/1503/1503 1500/1500/1500 1504/1504/1504
f 1505/1505/1505 1506/1506/1506 1507/1507/1507
f 1505/1505/1505 1507/1507/1507 1508/1508/1508
f 1509/1509/1509 1507/1507/1507 1506/1506/1506
f 1509/1509/1509 1510/1510/1510 1507/1507/1507
f 1511/1511/1511 1510/1510/1510 1509/1509/1509
f 1511/1511/1511 1512/1512/1512 1510/1510/1510
f 1513/1513/1513 1505/1505/1505 1508/1508/1508
f 1513/1513/1513 1514/1514/1514 1505/1505/1505
f 1515/1515/1515 1514/1514/1514 1513/1513/1513
f 1515/1515/1515 1516/1516/1516 1514/1514/1514
f 1515/1515/1515 1517/1517/1517 1516/1516/1516
f 1515/1515/1515 1518/1518/1518 1517/1517/1517
f 1519/1519/1519 1512/1512/1512 1511/1511/1511
f 1519/1519/1519 1511/1511/1511 1520/1520/1520
f 1519/1519/1519 1520/1520/1520 1521/1521/1521
f 1519/1519/1519 1521/1521/1521 1522/1522/1522
f 1523/1523/1523 1522/1522/1522 1521/1521/1521
f 1523/1523/1523 1521/1521/1521 1524/1524/1524
f 1523/1523/1523 1524/1524/1524 1525/1525/1525
f 1523/1523/1523 1525/1525/1525 1526/1526/1526
f 1526/1526/1526 1525/1525/1525 1527/1527/1527
f 1518/1518/1518 1527/1527/1527 1517/1517/1517
f 1526/1526/1526 1527/1527/1527 1528/1528/1528
f 1518/1518/1518 1528/1528/1528 1527/1527/1527
f 1529/1529/1529 1530/1530/1530 1531/1531/1531
f 1529/1529/1529 1531/1531/1531 1532/1532/1532
f 1533/1533/1533 1531/1531/1531 1530/1530/1530
f 1533/1533/1533 1530/1530/1530 1534/1534/1534
f 1535/1535/1535 1536/1536/1536 1537/1537/1537
f 1535/1535/1535 1537/1537/1537 1538/1538/1538
f 1539/1539/1539 1540/1540/1540 1541/1541/1541
f 1539/1539/1539 1541/1541/1541 1542/1542/1542
f 1540/1540/1540 1543/1543/1543 1541/1541/1541
f 1540/1540/1540 1544/1544/1544 1543/1543/1543
f 1544/1544/1544 1545/1545/1545 1543/1543/1543
f 1544/1544/1544 1546/1546/1546 1545/1545/1545
f 1546/1546/1546 1547/1547/1547 1545/1545/1545
f 1546/1546/1546 1548/1548/1548 1547/1547/1547
f 1549/1549/1549 1550/1550/1550 1551/1551/1551
f 1549/1549/1549 1551/1551/1551 1552/1552/1552
f 1551/1551/1551 1553/1553/1553 1552/1552/1552
f 1551/1551/1551 1554/1554/1554 1553/1553/1553
f 1555/1555/1555 1550/1550/1550 1549/1549/1549
f 1555/1555/1555 1556/1556/1556 1550/1550/1550
f 1555/1555/1555 1557/1557/1557 1556/1556/1556
f 1555/1555/1555 1558/1558/1558 1557/1557/1557
f 1559/1559/1559 1560/1560/1560 1561/1561/1561
f 1559/1559/1559 1561/1561/1561 1562/1562/1562
f 1559/1559/1559 1562/1562/1562 1563/1563/1563
f 1559/1559/1559 1563/1563/1563 1564/1564/1564
f 1565/1565/1565 1564/1564/1564 1563/1563/1563
f 1565/1565/1565 1563/1563/1563 1566/1566/1566
f 1567/1567/1567 1561/1561/1561 1560/1560/1560
f 1567/1567/1567 1568/1568/1568 1561/1561/1561
f 1569/1569/1569 1568/1568/1568 1567/1567/1567
f 1569/1569/1569 1567/1567/1567 1570/1570/1570
f 1571/1571/1571 1569/1569/1569 1570/1570/1570
f 1571/1571/1571 1570/1570/1570 1572/1572/1572
f 1573/1573/1573 1571/1571/1571 1572/1572/1572
f 1573/1573/1573 1574/1574/1574 1571/1571/1571
f 1575/1575/1575 1574/1574/1574 1573/1573/1573
f 1575/1575/1575 1576/1576/1576 1574/1574/1574
f 1575/1575/1575 1577/1577/1577 1576/1576/1576
f 1575/1575/1575 1578/1578/1578 1577/1577/1577
f 1579/1579/1579 1577/1577/1577 1578/1578/1578
f 1579/1579/1579 1578/1578/1578 1580/1580/1580
f 1581/1581/1581 1579/1579/1579 1580/1580/1580
f 1581/1581/1581 1582/1582/1582 1579/1579/1579
f 1566/1566/1566 1582/1582/1582 1581/1581/1581
f 1566/1566/1566 1581/1581/1581 1565/1565/1565
f 1583/1583/1583 1584/1584/1584 1585/1585/1585
f 1583/1583/1583 1585/1585/1585 1586/1586/1586
f 1587/1587/1587 1584/1584/1584 1583/1583/1583
f 1587/1587/1587 1588/1588/1588 1584/1584/1584
f 1589/1589/1589 1590/1590/1590 1591/1591/1591
f 1589/1589/1589 1591/1591/1591 1592/1592/1592
f 1593/1593/1593 1594/1594/1594 1595/1595/1595
f 1593/1593/1593 1595/1595/1595 1596/1596/1596
f 1597/1597/1597 1598/1598/1598 1599/1599/1599
f 1597/1597/1597 1599/1599/1599 1600/1600/1600
f 1601/1601/1601 1602/1602/1602 1603/1603/1603
f 1601/1601/1601 1603/1603/1603 1604/1604/1604
f 1605/1605/1605 1606/1606/1606 1607/1607/1607
f 1605/1605/1605 1607/1607/1607 1608/1608/1608
f 1609/1609/1609 1610/1610/1610 1611/1611/1611
f 1609/1609/1609 1611/1611/1611 1612/1612/1612
f 1610/1610/1610 1613/1613/1613 1611/1611/1611
f 1610/1610/1610 1614/1614/1614 1613/1613/1613
f 1615/1615/1615 1616/1616/1616 1617/1617/1617
f 1615/1615/1615 1617/1617/1617 1618/1618/1618
f 1619/1619/1619 1620/1620/1620 1621/1621/1621
f 1619/1619/1619 1621/1621/1621 1622/1622/1622
f 1623/1623/1623 1624/1624/1624 1625/1625/1625
f 1623/1623/1623 1625/1625/1625 1626/1626/1626
f 1627/1627/1627 1628/1628/1628 1629/1629/1629
f 1627/1627/1627 1629/1629/1629 1630/1630/1630
f 1631/1631/1631 1629/1629/1629 1628/1628/1628
f 1631/1631/1631 1628/1628/1628 1632/1632/1632
f 1633/1633/1633 1634/1634/1634 1635/1635/1635
f 1633/1633/1633 1635/1635/1635 1636/1636/1636
f 1637/1637/1637 1638/1638/1638 1639/1639/1639
f 1637/1637/1637 1639/1639/1639 1640/1640/1640
f 1641/1641/1641 1642/1642/1642 1643/1643/1643
f 1641/1641/1641 1643/1643/1643 1644/1644/1644
f 1645/1645/1645 1646/1646/1646 1647/1647/1647
f 1645/1645/1645 1647/1647/1647 1648/1648/1648
f 1647/1647/1647 1649/1649/1649 1648/1648/1648
f 1647/1647/1647 1650/1650/1650 1649/1649/1649
f 1649/1649/1649 1650/1650/1650 1651/1651/1651
f 1649/1649/1649 1651/1651/1651 1652/1652/1652
f 1653/1653/1653 1654/1654/1654 1655/1655/1655
f 1653/1653/1653 1655/1655/1655 1656/1656/1656
f 1654/1654/1654 1657/1657/1657 1655/1655/1655
f 1654/1654/1654 1658/1658/1658 1657/1657/1657
f 1658/1658/1658 1659/1659/1659 1657/1657/1657
f 1658/1658/1658 1660/1660/1660 1659/1659/1659
f 1661/1661/1661 1659/1659/1659 1660/1660/1660
f 1661/1661/1661 1662/1662/1662 1659/1659/1659
f 1663/1663/1663 1664/1664/1664 1665/1665/1665
f 1663/1663/1663 1665/1665/1665 1666/1666/1666
f 1663/1663/1663 1667/1667/1667 1664/1664/1664
f 1663/1663/1663 1668/1668/1668 1667/1667/1667
f 1668/1668/1668 1669/1669/1669 1667/1667/1667
f 1668/1668/1668 1670/1670/1670 1669/1669/1669
f 1671/1671/1671 1672/1672/1672 1673/1673/1673
f 1671/1671/1671 1673/1673/1673 1674/1674/1674
f 1675/1675/1675 1676/1676/1676 1677/1677/1677
f 1675/1675/1675 1677/1677/1677 1678/1678/1678
f 1679/1679/1679 1680/1680/1680 1681/1681/1681
f 1679/1679/1679 1681/1681/1681 1682/1682/1682
f 1683/1683/1683 1684/1684/1684 1685/1685/1685
f 1683/1683/1683 1685/1685/1685 1686/1686/1686
f 1687/1687/1687 1688/1688/1688 1689/1689/1689
f 1687/1687/1687 1689/1689/1689 1690/1690/1690
f 1691/1691/1691 1692/1692/1692 1693/1693/1693
f 1691/1691/1691 1693/1693/1693 1694/1694/1694
f 1694/1694/1694 1693/1693/1693 1695/1695/1695
f 1694/1694/1694 1695/1695/1695 1696/1696/1696
f 1696/1696/1696 1695/1695/1695 1697/1697/1697
f 1696/1696/1696 1697/1697/1697 1698/1698/1698
f 1698/1698/1698 1697/1697/1697 1692/1692/1692
f 1698/1698/1698 1692/1692/1692 1691/1691/1691
f 1699/1699/1699 1700/1700/1700 1701/1701/1701
f 1699/1699/1699 1701/1701/1701 1702/1702/1702
f 1703/1703/1703 1704/1704/1704 1705/1705/1705
f 1703/1703/1703 1705/1705/1705 1706/1706/1706
f 1707/1707/1707 1708/1708/1708 1709/1709/1709
f 1707/1707/1707 1709/1709/1709 1710/1710/1710
f 1711/1711/1711 1712/1712/1712 1713/1713/1713
f 1711/1711/1711 1713/1713/1713 1714/1714/1714
f 1715/1715/1715 1716/1716/1716 1717/1717/1717
f 1715/1715/1715 1717/1717/1717 1718/1718/1718
f 1719/1719/1719 1718/1718/1718 1717/1717/1717
f 1719/1719/1719 1717/1717/1717 1720/1720/1720
f 1717/1717/1717 1721/1721/1721 1720/1720/1720
f 1716/1716/1716 1715/1715/1715 1722/1722/1722
f 1716/1716/1716 1722/1722/1722 1723/1723/1723
f 1716/1716/1716 1724/1724/1724 1717/1717/1717
f 1725/1725/1725 1724/1724/1724 1716/1716/1716
f 1726/1726/1726 1725/1725/1725 1716/1716/1716
f 1717/1717/1717 1724/1724/1724 1727/1727/1727
f 1717/1717/1717 1727/1727/1727 1728/1728/1728
f 1728/1728/1728 1721/1721/1721 1717/1717/1717
f 1728/1728/1728 1729/1729/1729 1721/1721/1721
f 1730/1730/1730 1719/1719/1719 1720/1720/1720
f 1731/1731/1731 1719/1719/1719 1730/1730/1730
f 1732/1732/1732 1719/1719/1719 1731/1731/1731
f 1719/1719/1719 1732/1732/1732 1733/1733/1733
f 1733/1733/1733 1732/1732/1732 1734/1734/1734
f 1733/1733/1733 1734/1734/1734 1735/1735/1735
f 1733/1733/1733 1735/1735/1735 1736/1736/1736
f 1733/1733/1733 1736/1736/1736 1737/1737/1737
f 1738/1738/1738 1733/1733/1733 1737/1737/1737
f 1738/1738/1738 1737/1737/1737 1739/1739/1739
f 1719/1719/1719 1733/1733/1733 1738/1738/1738
f 1719/1719/1719 1738/1738/1738 1740/1740/1740
f 1718/1718/1718 1719/1719/1719 1740/1740/1740
f 1718/1718/1718 1740/1740/1740 1741/1741/1741
f 1741/1741/1741 1715/1715/1715 1718/1718/1718
f 1741/1741/1741 1742/1742/1742 1715/1715/1715
f 1742/1742/1742 1722/1722/1722 1715/1715/1715
f 1742/1742/1742 1743/1743/1743 1722/1722/1722
f 1743/1743/1743 1723/1723/1723 1722/1722/1722
f 1743/1743/1743 1744/1744/1744 1723/1723/1723
f 1744/1744/1744 1745/1745/1745 1723/1723/1723
f 1744/1744/1744 1746/1746/1746 1745/1745/1745
f 1723/1723/1723 1745/1745/1745 1747/1747/1747
f 1723/1723/1723 1747/1747/1747 1716/1716/1716
f 1716/1716/1716 1747/1747/1747 1748/1748/1748
f 1716/1716/1716 1748/1748/1748 1749/1749/1749
f 1749/1749/1749 1726/1726/1726 1716/1716/1716
f 1750/1750/1750 1751/1751/1751 1752/1752/1752
f 1750/1750/1750 1753/1753/1753 1751/1751/1751
f 1751/1751/1751 1754/1754/1754 1752/1752/1752
f 1755/1755/1755 1752/1752/1752 1754/1754/1754
f 1756/1756/1756 1752/1752/1752 1755/1755/1755
f 1757/1757/1757 1753/1753/1753 1750/1750/1750
f 1750/1750/1750 1758/1758/1758 1757/1757/1757
f 1750/1750/1750 1759/1759/1759 1758/1758/1758
f 1759/1759/1759 1750/1750/1750 1760/1760/1760
f 1750/1750/1750 1752/1752/1752 1761/1761/1761
f 1750/1750/1750 1761/1761/1761 1760/1760/1760
f 1761/1761/1761 1752/1752/1752 1762/1762/1762
f 1761/1761/1761 1762/1762/1762 1763/1763/1763
f 1764/1764/1764 1763/1763/1763 1762/1762/1762
f 1762/1762/1762 1765/1765/1765 1764/1764/1764
f 1752/1752/1752 1756/1756/1756 1765/1765/1765
f 1752/1752/1752 1765/1765/1765 1762/1762/1762
f 1765/1765/1765 1756/1756/1756 1766/1766/1766
f 1766/1766/1766 1767/1767/1767 1765/1765/1765
f 1766/1766/1766 1768/1768/1768 1767/1767/1767
f 1769/1769/1769 1765/1765/1765 1767/1767/1767
f 1770/1770/1770 1765/1765/1765 1769/1769/1769
f 1765/1765/1765 1770/1770/1770 1771/1771/1771
f 1771/1771/1771 1764/1764/1764 1765/1765/1765
f 1772/1772/1772 1764/1764/1764 1771/1771/1771
f 1773/1773/1773 1772/1772/1772 1771/1771/1771
f 1774/1774/1774 1771/1771/1771 1770/1770/1770
f 1775/1775/1775 1771/1771/1771 1774/1774/1774
f 1776/1776/1776 1771/1771/1771 1775/1775/1775
f 1777/1777/1777 1771/1771/1771 1776/1776/1776
f 1777/1777/1777 1778/1778/1778 1771/1771/1771
f 1778/1778/1778 1773/1773/1773 1771/1771/1771
f 1779/1779/1779 1778/1778/1778 1777/1777/1777
f 1780/1780/1780 1778/1778/1778 1779/1779/1779
f 1778/1778/1778 1780/1780/1780 1781/1781/1781
f 1778/1778/1778 1781/1781/1781 1773/1773/1773
f 1773/1773/1773 1782/1782/1782 1772/1772/1772
f 1773/1773/1773 1783/1783/1783 1782/1782/1782
f 1781/1781/1781 1783/1783/1783 1773/1773/1773
f 1772/1772/1772 1782/1782/1782 1784/1784/1784
f 1772/1772/1772 1784/1784/1784 1764/1764/1764
f 1764/1764/1764 1784/1784/1784 1763/1763/1763
f 1781/1781/1781 1785/1785/1785 1783/1783/1783
f 1780/1780/1780 1785/1785/1785 1781/1781/1781
f 1780/1780/1780 1786/1786/1786 1785/1785/1785
f 1787/1787/1787 1788/1788/1788 1789/1789/1789
f 1787/1787/1787 1790/1790/1790 1788/1788/1788
f 1787/1787/1787 1791/1791/1791 1790/1790/1790
f 1792/1792/1792 1791/1791/1791 1787/1787/1787
f 1792/1792/1792 1793/1793/1793 1791/1791/1791
f 1794/1794/1794 1788/1788/1788 1790/1790/1790
f 1794/1794/1794 1795/1795/1795 1788/1788/1788
f 1796/1796/1796 1795/1795/1795 1794/1794/1794
f 1796/1796/1796 1797/1797/1797 1795/1795/1795
f 1798/1798/1798 1797/1797/1797 1796/1796/1796
f 1798/1798/1798 1799/1799/1799 1797/1797/1797
f 1800/1800/1800 1799/1799/1799 1798/1798/1798
f 1800/1800/1800 1801/1801/1801 1799/1799/1799
f 1802/1802/1802 1801/1801/1801 1800/1800/1800
f 1802/1802/1802 1803/1803/1803 1801/1801/1801
f 1804/1804/1804 1792/1792/1792 1787/1787/1787
f 1804/1804/1804 1787/1787/1787 1789/1789/1789
f 1805/1805/1805 1806/1806/1806 1807/1807/1807
f 1805/1805/1805 1808/1808/1808 1806/1806/1806
f 1809/1809/1809 1805/1805/1805 1807/1807/1807
f 1809/1809/1809 1810/1810/1810 1805/1805/1805
f 1811/1811/1811 1805/1805/1805 1810/1810/1810
f 1811/1811/1811 1808/1808/1808 1805/1805/1805
f 1811/1811/1811 1810/1810/1810 1812/1812/1812
f 1812/1812/1812 1810/1810/1810 1813/1813/1813
f 1809/1809/1809 1813/1813/1813 1810/1810/1810
f 1812/1812/1812 1813/1813/1813 1814/1814/1814
f 1815/1815/1815 1814/1814/1814 1813/1813/1813
f 1816/1816/1816 1815/1815/1815 1813/1813/1813
f 1809/1809/1809 1816/1816/1816 1813/1813/1813
f 1809/1809/1809 1817/1817/1817 1816/1816/1816
f 1817/1817/1817 1818/1818/1818 1816/1816/1816
f 1817/1817/1817 1819/1819/1819 1818/1818/1818
f 1820/1820/1820 1816/1816/1816 1818/1818/1818
f 1821/1821/1821 1816/1816/1816 1820/1820/1820
f 1816/1816/1816 1821/1821/1821 1822/1822/1822
f 1822/1822/1822 1815/1815/1815 1816/1816/1816
f 1823/1823/1823 1815/1815/1815 1822/1822/1822
f 1824/1824/1824 1823/1823/1823 1822/1822/1822
f 1825/1825/1825 1822/1822/1822 1821/1821/1821
f 1826/1826/1826 1822/1822/1822 1825/1825/1825
f 1827/1827/1827 1822/1822/1822 1826/1826/1826
f 1828/1828/1828 1823/1823/1823 1824/1824/1824
f 1828/1828/1828 1824/1824/1824 1829/1829/1829
f 1823/1823/1823 1828/1828/1828 1830/1830/1830
f 1823/1823/1823 1830/1830/1830 1815/1815/1815
f 1831/1831/1831 1824/1824/1824 1822/1822/1822
f 1831/1831/1831 1832/1832/1832 1824/1824/1824
f 1832/1832/1832 1829/1829/1829 1824/1824/1824
f 1833/1833/1833 1831/1831/1831 1822/1822/1822
f 1833/1833/1833 1822/1822/1822 1827/1827/1827
f 1832/1832/1832 1834/1834/1834 1829/1829/1829
f 1815/1815/1815 1830/1830/1830 1814/1814/1814
f 1835/1835/1835 1836/1836/1836 1837/1837/1837
f 1835/1835/1835 1838/1838/1838 1836/1836/1836
f 1837/1837/1837 1839/1839/1839 1835/1835/1835
f 1837/1837/1837 1840/1840/1840 1839/1839/1839
f 1841/1841/1841 1837/1837/1837 1836/1836/1836
f 1842/1842/1842 1840/1840/1840 1837/1837/1837
f 1843/1843/1843 1840/1840/1840 1842/1842/1842
f 1844/1844/1844 1843/1843/1843 1842/1842/1842
f 1845/1845/1845 1844/1844/1844 1842/1842/1842
f 1837/1837/1837 1846/1846/1846 1842/1842/1842
f 1837/1837/1837 1847/1847/1847 1846/1846/1846
f 1842/1842/1842 1846/1846/1846 1848/1848/1848
f 1842/1842/1842 1848/1848/1848 1849/1849/1849
f 1842/1842/1842 1850/1850/1850 1845/1845/1845
f 1842/1842/1842 1851/1851/1851 1850/1850/1850
f 1849/1849/1849 1851/1851/1851 1842/1842/1842
f 1851/1851/1851 1852/1852/1852 1850/1850/1850
f 1852/1852/1852 1851/1851/1851 1853/1853/1853
f 1853/1853/1853 1851/1851/1851 1854/1854/1854
f 1849/1849/1849 1854/1854/1854 1851/1851/1851
f 1855/1855/1855 1849/1849/1849 1848/1848/1848
f 1855/1855/1855 1856/1856/1856 1849/1849/1849
f 1856/1856/1856 1854/1854/1854 1849/1849/1849
f 1856/1856/1856 1857/1857/1857 1854/1854/1854
f 1858/1858/1858 1855/1855/1855 1848/1848/1848
f 1858/1858/1858 1848/1848/1848 1846/1846/1846
f 1859/1859/1859 1858/1858/1858 1846/1846/1846
f 1859/1859/1859 1846/1846/1846 1847/1847/1847
f 1847/1847/1847 1860/1860/1860 1859/1859/1859
f 1847/1847/1847 1861/1861/1861 1860/1860/1860
f 1862/1862/1862 1860/1860/1860 1861/1861/1861
f 1862/1862/1862 1863/1863/1863 1860/1860/1860
f 1863/1863/1863 1862/1862/1862 1864/1864/1864
f 1862/1862/1862 1865/1865/1865 1864/1864/1864
f 1862/1862/1862 1866/1866/1866 1865/1865/1865
f 1862/1862/1862 1861/1861/1861 1841/1841/1841
f 1862/1862/1862 1841/1841/1841 1866/1866/1866
f 1837/1837/1837 1841/1841/1841 1861/1861/1861
f 1837/1837/1837 1861/1861/1861 1847/1847/1847
f 1867/1867/1867 1854/1854/1854 1857/1857/1857
f 1867/1867/1867 1853/1853/1853 1854/1854/1854
f 1868/1868/1868 1869/1869/1869 1870/1870/1870
f 1871/1871/1871 1869/1869/1869 1868/1868/1868
f 1872/1872/1872 1871/1871/1871 1868/1868/1868
f 1872/1872/1872 1868/1868/1868 1873/1873/1873
f 1868/1868/1868 1870/1870/1870 1874/1874/1874
f 1868/1868/1868 1874/1874/1874 1875/1875/1875
f 1871/1871/1871 1876/1876/1876 1869/1869/1869
f 1871/1871/1871 1877/1877/1877 1876/1876/1876
f 1878/1878/1878 1879/1879/1879 1880/1880/1880
f 1878/1878/1878 1880/1880/1880 1881/1881/1881
f 1882/1882/1882 1880/1880/1880 1879/1879/1879
f 1882/1882/1882 1883/1883/1883 1880/1880/1880
f 1878/1878/1878 1881/1881/1881 1884/1884/1884
f 1878/1878/1878 1884/1884/1884 1885/1885/1885
f 1886/1886/1886 1885/1885/1885 1884/1884/1884
f 1886/1886/1886 1884/1884/1884 1887/1887/1887
f 1886/1886/1886 1887/1887/1887 1888/1888/1888
f 1886/1886/1886 1888/1888/1888 1889/1889/1889
f 1890/1890/1890 1889/1889/1889 1888/1888/1888
f 1890/1890/1890 1888/1888/1888 1891/1891/1891
f 1892/1892/1892 1890/1890/1890 1891/1891/1891
f 1892/1892/1892 1891/1891/1891 1893/1893/1893
f 1894/1894/1894 1892/1892/1892 1893/1893/1893
f 1894/1894/1894 1893/1893/1893 1895/1895/1895
f 1894/1894/1894 1895/1895/1895 1896/1896/1896
f 1894/1894/1894 1896/1896/1896 1897/1897/1897
f 1898/1898/1898 1899/1899/1899 1900/1900/1900
f 1901/1901/1901 1898/1898/1898 1900/1900/1900
f 1898/1898/1898 1901/1901/1901 1902/1902/1902
f 1900/1900/1900 1899/1899/1899 1903/1903/1903
f 1904/1904/1904 1905/1905/1905 1906/1906/1906
f 1906/1906/1906 1905/1905/1905 1907/1907/1907
f 1907/1907/1907 1905/1905/1905 1908/1908/1908
f 1909/1909/1909 1905/1905/1905 1904/1904/1904
f 1909/1909/1909 1904/1904/1904 1910/1910/1910
f 1909/1909/1909 1910/1910/1910 1911/1911/1911
f 1909/1909/1909 1911/1911/1911 1912/1912/1912
f 1913/1913/1913 1912/1912/1912 1911/1911/1911
f 1913/1913/1913 1914/1914/1914 1912/1912/1912
f 1915/1915/1915 1914/1914/1914 1913/1913/1913
f 1915/1915/1915 1913/1913/1913 1916/1916/1916
f 1916/1916/1916 1917/1917/1917 1915/1915/1915
f 1916/1916/1916 1918/1918/1918 1917/1917/1917
f 1918/1918/1918 1919/1919/1919 1917/1917/1917
f 1918/1918/1918 1920/1920/1920 1919/1919/1919
f 1919/1919/1919 1920/1920/1920 1921/1921/1921
f 1922/1922/1922 1923/1923/1923 1924/1924/1924
f 1923/1923/1923 1922/1922/1922 1925/1925/1925
f 1925/1925/1925 1922/1922/1922 1926/1926/1926
f 1926/1926/1926 1922/1922/1922 1927/1927/1927
f 1926/1926/1926 1927/1927/1927 1928/1928/1928
f 1927/1927/1927 1929/1929/1929 1928/1928/1928
f 1927/1927/1927 1930/1930/1930 1929/1929/1929
f 1930/1930/1930 1931/1931/1931 1929/1929/1929
f 1930/1930/1930 1932/1932/1932 1931/1931/1931
f 1933/1933/1933 1931/1931/1931 1932/1932/1932
f 1933/1933/1933 1932/1932/1932 1934/1934/1934
f 1933/1933/1933 1934/1934/1934 1935/1935/1935
f 1933/1933/1933 1935/1935/1935 1936/1936/1936
f 1937/1937/1937 1936/1936/1936 1935/1935/1935
f 1937/1937/1937 1938/1938/1938 1936/1936/1936
f 1938/1938/1938 1937/1937/1937 1939/1939/1939
f 1940/1940/1940 1941/1941/1941 1942/1942/1942
f 1942/1942/1942 1941/1941/1941 1943/1943/1943
f 1942/1942/1942 1943/1943/1943 1944/1944/1944
f 1940/1940/1940 1945/1945/1945 1941/1941/1941
f 1940/1940/1940 1946/1946/1946 1945/1945/1945
f 1945/1945/1945 1946/1946/1946 1947/1947/1947
f 1943/1943/1943 1948/1948/1948 1944/1944/1944
f 1943/1943/1943 1949/1949/1949 1948/1948/1948
f 1948/1948/1948 1949/1949/1949 1950/1950/1950
f 1951/1951/1951 1947/1947/1947 1946/1946/1946
f 1951/1951/1951 1952/1952/1952 1947/1947/1947
f 1953/1953/1953 1954/1954/1954 1955/1955/1955
f 1953/1953/1953 1955/1955/1955 1956/1956/1956
f 1957/1957/1957 1954/1954/1954 1953/1953/1953
f 1957/1957/1957 1958/1958/1958 1954/1954/1954
f 1959/1959/1959 1958/1958/1958 1957/1957/1957
f 1959/1959/1959 1957/1957/1957 1960/1960/1960
f 1961/1961/1961 1959/1959/1959 1960/1960/1960
f 1961/1961/1961 1960/1960/1960 1962/1962/1962
f 1961/1961/1961 1962/1962/1962 1963/1963/1963
f 1961/1961/1961 1963/1963/1963 1964/1964/1964
f 1964/1964/1964 1963/1963/1963 1965/1965/1965
f 1964/1964/1964 1965/1965/1965 1966/1966/1966
f 1967/1967/1967 1968/1968/1968 1969/1969/1969
f 1967/1967/1967 1969/1969/1969 1970/1970/1970
f 1967/1967/1967 1970/1970/1970 1971/1971/1971
f 1967/1967/1967 1971/1971/1971 1972/1972/1972
f 1972/1972/1972 1971/1971/1971 1973/1973/1973
f 1972/1972/1972 1973/1973/1973 1974/1974/1974
f 1975/1975/1975 1976/1976/1976 1977/1977/1977
f 1975/1975/1975 1977/1977/1977 1978/1978/1978
f 1979/1979/1979 1978/1978/1978 1977/1977/1977
f 1979/1979/1979 1977/1977/1977 1980/1980/1980
f 1981/1981/1981 1979/1979/1979 1980/1980/1980
f 1981/1981/1981 1982/1982/1982 1979/1979/1979
f 1983/1983/1983 1984/1984/1984 1985/1985/1985
f 1983/1983/1983 1985/1985/1985 1986/1986/1986
f 1987/1987/1987 1983/1983/1983 1986/1986/1986
f 1987/1987/1987 1988/1988/1988 1983/1983/1983
f 1989/1989/1989 1990/1990/1990 1991/1991/1991
f 1989/1989/1989 1991/1991/1991 1992/1992/1992
f 1989/1989/1989 1993/1993/1993 1990/1990/1990
f 1989/1989/1989 1994/1994/1994 1993/1993/1993
f 1991/1991/1991 1995/1995/1995 1992/1992/1992
f 1991/1991/1991 1996/1996/1996 1995/1995/1995
f 1997/1997/1997 1998/1998/1998 1999/1999/1999
f 1997/1997/1997 1999/1999/1999 2000/2000/2000
f 2001/2001/2001 2002/2002/2002 2003/2003/2003
f 2001/2001/2001 2003/2003/2003 2004/2004/2004
f 2004/2004/2004 2003/2003/2003 2005/2005/2005
f 2004/2004/2004 2005/2005/2005 2006/2006/2006
f 2007/2007/2007 2002/2002/2002 2001/2001/2001
f 2007/2007/2007 2001/2001/2001 2008/2008/2008
f 1811/1811/1811 2009/2009/2009 1808/1808/1808
f 2010/2010/2010 2011/2011/2011 2012/2012/2012
f 2010/2010/2010 2012/2012/2012 2013/2013/2013
f 2014/2014/2014 2015/2015/2015 2016/2016/2016
f 2014/2014/2014 2016/2016/2016 2017/2017/2017
f 2018/2018/2018 2019/2019/2019 2020/2020/2020
f 2018/2018/2018 2020/2020/2020 2021/2021/2021
f 2022/2022/2022 2023/2023/2023 2024/2024/2024
f 2022/2022/2022 2024/2024/2024 2025/2025/2025
f 2026/2026/2026 2027/2027/2027 2028/2028/2028
f 2026/2026/2026 2028/2028/2028 2029/2029/2029
f 2030/2030/2030 2031/2031/2031 2032/2032/2032
f 2030/2030/2030 2032/2032/2032 2033/2033/2033
