#LowPoly.Res_Plane.001.obj
#Tuesday, May 19, 2026
#12:48:11 AM
#-------

#LowPoly.Res_Plane.001
#-------
g LowPoly.Res_Plane.001
v -0.0003734 0.00405215 0.02826341
v -0.00247007 0.00284164 0.02826341
v -0.00107229 0.00284164 0.02826341
v -0.00056067 0.00335326 0.02826341
v -0.00177118 0.00265437 0.02826341
v -0.00107229 0.00526266 0.02826341
v -0.00056067 0.00475104 0.02826341
v -0.00247007 0.00526266 0.02826341
v -0.00177118 0.00544993 0.02826341
v -0.00298169 0.00475104 0.02826341
v -0.00316896 0.00405215 0.02826341
v -0.00298169 0.00335326 0.02826341
v -0.00107229 0.00284164 0.0294348
v -0.00107229 0.00526266 0.0294348
v -0.0003734 0.00405215 0.0294348
v -0.00056067 0.00335326 0.0294348
v -0.00056067 0.00475104 0.0294348
v -0.00247007 0.00284164 0.0294348
v -0.00177118 0.00265437 0.0294348
v -0.00316896 0.00405215 0.0294348
v -0.00177118 0.00544993 0.0294348
v -0.00247007 0.00526266 0.0294348
v -0.00298169 0.00475104 0.0294348
v -0.00298169 0.00335326 0.0294348
v -0.00298169 0.00335326 0.02826341
v -0.00316896 0.00405215 0.02826341
v -0.00316896 0.00405215 0.0294348
v -0.00298169 0.00335326 0.0294348
v -0.00247007 0.00284164 0.02826341
v -0.00247007 0.00284164 0.0294348
v -0.00298169 0.00475104 0.0294348
v -0.00298169 0.00475104 0.02826341
v -0.00177118 0.00544993 0.02826341
v -0.00107229 0.00526266 0.02826341
v -0.00107229 0.00526266 0.0294348
v -0.00177118 0.00544993 0.0294348
v -0.00247007 0.00526266 0.02826341
v -0.00247007 0.00526266 0.0294348
v -0.00298169 0.00475104 0.02826341
v -0.00298169 0.00475104 0.0294348
v -0.00056067 0.00475104 0.0294348
v -0.00056067 0.00475104 0.02826341
v -0.00056067 0.00475104 0.02826341
v -0.0003734 0.00405215 0.02826341
v -0.0003734 0.00405215 0.0294348
v -0.00056067 0.00475104 0.0294348
v -0.00056067 0.00335326 0.0294348
v -0.00056067 0.00335326 0.02826341
v -0.00107229 0.00284164 0.0294348
v -0.00107229 0.00284164 0.02826341
v -0.00107229 0.00284164 0.02826341
v -0.00177118 0.00265437 0.02826341
v -0.00177118 0.00265437 0.0294348
v -0.00107229 0.00284164 0.0294348
v -0.00247007 0.00284164 0.0294348
v -0.00247007 0.00284164 0.02826341
v -0.00027633 0.0049152 0.02990429
v -4.508E-05 0.00405215 0.02990429
v -4.508E-05 0.00405215 0.03101648
v -0.00027633 0.0049152 0.03101648
v -0.00090813 0.00554699 0.02990429
v -0.00090813 0.00554699 0.03101648
v -0.00027633 0.0031891 0.03101648
v -0.00027633 0.0031891 0.02990429
v -0.00090813 0.0025573 0.02990429
v -0.00177118 0.00232605 0.02990429
v -0.00177118 0.00232605 0.03101648
v -0.00090813 0.0025573 0.03101648
v -0.00027633 0.0031891 0.02990429
v -0.00027633 0.0031891 0.03101648
v -0.00263423 0.0025573 0.03101648
v -0.00263423 0.0025573 0.02990429
v -0.00326603 0.0031891 0.03101648
v -0.00326603 0.0031891 0.02990429
v -0.00090813 0.0025573 0.03101648
v -0.00090813 0.00554699 0.03101648
v -4.508E-05 0.00405215 0.03101648
v -0.00027633 0.0031891 0.03101648
v -0.00027633 0.0049152 0.03101648
v -0.00263423 0.0025573 0.03101648
v -0.00177118 0.00232605 0.03101648
v -0.00349728 0.00405215 0.03101648
v -0.00326603 0.0049152 0.03101648
v -0.00263423 0.005547 0.03101648
v -0.00177118 0.00577825 0.03101648
v -0.00326603 0.0031891 0.03101648
v -4.508E-05 0.00405215 0.02990429
v -0.00263423 0.0025573 0.02990429
v -0.00090813 0.0025573 0.02990429
v -0.00027633 0.0031891 0.02990429
v -0.00177118 0.00232605 0.02990429
v -0.00090813 0.00554699 0.02990429
v -0.00027633 0.0049152 0.02990429
v -0.00263423 0.005547 0.02990429
v -0.00177118 0.00577825 0.02990429
v -0.00326603 0.0049152 0.02990429
v -0.00349728 0.00405215 0.02990429
v -0.00326603 0.0031891 0.02990429
v -0.00326603 0.0049152 0.02990429
v -0.00263423 0.005547 0.02990429
v -0.00263423 0.005547 0.03101648
v -0.00326603 0.0049152 0.03101648
v -0.00349728 0.00405215 0.02990429
v -0.00349728 0.00405215 0.03101648
v -0.00326603 0.0031891 0.02990429
v -0.00326603 0.0031891 0.03101648
v -0.00177118 0.00577825 0.02990429
v -0.00090813 0.00554699 0.02990429
v -0.00090813 0.00554699 0.03101648
v -0.00177118 0.00577825 0.03101648
v -0.00263423 0.005547 0.02990429
v -0.00263423 0.005547 0.03101648
v -0.00177118 0.0054167 0.04089364
v -0.00177118 0.0054167 0.0419789
v -0.00177118 0.00566737 0.0419789
v -0.00177118 0.00566737 0.04089364
v -0.00182118 0.00566737 0.0419789
v -0.00182118 0.0054167 0.0419789
v -0.00182118 0.0054167 0.04089364
v -0.00182118 0.00566737 0.04089364
v -0.00177118 0.0054167 0.0419789
v -0.00177118 0.0054167 0.04089364
v -0.00182118 0.0054167 0.04089364
v -0.00182118 0.0054167 0.0419789
v -0.00177118 0.0054167 0.04089364
v -0.00177118 0.00566737 0.04089364
v -0.00182118 0.00566737 0.04089364
v -0.00182118 0.0054167 0.04089364
v -0.00177118 0.00566737 0.0419789
v -0.00177118 0.0054167 0.0419789
v -0.00182118 0.0054167 0.0419789
v -0.00182118 0.00566737 0.0419789
v -0.00177118 0.00566737 0.04089364
v -0.00177118 0.00566737 0.0419789
v -0.00182118 0.00566737 0.0419789
v -0.00182118 0.00566737 0.04089364
v -0.00332229 0.00551537 -0.00871603
v -0.00332229 0.0055243 -0.00126963
v -0.00332229 0.00542686 -0.00163167
v -0.00332229 0.0054188 -0.008354
v -0.00328623 0.00578008 -0.008981059
v -0.00328615 0.00578964 -0.00100461
v -0.00320582 0.006142 -0.009078059
v -0.00320562 0.00615179 -0.0009076
v -0.00289822 0.00679812 -0.009078059
v -0.00289315 0.00682778 -0.0009076
v -0.00285664 0.0071605 -0.008981059
v -0.00285367 0.00718945 -0.00100461
v -0.00286854 0.00743522 -0.00871603
v -0.00286794 0.00746225 -0.00126963
v -0.00283541 0.00753354 -0.00835401
v -0.00283541 0.00755794 -0.00163166
v -0.00150899 0.00568854 0.00028694
v -0.00150899 0.00510588 0.00028694
v -0.00150899 0.00510588 0.01151483
v -0.00150899 0.00568854 0.01151483
v -0.00150899 0.00568854 0.01151483
v -0.00150899 0.00510588 0.01151483
v -0.0019447 0.00510588 0.01151483
v -0.0019447 0.00568854 0.01151483
v -0.0019447 0.00568854 0.01151483
v -0.0019447 0.00510588 0.01151483
v -0.0019447 0.00510588 0.00028694
v -0.0019447 0.00568854 0.00028694
v -0.0019447 0.00568854 0.00028694
v -0.0019447 0.00510588 0.00028694
v -0.00150899 0.00510588 0.00028694
v -0.00150899 0.00568854 0.00028694
v -0.0019447 0.00510588 0.01151483
v -0.00150899 0.00510588 0.01151483
v -0.00150899 0.00510588 0.00028694
v -0.0019447 0.00510588 0.00028694
v -0.00150899 0.00568854 0.01151483
v -0.0019447 0.00568854 0.01151483
v -0.0019447 0.00568854 0.00028694
v -0.00150899 0.00568854 0.00028694
v -0.00247338 0.00287526 -0.00238387
v -0.00247338 0.00287526 -0.00889181
v -0.00213478 0.00287526 -0.007123339
v -0.00203434 0.00287526 -0.00731648
v -0.0018412 0.00287526 -0.00741691
v -0.00090506 0.00287526 -0.00889181
v -0.00213478 0.00287526 -0.0036878
v -0.00203434 0.00287526 -0.00349465
v -0.0018412 0.00287526 -0.00339422
v -0.00153724 0.00287526 -0.00741691
v -0.00134409 0.00287526 -0.00731648
v -0.00124366 0.00287526 -0.007123339
v -0.00090506 0.00287526 -0.00238387
v -0.00153724 0.00287526 -0.00339422
v -0.00134409 0.00287526 -0.00349465
v -0.00124366 0.00287526 -0.0036878
v -0.00247338 0.00277017 -0.00238387
v -0.00213478 0.00277017 -0.0036878
v -0.00213478 0.00277017 -0.007123339
v -0.00203434 0.00277017 -0.00349465
v -0.0018412 0.00277017 -0.00339422
v -0.00247338 0.00277017 -0.00889181
v -0.00203434 0.00277017 -0.00731648
v -0.0018412 0.00277017 -0.00741691
v -0.00153724 0.00277017 -0.00741691
v -0.00090506 0.00277017 -0.00889181
v -0.00134409 0.00277017 -0.00731648
v -0.00124366 0.00277017 -0.007123339
v -0.00090506 0.00277017 -0.00238387
v -0.00153724 0.00277017 -0.00339422
v -0.00134409 0.00277017 -0.00349465
v -0.00124366 0.00277017 -0.0036878
v -0.00213478 0.00277017 -0.007123339
v -0.00213478 0.00287526 -0.007123339
v -0.00203434 0.00287526 -0.00731648
v -0.00203434 0.00277017 -0.00731648
v -0.00213478 0.00277017 -0.0036878
v -0.00213478 0.00287526 -0.0036878
v -0.00203434 0.00277017 -0.00349465
v -0.00203434 0.00287526 -0.00349465
v -0.00090506 0.00277017 -0.00238387
v -0.00090506 0.00287526 -0.00238387
v -0.00090506 0.00287526 -0.00889181
v -0.00090506 0.00277017 -0.00889181
v -0.00134409 0.00277017 -0.00349465
v -0.00134409 0.00287526 -0.00349465
v -0.00153724 0.00287526 -0.00339422
v -0.00153724 0.00277017 -0.00339422
v -0.0018412 0.00287526 -0.00339422
v -0.0018412 0.00277017 -0.00339422
v -0.00203434 0.00287526 -0.00349465
v -0.00203434 0.00277017 -0.00349465
v -0.00203434 0.00277017 -0.00731648
v -0.00203434 0.00287526 -0.00731648
v -0.0018412 0.00287526 -0.00741691
v -0.0018412 0.00277017 -0.00741691
v -0.00153724 0.00287526 -0.00741691
v -0.00153724 0.00277017 -0.00741691
v -0.00134409 0.00287526 -0.00731648
v -0.00134409 0.00277017 -0.00731648
v -0.00124366 0.00277017 -0.007123339
v -0.00124366 0.00287526 -0.007123339
v -0.00124366 0.00287526 -0.0036878
v -0.00124366 0.00277017 -0.0036878
v -0.00134409 0.00287526 -0.00349465
v -0.00134409 0.00277017 -0.00349465
v -0.00134409 0.00277017 -0.00731648
v -0.00134409 0.00287526 -0.00731648
v -0.00247338 0.00277017 -0.00889181
v -0.00247338 0.00287526 -0.00889181
v -0.00247338 0.00287526 -0.00238387
v -0.00247338 0.00277017 -0.00238387
v -0.00247338 0.00277017 -0.00238387
v -0.00247338 0.00287526 -0.00238387
v -0.00090506 0.00287526 -0.00238387
v -0.00090506 0.00277017 -0.00238387
v -0.00090506 0.00277017 -0.00889181
v -0.00090506 0.00287526 -0.00889181
v -0.00247338 0.00287526 -0.00889181
v -0.00247338 0.00277017 -0.00889181
v -0.00174483 -0.00493001 -0.04003363
v -0.00174483 -0.00567028 -0.04003363
v -0.00200117 -0.00567028 -0.04018163
v -0.00200117 -0.00493001 -0.04018163
v -0.00148849 -0.00493001 -0.04018163
v -0.00148849 -0.00567028 -0.04018163
v -0.00200117 -0.00493001 -0.04018163
v -0.00200117 -0.00567028 -0.04018163
v -0.00200117 -0.00567028 -0.04047763
v -0.00200117 -0.00493001 -0.04047763
v -0.00200117 -0.00493001 -0.04047763
v -0.00200117 -0.00567028 -0.04047763
v -0.00174483 -0.00567028 -0.04062562
v -0.00174483 -0.00493001 -0.04062562
v -0.00174483 -0.00493001 -0.04062562
v -0.00174483 -0.00567028 -0.04062562
v -0.00148849 -0.00567028 -0.04047763
v -0.00148849 -0.00493001 -0.04047763
v -0.00174483 -0.00493001 -0.04062562
v -0.00174483 -0.00493001 -0.04003363
v -0.00200117 -0.00493001 -0.04047763
v -0.00200117 -0.00493001 -0.04018163
v -0.00148849 -0.00493001 -0.04047763
v -0.00148849 -0.00493001 -0.04018163
v -0.00148849 -0.00493001 -0.04047763
v -0.00148849 -0.00567028 -0.04047763
v -0.00148849 -0.00567028 -0.04018163
v -0.00148849 -0.00493001 -0.04018163
v -0.00174483 -0.00567028 -0.04062562
v -0.00148849 -0.00567028 -0.04018163
v -0.00148849 -0.00567028 -0.04047763
v -0.00174483 -0.00567028 -0.04003363
v -0.00200117 -0.00567028 -0.04018163
v -0.00200117 -0.00567028 -0.04047763
v -0.00055171 0.00426409 0.02883683
v -0.0002146 0.00426409 0.02883683
v -0.0002146 0.00419816 0.0289544
v -0.00055171 0.00419816 0.0289544
v -0.00055171 0.00419816 0.0289544
v -0.0002146 0.00419816 0.0289544
v -0.0002146 0.00406338 0.02895608
v -0.00055171 0.00406338 0.02895608
v -0.00055171 0.00406338 0.02895608
v -0.0002146 0.00406338 0.02895608
v -0.0002146 0.00399453 0.0288402
v -0.00055171 0.00399453 0.0288402
v -0.00055171 0.00399453 0.0288402
v -0.0002146 0.00399453 0.0288402
v -0.0002146 0.00406046 0.02872264
v -0.00055171 0.00406046 0.02872264
v -0.00055171 0.00406046 0.02872264
v -0.00055171 0.00406338 0.02895608
v -0.00055171 0.00399453 0.0288402
v -0.00055171 0.00419524 0.02872096
v -0.00055171 0.00426409 0.02883683
v -0.00055171 0.00419816 0.0289544
v -0.00055171 0.00406046 0.02872264
v -0.0002146 0.00406046 0.02872264
v -0.0002146 0.00419524 0.02872096
v -0.00055171 0.00419524 0.02872096
v -0.00055171 0.00419524 0.02872096
v -0.0002146 0.00419524 0.02872096
v -0.0002146 0.00426409 0.02883683
v -0.00055171 0.00426409 0.02883683
v -0.0002146 0.00399453 0.0288402
v -0.0002146 0.00419524 0.02872096
v -0.0002146 0.00406046 0.02872264
v -0.0002146 0.00406338 0.02895608
v -0.0002146 0.00419816 0.0289544
v -0.0002146 0.00426409 0.02883683
v -0.00087977 0.0045668 0.00030147
v -0.00087977 0.0045668 0.04900308
v -0.00125652 0.00494355 0.04900308
v -0.00125652 0.00494355 0.00030147
v -0.00177118 0.00508145 0.04900308
v -0.00177118 0.00508145 0.00030147
v -0.00228583 0.00494355 0.04900308
v -0.00228583 0.00494355 0.00030147
v -0.00228583 0.00316074 0.00030147
v -0.00228583 0.00316074 0.04900308
v -0.00177118 0.00302284 0.04900308
v -0.00177118 0.00302284 0.00030147
v -0.00266258 0.00353749 0.00030147
v -0.00266258 0.00353749 0.04900308
v -0.00125652 0.00316074 0.00030147
v -0.00125652 0.00316074 0.04900308
v -0.00177118 0.00508145 0.00030147
v -0.00177118 0.00302284 0.00030147
v -0.00087977 0.0045668 0.00030147
v -0.00125652 0.00494355 0.00030147
v -0.00125652 0.00316074 0.00030147
v -0.00087977 0.00353749 0.00030147
v -0.00074187 0.00405215 0.00030147
v -0.00266258 0.0045668 0.00030147
v -0.00228583 0.00494355 0.00030147
v -0.00228583 0.00316074 0.00030147
v -0.00266258 0.00353749 0.00030147
v -0.00280049 0.00405215 0.00030147
v -0.00074187 0.00405215 0.00030147
v -0.00074187 0.00405215 0.04900308
v -0.00087977 0.0045668 0.04900308
v -0.00087977 0.0045668 0.00030147
v -0.00087977 0.00353749 0.00030147
v -0.00087977 0.00353749 0.04900308
v -0.00125652 0.00316074 0.00030147
v -0.00125652 0.00316074 0.04900308
v -0.00280049 0.00405215 0.00030147
v -0.00280049 0.00405215 0.04900308
v -0.00266258 0.00353749 0.04900308
v -0.00266258 0.00353749 0.00030147
v -0.00266258 0.0045668 0.00030147
v -0.00266258 0.0045668 0.04900308
v -0.00228583 0.00494355 0.04900308
v -0.00228583 0.00494355 0.00030147
v -0.00125652 0.00316074 0.04900308
v -0.00125652 0.00494355 0.04900308
v -0.00074187 0.00405215 0.04900308
v -0.00087977 0.00353749 0.04900308
v -0.00087977 0.0045668 0.04900308
v -0.00228583 0.00316074 0.04900308
v -0.00177118 0.00302284 0.04900308
v -0.00280049 0.00405215 0.04900308
v -0.00177118 0.00508145 0.04900308
v -0.00228583 0.00494355 0.04900308
v -0.00266258 0.0045668 0.04900308
v -0.00266258 0.00353749 0.04900308
v -0.00201333 0.00631547 -0.02079466
v -0.00136511 0.00631547 -0.02079466
v -0.00136511 0.00704889 -0.0186859
v -0.00201333 0.00704889 -0.0186859
v -0.00201333 0.00545387 -0.02281235
v -0.00136511 0.00545387 -0.02281235
v -0.00201333 0.00436642 -0.02464028
v -0.00136511 0.00436642 -0.02464028
v -0.00201333 0.00396245 -0.02629567
v -0.00136511 0.00396245 -0.02629567
v -0.00201333 0.00412153 -0.02687325
v -0.00262536 0.00398099 -0.02683329
v -0.00075308 0.00689969 -0.01866931
v -0.00075308 0.00616628 -0.02077808
v -0.00075308 0.00530468 -0.02279576
v -0.00075308 0.00422222 -0.02461531
v -0.00075308 0.00382191 -0.02625571
v -0.00075308 0.00398099 -0.02683329
v -0.00030503 0.00359702 -0.0267241
v -0.00030503 0.00343794 -0.02614652
v -0.00030503 0.00382825 -0.02454708
v -0.00030503 0.00489707 -0.02275046
v -0.00030503 0.00575867 -0.02073277
v -0.00030503 0.00649209 -0.01862401
v -0.00030503 0.00387806 -0.0273004
v -0.00136511 0.00412153 -0.02687325
v -0.00075308 0.00426203 -0.02740959
v -0.00030503 0.00429625 -0.02791827
v -0.00075308 0.00462677 -0.02794848
v -0.00030503 0.00454702 -0.02867104
v -0.00136511 0.00440257 -0.02744955
v -0.00136511 0.00474775 -0.02795954
v -0.00201333 0.00440257 -0.02744955
v -0.00075308 0.00487754 -0.02870125
v -0.00201333 0.00474775 -0.02795954
v -0.00262536 0.00462677 -0.02794848
v -0.00262536 0.00426203 -0.02740959
v -0.0030734 0.00429625 -0.02791827
v -0.0030734 0.00387806 -0.0273004
v -0.00030503 0.00451925 -0.02964272
v -0.00075308 0.00484937 -0.02968662
v -0.00030503 0.00446563 -0.03038247
v -0.00136511 0.00499852 -0.02871231
v -0.00136511 0.00497021 -0.02970269
v -0.00201333 0.00497021 -0.02970269
v -0.00075308 0.00479576 -0.03042637
v -0.00075308 0.00281091 -0.04740966
v -0.00030503 0.00247747 -0.04739419
v -0.00136511 0.00293297 -0.04741533
v -0.00136511 0.00491659 -0.03044244
v -0.00201333 0.00293297 -0.04741533
v -0.00201333 0.00491659 -0.03044244
v -0.00262536 0.00479576 -0.03042637
v -0.00262536 0.00281092 -0.04740966
v -0.0030734 0.00446563 -0.03038247
v -0.0030734 0.00247747 -0.04739419
v -0.00262536 0.00484937 -0.02968662
v -0.00201333 0.00499852 -0.02871231
v -0.00262536 0.00487754 -0.02870125
v -0.0030734 0.00451925 -0.02964272
v -0.0030734 0.00454702 -0.02867104
v -0.0032374 0.00434028 -0.02268857
v -0.0032374 0.005201879 -0.02067089
v -0.0032374 0.00331601 -0.02046128
v -0.0030734 0.00489707 -0.02275046
v -0.0032374 0.00259587 -0.02249469
v -0.0032374 0.00329008 -0.02445389
v -0.0030734 0.00276955 -0.02040054
v -0.0030734 0.00382825 -0.02454708
v -0.0032374 0.00115887 -0.02408482
v -0.0032374 0.00291343 -0.02599737
v -0.0030734 0.00204941 -0.02243395
v -0.0030734 0.00343794 -0.02614652
v -0.0032374 -0.00115813 -0.02483957
v -0.0030734 0.0006389 -0.02399477
v -0.0032374 -0.00153122 -0.02526583
v -0.0030734 -0.00158332 -0.02471865
v -0.0030734 -0.00195643 -0.02514491
v -0.0032374 0.0037689 -0.01832134
v -0.0030734 0.00322244 -0.0182606
v -0.0032374 0.0030725 -0.02657495
v -0.0030734 0.00359702 -0.0267241
v -0.0030734 -0.00206805 -0.02560956
v -0.0032374 -0.00164284 -0.02573047
v -0.0030734 -0.00164159 -0.02737552
v -0.0032374 0.00335354 -0.02715125
v -0.0032374 -0.00123664 -0.02741253
v -0.0030734 0.00387806 -0.0273004
v -0.0032374 0.00384475 -0.027877
v -0.0030734 0.00429625 -0.02791827
v -0.0030734 -0.00139173 -0.02812821
v -0.0032374 -0.00098677 -0.02816522
v -0.0030734 -0.00106803 -0.0288997
v -0.0032374 0.00409553 -0.02862977
v -0.0032374 -0.00065559 -0.02895454
v -0.0030734 0.00454702 -0.02867104
v -0.0032374 0.00406828 -0.02958274
v -0.0030734 0.00451925 -0.02964272
v -0.0030734 -0.00102869 -0.02965182
v -0.0032374 -0.00061626 -0.02970667
v -0.0032374 -0.00674228 -0.04696624
v -0.0032374 0.00401467 -0.0303225
v -0.0032374 0.00202197 -0.04737304
v -0.0030734 0.00247747 -0.04739419
v -0.0030734 0.00446563 -0.03038247
v -0.00307341 -0.00716718 -0.04694652
v -0.00014104 0.00331601 -0.02046128
v -0.00014104 0.005201879 -0.02067089
v -0.00014104 0.00434028 -0.02268857
v -0.00030503 0.00489707 -0.02275046
v -0.00014104 0.00259587 -0.02249469
v -0.00014104 0.00329008 -0.02445389
v -0.00030503 0.00276955 -0.02040055
v -0.00030503 0.00382825 -0.02454708
v -0.00030503 0.00343794 -0.02614652
v -0.00014104 0.00291343 -0.02599736
v -0.00014104 0.00115887 -0.02408482
v -0.00030503 0.00204941 -0.02243395
v -0.00014104 0.0030725 -0.02657495
v -0.00014104 -0.00153122 -0.02526583
v -0.00014104 -0.00164284 -0.02573047
v -0.00014104 0.0037689 -0.01832134
v -0.00014104 0.0059353 -0.01856212
v -0.00030503 0.00575867 -0.02073277
v -0.00030503 0.00649209 -0.01862401
v -0.00030503 0.0006389 -0.02399477
v -0.00014104 -0.00115811 -0.02483956
v -0.00030503 -0.00158332 -0.02471865
v -0.00030503 -0.00195643 -0.02514491
v -0.00030503 -0.00206805 -0.02560956
v -0.00030503 -0.00164159 -0.02737552
v -0.00014104 -0.00123664 -0.02741253
v -0.00030503 -0.00139173 -0.02812821
v -0.00014104 0.00335354 -0.02715125
v -0.00014104 0.00384475 -0.027877
v -0.00014104 -0.00098677 -0.02816522
v -0.00030503 -0.00106803 -0.0288997
v -0.00014104 -0.00065559 -0.02895454
v -0.00030503 -0.00102869 -0.02965182
v -0.00014104 0.00409553 -0.02862977
v -0.00014104 0.00406828 -0.02958274
v -0.00014104 -0.00061626 -0.02970667
v -0.00014104 -0.00674228 -0.04696624
v -0.00030503 0.00429625 -0.02791827
v -0.00030503 0.00387806 -0.0273004
v -0.00030503 -0.00716718 -0.04694652
v -0.00014104 0.00202197 -0.04737304
v -0.00014104 0.00401467 -0.0303225
v -0.00030503 0.00451925 -0.02964272
v -0.00030503 0.00454702 -0.02867104
v -0.00030503 0.00247747 -0.04739419
v -0.00030503 0.00446563 -0.03038247
v -0.00030503 0.00359702 -0.0267241
v -0.00201333 0.00011892 -0.02390473
v -0.00136511 0.00011892 -0.02390473
v -0.00136511 -0.00200854 -0.02459774
v -0.00201333 -0.00200854 -0.02459774
v -0.00075308 -0.0018946 -0.02463013
v -0.00075308 0.00025825 -0.02392885
v -0.00030503 -0.00158332 -0.02471865
v -0.00030503 0.0006389 -0.02399477
v -0.00262536 -0.0018946 -0.02463013
v -0.00262536 0.00025825 -0.02392885
v -0.0030734 -0.00158332 -0.02471865
v -0.0030734 0.0006389 -0.02399477
v -0.00201333 0.00222309 -0.02033981
v -0.00136511 0.00222309 -0.02033981
v -0.00136511 0.00150295 -0.02237322
v -0.00201333 0.00150295 -0.02237322
v -0.00136511 0.00011892 -0.02390473
v -0.00201333 0.00267598 -0.01819986
v -0.00136511 0.00267598 -0.01819986
v -0.00201333 0.00011892 -0.02390473
v -0.00075308 0.00236951 -0.02035608
v -0.00075308 0.0028224 -0.01821614
v -0.00075308 0.00164937 -0.02238949
v -0.00075308 0.00025825 -0.02392885
v -0.00030503 0.00276955 -0.02040055
v -0.00030503 0.00322244 -0.0182606
v -0.00030503 0.00204941 -0.02243395
v -0.00030503 0.0006389 -0.02399477
v -0.00262536 0.00236951 -0.02035608
v -0.00262536 0.0028224 -0.01821614
v -0.00262536 0.00164937 -0.02238949
v -0.0030734 0.00276955 -0.02040054
v -0.0030734 0.00322244 -0.0182606
v -0.0030734 0.00204941 -0.02243395
v -0.0030734 0.0006389 -0.02399477
v -0.00262536 0.00025825 -0.02392885
v -0.00075308 0.00281091 -0.04740966
v -0.00014104 0.00202197 -0.04737304
v -0.00030503 0.00247747 -0.04739419
v -0.00136511 0.00293297 -0.04741533
v -0.00201333 0.00293297 -0.04741533
v -0.0032374 0.00202197 -0.04737304
v -0.0032374 -0.00674228 -0.04696624
v -0.00014104 -0.00674228 -0.04696624
v -0.00136511 -0.00759208 -0.04692679
v -0.00075308 -0.00747823 -0.04693208
v -0.00030503 -0.00716718 -0.04694652
v -0.00201333 -0.00759208 -0.04692679
v -0.00262536 -0.00747823 -0.04693208
v -0.00307341 -0.00716718 -0.04694652
v -0.00262536 0.00281092 -0.04740966
v -0.0030734 0.00247747 -0.04739419
v -0.00030503 -0.00195643 -0.02514491
v -0.00075308 -0.00226771 -0.0250564
v -0.00075308 -0.0018946 -0.02463013
v -0.00075308 -0.00237933 -0.02552104
v -0.00030503 -0.00158332 -0.02471865
v -0.00136511 -0.00200854 -0.02459774
v -0.00136511 -0.00238164 -0.025024
v -0.00136511 -0.00249326 -0.02548864
v -0.00136511 -0.00204654 -0.0273385
v -0.00201333 -0.00249326 -0.02548864
v -0.00201333 -0.00238164 -0.025024
v -0.00201333 -0.00200854 -0.02459774
v -0.00201333 -0.00204654 -0.0273385
v -0.00262536 -0.00237933 -0.02552104
v -0.00262536 -0.00226771 -0.0250564
v -0.00262536 -0.0018946 -0.02463013
v -0.00201333 -0.00179668 -0.02809119
v -0.00075308 -0.00193803 -0.02734842
v -0.00030503 -0.00206805 -0.02560956
v -0.00136511 -0.00179668 -0.02809119
v -0.00136511 -0.00148046 -0.02884485
v -0.00075308 -0.00168817 -0.02810111
v -0.00030503 -0.00164159 -0.02737552
v -0.00201333 -0.00148046 -0.02884485
v -0.00262536 -0.00168817 -0.02810111
v -0.00262536 -0.00193803 -0.02734842
v -0.0030734 -0.00206805 -0.02560956
v -0.0030734 -0.00195643 -0.02514491
v -0.0030734 -0.00158332 -0.02471865
v -0.00075308 -0.00136995 -0.02885955
v -0.00030503 -0.00139173 -0.02812821
v -0.00136511 -0.00144113 -0.02959697
v -0.00201333 -0.00144113 -0.02959697
v -0.00136511 -0.00759208 -0.04692679
v -0.00075308 -0.00747823 -0.04693208
v -0.00075308 -0.00133061 -0.02961167
v -0.00030503 -0.00106803 -0.0288997
v -0.00030503 -0.00716718 -0.04694652
v -0.00030503 -0.00102869 -0.02965182
v -0.00201333 -0.00759208 -0.04692679
v -0.00262536 -0.00747823 -0.04693208
v -0.00262536 -0.00133061 -0.02961167
v -0.00262536 -0.00136995 -0.02885955
v -0.00307341 -0.00716718 -0.04694652
v -0.0030734 -0.00102869 -0.02965182
v -0.0030734 -0.00106803 -0.0288997
v -0.0030734 -0.00139173 -0.02812821
v -0.0030734 -0.00164159 -0.02737552
v -0.0032374 0.0059353 -0.01856212
v -0.0030734 0.00575867 -0.02073277
v -0.00307341 0.00649209 -0.01862401
v -0.00177118 0.007744879 0.00030147
v -0.00177118 0.007744879 0.04900308
v -0.00228141 0.007608159 0.04900308
v -0.00228141 0.007608159 0.00030147
v -0.00126095 0.007608159 0.00030147
v -0.00126095 0.007608159 0.04900308
v -0.00228141 0.007608159 0.00030147
v -0.00228141 0.007608159 0.04900308
v -0.00265492 0.00723464 0.04900308
v -0.00265492 0.00723464 0.00030147
v -0.00279164 0.00672441 0.04900308
v -0.00279164 0.00672441 0.00030147
v -0.00265492 0.00621418 0.04900308
v -0.00265492 0.00621418 0.00030147
v -0.00228141 0.00584067 0.04900308
v -0.00228141 0.00584067 0.00030147
v -0.00228141 0.00584067 0.00030147
v -0.00228141 0.00584067 0.04900308
v -0.00177118 0.00570395 0.04900308
v -0.00177118 0.00570395 0.00030147
v -0.00126095 0.00584067 0.04900308
v -0.00126095 0.00584067 0.00030147
v -0.00126095 0.00584067 0.00030147
v -0.00126095 0.00584067 0.04900308
v -0.00088743 0.00621418 0.04900308
v -0.00088743 0.00621418 0.00030147
v -0.00075072 0.00672441 0.04900308
v -0.00075072 0.00672441 0.00030147
v -0.00088743 0.00723464 0.04900308
v -0.00088743 0.00723464 0.00030147
v -0.00126095 0.007608159 0.04900308
v -0.00126095 0.007608159 0.00030147
v -0.00177118 0.007744879 0.00030147
v -0.00177118 0.00570395 0.00030147
v -0.00088743 0.00723464 0.00030147
v -0.00126095 0.007608159 0.00030147
v -0.00126095 0.00584067 0.00030147
v -0.00088743 0.00621418 0.00030147
v -0.00075072 0.00672441 0.00030147
v -0.00265492 0.00723464 0.00030147
v -0.00228141 0.007608159 0.00030147
v -0.00228141 0.00584067 0.00030147
v -0.00265492 0.00621418 0.00030147
v -0.00279164 0.00672441 0.00030147
v -0.00218725 0.00744508 0.04900308
v -0.00177118 0.00672441 0.03299638
v -0.00249184 0.00714049 0.04900308
v -0.00260333 0.00672441 0.04900308
v -0.00249184 0.00630834 0.04900308
v -0.00218725 0.00600375 0.04900308
v -0.00030503 0.00322244 -0.0182606
v -0.00307341 0.00649209 -0.01862401
v -0.0030734 0.00575867 -0.02073277
v -0.00262536 0.00616628 -0.02077808
v -0.00262536 0.00689969 -0.01866931
v -0.00262536 0.00530468 -0.02279576
v -0.0030734 0.00489707 -0.02275046
v -0.00262536 0.00422222 -0.02461531
v -0.0030734 0.00382825 -0.02454708
v -0.00262536 0.00382191 -0.02625571
v -0.0030734 0.00343794 -0.02614652
v -0.0030734 0.00359702 -0.0267241
v -0.0032374 0.0037689 -0.01832134
v -0.00014104 0.0037689 -0.01832134
v -0.00201333 0.00267598 -0.01819986
v -0.0032374 0.0059353 -0.01856212
v -0.00014104 0.0059353 -0.01856212
v -0.00262536 0.0028224 -0.01821614
v -0.0030734 0.00322244 -0.0182606
v -0.00136511 0.00267598 -0.01819986
v -0.00075308 0.0028224 -0.01821614
v -0.00030503 0.00322244 -0.0182606
v -0.00136511 0.00704889 -0.0186859
v -0.00075308 0.00689969 -0.01866931
v -0.00030503 0.00649209 -0.01862401
v -0.00201333 0.00704889 -0.0186859
v -0.00262536 0.00689969 -0.01866931
v -0.00307341 0.00649209 -0.01862401
v -0.00218725 0.00744508 0.04900308
v -0.00228141 0.007608159 0.04900308
v -0.00177118 0.007744879 0.04900308
v -0.00177118 0.00755657 0.04900308
v -0.0013551 0.00744508 0.04900308
v -0.00265492 0.00723464 0.04900308
v -0.00249184 0.00714049 0.04900308
v -0.00260333 0.00672441 0.04900308
v -0.00279164 0.00672441 0.04900308
v -0.00265492 0.00621418 0.04900308
v -0.00249184 0.00630834 0.04900308
v -0.00228141 0.00584067 0.04900308
v -0.00218725 0.00600375 0.04900308
v -0.00177118 0.00589226 0.04900308
v -0.00177118 0.00570395 0.04900308
v -0.00126095 0.00584067 0.04900308
v -0.0013551 0.00600375 0.04900308
v -0.00105051 0.00630834 0.04900308
v -0.00088743 0.00621418 0.04900308
v -0.00075072 0.00672441 0.04900308
v -0.00093903 0.00672441 0.04900308
v -0.00105051 0.00714049 0.04900308
v -0.00088743 0.00723464 0.04900308
v -0.00126095 0.007608159 0.04900308
v -0.00177118 0.00589226 0.04900308
v -0.00177118 0.00672441 0.03299638
v -0.0013551 0.00600375 0.04900308
v -0.00218725 0.00600375 0.04900308
v -0.0013551 0.00744508 0.04900308
v -0.00177118 0.00672441 0.03299638
v -0.00177118 0.00755657 0.04900308
v -0.00218725 0.00744508 0.04900308
v -0.00093903 0.00672441 0.04900308
v -0.00177118 0.00672441 0.03299638
v -0.00105051 0.00714049 0.04900308
v -0.0013551 0.00744508 0.04900308
v -0.00105051 0.00630834 0.04900308
v -0.0013551 0.00600375 0.04900308
v -0.00113297 0.00812686 -0.01468914
v -0.00113297 0.00817452 0.00036696
v -0.00224546 0.00817452 0.00036696
v -0.00224546 0.00812686 -0.01468914
v -0.00113297 0.00705413 -0.01882748
v -0.00056649 0.0079746 -0.01467367
v -0.00056649 0.00802221 0.00036774
v -0.00056649 0.0069025 -0.01880958
v -0.00281195 0.0079746 -0.01467367
v -0.00224546 0.00705413 -0.01882748
v -0.00281195 0.00802221 0.00036774
v -0.00281195 0.0069025 -0.01880958
v -0.00337844 0.00592236 -0.01869388
v 0 0.00592236 -0.01869388
v -0.00224546 0.00705413 -0.01882748
v -0.00113297 0.00705413 -0.01882748
v -0.00015179 0.00648825 -0.01876068
v -0.00056649 0.0069025 -0.01880958
v -0.00337844 0.00370721 -0.01843238
v 0 0.00370721 -0.01843238
v -0.00322665 0.00648825 -0.01876068
v -0.00281195 0.0069025 -0.01880958
v -0.00113297 0.00257453 -0.01829867
v -0.00015179 0.00314087 -0.01836553
v -0.00056649 0.00272628 -0.01831659
v -0.00224546 0.00257453 -0.01829867
v -0.00322665 0.00314087 -0.01836553
v -0.00281195 0.00272628 -0.01831659
v -0.00337844 0.00372035 -0.0142416
v -0.00337844 0.0054188 -0.008354
v -0.00337844 0.00373598 0.00038973
v -0.00322665 0.00315399 -0.01418407
v -0.00337844 0.00551537 -0.00871603
v -0.00337844 0.00578008 -0.008981059
v -0.00337844 0.006142 -0.009078059
v -0.00337844 0.00699038 -0.01457371
v -0.00337844 0.00592236 -0.01869388
v -0.00337844 0.00679812 -0.009078059
v -0.00337844 0.00700796 -0.00902189
v -0.00337844 0.00542686 -0.00163167
v -0.00337844 0.0055243 -0.00126963
v -0.00337844 0.00578964 -0.00100461
v -0.00337844 0.00703769 0.00037279
v -0.00337844 0.00615179 -0.0009076
v -0.00337844 0.00682778 -0.0009076
v -0.00337844 0.00703347 -0.00096277
v -0.00322665 0.00648825 -0.01876068
v -0.00322665 0.00755862 -0.01463143
v -0.00281195 0.0069025 -0.01880958
v -0.00281195 0.0079746 -0.01467367
v -0.00281195 0.00802221 0.00036774
v -0.00322665 0.00760611 0.00036987
v -0.00333774 0.0071605 -0.008981059
v -0.00333675 0.00718945 -0.00100461
v -0.00326693 0.00742649 -0.00871603
v -0.00324098 0.00752481 -0.00835401
v -0.00326601 0.00745352 -0.00126963
v -0.00324015 0.00754921 -0.00163166
v 0 0.00703769 0.00037279
v 0 0.00699038 -0.01457371
v 0 0.00372035 -0.0142416
v -0.00015179 0.00760611 0.00036987
v 0 0.00373598 0.00038973
v -0.00015179 0.00315399 -0.01418407
v 0 0.00592236 -0.01869388
v 0 0.00370721 -0.01843238
v -0.00015179 0.00314087 -0.01836553
v -0.00056649 0.00272628 -0.01831659
v -0.00015179 0.00648825 -0.01876068
v -0.00015179 0.00755862 -0.01463143
v -0.00056649 0.00802221 0.00036774
v -0.00056649 0.0069025 -0.01880958
v -0.00056649 0.0079746 -0.01467367
v -0.00015179 0.00316955 0.00039264
v -0.00056649 0.00273938 -0.01414196
v -0.00056649 0.0027549 0.00039477
v -0.00113297 0.00258762 -0.01412655
v -0.00113297 0.00257453 -0.01829867
v -0.00224546 0.00257453 -0.01829867
v -0.00224546 0.00258762 -0.01412655
v -0.00113297 0.00259321 -0.00889174
v -0.00224546 0.00259321 -0.00889174
v -0.00090506 0.00265427 -0.00889181
v -0.00056649 0.00273938 -0.01414196
v -0.00056649 0.0027549 0.00039477
v -0.00056649 0.00272628 -0.01831659
v -0.00090506 0.00266172 -0.00191932
v -0.00113297 0.00260312 0.00039555
v -0.00113297 0.00260065 -0.00191925
v -0.00247338 0.00265427 -0.00889181
v -0.00281195 0.00273938 -0.01414196
v -0.00281195 0.00272628 -0.01831659
v -0.00281195 0.0027549 0.00039477
v -0.00247338 0.00266172 -0.00191932
v -0.00224546 0.00260312 0.00039555
v -0.00224546 0.00260065 -0.00191925
v -0.00337844 0.00373598 0.00038973
v 0 0.00373598 0.00038973
v -0.00224546 0.00260312 0.00039555
v -0.00113297 0.00260312 0.00039555
v -0.00056649 0.0027549 0.00039477
v -0.00015179 0.00316955 0.00039264
v -0.00337844 0.00703769 0.00037279
v 0 0.00703769 0.00037279
v -0.00322665 0.00316955 0.00039264
v -0.00281195 0.0027549 0.00039477
v -0.00113297 0.00817452 0.00036696
v -0.00015179 0.00760611 0.00036987
v -0.00056649 0.00802221 0.00036774
v -0.00224546 0.00817452 0.00036696
v -0.00322665 0.00760611 0.00036987
v -0.00281195 0.00802221 0.00036774
v -0.00281195 0.00273938 -0.01414196
v -0.00322665 0.00316955 0.00039264
v -0.00281195 0.0027549 0.00039477
v -0.00281195 0.00272628 -0.01831659
v -0.00322665 0.00314087 -0.01836553
v -0.00337844 0.00370721 -0.01843238
v -0.00286335 0.00578964 -0.00100461
v -0.00286335 0.0055243 -0.00126963
v -0.00171415 0.0055243 -0.00126963
v -0.00171415 0.00578964 -0.00100461
v -0.00171415 0.00542686 -0.00163167
v -0.00286335 0.00542686 -0.00163167
v -0.00337844 0.0055243 -0.00126963
v -0.00337844 0.00578964 -0.00100461
v -0.00337844 0.00542686 -0.00163167
v -0.00337844 0.0054188 -0.008354
v -0.00286335 0.0054188 -0.008354
v -0.00337844 0.00551537 -0.00871603
v -0.00286335 0.00551537 -0.00871603
v -0.00171415 0.00551537 -0.00871603
v -0.00171415 0.0054188 -0.008354
v -0.00090506 0.00266172 -0.00191932
v -0.00090506 0.00265427 -0.00889181
v -0.00090506 0.00392961 -0.00889325
v -0.00090506 0.00394512 -0.00192076
v -0.00224546 0.00259321 -0.00889174
v -0.00090506 0.00392961 -0.00889325
v -0.00113297 0.00259321 -0.00889174
v -0.00090506 0.00265427 -0.00889181
v -0.00247338 0.00392961 -0.00889325
v -0.00247338 0.00265427 -0.00889181
v -0.00113297 0.00260065 -0.00191925
v -0.00247338 0.00394512 -0.00192076
v -0.00224546 0.00260065 -0.00191925
v -0.00247338 0.00266172 -0.00191932
v -0.00090506 0.00394512 -0.00192076
v -0.00090506 0.00266172 -0.00191932
v -0.00247338 0.00392961 -0.00889325
v -0.00247338 0.00265427 -0.00889181
v -0.00247338 0.00266172 -0.00191932
v -0.00247338 0.00394512 -0.00192076
v -0.00171415 0.00718945 -0.00100461
v -0.00171415 0.00754921 -0.00163166
v -0.00171415 0.00745352 -0.00126963
v -0.00171415 0.00682778 -0.0009076
v -0.00171415 0.00615179 -0.0009076
v -0.00171415 0.00542686 -0.00163167
v -0.00171415 0.00752481 -0.00835401
v -0.00171415 0.0054188 -0.008354
v -0.00171415 0.00679812 -0.009078059
v -0.00171415 0.00742649 -0.00871603
v -0.00171415 0.0071605 -0.008981059
v -0.00171415 0.006142 -0.009078059
v -0.00171415 0.00578008 -0.008981059
v -0.00171415 0.00551537 -0.00871603
v -0.00171415 0.0055243 -0.00126963
v -0.00171415 0.00578964 -0.00100461
v -0.00171415 0.00781161 -0.00163355
v -0.00171415 0.00779117 -0.008355889
v -0.00171415 0.00515507 -0.00835338
v -0.00171415 0.00516182 -0.00163104
v -0.00286335 0.006142 -0.009078059
v -0.00286335 0.00679812 -0.009078059
v -0.00171415 0.00679812 -0.009078059
v -0.00171415 0.006142 -0.009078059
v -0.00286335 0.00578008 -0.008981059
v -0.00171415 0.0071605 -0.008981059
v -0.00286335 0.0071605 -0.008981059
v -0.00171415 0.00578008 -0.008981059
v -0.00286335 0.00551537 -0.00871603
v -0.00171415 0.00551537 -0.00871603
v -0.00337844 0.006142 -0.009078059
v -0.00337844 0.00578008 -0.008981059
v -0.00337844 0.00551537 -0.00871603
v -0.00337844 0.00679812 -0.009078059
v -0.00337844 0.00700796 -0.00902189
v -0.00333774 0.0071605 -0.008981059
v -0.00286335 0.0071605 -0.008981059
v -0.00286335 0.00742649 -0.00871603
v -0.00171415 0.00742649 -0.00871603
v -0.00171415 0.0071605 -0.008981059
v -0.00171415 0.00752481 -0.00835401
v -0.00286335 0.00752481 -0.00835401
v -0.00326693 0.00742649 -0.00871603
v -0.00333774 0.0071605 -0.008981059
v -0.00324098 0.00752481 -0.00835401
v -0.00324015 0.00754921 -0.00163166
v -0.00286335 0.00754921 -0.00163166
v -0.00286335 0.00745352 -0.00126963
v -0.00171415 0.00745352 -0.00126963
v -0.00326601 0.00745352 -0.00126963
v -0.00171415 0.00754921 -0.00163166
v -0.00286335 0.00745352 -0.00126963
v -0.00286335 0.00718945 -0.00100461
v -0.00171415 0.00718945 -0.00100461
v -0.00171415 0.00745352 -0.00126963
v -0.00171415 0.00682778 -0.0009076
v -0.00286335 0.00682778 -0.0009076
v -0.00171415 0.00615179 -0.0009076
v -0.00286335 0.00615179 -0.0009076
v -0.00171415 0.00578964 -0.00100461
v -0.00286335 0.00578964 -0.00100461
v -0.00337844 0.00703347 -0.00096277
v -0.00337844 0.00682778 -0.0009076
v -0.00337844 0.00615179 -0.0009076
v -0.00337844 0.00578964 -0.00100461
v -0.00333675 0.00718945 -0.00100461
v -0.00326601 0.00745352 -0.00126963
v -0.00286335 0.0054188 -0.008354
v -0.00171415 0.0054188 -0.008354
v -0.00171415 0.00515507 -0.00835338
v -0.00286335 0.00515507 -0.00835338
v -0.00286335 0.00779117 -0.008355889
v -0.00286335 0.00781161 -0.00163355
v -0.00171415 0.00781161 -0.00163355
v -0.00171415 0.00779117 -0.008355889
v -0.00286335 0.00516182 -0.00163104
v -0.00286335 0.00515507 -0.00835338
v -0.00171415 0.00515507 -0.00835338
v -0.00171415 0.00516182 -0.00163104
v -0.00286335 0.00752481 -0.00835401
v -0.00286335 0.00754921 -0.00163166
v -0.00286335 0.00781161 -0.00163355
v -0.00286335 0.00779117 -0.008355889
v -0.00171415 0.00752481 -0.00835401
v -0.00286335 0.00752481 -0.00835401
v -0.00286335 0.00779117 -0.008355889
v -0.00171415 0.00779117 -0.008355889
v -0.00286335 0.00542686 -0.00163167
v -0.00286335 0.0054188 -0.008354
v -0.00286335 0.00515507 -0.00835338
v -0.00286335 0.00516182 -0.00163104
v -0.00286335 0.00754921 -0.00163166
v -0.00171415 0.00754921 -0.00163166
v -0.00171415 0.00781161 -0.00163355
v -0.00286335 0.00781161 -0.00163355
v -0.00171415 0.00542686 -0.00163167
v -0.00286335 0.00542686 -0.00163167
v -0.00286335 0.00516182 -0.00163104
v -0.00171415 0.00516182 -0.00163104
v -0.00090506 0.00394512 -0.00192076
v -0.00090506 0.00392961 -0.00889325
v -0.00247338 0.00392961 -0.00889325
v -0.00247338 0.00394512 -0.00192076
v -0.00106651 0.00257799 -0.01656674
v -0.00106651 0.00268168 -0.01587114
v -0.00231193 0.00268168 -0.01587114
v -0.00231193 0.00257799 -0.01656674
v -0.00184985 0.0005146899 -0.01519702
v -0.00152859 0.0005146899 -0.01519702
v -0.00152859 0.00037522 -0.01528538
v -0.00184985 0.00037522 -0.01528538
v -0.0019985 0.00190404 -0.01582259
v -0.00137994 0.00190404 -0.01582259
v -0.00139264 0.00137289 -0.01568681
v -0.0019858 0.00137289 -0.01568681
v -0.00231193 0.00268168 -0.01587114
v -0.00106651 0.00268168 -0.01587114
v -0.0014226 0.0008296799 -0.01541368
v -0.00195584 0.0008296799 -0.01541368
v -0.00152859 0.0005146899 -0.01519702
v -0.00184985 0.0005146899 -0.01519702
v -0.0019985 0.00190404 -0.01582259
v -0.0019858 0.00137289 -0.01568681
v -0.00198541 0.00126267 -0.01590978
v -0.00195946 0.00072192 -0.0156289
v -0.0019985 0.00183268 -0.01625139
v -0.00231193 0.00268168 -0.01587114
v -0.00231193 0.00257799 -0.01656674
v -0.00195584 0.0008296799 -0.01541368
v -0.00184985 0.0005146899 -0.01519702
v -0.00184985 0.00037522 -0.01528538
v -0.00137994 0.00183268 -0.01625139
v -0.0019985 0.00183268 -0.01625139
v -0.00198541 0.00126267 -0.01590978
v -0.00139303 0.00126267 -0.01590978
v -0.00106651 0.00257799 -0.01656674
v -0.00231193 0.00257799 -0.01656674
v -0.00195946 0.00072192 -0.0156289
v -0.00141898 0.00072192 -0.0156289
v -0.00184985 0.00037522 -0.01528538
v -0.00152859 0.00037522 -0.01528538
v -0.00137994 0.00190404 -0.01582259
v -0.00137994 0.00183268 -0.01625139
v -0.00139303 0.00126267 -0.01590978
v -0.00139264 0.00137289 -0.01568681
v -0.00106651 0.00268168 -0.01587114
v -0.00106651 0.00257799 -0.01656674
v -0.00141898 0.00072192 -0.0156289
v -0.0014226 0.0008296799 -0.01541368
v -0.00152859 0.0005146899 -0.01519702
v -0.00152859 0.00037522 -0.01528538
v -0.00169805 0.00554475 0.01060453
v -0.00169805 0.00554475 0.02789369
v -0.00270107 0.00527599 0.02789369
v -0.00270107 0.00527599 0.01060453
v -0.00343533 0.00454173 0.02789369
v -0.00343533 0.00454173 0.01060453
v -0.00069502 0.00527599 0.01060453
v -0.00069502 0.00527599 0.02789369
v 3.924E-05 0.00454173 0.01060453
v 3.924E-05 0.00454173 0.02789369
v -0.00343533 0.00454173 0.01060453
v -0.00343533 0.00454173 0.02789369
v -0.00370409 0.0035387 0.02789369
v -0.00370409 0.0035387 0.01060453
v -0.00343533 0.00253568 0.02789369
v -0.00343533 0.00253568 0.01060453
v -0.00270107 0.00180142 0.02789369
v -0.00270107 0.00180142 0.01060453
v -0.00270107 0.00180142 0.01060453
v -0.00270107 0.00180142 0.02789369
v -0.00169805 0.00153266 0.02789369
v -0.00169805 0.00153266 0.01060453
v -0.00069503 0.00180142 0.02789369
v -0.00069503 0.00180142 0.01060453
v -0.00069503 0.00180142 0.01060453
v -0.00069503 0.00180142 0.02789369
v 3.924E-05 0.00253568 0.02789369
v 3.924E-05 0.00253568 0.01060453
v 0.000308 0.0035387 0.02789369
v 0.000308 0.0035387 0.01060453
v 3.924E-05 0.00454173 0.02789369
v 3.924E-05 0.00454173 0.01060453
v 3.924E-05 0.00454173 0.01060453
v -0.00343533 0.00454173 0.01060453
v -0.00169805 0.00153266 0.01060453
v -0.00069503 0.00180142 0.01060453
v 3.924E-05 0.00253568 0.01060453
v 0.000308 0.0035387 0.01060453
v -0.00270107 0.00180142 0.01060453
v -0.00343533 0.00253568 0.01060453
v -0.00370409 0.0035387 0.01060453
v -0.00169805 0.00554475 0.01060453
v -0.00270107 0.00527599 0.01060453
v -0.00069502 0.00527599 0.01060453
v -0.00069503 0.00180142 0.02789369
v -0.00069502 0.00527599 0.02789369
v 0.000308 0.0035387 0.02789369
v 3.924E-05 0.00253568 0.02789369
v 3.924E-05 0.00454173 0.02789369
v -0.00270107 0.00180142 0.02789369
v -0.00169805 0.00153266 0.02789369
v -0.00370409 0.0035387 0.02789369
v -0.00169805 0.00554475 0.02789369
v -0.00270107 0.00527599 0.02789369
v -0.00343533 0.00454173 0.02789369
v -0.00343533 0.00253568 0.02789369
v -0.00040662 0.00405215 0.04085057
v -0.00245346 0.00287041 0.04085057
v -0.0010889 0.00287041 0.04085057
v -0.00058944 0.00336987 0.04085057
v -0.00177118 0.00268759 0.04085057
v -0.0010889 0.00523389 0.04085057
v -0.00058944 0.00473442 0.04085057
v -0.00245346 0.00523389 0.04085057
v -0.00177118 0.0054167 0.04085057
v -0.00295292 0.00473442 0.04085057
v -0.00313573 0.00405215 0.04085057
v -0.00295292 0.00336987 0.04085057
v -0.00313573 0.00405215 0.04202197
v -0.0010889 0.00523389 0.04202197
v -0.0010889 0.00287041 0.04202197
v -0.00177118 0.0054167 0.04202197
v -0.00245346 0.00523389 0.04202197
v -0.00295292 0.00473442 0.04202197
v -0.00245346 0.00287041 0.04202197
v -0.00295292 0.00336987 0.04202197
v -0.00177118 0.00268759 0.04202197
v -0.00040662 0.00405215 0.04202197
v -0.00058944 0.00336987 0.04202197
v -0.00058944 0.00473442 0.04202197
v -0.00295292 0.00336987 0.04085057
v -0.00313573 0.00405215 0.04085057
v -0.00313573 0.00405215 0.04202197
v -0.00295292 0.00336987 0.04202197
v -0.00245346 0.00287041 0.04085057
v -0.00245346 0.00287041 0.04202197
v -0.00295292 0.00473442 0.04202197
v -0.00295292 0.00473442 0.04085057
v -0.00177118 0.0054167 0.04085057
v -0.0010889 0.00523389 0.04085057
v -0.0010889 0.00523389 0.04202197
v -0.00177118 0.0054167 0.04202197
v -0.00245346 0.00523389 0.04085057
v -0.00245346 0.00523389 0.04202197
v -0.00295292 0.00473442 0.04085057
v -0.00295292 0.00473442 0.04202197
v -0.00058944 0.00473442 0.04202197
v -0.00058944 0.00473442 0.04085057
v -0.00058944 0.00473442 0.04085057
v -0.00040662 0.00405215 0.04085057
v -0.00040662 0.00405215 0.04202197
v -0.00058944 0.00473442 0.04202197
v -0.00058944 0.00336987 0.04202197
v -0.00058944 0.00336987 0.04085057
v -0.0010889 0.00287041 0.04202197
v -0.0010889 0.00287041 0.04085057
v -0.0010889 0.00287041 0.04085057
v -0.00177118 0.00268759 0.04085057
v -0.00177118 0.00268759 0.04202197
v -0.0010889 0.00287041 0.04202197
v -0.00245346 0.00287041 0.04202197
v -0.00245346 0.00287041 0.04085057
v -0.00075308 0.00241942 -0.04922607
v -0.00014104 0.00163048 -0.04918945
v -0.00030503 0.00208597 -0.0492106
v -0.00136511 0.00254147 -0.04923174
v -0.00201333 0.00254147 -0.04923174
v -0.0032374 0.00163048 -0.04918945
v -0.0032374 -0.00713377 -0.04878265
v -0.00014104 -0.00713377 -0.04878265
v -0.00136511 -0.00798357 -0.04874321
v -0.00075308 -0.00786972 -0.04874849
v -0.00030503 -0.00755867 -0.04876293
v -0.00201333 -0.00798357 -0.04874321
v -0.00262536 -0.00786972 -0.04874849
v -0.00307341 -0.00755867 -0.04876293
v -0.00262536 0.00241942 -0.04922607
v -0.0030734 0.00208597 -0.0492106
v -0.00136511 0.00293297 -0.04741533
v -0.00201333 0.00293297 -0.04741533
v -0.00201333 0.00254147 -0.04923174
v -0.00136511 0.00254147 -0.04923174
v -0.00075308 0.00281091 -0.04740966
v -0.00075308 0.00241942 -0.04922607
v -0.00030503 0.00247747 -0.04739419
v -0.00030503 0.00208597 -0.0492106
v -0.00262536 0.00281092 -0.04740966
v -0.00262536 0.00241942 -0.04922607
v -0.0030734 0.00247747 -0.04739419
v -0.0030734 0.00208597 -0.0492106
v -0.00262536 -0.00747823 -0.04693208
v -0.00262536 -0.00786972 -0.04874849
v -0.00307341 -0.00755867 -0.04876293
v -0.00307341 -0.00716718 -0.04694652
v -0.00201333 -0.00759208 -0.04692679
v -0.00201333 -0.00798357 -0.04874321
v -0.00136511 -0.00798357 -0.04874321
v -0.00136511 -0.00759208 -0.04692679
v -0.00075308 -0.00786972 -0.04874849
v -0.00075308 -0.00747823 -0.04693208
v -0.00030503 -0.00755867 -0.04876293
v -0.00030503 -0.00716718 -0.04694652
v -0.00030503 -0.00716718 -0.04694652
v -0.00014104 -0.00674228 -0.04696624
v -0.00014104 -0.00713377 -0.04878265
v -0.00030503 -0.00755867 -0.04876293
v -0.00014104 0.00163048 -0.04918945
v -0.00014104 0.00202197 -0.04737304
v -0.00030503 0.00208597 -0.0492106
v -0.00030503 0.00247747 -0.04739419
v -0.0032374 0.00202197 -0.04737304
v -0.0032374 0.00163048 -0.04918945
v -0.0030734 0.00208597 -0.0492106
v -0.0030734 0.00247747 -0.04739419
v -0.0032374 -0.00674228 -0.04696624
v -0.0032374 -0.00713377 -0.04878265
v -0.00307341 -0.00716718 -0.04694652
v -0.00307341 -0.00755867 -0.04876293
v -0.00159744 0.00816191 0.04803569
v -0.00163791 0.00814759 0.0481048
v -0.00165926 0.00820828 0.04808345
v -0.00163791 0.00822963 0.04802276
v -0.00158262 0.00816523 0.04795577
v -0.00158262 0.0080806 0.0480404
v -0.00163056 0.0080806 0.04811214
v -0.00156579 0.0080806 0.04795577
v -0.00163791 0.00801362 0.0481048
v -0.00159744 0.00799929 0.04803569
v -0.00158262 0.00799597 0.04795577
v -0.00159744 0.00799929 0.04787585
v -0.00158262 0.0080806 0.04787114
v -0.00159744 0.00816191 0.04787585
v -0.00163791 0.00822963 0.04788878
v -0.00163791 0.00801362 0.04780674
v -0.00163056 0.00823698 0.04795577
v -0.00163791 0.00814759 0.04780674
v -0.00163056 0.0080806 0.0477994
v -0.00165926 0.00820828 0.04782809
v -0.00163791 0.00793157 0.04788878
v -0.00163056 0.00792423 0.04795577
v -0.00165926 0.00795292 0.04782809
v -0.00163791 0.00793157 0.04802276
v -0.00165926 0.00795292 0.04808345
v -0.00186686 0.00816191 0.04814527
v -0.00193596 0.00814759 0.0481048
v -0.00191462 0.00820828 0.04808345
v -0.00185392 0.00822963 0.0481048
v -0.00178694 0.00816523 0.04816009
v -0.00187157 0.0080806 0.04816009
v -0.00194331 0.0080806 0.04811214
v -0.00178694 0.0080806 0.04817692
v -0.00193596 0.00801362 0.0481048
v -0.00186686 0.00799929 0.04814527
v -0.00178694 0.00799597 0.04816009
v -0.00170701 0.00799929 0.04814527
v -0.00170231 0.0080806 0.04816009
v -0.00170701 0.00816191 0.04814527
v -0.00171995 0.00822963 0.0481048
v -0.00163791 0.00801362 0.0481048
v -0.00178694 0.00823698 0.04811214
v -0.00163791 0.00814759 0.0481048
v -0.00163056 0.0080806 0.04811214
v -0.00165926 0.00820828 0.04808345
v -0.00171995 0.00793157 0.0481048
v -0.00178694 0.00792423 0.04811214
v -0.00165926 0.00795292 0.04808345
v -0.00185392 0.00793157 0.0481048
v -0.00191462 0.00795292 0.04808345
v -0.00197643 0.00816191 0.04787585
v -0.00193597 0.00814759 0.04780674
v -0.00191462 0.00820828 0.04782809
v -0.00193596 0.00822963 0.04788878
v -0.00199125 0.00816523 0.04795577
v -0.00199125 0.0080806 0.04787114
v -0.00194331 0.0080806 0.0477994
v -0.00200808 0.0080806 0.04795577
v -0.00193596 0.00801362 0.04780674
v -0.00197643 0.00799929 0.04787585
v -0.00199125 0.00799597 0.04795577
v -0.00197643 0.00799929 0.04803569
v -0.00199125 0.0080806 0.0480404
v -0.00197643 0.00816191 0.04803569
v -0.00193596 0.00822963 0.04802276
v -0.00193596 0.00801362 0.0481048
v -0.00194331 0.00823698 0.04795577
v -0.00193596 0.00814759 0.0481048
v -0.00194331 0.0080806 0.04811214
v -0.00191462 0.00820828 0.04808345
v -0.00193596 0.00793157 0.04802276
v -0.00194331 0.00792423 0.04795577
v -0.00191462 0.00795292 0.04808345
v -0.00193596 0.00793157 0.04788878
v -0.00191462 0.00795292 0.04782809
v -0.00170701 0.00816191 0.04776628
v -0.00163791 0.00814759 0.04780674
v -0.00165926 0.00820828 0.04782809
v -0.00171995 0.00822963 0.04780674
v -0.00178694 0.00816523 0.04775146
v -0.00170231 0.0080806 0.04775146
v -0.00163056 0.0080806 0.0477994
v -0.00178694 0.0080806 0.04773463
v -0.00163791 0.00801362 0.04780674
v -0.00170701 0.00799929 0.04776628
v -0.00178694 0.00799597 0.04775146
v -0.00186686 0.00799929 0.04776628
v -0.00187157 0.0080806 0.04775146
v -0.00186686 0.00816191 0.04776628
v -0.00185392 0.00822963 0.04780674
v -0.00193596 0.00801362 0.04780674
v -0.00178694 0.00823698 0.0477994
v -0.00193597 0.00814759 0.04780674
v -0.00194331 0.0080806 0.0477994
v -0.00191462 0.00820828 0.04782809
v -0.00185392 0.00793157 0.04780674
v -0.00178694 0.00792423 0.0477994
v -0.00191462 0.00795292 0.04782809
v -0.00171995 0.00793157 0.04780674
v -0.00165926 0.00795292 0.04782809
v -0.00186825 0.00788535 0.04787585
v -0.00185392 0.00793157 0.04780674
v -0.00191462 0.00795292 0.04782809
v -0.00193596 0.00793157 0.04788878
v -0.00187157 0.00788205 0.04795578
v -0.00178694 0.00788204 0.04787114
v -0.00178694 0.00792423 0.0477994
v -0.00171995 0.00793157 0.04780674
v -0.00170562 0.00788535 0.04787585
v -0.00165926 0.00795292 0.04782809
v -0.00163791 0.00793157 0.04788878
v -0.00170231 0.00788205 0.04795578
v -0.00163056 0.00792423 0.04795577
v -0.00163791 0.00793157 0.04802276
v -0.00170563 0.00788535 0.0480357
v -0.00165926 0.00795292 0.04808345
v -0.00171995 0.00793157 0.0481048
v -0.00178694 0.00788205 0.0480404
v -0.00178694 0.00792423 0.04811214
v -0.00185392 0.00793157 0.0481048
v -0.00186825 0.00788535 0.0480357
v -0.00191462 0.00795292 0.04808345
v -0.00193596 0.00793157 0.04802276
v -0.00194331 0.00792423 0.04795577
v -0.00170563 0.0082701 0.04787585
v -0.00171995 0.00822963 0.04780674
v -0.00165926 0.00820828 0.04782809
v -0.00163791 0.00822963 0.04788878
v -0.00170231 0.00828492 0.04795577
v -0.00178694 0.00828492 0.04787114
v -0.00178694 0.00823698 0.0477994
v -0.00178694 0.00830175 0.04795578
v -0.00185392 0.00822963 0.04780674
v -0.00186825 0.0082701 0.04787585
v -0.00187156 0.00828492 0.04795578
v -0.00186825 0.0082701 0.0480357
v -0.00178694 0.00828492 0.0480404
v -0.00170563 0.0082701 0.04803569
v -0.00163791 0.00822963 0.04802276
v -0.00185392 0.00822963 0.0481048
v -0.00163056 0.00823698 0.04795577
v -0.00171995 0.00822963 0.0481048
v -0.00178694 0.00823698 0.04811214
v -0.00165926 0.00820828 0.04808345
v -0.00193596 0.00822963 0.04802276
v -0.00194331 0.00823698 0.04795577
v -0.00191462 0.00820828 0.04808345
v -0.00193596 0.00822963 0.04788878
v -0.00191462 0.00820828 0.04782809
v -0.00178694 0.00788205 0.0480404
v -0.00178694 0.007717 0.0480404
v -0.00186825 0.007717 0.0480357
v -0.00186825 0.00788535 0.0480357
v -0.00170563 0.007717 0.0480357
v -0.00170563 0.00788535 0.0480357
v -0.00178694 0.00788204 0.04787114
v -0.00186825 0.00788535 0.04787585
v -0.00186825 0.007717 0.04787585
v -0.00178694 0.007717 0.04787114
v -0.00170562 0.007717 0.04787585
v -0.00170562 0.00788535 0.04787585
v -0.00170231 0.00788205 0.04795578
v -0.00170562 0.00788535 0.04787585
v -0.00170562 0.007717 0.04787585
v -0.00170231 0.007717 0.04795578
v -0.00170563 0.007717 0.0480357
v -0.00170563 0.00788535 0.0480357
v -0.00187157 0.00788205 0.04795578
v -0.00187157 0.007717 0.04795578
v -0.00186825 0.007717 0.04787585
v -0.00186825 0.00788535 0.04787585
v -0.00186825 0.007717 0.0480357
v -0.00186825 0.00788535 0.0480357
v -0.00170563 0.007717 0.0480357
v -0.00170231 0.007717 0.04795578
v -0.00178694 0.007717 0.04795578
v -0.00170562 0.007717 0.04787585
v -0.00178694 0.007717 0.0480404
v -0.00186825 0.007717 0.0480357
v -0.00187157 0.007717 0.04795578
v -0.00178694 0.007717 0.04787114
v -0.00186825 0.007717 0.04787585
v -0.00177118 0.00792134 0.00034378
v -0.00177118 0.00552749 0.00034378
v -0.00073461 0.00732288 0.00034378
v -0.00117271 0.00776098 0.00034378
v -0.00117271 0.00568784 0.00034378
v -0.00073461 0.00612595 0.00034378
v -0.00057425 0.00672441 0.00034378
v -0.00280775 0.00732288 0.00034378
v -0.00236964 0.00776098 0.00034378
v -0.00236964 0.00568784 0.00034378
v -0.00280775 0.00612595 0.00034378
v -0.00296811 0.00672441 0.00034378
v -0.00280775 0.00612595 0.00066168
v -0.00177118 0.00792134 0.00066168
v -0.00073461 0.00612595 0.00066168
v -0.00236964 0.00568784 0.00066168
v -0.00177118 0.00552749 0.00066168
v -0.00117271 0.00568784 0.00066168
v -0.00117271 0.00776098 0.00066168
v -0.00073461 0.00732288 0.00066168
v -0.00057425 0.00672441 0.00066168
v -0.00280775 0.00732288 0.00066168
v -0.00236964 0.00776098 0.00066168
v -0.00296811 0.00672441 0.00066168
v -0.00280775 0.00732288 0.00066168
v -0.00280775 0.00732288 0.00034378
v -0.00236964 0.00776098 0.00034378
v -0.00236964 0.00776098 0.00066168
v -0.00177118 0.00792134 0.00034378
v -0.00177118 0.00792134 0.00066168
v -0.00117271 0.00776098 0.00034378
v -0.00117271 0.00776098 0.00066168
v -0.00073461 0.00732288 0.00034378
v -0.00073461 0.00732288 0.00066168
v -0.00117271 0.00568784 0.00066168
v -0.00117271 0.00568784 0.00034378
v -0.00177118 0.00552749 0.00034378
v -0.00177118 0.00552749 0.00066168
v -0.00236964 0.00568784 0.00034378
v -0.00236964 0.00568784 0.00066168
v -0.00236964 0.00568784 0.00066168
v -0.00236964 0.00568784 0.00034378
v -0.00280775 0.00612595 0.00034378
v -0.00280775 0.00612595 0.00066168
v -0.00296811 0.00672441 0.00034378
v -0.00296811 0.00672441 0.00066168
v -0.00280775 0.00732288 0.00034378
v -0.00280775 0.00732288 0.00066168
v -0.00073461 0.00732288 0.00066168
v -0.00073461 0.00732288 0.00034378
v -0.00057425 0.00672441 0.00034378
v -0.00057425 0.00672441 0.00066168
v -0.00073461 0.00612595 0.00034378
v -0.00073461 0.00612595 0.00066168
v -0.00117271 0.00568784 0.00034378
v -0.00117271 0.00568784 0.00066168
v -0.00177118 0.00518888 0.00034386
v -0.00177118 0.00282808 0.00034386
v -0.00074892 0.00459868 0.00034386
v -0.00118098 0.00503074 0.00034386
v -0.00118098 0.00298622 0.00034386
v -0.00074892 0.00341828 0.00034386
v -0.00059078 0.00400848 0.00034386
v -0.00279343 0.00459868 0.00034386
v -0.00236138 0.00503074 0.00034386
v -0.00236138 0.00298622 0.00034386
v -0.00279343 0.00341828 0.00034386
v -0.00295158 0.00400848 0.00034386
v -0.00279343 0.00341828 0.00052121
v -0.00177118 0.00518888 0.00052121
v -0.00074892 0.00341828 0.00052121
v -0.00236138 0.00298622 0.00052121
v -0.00177118 0.00282808 0.00052121
v -0.00118098 0.00298622 0.00052121
v -0.00059078 0.00400848 0.00052121
v -0.00074892 0.00459868 0.00052121
v -0.00118098 0.00503074 0.00052121
v -0.00279343 0.00459868 0.00052121
v -0.00236138 0.00503074 0.00052121
v -0.00295158 0.00400848 0.00052121
v -0.00177118 0.00518888 0.00052121
v -0.00177118 0.00518888 0.00034386
v -0.00118098 0.00503074 0.00034386
v -0.00118098 0.00503074 0.00052121
v -0.00074892 0.00459868 0.00034386
v -0.00236138 0.00503074 0.00052121
v -0.00236138 0.00503074 0.00034386
v -0.00074892 0.00459868 0.00052121
v -0.00059078 0.00400848 0.00034386
v -0.00059078 0.00400848 0.00052121
v -0.00236138 0.00298622 0.00052121
v -0.00236138 0.00298622 0.00034386
v -0.00279343 0.00341828 0.00034386
v -0.00279343 0.00341828 0.00052121
v -0.00177118 0.00282808 0.00052121
v -0.00177118 0.00282808 0.00034386
v -0.00118098 0.00298622 0.00052121
v -0.00118098 0.00298622 0.00034386
v -0.00074892 0.00341828 0.00052121
v -0.00074892 0.00341828 0.00034386
v -0.00059078 0.00400848 0.00052121
v -0.00059078 0.00400848 0.00034386
v -0.00295158 0.00400848 0.00052121
v -0.00295158 0.00400848 0.00034386
v -0.00279343 0.00459868 0.00034386
v -0.00279343 0.00459868 0.00052121
v -0.00236138 0.00503074 0.00034386
v -0.00279343 0.00341828 0.00052121
v -0.00279343 0.00341828 0.00034386
v -0.00236138 0.00503074 0.00052121
v -0.00104285 0.00264071 -0.01788504
v -0.00104285 0.00187137 -0.01748796
v -0.00104285 0.00183827 -0.01659452
v -0.00104285 0.00265726 -0.01573417
v -0.00104285 0.00098159 -0.01709874
v -0.00104285 0.00109008 -0.01671902
v -0.00104285 0.00043568 -0.01638687
v -0.00104285 0.00018001 -0.01660363
v -0.00104285 0.00015628 -0.01578735
v -0.00104285 -0.00023548 -0.01587954
v -0.00104285 -0.00024244 -0.01421745
v -0.00104285 0.00013015 -0.01420659
v -0.00104285 0.00028778 -0.01324542
v -0.00104285 -3.607E-05 -0.01306084
v -0.00104285 0.00068827 -0.01239503
v -0.00104285 0.00092014 -0.01268689
v -0.00104285 0.00146589 -0.0114685
v -0.00104285 0.00187976 -0.01280271
v -0.00104285 0.0027732 -0.01285234
v -0.00104285 0.00267369 -0.009367269
v -0.00233559 0.00183827 -0.01659452
v -0.00233559 0.00187137 -0.01748796
v -0.00233559 0.00264071 -0.01788504
v -0.00233559 0.00098159 -0.01709874
v -0.00233559 0.00265726 -0.01573417
v -0.00233559 0.00109008 -0.01671902
v -0.00233559 0.00043568 -0.01638687
v -0.00233559 0.00018001 -0.01660363
v -0.00233559 0.00015628 -0.01578735
v -0.00233559 -0.00023548 -0.01587954
v -0.00233559 -0.00024244 -0.01421745
v -0.00233559 0.00013015 -0.01420659
v -0.00233559 0.00028778 -0.01324542
v -0.00233559 -3.607E-05 -0.01306084
v -0.00233559 0.00068827 -0.01239503
v -0.00233559 0.00092014 -0.01268689
v -0.00233559 0.00146589 -0.0114685
v -0.00233559 0.00187976 -0.01280271
v -0.00233559 0.0027732 -0.01285234
v -0.00233559 0.00267369 -0.009367269
v -0.00233559 0.00043568 -0.01638687
v -0.00104285 0.00043568 -0.01638687
v -0.00104285 0.00015628 -0.01578735
v -0.00233559 0.00015628 -0.01578735
v -0.00104285 0.00013015 -0.01420659
v -0.00233559 0.00013015 -0.01420659
v -0.00104285 0.00028778 -0.01324542
v -0.00233559 0.00028778 -0.01324542
v -0.00215186 0.00781284 0.02941621
v -0.00215186 0.00781284 0.028282
v -0.0013905 0.00781284 0.028282
v -0.00242475 0.00772431 0.028282
v -0.0013905 0.00781284 0.02941621
v -0.0011176 0.00772431 0.02941621
v -0.00242475 0.00772431 0.02941621
v -0.0011176 0.00772431 0.028282
v -0.00092621 0.00751059 0.02941621
v -0.00092621 0.00751059 0.028282
v -0.00233559 -0.00024244 -0.01421745
v -0.00104285 -0.00024244 -0.01421745
v -0.00104285 -0.00023548 -0.01587954
v -0.00233559 -0.00023548 -0.01587954
v -0.00104285 0.00018001 -0.01660363
v -0.00233559 0.00018001 -0.01660363
v -0.00233559 -3.607E-05 -0.01306084
v -0.00104285 -3.607E-05 -0.01306084
v -0.00284364 0.006489629 0.02941621
v -0.00257212 0.0050501 0.02941621
v -0.00257212 0.0050501 0.028282
v -0.00284364 0.006489629 0.028282
v -0.00286296 0.00680443 0.02941621
v -0.00286296 0.00680443 0.028282
v -0.00279261 0.00711188 0.02941621
v -0.0027926 0.00711188 0.028282
v -0.00261615 0.00751059 0.02941621
v -0.00261615 0.00751059 0.028282
v -0.00242475 0.00772431 0.02941621
v -0.00242475 0.00772431 0.028282
v -0.00233559 0.00068827 -0.01239503
v -0.00104285 0.00068827 -0.01239503
v -0.00104285 -3.607E-05 -0.01306084
v -0.00233559 -3.607E-05 -0.01306084
v -0.00233559 0.00098159 -0.01709874
v -0.00104285 0.00098159 -0.01709874
v -0.00104285 0.00187137 -0.01748796
v -0.00233559 0.00187137 -0.01748796
v -0.00104285 0.00264071 -0.01788504
v -0.00233559 0.00264071 -0.01788504
v -0.00233559 0.00018001 -0.01660363
v -0.00104285 0.00018001 -0.01660363
v -0.00233559 0.0027732 -0.01285234
v -0.00104285 0.0027732 -0.01285234
v -0.00104285 0.00267369 -0.009367269
v -0.00233559 0.00267369 -0.009367269
v -0.00233559 0.00092014 -0.01268689
v -0.00104285 0.00092014 -0.01268689
v -0.00104285 0.00187976 -0.01280271
v -0.00233559 0.00187976 -0.01280271
v -0.00104285 0.0027732 -0.01285234
v -0.00233559 0.00028778 -0.01324542
v -0.00104285 0.00028778 -0.01324542
v -0.00233559 0.0027732 -0.01285234
v -0.00233559 0.00265726 -0.01573417
v -0.00104285 0.00265726 -0.01573417
v -0.00104285 0.00183827 -0.01659452
v -0.00233559 0.00183827 -0.01659452
v -0.00233559 0.00267369 -0.009367269
v -0.00104285 0.00267369 -0.009367269
v -0.00104285 0.00146589 -0.0114685
v -0.00233559 0.00146589 -0.0114685
v -0.00104285 0.00068827 -0.01239503
v -0.00233559 0.00068827 -0.01239503
v -0.00233559 0.00109008 -0.01671902
v -0.00104285 0.00109008 -0.01671902
v -0.00104285 0.00043568 -0.01638687
v -0.00233559 0.00043568 -0.01638687
v -0.00233559 0.00183827 -0.01659452
v -0.00104285 0.00183827 -0.01659452
v -0.00069872 0.00648962 0.028282
v -0.00097024 0.0050501 0.028282
v -0.00097024 0.0050501 0.02941621
v -0.00069872 0.00648962 0.02941621
v -0.0006793999 0.00680443 0.028282
v -0.0006793999 0.00680443 0.02941621
v -0.0007497499 0.00711187 0.028282
v -0.0007497499 0.00711187 0.02941621
v -0.00092621 0.00751059 0.028282
v -0.00092621 0.00751059 0.02941621
v -0.00233559 0.00264071 -0.01788504
v -0.00104285 0.00264071 -0.01788504
v -0.00104285 0.00265726 -0.01573417
v -0.00233559 0.00265726 -0.01573417
v -0.00142687 0.00758284 0.028282
v -0.00211548 0.00758284 0.028282
v -0.00211548 0.00758284 0.02941621
v -0.00229479 0.00752467 0.028282
v -0.00142687 0.00758284 0.02941621
v -0.00124757 0.00752467 0.02941621
v -0.00229479 0.00752467 0.02941621
v -0.00124757 0.00752467 0.028282
v -0.00112181 0.00738425 0.02941621
v -0.00112181 0.00738425 0.028282
v -0.00234944 0.00510767 0.028282
v -0.00234944 0.00510767 0.02941621
v -0.00261542 0.00652579 0.02941621
v -0.00261542 0.00652579 0.028282
v -0.00263136 0.00678544 0.02941621
v -0.00263136 0.00678544 0.028282
v -0.00257333 0.00703902 0.02941621
v -0.00257333 0.00703902 0.028282
v -0.00242054 0.00738425 0.02941621
v -0.00242054 0.00738425 0.028282
v -0.00229479 0.00752467 0.02941621
v -0.00229479 0.00752467 0.028282
v -0.00119292 0.00510767 0.02941621
v -0.00119292 0.00510767 0.028282
v -0.00092693 0.00652579 0.028282
v -0.00092693 0.00652579 0.02941621
v -0.00091099 0.00678543 0.028282
v -0.00091099 0.00678543 0.02941621
v -0.00096902 0.00703901 0.028282
v -0.00096902 0.00703901 0.02941621
v -0.00112181 0.00738425 0.028282
v -0.00112181 0.00738425 0.02941621
v -0.0007497499 0.00711187 0.02941621
v -0.00096902 0.00703901 0.02941621
v -0.00112181 0.00738425 0.02941621
v -0.00092621 0.00751059 0.02941621
v -0.00124757 0.00752467 0.02941621
v -0.0011176 0.00772431 0.02941621
v -0.0013905 0.00781284 0.02941621
v -0.00091099 0.00678543 0.02941621
v -0.0006793999 0.00680443 0.02941621
v -0.00069872 0.00648962 0.02941621
v -0.00092693 0.00652579 0.02941621
v -0.00119292 0.00510767 0.02941621
v -0.00097024 0.0050501 0.02941621
v -0.00142687 0.00758284 0.02941621
v -0.00211548 0.00758284 0.02941621
v -0.00215186 0.00781284 0.02941621
v -0.00229479 0.00752467 0.02941621
v -0.00242475 0.00772431 0.02941621
v -0.00261615 0.00751059 0.02941621
v -0.00242054 0.00738425 0.02941621
v -0.00279261 0.00711188 0.02941621
v -0.00257333 0.00703902 0.02941621
v -0.00263136 0.00678544 0.02941621
v -0.00286296 0.00680443 0.02941621
v -0.00284364 0.006489629 0.02941621
v -0.00261542 0.00652579 0.02941621
v -0.00234944 0.00510767 0.02941621
v -0.00257212 0.0050501 0.02941621
v -0.00097024 0.0050501 0.02941621
v -0.00097024 0.0050501 0.028282
v -0.00119292 0.00510767 0.028282
v -0.00119292 0.00510767 0.02941621
v -0.0027926 0.00711188 0.028282
v -0.00286296 0.00680443 0.028282
v -0.00263136 0.00678544 0.028282
v -0.00257333 0.00703902 0.028282
v -0.00242054 0.00738425 0.028282
v -0.00284364 0.006489629 0.028282
v -0.00261542 0.00652579 0.028282
v -0.00261615 0.00751059 0.028282
v -0.00229479 0.00752467 0.028282
v -0.00242475 0.00772431 0.028282
v -0.00215186 0.00781284 0.028282
v -0.00211548 0.00758284 0.028282
v -0.0013905 0.00781284 0.028282
v -0.00142687 0.00758284 0.028282
v -0.00124757 0.00752467 0.028282
v -0.0011176 0.00772431 0.028282
v -0.00092621 0.00751059 0.028282
v -0.00112181 0.00738425 0.028282
v -0.0007497499 0.00711187 0.028282
v -0.00096902 0.00703901 0.028282
v -0.00091099 0.00678543 0.028282
v -0.00234944 0.00510767 0.028282
v -0.0006793999 0.00680443 0.028282
v -0.00069872 0.00648962 0.028282
v -0.00092693 0.00652579 0.028282
v -0.00119292 0.00510767 0.028282
v -0.00097024 0.0050501 0.028282
v -0.00257212 0.0050501 0.028282
v -0.00257212 0.0050501 0.028282
v -0.00257212 0.0050501 0.02941621
v -0.00234944 0.00510767 0.02941621
v -0.00234944 0.00510767 0.028282
v -0.001799 0.00566737 0.04085057
v -0.001799 0.00566737 0.04202197
v -0.00221325 0.00573136 0.04202197
v -0.00138576 0.00572775 0.04085057
v -0.00221325 0.00573136 0.04085057
v -0.00138576 0.00572775 0.04202197
v -0.00114357 0.00588901 0.04085057
v -0.00114357 0.00588901 0.04202197
v -0.00245635 0.00588901 0.04202197
v -0.00245635 0.00588901 0.04085057
v -0.00114357 0.00588901 0.04202197
v -0.00114357 0.00588901 0.04085057
v -0.00094755 0.00611617 0.04085057
v -0.00094755 0.00611617 0.04202197
v -0.0008099 0.00650347 0.04085057
v -0.0008099 0.00650347 0.04202197
v -0.00245635 0.00588901 0.04085057
v -0.00245635 0.00588901 0.04202197
v -0.00259876 0.00611617 0.04202197
v -0.00259876 0.00611617 0.04085057
v -0.00273604 0.00650347 0.04202197
v -0.00273604 0.00650347 0.04085057
v -0.001799 0.00561797 0.04202197
v -0.001799 0.00561788 0.04085057
v -0.00223126 0.00568345 0.04085057
v -0.00136718 0.00568005 0.04085057
v -0.00223126 0.00568345 0.04202197
v -0.00136718 0.00568005 0.04202197
v -0.00111018 0.00585118 0.04085057
v -0.00111018 0.00585118 0.04202197
v -0.00249283 0.00585308 0.04202197
v -0.00249283 0.00585308 0.04085057
v -0.0009097 0.0060835 0.04085057
v -0.00111018 0.00585118 0.04085057
v -0.00111018 0.00585118 0.04202197
v -0.0009097 0.0060835 0.04202197
v -0.0007657399 0.00647081 0.04202197
v -0.0007657399 0.00647081 0.04085057
v -0.00264112 0.00608961 0.04202197
v -0.00249283 0.00585308 0.04202197
v -0.00249283 0.00585308 0.04085057
v -0.00264112 0.00608961 0.04085057
v -0.00278545 0.00647691 0.04085057
v -0.00278545 0.00647691 0.04202197
v -0.00138576 0.00572775 0.04202197
v -0.00136718 0.00568005 0.04202197
v -0.001799 0.00561797 0.04202197
v -0.001799 0.00566737 0.04202197
v -0.00221325 0.00573136 0.04202197
v -0.00223126 0.00568345 0.04202197
v -0.00245635 0.00588901 0.04202197
v -0.00249283 0.00585308 0.04202197
v -0.00264112 0.00608961 0.04202197
v -0.00259876 0.00611617 0.04202197
v -0.00278545 0.00647691 0.04202197
v -0.00111018 0.00585118 0.04202197
v -0.00114357 0.00588901 0.04202197
v -0.0009097 0.0060835 0.04202197
v -0.00094755 0.00611617 0.04202197
v -0.00273604 0.00650347 0.04202197
v -0.0007657399 0.00647081 0.04202197
v -0.0008099 0.00650347 0.04202197
v -0.00245635 0.00588901 0.04085057
v -0.00249283 0.00585308 0.04085057
v -0.00223126 0.00568345 0.04085057
v -0.00221325 0.00573136 0.04085057
v -0.001799 0.00561788 0.04085057
v -0.001799 0.00566737 0.04085057
v -0.00138576 0.00572775 0.04085057
v -0.00136718 0.00568005 0.04085057
v -0.00111018 0.00585118 0.04085057
v -0.00114357 0.00588901 0.04085057
v -0.0009097 0.0060835 0.04085057
v -0.00094755 0.00611617 0.04085057
v -0.0007657399 0.00647081 0.04085057
v -0.00264112 0.00608961 0.04085057
v -0.00259876 0.00611617 0.04085057
v -0.00278545 0.00647691 0.04085057
v -0.00273604 0.00650347 0.04085057
v -0.0008099 0.00650347 0.04085057
v -0.0008099 0.00650347 0.04202197
v -0.0008099 0.00650347 0.04085057
v -0.0007657399 0.00647081 0.04085057
v -0.0007657399 0.00647081 0.04202197
v -0.00273604 0.00650347 0.04085057
v -0.00273604 0.00650347 0.04202197
v -0.00278545 0.00647691 0.04202197
v -0.00278545 0.00647691 0.04085057
v -0.0013034 0.00555121 0.01186825
v -0.0013034 0.00509689 0.01186825
v -0.00213453 0.00509689 0.01186825
v -0.00213453 0.00555121 0.01186825
v -0.00213453 0.00509689 0.01052421
v -0.0013034 0.00509689 0.01052421
v -0.0013034 0.00555121 0.01052421
v -0.00213453 0.00555121 0.01052421
v -0.00213453 0.00509689 0.01052421
v -0.00213453 0.00509689 0.01186825
v -0.0013034 0.00509689 0.01186825
v -0.0013034 0.00509689 0.01052421
v -0.0013034 0.00555121 0.01052421
v -0.0013034 0.00555121 0.01186825
v -0.00213453 0.00555121 0.01186825
v -0.00213453 0.00555121 0.01052421
v -0.00213453 0.00555121 0.01052421
v -0.00213453 0.00555121 0.01186825
v -0.00213453 0.00509689 0.01186825
v -0.00213453 0.00509689 0.01052421
v -0.0013034 0.00509689 0.01052421
v -0.0013034 0.00509689 0.01186825
v -0.0013034 0.00555121 0.01186825
v -0.0013034 0.00555121 0.01052421
v -0.001721 -0.00532336 -0.04027381
v -0.00137369 -0.0053895 -0.04027381
v -0.00143138 -0.00551706 -0.04027381
v -0.00172113 -0.00546336 -0.04027381
v -0.0011579 -0.0055574 -0.04027381
v -0.00126401 -0.00564872 -0.04027381
v -0.00116438 -0.00582746 -0.04027381
v -0.00089748 -0.00609055 -0.04027381
v -0.00096514 -0.00573417 -0.04035381
v -0.00109726 -0.00550521 -0.04035381
v -0.00084358 -0.00603144 -0.04035381
v -0.00109087 -0.00602187 -0.04027381
v -0.00123684 -0.00586138 -0.04035381
v -0.00099182 -0.006194 -0.04027381
v -0.00083157 -0.00626797 -0.04027381
v -0.00116348 -0.006055439 -0.04035381
v -0.00132464 -0.00570091 -0.04035381
v -0.00146435 -0.00558995 -0.04035381
v -0.00045851 -0.00623437 -0.04027381
v -0.00053237 -0.0063533 -0.04027381
v -0.0002239 -0.0064875 -0.04027381
v -0.00034463 -0.00655838 -0.04027381
v -0.00011702 -0.00681302 -0.04027381
v -0.00057458 -0.00642125 -0.04035381
v -0.00025616 -0.00682854 -0.04027381
v -0.00041362 -0.00659887 -0.04035381
v -0.00028036 -0.00709383 -0.04027381
v -0.00014943 -0.007143409 -0.04027381
v -3.752E-05 -0.00680415 -0.04035381
v -0.0001549 -0.00644701 -0.04035381
v -0.0004163 -0.00616641 -0.04035381
v -0.00042182 -0.0072904 -0.04027381
v -0.00034148 -0.00740505 -0.04027381
v -7.461E-05 -0.00717174 -0.04035381
v -0.0006895399 -0.00750868 -0.04027381
v -0.00033567 -0.006837409 -0.04035381
v -0.00035518 -0.0070655 -0.04035381
v -0.00046773 -0.00722488 -0.04035381
v -0.00029557 -0.00747057 -0.04035381
v -0.00067834 -0.00758789 -0.04035381
v -0.00070914 -0.00737006 -0.04027381
v -0.00292734 -0.007509009 -0.04027381
v -0.00291322 -0.00736973 -0.04027381
v -0.00333504 -0.00728567 -0.04027381
v -0.00339982 -0.00740978 -0.04027381
v -0.00354663 -0.007085769 -0.04027381
v -0.00367026 -0.00715146 -0.04027381
v -0.00343685 -0.0074807 -0.04035381
v -0.00374091 -0.007189 -0.04035381
v -0.00380733 -0.00680323 -0.04035381
v -0.00372788 -0.00681259 -0.04027381
v -0.00358885 -0.006828969 -0.04027381
v -0.003588 -0.00648063 -0.04027381
v -0.00365174 -0.00643228 -0.04035381
v -0.00330911 -0.00615818 -0.04035381
v -0.00347598 -0.007048239 -0.04035381
v -0.00329802 -0.00721475 -0.04035381
v -0.00347646 -0.00656525 -0.04027381
v -0.0035094 -0.00683833 -0.04035381
v -0.00327496 -0.00623053 -0.04027381
v -0.00321521 -0.00635714 -0.04027381
v -0.00265039 -0.00608353 -0.04027381
v -0.00341273 -0.00661359 -0.04035381
v -0.00257427 -0.00620102 -0.04027381
v -0.00277486 -0.00634753 -0.04035381
v -0.00318106 -0.006429479 -0.04035381
v -0.00253077 -0.006268159 -0.04035381
v -0.00235968 -0.00607799 -0.04035381
v -0.00242541 -0.00603239 -0.04027381
v -0.00254045 -0.00595259 -0.04027381
v -0.0026939 -0.006016389 -0.04035381
v -0.00213712 -0.00570674 -0.04035381
v -0.00260618 -0.005907 -0.04035381
v -0.00250461 -0.00571986 -0.04035381
v -0.0022961 -0.00555468 -0.04027381
v -0.00219493 -0.00565144 -0.04027381
v -0.00198301 -0.00559083 -0.04035381
v -0.00235392 -0.00549938 -0.04035381
v -0.00207076 -0.00538909 -0.04027381
v -0.00201492 -0.00551747 -0.04027381
v -0.00210266 -0.00531572 -0.04035381
v -0.0017212 -0.00554336 -0.04035381
v -0.0026939 -0.006016389 -0.04035381
v -0.00265039 -0.00608353 -0.04027381
v -0.00327496 -0.00623053 -0.04027381
v -0.00330911 -0.00615818 -0.04035381
v -0.00046773 -0.00722488 -0.04035381
v -0.00042182 -0.0072904 -0.04027381
v -0.00070914 -0.00737006 -0.04027381
v -0.00072033 -0.00729085 -0.04035381
v -0.00291322 -0.00736973 -0.04027381
v -0.00290514 -0.00729013 -0.04035381
v -0.00329802 -0.00721475 -0.04035381
v -0.00333504 -0.00728567 -0.04027381
v -0.00042182 -0.0072904 -0.04043381
v -0.00070914 -0.00737006 -0.04043381
v -0.0006895399 -0.00750868 -0.04043381
v -0.00046773 -0.00722488 -0.04035381
v -0.00138153 -0.00750937 -0.04043381
v -0.00067834 -0.00758789 -0.04035381
v -0.00293541 -0.0075886 -0.04035381
v -0.00292734 -0.007509009 -0.04043381
v -0.00339982 -0.00740978 -0.04043381
v -0.00034148 -0.00740505 -0.04043381
v -0.00029557 -0.00747057 -0.04035381
v -0.00014943 -0.007143409 -0.04043381
v -0.00343685 -0.0074807 -0.04035381
v -0.00367026 -0.00715146 -0.04043381
v -0.00354663 -0.007085769 -0.04043381
v -0.00374091 -0.007189 -0.04035381
v -0.00028036 -0.00709383 -0.04043381
v -0.00011702 -0.00681302 -0.04043381
v -0.00025616 -0.00682854 -0.04043381
v -0.00034463 -0.00655838 -0.04043381
v -0.0002239 -0.0064875 -0.04043381
v -0.00333504 -0.00728567 -0.04043381
v -0.00291322 -0.00736973 -0.04043381
v -0.00347598 -0.007048239 -0.04035381
v -0.00329802 -0.00721475 -0.04035381
v -0.00290514 -0.00729013 -0.04035381
v -0.00138153 -0.00736937 -0.04043381
v -0.00072033 -0.00729085 -0.04035381
v -0.00053237 -0.0063533 -0.04043381
v -0.00057458 -0.00642125 -0.04035381
v -0.00045851 -0.00623437 -0.04043381
v -0.00083157 -0.00626797 -0.04043381
v -0.00089748 -0.00609055 -0.04043381
v -0.00099182 -0.006194 -0.04043381
v -0.00109087 -0.00602187 -0.04043381
v -0.00116438 -0.00582746 -0.04043381
v -0.0011579 -0.0055574 -0.04043381
v -0.00126401 -0.00564872 -0.04043381
v -0.00085892 -0.00634315 -0.04035381
v -0.00104572 -0.00625311 -0.04035381
v -0.00096514 -0.00573417 -0.04035381
v -0.00143138 -0.00551706 -0.04043381
v -0.00146435 -0.00558995 -0.04035381
v -0.00137369 -0.0053895 -0.04043381
v -0.001721 -0.00532336 -0.04043381
v -0.00172092 -0.00524336 -0.04035381
v -0.00134073 -0.0053166 -0.04035381
v -0.00109726 -0.00550521 -0.04035381
v -0.00172113 -0.00546336 -0.04043381
v -0.0017212 -0.00554336 -0.04035381
v -0.00198301 -0.00559083 -0.04035381
v -0.00201492 -0.00551747 -0.04043381
v -0.00207076 -0.00538909 -0.04043381
v -0.00210266 -0.00531572 -0.04035381
v -0.00235392 -0.00549938 -0.04035381
v -0.0022961 -0.00555468 -0.04043381
v -0.00219493 -0.00565144 -0.04043381
v -0.00213712 -0.00570674 -0.04035381
v -0.00254045 -0.00595259 -0.04043381
v -0.00242541 -0.00603239 -0.04043381
v -0.00265039 -0.00608353 -0.04043381
v -0.00257427 -0.00620102 -0.04043381
v -0.00321521 -0.00635714 -0.04043381
v -0.00277486 -0.00634753 -0.04035381
v -0.00253077 -0.006268159 -0.04035381
v -0.00318106 -0.006429479 -0.04035381
v -0.00341273 -0.00661359 -0.04035381
v -0.00347646 -0.00656525 -0.04043381
v -0.00327496 -0.00623053 -0.04043381
v -0.003588 -0.00648063 -0.04043381
v -0.00358885 -0.006828969 -0.04043381
v -0.00372788 -0.00681259 -0.04043381
v -0.0026939 -0.006016389 -0.04035381
v -0.00330911 -0.00615818 -0.04035381
v -0.00254045 -0.00595259 -0.04043381
v -0.00250461 -0.00571986 -0.04035381
v -0.00260618 -0.005907 -0.04035381
v -0.0022961 -0.00555468 -0.04043381
v -0.00235392 -0.00549938 -0.04035381
v -0.0026939 -0.006016389 -0.04035381
v -0.00265039 -0.00608353 -0.04043381
v -0.00045851 -0.00623437 -0.04027381
v -0.00089748 -0.00609055 -0.04027381
v -0.00084358 -0.00603144 -0.04035381
v -0.0004163 -0.00616641 -0.04035381
v -0.00380733 -0.00680323 -0.04035381
v -0.00374091 -0.007189 -0.04035381
v -0.00367026 -0.00715146 -0.04043381
v -0.00372788 -0.00681259 -0.04043381
v -0.00365174 -0.00643228 -0.04035381
v -0.003588 -0.00648063 -0.04043381
v -0.00330911 -0.00615818 -0.04035381
v -0.00327496 -0.00623053 -0.04043381
v -0.00339982 -0.00740978 -0.04027381
v -0.00292734 -0.007509009 -0.04027381
v -0.00293541 -0.0075886 -0.04035381
v -0.00343685 -0.0074807 -0.04035381
v -0.0006895399 -0.00750868 -0.04027381
v -0.00067834 -0.00758789 -0.04035381
v -0.00045851 -0.00623437 -0.04043381
v -0.0004163 -0.00616641 -0.04035381
v -0.00084358 -0.00603144 -0.04035381
v -0.00089748 -0.00609055 -0.04043381
v -3.752E-05 -0.00680415 -0.04035381
v -0.0001549 -0.00644701 -0.04035381
v -0.0002239 -0.0064875 -0.04043381
v -0.00011702 -0.00681302 -0.04043381
v -0.00014943 -0.007143409 -0.04043381
v -7.461E-05 -0.00717174 -0.04035381
v -0.00034148 -0.00740505 -0.04043381
v -0.00029557 -0.00747057 -0.04035381
v -0.00347646 -0.00656525 -0.04043381
v -0.00358885 -0.006828969 -0.04043381
v -0.0035094 -0.00683833 -0.04035381
v -0.00341273 -0.00661359 -0.04035381
v -0.00347598 -0.007048239 -0.04035381
v -0.00354663 -0.007085769 -0.04043381
v -0.00099182 -0.006194 -0.04043381
v -0.00109087 -0.00602187 -0.04043381
v -0.00116348 -0.006055439 -0.04035381
v -0.00104572 -0.00625311 -0.04035381
v -0.00123684 -0.00586138 -0.04035381
v -0.00116438 -0.00582746 -0.04043381
v -0.00132464 -0.00570091 -0.04035381
v -0.00126401 -0.00564872 -0.04043381
v -0.0001549 -0.00644701 -0.04035381
v -0.0004163 -0.00616641 -0.04035381
v -0.0011579 -0.0055574 -0.04043381
v -0.00096514 -0.00573417 -0.04035381
v -0.00109726 -0.00550521 -0.04035381
v -0.00057458 -0.00642125 -0.04035381
v -0.00085892 -0.00634315 -0.04035381
v -0.00083157 -0.00626797 -0.04027381
v -0.00053237 -0.0063533 -0.04027381
v -0.00099182 -0.006194 -0.04027381
v -0.00104572 -0.00625311 -0.04035381
v -0.00025616 -0.00682854 -0.04043381
v -0.00033567 -0.006837409 -0.04035381
v -0.00035518 -0.0070655 -0.04035381
v -0.00028036 -0.00709383 -0.04043381
v -0.00046773 -0.00722488 -0.04035381
v -0.00041362 -0.00659887 -0.04035381
v -0.00034463 -0.00655838 -0.04043381
v -0.00042182 -0.0072904 -0.04043381
v -0.00137369 -0.0053895 -0.04027381
v -0.001721 -0.00532336 -0.04027381
v -0.00172092 -0.00524336 -0.04035381
v -0.00134073 -0.0053166 -0.04035381
v -0.00207076 -0.00538909 -0.04027381
v -0.00210266 -0.00531572 -0.04035381
v -0.00146435 -0.00558995 -0.04035381
v -0.0017212 -0.00554336 -0.04035381
v -0.00172113 -0.00546336 -0.04027381
v -0.00143138 -0.00551706 -0.04027381
v -0.00134073 -0.0053166 -0.04035381
v -0.00242541 -0.00603239 -0.04043381
v -0.00235968 -0.00607799 -0.04035381
v -0.00213712 -0.00570674 -0.04035381
v -0.00219493 -0.00565144 -0.04043381
v -0.00257427 -0.00620102 -0.04043381
v -0.00253077 -0.006268159 -0.04035381
v -0.00084358 -0.00603144 -0.04035381
v -0.00096514 -0.00573417 -0.04035381
v -0.00089748 -0.00609055 -0.04043381
v -0.00028315 0.00416925 0.02882735
v -0.00026922 0.00414247 0.02866921
v -0.0002388 0.00409298 0.02869548
v -0.00025008 0.00411474 0.02882741
v -0.00023061 0.00407647 0.02857095
v -0.00020851 0.00404123 0.02861927
v -0.00016678 0.00397135 0.0285739
v -0.00010592 0.00386814 0.02845237
v -0.00012121 0.00389545 0.02854043
v -8.103E-05 0.00382814 0.02849533
v -6.432999E-05 0.00379887 0.02842236
v -0.00025257 0.00404581 0.02871094
v -0.00026232 0.0040647 0.0288279
v -0.00023586 0.00409455 0.02896118
v -0.00026592 0.00414469 0.02898662
v -0.0002257 0.0040809 0.02908922
v -0.00024983 0.004047 0.02894711
v -7.409E-05 0.00381085 0.02825249
v -4.563E-05 0.00376477 0.02828612
v -1.543E-05 0.00371161 0.02814566
v -6.052E-05 0.00371954 0.0283058
v -7.758E-05 0.00375079 0.02843526
v -9.793999E-05 0.00378639 0.02852033
v 1.9E-06 0.00368438 0.02820064
v 6.095E-05 0.00358457 0.02809699
v 6.529E-05 0.00357894 0.02816035
v 0.00012808 0.00347573 0.02817137
v 0.00013915 0.00345604 0.02811175
v 2.732E-05 0.00356889 0.02806125
v 0.0001752 0.00339962 0.02823578
v 0.0002019 0.00335475 0.0281992
v 0.00011434 0.00342589 0.02807814
v 0.00022807 0.00331543 0.02835769
v 0.00018601 0.00331021 0.02817875
v 0.00021559 0.00326566 0.02835304
v 0.00022676 0.00327206 0.02938078
v 0.00023906 0.00332192 0.02937665
v 0.00021792 0.00336195 0.02959179
v 0.00019542 0.00336946 0.02836661
v 0.00020371 0.00331555 0.0296091
v 0.00015821 0.00346332 0.02971493
v 0.00020609 0.00337611 0.02937021
v 0.00018828 0.00341008 0.02956229
v 0.00014209 0.00348852 0.02965864
v 0.00013628 0.00343001 0.02974755
v 7.844E-05 0.00359541 0.02974117
v 8.163E-05 0.00358862 0.02967786
v -6.6E-07 0.00372423 0.02967748
v 1.878E-05 0.00369096 0.02962669
v 5.231E-05 0.00356585 0.02964214
v -6.127E-05 0.00382067 0.02953494
v -3.165E-05 0.00377121 0.02950773
v -9.904E-05 0.00387605 0.02925054
v -1.25E-06 0.00365305 0.02959812
v -7.166E-05 0.00383009 0.02921588
v -6.721E-05 0.00375475 0.02930768
v -4.587E-05 0.00372404 0.02949264
v -8.715E-05 0.00378492 0.02919653
v -0.00013291 0.00385845 0.02911863
v -0.00011222 0.0038953 0.0291481
v -0.00013051 0.0039267 0.02920048
v -0.0002217 0.00400233 0.02901728
v -0.00020334 0.00404292 0.02904315
v -0.00014583 0.00388342 0.02927081
v -9.904E-05 0.00387605 0.02925054
v -6.127E-05 0.00382067 0.02953494
v -0.00013051 0.0039267 0.02920048
v -0.00010934 0.00383004 0.02955094
v -0.0001721 0.00392575 0.02923087
v -0.00021681 0.00399831 0.02918462
v -0.0002257 0.0040809 0.02908922
v -0.00026963 0.0040837 0.029116
v -0.00026592 0.00414469 0.02898662
v -0.00031424 0.00415445 0.0290016
v -0.00033319 0.00418149 0.02882777
v -6.6E-07 0.00372423 0.02967748
v -4.292E-05 0.00372434 0.02970695
v 7.844E-05 0.00359541 0.02974117
v 4.547E-05 0.00358039 0.0297778
v -0.00028315 0.00416925 0.02882735
v -0.00026922 0.00414247 0.02866921
v -0.00031774 0.00415186 0.02865466
v -0.00027437 0.00407771 0.02854379
v -0.00023061 0.00407647 0.02857095
v -0.00022093 0.00398818 0.02848363
v -0.00010592 0.00386814 0.02845237
v 0.00012881 0.00340636 0.02825714
v 0.0001752 0.00339962 0.02823578
v 0.00019542 0.00336946 0.02836661
v 0.00014562 0.00338143 0.02837217
v 0.00020609 0.00337611 0.02937021
v 0.0001561 0.00338817 0.029367
v 0.00014021 0.00341868 0.02954589
v 0.00012808 0.00347573 0.02817137
v 9.061E-05 0.00346808 0.02820589
v 0.00018828 0.00341008 0.02956229
v 0.00010174 0.00348403 0.02962692
v 0.00014209 0.00348852 0.02965864
v 0.00011292 0.00336183 0.02823669
v 0.00013314 0.00333166 0.02836752
v 0.00016579 0.00327764 0.0283586
v 0.00012881 0.00340636 0.02825714
v 0.00016933 0.00327942 0.02867369
v 0.00013961 0.00331695 0.02820011
v 7.687E-05 0.00341825 0.02811266
v 6.58E-05 0.00343793 0.02817228
v -1.34E-06 0.00354677 0.0280979
v 2.732E-05 0.00356889 0.02806125
v -7.772E-05 0.00367382 0.02814657
v -5.648E-05 0.00370827 0.0281147
v -6.039E-05 0.00364658 0.02820155
v 3.01E-06 0.00354114 0.02816126
v -0.00013637 0.00377306 0.0282534
v -0.00012149 0.00381828 0.02823372
v -0.0001513 0.00387209 0.02842828
v -0.00010792 0.00372698 0.02828703
v -0.00012662 0.00376108 0.02842327
v -0.00016821 0.00383034 0.02845328
v -0.00014331 0.00379035 0.02849624
v -0.00018349 0.00385766 0.02854134
v -0.00022906 0.00393356 0.02857481
v -0.00029289 0.00403868 0.02857186
v -0.0002708 0.00400344 0.02862018
v -0.00022093 0.00398818 0.02848363
v -0.00027437 0.00407771 0.02854379
v -0.0003315 0.00410468 0.02867012
v -0.00031774 0.00415186 0.02865466
v -0.00030109 0.00405519 0.02869639
v -0.00034543 0.00413145 0.02882826
v -0.00033319 0.00418149 0.02882777
v -0.00031236 0.00407695 0.02882832
v -0.0003282 0.0041069 0.02898753
v -0.00031424 0.00415445 0.0290016
v -0.00029815 0.00405675 0.02896209
v -0.00026963 0.0040837 0.029116
v -0.00028799 0.0040431 0.02909013
v -0.00026562 0.00400513 0.02904406
v -0.00019279 0.00388891 0.02920139
v -0.00021681 0.00399831 0.02918462
v -0.0001745 0.0038575 0.02914901
v -0.00016132 0.00383826 0.02925146
v -0.00013394 0.00379229 0.02921679
v -9.394E-05 0.00373341 0.02950864
v -0.00014583 0.00388342 0.02927081
v -0.00012355 0.00378288 0.02953585
v -4.35E-05 0.00365317 0.0296276
v -0.00010934 0.00383004 0.02955094
v -6.295E-05 0.00368644 0.02967839
v 1.935E-05 0.00355083 0.02967877
v -4.292E-05 0.00372434 0.02970695
v 1.616E-05 0.00355762 0.02974208
v 7.980999E-05 0.00345073 0.02965955
v 0.00010174 0.00348403 0.02962692
v 0.000126 0.00337228 0.0295632
v 0.00014021 0.00341868 0.02954589
v 0.0001438 0.00333831 0.02937113
v 0.0001561 0.00338817 0.029367
v 0.00013625 0.00333392 0.02867369
v 0.00014562 0.00338143 0.02837217
v 0.00017677 0.00328413 0.02937756
v 0.00015563 0.00332416 0.0295927
v 9.592999E-05 0.00342552 0.02971584
v 5.231E-05 0.00356585 0.02964214
v -0.00018955 0.00393946 0.02860735
v -0.00016678 0.00397135 0.0285739
v -0.00012121 0.00389545 0.02854043
v -0.00014407 0.0038637 0.02857395
v -8.103E-05 0.00382814 0.02849533
v -9.793999E-05 0.00378639 0.02852033
v -0.00022703 0.00400219 0.02864733
v -0.00020851 0.00404123 0.02861927
v 0.00022676 0.00327206 0.02938078
v 0.00017677 0.00328413 0.02937756
v 0.00015563 0.00332416 0.0295927
v 0.00016933 0.00327942 0.02867369
v 0.00021559 0.00326566 0.02835304
v 0.00016579 0.00327764 0.0283586
v 0.00020371 0.00331555 0.0296091
v 9.592999E-05 0.00342552 0.02971584
v 0.00013961 0.00331695 0.02820011
v 0.00018601 0.00331021 0.02817875
v 0.00013628 0.00343001 0.02974755
v 0.00011434 0.00342589 0.02807814
v 7.687E-05 0.00341825 0.02811266
v -0.00019279 0.00388891 0.02920139
v -0.00021681 0.00399831 0.02918462
v -0.0001721 0.00392575 0.02923087
v -0.00031236 0.00407695 0.02882832
v -0.00029815 0.00405675 0.02896209
v -0.00024983 0.004047 0.02894711
v -0.00026232 0.0040647 0.0288279
v -0.00025257 0.00404581 0.02871094
v -0.00030109 0.00405519 0.02869639
v -0.0002708 0.00400344 0.02862018
v -0.00022703 0.00400219 0.02864733
v -0.00022906 0.00393356 0.02857481
v -0.00018955 0.00393946 0.02860735
v -0.00026562 0.00400513 0.02904406
v -0.0002217 0.00400233 0.02901728
v -0.0001745 0.0038575 0.02914901
v -0.00013291 0.00385845 0.02911863
v -0.00013394 0.00379229 0.02921679
v -8.715E-05 0.00378492 0.02919653
v -6.721E-05 0.00375475 0.02930768
v -9.394E-05 0.00373341 0.02950864
v -4.587E-05 0.00372404 0.02949264
v -1.25E-06 0.00365305 0.02959812
v -4.35E-05 0.00365317 0.0296276
v -7.409E-05 0.00381085 0.02825249
v -0.00010592 0.00386814 0.02845237
v -0.0001513 0.00387209 0.02842828
v -0.00012149 0.00381828 0.02823372
v -5.648E-05 0.00370827 0.0281147
v -1.543E-05 0.00371161 0.02814566
v 4.547E-05 0.00358039 0.0297778
v 0.00013628 0.00343001 0.02974755
v 9.592999E-05 0.00342552 0.02971584
v 1.616E-05 0.00355762 0.02974208
v -4.292E-05 0.00372434 0.02970695
v -6.295E-05 0.00368644 0.02967839
v -1.934E-05 0.00364992 0.0282325
v 1.9E-06 0.00368438 0.02820064
v 6.529E-05 0.00357894 0.02816035
v 3.663E-05 0.00355682 0.02819701
v 9.061E-05 0.00346808 0.02820589
v 0.00012808 0.00347573 0.02817137
v -6.039E-05 0.00364658 0.02820155
v -0.00010792 0.00372698 0.02828703
v -6.052E-05 0.00371954 0.0283058
v -1.934E-05 0.00364992 0.0282325
v -0.00012662 0.00376108 0.02842327
v -7.758E-05 0.00375079 0.02843526
v -0.00014331 0.00379035 0.02849624
v -9.793999E-05 0.00378639 0.02852033
v -0.00014407 0.0038637 0.02857395
v -0.00018349 0.00385766 0.02854134
v -4.35E-05 0.00365317 0.0296276
v 1.935E-05 0.00355083 0.02967877
v 5.231E-05 0.00356585 0.02964214
v -1.25E-06 0.00365305 0.02959812
v 0.00015821 0.00346332 0.02971493
v 0.00013628 0.00343001 0.02974755
v 4.547E-05 0.00358039 0.0297778
v 7.844E-05 0.00359541 0.02974117
v -0.00010592 0.00386814 0.02845237
v -0.00022093 0.00398818 0.02848363
v -0.0001513 0.00387209 0.02842828
v -0.00026963 0.0040837 0.029116
v -0.00021681 0.00399831 0.02918462
v -0.00028799 0.0040431 0.02909013
v 0.00010174 0.00348403 0.02962692
v 0.00014209 0.00348852 0.02965864
v 8.163E-05 0.00358862 0.02967786
v 5.231E-05 0.00356585 0.02964214
v 3.01E-06 0.00354114 0.02816126
v 3.663E-05 0.00355682 0.02819701
v 9.061E-05 0.00346808 0.02820589
v 6.58E-05 0.00343793 0.02817228
v 0.00012881 0.00340636 0.02825714
v -1.934E-05 0.00364992 0.0282325
v -6.039E-05 0.00364658 0.02820155
v 0.00011292 0.00336183 0.02823669
v -0.00018349 0.00385766 0.02854134
v -0.00022906 0.00393356 0.02857481
v -0.00018955 0.00393946 0.02860735
v -0.00014407 0.0038637 0.02857395
v -1.543E-05 0.00371161 0.02814566
v -5.648E-05 0.00370827 0.0281147
v 2.732E-05 0.00356889 0.02806125
v 6.095E-05 0.00358457 0.02809699
v -0.00041362 -0.00659887 -0.04035381
v -0.00132464 -0.00570091 -0.04035381
v -0.00104572 -0.00625311 -0.04035381
v -1.934E-05 0.00364992 0.0282325
v -0.0001721 0.00392575 0.02923087
v -0.00022703 0.00400219 0.02864733
v 0.00011434 0.00342589 0.02807814
v 0.001026213 -0.01823684 -0.05838293
v 0.001026213 -0.01823684 -0.06320158
v 0.0005950395 -0.01835237 -0.06320158
v 0.0005950393 -0.01835237 -0.05838293
v 0.0005950393 -0.01833089 -0.05833283
v 0.001341853 -0.01792119 -0.05838293
v 0.001341853 -0.0179212 -0.06320158
v 0.001457385 -0.01749002 -0.05838293
v 0.001457385 -0.01749003 -0.06320158
v 0.001323248 -0.01791045 -0.05833283
v 0.001015471 -0.01821823 -0.05833283
v 0.001341853 -0.01705885 -0.05838293
v 0.001341853 -0.01705885 -0.06320158
v 0.001323247 -0.01706959 -0.05833283
v 0.001435902 -0.01749002 -0.05833283
v -0.0001517742 -0.0179212 -0.05838293
v -0.0001517741 -0.0179212 -0.06320158
v -0.0002673064 -0.01749003 -0.06320158
v -0.0002673065 -0.01749002 -0.05838293
v -0.0001517741 -0.01705885 -0.06320158
v -0.0002458231 -0.01749002 -0.05833283
v -0.0001517742 -0.01705885 -0.05838293
v -0.0001331682 -0.01706959 -0.05833283
v 0.0001638665 -0.01823684 -0.05838293
v 0.0001638665 -0.01823684 -0.06320158
v 0.0005950393 -0.01835237 -0.05838293
v 0.0005950395 -0.01835237 -0.06320158
v 0.0005950393 -0.01833089 -0.05833283
v 0.0001746082 -0.01821823 -0.05833283
v -0.0001331682 -0.01791045 -0.05833283
v -0.0001517742 -0.01705885 -0.05838293
v -0.0001517741 -0.01705885 -0.06320158
v 0.0001638665 -0.01674321 -0.06320158
v 0.0001638665 -0.01674321 -0.05838293
v 0.0005950395 -0.01662768 -0.06320158
v 0.0001746082 -0.01676182 -0.05833283
v 0.0005950393 -0.01662768 -0.05838293
v 0.001026212 -0.01674321 -0.06320158
v 0.0005950393 -0.01664916 -0.05833283
v 0.001026212 -0.01674321 -0.05838293
v 0.001341853 -0.01705885 -0.06320158
v 0.001015471 -0.01676182 -0.05833283
v 0.001341853 -0.01705885 -0.05838293
v 0.001323247 -0.01706959 -0.05833283
v -0.0001331682 -0.01706959 -0.05833283
v -0.0002673064 -0.01749003 -0.06320158
v 0.001026213 -0.01823684 -0.06320158
v 0.001026212 -0.01674321 -0.06320158
v -0.0001517741 -0.0179212 -0.06320158
v 0.0001638665 -0.01823684 -0.06320158
v 0.0005950395 -0.01835237 -0.06320158
v 0.0005950395 -0.01662768 -0.06320158
v 0.0001638665 -0.01674321 -0.06320158
v -0.0001517741 -0.01705885 -0.06320158
v 0.001341853 -0.01705885 -0.06320158
v 0.001457385 -0.01749003 -0.06320158
v 0.001341853 -0.0179212 -0.06320158
v 0.0005950394 -0.01844536 -0.06222458
v 0.001072708 -0.01831737 -0.06222458
v 0.001072708 -0.01831737 -0.06324389
v 0.0005950395 -0.01844536 -0.06324389
v 0.001111923 -0.01838529 -0.06334262
v 0.001422385 -0.01796769 -0.06324389
v 0.001422385 -0.01796769 -0.06222458
v 0.001490308 -0.01800691 -0.06334262
v 0.001490308 -0.01800691 -0.0634371
v 0.001550376 -0.01749003 -0.06324389
v 0.001550376 -0.01749002 -0.06222458
v 0.001628807 -0.01749003 -0.06334262
v 0.001628807 -0.01749003 -0.0634371
v 0.001422385 -0.01701236 -0.06324389
v 0.001422385 -0.01701236 -0.06222458
v 0.0005950395 -0.01852379 -0.06334262
v 0.001111923 -0.01838529 -0.0634371
v 0.001490308 -0.01697314 -0.0634371
v 0.001490308 -0.01697314 -0.06334262
v 0.0005950395 -0.01852379 -0.0634371
v 0.001060111 -0.01829555 -0.06220024
v 0.001400565 -0.01795509 -0.06220024
v 0.001072708 -0.01666268 -0.06324389
v 0.0005950395 -0.01653469 -0.06324389
v 0.0005950395 -0.01645626 -0.06334262
v 0.001111923 -0.01659476 -0.06334262
v 0.0005950395 -0.01645626 -0.0634371
v 0.001072708 -0.01666268 -0.06222458
v 0.001422385 -0.01701236 -0.06222458
v 0.0005950394 -0.01653469 -0.06222458
v 0.001422385 -0.01701236 -0.06324389
v 0.000117371 -0.01666268 -0.06324389
v 0.0001173709 -0.01666268 -0.06222458
v 7.815584E-05 -0.01659476 -0.06334262
v 7.815584E-05 -0.01659476 -0.0634371
v -0.0002323062 -0.01701236 -0.06324389
v -0.0002323062 -0.01701236 -0.06222458
v -0.0003002289 -0.01697314 -0.06334262
v -0.0003002289 -0.01697314 -0.0634371
v 0.001111923 -0.01659476 -0.0634371
v 0.001490308 -0.01697314 -0.06334262
v 0.001490308 -0.01697314 -0.0634371
v 0.0005950394 -0.01655988 -0.06220024
v 0.0001299688 -0.0166845 -0.06220024
v -0.0003602976 -0.01749002 -0.06222458
v -0.0002323062 -0.01796769 -0.06222458
v -0.0002323062 -0.01796769 -0.06324389
v -0.0003602976 -0.01749003 -0.06324389
v -0.0002323062 -0.01701236 -0.06222458
v -0.0003002289 -0.01800691 -0.06334262
v 0.000117371 -0.01831737 -0.06324389
v 0.0001173709 -0.01831737 -0.06222458
v 7.815584E-05 -0.01838529 -0.06334262
v 7.815584E-05 -0.01838529 -0.0634371
v 0.0001299688 -0.01829555 -0.06220024
v -0.0002323062 -0.01701236 -0.06324389
v -0.0004387268 -0.01749003 -0.06334262
v -0.0003002289 -0.01800691 -0.0634371
v 0.0005950395 -0.01852379 -0.06334262
v 0.0005950395 -0.01844536 -0.06324389
v 0.0005950395 -0.01852379 -0.0634371
v 0.0005950394 -0.01844536 -0.06222458
v -0.0004387268 -0.01749003 -0.0634371
v -0.0003002289 -0.01697314 -0.06334262
v -0.0003002289 -0.01697314 -0.0634371
v -0.0002104867 -0.01795509 -0.06220024
v 0.001060111 -0.01829555 -0.06220024
v 0.0001299688 -0.0166845 -0.06220024
v 0.001525181 -0.01749002 -0.06220024
v 0.001400565 -0.01795509 -0.06220024
v 0.001400565 -0.01702495 -0.06220024
v 0.001422385 -0.01701236 -0.06222458
v 0.00106011 -0.0166845 -0.06220024
v 0.001072708 -0.01666268 -0.06222458
v 0.0005950394 -0.01655988 -0.06220024
v 0.0005950394 -0.01653469 -0.06222458
v 0.0001299688 -0.01829555 -0.06220024
v 0.0005950394 -0.01842017 -0.06220024
v 0.001072708 -0.01831737 -0.06222458
v -0.0002104867 -0.01795509 -0.06220024
v -0.0003351018 -0.01749002 -0.06220024
v -0.0002104867 -0.01702495 -0.06220024
v -0.0003602976 -0.01749002 -0.06222458
v -0.0002323062 -0.01796769 -0.06222458
v 0.0001173709 -0.01831737 -0.06222458
v 0.0005950394 -0.01844536 -0.06222458
v -0.0002323062 -0.01701236 -0.06222458
v 0.0001173709 -0.01666268 -0.06222458
v 0.001422385 -0.01701236 -0.06324389
v 0.001072708 -0.01666268 -0.06324389
v 0.001111923 -0.01659476 -0.06334262
v 0.001490308 -0.01697314 -0.06334262
v 0.001550376 -0.01749003 -0.06324389
v 0.001628807 -0.01749003 -0.06334262
v -0.0002323062 -0.01701236 -0.06324389
v -0.0003602976 -0.01749003 -0.06324389
v -0.0004387268 -0.01749003 -0.06334262
v -0.0003002289 -0.01697314 -0.06334262
v -0.0004387268 -0.01749003 -0.0634371
v 0.001111923 -0.01838529 -0.0634371
v 0.001111923 -0.01659476 -0.0634371
v -0.0003002289 -0.01800691 -0.0634371
v 7.815584E-05 -0.01838529 -0.0634371
v 0.0005950395 -0.01852379 -0.0634371
v 0.0005950395 -0.01645626 -0.0634371
v 7.815584E-05 -0.01659476 -0.0634371
v -0.0003002289 -0.01697314 -0.0634371
v 0.001490308 -0.01697314 -0.0634371
v 0.001628807 -0.01749003 -0.0634371
v 0.001490308 -0.01800691 -0.0634371
v 0.0005950393 -0.01833089 -0.05833283
v 0.0001746082 -0.01821823 -0.05833283
v 0.0002005416 -0.01817331 -0.05831208
v 0.0005950393 -0.01827902 -0.05831208
v 0.0009895371 -0.01817331 -0.05831208
v -8.825004E-05 -0.01788452 -0.05831208
v -0.0001331682 -0.01791045 -0.05833283
v -0.0001939561 -0.01749002 -0.05831208
v -0.0002458231 -0.01749002 -0.05833283
v -0.0001331682 -0.01706959 -0.05833283
v -8.825004E-05 -0.01709553 -0.05831208
v 0.0002005416 -0.01680673 -0.05831208
v 0.0001746082 -0.01676182 -0.05833283
v 0.0005950393 -0.01670103 -0.05831208
v 0.0005950393 -0.01664916 -0.05833283
v 0.0009895371 -0.01680673 -0.05831208
v 0.001015471 -0.01676182 -0.05833283
v 0.001278329 -0.01709553 -0.05831208
v 0.001323247 -0.01706959 -0.05833283
v 0.00127833 -0.01788452 -0.05831208
v 0.001015471 -0.01821823 -0.05833283
v 0.001384035 -0.01749002 -0.05831208
v 0.001435902 -0.01749002 -0.05833283
v 0.001323248 -0.01791045 -0.05833283
v 0.001550376 -0.01749002 -0.06222458
v 0.001422385 -0.01796769 -0.06222458

vn 0 0 1
vn 0 0 1
vn 0 0 1
vn 0 0 1
vn 0 0 1
vn 0 0 1
vn 0 0 1
vn 0 0 1
vn 0 0 1
vn 0 0 1
vn 0 0 1
vn 0 0 1
vn 1.138554E-06 0 -1
vn -3.050635E-07 0 -1
vn 2.277098E-06 0 -1
vn 1.138558E-05 0 -1
vn 1.138557E-05 0 -1
vn -1.138552E-06 0 -1
vn 0 0 -1
vn -1.924829E-06 0 -1
vn -2.182693E-06 0 -1
vn 6.362752E-06 0 -1
vn -1.138557E-05 0 -1
vn -1.138558E-05 0 -1
vn 0.8660244 0.5000018 0
vn 1 1.178523E-07 0
vn 1 -4.321252E-07 0
vn 0.8660244 0.5000017 0
vn 0.5000017 0.8660244 0
vn 0.5000017 0.8660244 0
vn 0.8660244 -0.500002 0
vn 0.8660246 -0.5000013 0
vn 1.374944E-07 -1 0
vn -0.5000018 -0.8660244 0
vn -0.5000016 -0.8660246 0
vn 1.865995E-07 -1 0
vn 0.5000018 -0.8660244 0
vn 0.5000014 -0.8660246 0
vn 0.8660246 -0.5000013 0
vn 0.8660244 -0.500002 0
vn -0.8660244 -0.5000018 0
vn -0.8660244 -0.5000017 0
vn -0.8660244 -0.5000017 0
vn -1 1.080313E-07 0
vn -1 1.964206E-07 0
vn -0.8660244 -0.5000018 0
vn -0.8660244 0.5000018 0
vn -0.8660246 0.5000015 0
vn -0.5000015 0.8660246 0
vn -0.5000016 0.8660244 0
vn -0.5000016 0.8660244 0
vn -1.276734E-07 1 0
vn -1.571364E-07 1 0
vn -0.5000015 0.8660246 0
vn 0.5000017 0.8660244 0
vn 0.5000017 0.8660244 0
vn -0.8660246 -0.5000014 0
vn -1 3.437352E-07 0
vn -1 3.388248E-07 0
vn -0.8660241 -0.5000022 0
vn -0.4999999 -0.8660255 0
vn -0.4999994 -0.8660258 0
vn -0.8660262 0.4999987 0
vn -0.8660267 0.4999978 0
vn -0.4999993 0.8660258 0
vn -3.633773E-07 1 0
vn -3.584668E-07 1 0
vn -0.4999984 0.8660263 0
vn -0.8660267 0.4999978 0
vn -0.8660262 0.4999987 0
vn 0.4999982 0.8660264 0
vn 0.4999993 0.8660258 0
vn 0.8660262 0.4999987 0
vn 0.8660269 0.4999975 0
vn 0 0 -1
vn -4.310612E-07 0 -1
vn -7.46616E-07 0 -1
vn 0 0 -1
vn -7.466022E-06 0 -1
vn 0 0 -1
vn 0 0 -1
vn 9.46669E-07 0 -1
vn 2.524436E-06 0 -1
vn 0 0 -1
vn 0 0 -1
vn 0 0 -1
vn 0 0 1
vn -2.310033E-07 0 1
vn 7.466082E-07 0 1
vn 7.466043E-06 0 1
vn 0 0 1
vn -4.620056E-07 0 1
vn 0 0 1
vn 0 0 1
vn 0 0 1
vn 0 0 1
vn 0 0 1
vn 0 0 1
vn 0.8660267 -0.4999979 0
vn 0.4999993 -0.8660258 0
vn 0.4999985 -0.8660262 0
vn 0.8660263 -0.4999985 0
vn 1 -5.352449E-07 0
vn 1 -1.276731E-07 0
vn 0.8660269 0.4999975 0
vn 0.8660262 0.4999987 0
vn -5.08238E-06 -1 0
vn -0.4999999 -0.8660255 0
vn -0.4999994 -0.8660258 0
vn -5.539057E-06 -1 0
vn 0.4999993 -0.8660258 0
vn 0.4999985 -0.8660262 0
vn -1 0 0
vn -1 0 0
vn -1 0 0
vn -1 0 0
vn 1 0 0
vn 1 0 0
vn 1 0 0
vn 1 0 0
vn 0 1 0
vn 0 1 0
vn 0 1 0
vn 0 1 0
vn 0 0 1
vn 0 0 1
vn 0 0 1
vn 0 0 1
vn 0 0 -1
vn 0 0 -1
vn 0 0 -1
vn 0 0 -1
vn 0 -1 0
vn 0 -1 0
vn 0 -1 0
vn 0 -1 0
vn 0.9926028 -0.1214075 0.0001456115
vn 0.9925702 -0.1216729 0.0001370208
vn 1 -2.309718E-06 0
vn 1 0 0
vn 0.9813583 -0.1921866 0.0002234052
vn 0.9812933 -0.1925187 0.0002112771
vn 0.94336 -0.3317705 0.0003807135
vn 0.9441793 -0.3294316 0.000619426
vn 0.9578772 -0.2871781 0.0001911364
vn 0.9595709 -0.2814664 0.0005363405
vn 0.997812 -0.06611386 -0.0002994444
vn 0.9982135 -0.0597476 -6.948976E-05
vn 0.9999858 0.005309732 -0.0003582954
vn 0.9999155 0.01300281 -0.0001200952
vn 0.9464291 -0.3229099 0.001096301
vn 0.9481078 -0.317947 0.001154023
vn -1 0 0
vn -1 0 0
vn -1 0 0
vn -1 0 0
vn 0 0 -1
vn 0 0 -1
vn 0 0 -1
vn 0 0 -1
vn 1 0 0
vn 1 0 0
vn 1 0 0
vn 1 0 0
vn 0 0 1
vn 0 0 1
vn 0 0 1
vn 0 0 1
vn 0 1 0
vn 0 1 0
vn 0 1 0
vn 0 1 0
vn 0 -1 0
vn 0 -1 0
vn 0 -1 0
vn 0 -1 0
vn 0 -1 2.465074E-07
vn 0 -1 -2.390666E-07
vn 0 -1 0
vn 0 -1 0
vn 0 -1 0
vn 0 -1 -2.06131E-07
vn 0 -1 0
vn 0 -1 0
vn 0 -1 0
vn 0 -1 0
vn 0 -1 0
vn 0 -1 0
vn 0 -1 3.028391E-07
vn 0 -1 1.69637E-07
vn 0 -1 0
vn 0 -1 0
vn 0 1 -1.232537E-07
vn 0 1 0
vn 0 1 0
vn 0 1 0
vn 0 1 0
vn 0 1 0
vn 0 1 -1.941866E-07
vn 0 1 -2.429595E-07
vn 0 1 0
vn 0 1 1.195333E-07
vn 0 1 0
vn 0 1 0
vn 0 1 -1.514195E-07
vn 0 1 0
vn 0 1 0
vn 0 1 0
vn -0.9713917 0 -0.2374827
vn -0.9713917 0 -0.2374827
vn -0.7070927 0 -0.7071208
vn -0.7070925 0 -0.707121
vn -0.971394 0 0.2374735
vn -0.971394 0 0.2374733
vn -0.7071005 0 0.707113
vn -0.7071007 0 0.7071128
vn -1 0 0
vn -1 0 0
vn -1 0 0
vn -1 0 0
vn 0.7071069 0 0.7071066
vn 0.7071066 0 0.7071069
vn 0.237454 0 0.9713988
vn 0.2374543 0 0.9713987
vn -0.2374643 0 0.9713963
vn -0.2374643 0 0.9713963
vn -0.7071007 0 0.7071128
vn -0.7071005 0 0.707113
vn -0.7070925 0 -0.707121
vn -0.7070927 0 -0.7071208
vn -0.2374628 0 -0.9713966
vn -0.2374626 0 -0.9713967
vn 0.2374516 0 -0.9713993
vn 0.2374521 0 -0.9713992
vn 0.707099 0 -0.7071145
vn 0.7070994 0 -0.7071141
vn 0.9713965 0 -0.2374634
vn 0.9713965 0 -0.2374634
vn 0.9713987 0 0.2374543
vn 0.9713988 0 0.237454
vn 0.7071066 0 0.7071069
vn 0.7071069 0 0.7071066
vn 0.7070994 0 -0.7071141
vn 0.707099 0 -0.7071145
vn 1 0 0
vn 1 0 0
vn 1 0 0
vn 1 0 0
vn 0 0 -1
vn 0 0 -1
vn 0 0 -1
vn 0 0 -1
vn 0 0 1
vn 0 0 1
vn 0 0 1
vn 0 0 1
vn 0 0 -1
vn 0 0 -1
vn 0.500003 0 -0.8660237
vn 0.5000027 0 -0.8660238
vn -0.5000029 0 -0.8660237
vn -0.5000031 0 -0.8660237
vn 1 0 0
vn 1 0 0
vn 1 0 0
vn 1 0 0
vn 0.4999824 0 0.8660356
vn 0.4999827 0 0.8660355
vn 0.4999826 0 0.8660355
vn 0.4999824 0 0.8660356
vn -0.4999824 0 0.8660356
vn -0.4999827 0 0.8660355
vn -0.4999826 0 0.8660355
vn -0.4999824 0 0.8660356
vn 0 -1 0
vn 0 -1 0
vn 0 -1 0
vn 0 -1 0
vn 0 -1 0
vn 0 -1 0
vn -1 0 0
vn -1 0 0
vn -1 0 0
vn -1 0 0
vn 0 1 0
vn 0 1 0
vn 0 1 0
vn 0 1 0
vn 0 1 0
vn 0 1 0
vn 0 -0.87222 -0.4891137
vn 0 -0.8722214 -0.4891114
vn 0 -0.8722209 -0.4891122
vn 0 -0.8722196 -0.4891145
vn 0 -0.01245243 -0.9999225
vn 0 -0.01245247 -0.9999225
vn 0 0.4891507 -0.8721993
vn 0 0.4891519 -0.8721986
vn 0 0.4891519 -0.8721986
vn 0 0.4891507 -0.8721993
vn 0 0.8597015 -0.5107967
vn 0 0.8597028 -0.5107945
vn 0 0.8722057 0.4891392
vn 0 0.8722044 0.4891416
vn 0 0.5107632 0.8597214
vn 0 0.5107644 0.8597207
vn 1 1.849856E-07 0
vn 1 1.849732E-07 0
vn 1 7.399076E-07 0
vn 1 0 0
vn 1 0 0
vn 1 0 0
vn 0 0.5107644 0.8597207
vn 0 0.5107632 0.8597214
vn 0 -0.489135 0.8722081
vn 0 -0.4891361 0.8722075
vn 0 -0.4891361 0.8722075
vn 0 -0.489135 0.8722081
vn 0 -0.8596831 0.5108277
vn 0 -0.8596845 0.5108255
vn -1 0 0
vn -1 0 0
vn -1 -2.109843E-07 0
vn -1 0 0
vn -1 -1.849708E-07 0
vn -1 3.699538E-07 0
vn -0.8660255 -0.4999999 0
vn -0.8660254 -0.5 0
vn -0.4999976 -0.8660269 0
vn -0.4999978 -0.8660267 0
vn 2.543641E-06 -1 0
vn 2.386505E-06 -1 0
vn 0.4999997 -0.8660255 0
vn 0.4999997 -0.8660255 0
vn 0.5 0.8660254 0
vn 0.5 0.8660254 0
vn 2.543641E-06 1 0
vn 2.376685E-06 1 0
vn 0.8660222 0.5000055 0
vn 0.8660219 0.5000062 0
vn -0.4999979 0.8660266 0
vn -0.4999979 0.8660266 0
vn 0 0 1
vn 0 0 1
vn 0 0 1
vn 0 0 1
vn 0 0 1
vn 0 0 1
vn 1.640325E-07 0 1
vn 0 0 1
vn 0 0 1
vn 0 0 1
vn 0 0 1
vn -1.640207E-07 0 1
vn -1 -2.298116E-06 0
vn -1 -2.504358E-06 0
vn -0.8660254 -0.5 0
vn -0.8660255 -0.4999999 0
vn -0.8660266 0.499998 0
vn -0.8660267 0.4999979 0
vn -0.4999979 0.8660266 0
vn -0.4999979 0.8660266 0
vn 1 -3.280233E-06 0
vn 1 -1.541906E-06 0
vn 0.8660219 0.5000062 0
vn 0.8660222 0.5000055 0
vn 0.8660206 -0.5000083 0
vn 0.866021 -0.5000075 0
vn 0.4999997 -0.8660255 0
vn 0.4999997 -0.8660255 0
vn 0 0 -1
vn -5.324313E-06 0 -1
vn 0 0 -1
vn 0 0 -1
vn 0 0 -1
vn 0 0 -1
vn 0 0 -1
vn -2.377741E-07 0 -1
vn -1.112432E-05 0 -1
vn 1.383346E-05 0 -1
vn 0 0 -1
vn 0 0 -1
vn 0.1158926 -0.926585 0.3577836
vn -0.1158924 -0.926585 0.3577836
vn -0.115097 -0.9382285 0.3263127
vn 0.1150974 -0.9382285 0.3263125
vn 0.1122163 -0.8866535 0.4486123
vn -0.1122158 -0.8866537 0.4486123
vn 0.1155834 -0.9185445 0.3780428
vn -0.1155835 -0.9185445 0.3780428
vn 0.1138247 -0.9932945 -0.02024304
vn -0.1138247 -0.9932945 -0.02024304
vn 0.09452873 -0.9298064 -0.3557027
vn 0.3951475 -0.8568842 -0.3310708
vn -0.4482747 -0.8442902 0.293639
vn -0.4585699 -0.8290619 0.3199533
vn -0.4469061 -0.7983887 0.4035476
vn -0.4645051 -0.8182784 0.3386081
vn -0.4626003 -0.8862516 -0.02364367
vn -0.3951425 -0.8568863 -0.3310715
vn -0.801232 -0.560299 -0.2099817
vn -0.8541133 -0.5200119 -0.008835845
vn -0.850413 -0.4872915 0.1983553
vn -0.8294451 -0.496956 0.2550602
vn -0.8390493 -0.5071307 0.197015
vn -0.825088 -0.5336502 0.1855998
vn -0.7621937 -0.5609993 -0.3230177
vn -0.0945287 -0.9298064 -0.3557025
vn -0.3503209 -0.8074787 -0.4746087
vn -0.7492746 -0.5910712 -0.2987013
vn -0.3546113 -0.8411798 -0.4082491
vn -0.779551 -0.6189819 -0.09571657
vn -0.08186441 -0.8608345 -0.502257
vn -0.08357318 -0.8955455 -0.4370511
vn 0.08186419 -0.8608347 -0.5022568
vn -0.3882788 -0.9120924 -0.1316314
vn 0.08357276 -0.8955457 -0.437051
vn 0.3546157 -0.8411782 -0.4082484
vn 0.3503256 -0.8074771 -0.474608
vn 0.7492713 -0.5910745 -0.2987028
vn 0.7621891 -0.561004 -0.3230206
vn -0.8000962 -0.5991133 0.0301532
vn -0.4037004 -0.9137183 0.04631088
vn -0.8007168 -0.5963837 0.05638465
vn -0.09426709 -0.985232 -0.1429391
vn -0.09769367 -0.993944 0.05031151
vn 0.09769377 -0.993944 0.05031162
vn -0.4044867 -0.9104696 0.08622997
vn -0.4093967 -0.9061888 0.1059067
vn -0.8088539 -0.5840347 0.06825616
vn -0.09856232 -0.9884036 0.115515
vn -0.09793524 -0.9907618 0.09380738
vn 0.09855455 -0.9884044 0.1155148
vn 0.09793535 -0.9907617 0.09380741
vn 0.4044918 -0.9104674 0.08622981
vn 0.409401 -0.9061869 0.1059061
vn 0.8007141 -0.5963871 0.05638485
vn 0.8088552 -0.584033 0.06825597
vn 0.4037051 -0.9137163 0.04631084
vn 0.09426721 -0.985232 -0.142939
vn 0.3882836 -0.9120904 -0.1316313
vn 0.8000933 -0.5991172 0.03015326
vn 0.7795488 -0.6189846 -0.09571701
vn 0.9874269 -0.1398017 0.07378133
vn 0.9887114 -0.1394344 0.05484487
vn 0.9901348 0.1351069 -0.03713765
vn 0.8294436 -0.496958 0.255061
vn 0.9907266 0.119619 -0.06443624
vn 0.9909378 -0.1251958 0.04866396
vn 0.8473294 0.5113423 -0.1433941
vn 0.8504105 -0.4872951 0.1983568
vn 0.9866042 0.1027036 -0.1267445
vn 0.992002 -0.1261918 0.002761271
vn 0.8404214 0.4654975 -0.2774956
vn 0.8541108 -0.520016 -0.008835881
vn 0.95608 0.1257413 -0.2647642
vn 0.7483584 0.3468876 -0.565357
vn 0.978141 0.1811205 -0.102155
vn 0.6967539 0.3772417 -0.6101006
vn 0.7694976 0.5645509 -0.2985896
vn 0.9906762 0.1332853 -0.02820812
vn 0.8514423 0.5130836 -0.1085872
vn 0.9863927 -0.155636 -0.05297944
vn 0.8012285 -0.5603035 -0.2099834
vn 0.7649591 0.6440277 0.008118372
vn 0.9772199 0.2119723 0.01044428
vn 0.7530705 0.6323546 0.181693
vn 0.9820971 -0.1660229 -0.08900405
vn 0.978012 0.1999504 0.05926665
vn 0.7621891 -0.561004 -0.3230206
vn 0.9750461 -0.1939126 -0.1080885
vn 0.7492713 -0.5910745 -0.2987028
vn 0.7440888 0.625266 0.2353172
vn 0.976652 0.2003383 0.07755932
vn 0.7795982 0.6102147 0.1409422
vn 0.9802948 -0.1944994 -0.03452775
vn 0.9845695 0.171739 0.03359441
vn 0.7795488 -0.6189846 -0.09571701
vn 0.9845676 -0.1747911 0.008635855
vn 0.8000933 -0.5991172 0.03015326
vn 0.7991511 0.5948653 -0.08656006
vn 0.9864749 0.1622344 -0.02339274
vn 0.9743823 0.2119438 -0.07522628
vn 0.9846414 -0.173821 0.01635916
vn 0.9863406 -0.1636052 0.01912061
vn 0.8088552 -0.584033 0.06825597
vn 0.8007141 -0.5963871 0.05638485
vn 0.7461903 0.627386 -0.2226811
vn -0.990136 0.1350994 -0.03713554
vn -0.9887127 -0.1394265 0.05484167
vn -0.9874282 -0.1397937 0.07377715
vn -0.8294451 -0.496956 0.2550602
vn -0.9907277 0.1196122 -0.0644326
vn -0.9909389 -0.1251886 0.04866118
vn -0.847332 0.5113382 -0.1433935
vn -0.850413 -0.4872915 0.1983553
vn -0.8541133 -0.5200119 -0.008835845
vn -0.992003 -0.1261852 0.00276148
vn -0.9866057 0.102698 -0.126737
vn -0.8404243 0.4654939 -0.277493
vn -0.9863942 -0.1556277 -0.05297635
vn -0.9781433 0.1811103 -0.1021503
vn -0.9772224 0.2119606 0.0104438
vn -0.9906772 0.1332778 -0.02820649
vn -0.9861863 -0.1564479 0.05441196
vn -0.8390493 -0.5071307 0.197015
vn -0.825088 -0.5336502 0.1855998
vn -0.7483656 0.3468848 -0.5653493
vn -0.9560843 0.1257324 -0.2647531
vn -0.6967582 0.3772391 -0.6100973
vn -0.7694998 0.5645484 -0.2985886
vn -0.7649613 0.644025 0.008118387
vn -0.7530745 0.6323502 0.1816919
vn -0.9780143 0.1999396 0.05926348
vn -0.7440931 0.6252615 0.2353156
vn -0.9820991 -0.1660136 -0.08899913
vn -0.9750488 -0.1939022 -0.1080828
vn -0.9766545 0.2003277 0.07755521
vn -0.7796029 0.610209 0.1409406
vn -0.9845712 0.1717296 0.03359253
vn -0.7991552 0.5948602 -0.08655901
vn -0.980297 -0.1944886 -0.03452587
vn -0.9845695 -0.1747811 0.008635367
vn -0.9864764 0.1622256 -0.02339136
vn -0.9743825 0.2119431 -0.07522599
vn -0.7492746 -0.5910712 -0.2987013
vn -0.7621937 -0.5609993 -0.3230177
vn -0.74619 0.6273862 -0.2226813
vn -0.9863421 -0.1635963 0.01911954
vn -0.9846431 -0.1738111 0.01635828
vn -0.8000962 -0.5991133 0.0301532
vn -0.779551 -0.6189819 -0.09571657
vn -0.8088539 -0.5840347 0.06825616
vn -0.8007168 -0.5963837 0.05638465
vn -0.801232 -0.560299 -0.2099817
vn 0.07636064 0.5306484 -0.8441454
vn -0.07636055 0.5306483 -0.8441454
vn -0.07310691 0.5576032 -0.8268821
vn 0.07310724 0.5576032 -0.8268821
vn -0.3169787 0.5334058 -0.7842211
vn -0.3250071 0.4881218 -0.8100047
vn -0.6967582 0.3772391 -0.6100973
vn -0.7483656 0.3468848 -0.5653493
vn 0.3169838 0.5334049 -0.7842197
vn 0.3250134 0.4881202 -0.810003
vn 0.6967539 0.3772417 -0.6101006
vn 0.7483584 0.3468876 -0.565357
vn 0.1168572 0.9557588 -0.2699435
vn -0.1168571 0.9557588 -0.2699436
vn -0.1084873 0.8506327 -0.5144459
vn 0.1084876 0.8506326 -0.514446
vn -0.07636055 0.5306483 -0.8441454
vn 0.1181407 0.9714789 -0.2056
vn -0.1181407 0.9714789 -0.2056001
vn 0.07636064 0.5306484 -0.8441454
vn -0.4651361 0.8518062 -0.2409867
vn -0.4700197 0.8635291 -0.1827541
vn -0.4434181 0.7641001 -0.4685418
vn -0.3250071 0.4881218 -0.8100047
vn -0.847332 0.5113382 -0.1433935
vn -0.8514441 0.5130808 -0.1085863
vn -0.8404243 0.4654939 -0.277493
vn -0.7483656 0.3468848 -0.5653493
vn 0.4651394 0.8518045 -0.2409863
vn 0.4700244 0.8635265 -0.1827538
vn 0.4434242 0.7640975 -0.4685403
vn 0.8473294 0.5113423 -0.1433941
vn 0.8514423 0.5130836 -0.1085872
vn 0.8404214 0.4654975 -0.2774956
vn 0.7483584 0.3468876 -0.565357
vn 0.3250134 0.4881202 -0.810003
vn -9.115907E-06 0.04635888 0.9989248
vn 3.06064E-06 0.04636821 0.9989244
vn 3.985134E-05 0.04639075 0.9989234
vn -2.196019E-06 0.04636538 0.9989246
vn 4.392037E-06 0.04636513 0.9989246
vn -3.883514E-06 0.04636816 0.9989244
vn -5.009519E-06 0.04636345 0.9989246
vn 5.009492E-06 0.04636341 0.9989246
vn 0 0.04636768 0.9989244
vn 4.247159E-06 0.04634642 0.9989254
vn 4.272175E-05 0.04634884 0.9989253
vn 0 0.04636789 0.9989244
vn -4.247175E-06 0.04634648 0.9989254
vn -4.272192E-05 0.04634894 0.9989253
vn 2.0234E-05 0.04635774 0.9989249
vn -5.978101E-05 0.04639143 0.9989232
vn -0.7694998 0.5645484 -0.2985886
vn -0.380305 0.8228472 -0.4222448
vn -0.3169787 0.5334058 -0.7842211
vn -0.3756207 0.9267663 -0.003636301
vn -0.6967582 0.3772391 -0.6100973
vn -0.07310691 0.5576032 -0.8268821
vn -0.09237897 0.8856377 -0.4550955
vn -0.09083316 0.9958615 -0.003044871
vn -0.08202641 0.9583926 0.2734142
vn 0.09083328 0.9958615 -0.003044934
vn 0.09237902 0.8856377 -0.4550956
vn 0.07310724 0.5576032 -0.8268821
vn 0.08202661 0.9583926 0.2734142
vn 0.3756254 0.9267645 -0.003636237
vn 0.3803096 0.8228455 -0.4222441
vn 0.3169838 0.5334049 -0.7842197
vn 0.07930855 0.9336594 0.349271
vn -0.3505317 0.9007863 0.2563427
vn -0.7649613 0.644025 0.008118387
vn -0.0793087 0.9336594 0.3492709
vn -0.08498484 0.9705325 0.2254866
vn -0.3410226 0.8807144 0.3287034
vn -0.7530745 0.6323502 0.1816919
vn 0.08498504 0.9705325 0.2254867
vn 0.3410272 0.8807127 0.3287028
vn 0.3505366 0.9007846 0.2563421
vn 0.7649591 0.6440277 0.008118372
vn 0.7694976 0.5645509 -0.2985896
vn 0.6967539 0.3772417 -0.6101006
vn -0.3654933 0.9057299 0.2146345
vn -0.7440931 0.6252615 0.2353156
vn -0.09098572 0.9854665 -0.1434482
vn 0.09098558 0.9854665 -0.1434483
vn -0.0865428 0.9388636 -0.3332351
vn -0.358352 0.8798113 -0.3122755
vn -0.3882202 0.9119324 -0.1329074
vn -0.7796029 0.610209 0.1409406
vn -0.74619 0.6273862 -0.2226813
vn -0.7991552 0.5948602 -0.08655901
vn 0.0865437 0.9388635 -0.333235
vn 0.358353 0.8798109 -0.3122753
vn 0.3882251 0.9119303 -0.1329072
vn 0.3654985 0.905728 0.2146341
vn 0.7461903 0.627386 -0.2226811
vn 0.7991511 0.5948653 -0.08656006
vn 0.7795982 0.6102147 0.1409422
vn 0.7440888 0.625266 0.2353172
vn 0.7530705 0.6323546 0.181693
vn 0.9861859 -0.1564491 0.0544146
vn 0.8390483 -0.5071316 0.1970165
vn 0.8250881 -0.5336493 0.1856019
vn 1.669576E-07 -1 0
vn -1.669576E-07 -1 0
vn 0.500009 -0.8660203 0
vn 0.5000089 -0.8660203 0
vn -0.5000031 -0.8660237 0
vn -0.5000033 -0.8660235 0
vn 0.5000089 -0.8660203 0
vn 0.500009 -0.8660203 0
vn 0.8660267 -0.4999977 0
vn 0.8660267 -0.4999979 0
vn 1 -1.080314E-07 0
vn 1 1.080314E-07 0
vn 0.8660235 0.5000034 0
vn 0.8660235 0.5000032 0
vn 0.5000034 0.8660235 0
vn 0.5000035 0.8660235 0
vn 0.5000035 0.8660235 0
vn 0.5000034 0.8660235 0
vn 1.669576E-07 1 0
vn -1.669576E-07 1 0
vn -0.4999975 0.8660269 0
vn -0.4999977 0.8660267 0
vn -0.4999977 0.8660267 0
vn -0.4999975 0.8660269 0
vn -0.8660246 0.5000014 0
vn -0.8660249 0.500001 0
vn -1 3.437345E-07 0
vn -1 -3.437345E-07 0
vn -0.866028 -0.4999955 0
vn -0.8660278 -0.4999959 0
vn -0.5000033 -0.8660235 0
vn -0.5000031 -0.8660237 0
vn 0 0 1
vn 0 0 1
vn 0 0 1
vn 0 0 1
vn -1.128569E-07 0 1
vn 0 0 1
vn 0 0 1
vn 0 0 1
vn 0 0 1
vn 0 0 1
vn -1.099546E-07 0 1
vn 0 0 1
vn -0.4993302 0.8648549 -0.05191768
vn -2.613329E-05 -2.774454E-05 -1
vn -0.8648567 0.4993271 -0.05191749
vn -0.9986514 -2.832797E-06 -0.05191749
vn -0.864855 -0.4993301 -0.05191716
vn -0.4993296 -0.8648552 -0.05191718
vn -0.8514441 0.5130808 -0.1085863
vn 0.8250881 -0.5336493 0.1856019
vn 0.8390483 -0.5071316 0.1970165
vn 0.4585747 -0.8290592 0.3199531
vn 0.4482746 -0.8442903 0.2936389
vn 0.4469113 -0.7983863 0.4035464
vn 0.8294436 -0.496958 0.255061
vn 0.46451 -0.818276 0.3386073
vn 0.8504105 -0.4872951 0.1983568
vn 0.4626056 -0.8862489 -0.02364347
vn 0.8541108 -0.520016 -0.008835881
vn 0.8012285 -0.5603035 -0.2099834
vn -4.948061E-07 -0.1104658 -0.9938799
vn 4.948201E-07 -0.1104658 -0.9938799
vn 2.064035E-06 -0.1104694 -0.9938796
vn 7.034592E-07 -0.1104669 -0.9938798
vn -7.034494E-07 -0.1104668 -0.9938798
vn 9.202113E-06 -0.1104599 -0.9938806
vn -1.652623E-05 -0.1104745 -0.993879
vn -2.064032E-06 -0.1104693 -0.9938796
vn -9.202073E-06 -0.1104597 -0.9938806
vn 1.652539E-05 -0.1104748 -0.993879
vn 3.073931E-06 -0.1104709 -0.9938793
vn 1.355257E-05 -0.1104608 -0.9938805
vn -2.432796E-05 -0.1104801 -0.9938784
vn -3.073926E-06 -0.1104709 -0.9938793
vn -1.355254E-05 -0.1104607 -0.9938805
vn 2.432804E-05 -0.1104803 -0.9938783
vn 1.88136E-06 0 -1
vn 0 0 -1
vn 0 0 -1
vn 0 0 -1
vn -9.509517E-06 0 -1
vn 0 0 -1
vn 0 0 -1
vn -5.64416E-06 0 -1
vn 0 0 -1
vn -1.375038E-05 0 -1
vn -1.901881E-05 0 -1
vn 0 0 -1
vn 0 0 -1
vn 0 0 -1
vn 0 0 -1
vn 0 0 -1
vn 0 0 -1
vn 2.48815E-05 0 -1
vn 3.101733E-05 0 -1
vn 8.591644E-06 0 -1
vn 0 0 -1
vn -1.881349E-06 0 -1
vn 0 0 -1
vn -6.875346E-06 0 -1
vn -2.555461E-06 -0.9986514 -0.05191751
vn -2.613329E-05 -2.774454E-05 -1
vn 0.4993275 -0.8648564 -0.05191755
vn -0.4993296 -0.8648552 -0.05191718
vn 0.4993279 0.8648562 -0.051918
vn -2.613329E-05 -2.774454E-05 -1
vn -2.991275E-06 0.9986513 -0.05191812
vn -0.4993302 0.8648549 -0.05191768
vn 0.9986514 -2.812969E-06 -0.05191755
vn -2.613329E-05 -2.774454E-05 -1
vn 0.8648623 0.4993174 -0.05191801
vn 0.4993279 0.8648562 -0.051918
vn 0.8648604 -0.4993206 -0.0519178
vn 0.4993275 -0.8648564 -0.05191755
vn -0.1301642 -0.9833642 0.1266973
vn -0.130975 -0.9913808 0.003138114
vn 0.1309727 -0.991381 0.003138087
vn 0.130162 -0.9833645 0.1266973
vn -0.1315497 -0.9595944 0.2487436
vn -0.4937813 -0.8624529 0.1111535
vn -0.501245 -0.865301 0.002739084
vn -0.5083839 -0.8335803 0.2160781
vn 0.4937795 -0.8624538 0.1111537
vn 0.1315475 -0.9595946 0.2487437
vn 0.5012432 -0.8653022 0.002739017
vn 0.5083821 -0.8335813 0.2160784
vn 0 0.1172339 0.9931043
vn 0 0.1172339 0.9931043
vn 1.966774E-07 0.1172308 0.9931046
vn 0 0.1172307 0.9931048
vn 0 0.1172294 0.9931049
vn 0 0.1172265 0.9931052
vn -2.282633E-06 0.1172331 0.9931044
vn 2.282638E-06 0.1172331 0.9931044
vn 2.155555E-07 0.1172292 0.9931049
vn 2.153597E-06 0.1172266 0.9931052
vn 2.328114E-06 0.1172308 0.9931046
vn 1.263294E-05 0.1172215 0.9931058
vn 1.291115E-05 0.117216 0.9931064
vn -1.934789E-06 0.1172307 0.9931048
vn -1.220198E-05 0.1172215 0.9931058
vn -8.60723E-06 0.1172162 0.9931064
vn 0.9914559 0.1304423 -0.0002825212
vn 1 0 0
vn 0.9913995 0.1308706 -0.0001397001
vn 0.8660979 0.4998733 -0.001059573
vn 1 0 0
vn 1 6.500836E-07 0
vn 1 5.802991E-07 0
vn 0.9901949 -0.1385004 0.01821356
vn 0.9927976 -0.1159717 0.03006187
vn 1 0 0
vn 0.9884267 -0.1516981 0.0004801171
vn 1 0 0
vn 1 -3.477295E-07 0
vn 1 0 0
vn 0.9915214 -0.1299431 0.0004114809
vn 1 -1.765985E-07 0
vn 1 -1.038959E-06 0
vn 0.9884985 -0.1512295 0.0004778319
vn 0.874865 -0.4688704 0.121539
vn 0.8586211 -0.5083373 0.06605271
vn 0.5083821 -0.8335813 0.2160784
vn 0.4937795 -0.8624538 0.1111537
vn 0.5012432 -0.8653022 0.002739017
vn 0.8668 -0.4986533 0.001578796
vn 0.9661429 -0.2580065 0.0008159324
vn 0.9661447 -0.2579996 0.0008166126
vn 0.9661423 -0.2580086 0.0008157701
vn 0.9661682 -0.2579117 0.0008164257
vn 0.9661443 -0.2580009 0.0008181797
vn 0.9661474 -0.2579894 0.000817163
vn -0.9915215 -0.1299426 0.0004112986
vn -0.9901949 -0.1385005 0.0182135
vn -0.9914559 0.1304424 -0.0002825144
vn -0.8668002 -0.4986532 0.001578536
vn -0.9913995 0.1308704 -0.0001397003
vn -0.8660979 0.4998734 -0.00105957
vn -0.9927976 -0.1159715 0.03006183
vn -0.9926308 0.1211771 -0.0003799452
vn -0.8740214 0.4858851 -0.001524237
vn -0.5080637 0.8613153 -0.002702691
vn -0.8748651 -0.4688703 0.121539
vn -0.8586214 -0.5083369 0.06605251
vn -0.501245 -0.865301 0.002739084
vn -0.5083839 -0.8335803 0.2160781
vn -0.4937813 -0.8624529 0.1111535
vn -0.8657142 0.5005383 -0.0005343591
vn -0.5000747 0.8659804 -0.001812236
vn -0.4996784 0.8662105 -0.0009236775
vn -0.1305404 0.9914409 -0.002076225
vn -0.1317647 0.9912761 -0.003110326
vn 0.1317624 0.9912764 -0.003110314
vn 0.1305382 0.9914411 -0.002076184
vn -0.1305083 0.9914466 -0.001058733
vn 0.1305027 0.9914474 -0.001058719
vn -0.2588003 0.9659303 -0.001031301
vn -0.5000747 0.8659804 -0.001812236
vn -0.4996784 0.8662105 -0.0009236775
vn -0.5080637 0.8613153 -0.002702691
vn -0.2587999 0.9659304 -0.00103146
vn -0.1304771 0.9914507 -0.001057097
vn -0.1305306 0.9914437 -0.00105788
vn 0.2587964 0.9659314 -0.00103128
vn 0.5000731 0.8659813 -0.001812181
vn 0.5080618 0.8613163 -0.002702704
vn 0.499677 0.8662114 -0.0009240327
vn 0.2587966 0.9659313 -0.001031492
vn 0.1304749 0.9914511 -0.001057429
vn 0.1305252 0.9914444 -0.001057923
vn 0 -0.005133684 -0.9999869
vn 0 -0.005133649 -0.9999869
vn 0 -0.005137229 -0.9999869
vn -1.26147E-07 -0.005137251 -0.9999869
vn -5.43226E-07 -0.005136859 -0.9999869
vn 8.123832E-07 -0.005137628 -0.9999869
vn 2.168795E-06 -0.005131694 -0.9999869
vn -2.168804E-06 -0.005131697 -0.9999869
vn 1.704455E-07 -0.005137249 -0.9999869
vn 8.12418E-07 -0.005135925 -0.9999869
vn -1.001685E-06 -0.005128399 -0.9999869
vn -1.06612E-05 -0.005137966 -0.9999869
vn 9.445366E-07 -0.005118122 -0.9999869
vn 1.001672E-06 -0.005128398 -0.9999869
vn 1.066105E-05 -0.005137959 -0.9999869
vn -9.445121E-07 -0.005118122 -0.9999869
vn 0.5000731 0.8659813 -0.001812181
vn 0.8657142 0.5005382 -0.00053437
vn 0.499677 0.8662114 -0.0009240327
vn 0.5080618 0.8613163 -0.002702704
vn 0.8740212 0.4858854 -0.001524276
vn 0.9926308 0.1211777 -0.0003799451
vn 0 -0.4997076 0.8661942
vn 0 -0.8655965 0.5007421
vn 0 -0.8655957 0.5007436
vn 0 -0.499708 0.8661939
vn 0 -0.9656368 0.2598948
vn 0 -0.9845703 0.1749897
vn 0 -0.8655958 0.5007434
vn 0 -0.4997075 0.8661942
vn 0 -0.9912934 0.1316721
vn 0 -0.9915958 -0.1293742
vn 0 -0.984968 -0.1727369
vn 0 -0.8664567 -0.4992521
vn 0 -0.8664562 -0.4992529
vn 0 -0.8664576 -0.4992506
vn 0 -0.966217 -0.2577299
vn 1 0 0
vn 1 0 0
vn 1 0 0
vn 1 0 0
vn 2.917437E-06 -0.001129775 -0.9999994
vn -5.51289E-07 -0.001130075 -0.9999994
vn -2.029613E-06 -0.001129775 -0.9999994
vn -5.126613E-06 -0.001129148 -0.9999994
vn 7.924748E-07 -0.001130075 -0.9999994
vn 7.36918E-06 -0.001129148 -0.9999994
vn 1.82934E-06 0.001122668 0.9999994
vn -5.445992E-07 0.001122962 0.9999994
vn -2.018492E-06 0.001122668 0.9999994
vn -5.094194E-06 0.001122056 0.9999994
vn 4.935447E-07 0.001122962 0.9999994
vn 4.616816E-06 0.001122056 0.9999994
vn -1 0 0
vn -1 0 0
vn -1 0 0
vn -1 0 0
vn 1 0 0
vn 1 0 0
vn 1 0 0
vn 1 0 0
vn 1 0 0
vn 1 -3.174852E-07 0
vn 1 0 0
vn 1 2.452596E-07 0
vn 1 0 0
vn 1 -4.370079E-07 0
vn 1 0 0
vn 1 0 0
vn 1 0 0
vn 1 0 0
vn 1 -5.030595E-07 0
vn 1 -6.629911E-07 0
vn 1 0 0
vn 1 0 0
vn 1 6.568305E-07 0
vn 1 -8.36349E-07 0
vn 0 -0.1305568 -0.9914409
vn -7.252341E-07 0.1303996 -0.9914615
vn 0 0.1303988 -0.9914616
vn 0 -0.1305567 -0.9914409
vn 0 -0.5002876 -0.8658593
vn 0 0.499106 -0.8665409
vn -8.088026E-07 0.4991058 -0.8665411
vn 0 -0.5002881 -0.865859
vn 0 -0.8664562 -0.4992529
vn 0 -0.8664576 -0.4992506
vn 0 -0.1305565 -0.9914409
vn 0 -0.5002874 -0.8658594
vn 0 -0.8664567 -0.4992521
vn 0 0.1304003 -0.9914615
vn -9.295684E-07 0.258571 -0.9659922
vn 0 0.4671367 -0.884185
vn -8.088026E-07 0.4991058 -0.8665411
vn 0 0.8647227 -0.5022495
vn 0 0.8647227 -0.5022497
vn 0 0.499106 -0.8665409
vn 0 0.9650427 -0.2620929
vn 0 0.9841601 -0.1772818
vn 0 0.8540194 -0.5202412
vn 0 0.4671367 -0.884185
vn 0 0.9905968 -0.1368137
vn 0 0.9915344 0.1298446
vn 0 0.9853667 0.1704479
vn 0 0.86732 0.4977508
vn 0 0.8673201 0.4977508
vn 0 0.8566291 0.5159328
vn 0 0.9667983 0.2555409
vn 0 0.86732 0.4977508
vn 7.309541E-07 0.5008903 0.8655108
vn 0 0.5008902 0.8655108
vn 0 0.8673201 0.4977508
vn 0 0.1306549 0.991428
vn 6.624271E-07 0.1306546 0.991428
vn 0 -0.1304909 0.9914494
vn 0 -0.1304905 0.9914495
vn 0 -0.499708 0.8661939
vn 0 -0.4997076 0.8661942
vn 8.432124E-07 0.2590705 0.9658585
vn 0 0.1306512 0.9914284
vn 0 -0.1304908 0.9914495
vn 0 -0.4997075 0.8661942
vn 0 0.4687005 0.8833571
vn 0 0.8566291 0.5159328
vn 0 -0.002350459 -0.9999973
vn 0 -0.002350454 -0.9999973
vn 0 -0.002350454 -0.9999973
vn 0 -0.00235046 -0.9999973
vn 0 0.9999954 -0.003040664
vn 0 0.9999954 -0.003040665
vn 0 0.9999954 -0.003040665
vn 0 0.9999954 -0.003040664
vn 0 -0.9999995 0.001004161
vn 0 -0.9999995 0.001004076
vn 0 -0.9999995 0.001004086
vn 0 -0.9999995 0.001004172
vn -1 0 0
vn -1 6.983144E-07 0
vn -1 6.807529E-07 0
vn -1 0 0
vn 0 -0.007057676 -0.9999751
vn 0 -0.007057673 -0.9999751
vn 0 -0.007057673 -0.9999751
vn 0 -0.007057676 -0.9999751
vn -1 -1.624535E-06 0
vn -1 2.581426E-07 0
vn -1 2.097447E-07 0
vn -1 -1.672698E-06 0
vn 0 0.007202225 0.9999741
vn 0 0.007202225 0.9999741
vn 0 0.007202225 0.9999741
vn 0 0.007202225 0.9999741
vn 0 0.002377076 0.9999973
vn 0 0.002377071 0.9999973
vn 0 0.002377072 0.9999973
vn 0 0.002377077 0.9999973
vn 0 0.9999975 -0.002224452
vn 0 0.9999975 -0.002224452
vn 0 0.9999975 -0.002224452
vn 0 0.9999975 -0.002224452
vn 0 -0.9890716 0.1474365
vn 0 -0.9890715 0.1474368
vn 0 -0.9890716 0.1474362
vn 0 -0.9890716 0.1474359
vn 0 0.5351787 -0.8447388
vn 0 0.535179 -0.8447387
vn 0 0.5351789 -0.8447387
vn 0 0.5351785 -0.844739
vn 0 -0.1448827 -0.9894488
vn 0 -0.1448827 -0.9894488
vn 0 -0.348123 -0.9374488
vn 0 -0.348123 -0.9374488
vn 0 -0.06231011 -0.9980568
vn 0 -0.06231011 -0.9980568
vn 0 -0.5026947 -0.864464
vn 0 -0.5026945 -0.8644642
vn 0 -0.566715 -0.8239139
vn 0 -0.5667146 -0.8239142
vn 0.9793739 0.1992118 -0.03378237
vn 0.9994513 0.02954669 -0.01496636
vn 0.9994842 0.0298195 -0.01191826
vn 0.990267 0.1115314 -0.08325952
vn 0.9717544 0.2330577 -0.03711356
vn 0.9280596 0.3680703 -0.05683105
vn 0.9284902 0.3672986 -0.05475161
vn 0.9863353 0.1400767 -0.08672582
vn 0.9731111 0.1494696 -0.1752525
vn 0.9744694 0.1201578 -0.1896617
vn 0 0.4460028 0.8950316
vn 0 0.4460027 0.8950316
vn 0 0.4882604 0.872698
vn 0 0.4882604 0.872698
vn 0 0.3896681 0.9209554
vn 0 0.389668 0.9209554
vn 0 0.5781128 0.8159568
vn 0 0.5781129 0.8159568
vn 0 0.7038422 0.7103564
vn 0 0.7038423 0.7103562
vn -0.9793739 0.1992121 -0.03378237
vn -0.9717544 0.2330578 -0.03711352
vn -0.9994842 0.02981919 -0.01191826
vn -0.9994513 0.02954659 -0.01496636
vn -0.9280596 0.3680702 -0.05683094
vn -0.9284903 0.3672983 -0.05475146
vn -0.9902669 0.1115316 -0.08325951
vn -0.9863352 0.1400773 -0.08672581
vn -0.9731111 0.1494702 -0.1752525
vn -0.9744693 0.1201581 -0.1896617
vn 1.188344E-06 -1 0
vn 1.198164E-06 -1 0
vn 0.5000007 -0.866025 0
vn 0.5000007 -0.866025 0
vn 0.8660255 -0.4999999 0
vn 0.8660258 -0.4999994 0
vn -0.4999996 -0.8660256 0
vn -0.4999996 -0.8660256 0
vn -0.8660257 -0.4999996 0
vn -0.8660256 -0.4999996 0
vn 0.8660258 -0.4999994 0
vn 0.8660255 -0.4999999 0
vn 1 5.499768E-07 0
vn 1 1.748141E-06 0
vn 0.8660253 0.5000004 0
vn 0.8660249 0.500001 0
vn 0.5000007 0.8660251 0
vn 0.5000007 0.8660251 0
vn 0.5000007 0.8660251 0
vn 0.5000007 0.8660251 0
vn 0 1 0
vn 0 1 0
vn -0.4999979 0.8660267 0
vn -0.4999977 0.8660267 0
vn -0.4999977 0.8660267 0
vn -0.4999979 0.8660267 0
vn -0.8660233 0.5000036 0
vn -0.8660233 0.5000037 0
vn -1 1.15888E-06 0
vn -1 1.15888E-06 0
vn -0.8660256 -0.4999996 0
vn -0.8660257 -0.4999996 0
vn -1.710276E-07 0 1
vn 1.019299E-07 0 1
vn 0 0 1
vn 1.059726E-06 0 1
vn -3.641872E-06 0 1
vn 0 0 1
vn -1.059717E-06 0 1
vn 3.641923E-06 0 1
vn 0 0 1
vn 0 0 1
vn -6.909752E-07 0 1
vn 0 0 1
vn 7.634833E-07 0 -1
vn -8.489912E-07 0 -1
vn 2.900915E-07 0 -1
vn 1.105533E-05 0 -1
vn 5.527703E-06 0 -1
vn -4.214377E-07 0 -1
vn 0 0 -1
vn -1.247515E-06 0 -1
vn -2.928723E-06 0 -1
vn 2.536367E-06 0 -1
vn -1.105541E-05 0 -1
vn -1.105553E-05 0 -1
vn -1.194663E-06 0 1
vn 2.389339E-06 0 1
vn -1.194665E-06 0 1
vn -1.194674E-05 0 1
vn 0 0 1
vn 0 0 1
vn 0 0 1
vn 0 0 1
vn 0 0 1
vn 0 0 1
vn 2.389315E-06 0 1
vn 2.389297E-05 0 1
vn 0 0 -1
vn 0 0 -1
vn 0 0 -1
vn 0 0 -1
vn 0 0 -1
vn 0 0 -1
vn 0 0 -1
vn 0 0 -1
vn 0 0 -1
vn 0 0 -1
vn 0 0 -1
vn 0 0 -1
vn 0.866028 0.4999956 0
vn 1 -2.465071E-06 0
vn 1 -1.885632E-06 0
vn 0.8660271 0.4999972 0
vn 0.5000026 0.8660239 0
vn 0.5000013 0.8660247 0
vn 0.8660287 -0.4999942 0
vn 0.8660293 -0.4999933 0
vn 0 -1 0
vn -0.500001 -0.8660249 0
vn -0.5000002 -0.8660253 0
vn 0 -1 0
vn 0.5000013 -0.8660247 0
vn 0.5000007 -0.8660251 0
vn 0.8660293 -0.4999933 0
vn 0.8660287 -0.4999942 0
vn -0.8660253 -0.5000001 0
vn -0.866026 -0.4999988 0
vn -0.866026 -0.4999988 0
vn -1 -1.561545E-06 0
vn -1 -1.561545E-06 0
vn -0.8660253 -0.5000001 0
vn -0.8660237 0.500003 0
vn -0.8660244 0.5000017 0
vn -0.5000016 0.8660246 0
vn -0.5000028 0.8660238 0
vn -0.5000028 0.8660238 0
vn -2.455258E-07 1 0
vn -3.142729E-07 1 0
vn -0.5000016 0.8660246 0
vn 0.5000013 0.8660247 0
vn 0.5000026 0.8660239 0
vn -9.115773E-06 0.04636634 0.9989244
vn 3.060735E-06 0.04637167 0.9989242
vn 3.985305E-05 0.04640701 0.9989225
vn -2.196027E-06 0.0463712 0.9989242
vn 2.196026E-06 0.04637116 0.9989242
vn -3.060723E-06 0.04637167 0.9989242
vn -3.485894E-06 0.04636301 0.9989247
vn 3.485864E-06 0.04636298 0.9989247
vn -2.237943E-06 0.04636244 0.9989247
vn -9.83621E-06 0.04637339 0.9989241
vn 4.272176E-05 0.04634324 0.9989255
vn 2.237944E-06 0.04636247 0.9989247
vn 9.836171E-06 0.04637338 0.9989242
vn -4.272199E-05 0.04634351 0.9989255
vn 9.115743E-06 0.0463663 0.9989244
vn -3.985522E-05 0.04640708 0.9989225
vn -0.09605033 -0.9730318 0.2097225
vn 0.09604177 -0.9730325 0.2097226
vn 0.09803988 -0.9728422 0.2096814
vn -0.09804177 -0.9728424 0.2096793
vn -0.3935876 -0.898651 0.1936882
vn -0.4106609 -0.8913205 0.1921078
vn -0.7848313 -0.6057982 0.1305688
vn -0.814292 -0.5674253 0.1222992
vn 0.3935912 -0.898649 0.1936902
vn 0.4106673 -0.8913171 0.1921099
vn 0.7848328 -0.6057962 0.1305702
vn 0.8142887 -0.5674298 0.1223001
vn 0.3889878 0.9005634 -0.1940983
vn 0.3733798 0.9068546 -0.195454
vn 0.7673145 0.626876 -0.1351107
vn 0.7976958 0.589523 -0.1270594
vn 0.0915601 0.9734466 -0.2098059
vn 0.0898132 0.9736021 -0.2098391
vn -0.08981315 0.9736022 -0.209839
vn -0.09156012 0.9734466 -0.2098056
vn -0.3733799 0.9068546 -0.195454
vn -0.3889877 0.9005634 -0.1940979
vn -0.7673143 0.6268762 -0.1351107
vn -0.7976958 0.589523 -0.1270593
vn -0.7976958 0.589523 -0.1270593
vn -0.9860625 0.1626405 -0.03505375
vn -0.9789338 0.1995944 -0.04301852
vn -0.7673143 0.6268762 -0.1351107
vn -0.9877334 -0.1526446 0.03289952
vn -0.9814363 -0.187483 0.04040899
vn -0.814292 -0.5674253 0.1222992
vn -0.7848313 -0.6057982 0.1305688
vn 0.9814341 -0.1874936 0.04041123
vn 0.9877321 -0.1526528 0.03290139
vn 0.8142887 -0.5674298 0.1223001
vn 0.7848328 -0.6057962 0.1305702
vn 0.9860625 0.1626406 -0.03505374
vn 0.9789339 0.1995941 -0.04301852
vn 0.7976958 0.589523 -0.1270594
vn 0.7673145 0.626876 -0.1351107
vn -0.8661188 -0.35578 -0.3510822
vn -0.6768931 -0.2892473 -0.6768691
vn -0.5773898 -0.5772393 -0.5774217
vn -0.676953 -0.6769318 -0.2889602
vn -0.9274226 -0.3740152 -2.7521E-06
vn -0.9272391 6.682069E-07 -0.3744698
vn -0.7071345 1.428891E-05 -0.7070789
vn -1 -2.444198E-06 2.111242E-06
vn -0.6768969 0.2892187 -0.6768775
vn -0.8661245 0.3557624 -0.3510863
vn -0.9274198 0.374022 3.126245E-06
vn -0.8661206 0.3557628 0.3510952
vn -0.9272472 0 0.3744498
vn -0.8661351 -0.3557558 0.3510665
vn -0.6769544 -0.6769392 0.2889394
vn -0.6768649 0.2891979 0.6769184
vn -0.7070904 -0.707123 2.700349E-06
vn -0.6768643 -0.2892211 0.676909
vn -0.7070728 9.916015E-06 0.7071407
vn -0.5773473 -0.577233 0.5774705
vn -0.6854861 0.6744351 0.2743103
vn -0.6868991 0.7267527 3.908835E-06
vn -0.5832924 0.5650847 0.5834803
vn -0.6854891 0.6744231 -0.2743323
vn -0.5833265 0.5650982 -0.5834332
vn 0.3511156 -0.3557771 -0.8661065
vn 0.6769025 -0.289219 -0.6768718
vn 0.5774083 -0.5772083 -0.5774342
vn 0.2890722 -0.6776973 -0.6761387
vn 1.079749E-05 -0.3740188 -0.9274211
vn 0.3745253 3.28204E-06 -0.9272166
vn 0.7071552 1.346852E-05 -0.7070583
vn 1.36838E-05 6.028441E-07 -1
vn 0.6769104 0.2891919 -0.6768755
vn 0.3511258 0.3557748 -0.8661033
vn 1.878762E-05 0.3740323 -0.9274156
vn -0.3511144 0.3557675 -0.866111
vn -0.3744972 3.798203E-06 -0.927228
vn -0.3511418 -0.355765 -0.8661008
vn -0.2891205 -0.6777103 -0.6761051
vn -0.6768969 0.2892187 -0.6768775
vn -2.966978E-06 -0.7071366 -0.707077
vn -0.6768931 -0.2892473 -0.6768691
vn -0.7071345 1.428891E-05 -0.7070789
vn -0.5773898 -0.5772393 -0.5774217
vn -0.2744805 0.6755408 -0.6843282
vn 1.496536E-05 0.7267848 -0.6868653
vn -0.5833265 0.5650982 -0.5834332
vn 0.2744696 0.6755378 -0.6843356
vn 0.5833579 0.5650733 -0.5834258
vn 0.8661522 -0.3557559 0.3510243
vn 0.6768975 -0.2891984 0.6768857
vn 0.5773448 -0.577239 0.577467
vn 0.6769732 -0.6769379 0.2888984
vn 0.9274235 -0.3740129 -3.194043E-06
vn 0.9272515 1.261538E-05 0.3744391
vn 0.7070901 5.893375E-05 0.7071234
vn 1 -2.441676E-06 1.034181E-06
vn 0.6768795 0.2891675 0.6769168
vn 0.8661301 0.3557528 0.3510823
vn 0.9274171 0.3740288 3.191539E-06
vn 0.8661319 0.3557564 -0.351074
vn 0.927239 -6.682075E-07 -0.3744701
vn 0.8661299 -0.3557664 -0.3510688
vn 0.6769744 -0.6769293 -0.288916
vn 0.6769104 0.2891919 -0.6768755
vn 0.7071037 -0.7071099 5.171268E-06
vn 0.6769025 -0.289219 -0.6768718
vn 0.7071552 1.346852E-05 -0.7070583
vn 0.5774083 -0.5772083 -0.5774342
vn 0.6855161 0.6744126 -0.2742904
vn 0.6869118 0.7267408 6.610227E-06
vn 0.5833579 0.5650733 -0.5834258
vn 0.6854948 0.6744381 0.2742811
vn 0.5833134 0.5650752 0.5834685
vn -0.3510818 -0.3557422 0.8661346
vn -0.6768643 -0.2892211 0.676909
vn -0.5773473 -0.577233 0.5774705
vn -0.2890719 -0.6776805 0.6761557
vn 2.736978E-06 -0.3740008 0.9274285
vn -0.3744469 3.427611E-06 0.9272484
vn -0.7070728 9.916015E-06 0.7071407
vn 3.844145E-06 6.961837E-07 1
vn -0.6768649 0.2891979 0.6769184
vn -0.35107 0.3557412 0.8661397
vn 2.12456E-05 0.3740127 0.9274235
vn 0.351078 0.3557483 0.8661336
vn 0.3744739 1.333637E-05 0.9272375
vn 0.3510514 -0.3557602 0.8661394
vn 0.2890261 -0.6776794 0.6761764
vn 0.6768795 0.2891675 0.6769168
vn -3.009435E-06 -0.7071047 0.7071088
vn 0.6768975 -0.2891984 0.6768857
vn 0.7070901 5.893375E-05 0.7071234
vn 0.5773448 -0.577239 0.577467
vn 0.2744916 0.6754944 0.6843694
vn 2.130656E-05 0.726725 0.6869286
vn 0.5833134 0.5650752 0.5834685
vn -0.2744943 0.6754904 0.6843724
vn -0.5832924 0.5650847 0.5834803
vn 0.5764255 0.58986 0.5655075
vn 0.2744916 0.6754944 0.6843694
vn 0.5833134 0.5650752 0.5834685
vn 0.6854948 0.6744381 0.2742811
vn 0.8810664 0.4729924 -7.036544E-06
vn 4.984861E-06 0.4769341 0.878939
vn 2.130656E-05 0.726725 0.6869286
vn -0.2744943 0.6754904 0.6843724
vn -0.5764446 0.5898766 0.5654708
vn -0.5832924 0.5650847 0.5834803
vn -0.6854861 0.6744351 0.2743103
vn -0.8810591 0.4730062 -5.450824E-05
vn -0.6868991 0.7267527 3.908835E-06
vn -0.6854891 0.6744231 -0.2743323
vn -0.5763624 0.5898712 -0.5655603
vn -0.5833265 0.5650982 -0.5834332
vn -0.2744805 0.6755408 -0.6843282
vn 1.603328E-06 0.4769734 -0.8789178
vn 1.496536E-05 0.7267848 -0.6868653
vn 0.2744696 0.6755378 -0.6843356
vn 0.5763843 0.5898535 -0.5655563
vn 0.5833579 0.5650733 -0.5834258
vn 0.6855161 0.6744126 -0.2742904
vn 0.6869118 0.7267408 6.610227E-06
vn -0.355771 -0.86612 0.3510886
vn -0.2890719 -0.6776805 0.6761557
vn -0.5773473 -0.577233 0.5774705
vn -0.6769544 -0.6769392 0.2889394
vn -0.3740135 -0.9274234 3.163894E-07
vn 2.740638E-06 -0.9272429 0.3744605
vn -3.009435E-06 -0.7071047 0.7071088
vn 5.967969E-06 -1 -2.245682E-05
vn 0.2890261 -0.6776794 0.6761764
vn 0.3557899 -0.8661195 0.3510707
vn 0.3740356 -0.9274143 -1.717522E-05
vn 0.3558077 -0.8660991 -0.3511029
vn -6.320292E-06 -0.9272341 -0.3744822
vn -0.3557836 -0.8661165 -0.3510843
vn -0.676953 -0.6769318 -0.2889602
vn 0.2890722 -0.6776973 -0.6761387
vn -0.7070904 -0.707123 2.700349E-06
vn -0.2891205 -0.6777103 -0.6761051
vn -2.966978E-06 -0.7071366 -0.707077
vn -0.5773898 -0.5772393 -0.5774217
vn 0.6769744 -0.6769293 -0.288916
vn 0.7071037 -0.7071099 5.171268E-06
vn 0.5774083 -0.5772083 -0.5774342
vn 0.6769732 -0.6769379 0.2888984
vn 0.5773448 -0.577239 0.577467
vn 1.603328E-06 0.4769734 -0.8789178
vn 0 0 -1
vn 0.05773951 0 -0.9983317
vn 0.5763843 0.5898535 -0.5655563
vn -0.05773952 0 -0.9983317
vn -0.5763624 0.5898712 -0.5655603
vn 4.984861E-06 0.4769341 0.878939
vn 0.5764255 0.58986 0.5655075
vn 0.05777356 0 0.9983297
vn 3.4018E-06 0 1
vn -0.05776669 0 0.9983302
vn -0.5764446 0.5898766 0.5654708
vn -0.8810591 0.4730062 -5.450824E-05
vn -0.5764446 0.5898766 0.5654708
vn -0.9991437 0 0.04137366
vn -1 0 -6.700526E-05
vn -0.9991382 0 -0.04150636
vn -0.5763624 0.5898712 -0.5655603
vn 0.8810664 0.4729924 -7.036544E-06
vn 1 0 -4.683189E-06
vn 0.9991386 0 0.04149837
vn 0.5764255 0.58986 0.5655075
vn 0.9991382 0 -0.04150636
vn 0.5763843 0.5898535 -0.5655563
vn 0 1 0
vn 0 1 5.163042E-06
vn 0 1 1.702113E-06
vn 0 1 5.165253E-06
vn 0 1 0
vn 0 1 0
vn 0 1 1.720932E-06
vn 0 1 0
vn 0 1 1.721736E-06
vn 0 0 1
vn 0 0 1
vn 0 0 1
vn -1.213065E-07 0 1
vn 0 0 1
vn 0 0 1
vn 0 0 1
vn 0 0 1
vn 0 0 1
vn 0 0 1
vn 0 0 1
vn 0 0 1
vn 0 0 -1
vn 0 0 -1
vn 0 0 -1
vn 0 0 -1
vn 0 0 -1
vn 0 0 -1
vn 0 0 -1
vn -3.196914E-07 0 -1
vn 0 0 -1
vn 0 0 -1
vn -2.426176E-07 0 -1
vn 0 0 -1
vn 0.8660222 -0.5000055 0
vn 0.8660224 -0.5000053 0
vn 0.499997 -0.8660271 0
vn 0.499997 -0.8660271 0
vn 2.091878E-06 -1 0
vn 2.131162E-06 -1 0
vn -0.5000002 -0.8660253 0
vn -0.5000002 -0.8660253 0
vn -0.8660253 -0.5000002 0
vn -0.8660253 -0.5000002 0
vn -0.4999988 0.8660262 0
vn -0.4999988 0.8660262 0
vn 2.150795E-06 1 0
vn 2.111512E-06 1 0
vn 0.4999956 0.866028 0
vn 0.4999956 0.866028 0
vn 0.4999956 0.866028 0
vn 0.4999956 0.866028 0
vn 0.8660241 0.5000022 0
vn 0.8660242 0.5000021 0
vn 1 2.229373E-06 0
vn 1 1.974026E-06 0
vn 0.8660224 -0.5000053 0
vn 0.8660222 -0.5000055 0
vn -0.8660253 -0.5000002 0
vn -0.8660253 -0.5000002 0
vn -1 2.131162E-06 0
vn -1 2.082057E-06 0
vn -0.8660271 0.499997 0
vn -0.8660271 0.499997 0
vn -0.4999988 0.8660262 0
vn -0.4999988 0.8660262 0
vn 0 0 1
vn 0 0 1
vn 0 0 1
vn 1.247249E-07 0 1
vn 0 0 1
vn 0 0 1
vn 0 0 1
vn 0 0 1
vn 0 0 1
vn 0 0 1
vn 0 0 1
vn 0 0 1
vn 0 0 -1
vn 0 0 -1
vn 0 0 -1
vn 0 0 -1
vn 0 0 -1
vn 2.494497E-07 0 -1
vn 0 0 -1
vn 0 0 -1
vn 1.247249E-07 0 -1
vn 0 0 -1
vn -2.494482E-07 0 -1
vn 0 0 -1
vn 0 -1 0
vn 0 -1 0
vn -0.4999974 -0.8660269 0
vn -0.4999974 -0.8660269 0
vn -0.8660268 -0.4999976 0
vn 0.5000024 -0.8660241 0
vn 0.5000024 -0.8660241 0
vn -0.8660268 -0.4999976 0
vn -1 0 0
vn -1 0 0
vn 0.5000022 0.8660241 0
vn 0.5000022 0.8660241 0
vn 0.8660257 0.4999995 0
vn 0.8660257 0.4999995 0
vn 1.47315E-07 1 0
vn 1.571361E-07 1 0
vn -0.4999975 0.8660269 0
vn -0.4999975 0.8660269 0
vn -0.8660267 0.4999977 0
vn -0.8660267 0.4999977 0
vn -1 0 0
vn -1 0 0
vn 1 0 0
vn 1 1.178525E-07 0
vn 0.8660256 -0.4999996 0
vn 0.8660256 -0.4999996 0
vn 0.5000024 -0.8660241 0
vn 0.8660257 0.4999995 0
vn 0.8660257 0.4999995 0
vn 0.5000024 -0.8660241 0
vn -1 0 0
vn -1 0 0
vn -1 0 0
vn -1 -1.066011E-07 0
vn -1 0 0
vn -1 0 0
vn -1 0 0
vn -1 0 0
vn -1 0 0
vn -1 0 0
vn -1 0 0
vn -1 0 0
vn -1 -1.89654E-07 0
vn -1 -2.742602E-07 0
vn -1 -1.592167E-07 0
vn -1 0 0
vn -1 0 0
vn -1 0 0
vn -1 0 0
vn -1 0 0
vn 1 -1.474935E-07 0
vn 1 0 0
vn 1 1.348816E-07 0
vn 1 -2.807547E-07 0
vn 1 0 0
vn 1 -2.753434E-07 0
vn 1 -4.205568E-07 0
vn 1 -3.490624E-07 0
vn 1 -1.484165E-07 0
vn 1 0 0
vn 1 -2.823298E-07 0
vn 1 -5.547639E-07 0
vn 1 1.48338E-07 0
vn 1 1.991618E-07 0
vn 1 1.699634E-07 0
vn 1 2.415214E-07 0
vn 1 1.538274E-07 0
vn 1 -1.618145E-07 0
vn 1 0 0
vn 1 3.372553E-07 0
vn 0 -0.7188746 -0.6951396
vn 0 -0.7188747 -0.6951396
vn 0 -0.9744987 -0.2243931
vn 0 -0.9744987 -0.2243932
vn 0 -0.9973359 0.07294649
vn 0 -0.9973359 0.0729465
vn 0 -0.8752069 0.4837487
vn 0 -0.8752069 0.4837488
vn 0.1562089 -0.9877241 0
vn 0.1562089 -0.9877241 0
vn -0.1562036 -0.9877248 0
vn 0.5455706 -0.8380648 0
vn -0.1562035 -0.9877248 0
vn -0.5455773 -0.8380604 0
vn 0.5455709 -0.8380647 0
vn -0.5455772 -0.8380606 0
vn -0.8400103 -0.5425705 0
vn -0.8400105 -0.5425702 0
vn 0 0.9962879 -0.08608394
vn 0 0.9962879 -0.08608391
vn 0 0.9657277 0.2595572
vn 0 0.9657277 0.2595572
vn 0 0.7184582 0.6955701
vn 0 0.7184582 0.6955701
vn 0 0.876611 -0.4811997
vn 0 0.8766111 -0.4811997
vn 0.9923391 0.1235436 0
vn 0.9826729 0.1853485 0
vn 0.9826728 0.1853488 0
vn 0.9923389 0.1235455 0
vn 0.9966542 -0.08173446 0
vn 0.9966533 -0.08174483 3.485032E-06
vn 0.948981 -0.3153331 4.693521E-06
vn 0.9489799 -0.3153369 5.116132E-06
vn 0.8400021 -0.542583 3.066357E-06
vn 0.8400066 -0.5425762 0
vn 0.5455709 -0.8380647 0
vn 0.5455706 -0.8380648 0
vn 0 0.7228644 -0.6909899
vn 0 0.7228644 -0.6909899
vn 0 0.8766111 -0.4811997
vn 0 0.876611 -0.4811997
vn 0 0.4642895 0.8856835
vn 0 0.4642895 0.8856835
vn 0 0.4299269 0.9028637
vn 0 0.4299268 0.9028637
vn 0 0.4586443 0.88862
vn 0 0.4586442 0.88862
vn 0 0.7184582 0.6955701
vn 0 0.7184582 0.6955701
vn 0 -0.9995926 -0.02854156
vn 0 -0.9995926 -0.02854153
vn 0 -0.9995926 -0.02854166
vn 0 -0.9995926 -0.02854169
vn 0 -0.297129 0.9548373
vn 0 -0.2971291 0.9548373
vn 0 0.08768934 0.9961479
vn 0 0.08768933 0.9961479
vn 0 0.05546296 0.9984608
vn 0 -0.8752069 0.4837488
vn 0 -0.8752069 0.4837487
vn 0 0.05546294 0.9984608
vn 0 0.7243023 -0.6894825
vn 0 0.7243026 -0.6894823
vn 0 0.4683799 -0.8835272
vn 0 0.4683798 -0.8835273
vn 0 0.8669789 -0.4983448
vn 0 0.866979 -0.4983447
vn 0 0.8196689 -0.5728376
vn 0 0.8196689 -0.5728376
vn 0 0.7228644 -0.6909899
vn 0 0.7228644 -0.6909899
vn 0 -0.1518054 -0.9884105
vn 0 -0.1518054 -0.9884105
vn 0 -0.7188747 -0.6951396
vn 0 -0.7188746 -0.6951396
vn 0 0.4683798 -0.8835273
vn 0 0.4683799 -0.8835272
vn -0.992339 0.1235447 0
vn -0.9826726 0.1853499 0
vn -0.9826726 0.1853501 0
vn -0.992339 0.1235446 0
vn -0.9966538 -0.08173766 0
vn -0.9966538 -0.08173806 0
vn -0.9489824 -0.3153288 0
vn -0.9489822 -0.3153296 0
vn -0.8400105 -0.5425702 0
vn -0.8400103 -0.5425705 0
vn 0 -0.9999704 0.007694242
vn 0 -0.9999704 0.007694148
vn 0 -0.9999704 0.007694326
vn 0 -0.9999704 0.007694419
vn 0.1562153 0.987723 0
vn -0.1562075 0.9877243 0
vn -0.1562062 0.9877244 0
vn -0.5455781 0.83806 0
vn 0.1562143 0.9877231 0
vn 0.5455665 0.8380676 0
vn -0.545576 0.8380613 0
vn 0.5455682 0.8380664 0
vn 0.8399986 0.5425887 0
vn 0.8399993 0.5425875 0
vn -0.9828618 -0.184344 0
vn -0.9828618 -0.1843439 0
vn -0.9924009 -0.1230461 0
vn -0.9924009 -0.1230466 0
vn -0.9966539 0.08173633 0
vn -0.996654 0.08173578 0
vn -0.9489785 0.3153408 0
vn -0.9489787 0.3153402 0
vn -0.8400062 0.5425767 0
vn -0.8400071 0.5425754 0
vn -0.545576 0.8380613 0
vn -0.5455781 0.83806 0
vn 0.9828604 -0.1843506 0
vn 0.9828604 -0.1843507 0
vn 0.9924003 -0.123051 0
vn 0.9924003 -0.1230506 0
vn 0.996654 0.08173523 0
vn 0.996654 0.08173523 0
vn 0.9489803 0.3153353 0
vn 0.9489803 0.3153353 0
vn 0.8399993 0.5425875 0
vn 0.8399986 0.5425887 0
vn 6.310419E-06 0 -1
vn 8.580338E-06 0 -1
vn 0 0 -1
vn -3.714765E-06 0 -1
vn 0 0 -1
vn 0 0 -1
vn 0 0 -1
vn 0 0 -1
vn 0 0 -1
vn 5.42264E-06 0 -1
vn 8.757678E-06 0 -1
vn -1.129083E-05 0 -1
vn -1.440545E-05 0 -1
vn 0 0 -1
vn 0 0 -1
vn 0 0 -1
vn 0 0 -1
vn 0 0 -1
vn 3.714797E-06 0 -1
vn 0 0 -1
vn -6.012441E-06 0 -1
vn -8.580325E-06 0 -1
vn -1.205556E-06 0 -1
vn -1.027088E-05 0 -1
vn -4.759925E-06 0 -1
vn 3.952131E-06 0 -1
vn -4.728801E-06 0 -1
vn -3.324312E-06 0 -1
vn 0.2503017 0.968168 0
vn 0.2503017 0.968168 0
vn 0.2503017 0.968168 0
vn 0.2503017 0.968168 0
vn -1.785489E-06 0 1
vn -1.027091E-05 0 1
vn -1.205611E-06 0 1
vn 0 0 1
vn 0 0 1
vn 3.564407E-06 0 1
vn 1.270974E-05 0 1
vn 0 0 1
vn 2.404387E-06 0 1
vn -5.645722E-06 0 1
vn 2.445818E-06 0 1
vn 1.288785E-05 0 1
vn -2.445917E-06 0 1
vn -1.288912E-05 0 1
vn -2.404737E-06 0 1
vn 5.645334E-06 0 1
vn 0 0 1
vn 0 0 1
vn 3.571118E-06 0 1
vn 0 0 1
vn 6.173631E-06 0 1
vn -1.00122E-06 0 1
vn 1.027144E-05 0 1
vn 9.431272E-06 0 1
vn 8.757678E-06 0 1
vn 2.726387E-06 0 1
vn 1.108111E-06 0 1
vn -1.108104E-06 0 1
vn -0.2503014 0.968168 0
vn -0.2503017 0.968168 0
vn -0.2503016 0.968168 0
vn -0.2503013 0.968168 0
vn -0.004086518 -0.9999917 0
vn -0.004086258 -0.9999917 0
vn -0.3562849 -0.9343773 0
vn 0.3581252 -0.9336736 0
vn -0.3562872 -0.9343765 0
vn 0.3581251 -0.9336736 0
vn 0.6617442 -0.7497298 0
vn 0.6617432 -0.7497306 0
vn -0.7125102 -0.7016616 0
vn -0.7125131 -0.7016589 0
vn 0.6617432 -0.7497306 0
vn 0.6617442 -0.7497298 0
vn 0.8644642 -0.5026945 0
vn 0.8644626 -0.5026973 0
vn 0.9422585 -0.3348864 0
vn 0.9422572 -0.3348899 0
vn -0.7125131 -0.7016589 0
vn -0.7125102 -0.7016616 0
vn -0.9003131 -0.4352427 0
vn -0.9003149 -0.4352392 0
vn -0.9425414 -0.3340894 0
vn -0.9425427 -0.3340858 0
vn 0.003776917 0.9999928 -1.739158E-05
vn 0.003776509 0.9999928 -7.655272E-05
vn 0.3549973 0.9348673 -2.989479E-05
vn -0.3571355 0.9340526 -3.004115E-05
vn 0.354922 0.9348959 0
vn -0.3570601 0.9340814 0
vn -0.6617459 0.7497283 0
vn -0.6617438 0.7497301 0
vn 0.712505 0.7016671 0
vn 0.7125082 0.7016638 0
vn -0.8608219 0.5089062 0
vn -0.6617459 0.7497283 0
vn -0.6617438 0.7497301 0
vn -0.8608208 0.508908 0
vn -0.9373447 0.3484033 0
vn -0.9373452 0.348402 0
vn 0.8967819 0.4424729 0
vn 0.712505 0.7016671 0
vn 0.7125082 0.7016638 0
vn 0.8967831 0.4424706 0
vn 0.9370492 0.3491974 0
vn 0.9370494 0.3491968 0
vn -9.229192E-06 0 -1
vn -8.523278E-06 0 -1
vn 0 0 -1
vn 0 0 -1
vn 2.083543E-05 0 -1
vn 2.559601E-05 0 -1
vn -2.585532E-06 0 -1
vn -5.576627E-06 0 -1
vn -1.418839E-07 0 -1
vn 3.163E-06 0 -1
vn -7.597095E-05 0 -1
vn 3.724416E-05 0 -1
vn 2.92587E-05 0 -1
vn -1.304128E-05 0 -1
vn -1.276149E-05 0 -1
vn -8.175812E-05 0 -1
vn 9.689869E-05 0 -1
vn 0.0001034853 0 -1
vn -4.003248E-05 0 1
vn -5.338126E-05 0 1
vn 4.233115E-05 0 1
vn 4.661869E-05 0 1
vn -6.9834E-06 0 1
vn -9.085996E-06 0 1
vn 6.861504E-06 0 1
vn 8.523346E-06 0 1
vn -5.660283E-06 0 1
vn -6.402406E-06 0 1
vn 6.711233E-05 0 1
vn 7.733722E-05 0 1
vn -3.865304E-05 0 1
vn -3.588529E-05 0 1
vn -3.080436E-05 0 1
vn 5.035402E-05 0 1
vn 6.54065E-05 0 1
vn -5.174265E-05 0 1
vn -0.5946222 -0.8040053 0
vn -0.5946259 -0.8040025 0
vn -0.5946258 -0.8040026 0
vn -0.5946221 -0.8040053 0
vn 0.4734726 -0.8808086 0
vn 0.473473 -0.8808084 0
vn 0.473473 -0.8808084 0
vn 0.4734726 -0.8808086 0
vn 0 0 -1
vn 0 0 -1
vn 0 0 -1
vn 0 0 -1
vn 0 0 1
vn 0 0 1
vn 0 0 1
vn 0 0 1
vn 0 1 0
vn 0 1 0
vn 0 1 0
vn 0 1 0
vn 0 -1 0
vn 0 -1 0
vn 0 -1 0
vn 0 -1 0
vn 1 0 0
vn 1 0 0
vn 1 0 0
vn 1 0 0
vn -1 0 0
vn -1 0 0
vn -1 0 0
vn -1 0 0
vn -0.0005151484 -0.4201781 -0.9074415
vn -0.1768785 -0.3910488 -0.9032136
vn 0.1361594 0.3009529 -0.9438686
vn 9.129592E-05 0.3441095 -0.9389294
vn -0.3198361 -0.2739767 -0.906996
vn 0.2592585 0.2207819 -0.9402342
vn 0.334002 0.1542606 -0.9298637
vn -0.1938204 -0.2120311 -0.9578499
vn -0.5938755 -0.2923872 -0.7495475
vn -0.5335718 -0.464481 -0.7067946
vn -0.4817766 -0.5154917 -0.7086322
vn 0.3607815 0.1707927 -0.9168788
vn 0.6424544 0.2952983 -0.7071429
vn 0.2969406 0.3244297 -0.8980934
vn 0.1375182 0.3750746 -0.9167376
vn 0.6405932 0.3046856 -0.7048452
vn 0.5390054 0.4559444 -0.7082287
vn 0.2911697 0.6430099 -0.7083492
vn -0.2323157 -0.3661002 -0.9011104
vn 0.1696774 0.2743742 -0.9465349
vn -0.366567 -0.2161012 -0.9049469
vn 0.2915204 0.1698039 -0.9413727
vn -0.4215816 -0.04638417 -0.9056034
vn 0.370183 0.5999125 -0.709274
vn 0.3371971 0.03866829 -0.9406396
vn 0.611537 0.3548641 -0.7071733
vn 0.3052142 -0.1132504 -0.9455255
vn -0.4061395 0.1562915 -0.9003465
vn -0.7033835 -0.07738475 -0.7065856
vn -0.609508 -0.3592612 -0.7067046
vn -0.3771993 -0.5981017 -0.7071034
vn 0.1763393 -0.2528554 -0.9512984
vn -0.2570181 0.3628784 -0.8956902
vn -0.6606109 0.2537734 -0.7065355
vn -0.05957511 0.4075931 -0.9112182
vn 0.7023847 0.08161544 -0.707103
vn 0.6632327 -0.2427988 -0.7079344
vn 0.4017517 -0.5775334 -0.7106692
vn -0.4081222 0.5774303 -0.7071142
vn -0.1026105 0.7009388 -0.7058016
vn 0.04617324 -0.3523481 -0.9347293
vn 0.04173886 0.401645 -0.9148438
vn -0.03469399 -0.3609513 -0.9319392
vn -0.147537 -0.2863024 -0.9467121
vn 0.2047178 0.3858875 -0.8995451
vn -0.274852 -0.146038 -0.9503312
vn 0.3926771 0.2085798 -0.8957115
vn 0.3309388 0.6252763 -0.7067595
vn 0.6244681 0.3317215 -0.707107
vn 0.7028201 -0.08078615 -0.7067655
vn 0.4353863 -0.04986868 -0.8988614
vn -0.3191079 0.03885072 -0.9469217
vn 0.344531 -0.2604377 -0.9019261
vn 0.5642318 -0.4266262 -0.706847
vn 0.3073092 -0.6369398 -0.7070141
vn -0.6231585 -0.3310328 -0.7085837
vn -0.3215761 -0.6285648 -0.7081632
vn -0.261876 0.1996704 -0.9442207
vn -0.7012352 0.08716926 -0.7075809
vn 0.1864447 -0.384396 -0.9041449
vn -0.1412066 0.3003304 -0.9433252
vn 0.1644763 -0.265585 -0.9499537
vn -0.5616525 0.4293827 -0.7072319
vn -0.2333913 0.3657677 -0.9009675
vn -0.1619126 0.6416522 -0.7497112
vn -0.2977236 0.6414041 -0.7070795
vn -0.3852544 0.5929463 -0.7071024
vn -0.5717378 0.4186527 -0.705582
vn -0.3236777 0.2375244 -0.9158684
vn 0.3003343 -0.2056799 -0.9313942
vn 0.3685453 -0.5989804 -0.7109126
vn -0.5256579 0.4722848 -0.7075528
vn 0.5893523 -0.3909425 -0.7069851
vn 0.5751333 -0.3518994 -0.7385043
vn 0.3011735 -0.2877567 -0.9091152
vn -0.2527286 0.2298538 -0.9398379
vn -0.2823591 0.647029 -0.7082563
vn 0.508761 -0.4916131 -0.7067382
vn 0.1698581 -0.3915791 -0.9043307
vn -0.1330967 0.3054621 -0.9428564
vn 0.2814208 -0.6486642 -0.7071329
vn -9.510596E-06 0.7070967 -0.7071168
vn 0.3685453 -0.5989804 -0.7109126
vn 0.1644763 -0.265585 -0.9499537
vn 0.1864447 -0.384396 -0.9041449
vn 0.3073092 -0.6369398 -0.7070141
vn 0.4017517 -0.5775334 -0.7106692
vn 0.1763393 -0.2528554 -0.9512984
vn 0.04617324 -0.3523481 -0.9347293
vn 0.08947024 -0.7014393 -0.7070912
vn -0.03469399 -0.3609513 -0.9319392
vn -0.06683749 -0.7039098 -0.7071376
vn -0.3215761 -0.6285648 -0.7081632
vn -0.147537 -0.2863024 -0.9467121
vn 0.1763759 -0.2528604 0.9512902
vn 0.04601777 -0.3522873 0.9347599
vn -0.05972287 0.4075198 0.9112414
vn 0.4017936 -0.5775442 0.7106367
vn -0.0001302048 0.3863565 0.9223495
vn -0.1028388 0.701044 0.7056639
vn 0.07340592 0.7042066 0.7061902
vn 0.04181631 0.4016122 0.9148546
vn 0.2047458 0.3858951 0.8995355
vn -0.2570042 0.3628944 0.8956878
vn -0.4081027 0.5774547 0.7071055
vn -0.4061725 0.1562906 0.9003317
vn 0.3309695 0.6252893 0.7067337
vn 0.3926728 0.2085917 0.8957108
vn -0.2748784 -0.146042 0.9503229
vn 0.6244542 0.3317448 0.7071084
vn 0.305223 -0.1132545 0.9455222
vn -0.4215982 -0.04638828 0.9055954
vn 0.3372042 0.03867056 0.940637
vn 0.2915335 0.1698092 0.9413676
vn -0.3665898 -0.216107 0.9049363
vn -0.147542 -0.2863136 0.9467078
vn -0.03459708 -0.3609145 0.9319569
vn -0.623186 -0.3310398 0.7085561
vn -0.3215848 -0.6285855 0.708141
vn -0.06665304 -0.7040375 0.707028
vn -0.0001368187 -0.3863668 0.9223452
vn 0.08918456 -0.7016352 0.706933
vn 0.1696972 0.2743825 0.9465289
vn 0.3702122 0.5999265 0.7092469
vn -0.2323154 -0.3661145 0.9011047
vn 0.1375294 0.3750874 0.9167308
vn -0.193813 -0.2120401 0.9578494
vn 0.2969664 0.3244387 0.8980815
vn 0.3608073 0.1707991 0.9168674
vn 0.3340141 0.1542648 0.9298586
vn -0.3198531 -0.2739859 0.9069872
vn 0.2592567 0.2207909 0.9402325
vn 0.2454473 0.6657085 0.7046898
vn 0.4774146 0.5216696 0.7070616
vn -0.5938752 -0.2924027 0.7495419
vn 0.1361686 0.3009632 0.943864
vn 0.2911757 0.6430297 0.7083286
vn -0.1768735 -0.3910646 0.9032078
vn -0.0005152624 -0.4201924 0.9074348
vn -0.0008822207 -0.7077287 0.7064839
vn -0.2913555 -0.6442812 0.7071164
vn -0.5335775 -0.4644986 0.7067786
vn 7.999005E-05 0.3441225 0.9389247
vn -2.792113E-05 0.707118 0.7070955
vn -0.282378 0.6470463 0.7082328
vn -0.1330969 0.3054727 0.942853
vn 0.169878 -0.3915905 0.904322
vn 0.2814416 -0.6486803 0.70711
vn 0.5087771 -0.4916282 0.706716
vn 0.3011897 -0.2877672 0.9091067
vn -0.2527495 0.2298583 0.9398313
vn -0.5257041 0.4722903 0.7075146
vn 0.3003382 -0.2056909 0.9313905
vn -0.3236871 0.2375311 0.9158634
vn 0.1644772 -0.2655958 0.9499506
vn -0.2333846 0.3657834 0.9009629
vn -0.1412102 0.3003413 0.9433212
vn -0.1619097 0.641675 0.7496923
vn -0.3852207 0.5929753 0.7070964
vn -0.2977275 0.6414241 0.7070596
vn -0.5616704 0.4293932 0.7072114
vn -0.2618995 0.1996762 0.944213
vn 0.1864635 -0.3844074 0.9041363
vn 0.3445441 -0.2604462 0.9019186
vn -0.3191085 0.03885121 0.9469215
vn 0.4354228 -0.04987443 0.8988435
vn 0.3685533 -0.5989998 0.7108922
vn 0.3073297 -0.6369563 0.7069902
vn 0.3003382 -0.2056909 0.9313905
vn 0.5751595 -0.351909 0.7384792
vn 0.5893153 -0.3909712 0.707
vn 0.3011897 -0.2877672 0.9091067
vn 0.5087771 -0.4916282 0.706716
vn 0.3685533 -0.5989998 0.7108922
vn 0.1644772 -0.2655958 0.9499506
vn -0.2323157 -0.3661002 -0.9011104
vn -0.1938204 -0.2120311 -0.9578499
vn -0.4817766 -0.5154917 -0.7086322
vn -0.3771993 -0.5981017 -0.7071034
vn 0.7028597 -0.08079404 0.7067252
vn 0.6244542 0.3317448 0.7071084
vn 0.3926728 0.2085917 0.8957108
vn 0.4354228 -0.04987443 0.8988435
vn 0.5642486 -0.4266401 0.7068251
vn 0.3445441 -0.2604462 0.9019186
vn 0.3073297 -0.6369563 0.7069902
vn 0.1864635 -0.3844074 0.9041363
vn 0.2047178 0.3858875 -0.8995451
vn 0.04173886 0.401645 -0.9148438
vn 0.07327437 0.7041368 -0.7062734
vn 0.3309388 0.6252763 -0.7067595
vn -0.05957511 0.4075931 -0.9112182
vn -0.1026105 0.7009388 -0.7058016
vn -0.2323154 -0.3661145 0.9011047
vn -0.3771962 -0.5981234 0.7070866
vn -0.4817826 -0.5155074 0.7086167
vn -0.193813 -0.2120401 0.9578494
vn -0.7034025 -0.07738998 0.706566
vn -0.6095327 -0.35927 0.7066789
vn -0.3665898 -0.216107 0.9049363
vn -0.4215982 -0.04638828 0.9055954
vn -0.4061725 0.1562906 0.9003317
vn -0.6606366 0.2537752 0.7065107
vn -0.2570042 0.3628944 0.8956878
vn -0.4081027 0.5774547 0.7071055
vn -0.2618995 0.1996762 0.944213
vn -0.3191085 0.03885121 0.9469215
vn -0.7012174 0.08716872 0.7075986
vn -0.5616704 0.4293932 0.7072114
vn -0.623186 -0.3310398 0.7085561
vn -0.2748784 -0.146042 0.9503229
vn 0.2969664 0.3244387 0.8980815
vn 0.3608073 0.1707991 0.9168674
vn 0.6405982 0.3046993 0.7048349
vn 0.4774146 0.5216696 0.7070616
vn 0.6424783 0.295306 0.7071181
vn 0.3340141 0.1542648 0.9298586
vn 0.5390118 0.4559643 0.708211
vn 0.2592567 0.2207909 0.9402325
vn -0.6095327 -0.35927 0.7066789
vn -0.3771962 -0.5981234 0.7070866
vn -0.3198531 -0.2739859 0.9069872
vn -0.5938752 -0.2924027 0.7495419
vn -0.5335775 -0.4644986 0.7067786
vn 0.370183 0.5999125 -0.709274
vn 0.2454291 0.6656898 -0.7047139
vn 0.1375182 0.3750746 -0.9167376
vn 0.1696774 0.2743742 -0.9465349
vn 0.2969406 0.3244297 -0.8980934
vn 0.4773988 0.5216545 -0.7070833
vn 0.3372042 0.03867056 0.940637
vn 0.7023843 0.08162102 0.7071027
vn 0.663252 -0.2428097 0.7079126
vn 0.305223 -0.1132545 0.9455222
vn 0.4017936 -0.5775442 0.7106367
vn 0.6115626 0.3548731 0.7071465
vn 0.2915335 0.1698092 0.9413676
vn 0.1763759 -0.2528604 0.9512902
vn -0.1768785 -0.3910488 -0.9032136
vn -0.0005151484 -0.4201781 -0.9074415
vn -0.0008864471 -0.7077081 -0.7065045
vn -0.2913756 -0.6442565 -0.7071307
vn 0.1698581 -0.3915791 -0.9043307
vn 0.2814208 -0.6486642 -0.7071329
vn 0.2911697 0.6430099 -0.7083492
vn -9.510596E-06 0.7070967 -0.7071168
vn 9.129592E-05 0.3441095 -0.9389294
vn 0.1361594 0.3009529 -0.9438686
vn -0.2913756 -0.6442565 -0.7071307
vn -0.3236871 0.2375311 0.9158634
vn -0.571749 0.4186669 0.7055644
vn -0.5257041 0.4722903 0.7075146
vn -0.2527495 0.2298583 0.9398313
vn -0.2333846 0.3657834 0.9009629
vn -0.3852207 0.5929753 0.7070964
vn -0.4817826 -0.5155074 0.7086167
vn -0.5938752 -0.2924027 0.7495419
vn -0.193813 -0.2120401 0.9578494
vn -0.5577029 -0.8299556 0.0118795
vn -0.567346 -0.8016939 0.188163
vn -0.9644552 -0.2331461 -0.1243749
vn -0.9811682 -0.1928021 0.01168157
vn -0.6297878 -0.7026346 0.3311678
vn -0.9210728 -0.300651 -0.2474549
vn -0.8784806 -0.3526498 -0.3223506
vn -0.706767 -0.6768587 0.2057735
vn -0.8762453 -0.3319331 -0.3493058
vn -0.9392084 -0.1904065 -0.2857146
vn -0.9797222 -0.1557136 -0.1260861
vn -0.9421672 0.1805133 -0.2823758
vn -0.9713065 0.2376638 0.008916454
vn -0.9630415 -0.2270677 0.1448838
vn -0.5716871 -0.8050071 -0.1585477
vn -0.6311029 -0.7195429 -0.2897707
vn -0.9380715 0.1876512 0.2912195
vn -0.5778547 -0.7789425 0.2435826
vn -0.9532877 -0.2575538 -0.1578242
vn -0.6575289 -0.6517961 0.3779122
vn -0.9215307 0.1422762 -0.3613014
vn -0.9503686 0.2020255 -0.2366122
vn -0.8802074 0.07602303 -0.4684608
vn -0.8959456 -0.3450007 -0.2797428
vn -0.7455578 -0.5066626 0.4329395
vn -0.8277677 -0.4570464 -0.325437
vn -0.7528295 -0.5892257 -0.2933613
vn -0.8463779 -0.3307834 0.4174048
vn -0.5562794 -0.4280895 0.7122447
vn -0.6838963 -0.7107943 -0.164491
vn -0.9511859 -0.1527511 0.2681652
vn -0.728559 -0.1452858 0.6693982
vn -0.9897588 -0.1238598 0.07096609
vn -0.8996623 0.1295269 0.41693
vn -0.9659013 0.2337039 0.1114329
vn -0.9698277 0.2351231 -0.06443094
vn -0.9908631 -0.1314253 -0.03029422
vn -0.9713446 -0.1380391 -0.193481
vn -0.6167659 -0.7863923 -0.03445312
vn -0.9320687 0.1658458 -0.3220917
vn -0.8781018 -0.2888729 -0.3814309
vn -0.6090265 -0.7917945 0.04634859
vn -0.6591746 -0.7349082 0.1593697
vn -0.7336845 -0.6160412 0.2867058
vn -0.7832457 -0.08718478 -0.6155689
vn -0.7471493 -0.5117211 -0.4241575
vn -0.8262088 -0.4559026 0.3309559
vn -0.6395403 -0.6927533 -0.3332884
vn -0.9079439 -0.317405 0.273664
vn -0.6426288 -0.2879837 0.7099956
vn -0.5754548 -0.7988555 -0.1751613
vn -0.9606872 -0.2316924 0.1529664
vn -0.6760416 -0.7208966 -0.1525642
vn -0.8213753 0.003818262 0.5703753
vn -0.9574392 -0.1531567 0.2446492
vn -0.9719648 0.1610323 0.1713277
vn -0.9339904 0.1834895 0.3065834
vn -0.9079756 0.1425797 0.3940197
vn -0.8142226 -0.004338491 0.5805367
vn -0.9026799 -0.2699206 0.3351296
vn -0.6927363 -0.6609187 -0.2886224
vn -0.8442344 0.04014657 0.5344684
vn -0.9199691 -0.2892937 0.2645107
vn -0.3009475 -0.8832469 -0.3595908
vn -0.6760416 -0.7208966 -0.1525642
vn -0.5754548 -0.7988555 -0.1751613
vn -0.6927363 -0.6609187 -0.2886224
vn -0.2772063 -0.9132775 -0.2984644
vn -0.407995 -0.7047783 -0.5803685
vn -0.4549363 -0.6876302 -0.5658602
vn -0.6311029 -0.7195429 -0.2897707
vn -0.354466 -0.7902226 -0.4999021
vn -0.5716871 -0.8050071 -0.1585477
vn -0.2709709 -0.9231983 -0.2725432
vn -0.2367076 -0.9715323 0.009726025
vn -0.6395403 -0.6927533 -0.3332884
vn -0.3887973 -0.7350523 -0.555459
vn -0.7471493 -0.5117211 -0.4241575
vn -0.5696964 -0.4402392 -0.6939996
vn -0.5577029 -0.8299556 0.0118795
vn -0.567346 -0.8016939 0.188163
vn -0.2671869 -0.9157124 0.3001365
vn -0.3576047 -0.760249 0.5423471
vn -0.6297878 -0.7026346 0.3311678
vn -0.4827278 -0.6349216 0.6031984
vn -0.706767 -0.6768587 0.2057735
vn -0.3121532 -0.8649991 -0.3928576
vn -0.6838963 -0.7107943 -0.164491
vn -0.6167659 -0.7863923 -0.03445312
vn -0.2414732 -0.967057 -0.08057055
vn -0.6090265 -0.7917945 0.04634859
vn -0.2384472 -0.9681996 0.07571264
vn -0.2757976 -0.9026417 0.3304142
vn -0.7528295 -0.5892257 -0.2933613
vn -0.4862999 -0.5790745 -0.6543586
vn -0.6591746 -0.7349082 0.1593697
vn -0.4273893 -0.6465406 0.6319206
vn -0.7336845 -0.6160412 0.2867058
vn 0.9425091 0.2760841 -0.1882927
vn 0.9813287 0.1834803 -0.05769535
vn 0.5682771 0.8214194 0.0482819
vn 0.9028172 -0.1277432 -0.4106127
vn 0.5880781 0.8087236 -0.01141716
vn 0.580174 0.7765225 0.2457863
vn 0.6929353 0.603264 0.3948585
vn 0.8637628 0.3916772 -0.3170218
vn 0.8026947 0.4328435 0.4102775
vn 0.651624 0.3048931 0.6945692
vn 0.8896263 0.2869966 0.3552437
vn 0.7970182 0.06337729 0.6006207
vn 0.7135007 0.6316013 -0.3033095
vn 0.7804236 0.5188104 -0.3489625
vn 0.9627233 0.1559444 0.2210099
vn 0.9187869 -0.1420311 0.3683175
vn 0.8784025 -0.06990205 0.4727819
vn 0.6650798 0.7243861 -0.1814764
vn 0.5876008 0.7953134 -0.1490034
vn 0.9308839 0.3168979 0.181744
vn 0.5962618 0.7412932 -0.3081497
vn 0.6913157 0.6192826 -0.3722524
vn 0.7112928 0.6120644 -0.3456006
vn 0.9209049 0.238315 0.3084479
vn 0.6864388 0.6748072 -0.2709928
vn 0.7988351 0.1427423 0.5843691
vn 0.8508862 -0.02701649 0.5246549
vn 0.9768721 0.1353065 0.1655689
vn 0.9418266 -0.182131 0.282473
vn 0.6492942 0.7460072 -0.1479536
vn 0.9937033 0.1115182 -0.01083413
vn 0.9711096 -0.2385015 -0.007950791
vn 0.6241352 0.7812269 -0.01182508
vn 0.9743904 0.1332047 -0.1811623
vn 0.9380082 -0.189499 -0.2902252
vn 0.6489373 0.7511113 0.1212938
vn 0.8537465 -0.05699344 -0.5175602
vn 0.9232078 0.2236388 -0.3125267
vn 0.6868525 0.6856924 0.2409559
vn 0.8996793 0.3053863 -0.3119556
vn 0.8077216 0.07857774 -0.5843042
vn 0.6631812 0.6802406 0.3121912
vn 0.9480956 0.2645896 -0.1763723
vn 0.5829506 0.7815707 0.2220721
vn 0.6521651 0.7469624 0.1293357
vn 0.9145167 -0.1456821 -0.3774066
vn 0.9703235 0.1391697 -0.1977472
vn 0.7064088 0.6621833 0.2499999
vn 0.9315521 -0.1797078 -0.3160947
vn 0.9024321 0.2429586 -0.3557913
vn 0.7927335 0.526486 0.3072234
vn 0.8195063 -0.001766114 -0.5730675
vn 0.7895975 0.4208089 -0.4466047
vn 0.8910966 0.3698991 0.2629098
vn 0.7841555 0.08863116 0.6142025
vn 0.9594048 0.2472549 0.1356736
vn 0.9348699 -0.1679784 0.3127323
vn 0.9842857 0.175089 0.02292551
vn 0.9703448 -0.2347148 0.05779148
vn 0.9888904 0.1482081 -0.01140945
vn 0.9673917 -0.2335783 -0.0979504
vn 0.5733218 0.8175974 -0.05325907
vn 0.5666439 0.7951552 -0.2159699
vn 0.6533072 0.6404026 -0.4038245
vn 0.5671896 0.4461268 0.692291
vn -0.7645663 -0.118583 -0.6335427
vn -0.8784806 -0.3526498 -0.3223506
vn -0.8762453 -0.3319331 -0.3493058
vn -0.7674665 -0.1093016 -0.6317027
vn -0.9392084 -0.1904065 -0.2857146
vn -0.8802074 0.07602303 -0.4684608
vn -0.8476933 0.01893646 -0.5301484
vn -0.9210728 -0.300651 -0.2474549
vn 0.2376845 0.9678552 -0.0822341
vn 0.5733218 0.8175974 -0.05325907
vn 0.5666439 0.7951552 -0.2159699
vn 0.5880781 0.8087236 -0.01141716
vn 0.2407907 0.9660167 0.09397638
vn 0.5682771 0.8214194 0.0482819
vn 0.2763201 0.8990162 -0.339731
vn 0.6533072 0.6404026 -0.4038245
vn 0.580174 0.7765225 0.2457863
vn 0.3091746 0.8631263 0.3992794
vn 0.4257086 0.6463687 -0.6332297
vn 0.4793907 0.5877467 0.6517196
vn 0.6929353 0.603264 0.3948585
vn 0.8996793 0.3053863 -0.3119556
vn 0.8077216 0.07857774 -0.5843042
vn 0.8008934 0.02876977 -0.5981154
vn 0.6241352 0.7812269 -0.01182508
vn 0.6489373 0.7511113 0.1212938
vn 0.2727053 0.9224005 0.2735125
vn 0.2377046 0.9712976 -0.008805078
vn 0.2688294 0.9152655 -0.3000329
vn 0.6492942 0.7460072 -0.1479536
vn 0.6864388 0.6748072 -0.2709928
vn 0.3631946 0.7536421 -0.547826
vn 0.7112928 0.6120644 -0.3456006
vn 0.4444716 0.6151175 -0.6512108
vn 0.6868525 0.6856924 0.2409559
vn 0.3654777 0.7741938 0.5167688
vn 0.6631812 0.6802406 0.3121912
vn 0.3920797 0.7276244 0.5628822
vn 0.5829506 0.7815707 0.2220721
vn 0.3009705 0.8762429 0.3763179
vn 0.3096648 0.9385333 0.1525218
vn 0.6521651 0.7469624 0.1293357
vn 0.2749102 0.917041 0.2888946
vn 0.3879934 0.737613 0.5526195
vn 0.7064088 0.6621833 0.2499999
vn -0.5778547 -0.7789425 0.2435826
vn -0.706767 -0.6768587 0.2057735
vn -0.3331383 -0.8051502 0.490665
vn -0.2901208 -0.8756753 0.3860345
vn -0.4111671 -0.669765 0.6183497
vn -0.6575289 -0.6517961 0.3779122
vn 0.638582 0.2930304 -0.71158
vn 0.4257086 0.6463687 -0.6332297
vn 0.6533072 0.6404026 -0.4038245
vn 0.7895975 0.4208089 -0.4466047
vn 0.8195063 -0.001766114 -0.5730675
vn 0.9024321 0.2429586 -0.3557913
vn -0.7951307 -0.06734327 -0.6026874
vn -0.8959456 -0.3450007 -0.2797428
vn -0.8277677 -0.4570464 -0.325437
vn -0.6542988 -0.3015723 -0.6935037
vn -0.4862999 -0.5790745 -0.6543586
vn -0.7528295 -0.5892257 -0.2933613
vn 0.7135007 0.6316013 -0.3033095
vn 0.6650798 0.7243861 -0.1814764
vn 0.2912412 0.8783663 -0.3790136
vn 0.4137473 0.6662713 -0.6203997
vn 0.5876008 0.7953134 -0.1490034
vn 0.2544115 0.9330782 -0.2542436
vn 0.5962618 0.7412932 -0.3081497
vn 0.3288144 0.8096696 -0.4861238
vn 0.4377044 0.6219447 -0.649307
vn 0.6913157 0.6192826 -0.3722524
vn 0.7064088 0.6621833 0.2499999
vn 0.7927335 0.526486 0.3072234
vn 0.5671896 0.4461268 0.692291
vn 0.3879934 0.737613 0.5526195
vn -0.8781018 -0.2888729 -0.3814309
vn -0.7832457 -0.08718478 -0.6155689
vn -0.5696964 -0.4402392 -0.6939996
vn -0.7471493 -0.5117211 -0.4241575
vn -0.706767 -0.6768587 0.2057735
vn -0.4827278 -0.6349216 0.6031984
vn -0.3331383 -0.8051502 0.490665
vn 0.8537465 -0.05699344 -0.5175602
vn 0.8077216 0.07857774 -0.5843042
vn 0.9232078 0.2236388 -0.3125267
vn -0.4273893 -0.6465406 0.6319206
vn -0.7336845 -0.6160412 0.2867058
vn -0.8262088 -0.4559026 0.3309559
vn -0.6426288 -0.2879837 0.7099956
vn 0.7804236 0.5188104 -0.3489625
vn 0.5546883 0.4320273 -0.7111071
vn 0.7240462 0.1553668 -0.6720254
vn 0.8637628 0.3916772 -0.3170218
vn 0.9028172 -0.1277432 -0.4106127
vn 0.4137473 0.6662713 -0.6203997
vn 0.7135007 0.6316013 -0.3033095
vn 0.9425091 0.2760841 -0.1882927
vn 0.6913157 0.6192826 -0.3722524
vn 0.7112928 0.6120644 -0.3456006
vn 0.4444716 0.6151175 -0.6512108
vn 0.4377044 0.6219447 -0.649307
vn -0.6575289 -0.6517961 0.3779122
vn -0.4111671 -0.669765 0.6183497
vn -0.5562794 -0.4280895 0.7122447
vn -0.7455578 -0.5066626 0.4329395
vn 0.6115626 0.3548731 0.7071465
vn 0.5390118 0.4559643 0.708211
vn 0.4773988 0.5216545 -0.7070833
vn -0.7951307 -0.06734327 -0.6026874
vn 0.8008934 0.02876977 -0.5981154
vn -0.8476933 0.01893646 -0.5301484
vn 0.4793907 0.5877467 0.6517196
vn -0.4904132 0.8494106 -0.1949273
vn -0.5000013 0.8660246 -8.648734E-07
vn 3.240935E-07 1 -3.323017E-07
vn 1.798587E-06 0.9808131 -0.1949507
vn 1.219344E-06 0.7281771 -0.685389
vn -0.8494254 0.4903975 -0.1949016
vn -0.8660262 0.4999987 -7.084376E-07
vn -0.9808152 -6.150332E-07 -0.19494
vn -1 4.223036E-07 0
vn -0.6306632 0.3640921 -0.6853473
vn -0.3641042 0.6306355 -0.6853663
vn -0.8494142 -0.4904086 -0.1949231
vn -0.866026 -0.4999991 2.708121E-07
vn -0.6306337 -0.3641003 -0.68537
vn -0.7281881 -6.125783E-07 -0.6853774
vn 0.8494075 0.4904137 -0.1949397
vn 0.8660249 0.5000009 -1.063552E-07
vn 1 0 0
vn 0.9808164 -2.39294E-06 -0.1949339
vn 0.8660257 -0.4999995 4.491828E-07
vn 0.728201 -3.702808E-06 -0.6853636
vn 0.8494138 -0.4904088 -0.1949241
vn 0.6306158 -0.3641041 -0.6853845
vn 0.4904142 0.8494149 -0.1949055
vn 0.4999993 0.8660258 0
vn 1.798587E-06 0.9808131 -0.1949507
vn 3.240935E-07 1 -3.323017E-07
vn 1.219344E-06 0.7281771 -0.685389
vn 0.3640899 0.6306478 -0.6853626
vn 0.630614 0.3641032 -0.6853866
vn 0.8494138 -0.4904088 -0.1949241
vn 0.8660257 -0.4999995 4.491828E-07
vn 0.4999999 -0.8660255 3.338378E-07
vn 0.490413 -0.8494116 -0.1949231
vn 1.276731E-07 -1 -3.47935E-07
vn 0.3640999 -0.6306323 -0.6853716
vn 4.532633E-06 -0.9808167 -0.1949325
vn -0.4999999 -0.8660255 -1.444775E-07
vn 6.257082E-06 -0.7281859 -0.6853797
vn -0.4904177 -0.8494128 -0.1949061
vn -0.866026 -0.4999991 2.708121E-07
vn -0.3641141 -0.6306397 -0.6853572
vn -0.8494142 -0.4904086 -0.1949231
vn -0.6306337 -0.3641003 -0.68537
vn 0.6306158 -0.3641041 -0.6853845
vn -1.787569E-06 0 1
vn 3.269575E-06 0 1
vn -1.324774E-06 0 1
vn 0 0 1
vn 0 0 1
vn 0 0 1
vn -1.011422E-05 0 1
vn -2.991346E-06 0 1
vn -2.991348E-05 0 1
vn -4.379618E-06 0 1
vn -1.6717E-05 0 1
vn 2.991348E-05 0 1
vn -7.958401E-07 0.9293138 -0.3692911
vn -0.4646431 0.8048214 -0.3692822
vn -0.4688198 0.812014 -0.3476225
vn -9.822433E-07 0.937638 -0.3476135
vn -0.4747707 0.8223256 -0.3136455
vn -0.8120123 0.4688243 -0.34762
vn -0.8047853 0.4646777 -0.3693176
vn -0.8223234 0.474775 -0.3136446
vn -0.8660258 0.4999994 0
vn -0.9376369 -6.826578E-07 -0.3476162
vn -0.9293598 1.037623E-06 -0.3691751
vn -0.9495414 -1.585417E-06 -0.3136417
vn -1 0 0
vn -0.8120228 -0.4688146 -0.347609
vn -0.8047641 -0.4646976 -0.3693385
vn -3.149036E-06 0.9495434 -0.3136357
vn -0.4999971 0.8660271 0
vn -0.8660258 -0.4999993 0
vn -0.8223321 -0.4747673 -0.3136336
vn 0 1 0
vn -0.2128261 0.3686646 -0.9048709
vn -0.3686185 0.2128554 -0.9048828
vn -0.468816 -0.8120156 -0.3476238
vn -4.0321E-06 -0.937636 -0.3476186
vn -1.048771E-05 -0.9495409 -0.3136431
vn -0.4747677 -0.8223266 -0.3136473
vn -1.259546E-05 -1 0
vn -0.4646762 -0.8048063 -0.3692733
vn -0.8047641 -0.4646976 -0.3693385
vn 2.404346E-07 -0.9293361 -0.3692348
vn -0.8120228 -0.4688146 -0.347609
vn 0.4688206 -0.8120137 -0.3476217
vn 0.4646737 -0.8048046 -0.3692803
vn 0.4747773 -0.8223222 -0.3136441
vn 0.500008 -0.8660208 0
vn 0.8120168 -0.468817 -0.3476195
vn 0.8048427 -0.4646439 -0.3692348
vn 0.8223273 -0.4747688 -0.313644
vn 0.8660262 -0.4999987 0
vn -0.4999971 -0.8660271 0
vn -0.8223321 -0.4747673 -0.3136336
vn -0.8660258 -0.4999993 0
vn 0 -0.4257354 -0.9048477
vn 0.2128523 -0.3686419 -0.9048741
vn 0.929294 2.151357E-07 -0.3693406
vn 0.8048423 0.4646401 -0.3692403
vn 0.8120113 0.468824 -0.3476227
vn 0.9376385 1.71401E-06 -0.3476119
vn 0.8048427 -0.4646439 -0.3692348
vn 0.8223233 0.4747747 -0.3136451
vn 0.4688177 0.8120179 -0.347616
vn 0.4646779 0.8048117 -0.3692596
vn 0.4747654 0.8223307 -0.3136401
vn 0.4999971 0.8660271 0
vn 0.212866 0.3686642 -0.9048618
vn 0.8120168 -0.468817 -0.3476195
vn 0.9495428 1.220386E-06 -0.3136372
vn 0.8660262 0.4999986 0
vn -3.149036E-06 0.9495434 -0.3136357
vn -9.822433E-07 0.937638 -0.3476135
vn 0 1 0
vn -7.958401E-07 0.9293138 -0.3692911
vn 1 0 0
vn 0.8223273 -0.4747688 -0.313644
vn 0.8660262 -0.4999987 0
vn 0.3687083 0.212832 -0.9048517
vn -0.2128261 0.3686646 -0.9048709
vn 0.2128523 -0.3686419 -0.9048741
vn -0.4258112 8.87754E-07 -0.904812
vn -0.3686185 0.2128554 -0.9048828
vn -0.3685532 -0.2128724 -0.9049054
vn -0.8047641 -0.4646976 -0.3693385
vn -0.2128562 -0.3686482 -0.9048706
vn -0.4646762 -0.8048063 -0.3692733
vn 0 -0.4257354 -0.9048477
vn 2.404346E-07 -0.9293361 -0.3692348
vn 0.212866 0.3686642 -0.9048618
vn 0 0.4256772 -0.9048752
vn -0.4646431 0.8048214 -0.3692822
vn 0.3687083 0.212832 -0.9048517
vn 0.4256039 4.331982E-07 -0.9049095
vn 0.3687134 -0.212839 -0.904848
vn 0.929294 2.151357E-07 -0.3693406
vn 0.8048423 0.4646401 -0.3692403
vn 0.4646779 0.8048117 -0.3692596
vn -7.958401E-07 0.9293138 -0.3692911
vn 0.8048427 -0.4646439 -0.3692348
vn 0.4646737 -0.8048046 -0.3692803
vn -0.8120228 -0.4688146 -0.347609
vn -0.468816 -0.8120156 -0.3476238
vn -0.4747677 -0.8223266 -0.3136473
vn -0.8223321 -0.4747673 -0.3136336
vn -0.9376369 -6.826578E-07 -0.3476162
vn -0.9495414 -1.585417E-06 -0.3136417
vn 0.8120168 -0.468817 -0.3476195
vn 0.9376385 1.71401E-06 -0.3476119
vn 0.9495428 1.220386E-06 -0.3136372
vn 0.8223273 -0.4747688 -0.313644
vn 1.353292E-06 0 1
vn 5.516328E-06 0 1
vn 3.434809E-06 0 1
vn 0 0 1
vn 0 0 1
vn 0 0 1
vn 0 0 1
vn -2.081523E-06 0 1
vn -2.081512E-05 0 1
vn 0 0 1
vn 2.081531E-06 0 1
vn 2.081534E-05 0 1
vn 1.219344E-06 0.7281771 -0.685389
vn 0.3640899 0.6306478 -0.6853626
vn 0.1095616 0.1897924 -0.975692
vn 2.294526E-06 0.2191582 -0.9756894
vn -0.1095692 0.1897973 -0.9756904
vn 0.1897853 0.1095749 -0.975692
vn 0.630614 0.3641032 -0.6853866
vn 0.2191787 -2.046082E-07 -0.9756846
vn 0.728201 -3.702808E-06 -0.6853636
vn 0.6306158 -0.3641041 -0.6853845
vn 0.1897486 -0.1095777 -0.9756988
vn 0.1095911 -0.189792 -0.9756889
vn 0.3640999 -0.6306323 -0.6853716
vn 4.301626E-06 -0.2191558 -0.9756899
vn 6.257082E-06 -0.7281859 -0.6853797
vn -0.1095774 -0.1897916 -0.9756905
vn -0.3641141 -0.6306397 -0.6853572
vn -0.1897891 -0.109577 -0.975691
vn -0.6306337 -0.3641003 -0.68537
vn -0.1898007 0.109575 -0.975689
vn -0.3641042 0.6306355 -0.6853663
vn -0.2191673 -1.047396E-07 -0.9756873
vn -0.7281881 -6.125783E-07 -0.6853774
vn -0.6306632 0.3640921 -0.6853473
vn -0.9293598 1.037623E-06 -0.3691751
vn -0.8047853 0.4646777 -0.3693176

vt 0.377434 0.897189
vt 0.405791 0.926041
vt 0.399799 0.903395
vt 0.389419 0.897269
vt 0.405791 0.913927
vt 0.361062 0.91363
vt 0.367054 0.903178
vt 0.367054 0.936276
vt 0.361062 0.925744
vt 0.377434 0.942402
vt 0.389419 0.942482
vt 0.399799 0.936493
vt 0.465796 0.92524
vt 0.42705 0.915001
vt 0.443426 0.931443
vt 0.455414 0.931365
vt 0.433044 0.925453
vt 0.47179 0.902594
vt 0.47179 0.914709
vt 0.455414 0.886152
vt 0.42705 0.902886
vt 0.433044 0.892355
vt 0.443426 0.88623
vt 0.465796 0.892142
vt 0.958965 0.974052
vt 0.958965 0.962248
vt 0.939321 0.962305
vt 0.939321 0.974109
vt 0.958888 0.982887
vt 0.939243 0.982944
vt 0.939244 0.950696
vt 0.958888 0.950639
vt 0.166863 0.962587
vt 0.166502 0.974299
vt 0.186018 0.974299
vt 0.186379 0.962587
vt 0.166502 0.950875
vt 0.186018 0.950875
vt 0.165516 0.942301
vt 0.185032 0.942301
vt 0.185032 0.982873
vt 0.165516 0.982873
vt 0.361139 0.952536
vt 0.361062 0.964146
vt 0.380706 0.964203
vt 0.380783 0.952594
vt 0.380706 0.976007
vt 0.361062 0.975949
vt 0.380783 0.984842
vt 0.361139 0.984785
vt 0.781306 0.981043
vt 0.781631 0.969331
vt 0.762091 0.969331
vt 0.761766 0.981043
vt 0.761766 0.957619
vt 0.781306 0.957619
vt 0.964839 0.061794
vt 0.964839 0.076257
vt 0.983492 0.076257
vt 0.983492 0.061794
vt 0.964839 0.051206
vt 0.983492 0.051206
vt 0.983492 0.09072
vt 0.964839 0.09072
vt 0.948946 0.254177
vt 0.948941 0.268641
vt 0.967594 0.268641
vt 0.967599 0.254177
vt 0.948959 0.24359
vt 0.967612 0.24359
vt 0.967599 0.283104
vt 0.948946 0.283104
vt 0.967612 0.293692
vt 0.948959 0.293692
vt 0.14796 0.888726
vt 0.099527 0.875759
vt 0.119998 0.896213
vt 0.134983 0.896213
vt 0.10702 0.888726
vt 0.155453 0.860786
vt 0.155453 0.875759
vt 0.134983 0.840332
vt 0.119998 0.840332
vt 0.10702 0.847818
vt 0.099527 0.860786
vt 0.14796 0.847818
vt 0.361062 0.866681
vt 0.396517 0.831253
vt 0.368554 0.83874
vt 0.361062 0.851707
vt 0.381532 0.831253
vt 0.381532 0.887135
vt 0.368554 0.879648
vt 0.409495 0.879648
vt 0.396517 0.887135
vt 0.416987 0.866681
vt 0.416987 0.851707
vt 0.409495 0.83874
vt 0.92856 0.953361
vt 0.928561 0.942059
vt 0.909908 0.942059
vt 0.909907 0.953362
vt 0.92856 0.96806
vt 0.909907 0.96806
vt 0.928561 0.982217
vt 0.909908 0.982217
vt 0.623864 0.969593
vt 0.623859 0.984056
vt 0.642512 0.984056
vt 0.642517 0.969593
vt 0.623859 0.955129
vt 0.642512 0.955129
vt 0.275421 0.987219
vt 0.275421 0.969032
vt 0.271217 0.969032
vt 0.271217 0.987219
vt 0.285484 0.987219
vt 0.289677 0.987219
vt 0.289677 0.969032
vt 0.285484 0.969032
vt 0.087142 0.965694
vt 0.087142 0.983881
vt 0.087981 0.983882
vt 0.087981 0.965694
vt 0.653418 0.989017
vt 0.653418 0.984816
vt 0.652579 0.984816
vt 0.652579 0.989017
vt 0.415854 0.926873
vt 0.415854 0.931073
vt 0.416693 0.931073
vt 0.416693 0.926873
vt 0.320383 0.958002
vt 0.320383 0.939815
vt 0.319545 0.939815
vt 0.319545 0.958002
vt 0.907216 0.188008
vt 0.907216 0.312796
vt 0.908839 0.306727
vt 0.908839 0.194073
vt 0.90274 0.183572
vt 0.902739 0.317243
vt 0.896588 0.181953
vt 0.896588 0.318876
vt 0.88525 0.181967
vt 0.884912 0.318889
vt 0.879141 0.183599
vt 0.878813 0.317271
vt 0.874564 0.188046
vt 0.87426 0.312835
vt 0.872887 0.194115
vt 0.872614 0.30677
vt 0.929107 0.431749
vt 0.938879 0.431749
vt 0.938879 0.24359
vt 0.929106 0.24359
vt 0.313255 0.969032
vt 0.313255 0.978796
vt 0.320562 0.978796
vt 0.320562 0.969032
vt 0.945028 0.193187
vt 0.954776 0.193187
vt 0.954776 0.005027
vt 0.945028 0.005028
vt 0.985589 0.46178
vt 0.985589 0.471544
vt 0.992897 0.471544
vt 0.992897 0.46178
vt 0.95358 0.581116
vt 0.946273 0.581116
vt 0.946273 0.769275
vt 0.95358 0.769275
vt 0.899844 0.720413
vt 0.892536 0.720413
vt 0.892536 0.908572
vt 0.899844 0.908572
vt 0.909907 0.581116
vt 0.909907 0.690178
vt 0.915586 0.660541
vt 0.91727 0.663778
vt 0.920509 0.665461
vt 0.93621 0.690178
vt 0.915586 0.602968
vt 0.91727 0.599731
vt 0.920509 0.598048
vt 0.925607 0.665461
vt 0.928846 0.663778
vt 0.930531 0.660541
vt 0.93621 0.581116
vt 0.925607 0.598048
vt 0.928846 0.599731
vt 0.930531 0.602968
vt 0.909907 0.809294
vt 0.915586 0.787443
vt 0.915586 0.729869
vt 0.91727 0.790679
vt 0.920509 0.792362
vt 0.909907 0.700233
vt 0.91727 0.726632
vt 0.920509 0.724949
vt 0.925607 0.724949
vt 0.93621 0.700233
vt 0.928846 0.726632
vt 0.930531 0.729869
vt 0.93621 0.809294
vt 0.925607 0.792362
vt 0.928846 0.790679
vt 0.930531 0.787443
vt 0.252591 0.967524
vt 0.250828 0.967524
vt 0.250828 0.97076
vt 0.252591 0.97076
vt 0.252591 0.90995
vt 0.250828 0.90995
vt 0.252591 0.906713
vt 0.250828 0.906713
vt 0.337575 0.516701
vt 0.335812 0.516701
vt 0.335812 0.625763
vt 0.337575 0.625763
vt 0.991259 0.229808
vt 0.989496 0.229808
vt 0.989499 0.233045
vt 0.991261 0.233045
vt 0.989499 0.238139
vt 0.991261 0.238139
vt 0.989496 0.241376
vt 0.991259 0.241376
vt 0.989496 0.262998
vt 0.991259 0.262998
vt 0.991261 0.259761
vt 0.989499 0.259761
vt 0.991261 0.254667
vt 0.989499 0.254667
vt 0.991259 0.251431
vt 0.989496 0.251431
vt 0.874372 0.72365
vt 0.872614 0.72365
vt 0.872614 0.781223
vt 0.874372 0.781223
vt 0.872732 0.78446
vt 0.87449 0.78446
vt 0.87449 0.720413
vt 0.872732 0.720413
vt 0.979433 0.18463
vt 0.977675 0.18463
vt 0.977675 0.293692
vt 0.979433 0.293692
vt 0.980685 0.423183
vt 0.982448 0.423183
vt 0.982448 0.396901
vt 0.980685 0.396901
vt 0.319545 0.92976
vt 0.321308 0.92976
vt 0.321308 0.903478
vt 0.319545 0.903478
vt 0.09754 0.829072
vt 0.09754 0.816667
vt 0.093241 0.81667
vt 0.093241 0.829076
vt 0.10184 0.829076
vt 0.10184 0.81667
vt 0.994461 0.197005
vt 0.994461 0.18463
vt 0.989496 0.18463
vt 0.989496 0.197005
vt 0.918902 0.181957
vt 0.918902 0.194362
vt 0.923201 0.194359
vt 0.923201 0.181953
vt 0.923201 0.181953
vt 0.923201 0.194359
vt 0.9275 0.194362
vt 0.9275 0.181957
vt 0.250828 0.988256
vt 0.259427 0.983296
vt 0.250828 0.983295
vt 0.255127 0.980815
vt 0.255127 0.990736
vt 0.259427 0.988256
vt 0.989485 0.149286
vt 0.989485 0.161692
vt 0.994449 0.161692
vt 0.994449 0.149286
vt 0.989889 0.441804
vt 0.994188 0.449244
vt 0.994188 0.444284
vt 0.989889 0.451725
vt 0.985589 0.449244
vt 0.985589 0.444284
vt 0.527425 0.994972
vt 0.527425 0.989323
vt 0.525455 0.989323
vt 0.525455 0.994973
vt 0.994969 0.862102
vt 0.994969 0.856453
vt 0.992708 0.856453
vt 0.992708 0.862102
vt 0.539433 0.989323
vt 0.539433 0.994973
vt 0.541378 0.994972
vt 0.541378 0.989323
vt 0.541378 0.989323
vt 0.541378 0.994972
vt 0.543348 0.994972
vt 0.543348 0.989323
vt 0.791694 0.991373
vt 0.79561 0.991373
vt 0.793652 0.990247
vt 0.791694 0.993627
vt 0.793652 0.994753
vt 0.79561 0.993626
vt 0.992511 0.415717
vt 0.992511 0.421366
vt 0.994772 0.421366
vt 0.994772 0.415717
vt 0.52937 0.994972
vt 0.52937 0.989323
vt 0.527425 0.989323
vt 0.527425 0.994972
vt 0.557327 0.990453
vt 0.555369 0.993841
vt 0.557327 0.992711
vt 0.555369 0.989323
vt 0.553411 0.990453
vt 0.553411 0.992711
vt 0.751703 0.821179
vt 0.751703 0.005027
vt 0.743964 0.005027
vt 0.743964 0.821179
vt 0.735028 0.005027
vt 0.735028 0.821179
vt 0.727289 0.005028
vt 0.727289 0.821179
vt 0.631598 0.005027
vt 0.631598 0.821179
vt 0.640534 0.821179
vt 0.640534 0.005027
vt 0.623859 0.005027
vt 0.62386 0.821179
vt 0.648273 0.005027
vt 0.648273 0.821179
vt 0.946645 0.470663
vt 0.971058 0.446268
vt 0.942177 0.454001
vt 0.942177 0.46293
vt 0.96332 0.441804
vt 0.954384 0.441804
vt 0.946645 0.446268
vt 0.96332 0.475127
vt 0.954384 0.475127
vt 0.975527 0.454001
vt 0.975527 0.46293
vt 0.971058 0.470663
vt 0.666075 0.821179
vt 0.666075 0.005027
vt 0.658336 0.005027
vt 0.658336 0.821179
vt 0.675011 0.821179
vt 0.675011 0.005027
vt 0.68275 0.821179
vt 0.68275 0.005027
vt 0.709487 0.005027
vt 0.709487 0.821179
vt 0.717226 0.821179
vt 0.717226 0.005027
vt 0.700551 0.005027
vt 0.700551 0.821179
vt 0.692813 0.821179
vt 0.692813 0.005027
vt 0.899844 0.930824
vt 0.878701 0.95195
vt 0.895376 0.947486
vt 0.899844 0.939753
vt 0.887637 0.95195
vt 0.887637 0.918627
vt 0.895376 0.923092
vt 0.870962 0.923091
vt 0.870962 0.947486
vt 0.866494 0.939753
vt 0.866494 0.930824
vt 0.878701 0.918627
vt 0.779545 0.041514
vt 0.790416 0.041514
vt 0.790416 0.005524
vt 0.779545 0.005524
vt 0.779545 0.076105
vt 0.790416 0.076105
vt 0.779545 0.10774
vt 0.790416 0.10774
vt 0.779545 0.135826
vt 0.790416 0.135826
vt 0.779545 0.145335
vt 0.76928 0.144802
vt 0.800681 0.005391
vt 0.800681 0.041381
vt 0.800681 0.075972
vt 0.800681 0.107461
vt 0.800681 0.135293
vt 0.800681 0.144802
vt 0.808195 0.143347
vt 0.808195 0.133838
vt 0.808195 0.106702
vt 0.808195 0.075609
vt 0.808195 0.041018
vt 0.808195 0.005027
vt 0.808195 0.152717
vt 0.790416 0.145335
vt 0.800681 0.154172
vt 0.808195 0.162649
vt 0.800681 0.162834
vt 0.808195 0.175
vt 0.790416 0.154704
vt 0.790416 0.162902
vt 0.779545 0.154704
vt 0.800681 0.175185
vt 0.779545 0.162902
vt 0.76928 0.162834
vt 0.76928 0.154172
vt 0.761766 0.162649
vt 0.761766 0.152717
vt 0.808195 0.191283
vt 0.800681 0.191698
vt 0.808195 0.203712
vt 0.790416 0.175253
vt 0.790416 0.19185
vt 0.779545 0.19185
vt 0.800681 0.204126
vt 0.800681 0.490182
vt 0.808195 0.490247
vt 0.790416 0.490159
vt 0.790416 0.204278
vt 0.779545 0.490159
vt 0.779545 0.204278
vt 0.76928 0.204126
vt 0.76928 0.490182
vt 0.761766 0.203712
vt 0.761766 0.490247
vt 0.76928 0.191698
vt 0.779545 0.175253
vt 0.76928 0.175185
vt 0.761766 0.191283
vt 0.761766 0.175
vt 0.311249 0.077511
vt 0.320884 0.042034
vt 0.289073 0.042921
vt 0.320645 0.077196
vt 0.281824 0.078332
vt 0.297896 0.109236
vt 0.279859 0.043126
vt 0.307056 0.109485
vt 0.26164 0.108046
vt 0.295217 0.135722
vt 0.272611 0.078537
vt 0.30428 0.13693
vt 0.224903 0.125934
vt 0.252799 0.107703
vt 0.219694 0.133872
vt 0.217564 0.12486
vt 0.212355 0.132797
vt 0.291635 0.006362
vt 0.282422 0.006566
vt 0.299198 0.144938
vt 0.308261 0.146146
vt 0.211578 0.140766
vt 0.218917 0.141841
vt 0.222755 0.169084
vt 0.305202 0.153851
vt 0.229563 0.168813
vt 0.314265 0.155059
vt 0.315044 0.164757
vt 0.322644 0.164344
vt 0.22865 0.180996
vt 0.235458 0.180725
vt 0.235815 0.193049
vt 0.320954 0.176668
vt 0.242788 0.193057
vt 0.328554 0.176255
vt 0.32271 0.192545
vt 0.330345 0.192444
vt 0.238212 0.205439
vt 0.245185 0.205447
vt 0.183434 0.506042
vt 0.323534 0.204945
vt 0.329955 0.492503
vt 0.337575 0.491747
vt 0.331169 0.204844
vt 0.176335 0.506646
vt 0.117769 0.468753
vt 0.14958 0.46964
vt 0.139945 0.434163
vt 0.149342 0.434478
vt 0.11052 0.433342
vt 0.126593 0.402437
vt 0.108556 0.468548
vt 0.135753 0.402189
vt 0.132977 0.374744
vt 0.123914 0.375952
vt 0.090337 0.403628
vt 0.101307 0.433137
vt 0.127895 0.366736
vt 0.04839 0.377802
vt 0.047613 0.369833
vt 0.120332 0.505312
vt 0.156875 0.506332
vt 0.158977 0.469955
vt 0.166272 0.506646
vt 0.081496 0.403971
vt 0.0536 0.385739
vt 0.046261 0.386814
vt 0.041052 0.378877
vt 0.040275 0.370908
vt 0.051452 0.34259
vt 0.058259 0.342861
vt 0.057347 0.330678
vt 0.133899 0.357823
vt 0.143741 0.346917
vt 0.064154 0.330949
vt 0.064512 0.318625
vt 0.071485 0.318617
vt 0.066908 0.306235
vt 0.149651 0.335006
vt 0.151407 0.319128
vt 0.073882 0.306227
vt 0.01213 0.005631
vt 0.15134 0.34733
vt 0.142962 0.356615
vt 0.005031 0.005027
vt 0.158652 0.019171
vt 0.152231 0.306728
vt 0.159041 0.31923
vt 0.157251 0.335418
vt 0.166272 0.019927
vt 0.159866 0.30683
vt 0.136958 0.365527
vt 0.217798 0.86803
vt 0.217798 0.878893
vt 0.254283 0.878893
vt 0.254283 0.86803
vt 0.252421 0.88915
vt 0.2155 0.88915
vt 0.247333 0.896658
vt 0.209223 0.896658
vt 0.252421 0.857774
vt 0.2155 0.857774
vt 0.247333 0.850265
vt 0.209223 0.850265
vt 0.890393 0.39434
vt 0.901264 0.39434
vt 0.901264 0.358582
vt 0.890393 0.358582
vt 0.901264 0.328944
vt 0.890393 0.430992
vt 0.901264 0.430992
vt 0.890393 0.328944
vt 0.911529 0.394543
vt 0.911529 0.431194
vt 0.911529 0.358785
vt 0.911529 0.328995
vt 0.919044 0.395097
vt 0.919044 0.431749
vt 0.919044 0.359339
vt 0.919044 0.329135
vt 0.880128 0.394543
vt 0.880128 0.431194
vt 0.880128 0.358785
vt 0.872614 0.395097
vt 0.872614 0.431749
vt 0.872614 0.359339
vt 0.872614 0.329135
vt 0.880128 0.328995
vt 0.219488 0.691178
vt 0.209223 0.677946
vt 0.211974 0.685585
vt 0.229753 0.693225
vt 0.240624 0.693225
vt 0.261154 0.677946
vt 0.261154 0.530954
vt 0.209223 0.530954
vt 0.229753 0.516701
vt 0.219488 0.518611
vt 0.211974 0.523828
vt 0.240624 0.516701
vt 0.250889 0.518611
vt 0.258403 0.523828
vt 0.250889 0.691178
vt 0.258403 0.685585
vt 0.571885 0.713079
vt 0.56437 0.713535
vt 0.56437 0.721745
vt 0.56437 0.705534
vt 0.571885 0.721289
vt 0.554105 0.721911
vt 0.554105 0.713701
vt 0.554105 0.7057
vt 0.554105 0.676711
vt 0.543234 0.7057
vt 0.543234 0.713701
vt 0.543234 0.721911
vt 0.543234 0.676711
vt 0.532969 0.705534
vt 0.532969 0.713535
vt 0.532969 0.721745
vt 0.543234 0.665135
vt 0.56437 0.676897
vt 0.571885 0.705078
vt 0.554105 0.665135
vt 0.554105 0.653756
vt 0.56437 0.665321
vt 0.571885 0.677404
vt 0.543234 0.653756
vt 0.532969 0.665321
vt 0.532969 0.676897
vt 0.525455 0.705078
vt 0.525455 0.713079
vt 0.525455 0.721289
vt 0.56437 0.653869
vt 0.571885 0.665828
vt 0.554105 0.641512
vt 0.543234 0.641512
vt 0.554105 0.336717
vt 0.56437 0.336996
vt 0.56437 0.641626
vt 0.571885 0.654179
vt 0.571884 0.337758
vt 0.571885 0.641936
vt 0.543234 0.336717
vt 0.532969 0.336996
vt 0.532969 0.641626
vt 0.532969 0.653869
vt 0.525455 0.337758
vt 0.525455 0.641936
vt 0.525455 0.654179
vt 0.525455 0.665828
vt 0.525455 0.677404
vt 0.328178 0.005342
vt 0.33028 0.041719
vt 0.337575 0.005027
vt 0.826816 0.819815
vt 0.826816 0.005027
vt 0.818259 0.00516
vt 0.818258 0.819948
vt 0.835373 0.819948
vt 0.835373 0.00516
vt 0.347638 0.005186
vt 0.347638 0.821196
vt 0.353929 0.821079
vt 0.353929 0.00507
vt 0.362496 0.821037
vt 0.362496 0.005027
vt 0.371044 0.821081
vt 0.371044 0.005071
vt 0.377281 0.821198
vt 0.377281 0.005188
vt 0.845436 0.005467
vt 0.845436 0.806467
vt 0.853994 0.806027
vt 0.853994 0.005027
vt 0.862551 0.806467
vt 0.862551 0.005467
vt 0.387344 0.005188
vt 0.387344 0.821198
vt 0.393581 0.821081
vt 0.393581 0.005071
vt 0.402129 0.821038
vt 0.402129 0.005027
vt 0.410696 0.821079
vt 0.410696 0.005069
vt 0.416987 0.821196
vt 0.416987 0.005186
vt 0.942178 0.506126
vt 0.975232 0.497274
vt 0.946604 0.489608
vt 0.942177 0.497274
vt 0.970802 0.489608
vt 0.963131 0.485182
vt 0.954274 0.485182
vt 0.954279 0.518218
vt 0.946608 0.513792
vt 0.975233 0.506126
vt 0.970805 0.513792
vt 0.963136 0.518218
vt 0.581947 0.337802
vt 0.606096 0.605315
vt 0.587024 0.337479
vt 0.593986 0.337131
vt 0.600967 0.336852
vt 0.606096 0.336717
vt 0.111119 0.505107
vt 0.761766 0.005027
vt 0.761766 0.041018
vt 0.76928 0.041381
vt 0.76928 0.005391
vt 0.76928 0.075972
vt 0.761766 0.075609
vt 0.76928 0.107461
vt 0.761766 0.106702
vt 0.76928 0.135293
vt 0.761766 0.133838
vt 0.761766 0.143347
vt 0.750047 0.885549
vt 0.698117 0.885549
vt 0.729518 0.903648
vt 0.750047 0.849675
vt 0.698117 0.849675
vt 0.739783 0.901223
vt 0.747297 0.894599
vt 0.718646 0.903648
vt 0.708382 0.901223
vt 0.700867 0.894599
vt 0.718646 0.831234
vt 0.708382 0.833705
vt 0.700867 0.840455
vt 0.729518 0.831234
vt 0.739783 0.833705
vt 0.747297 0.840455
vt 0.94882 0.534951
vt 0.946594 0.532724
vt 0.942177 0.540395
vt 0.945219 0.541207
vt 0.945219 0.548424
vt 0.954244 0.528287
vt 0.955059 0.531333
vt 0.962262 0.531322
vt 0.963077 0.528273
vt 0.970727 0.532687
vt 0.968501 0.534921
vt 0.975144 0.540344
vt 0.972102 0.541166
vt 0.972102 0.548383
vt 0.975144 0.549195
vt 0.970727 0.556866
vt 0.968501 0.554639
vt 0.962262 0.558257
vt 0.963077 0.561303
vt 0.954244 0.561317
vt 0.955059 0.558268
vt 0.94882 0.554669
vt 0.946594 0.556904
vt 0.942177 0.549246
vt 0.502365 0.603619
vt 0.509338 0.33672
vt 0.495387 0.603545
vt 0.509338 0.603909
vt 0.495387 0.614505
vt 0.509338 0.87981
vt 0.502353 0.613964
vt 0.509338 0.614139
vt 0.594046 0.615782
vt 0.606096 0.883969
vt 0.60101 0.615504
vt 0.606096 0.61537
vt 0.587068 0.616131
vt 0.581947 0.616457
vt 0.771266 0.570667
vt 0.771266 0.822507
vt 0.789925 0.822507
vt 0.789925 0.570667
vt 0.771266 0.500301
vt 0.761766 0.570761
vt 0.761766 0.822356
vt 0.761766 0.500437
vt 0.799425 0.570761
vt 0.789925 0.500301
vt 0.799425 0.822356
vt 0.799425 0.500437
vt 0.061693 0.872852
vt 0.005031 0.872852
vt 0.042691 0.891846
vt 0.024033 0.891846
vt 0.007577 0.882349
vt 0.014532 0.889301
vt 0.061693 0.835676
vt 0.005031 0.835676
vt 0.059147 0.882349
vt 0.052192 0.889301
vt 0.024033 0.816667
vt 0.007577 0.826171
vt 0.014532 0.819213
vt 0.042691 0.816667
vt 0.059147 0.826171
vt 0.052192 0.819213
vt 0.542432 0.250219
vt 0.570604 0.151466
vt 0.541917 0.005029
vt 0.532928 0.249301
vt 0.572243 0.157527
vt 0.576697 0.161955
vt 0.582772 0.163561
vt 0.597292 0.255611
vt 0.579599 0.324712
vt 0.593776 0.163526
vt 0.597292 0.162574
vt 0.570383 0.038814
vt 0.571998 0.032742
vt 0.576434 0.028287
vt 0.597292 0.005138
vt 0.582502 0.026642
vt 0.59384 0.026606
vt 0.597292 0.02752
vt 0.589091 0.325819
vt 0.606823 0.256565
vt 0.596035 0.326662
vt 0.613796 0.257296
vt 0.613796 0.005233
vt 0.606823 0.005174
vt 0.599848 0.161886
vt 0.59991 0.028217
vt 0.604294 0.157439
vt 0.605923 0.151369
vt 0.604352 0.032652
vt 0.605976 0.038717
vt 0.498888 0.326556
vt 0.498888 0.076085
vt 0.444028 0.081477
vt 0.508419 0.326519
vt 0.443513 0.326665
vt 0.434524 0.082393
vt 0.481195 0.006984
vt 0.44403 0.011249
vt 0.434526 0.012321
vt 0.427564 0.013068
vt 0.490687 0.005876
vt 0.508419 0.075129
vt 0.515392 0.326454
vt 0.497631 0.005027
vt 0.515392 0.074392
vt 0.434011 0.326665
vt 0.427562 0.083026
vt 0.42705 0.326628
vt 0.145952 0.586913
vt 0.145952 0.516995
vt 0.127294 0.516995
vt 0.127294 0.586913
vt 0.145952 0.674639
vt 0.127294 0.674639
vt 0.149775 0.67464
vt 0.155453 0.586661
vt 0.155453 0.83027
vt 0.155453 0.516701
vt 0.149775 0.791487
vt 0.145952 0.830277
vt 0.145952 0.791485
vt 0.123472 0.67464
vt 0.117793 0.586661
vt 0.117793 0.516701
vt 0.117793 0.83027
vt 0.123472 0.791487
vt 0.127294 0.830277
vt 0.127294 0.791485
vt 0.483712 0.857112
vt 0.42705 0.857112
vt 0.46471 0.876097
vt 0.446052 0.876097
vt 0.436551 0.873554
vt 0.429596 0.866605
vt 0.483712 0.801781
vt 0.42705 0.801781
vt 0.481166 0.866605
vt 0.474211 0.873554
vt 0.446052 0.78273
vt 0.429596 0.792255
vt 0.436551 0.785282
vt 0.46471 0.78273
vt 0.481166 0.792255
vt 0.474211 0.785282
vt 0.525966 0.248663
vt 0.532415 0.005027
vt 0.525455 0.005059
vt 0.525968 0.318621
vt 0.53293 0.319374
vt 0.542434 0.320448
vt 0.881253 0.441804
vt 0.881253 0.446523
vt 0.900526 0.446523
vt 0.900526 0.441804
vt 0.900526 0.452682
vt 0.881253 0.452682
vt 0.872614 0.446523
vt 0.872614 0.441804
vt 0.872614 0.452682
vt 0.872614 0.565111
vt 0.881253 0.565111
vt 0.872614 0.571061
vt 0.881253 0.571061
vt 0.900526 0.571061
vt 0.900526 0.565111
vt 0.932114 0.558648
vt 0.932106 0.441804
vt 0.910717 0.441804
vt 0.910589 0.558648
vt 0.154551 0.958926
vt 0.132137 0.981388
vt 0.154551 0.977569
vt 0.153527 0.981388
vt 0.132137 0.955106
vt 0.153527 0.955106
vt 0.122074 0.958926
vt 0.099527 0.981388
vt 0.122074 0.977569
vt 0.12105 0.981388
vt 0.099527 0.955106
vt 0.12105 0.955106
vt 0.934838 0.005027
vt 0.913449 0.005027
vt 0.913441 0.121871
vt 0.934965 0.121871
vt 0.219668 0.838591
vt 0.213624 0.828089
vt 0.215235 0.834154
vt 0.225736 0.84021
vt 0.237073 0.840199
vt 0.249219 0.828053
vt 0.21392 0.715436
vt 0.249241 0.715401
vt 0.226095 0.703291
vt 0.215563 0.709368
vt 0.220019 0.704922
vt 0.2371 0.70328
vt 0.243171 0.704899
vt 0.247615 0.709336
vt 0.247591 0.834122
vt 0.243145 0.838567
vt 0.209223 0.828062
vt 0.209453 0.715409
vt 0.253664 0.715407
vt 0.253664 0.828059
vt 0.579994 0.969635
vt 0.590998 0.969635
vt 0.590998 0.950377
vt 0.579994 0.950377
vt 0.573921 0.969635
vt 0.597073 0.950377
vt 0.597073 0.969635
vt 0.573921 0.950377
vt 0.569474 0.969635
vt 0.569474 0.950377
vt 0.579994 0.978267
vt 0.573921 0.978267
vt 0.569474 0.978267
vt 0.590998 0.978267
vt 0.594516 0.978267
vt 0.597073 0.977585
vt 0.88057 0.581116
vt 0.88057 0.585569
vt 0.899844 0.585569
vt 0.899844 0.581116
vt 0.899844 0.59164
vt 0.88057 0.59164
vt 0.873801 0.585569
vt 0.872614 0.581116
vt 0.874237 0.59164
vt 0.874251 0.704295
vt 0.88057 0.704295
vt 0.88057 0.710358
vt 0.899844 0.710358
vt 0.873817 0.710358
vt 0.899844 0.704295
vt 0.937745 0.205596
vt 0.937745 0.210078
vt 0.957019 0.210078
vt 0.957019 0.205596
vt 0.957019 0.21616
vt 0.937745 0.21616
vt 0.957019 0.227488
vt 0.937745 0.227488
vt 0.957019 0.233535
vt 0.937745 0.233535
vt 0.929106 0.212701
vt 0.929106 0.21616
vt 0.929106 0.227488
vt 0.929106 0.233535
vt 0.929806 0.210078
vt 0.930992 0.205596
vt 0.228154 0.98242
vt 0.228154 0.963161
vt 0.223731 0.963161
vt 0.223731 0.98242
vt 0.929181 0.932004
vt 0.929181 0.819349
vt 0.909907 0.819349
vt 0.909907 0.932004
vt 0.331725 0.831253
vt 0.331725 0.94368
vt 0.350999 0.94368
vt 0.350999 0.831253
vt 0.335447 0.814788
vt 0.335447 0.702135
vt 0.331046 0.702151
vt 0.33098 0.814803
vt 0.886606 0.981264
vt 0.886606 0.962005
vt 0.882139 0.962005
vt 0.882139 0.981264
vt 0.570727 0.844618
vt 0.570727 0.731966
vt 0.566303 0.731971
vt 0.566282 0.844623
vt 0.058771 0.965694
vt 0.058771 0.984953
vt 0.063172 0.984953
vt 0.063172 0.965694
vt 0.209223 0.963161
vt 0.209223 0.98242
vt 0.213668 0.98242
vt 0.213668 0.963161
vt 0.165516 0.8154
vt 0.165516 0.932246
vt 0.191819 0.932246
vt 0.191819 0.8154
vt 0.982645 0.856453
vt 0.970856 0.856453
vt 0.970856 0.877324
vt 0.982645 0.877324
vt 0.976781 0.618773
vt 0.971393 0.618773
vt 0.971393 0.620843
vt 0.976781 0.620843
vt 0.979274 0.594109
vt 0.9689 0.594109
vt 0.969113 0.60326
vt 0.979061 0.60326
vt 0.984531 0.581116
vt 0.963643 0.581116
vt 0.969615 0.61298
vt 0.978558 0.61298
vt 0.971393 0.618773
vt 0.976781 0.618773
vt 0.076088 0.832092
vt 0.07746 0.841179
vt 0.081624 0.841425
vt 0.080818 0.851614
vt 0.083178 0.830396
vt 0.071756 0.819605
vt 0.083178 0.816667
vt 0.076789 0.851357
vt 0.075501 0.857689
vt 0.077777 0.859264
vt 0.918697 0.158649
vt 0.929071 0.158649
vt 0.928852 0.148296
vt 0.918917 0.148296
vt 0.913441 0.17183
vt 0.934328 0.17183
vt 0.928417 0.138591
vt 0.919352 0.138591
vt 0.926578 0.131926
vt 0.92119 0.131926
vt 0.676557 0.933462
vt 0.683647 0.935158
vt 0.682093 0.92413
vt 0.677929 0.924376
vt 0.672225 0.94595
vt 0.683647 0.948888
vt 0.681287 0.913941
vt 0.677258 0.914197
vt 0.67597 0.907866
vt 0.678246 0.906291
vt 0.456187 0.338652
vt 0.456187 0.626468
vt 0.473009 0.62595
vt 0.473009 0.338134
vt 0.485324 0.624537
vt 0.485324 0.33672
vt 0.439365 0.338134
vt 0.439365 0.62595
vt 0.42705 0.33672
vt 0.42705 0.624537
vt 0.061412 0.516764
vt 0.061412 0.806477
vt 0.078087 0.806414
vt 0.078087 0.516701
vt 0.095041 0.806464
vt 0.095041 0.516751
vt 0.10773 0.806612
vt 0.10773 0.516899
vt 0.19916 0.804878
vt 0.19916 0.516701
vt 0.182338 0.517168
vt 0.182338 0.805345
vt 0.165516 0.516701
vt 0.165516 0.804878
vt 0.005031 0.516899
vt 0.005031 0.806612
vt 0.017721 0.806464
vt 0.017721 0.516751
vt 0.034675 0.806414
vt 0.034675 0.516701
vt 0.051349 0.806477
vt 0.051349 0.516764
vt 0.63246 0.839829
vt 0.647356 0.896122
vt 0.688054 0.855255
vt 0.679453 0.840141
vt 0.664557 0.831348
vt 0.647356 0.831234
vt 0.688054 0.872641
vt 0.679454 0.887641
vt 0.664557 0.896236
vt 0.623859 0.872215
vt 0.63246 0.88733
vt 0.623859 0.854829
vt 0.873865 0.886101
vt 0.818258 0.871405
vt 0.84176 0.895003
vt 0.858965 0.894891
vt 0.826861 0.886407
vt 0.882467 0.8536
vt 0.882467 0.870987
vt 0.858965 0.830003
vt 0.818258 0.854019
vt 0.826861 0.838905
vt 0.841761 0.830115
vt 0.873865 0.838599
vt 0.789449 0.903349
vt 0.799582 0.941506
vt 0.805432 0.919398
vt 0.799582 0.909195
vt 0.805432 0.931225
vt 0.767616 0.909407
vt 0.777749 0.903426
vt 0.761766 0.931515
vt 0.761766 0.919688
vt 0.767616 0.941718
vt 0.777749 0.947564
vt 0.789449 0.947487
vt 0.032721 0.901901
vt 0.005031 0.930064
vt 0.042856 0.94006
vt 0.005032 0.918237
vt 0.010883 0.907956
vt 0.021018 0.901977
vt 0.048708 0.917952
vt 0.042856 0.907748
vt 0.048708 0.929779
vt 0.021018 0.946115
vt 0.032721 0.946039
vt 0.010883 0.940268
vt 0.331279 0.962418
vt 0.331279 0.973941
vt 0.350923 0.973884
vt 0.350923 0.962361
vt 0.331354 0.953793
vt 0.350999 0.953735
vt 0.350999 0.985217
vt 0.331354 0.985274
vt 0.983159 0.650701
vt 0.983511 0.639268
vt 0.963995 0.639268
vt 0.963643 0.650701
vt 0.983511 0.662135
vt 0.963995 0.662135
vt 0.984474 0.670505
vt 0.964958 0.670505
vt 0.964958 0.630897
vt 0.984474 0.630897
vt 0.390922 0.952536
vt 0.390846 0.96387
vt 0.410491 0.963927
vt 0.410566 0.952594
vt 0.410491 0.97545
vt 0.390846 0.975393
vt 0.410566 0.984075
vt 0.390922 0.984018
vt 0.683329 0.981811
vt 0.683647 0.970377
vt 0.664107 0.970377
vt 0.663789 0.981811
vt 0.663789 0.958943
vt 0.683329 0.958943
vt 0.312882 0.518735
vt 0.323147 0.531881
vt 0.320397 0.524291
vt 0.302618 0.516701
vt 0.291746 0.516701
vt 0.271217 0.531881
vt 0.271217 0.67792
vt 0.323147 0.67792
vt 0.302618 0.69208
vt 0.312882 0.690183
vt 0.320397 0.685
vt 0.291746 0.69208
vt 0.281481 0.690183
vt 0.273967 0.685
vt 0.281481 0.518735
vt 0.273967 0.524291
vt 0.240765 0.935341
vt 0.240765 0.924478
vt 0.209749 0.924478
vt 0.209749 0.935341
vt 0.240624 0.945598
vt 0.209608 0.945598
vt 0.24024 0.953106
vt 0.209223 0.953106
vt 0.240624 0.914222
vt 0.209608 0.914222
vt 0.24024 0.906713
vt 0.209223 0.906713
vt 0.556544 0.947777
vt 0.525564 0.947777
vt 0.525864 0.955285
vt 0.556844 0.955285
vt 0.556435 0.93752
vt 0.525455 0.93752
vt 0.525455 0.926657
vt 0.556435 0.926657
vt 0.525564 0.916401
vt 0.556544 0.916401
vt 0.525864 0.908892
vt 0.556844 0.908892
vt 0.903378 0.166748
vt 0.903347 0.159537
vt 0.872614 0.164687
vt 0.872644 0.171899
vt 0.872614 0.017729
vt 0.903348 0.012579
vt 0.872644 0.010178
vt 0.903378 0.005027
vt 0.556188 0.891286
vt 0.525455 0.886136
vt 0.525485 0.893687
vt 0.556219 0.898837
vt 0.556188 0.744328
vt 0.525455 0.739177
vt 0.556219 0.737116
vt 0.525485 0.731966
vt 0.460169 0.986534
vt 0.460552 0.985402
vt 0.459514 0.985647
vt 0.459039 0.986624
vt 0.459964 0.987863
vt 0.461525 0.986602
vt 0.461677 0.9854
vt 0.461366 0.988015
vt 0.462785 0.98564
vt 0.46288 0.986823
vt 0.462786 0.988163
vt 0.462597 0.989486
vt 0.461225 0.989423
vt 0.459886 0.989198
vt 0.458802 0.988856
vt 0.462258 0.990606
vt 0.458794 0.987728
vt 0.460024 0.990369
vt 0.461124 0.990611
vt 0.459062 0.989902
vt 0.46377 0.989385
vt 0.464007 0.988283
vt 0.463319 0.990355
vt 0.464007 0.987152
vt 0.46377 0.9861
vt 0.588675 0.992152
vt 0.588652 0.993317
vt 0.589677 0.992865
vt 0.58988 0.991826
vt 0.588569 0.990817
vt 0.587302 0.992356
vt 0.587539 0.993542
vt 0.587128 0.990948
vt 0.586443 0.993518
vt 0.585994 0.992395
vt 0.585778 0.99107
vt 0.585752 0.989728
vt 0.587045 0.989531
vt 0.588433 0.989485
vt 0.589677 0.98959
vt 0.585991 0.988543
vt 0.58988 0.990698
vt 0.5882 0.988343
vt 0.587065 0.988322
vt 0.58929 0.988603
vt 0.584763 0.990035
vt 0.584724 0.991166
vt 0.58508 0.988985
vt 0.584966 0.992271
vt 0.585467 0.993247
vt 0.986299 0.564621
vt 0.986437 0.563451
vt 0.985475 0.563917
vt 0.985215 0.564963
vt 0.986377 0.565957
vt 0.987638 0.564396
vt 0.987537 0.563208
vt 0.987779 0.565804
vt 0.988671 0.563213
vt 0.98901 0.564333
vt 0.989199 0.565657
vt 0.989293 0.566996
vt 0.987938 0.567217
vt 0.986582 0.567285
vt 0.985452 0.567196
vt 0.989198 0.56818
vt 0.985207 0.566091
vt 0.986965 0.568417
vt 0.98809 0.56842
vt 0.985927 0.568172
vt 0.99042 0.566667
vt 0.99042 0.565537
vt 0.990183 0.567719
vt 0.990183 0.564434
vt 0.989732 0.563464
vt 0.314523 0.989998
vt 0.314973 0.988876
vt 0.313998 0.989147
vt 0.313497 0.990123
vt 0.314308 0.991323
vt 0.31583 0.990037
vt 0.316069 0.988851
vt 0.315657 0.991445
vt 0.317181 0.989075
vt 0.317204 0.99024
vt 0.317098 0.991576
vt 0.316962 0.992908
vt 0.315575 0.992862
vt 0.314282 0.992666
vt 0.313295 0.992359
vt 0.316731 0.99405
vt 0.313255 0.991228
vt 0.314523 0.993851
vt 0.315596 0.994071
vt 0.313613 0.993409
vt 0.318207 0.992803
vt 0.31841 0.991694
vt 0.317822 0.993789
vt 0.31841 0.990567
vt 0.318207 0.989527
vt 0.608205 0.99189
vt 0.607161 0.991547
vt 0.607454 0.992597
vt 0.60839 0.993048
vt 0.609521 0.992074
vt 0.608254 0.990526
vt 0.607136 0.990416
vt 0.60738 0.989312
vt 0.60847 0.989178
vt 0.60787 0.988338
vt 0.608876 0.988077
vt 0.609797 0.989251
vt 0.609987 0.988062
vt 0.6111 0.988294
vt 0.611124 0.989437
vt 0.61211 0.988752
vt 0.612328 0.989795
vt 0.611064 0.9908
vt 0.612328 0.990923
vt 0.61211 0.99203
vt 0.610859 0.992149
vt 0.611693 0.993011
vt 0.610614 0.993265
vt 0.609477 0.993278
vt 0.573199 0.989453
vt 0.574445 0.989574
vt 0.574035 0.988592
vt 0.572953 0.988336
vt 0.57184 0.989528
vt 0.573379 0.990804
vt 0.574661 0.990681
vt 0.571943 0.990943
vt 0.574661 0.991809
vt 0.57346 0.992165
vt 0.572112 0.992351
vt 0.57081 0.992421
vt 0.570572 0.991075
vt 0.570548 0.989708
vt 0.570731 0.98855
vt 0.569718 0.992285
vt 0.571816 0.988322
vt 0.569502 0.99005
vt 0.569474 0.99118
vt 0.5698 0.988999
vt 0.571211 0.993522
vt 0.572319 0.993539
vt 0.570211 0.993259
vt 0.573432 0.993308
vt 0.574445 0.992851
vt 0.859684 0.819288
vt 0.859684 0.816558
vt 0.85832 0.816571
vt 0.85832 0.819355
vt 0.861048 0.816571
vt 0.861048 0.819355
vt 0.866307 0.9051
vt 0.864943 0.905058
vt 0.864943 0.907842
vt 0.866307 0.907829
vt 0.86767 0.907842
vt 0.86767 0.905058
vt 0.879074 0.907825
vt 0.880414 0.907878
vt 0.880414 0.905058
vt 0.879074 0.90506
vt 0.877733 0.905059
vt 0.877733 0.907879
vt 0.986635 0.517028
vt 0.986635 0.514263
vt 0.985296 0.514261
vt 0.985296 0.517081
vt 0.987976 0.514262
vt 0.987976 0.517082
vt 0.845572 0.819355
vt 0.846906 0.819355
vt 0.846847 0.817938
vt 0.848236 0.819244
vt 0.845436 0.817997
vt 0.845458 0.816633
vt 0.846787 0.816521
vt 0.848257 0.81788
vt 0.848122 0.816521
vt 0.662162 0.920623
vt 0.623859 0.930742
vt 0.65703 0.939947
vt 0.662162 0.930997
vt 0.628991 0.93976
vt 0.637879 0.945006
vt 0.648142 0.945074
vt 0.648142 0.906359
vt 0.65703 0.911605
vt 0.623859 0.920369
vt 0.628991 0.911419
vt 0.637879 0.906291
vt 0.132706 0.911397
vt 0.099527 0.920597
vt 0.123815 0.944984
vt 0.137838 0.920348
vt 0.137838 0.930722
vt 0.132706 0.939739
vt 0.099527 0.930972
vt 0.10466 0.939922
vt 0.11355 0.945051
vt 0.11355 0.906335
vt 0.10466 0.91158
vt 0.123816 0.906268
vt 0.149055 0.94101
vt 0.154351 0.94101
vt 0.153506 0.933668
vt 0.14821 0.933668
vt 0.153197 0.923639
vt 0.147901 0.923639
vt 0.153506 0.91361
vt 0.14821 0.91361
vt 0.154351 0.906268
vt 0.149055 0.906268
vt 0.872076 0.962005
vt 0.866773 0.962005
vt 0.866494 0.972034
vt 0.871797 0.972034
vt 0.866773 0.982064
vt 0.872076 0.982064
vt 0.571679 0.854678
vt 0.566348 0.854693
vt 0.566282 0.862259
vt 0.571613 0.862243
vt 0.566282 0.872366
vt 0.571613 0.872351
vt 0.566348 0.882308
vt 0.571679 0.882292
vt 0.612533 0.950392
vt 0.607202 0.950377
vt 0.607136 0.960318
vt 0.612467 0.960333
vt 0.607136 0.970425
vt 0.612467 0.970441
vt 0.607202 0.977991
vt 0.612533 0.978007
vt 0.736362 0.92769
vt 0.698117 0.93793
vt 0.731238 0.946798
vt 0.736362 0.93793
vt 0.703241 0.946798
vt 0.712115 0.951917
vt 0.722363 0.951917
vt 0.722363 0.913703
vt 0.731238 0.918823
vt 0.698117 0.92769
vt 0.703241 0.918823
vt 0.712115 0.913703
vt 0.27634 0.925882
vt 0.285215 0.958977
vt 0.309462 0.93475
vt 0.285215 0.920762
vt 0.295463 0.920762
vt 0.304338 0.925882
vt 0.309462 0.944989
vt 0.304338 0.953857
vt 0.295463 0.958977
vt 0.271217 0.944989
vt 0.27634 0.953857
vt 0.271217 0.93475
vt 0.982077 0.308866
vt 0.979103 0.308866
vt 0.979103 0.317734
vt 0.982077 0.317734
vt 0.979103 0.327974
vt 0.982077 0.303747
vt 0.979103 0.303747
vt 0.982077 0.327974
vt 0.979103 0.336841
vt 0.982077 0.336841
vt 0.746425 0.918823
vt 0.749399 0.918823
vt 0.749399 0.913703
vt 0.746425 0.913703
vt 0.746425 0.92769
vt 0.749399 0.92769
vt 0.746425 0.93793
vt 0.749399 0.93793
vt 0.746425 0.946798
vt 0.749399 0.946798
vt 0.746425 0.951917
vt 0.749399 0.951917
vt 0.980685 0.377978
vt 0.98366 0.377978
vt 0.98366 0.367739
vt 0.980685 0.367739
vt 0.98366 0.358871
vt 0.980685 0.386846
vt 0.98366 0.386846
vt 0.980685 0.358871
vt 0.476822 0.636523
vt 0.463796 0.642881
vt 0.462851 0.657162
vt 0.476152 0.670903
vt 0.448763 0.649115
vt 0.450408 0.655183
vt 0.439331 0.660501
vt 0.435156 0.65704
vt 0.4344 0.670088
vt 0.427897 0.66862
vt 0.42705 0.695188
vt 0.433269 0.695356
vt 0.435479 0.710718
vt 0.429989 0.713673
vt 0.441795 0.724305
vt 0.445796 0.719637
vt 0.454377 0.739105
vt 0.461876 0.717772
vt 0.476822 0.716966
vt 0.473627 0.772675
vt 0.306966 0.817772
vt 0.30791 0.831937
vt 0.320917 0.837515
vt 0.292898 0.826599
vt 0.320248 0.803322
vt 0.294541 0.820462
vt 0.28348 0.815807
vt 0.279311 0.819494
vt 0.278556 0.806546
vt 0.272063 0.808384
vt 0.271217 0.78198
vt 0.277427 0.781453
vt 0.279634 0.76603
vt 0.274151 0.763405
vt 0.28594 0.752136
vt 0.289936 0.756553
vt 0.298504 0.736673
vt 0.305993 0.75748
vt 0.320917 0.757419
vt 0.317727 0.702135
vt 0.961255 0.887881
vt 0.939705 0.88787
vt 0.939243 0.898145
vt 0.960793 0.898155
vt 0.939332 0.924623
vt 0.960882 0.924633
vt 0.939705 0.940573
vt 0.961255 0.940584
vt 0.024101 0.960553
vt 0.005103 0.960553
vt 0.005031 0.973235
vt 0.005205 0.95617
vt 0.024029 0.973235
vt 0.024079 0.977943
vt 0.024202 0.95617
vt 0.005081 0.977943
vt 0.024243 0.981525
vt 0.005245 0.981525
vt 0.508543 0.909541
vt 0.487184 0.909277
vt 0.486912 0.937127
vt 0.508272 0.93739
vt 0.487979 0.949196
vt 0.509338 0.94946
vt 0.509338 0.890129
vt 0.487979 0.889865
vt 0.949136 0.324978
vt 0.950997 0.348601
vt 0.96904 0.348816
vt 0.967179 0.325193
vt 0.948941 0.319752
vt 0.966984 0.319967
vt 0.949225 0.314516
vt 0.967268 0.314731
vt 0.950044 0.307599
vt 0.968087 0.307814
vt 0.950997 0.303747
vt 0.96904 0.303962
vt 0.083837 0.890983
vt 0.083837 0.869319
vt 0.071756 0.869319
vt 0.071756 0.890983
vt 0.948941 0.38706
vt 0.970623 0.38706
vt 0.970623 0.371959
vt 0.948941 0.371959
vt 0.970623 0.358871
vt 0.948941 0.358871
vt 0.948941 0.400737
vt 0.970623 0.400737
vt 0.960793 0.819403
vt 0.939243 0.819349
vt 0.939243 0.877761
vt 0.960793 0.877815
vt 0.42705 0.972622
vt 0.448731 0.972622
vt 0.448731 0.956489
vt 0.42705 0.956489
vt 0.448731 0.941498
vt 0.42705 0.982931
vt 0.448731 0.982931
vt 0.42705 0.941498
vt 0.964839 0.149286
vt 0.964839 0.170631
vt 0.979422 0.172952
vt 0.979422 0.151608
vt 0.059252 0.955639
vt 0.080487 0.953316
vt 0.080005 0.917719
vt 0.058771 0.920043
vt 0.080487 0.901901
vt 0.059252 0.904224
vt 0.967954 0.798294
vt 0.946273 0.798294
vt 0.946273 0.809294
vt 0.967954 0.809294
vt 0.967954 0.785769
vt 0.946273 0.785769
vt 0.981858 0.705399
vt 0.983095 0.680976
vt 0.964948 0.68056
vt 0.963712 0.704983
vt 0.981789 0.710682
vt 0.963643 0.710266
vt 0.982171 0.71571
vt 0.964025 0.715294
vt 0.983095 0.722106
vt 0.964948 0.72169
vt 0.986389 0.005167
vt 0.964839 0.005027
vt 0.964839 0.041011
vt 0.986389 0.041151
vt 0.948979 0.416399
vt 0.948958 0.427769
vt 0.967979 0.427768
vt 0.948941 0.430562
vt 0.968001 0.416399
vt 0.967996 0.413272
vt 0.967963 0.430562
vt 0.948975 0.413272
vt 0.967974 0.410792
vt 0.948953 0.410792
vt 0.965251 0.772581
vt 0.983398 0.772971
vt 0.981899 0.749694
vt 0.963753 0.749304
vt 0.98179 0.745384
vt 0.963643 0.744994
vt 0.982053 0.741067
vt 0.963906 0.740677
vt 0.982782 0.73508
vt 0.964635 0.73469
vt 0.983398 0.732551
vt 0.965251 0.732161
vt 0.9841 0.101126
vt 0.96606 0.100775
vt 0.964881 0.124832
vt 0.982921 0.125184
vt 0.964839 0.12919
vt 0.98288 0.129541
vt 0.96519 0.133338
vt 0.98323 0.13369
vt 0.96606 0.13888
vt 0.9841 0.139231
vt 0.570654 0.905771
vt 0.574332 0.906992
vt 0.576894 0.901206
vt 0.573614 0.899089
vt 0.579003 0.898853
vt 0.576824 0.895508
vt 0.581401 0.894024
vt 0.573359 0.911241
vt 0.569474 0.910923
vt 0.569798 0.916198
vt 0.573626 0.915592
vt 0.578087 0.939357
vt 0.574352 0.940322
vt 0.582011 0.897878
vt 0.59356 0.897878
vt 0.59417 0.894024
vt 0.596567 0.898853
vt 0.598747 0.895508
vt 0.601957 0.899089
vt 0.598676 0.901206
vt 0.604916 0.905771
vt 0.601238 0.906992
vt 0.602212 0.911241
vt 0.606096 0.910923
vt 0.605772 0.916198
vt 0.601944 0.915592
vt 0.597483 0.939357
vt 0.601218 0.940322
vt 0.073234 0.965698
vt 0.073234 0.984704
vt 0.077079 0.984701
vt 0.077079 0.965694
vt 0.819438 0.916799
vt 0.818258 0.921949
vt 0.822143 0.922268
vt 0.823116 0.91802
vt 0.825678 0.912237
vt 0.818582 0.927223
vt 0.82241 0.926617
vt 0.822398 0.910121
vt 0.827787 0.909885
vt 0.825608 0.906541
vt 0.830185 0.905058
vt 0.830795 0.908911
vt 0.842954 0.905058
vt 0.842344 0.908911
vt 0.845351 0.909885
vt 0.847531 0.906541
vt 0.850741 0.910121
vt 0.84746 0.912237
vt 0.8537 0.9168
vt 0.850023 0.91802
vt 0.850996 0.922268
vt 0.826871 0.950371
vt 0.85488 0.921949
vt 0.854556 0.927223
vt 0.850728 0.926617
vt 0.846267 0.950371
vt 0.850002 0.951335
vt 0.823136 0.951335
vt 0.985296 0.485182
vt 0.985296 0.504188
vt 0.98881 0.504206
vt 0.98881 0.4852
vt 0.818509 0.972748
vt 0.83813 0.972748
vt 0.838114 0.96573
vt 0.818419 0.97952
vt 0.818494 0.96573
vt 0.838039 0.97952
vt 0.818258 0.983257
vt 0.837879 0.983257
vt 0.838003 0.96139
vt 0.818382 0.96139
vt 0.982098 0.940556
vt 0.982098 0.921935
vt 0.978 0.921011
vt 0.978 0.939632
vt 0.971318 0.920474
vt 0.971318 0.939095
vt 0.872614 0.796202
vt 0.872614 0.814933
vt 0.876181 0.814115
vt 0.876181 0.795383
vt 0.882431 0.813246
vt 0.882431 0.794515
vt 0.486974 0.97165
vt 0.506619 0.971646
vt 0.506619 0.964321
vt 0.506596 0.978597
vt 0.486974 0.964325
vt 0.486951 0.978602
vt 0.506557 0.98235
vt 0.486912 0.982354
vt 0.48695 0.95952
vt 0.506595 0.959515
vt 0.704811 0.981239
vt 0.709007 0.98213
vt 0.709007 0.963399
vt 0.704811 0.962508
vt 0.698117 0.961972
vt 0.698117 0.980704
vt 0.72279 0.962925
vt 0.71907 0.963825
vt 0.71907 0.982445
vt 0.72279 0.981546
vt 0.729033 0.980593
vt 0.729033 0.961972
vt 0.460635 0.951888
vt 0.459835 0.951577
vt 0.458794 0.958814
vt 0.459623 0.958814
vt 0.460696 0.965756
vt 0.459892 0.966058
vt 0.46334 0.96983
vt 0.462737 0.970441
vt 0.466704 0.972926
vt 0.467149 0.972216
vt 0.4732 0.975345
vt 0.462705 0.94727
vt 0.46334 0.94783
vt 0.466602 0.943911
vt 0.467149 0.944545
vt 0.473645 0.974517
vt 0.473097 0.941498
vt 0.473645 0.942238
vt 0.973573 0.956154
vt 0.972971 0.955543
vt 0.970127 0.959926
vt 0.970931 0.960228
vt 0.969028 0.96717
vt 0.969858 0.96717
vt 0.97087 0.974095
vt 0.97007 0.974406
vt 0.972939 0.978713
vt 0.973573 0.978154
vt 0.976834 0.982073
vt 0.977381 0.981439
vt 0.983327 0.984485
vt 0.976936 0.953057
vt 0.977381 0.953767
vt 0.983429 0.950639
vt 0.983874 0.951467
vt 0.983874 0.983745
vt 0.415854 0.897213
vt 0.415854 0.916818
vt 0.416651 0.916794
vt 0.416651 0.897189
vt 0.652579 0.955129
vt 0.652579 0.974734
vt 0.653354 0.974761
vt 0.653354 0.955156
vt 0.533074 0.96534
vt 0.525455 0.96534
vt 0.525455 0.979268
vt 0.533074 0.979268
vt 0.543137 0.96534
vt 0.543137 0.979268
vt 0.550753 0.979268
vt 0.550753 0.96534
vt 0.971318 0.88787
vt 0.971318 0.910393
vt 0.985052 0.910419
vt 0.985052 0.887897
vt 0.805549 0.980192
vt 0.805549 0.957697
vt 0.791694 0.957619
vt 0.791694 0.980113
vt 0.739096 0.962196
vt 0.739096 0.983561
vt 0.746683 0.983337
vt 0.746683 0.961972
vt 0.855778 0.982882
vt 0.855778 0.96139
vt 0.848193 0.961605
vt 0.848193 0.983097
vt 0.27156 0.881648
vt 0.272466 0.887503
vt 0.274637 0.886612
vt 0.273907 0.881728
vt 0.275154 0.891216
vt 0.276747 0.889492
vt 0.279684 0.891265
vt 0.283938 0.895888
vt 0.277996 0.894547
vt 0.274236 0.8922
vt 0.282907 0.896756
vt 0.2829 0.892609
vt 0.280287 0.890071
vt 0.285727 0.894369
vt 0.286873 0.897096
vt 0.283497 0.891413
vt 0.277649 0.888506
vt 0.27587 0.886102
vt 0.286092 0.903324
vt 0.288128 0.902157
vt 0.290198 0.907401
vt 0.291456 0.905421
vt 0.295591 0.909381
vt 0.289284 0.901489
vt 0.295933 0.90706
vt 0.292167 0.904288
vt 0.300393 0.90681
vt 0.301148 0.909031
vt 0.295388 0.910707
vt 0.28947 0.908533
vt 0.28492 0.903991
vt 0.303771 0.904555
vt 0.305645 0.905968
vt 0.301571 0.910301
vt 0.307586 0.900199
vt 0.29612 0.905733
vt 0.299954 0.90554
vt 0.302691 0.903748
vt 0.306709 0.906775
vt 0.308899 0.900432
vt 0.305274 0.89979
vt 0.308899 0.86272
vt 0.306556 0.862876
vt 0.305393 0.855762
vt 0.307512 0.854749
vt 0.302167 0.852101
vt 0.30334 0.850069
vt 0.308714 0.85417
vt 0.304002 0.848907
vt 0.297575 0.84757
vt 0.297694 0.848906
vt 0.297887 0.851244
vt 0.292048 0.851055
vt 0.291267 0.849959
vt 0.286472 0.855537
vt 0.301488 0.853262
vt 0.304175 0.85634
vt 0.293401 0.852973
vt 0.297989 0.85258
vt 0.287673 0.856152
vt 0.28976 0.857227
vt 0.284844 0.866526
vt 0.294166 0.854068
vt 0.286769 0.86787
vt 0.289334 0.864596
vt 0.290945 0.85784
vt 0.287861 0.868637
vt 0.284574 0.871392
vt 0.283856 0.870264
vt 0.282586 0.868291
vt 0.283736 0.865758
vt 0.278221 0.874902
vt 0.281852 0.867164
vt 0.278656 0.868755
vt 0.275773 0.872151
vt 0.277336 0.873902
vt 0.276188 0.877416
vt 0.274872 0.87115
vt 0.272866 0.875829
vt 0.274985 0.876839
vt 0.271647 0.875251
vt 0.27524 0.881773
vt 0.197852 0.981158
vt 0.196444 0.980335
vt 0.196442 0.990469
vt 0.197852 0.991146
vt 0.337285 0.636695
vt 0.335888 0.635818
vt 0.335819 0.640457
vt 0.337227 0.640782
vt 0.335812 0.677171
vt 0.337221 0.677175
vt 0.337285 0.683858
vt 0.335884 0.684352
vt 0.796048 0.837673
vt 0.797382 0.842488
vt 0.799706 0.84216
vt 0.79499 0.838442
vt 0.799714 0.853757
vt 0.801074 0.841973
vt 0.801074 0.879797
vt 0.7997 0.879662
vt 0.798034 0.887579
vt 0.797971 0.836327
vt 0.79911 0.835558
vt 0.793585 0.833107
vt 0.799263 0.8882
vt 0.793702 0.89211
vt 0.792601 0.890038
vt 0.794371 0.893294
vt 0.792754 0.835301
vt 0.788047 0.832562
vt 0.788306 0.834894
vt 0.783777 0.836375
vt 0.78259 0.834351
vt 0.795954 0.886493
vt 0.797365 0.879424
vt 0.792013 0.888853
vt 0.794805 0.885872
vt 0.796071 0.879288
vt 0.797367 0.853756
vt 0.796095 0.842675
vt 0.780338 0.83952
vt 0.781518 0.840228
vt 0.778345 0.838282
vt 0.778906 0.844534
vt 0.775932 0.845637
vt 0.777665 0.847219
vt 0.774779 0.848878
vt 0.77152 0.850109
vt 0.766992 0.849999
vt 0.768523 0.851777
vt 0.780207 0.844992
vt 0.778696 0.848122
vt 0.769997 0.846769
vt 0.766315 0.854582
vt 0.767577 0.855134
vt 0.764177 0.853614
vt 0.763066 0.859434
vt 0.761766 0.859432
vt 0.762995 0.853061
vt 0.766158 0.848982
vt 0.765413 0.859437
vt 0.766795 0.859439
vt 0.767589 0.863826
vt 0.766319 0.864361
vt 0.764166 0.865296
vt 0.762977 0.86583
vt 0.766054 0.870041
vt 0.766941 0.869073
vt 0.768564 0.867378
vt 0.769531 0.866409
vt 0.77361 0.87317
vt 0.774949 0.871243
vt 0.775805 0.875013
vt 0.777775 0.873738
vt 0.780388 0.88448
vt 0.78027 0.8771
vt 0.778941 0.873009
vt 0.781642 0.883908
vt 0.784727 0.887791
vt 0.783876 0.888859
vt 0.778266 0.88548
vt 0.782457 0.890728
vt 0.788296 0.890744
vt 0.788021 0.893074
vt 0.774719 0.875742
vt 0.777093 0.886052
vt 0.99214 0.306154
vt 0.993956 0.30985
vt 0.993868 0.306541
vt 0.992188 0.313258
vt 0.993907 0.313822
vt 0.993956 0.304539
vt 0.992271 0.303747
vt 0.47407 0.985963
vt 0.47407 0.99354
vt 0.475474 0.992766
vt 0.475478 0.9854
vt 0.896687 0.973717
vt 0.897871 0.979963
vt 0.899415 0.979066
vt 0.898379 0.973577
vt 0.896669 0.967255
vt 0.898366 0.967793
vt 0.897816 0.962005
vt 0.899415 0.963002
vt 0.320917 0.893013
vt 0.320901 0.884927
vt 0.319545 0.884834
vt 0.319562 0.893423
vt 0.320917 0.84798
vt 0.31956 0.84757
vt 0.47675 0.985991
vt 0.475478 0.9854
vt 0.475474 0.992766
vt 0.47675 0.993569
vt 0.238267 0.974696
vt 0.239079 0.980461
vt 0.240677 0.979661
vt 0.239937 0.974406
vt 0.239888 0.968843
vt 0.238217 0.968505
vt 0.240677 0.964166
vt 0.239126 0.963161
vt 0.992528 0.920474
vt 0.99216 0.925057
vt 0.993842 0.925063
vt 0.99416 0.921156
vt 0.99416 0.928508
vt 0.992556 0.92927
vt 0.993975 0.332719
vt 0.993876 0.329935
vt 0.99214 0.330296
vt 0.992276 0.333491
vt 0.992239 0.327136
vt 0.993975 0.32677
vt 0.992172 0.324538
vt 0.99389 0.323877
vt 0.781952 0.833195
vt 0.777246 0.837574
vt 0.899415 0.99354
vt 0.899415 0.990018
vt 0.897606 0.993238
vt 0.992515 0.397401
vt 0.992511 0.402319
vt 0.993868 0.402086
vt 0.993871 0.396901
vt 0.993871 0.404944
vt 0.992516 0.405662
vt 0.964839 0.190969
vt 0.966529 0.190701
vt 0.966528 0.186865
vt 0.964846 0.186505
vt 0.96705 0.184032
vt 0.96705 0.194562
vt 0.965431 0.195341
vt 0.965505 0.183007
vt 0.990962 0.219331
vt 0.990905 0.213424
vt 0.989496 0.213286
vt 0.989559 0.219753
vt 0.990962 0.207719
vt 0.989559 0.20706
vt 0.99214 0.343881
vt 0.99214 0.348255
vt 0.993496 0.348483
vt 0.993496 0.343546
vt 0.271217 0.888013
vt 0.991213 0.276954
vt 0.989496 0.276575
vt 0.989654 0.283185
vt 0.991364 0.283742
vt 0.991364 0.273838
vt 0.989682 0.273053
vt 0.993157 0.698457
vt 0.994525 0.703085
vt 0.994525 0.697195
vt 0.034306 0.973239
vt 0.034712 0.975689
vt 0.035495 0.9751
vt 0.035165 0.973054
vt 0.035743 0.977044
vt 0.036303 0.976149
vt 0.037401 0.976641
vt 0.039016 0.978244
vt 0.038594 0.976922
vt 0.03965 0.977419
vt 0.040105 0.978492
vt 0.036306 0.974905
vt 0.03602 0.97309
vt 0.035496 0.970837
vt 0.034709 0.970598
vt 0.035724 0.968734
vt 0.03631 0.971115
vt 0.039899 0.981261
vt 0.040629 0.980565
vt 0.041453 0.982641
vt 0.041409 0.980309
vt 0.04093 0.978335
vt 0.040377 0.977089
vt 0.041888 0.981666
vt 0.043451 0.982993
vt 0.043546 0.981957
vt 0.045174 0.98143
vt 0.045478 0.982322
vt 0.04376 0.983728
vt 0.04638 0.980138
vt 0.047084 0.980574
vt 0.046016 0.982973
vt 0.047719 0.977895
vt 0.04785 0.980965
vt 0.048569 0.978015
vt 0.048569 0.961527
vt 0.047717 0.961549
vt 0.047107 0.958229
vt 0.046868 0.977935
vt 0.047906 0.958007
vt 0.045521 0.956594
vt 0.046862 0.961836
vt 0.046345 0.958866
vt 0.045118 0.957583
vt 0.046115 0.95617
vt 0.043441 0.956619
vt 0.043542 0.957613
vt 0.041404 0.958078
vt 0.041924 0.958781
vt 0.043963 0.958323
vt 0.03987 0.960694
vt 0.040647 0.960964
vt 0.038969 0.96545
vt 0.042584 0.959325
vt 0.03969 0.965851
vt 0.040953 0.964335
vt 0.041455 0.96126
vt 0.040466 0.966222
vt 0.039299 0.967722
vt 0.038656 0.96716
vt 0.038166 0.966425
vt 0.037022 0.969837
vt 0.036318 0.969346
vt 0.980515 0.794985
vt 0.981353 0.795189
vt 0.981297 0.790331
vt 0.980885 0.796156
vt 0.980446 0.790203
vt 0.98012 0.795761
vt 0.979387 0.796724
vt 0.97936 0.798417
vt 0.97856 0.798092
vt 0.978869 0.800289
vt 0.978016 0.800178
vt 0.97813 0.803129
vt 0.98207 0.787709
vt 0.981295 0.787333
vt 0.983417 0.786305
vt 0.9828 0.785769
vt 0.978976 0.802992
vt 0.979679 0.805537
vt 0.978904 0.805914
vt 0.980043 0.807548
vt 0.980692 0.806984
vt 0.981237 0.808301
vt 0.983417 0.808381
vt 0.986429 0.529769
vt 0.98564 0.529418
vt 0.985262 0.531634
vt 0.986115 0.531716
vt 0.985207 0.548424
vt 0.986062 0.548359
vt 0.986403 0.551327
vt 0.986559 0.528273
vt 0.987173 0.528857
vt 0.985587 0.551609
vt 0.987173 0.552626
vt 0.986512 0.553153
vt 0.983753 0.821837
vt 0.984241 0.823791
vt 0.98509 0.823443
vt 0.982987 0.822106
vt 0.985095 0.828434
vt 0.984455 0.821086
vt 0.982853 0.82009
vt 0.982549 0.821109
vt 0.98083 0.820348
vt 0.98041 0.819628
vt 0.978837 0.821604
vt 0.978224 0.821007
vt 0.979271 0.82237
vt 0.980925 0.821329
vt 0.977287 0.823673
vt 0.976506 0.823311
vt 0.97568 0.826594
vt 0.978016 0.824029
vt 0.977494 0.826315
vt 0.976407 0.827054
vt 0.977041 0.827581
vt 0.975987 0.828552
vt 0.974797 0.829371
vt 0.973143 0.829727
vt 0.973703 0.830356
vt 0.97386 0.827913
vt 0.972459 0.829207
vt 0.972116 0.831533
vt 0.971304 0.831245
vt 0.972897 0.83176
vt 0.971711 0.834137
vt 0.970856 0.834096
vt 0.972569 0.83393
vt 0.972114 0.836563
vt 0.9713 0.836743
vt 0.9729 0.835969
vt 0.972425 0.838282
vt 0.973128 0.837942
vt 0.973721 0.837068
vt 0.975565 0.839112
vt 0.973775 0.839041
vt 0.976053 0.838164
vt 0.976367 0.839711
vt 0.977086 0.838986
vt 0.978043 0.843378
vt 0.975591 0.839965
vt 0.977268 0.843997
vt 0.979317 0.844953
vt 0.97646 0.844192
vt 0.9788 0.845883
vt 0.980932 0.845371
vt 0.978138 0.846255
vt 0.980832 0.846398
vt 0.982504 0.844684
vt 0.981909 0.844071
vt 0.983728 0.84286
vt 0.982929 0.842539
vt 0.984242 0.839692
vt 0.98339 0.839592
vt 0.984238 0.828642
vt 0.983391 0.82383
vt 0.985095 0.839586
vt 0.984488 0.843142
vt 0.982907 0.845478
vt 0.980624 0.844624
vt 0.994078 0.750789
vt 0.994683 0.751053
vt 0.994684 0.749572
vt 0.99408 0.749311
vt 0.994683 0.748263
vt 0.994078 0.747807
vt 0.994079 0.75201
vt 0.994684 0.752413
vt 0.196464 0.948452
vt 0.197324 0.948514
vt 0.197828 0.944908
vt 0.197304 0.960311
vt 0.196442 0.965676
vt 0.1973 0.965592
vt 0.197012 0.944624
vt 0.199128 0.942842
vt 0.197816 0.968247
vt 0.197026 0.968596
vt 0.19848 0.942301
vt 0.198524 0.97028
vt 0.199128 0.96971
vt 0.967553 0.220303
vt 0.967553 0.218424
vt 0.967082 0.219777
vt 0.299973 0.972775
vt 0.29974 0.975021
vt 0.300602 0.974967
vt 0.300813 0.972967
vt 0.301477 0.971106
vt 0.300727 0.970678
vt 0.301655 0.969577
vt 0.302257 0.970189
vt 0.3027 0.969032
vt 0.303192 0.969711
vt 0.300092 0.976507
vt 0.300909 0.976241
vt 0.301568 0.97864
vt 0.302351 0.978304
vt 0.302142 0.979933
vt 0.302993 0.979786
vt 0.302969 0.981689
vt 0.301821 0.984874
vt 0.302682 0.984802
vt 0.303192 0.986728
vt 0.302398 0.987046
vt 0.993571 0.875478
vt 0.994087 0.872157
vt 0.993232 0.872278
vt 0.992708 0.875504
vt 0.993276 0.877731
vt 0.994087 0.877478
vt 0.993763 0.715977
vt 0.993771 0.718918
vt 0.994386 0.718628
vt 0.994379 0.716044
vt 0.993771 0.71314
vt 0.994386 0.713506
vt 0.994081 0.737439
vt 0.994687 0.737752
vt 0.994683 0.735694
vt 0.994078 0.735622
vt 0.994081 0.733881
vt 0.994687 0.733668
vt 0.994105 0.68714
vt 0.994542 0.685429
vt 0.993678 0.685419
vt 0.993295 0.68689
vt 0.994111 0.683145
vt 0.993255 0.683254
vt 0.994012 0.681869
vt 0.993157 0.681761
vt 0.993755 0.68056
vt 0.994542 0.680849
vt 0.911202 0.570792
vt 0.911202 0.568758
vt 0.910589 0.568703
vt 0.910589 0.570436
vt 0.993165 0.71863
vt 0.993771 0.718918
vt 0.993763 0.715977
vt 0.993157 0.716046
vt 0.967575 0.208369
vt 0.967575 0.205596
vt 0.967082 0.207785
vt 0.979721 0.348585
vt 0.979721 0.346896
vt 0.979103 0.348169
vt 0.921265 0.570491
vt 0.921874 0.570792
vt 0.921874 0.568841
vt 0.921265 0.568897
vt 0.993461 0.735692
vt 0.994078 0.735622
vt 0.994081 0.733881
vt 0.993465 0.733667
vt 0.994091 0.73266
vt 0.994081 0.737439
vt 0.993465 0.73775
vt 0.993477 0.732161
vt 0.993462 0.749567
vt 0.993461 0.751048
vt 0.994078 0.750789
vt 0.99408 0.749311
vt 0.990094 0.17207
vt 0.989485 0.171747
vt 0.989485 0.174448
vt 0.990094 0.174532
vt 0.784496 0.837532
vt 0.769438 0.852794
vt 0.286741 0.8935
vt 0.0425 0.981251
vt 0.974921 0.839495
vt 0.036987 0.975779
vt 0.982661 0.819349
vt 0.293913 0.63905
vt 0.293913 0.006034
vt 0.236149 0.007264
vt 0.236149 0.640281
vt 0.238419 0.646946
vt 0.360613 0.63905
vt 0.360613 0.006034
vt 0.418377 0.640281
vt 0.418377 0.007264
vt 0.359782 0.645746
vt 0.294744 0.645746
vt 0.451727 0.642412
vt 0.451727 0.009395
vt 0.448626 0.649024
vt 0.416107 0.646946
vt 0.131321 0.016007
vt 0.131321 0.649024
vt 0.189085 0.647794
vt 0.189085 0.014777
vt 0.222435 0.645663
vt 0.186815 0.008112
vt 0.222435 0.012646
vt 0.219334 0.006034
vt 0.064621 0.016007
vt 0.064621 0.649024
vt 0.006857 0.014777
vt 0.006857 0.647794
vt 0.009127 0.008112
vt 0.065452 0.009311
vt 0.13049 0.009311
vt 0.681018 0.640281
vt 0.681018 0.007264
vt 0.623254 0.006034
vt 0.623254 0.63905
vt 0.556554 0.006034
vt 0.622424 0.645746
vt 0.556554 0.63905
vt 0.498791 0.007264
vt 0.557385 0.645746
vt 0.498791 0.640281
vt 0.465441 0.009395
vt 0.501061 0.646946
vt 0.465441 0.642412
vt 0.468541 0.649024
vt 0.678748 0.646946
vt 0.852546 0.535415
vt 0.694732 0.674282
vt 0.91031 0.725111
vt 0.785846 0.535415
vt 0.728082 0.564761
vt 0.694732 0.61559
vt 0.94366 0.674282
vt 0.94366 0.61559
vt 0.91031 0.564761
vt 0.852546 0.754457
vt 0.785846 0.754457
vt 0.728082 0.725111
vt 0.878137 0.986265
vt 0.876423 0.929959
vt 0.72425 0.930302
vt 0.725963 0.986608
vt 0.709044 0.933006
vt 0.72406 0.865281
vt 0.876234 0.864938
vt 0.708839 0.862647
vt 0.694732 0.862678
vt 0.725445 0.808968
vt 0.877619 0.808625
vt 0.710337 0.80171
vt 0.696231 0.801742
vt 0.728033 0.776452
vt 0.880207 0.776108
vt 0.710898 0.993934
vt 0.694937 0.933037
vt 0.699031 0.766556
vt 0.713138 0.766524
vt 0.696791 0.993966
vt 0.880207 0.929093
vt 0.880022 0.865787
vt 0.496153 0.846089
vt 0.494768 0.789776
vt 0.479548 0.792411
vt 0.481046 0.853347
vt 0.465441 0.792379
vt 0.648327 0.846433
vt 0.650915 0.878949
vt 0.646942 0.79012
vt 0.498741 0.878606
vt 0.494958 0.724755
vt 0.647132 0.725099
vt 0.479753 0.722052
vt 0.465646 0.72202
vt 0.496671 0.668449
vt 0.648845 0.668793
vt 0.481606 0.661123
vt 0.4675 0.661091
vt 0.466939 0.853315
vt 0.483846 0.888533
vt 0.46974 0.888501
vt 0.65073 0.789271
vt 0.650915 0.725965
vt 0.446184 0.846433
vt 0.444799 0.79012
vt 0.292625 0.789776
vt 0.29401 0.84609
vt 0.448772 0.87895
vt 0.277404 0.792411
vt 0.292814 0.724755
vt 0.444988 0.725099
vt 0.277609 0.722052
vt 0.263502 0.72202
vt 0.448772 0.725965
vt 0.296598 0.878606
vt 0.278902 0.853347
vt 0.263297 0.792379
vt 0.279463 0.661123
vt 0.294528 0.668449
vt 0.265356 0.661091
vt 0.446702 0.668793
vt 0.264795 0.853316
vt 0.281703 0.888533
vt 0.267596 0.888502
vt 0.448587 0.789271
vt 0.796646 0.283885
vt 0.86859 0.520148
vt 0.930895 0.315538
vt 0.86859 0.283885
vt 0.966867 0.370363
vt 0.970503 0.369506
vt 0.966867 0.433669
vt 0.970503 0.434527
vt 0.930895 0.488494
vt 0.933557 0.490837
vt 0.698369 0.370363
vt 0.734341 0.315538
vt 0.795671 0.280685
vt 0.698369 0.433669
vt 0.734341 0.488494
vt 0.796646 0.520148
vt 0.731679 0.490837
vt 0.694732 0.434527
vt 0.694732 0.369506
vt 0.731679 0.313196
vt 0.795671 0.523347
vt 0.869564 0.523347
vt 0.969093 0.603377
vt 0.988218 0.540571
vt 0.978069 0.535415
vt 0.957374 0.603377
vt 0.988218 0.666182
vt 0.978069 0.671338
vt 0.664629 0.66376
vt 0.664629 0.728781
vt 0.675949 0.73145
vt 0.675949 0.661091
vt 0.883917 0.006034
vt 0.694732 0.172505
vt 0.953164 0.233438
vt 0.803958 0.006034
vt 0.734712 0.041213
vt 0.694732 0.102146
vt 0.993143 0.172505
vt 0.993143 0.102146
vt 0.953164 0.041213
vt 0.883917 0.268618
vt 0.803958 0.268618
vt 0.734712 0.233438
vt 0.006857 0.796499
vt 0.039376 0.846061
vt 0.044856 0.841239
vt 0.014343 0.794734
vt 0.014343 0.741034
vt 0.097707 0.868089
vt 0.095701 0.874676
vt 0.158733 0.868089
vt 0.160739 0.874676
vt 0.217064 0.846061
vt 0.211584 0.841239
vt 0.242097 0.794734
vt 0.249583 0.796499
vt 0.242097 0.741034
vt 0.249583 0.739269
vt 0.211584 0.694529
vt 0.217064 0.689706
vt 0.158733 0.667679
vt 0.160739 0.661091
vt 0.044856 0.694528
vt 0.006857 0.739269
vt 0.097707 0.667679
vt 0.095701 0.661091
vt 0.039376 0.689706
vt 0.933557 0.313196
vt 0.869564 0.280685

usemtl _Plain
usemap _Plain
f 1/1/1 2/2/2 3/3/3
f 1/1/1 3/3/3 4/4/4
f 3/3/3 2/2/2 5/5/5
f 6/6/6 2/2/2 1/1/1
f 6/6/6 1/1/1 7/7/7
f 8/8/8 2/2/2 6/6/6
f 8/8/8 6/6/6 9/9/9
f 10/10/10 2/2/2 8/8/8
f 11/11/11 2/2/2 10/10/10
f 2/2/2 11/11/11 12/12/12
f 13/13/13 14/14/14 15/15/15
f 13/13/13 15/15/15 16/16/16
f 15/15/15 14/14/14 17/17/17
f 18/18/18 14/14/14 13/13/13
f 18/18/18 13/13/13 19/19/19
f 20/20/20 14/14/14 18/18/18
f 14/14/14 20/20/20 21/21/21
f 21/21/21 20/20/20 22/22/22
f 22/22/22 20/20/20 23/23/23
f 20/20/20 18/18/18 24/24/24
f 25/25/25 26/26/26 27/27/27
f 25/25/25 27/27/27 28/28/28
f 29/29/29 25/25/25 28/28/28
f 29/29/29 28/28/28 30/30/30
f 26/26/26 31/31/31 27/27/27
f 26/26/26 32/32/32 31/31/31
f 33/33/33 34/34/34 35/35/35
f 33/33/33 35/35/35 36/36/36
f 37/37/37 33/33/33 36/36/36
f 37/37/37 36/36/36 38/38/38
f 39/39/39 37/37/37 38/38/38
f 39/39/39 38/38/38 40/40/40
f 34/34/34 41/41/41 35/35/35
f 34/34/34 42/42/42 41/41/41
f 43/43/43 44/44/44 45/45/45
f 43/43/43 45/45/45 46/46/46
f 44/44/44 47/47/47 45/45/45
f 44/44/44 48/48/48 47/47/47
f 48/48/48 49/49/49 47/47/47
f 48/48/48 50/50/50 49/49/49
f 51/51/51 52/52/52 53/53/53
f 51/51/51 53/53/53 54/54/54
f 52/52/52 55/55/55 53/53/53
f 52/52/52 56/56/56 55/55/55
f 57/57/57 58/58/58 59/59/59
f 57/57/57 59/59/59 60/60/60
f 61/61/61 57/57/57 60/60/60
f 61/61/61 60/60/60 62/62/62
f 58/58/58 63/63/63 59/59/59
f 58/58/58 64/64/64 63/63/63
f 65/65/65 66/66/66 67/67/67
f 65/65/65 67/67/67 68/68/68
f 69/69/69 65/65/65 68/68/68
f 69/69/69 68/68/68 70/70/70
f 66/66/66 71/71/71 67/67/67
f 66/66/66 72/72/72 71/71/71
f 72/72/72 73/73/73 71/71/71
f 72/72/72 74/74/74 73/73/73
f 75/75/75 76/76/76 77/77/77
f 75/75/75 77/77/77 78/78/78
f 77/77/77 76/76/76 79/79/79
f 80/80/80 76/76/76 75/75/75
f 80/80/80 75/75/75 81/81/81
f 82/82/82 76/76/76 80/80/80
f 83/83/83 76/76/76 82/82/82
f 84/84/84 76/76/76 83/83/83
f 76/76/76 84/84/84 85/85/85
f 82/82/82 80/80/80 86/86/86
f 87/87/87 88/88/88 89/89/89
f 87/87/87 89/89/89 90/90/90
f 89/89/89 88/88/88 91/91/91
f 92/92/92 88/88/88 87/87/87
f 92/92/92 87/87/87 93/93/93
f 94/94/94 88/88/88 92/92/92
f 94/94/94 92/92/92 95/95/95
f 96/96/96 88/88/88 94/94/94
f 97/97/97 88/88/88 96/96/96
f 88/88/88 97/97/97 98/98/98
f 99/99/99 100/100/100 101/101/101
f 99/99/99 101/101/101 102/102/102
f 103/103/103 99/99/99 102/102/102
f 103/103/103 102/102/102 104/104/104
f 105/105/105 103/103/103 104/104/104
f 105/105/105 104/104/104 106/106/106
f 107/107/107 108/108/108 109/109/109
f 107/107/107 109/109/109 110/110/110
f 111/111/111 107/107/107 110/110/110
f 111/111/111 110/110/110 112/112/112
f 113/113/113 114/114/114 115/115/115
f 113/113/113 115/115/115 116/116/116
f 117/117/117 118/118/118 119/119/119
f 117/117/117 119/119/119 120/120/120
f 121/121/121 122/122/122 123/123/123
f 121/121/121 123/123/123 124/124/124
f 125/125/125 126/126/126 127/127/127
f 125/125/125 127/127/127 128/128/128
f 129/129/129 130/130/130 131/131/131
f 129/129/129 131/131/131 132/132/132
f 133/133/133 134/134/134 135/135/135
f 133/133/133 135/135/135 136/136/136
f 137/137/137 138/138/138 139/139/139
f 137/137/137 139/139/139 140/140/140
f 141/141/141 138/138/138 137/137/137
f 141/141/141 142/142/142 138/138/138
f 143/143/143 142/142/142 141/141/141
f 143/143/143 144/144/144 142/142/142
f 145/145/145 144/144/144 143/143/143
f 145/145/145 146/146/146 144/144/144
f 147/147/147 146/146/146 145/145/145
f 147/147/147 148/148/148 146/146/146
f 149/149/149 148/148/148 147/147/147
f 149/149/149 150/150/150 148/148/148
f 151/151/151 150/150/150 149/149/149
f 151/151/151 152/152/152 150/150/150
f 153/153/153 154/154/154 155/155/155
f 153/153/153 155/155/155 156/156/156
f 157/157/157 158/158/158 159/159/159
f 157/157/157 159/159/159 160/160/160
f 161/161/161 162/162/162 163/163/163
f 161/161/161 163/163/163 164/164/164
f 165/165/165 166/166/166 167/167/167
f 165/165/165 167/167/167 168/168/168
f 169/169/169 170/170/170 171/171/171
f 169/169/169 171/171/171 172/172/172
f 173/173/173 174/174/174 175/175/175
f 173/173/173 175/175/175 176/176/176
f 177/177/177 178/178/178 179/179/179
f 180/180/180 179/179/179 178/178/178
f 181/181/181 180/180/180 178/178/178
f 181/181/181 178/178/178 182/182/182
f 177/177/177 179/179/179 183/183/183
f 183/183/183 184/184/184 177/177/177
f 184/184/184 185/185/185 177/177/177
f 181/181/181 182/182/182 186/186/186
f 187/187/187 186/186/186 182/182/182
f 188/188/188 187/187/187 182/182/182
f 188/188/188 182/182/182 189/189/189
f 190/190/190 189/189/189 177/177/177
f 190/190/190 177/177/177 185/185/185
f 190/190/190 191/191/191 189/189/189
f 191/191/191 192/192/192 189/189/189
f 188/188/188 189/189/189 192/192/192
f 193/193/193 194/194/194 195/195/195
f 194/194/194 193/193/193 196/196/196
f 196/196/196 193/193/193 197/197/197
f 193/193/193 195/195/195 198/198/198
f 199/199/199 198/198/198 195/195/195
f 200/200/200 198/198/198 199/199/199
f 198/198/198 200/200/200 201/201/201
f 198/198/198 201/201/201 202/202/202
f 203/203/203 202/202/202 201/201/201
f 204/204/204 202/202/202 203/203/203
f 205/205/205 202/202/202 204/204/204
f 193/193/193 205/205/205 206/206/206
f 193/193/193 206/206/206 197/197/197
f 206/206/206 205/205/205 207/207/207
f 207/207/207 205/205/205 208/208/208
f 205/205/205 204/204/204 208/208/208
f 209/209/209 210/210/210 211/211/211
f 209/209/209 211/211/211 212/212/212
f 213/213/213 210/210/210 209/209/209
f 213/213/213 214/214/214 210/210/210
f 215/215/215 214/214/214 213/213/213
f 215/215/215 216/216/216 214/214/214
f 217/217/217 218/218/218 219/219/219
f 217/217/217 219/219/219 220/220/220
f 221/221/221 222/222/222 223/223/223
f 221/221/221 223/223/223 224/224/224
f 224/224/224 223/223/223 225/225/225
f 224/224/224 225/225/225 226/226/226
f 226/226/226 225/225/225 227/227/227
f 226/226/226 227/227/227 228/228/228
f 229/229/229 230/230/230 231/231/231
f 229/229/229 231/231/231 232/232/232
f 232/232/232 231/231/231 233/233/233
f 232/232/232 233/233/233 234/234/234
f 234/234/234 233/233/233 235/235/235
f 234/234/234 235/235/235 236/236/236
f 237/237/237 238/238/238 239/239/239
f 237/237/237 239/239/239 240/240/240
f 240/240/240 239/239/239 241/241/241
f 240/240/240 241/241/241 242/242/242
f 243/243/243 238/238/238 237/237/237
f 243/243/243 244/244/244 238/238/238
f 245/245/245 246/246/246 247/247/247
f 245/245/245 247/247/247 248/248/248
f 249/249/249 250/250/250 251/251/251
f 249/249/249 251/251/251 252/252/252
f 253/253/253 254/254/254 255/255/255
f 253/253/253 255/255/255 256/256/256
f 257/257/257 258/258/258 259/259/259
f 257/257/257 259/259/259 260/260/260
f 261/261/261 258/258/258 257/257/257
f 261/261/261 262/262/262 258/258/258
f 263/263/263 264/264/264 265/265/265
f 263/263/263 265/265/265 266/266/266
f 267/267/267 268/268/268 269/269/269
f 267/267/267 269/269/269 270/270/270
f 271/271/271 272/272/272 273/273/273
f 271/271/271 273/273/273 274/274/274
f 275/275/275 276/276/276 277/277/277
f 277/277/277 276/276/276 278/278/278
f 279/279/279 276/276/276 275/275/275
f 276/276/276 279/279/279 280/280/280
f 281/281/281 282/282/282 283/283/283
f 281/281/281 283/283/283 284/284/284
f 285/285/285 286/286/286 287/287/287
f 286/286/286 285/285/285 288/288/288
f 288/288/288 285/285/285 289/289/289
f 289/289/289 285/285/285 290/290/290
f 291/291/291 292/292/292 293/293/293
f 291/291/291 293/293/293 294/294/294
f 295/295/295 296/296/296 297/297/297
f 295/295/295 297/297/297 298/298/298
f 299/299/299 300/300/300 301/301/301
f 299/299/299 301/301/301 302/302/302
f 303/303/303 304/304/304 305/305/305
f 303/303/303 305/305/305 306/306/306
f 307/307/307 308/308/308 309/309/309
f 310/310/310 308/308/308 307/307/307
f 311/311/311 308/308/308 310/310/310
f 308/308/308 311/311/311 312/312/312
f 313/313/313 314/314/314 315/315/315
f 313/313/313 315/315/315 316/316/316
f 317/317/317 318/318/318 319/319/319
f 317/317/317 319/319/319 320/320/320
f 321/321/321 322/322/322 323/323/323
f 324/324/324 322/322/322 321/321/321
f 325/325/325 322/322/322 324/324/324
f 322/322/322 325/325/325 326/326/326
f 327/327/327 328/328/328 329/329/329
f 327/327/327 329/329/329 330/330/330
f 330/330/330 329/329/329 331/331/331
f 330/330/330 331/331/331 332/332/332
f 332/332/332 331/331/331 333/333/333
f 332/332/332 333/333/333 334/334/334
f 335/335/335 336/336/336 337/337/337
f 335/335/335 337/337/337 338/338/338
f 339/339/339 336/336/336 335/335/335
f 339/339/339 340/340/340 336/336/336
f 337/337/337 341/341/341 338/338/338
f 337/337/337 342/342/342 341/341/341
f 343/343/343 344/344/344 345/345/345
f 343/343/343 345/345/345 346/346/346
f 347/347/347 345/345/345 344/344/344
f 348/348/348 345/345/345 347/347/347
f 345/345/345 348/348/348 349/349/349
f 350/350/350 344/344/344 343/343/343
f 350/350/350 343/343/343 351/351/351
f 344/344/344 350/350/350 352/352/352
f 352/352/352 350/350/350 353/353/353
f 353/353/353 350/350/350 354/354/354
f 355/355/355 356/356/356 357/357/357
f 355/355/355 357/357/357 358/358/358
f 359/359/359 356/356/356 355/355/355
f 359/359/359 360/360/360 356/356/356
f 361/361/361 360/360/360 359/359/359
f 361/361/361 362/362/362 360/360/360
f 363/363/363 364/364/364 365/365/365
f 363/363/363 365/365/365 366/366/366
f 367/367/367 364/364/364 363/363/363
f 367/367/367 368/368/368 364/364/364
f 369/369/369 368/368/368 367/367/367
f 369/369/369 367/367/367 370/370/370
f 371/371/371 372/372/372 373/373/373
f 371/371/371 373/373/373 374/374/374
f 373/373/373 372/372/372 375/375/375
f 376/376/376 372/372/372 371/371/371
f 376/376/376 371/371/371 377/377/377
f 378/378/378 372/372/372 376/376/376
f 372/372/372 378/378/378 379/379/379
f 379/379/379 378/378/378 380/380/380
f 380/380/380 378/378/378 381/381/381
f 378/378/378 376/376/376 382/382/382
f 383/383/383 384/384/384 385/385/385
f 383/383/383 385/385/385 386/386/386
f 387/387/387 384/384/384 383/383/383
f 387/387/387 388/388/388 384/384/384
f 389/389/389 388/388/388 387/387/387
f 389/389/389 390/390/390 388/388/388
f 391/391/391 390/390/390 389/389/389
f 391/391/391 392/392/392 390/390/390
f 392/392/392 391/391/391 393/393/393
f 394/394/394 393/393/393 391/391/391
f 384/384/384 395/395/395 385/385/385
f 384/384/384 396/396/396 395/395/395
f 388/388/388 396/396/396 384/384/384
f 388/388/388 397/397/397 396/396/396
f 390/390/390 397/397/397 388/388/388
f 390/390/390 398/398/398 397/397/397
f 392/392/392 398/398/398 390/390/390
f 392/392/392 399/399/399 398/398/398
f 400/400/400 399/399/399 392/392/392
f 401/401/401 399/399/399 400/400/400
f 401/401/401 402/402/402 399/399/399
f 399/399/399 402/402/402 403/403/403
f 399/399/399 403/403/403 398/398/398
f 398/398/398 403/403/403 404/404/404
f 398/398/398 404/404/404 397/397/397
f 397/397/397 404/404/404 405/405/405
f 397/397/397 405/405/405 396/396/396
f 396/396/396 405/405/405 406/406/406
f 396/396/396 406/406/406 395/395/395
f 407/407/407 401/401/401 400/400/400
f 392/392/392 393/393/393 408/408/408
f 409/409/409 400/400/400 408/408/408
f 407/407/407 400/400/400 409/409/409
f 409/409/409 410/410/410 407/407/407
f 409/409/409 411/411/411 410/410/410
f 412/412/412 410/410/410 411/411/411
f 413/413/413 411/411/411 409/409/409
f 409/409/409 408/408/408 413/413/413
f 413/413/413 414/414/414 411/411/411
f 414/414/414 413/413/413 415/415/415
f 415/415/415 413/413/413 408/408/408
f 416/416/416 411/411/411 414/414/414
f 412/412/412 411/411/411 416/416/416
f 414/414/414 415/415/415 417/417/417
f 418/418/418 417/417/417 415/415/415
f 418/418/418 415/415/415 419/419/419
f 420/420/420 418/418/418 419/419/419
f 419/419/419 415/415/415 393/393/393
f 415/415/415 408/408/408 393/393/393
f 420/420/420 419/419/419 421/421/421
f 421/421/421 419/419/419 394/394/394
f 419/419/419 393/393/393 394/394/394
f 416/416/416 422/422/422 412/412/412
f 416/416/416 423/423/423 422/422/422
f 424/424/424 422/422/422 423/423/423
f 425/425/425 423/423/423 416/416/416
f 416/416/416 414/414/414 425/425/425
f 425/425/425 426/426/426 423/423/423
f 427/427/427 426/426/426 425/425/425
f 428/428/428 423/423/423 426/426/426
f 424/424/424 423/423/423 428/428/428
f 429/429/429 424/424/424 428/428/428
f 429/429/429 430/430/430 424/424/424
f 431/431/431 429/429/429 428/428/428
f 431/431/431 428/428/428 432/432/432
f 428/428/428 426/426/426 432/432/432
f 433/433/433 431/431/431 432/432/432
f 434/434/434 432/432/432 426/426/426
f 433/433/433 432/432/432 434/434/434
f 434/434/434 426/426/426 427/427/427
f 435/435/435 434/434/434 427/427/427
f 435/435/435 433/433/433 434/434/434
f 435/435/435 436/436/436 433/433/433
f 437/437/437 436/436/436 435/435/435
f 437/437/437 438/438/438 436/436/436
f 437/437/437 435/435/435 439/439/439
f 435/435/435 427/427/427 439/439/439
f 439/439/439 427/427/427 440/440/440
f 427/427/427 425/425/425 440/440/440
f 440/440/440 425/425/425 414/414/414
f 439/439/439 440/440/440 441/441/441
f 442/442/442 439/439/439 441/441/441
f 437/437/437 439/439/439 442/442/442
f 441/441/441 440/440/440 417/417/417
f 440/440/440 414/414/414 417/417/417
f 442/442/442 441/441/441 443/443/443
f 443/443/443 441/441/441 418/418/418
f 441/441/441 417/417/417 418/418/418
f 443/443/443 418/418/418 420/420/420
f 444/444/444 445/445/445 446/446/446
f 445/445/445 444/444/444 447/447/447
f 444/444/444 446/446/446 448/448/448
f 449/449/449 444/444/444 448/448/448
f 448/448/448 446/446/446 450/450/450
f 444/444/444 449/449/449 451/451/451
f 444/444/444 451/451/451 447/447/447
f 449/449/449 448/448/448 452/452/452
f 453/453/453 449/449/449 452/452/452
f 452/452/452 448/448/448 454/454/454
f 448/448/448 450/450/450 454/454/454
f 449/449/449 453/453/453 455/455/455
f 449/449/449 455/455/455 451/451/451
f 453/453/453 452/452/452 456/456/456
f 456/456/456 452/452/452 457/457/457
f 452/452/452 454/454/454 457/457/457
f 453/453/453 456/456/456 458/458/458
f 458/458/458 456/456/456 459/459/459
f 456/456/456 457/457/457 459/459/459
f 458/458/458 459/459/459 460/460/460
f 445/445/445 461/461/461 446/446/446
f 446/446/446 461/461/461 462/462/462
f 463/463/463 455/455/455 453/453/453
f 453/453/453 458/458/458 463/463/463
f 463/463/463 464/464/464 455/455/455
f 446/446/446 462/462/462 450/450/450
f 465/465/465 458/458/458 460/460/460
f 465/465/465 466/466/466 458/458/458
f 466/466/466 463/463/463 458/458/458
f 466/466/466 465/465/465 467/467/467
f 466/466/466 468/468/468 463/463/463
f 468/468/468 464/464/464 463/463/463
f 468/468/468 466/466/466 469/469/469
f 466/466/466 467/467/467 469/469/469
f 468/468/468 470/470/470 464/464/464
f 468/468/468 469/469/469 471/471/471
f 471/471/471 470/470/470 468/468/468
f 471/471/471 472/472/472 470/470/470
f 473/473/473 469/469/469 467/467/467
f 473/473/473 474/474/474 469/469/469
f 474/474/474 471/471/471 469/469/469
f 474/474/474 473/473/473 475/475/475
f 474/474/474 476/476/476 471/471/471
f 476/476/476 472/472/472 471/471/471
f 476/476/476 474/474/474 477/477/477
f 474/474/474 475/475/475 477/477/477
f 476/476/476 478/478/478 472/472/472
f 476/476/476 477/477/477 479/479/479
f 479/479/479 478/478/478 476/476/476
f 479/479/479 480/480/480 478/478/478
f 481/481/481 477/477/477 475/475/475
f 481/481/481 482/482/482 477/477/477
f 482/482/482 479/479/479 477/477/477
f 483/483/483 482/482/482 481/481/481
f 482/482/482 484/484/484 479/479/479
f 484/484/484 480/480/480 479/479/479
f 485/485/485 484/484/484 482/482/482
f 485/485/485 482/482/482 483/483/483
f 484/484/484 485/485/485 486/486/486
f 484/484/484 487/487/487 480/480/480
f 484/484/484 486/486/486 487/487/487
f 483/483/483 481/481/481 488/488/488
f 489/489/489 490/490/490 491/491/491
f 492/492/492 491/491/491 490/490/490
f 489/489/489 491/491/491 493/493/493
f 493/493/493 491/491/491 494/494/494
f 495/495/495 489/489/489 493/493/493
f 496/496/496 494/494/494 491/491/491
f 496/496/496 491/491/491 492/492/492
f 497/497/497 494/494/494 496/496/496
f 497/497/497 498/498/498 494/494/494
f 499/499/499 494/494/494 498/498/498
f 493/493/493 494/494/494 499/499/499
f 500/500/500 493/493/493 499/499/499
f 495/495/495 493/493/493 500/500/500
f 501/501/501 498/498/498 497/497/497
f 498/498/498 501/501/501 502/502/502
f 503/503/503 502/502/502 501/501/501
f 504/504/504 490/490/490 489/489/489
f 504/504/504 505/505/505 490/490/490
f 506/506/506 490/490/490 505/505/505
f 492/492/492 490/490/490 506/506/506
f 506/506/506 505/505/505 507/507/507
f 500/500/500 499/499/499 508/508/508
f 508/508/508 499/499/499 509/509/509
f 499/499/499 498/498/498 509/509/509
f 498/498/498 502/502/502 509/509/509
f 502/502/502 510/510/510 509/509/509
f 508/508/508 509/509/509 510/510/510
f 502/502/502 511/511/511 510/510/510
f 512/512/512 511/511/511 502/502/502
f 512/512/512 502/502/502 503/503/503
f 513/513/513 512/512/512 503/503/503
f 513/513/513 503/503/503 514/514/514
f 515/515/515 513/513/513 514/514/514
f 516/516/516 514/514/514 503/503/503
f 516/516/516 517/517/517 514/514/514
f 518/518/518 514/514/514 517/517/517
f 515/515/515 514/514/514 518/518/518
f 519/519/519 515/515/515 518/518/518
f 519/519/519 518/518/518 520/520/520
f 521/521/521 519/519/519 520/520/520
f 522/522/522 520/520/520 518/518/518
f 518/518/518 517/517/517 522/522/522
f 522/522/522 523/523/523 520/520/520
f 524/524/524 520/520/520 523/523/523
f 521/521/521 520/520/520 524/524/524
f 521/521/521 524/524/524 525/525/525
f 522/522/522 517/517/517 526/526/526
f 527/527/527 526/526/526 517/517/517
f 527/527/527 517/517/517 516/516/516
f 521/521/521 525/525/525 528/528/528
f 524/524/524 529/529/529 525/525/525
f 524/524/524 530/530/530 529/529/529
f 524/524/524 523/523/523 530/530/530
f 530/530/530 523/523/523 531/531/531
f 532/532/532 531/531/531 523/523/523
f 532/532/532 523/523/523 522/522/522
f 522/522/522 526/526/526 532/532/532
f 533/533/533 529/529/529 530/530/530
f 530/530/530 531/531/531 534/534/534
f 533/533/533 530/530/530 534/534/534
f 516/516/516 535/535/535 527/527/527
f 516/516/516 501/501/501 535/535/535
f 501/501/501 497/497/497 535/535/535
f 503/503/503 501/501/501 516/516/516
f 536/536/536 537/537/537 538/538/538
f 536/536/536 538/538/538 539/539/539
f 537/537/537 540/540/540 538/538/538
f 537/537/537 541/541/541 540/540/540
f 541/541/541 542/542/542 540/540/540
f 541/541/541 543/543/543 542/542/542
f 544/544/544 536/536/536 539/539/539
f 544/544/544 545/545/545 536/536/536
f 546/546/546 545/545/545 544/544/544
f 546/546/546 547/547/547 545/545/545
f 548/548/548 549/549/549 550/550/550
f 548/548/548 550/550/550 551/551/551
f 551/551/551 550/550/550 552/552/552
f 553/553/553 549/549/549 548/548/548
f 553/553/553 554/554/554 549/549/549
f 551/551/551 552/552/552 555/555/555
f 554/554/554 556/556/556 549/549/549
f 554/554/554 557/557/557 556/556/556
f 549/549/549 556/556/556 558/558/558
f 549/549/549 558/558/558 550/550/550
f 550/550/550 558/558/558 559/559/559
f 550/550/550 559/559/559 552/552/552
f 557/557/557 560/560/560 556/556/556
f 557/557/557 561/561/561 560/560/560
f 556/556/556 560/560/560 562/562/562
f 556/556/556 562/562/562 558/558/558
f 558/558/558 562/562/562 563/563/563
f 558/558/558 563/563/563 559/559/559
f 564/564/564 553/553/553 548/548/548
f 564/564/564 565/565/565 553/553/553
f 566/566/566 564/564/564 548/548/548
f 567/567/567 565/565/565 564/564/564
f 567/567/567 568/568/568 565/565/565
f 569/569/569 567/567/567 564/564/564
f 569/569/569 564/564/564 566/566/566
f 570/570/570 569/569/569 566/566/566
f 566/566/566 548/548/548 551/551/551
f 571/571/571 566/566/566 551/551/551
f 570/570/570 566/566/566 571/571/571
f 571/571/571 551/551/551 555/555/555
f 572/572/572 573/573/573 574/574/574
f 575/575/575 573/573/573 572/572/572
f 576/576/576 573/573/573 575/575/575
f 573/573/573 576/576/576 577/577/577
f 578/578/578 573/573/573 577/577/577
f 573/573/573 578/578/578 579/579/579
f 578/578/578 580/580/580 579/579/579
f 581/581/581 579/579/579 580/580/580
f 579/579/579 581/581/581 582/582/582
f 580/580/580 578/578/578 583/583/583
f 583/583/583 578/578/578 584/584/584
f 584/584/584 578/578/578 585/585/585
f 586/586/586 577/577/577 576/576/576
f 577/577/577 586/586/586 587/587/587
f 588/588/588 589/589/589 590/590/590
f 591/591/591 589/589/589 588/588/588
f 588/588/588 590/590/590 592/592/592
f 589/589/589 593/593/593 590/590/590
f 589/589/589 594/594/594 593/593/593
f 595/595/595 594/594/594 589/589/589
f 595/595/595 589/589/589 591/591/591
f 596/596/596 595/595/595 591/591/591
f 597/597/597 595/595/595 596/596/596
f 595/595/595 597/597/597 598/598/598
f 595/595/595 598/598/598 594/594/594
f 594/594/594 598/598/598 599/599/599
f 594/594/594 599/599/599 593/593/593
f 597/597/597 596/596/596 600/600/600
f 601/601/601 597/597/597 600/600/600
f 597/597/597 601/601/601 602/602/602
f 602/602/602 599/599/599 598/598/598
f 597/597/597 602/602/602 598/598/598
f 602/602/602 603/603/603 599/599/599
f 604/604/604 600/600/600 596/596/596
f 596/596/596 591/591/591 605/605/605
f 605/605/605 591/591/591 606/606/606
f 607/607/607 596/596/596 605/605/605
f 604/604/604 596/596/596 607/607/607
f 604/604/604 607/607/607 608/608/608
f 608/608/608 607/607/607 609/609/609
f 607/607/607 605/605/605 609/609/609
f 609/609/609 605/605/605 610/610/610
f 605/605/605 606/606/606 610/610/610
f 604/604/604 608/608/608 611/611/611
f 612/612/612 604/604/604 611/611/611
f 604/604/604 612/612/612 613/613/613
f 601/601/601 600/600/600 613/613/613
f 604/604/604 613/613/613 600/600/600
f 614/614/614 601/601/601 613/613/613
f 601/601/601 614/614/614 615/615/615
f 615/615/615 603/603/603 602/602/602
f 601/601/601 615/615/615 602/602/602
f 615/615/615 616/616/616 603/603/603
f 608/608/608 609/609/609 617/617/617
f 617/617/617 609/609/609 618/618/618
f 609/609/609 610/610/610 618/618/618
f 619/619/619 608/608/608 617/617/617
f 619/619/619 611/611/611 608/608/608
f 619/619/619 620/620/620 611/611/611
f 620/620/620 619/619/619 621/621/621
f 619/619/619 622/622/622 621/621/621
f 619/619/619 623/623/623 622/622/622
f 619/619/619 617/617/617 623/623/623
f 623/623/623 617/617/617 624/624/624
f 617/617/617 618/618/618 624/624/624
f 623/623/623 625/625/625 622/622/622
f 623/623/623 626/626/626 625/625/625
f 623/623/623 624/624/624 626/626/626
f 620/620/620 621/621/621 627/627/627
f 628/628/628 620/620/620 627/627/627
f 628/628/628 629/629/629 620/620/620
f 620/620/620 629/629/629 630/630/630
f 631/631/631 629/629/629 628/628/628
f 631/631/631 632/632/632 629/629/629
f 629/629/629 632/632/632 633/633/633
f 629/629/629 633/633/633 630/630/630
f 634/634/634 630/630/630 633/633/633
f 634/634/634 612/612/612 630/630/630
f 612/612/612 634/634/634 635/635/635
f 612/612/612 611/611/611 630/630/630
f 620/620/620 630/630/630 611/611/611
f 612/612/612 635/635/635 613/613/613
f 614/614/614 613/613/613 635/635/635
f 445/445/445 636/636/636 461/461/461
f 636/636/636 445/445/445 637/637/637
f 636/636/636 637/637/637 638/638/638
f 445/445/445 447/447/447 637/637/637
f 639/639/639 640/640/640 641/641/641
f 639/639/639 641/641/641 642/642/642
f 643/643/643 640/640/640 639/639/639
f 643/643/643 644/644/644 640/640/640
f 645/645/645 646/646/646 647/647/647
f 645/645/645 647/647/647 648/648/648
f 648/648/648 647/647/647 649/649/649
f 648/648/648 649/649/649 650/650/650
f 650/650/650 649/649/649 651/651/651
f 650/650/650 651/651/651 652/652/652
f 652/652/652 651/651/651 653/653/653
f 652/652/652 653/653/653 654/654/654
f 655/655/655 656/656/656 657/657/657
f 655/655/655 657/657/657 658/658/658
f 658/658/658 657/657/657 659/659/659
f 658/658/658 659/659/659 660/660/660
f 661/661/661 662/662/662 663/663/663
f 661/661/661 663/663/663 664/664/664
f 664/664/664 663/663/663 665/665/665
f 664/664/664 665/665/665 666/666/666
f 666/666/666 665/665/665 667/667/667
f 666/666/666 667/667/667 668/668/668
f 668/668/668 667/667/667 669/669/669
f 668/668/668 669/669/669 670/670/670
f 671/671/671 672/672/672 673/673/673
f 671/671/671 673/673/673 674/674/674
f 675/675/675 673/673/673 672/672/672
f 676/676/676 673/673/673 675/675/675
f 673/673/673 676/676/676 677/677/677
f 678/678/678 672/672/672 671/671/671
f 678/678/678 671/671/671 679/679/679
f 672/672/672 678/678/678 680/680/680
f 680/680/680 678/678/678 681/681/681
f 681/681/681 678/678/678 682/682/682
f 683/683/683 684/684/684 685/685/685
f 685/685/685 684/684/684 686/686/686
f 686/686/686 684/684/684 687/687/687
f 687/687/687 684/684/684 688/688/688
f 689/689/689 504/504/504 489/489/489
f 689/689/689 489/489/489 495/495/495
f 690/690/690 691/691/691 692/692/692
f 690/690/690 692/692/692 693/693/693
f 693/693/693 692/692/692 383/383/383
f 693/693/693 383/383/383 386/386/386
f 691/691/691 694/694/694 692/692/692
f 691/691/691 695/695/695 694/694/694
f 692/692/692 694/694/694 387/387/387
f 692/692/692 387/387/387 383/383/383
f 695/695/695 696/696/696 694/694/694
f 695/695/695 697/697/697 696/696/696
f 694/694/694 696/696/696 389/389/389
f 694/694/694 389/389/389 387/387/387
f 697/697/697 698/698/698 696/696/696
f 697/697/697 699/699/699 698/698/698
f 696/696/696 698/698/698 391/391/391
f 696/696/696 391/391/391 389/389/389
f 394/394/394 391/391/391 698/698/698
f 700/700/700 394/394/394 698/698/698
f 700/700/700 698/698/698 699/699/699
f 421/421/421 394/394/394 700/700/700
f 701/701/701 702/702/702 703/703/703
f 704/704/704 702/702/702 701/701/701
f 702/702/702 704/704/704 705/705/705
f 703/703/703 706/706/706 701/701/701
f 701/701/701 706/706/706 707/707/707
f 703/703/703 702/702/702 708/708/708
f 708/708/708 702/702/702 709/709/709
f 709/709/709 702/702/702 710/710/710
f 705/705/705 704/704/704 711/711/711
f 711/711/711 712/712/712 705/705/705
f 705/705/705 712/712/712 713/713/713
f 711/711/711 704/704/704 714/714/714
f 714/714/714 704/704/704 715/715/715
f 715/715/715 704/704/704 716/716/716
f 717/717/717 718/718/718 719/719/719
f 717/717/717 719/719/719 720/720/720
f 721/721/721 720/720/720 719/719/719
f 717/717/717 722/722/722 718/718/718
f 717/717/717 723/723/723 722/722/722
f 724/724/724 722/722/722 723/723/723
f 724/724/724 725/725/725 722/722/722
f 724/724/724 726/726/726 725/725/725
f 724/724/724 727/727/727 726/726/726
f 727/727/727 728/728/728 726/726/726
f 727/727/727 729/729/729 728/728/728
f 730/730/730 728/728/728 729/729/729
f 730/730/730 731/731/731 728/728/728
f 730/730/730 732/732/732 731/731/731
f 730/730/730 733/733/733 732/732/732
f 734/734/734 732/732/732 733/733/733
f 734/734/734 735/735/735 732/732/732
f 734/734/734 736/736/736 735/735/735
f 734/734/734 737/737/737 736/736/736
f 738/738/738 736/736/736 737/737/737
f 738/738/738 739/739/739 736/736/736
f 738/738/738 740/740/740 739/739/739
f 738/738/738 721/721/721 740/740/740
f 721/721/721 719/719/719 740/740/740
f 741/741/741 742/742/742 743/743/743
f 744/744/744 742/742/742 741/741/741
f 745/745/745 746/746/746 747/747/747
f 747/747/747 746/746/746 748/748/748
f 749/749/749 750/750/750 751/751/751
f 751/751/751 750/750/750 752/752/752
f 753/753/753 750/750/750 749/749/749
f 754/754/754 750/750/750 753/753/753
f 755/755/755 756/756/756 757/757/757
f 755/755/755 757/757/757 758/758/758
f 759/759/759 755/755/755 758/758/758
f 760/760/760 755/755/755 759/759/759
f 760/760/760 756/756/756 755/755/755
f 760/760/760 761/761/761 756/756/756
f 760/760/760 759/759/759 762/762/762
f 757/757/757 763/763/763 758/758/758
f 764/764/764 758/758/758 763/763/763
f 759/759/759 758/758/758 764/764/764
f 757/757/757 765/765/765 763/763/763
f 764/764/764 763/763/763 766/766/766
f 767/767/767 768/768/768 769/769/769
f 769/769/769 768/768/768 770/770/770
f 768/768/768 771/771/771 770/770/770
f 770/770/770 771/771/771 772/772/772
f 773/773/773 768/768/768 767/767/767
f 768/768/768 773/773/773 774/774/774
f 767/767/767 769/769/769 775/775/775
f 775/775/775 769/769/769 776/776/776
f 774/774/774 773/773/773 777/777/777
f 774/774/774 777/777/777 778/778/778
f 778/778/778 777/777/777 779/779/779
f 777/777/777 773/773/773 780/780/780
f 773/773/773 781/781/781 780/780/780
f 780/780/780 781/781/781 782/782/782
f 783/783/783 784/784/784 785/785/785
f 786/786/786 783/783/783 785/785/785
f 784/784/784 783/783/783 787/787/787
f 787/787/787 783/783/783 788/788/788
f 788/788/788 783/783/783 789/789/789
f 790/790/790 789/789/789 783/783/783
f 791/791/791 790/790/790 783/783/783
f 792/792/792 789/789/789 790/790/790
f 793/793/793 792/792/792 790/790/790
f 785/785/785 784/784/784 794/794/794
f 785/785/785 794/794/794 795/795/795
f 785/785/785 795/795/795 796/796/796
f 785/785/785 796/796/796 797/797/797
f 797/797/797 796/796/796 798/798/798
f 797/797/797 798/798/798 799/799/799
f 797/797/797 799/799/799 800/800/800
f 801/801/801 790/790/790 791/791/791
f 801/801/801 802/802/802 790/790/790
f 802/802/802 793/793/793 790/790/790
f 803/803/803 802/802/802 801/801/801
f 803/803/803 804/804/804 802/802/802
f 805/805/805 802/802/802 804/804/804
f 805/805/805 806/806/806 802/802/802
f 802/802/802 807/807/807 793/793/793
f 800/800/800 808/808/808 797/797/797
f 797/797/797 808/808/808 806/806/806
f 802/802/802 809/809/809 807/807/807
f 802/802/802 810/810/810 809/809/809
f 802/802/802 806/806/806 810/810/810
f 811/811/811 806/806/806 808/808/808
f 812/812/812 806/806/806 811/811/811
f 810/810/810 806/806/806 812/812/812
f 813/813/813 814/814/814 815/815/815
f 814/814/814 813/813/813 816/816/816
f 813/813/813 815/815/815 817/817/817
f 817/817/817 815/815/815 818/818/818
f 819/819/819 815/815/815 814/814/814
f 819/819/819 820/820/820 815/815/815
f 815/815/815 820/820/820 821/821/821
f 815/815/815 821/821/821 818/818/818
f 818/818/818 821/821/821 822/822/822
f 814/814/814 823/823/823 819/819/819
f 814/814/814 824/824/824 823/823/823
f 814/814/814 816/816/816 824/824/824
f 824/824/824 816/816/816 825/825/825
f 824/824/824 826/826/826 823/823/823
f 824/824/824 827/827/827 826/826/826
f 824/824/824 825/825/825 827/827/827
f 817/817/817 818/818/818 828/828/828
f 828/828/828 818/818/818 829/829/829
f 818/818/818 822/822/822 829/829/829
f 828/828/828 829/829/829 830/830/830
f 831/831/831 832/832/832 833/833/833
f 831/831/831 833/833/833 834/834/834
f 835/835/835 831/831/831 834/834/834
f 835/835/835 834/834/834 836/836/836
f 835/835/835 837/837/837 831/831/831
f 831/831/831 837/837/837 838/838/838
f 838/838/838 832/832/832 831/831/831
f 838/838/838 837/837/837 839/839/839
f 838/838/838 840/840/840 832/832/832
f 839/839/839 837/837/837 841/841/841
f 839/839/839 841/841/841 842/842/842
f 842/842/842 841/841/841 843/843/843
f 834/834/834 844/844/844 836/836/836
f 845/845/845 844/844/844 834/834/834
f 833/833/833 845/845/845 834/834/834
f 833/833/833 846/846/846 845/845/845
f 845/845/845 847/847/847 844/844/844
f 844/844/844 847/847/847 848/848/848
f 849/849/849 848/848/848 847/847/847
f 843/843/843 849/849/849 842/842/842
f 843/843/843 850/850/850 849/849/849
f 850/850/850 848/848/848 849/849/849
f 851/851/851 852/852/852 853/853/853
f 853/853/853 852/852/852 854/854/854
f 854/854/854 852/852/852 855/855/855
f 855/855/855 852/852/852 856/856/856
f 857/857/857 852/852/852 851/851/851
f 852/852/852 857/857/857 858/858/858
f 851/851/851 853/853/853 859/859/859
f 859/859/859 853/853/853 860/860/860
f 858/858/858 857/857/857 861/861/861
f 858/858/858 861/861/861 862/862/862
f 862/862/862 861/861/861 863/863/863
f 861/861/861 857/857/857 864/864/864
f 857/857/857 865/865/865 864/864/864
f 864/864/864 865/865/865 866/866/866
f 867/867/867 786/786/786 868/868/868
f 867/867/867 868/868/868 869/869/869
f 786/786/786 785/785/785 868/868/868
f 870/870/870 786/786/786 867/867/867
f 870/870/870 871/871/871 786/786/786
f 871/871/871 783/783/783 786/786/786
f 871/871/871 872/872/872 783/783/783
f 791/791/791 783/783/783 872/872/872
f 873/873/873 874/874/874 875/875/875
f 873/873/873 875/875/875 876/876/876
f 874/874/874 877/877/877 875/875/875
f 874/874/874 878/878/878 877/877/877
f 873/873/873 879/879/879 874/874/874
f 873/873/873 880/880/880 879/879/879
f 874/874/874 879/879/879 881/881/881
f 874/874/874 881/881/881 878/878/878
f 878/878/878 881/881/881 882/882/882
f 878/878/878 882/882/882 883/883/883
f 883/883/883 882/882/882 884/884/884
f 883/883/883 884/884/884 885/885/885
f 883/883/883 885/885/885 886/886/886
f 883/883/883 886/886/886 887/887/887
f 888/888/888 889/889/889 890/890/890
f 888/888/888 890/890/890 891/891/891
f 892/892/892 893/893/893 894/894/894
f 894/894/894 893/893/893 895/895/895
f 893/893/893 892/892/892 896/896/896
f 896/896/896 892/892/892 897/897/897
f 898/898/898 899/899/899 900/900/900
f 900/900/900 899/899/899 901/901/901
f 899/899/899 898/898/898 902/902/902
f 902/902/902 898/898/898 903/903/903
f 904/904/904 905/905/905 906/906/906
f 904/904/904 906/906/906 907/907/907
f 908/908/908 909/909/909 910/910/910
f 911/911/911 909/909/909 908/908/908
f 912/912/912 909/909/909 911/911/911
f 909/909/909 912/912/912 913/913/913
f 909/909/909 913/913/913 914/914/914
f 915/915/915 914/914/914 913/913/913
f 915/915/915 916/916/916 914/914/914
f 914/914/914 916/916/916 917/917/917
f 917/917/917 916/916/916 918/918/918
f 916/916/916 915/915/915 919/919/919
f 919/919/919 915/915/915 920/920/920
f 920/920/920 915/915/915 921/921/921
f 913/913/913 912/912/912 922/922/922
f 922/922/922 912/912/912 923/923/923
f 914/914/914 924/924/924 909/909/909
f 914/914/914 925/925/925 924/924/924
f 913/913/913 926/926/926 915/915/915
f 913/913/913 927/927/927 926/926/926
f 928/928/928 929/929/929 930/930/930
f 928/928/928 930/930/930 931/931/931
f 932/932/932 928/928/928 931/931/931
f 929/929/929 933/933/933 930/930/930
f 929/929/929 934/934/934 933/933/933
f 932/932/932 931/931/931 935/935/935
f 936/936/936 932/932/932 935/935/935
f 936/936/936 935/935/935 937/937/937
f 932/932/932 938/938/938 928/928/928
f 932/932/932 939/939/939 938/938/938
f 936/936/936 939/939/939 932/932/932
f 936/936/936 940/940/940 939/939/939
f 928/928/928 938/938/938 941/941/941
f 928/928/928 941/941/941 929/929/929
f 942/942/942 929/929/929 941/941/941
f 929/929/929 942/942/942 934/934/934
f 934/934/934 942/942/942 943/943/943
f 944/944/944 945/945/945 946/946/946
f 944/944/944 946/946/946 947/947/947
f 945/945/945 948/948/948 946/946/946
f 945/945/945 949/949/949 948/948/948
f 944/944/944 950/950/950 945/945/945
f 944/944/944 951/951/951 950/950/950
f 945/945/945 950/950/950 952/952/952
f 945/945/945 952/952/952 949/949/949
f 949/949/949 952/952/952 953/953/953
f 949/949/949 953/953/953 954/954/954
f 953/953/953 955/955/955 954/954/954
f 954/954/954 955/955/955 956/956/956
f 953/953/953 957/957/957 955/955/955
f 954/954/954 956/956/956 958/958/958
f 959/959/959 960/960/960 961/961/961
f 959/959/959 961/961/961 962/962/962
f 960/960/960 963/963/963 961/961/961
f 960/960/960 964/964/964 963/963/963
f 964/964/964 965/965/965 963/963/963
f 964/964/964 966/966/966 965/965/965
f 966/966/966 967/967/967 965/965/965
f 966/966/966 968/968/968 967/967/967
f 960/960/960 969/969/969 964/964/964
f 964/964/964 969/969/969 970/970/970
f 964/964/964 970/970/970 971/971/971
f 964/964/964 971/971/971 966/966/966
f 966/966/966 971/971/971 972/972/972
f 966/966/966 972/972/972 968/968/968
f 969/969/969 960/960/960 973/973/973
f 974/974/974 973/973/973 960/960/960
f 974/974/974 960/960/960 959/959/959
f 975/975/975 976/976/976 977/977/977
f 975/975/975 977/977/977 978/978/978
f 979/979/979 980/980/980 981/981/981
f 979/979/979 981/981/981 982/982/982
f 983/983/983 984/984/984 985/985/985
f 983/983/983 985/985/985 986/986/986
f 987/987/987 988/988/988 989/989/989
f 987/987/987 989/989/989 990/990/990
f 991/991/991 992/992/992 993/993/993
f 991/991/991 993/993/993 994/994/994
f 995/995/995 996/996/996 997/997/997
f 995/995/995 997/997/997 998/998/998
f 999/999/999 1000/1000/1000 1001/1001/1001
f 999/999/999 1001/1001/1001 1002/1002/1002
f 1003/1003/1003 1004/1004/1004 1005/1005/1005
f 1003/1003/1003 1005/1005/1005 1006/1006/1006
f 1007/1007/1007 1008/1008/1008 1009/1009/1009
f 1007/1007/1007 1009/1009/1009 1010/1010/1010
f 1011/1011/1011 1012/1012/1012 1013/1013/1013
f 1011/1011/1011 1013/1013/1013 1014/1014/1014
f 1015/1015/1015 1016/1016/1016 1017/1017/1017
f 1015/1015/1015 1017/1017/1017 1018/1018/1018
f 1019/1019/1019 1020/1020/1020 1021/1021/1021
f 1019/1019/1019 1021/1021/1021 1022/1022/1022
f 1023/1023/1023 1020/1020/1020 1019/1019/1019
f 1023/1023/1023 1024/1024/1024 1020/1020/1020
f 1025/1025/1025 1022/1022/1022 1021/1021/1021
f 1025/1025/1025 1026/1026/1026 1022/1022/1022
f 1026/1026/1026 1025/1025/1025 1027/1027/1027
f 1026/1026/1026 1027/1027/1027 1028/1028/1028
f 1029/1029/1029 1030/1030/1030 1031/1031/1031
f 1032/1032/1032 1031/1031/1031 1030/1030/1030
f 1029/1029/1029 1031/1031/1031 1033/1033/1033
f 1034/1034/1034 1029/1029/1029 1033/1033/1033
f 1034/1034/1034 1033/1033/1033 1035/1035/1035
f 1032/1032/1032 1030/1030/1030 1036/1036/1036
f 1032/1032/1032 1036/1036/1036 1037/1037/1037
f 1032/1032/1032 1037/1037/1037 1038/1038/1038
f 1039/1039/1039 1040/1040/1040 1041/1041/1041
f 1039/1039/1039 1041/1041/1041 1042/1042/1042
f 1043/1043/1043 1040/1040/1040 1039/1039/1039
f 1043/1043/1043 1044/1044/1044 1040/1040/1040
f 1045/1045/1045 1042/1042/1042 1041/1041/1041
f 1045/1045/1045 1046/1046/1046 1042/1042/1042
f 1046/1046/1046 1045/1045/1045 1047/1047/1047
f 1046/1046/1046 1047/1047/1047 1048/1048/1048
f 1049/1049/1049 1050/1050/1050 1051/1051/1051
f 1049/1049/1049 1051/1051/1051 1052/1052/1052
f 1053/1053/1053 1050/1050/1050 1049/1049/1049
f 1053/1053/1053 1054/1054/1054 1050/1050/1050
f 1055/1055/1055 1052/1052/1052 1051/1051/1051
f 1055/1055/1055 1056/1056/1056 1052/1052/1052
f 1055/1055/1055 1057/1057/1057 1056/1056/1056
f 1055/1055/1055 1058/1058/1058 1057/1057/1057
f 1059/1059/1059 1060/1060/1060 1061/1061/1061
f 1059/1059/1059 1061/1061/1061 1062/1062/1062
f 1062/1062/1062 1061/1061/1061 1063/1063/1063
f 1062/1062/1062 1063/1063/1063 1064/1064/1064
f 1065/1065/1065 1060/1060/1060 1059/1059/1059
f 1065/1065/1065 1066/1066/1066 1060/1060/1060
f 1067/1067/1067 1066/1066/1066 1065/1065/1065
f 1067/1067/1067 1068/1068/1068 1066/1066/1066
f 1069/1069/1069 1070/1070/1070 1071/1071/1071
f 1069/1069/1069 1071/1071/1071 1072/1072/1072
f 1072/1072/1072 1071/1071/1071 1073/1073/1073
f 1072/1072/1072 1073/1073/1073 1074/1074/1074
f 1074/1074/1074 1073/1073/1073 1075/1075/1075
f 1074/1074/1074 1075/1075/1075 1076/1076/1076
f 1077/1077/1077 1078/1078/1078 1079/1079/1079
f 1077/1077/1077 1079/1079/1079 1080/1080/1080
f 1080/1080/1080 1079/1079/1079 1081/1081/1081
f 1080/1080/1080 1081/1081/1081 1082/1082/1082
f 1083/1083/1083 1084/1084/1084 1085/1085/1085
f 1083/1083/1083 1085/1085/1085 1086/1086/1086
f 1086/1086/1086 1085/1085/1085 1087/1087/1087
f 1086/1086/1086 1087/1087/1087 1088/1088/1088
f 1088/1088/1088 1087/1087/1087 1089/1089/1089
f 1088/1088/1088 1089/1089/1089 1090/1090/1090
f 1091/1091/1091 1092/1092/1092 1093/1093/1093
f 1094/1094/1094 1091/1091/1091 1093/1093/1093
f 1095/1095/1095 1091/1091/1091 1094/1094/1094
f 1091/1091/1091 1095/1095/1095 1096/1096/1096
f 1093/1093/1093 1092/1092/1092 1097/1097/1097
f 1097/1097/1097 1092/1092/1092 1098/1098/1098
f 1098/1098/1098 1092/1092/1092 1099/1099/1099
f 1092/1092/1092 1091/1091/1091 1100/1100/1100
f 1092/1092/1092 1100/1100/1100 1101/1101/1101
f 1100/1100/1100 1091/1091/1091 1102/1102/1102
f 1103/1103/1103 1104/1104/1104 1105/1105/1105
f 1103/1103/1103 1105/1105/1105 1106/1106/1106
f 1105/1105/1105 1104/1104/1104 1107/1107/1107
f 1108/1108/1108 1104/1104/1104 1103/1103/1103
f 1108/1108/1108 1103/1103/1103 1109/1109/1109
f 1110/1110/1110 1104/1104/1104 1108/1108/1108
f 1104/1104/1104 1110/1110/1110 1111/1111/1111
f 1111/1111/1111 1110/1110/1110 1112/1112/1112
f 1112/1112/1112 1110/1110/1110 1113/1113/1113
f 1110/1110/1110 1108/1108/1108 1114/1114/1114
f 1115/1115/1115 1116/1116/1116 1117/1117/1117
f 1115/1115/1115 1117/1117/1117 1118/1118/1118
f 1117/1117/1117 1116/1116/1116 1119/1119/1119
f 1120/1120/1120 1116/1116/1116 1115/1115/1115
f 1120/1120/1120 1115/1115/1115 1121/1121/1121
f 1122/1122/1122 1116/1116/1116 1120/1120/1120
f 1122/1122/1122 1120/1120/1120 1123/1123/1123
f 1124/1124/1124 1116/1116/1116 1122/1122/1122
f 1125/1125/1125 1116/1116/1116 1124/1124/1124
f 1116/1116/1116 1125/1125/1125 1126/1126/1126
f 1127/1127/1127 1128/1128/1128 1129/1129/1129
f 1128/1128/1128 1127/1127/1127 1130/1130/1130
f 1130/1130/1130 1127/1127/1127 1131/1131/1131
f 1131/1131/1131 1127/1127/1127 1132/1132/1132
f 1127/1127/1127 1129/1129/1129 1133/1133/1133
f 1127/1127/1127 1133/1133/1133 1134/1134/1134
f 1133/1133/1133 1129/1129/1129 1135/1135/1135
f 1129/1129/1129 1128/1128/1128 1136/1136/1136
f 1129/1129/1129 1136/1136/1136 1137/1137/1137
f 1136/1136/1136 1128/1128/1128 1138/1138/1138
f 1139/1139/1139 1140/1140/1140 1141/1141/1141
f 1139/1139/1139 1141/1141/1141 1142/1142/1142
f 1143/1143/1143 1139/1139/1139 1142/1142/1142
f 1143/1143/1143 1142/1142/1142 1144/1144/1144
f 1140/1140/1140 1145/1145/1145 1141/1141/1141
f 1140/1140/1140 1146/1146/1146 1145/1145/1145
f 1147/1147/1147 1148/1148/1148 1149/1149/1149
f 1147/1147/1147 1149/1149/1149 1150/1150/1150
f 1151/1151/1151 1147/1147/1147 1150/1150/1150
f 1151/1151/1151 1150/1150/1150 1152/1152/1152
f 1153/1153/1153 1151/1151/1151 1152/1152/1152
f 1153/1153/1153 1152/1152/1152 1154/1154/1154
f 1148/1148/1148 1155/1155/1155 1149/1149/1149
f 1148/1148/1148 1156/1156/1156 1155/1155/1155
f 1157/1157/1157 1158/1158/1158 1159/1159/1159
f 1157/1157/1157 1159/1159/1159 1160/1160/1160
f 1158/1158/1158 1161/1161/1161 1159/1159/1159
f 1158/1158/1158 1162/1162/1162 1161/1161/1161
f 1162/1162/1162 1163/1163/1163 1161/1161/1161
f 1162/1162/1162 1164/1164/1164 1163/1163/1163
f 1165/1165/1165 1166/1166/1166 1167/1167/1167
f 1165/1165/1165 1167/1167/1167 1168/1168/1168
f 1166/1166/1166 1169/1169/1169 1167/1167/1167
f 1166/1166/1166 1170/1170/1170 1169/1169/1169
f 1171/1171/1171 1172/1172/1172 1173/1173/1173
f 1174/1174/1174 1172/1172/1172 1171/1171/1171
f 1175/1175/1175 1172/1172/1172 1174/1174/1174
f 1172/1172/1172 1175/1175/1175 1176/1176/1176
f 1177/1177/1177 1172/1172/1172 1176/1176/1176
f 1172/1172/1172 1177/1177/1177 1178/1178/1178
f 1177/1177/1177 1179/1179/1179 1178/1178/1178
f 1180/1180/1180 1178/1178/1178 1179/1179/1179
f 1178/1178/1178 1180/1180/1180 1181/1181/1181
f 1179/1179/1179 1177/1177/1177 1182/1182/1182
f 1182/1182/1182 1177/1177/1177 1183/1183/1183
f 1183/1183/1183 1177/1177/1177 1184/1184/1184
f 1185/1185/1185 1176/1176/1176 1175/1175/1175
f 1176/1176/1176 1185/1185/1185 1186/1186/1186
f 1187/1187/1187 1188/1188/1188 1189/1189/1189
f 1187/1187/1187 1189/1189/1189 1190/1190/1190
f 1191/1191/1191 1187/1187/1187 1190/1190/1190
f 1191/1191/1191 1190/1190/1190 1192/1192/1192
f 1193/1193/1193 1191/1191/1191 1192/1192/1192
f 1193/1193/1193 1192/1192/1192 1194/1194/1194
f 1195/1195/1195 1189/1189/1189 1188/1188/1188
f 1195/1195/1195 1196/1196/1196 1189/1189/1189
f 1197/1197/1197 1196/1196/1196 1195/1195/1195
f 1197/1197/1197 1198/1198/1198 1196/1196/1196
f 1199/1199/1199 1200/1200/1200 1201/1201/1201
f 1199/1199/1199 1201/1201/1201 1202/1202/1202
f 1203/1203/1203 1200/1200/1200 1199/1199/1199
f 1203/1203/1203 1204/1204/1204 1200/1200/1200
f 1203/1203/1203 1205/1205/1205 1204/1204/1204
f 1203/1203/1203 1206/1206/1206 1205/1205/1205
f 1206/1206/1206 1207/1207/1207 1205/1205/1205
f 1206/1206/1206 1208/1208/1208 1207/1207/1207
f 1208/1208/1208 1209/1209/1209 1207/1207/1207
f 1208/1208/1208 1210/1210/1210 1209/1209/1209
f 1211/1211/1211 1212/1212/1212 1213/1213/1213
f 1211/1211/1211 1213/1213/1213 1214/1214/1214
f 1212/1212/1212 1215/1215/1215 1213/1213/1213
f 1212/1212/1212 1216/1216/1216 1215/1215/1215
f 1216/1216/1216 1217/1217/1217 1215/1215/1215
f 1216/1216/1216 1218/1218/1218 1217/1217/1217
f 1219/1219/1219 1220/1220/1220 1221/1221/1221
f 1219/1219/1219 1221/1221/1221 1222/1222/1222
f 1223/1223/1223 1220/1220/1220 1219/1219/1219
f 1223/1223/1223 1224/1224/1224 1220/1220/1220
f 1225/1225/1225 1224/1224/1224 1223/1223/1223
f 1225/1225/1225 1226/1226/1226 1224/1224/1224
f 1227/1227/1227 1228/1228/1228 1229/1229/1229
f 1227/1227/1227 1229/1229/1229 1230/1230/1230
f 1231/1231/1231 1227/1227/1227 1230/1230/1230
f 1232/1232/1232 1228/1228/1228 1227/1227/1227
f 1232/1232/1232 1233/1233/1233 1228/1228/1228
f 1234/1234/1234 1232/1232/1232 1227/1227/1227
f 1234/1234/1234 1227/1227/1227 1231/1231/1231
f 1232/1232/1232 1235/1235/1235 1233/1233/1233
f 1232/1232/1232 1236/1236/1236 1235/1235/1235
f 1234/1234/1234 1236/1236/1236 1232/1232/1232
f 1234/1234/1234 1237/1237/1237 1236/1236/1236
f 1238/1238/1238 1237/1237/1237 1234/1234/1234
f 1238/1238/1238 1234/1234/1234 1239/1239/1239
f 1240/1240/1240 1239/1239/1239 1234/1234/1234
f 1240/1240/1240 1234/1234/1234 1231/1231/1231
f 1241/1241/1241 1240/1240/1240 1231/1231/1231
f 1242/1242/1242 1238/1238/1238 1239/1239/1239
f 1241/1241/1241 1231/1231/1231 1243/1243/1243
f 1231/1231/1231 1230/1230/1230 1243/1243/1243
f 1244/1244/1244 1239/1239/1239 1240/1240/1240
f 1244/1244/1244 1245/1245/1245 1239/1239/1239
f 1242/1242/1242 1239/1239/1239 1245/1245/1245
f 1246/1246/1246 1244/1244/1244 1240/1240/1240
f 1246/1246/1246 1240/1240/1240 1241/1241/1241
f 1247/1247/1247 1237/1237/1237 1238/1238/1238
f 1247/1247/1247 1248/1248/1248 1237/1237/1237
f 1249/1249/1249 1247/1247/1247 1238/1238/1238
f 1249/1249/1249 1238/1238/1238 1242/1242/1242
f 1237/1237/1237 1248/1248/1248 1250/1250/1250
f 1237/1237/1237 1250/1250/1250 1236/1236/1236
f 1236/1236/1236 1250/1250/1250 1251/1251/1251
f 1236/1236/1236 1251/1251/1251 1235/1235/1235
f 1252/1252/1252 1253/1253/1253 1254/1254/1254
f 1252/1252/1252 1254/1254/1254 1255/1255/1255
f 1256/1256/1256 1252/1252/1252 1255/1255/1255
f 1257/1257/1257 1253/1253/1253 1252/1252/1252
f 1257/1257/1257 1258/1258/1258 1253/1253/1253
f 1259/1259/1259 1257/1257/1257 1252/1252/1252
f 1259/1259/1259 1252/1252/1252 1256/1256/1256
f 1257/1257/1257 1260/1260/1260 1258/1258/1258
f 1257/1257/1257 1261/1261/1261 1260/1260/1260
f 1259/1259/1259 1261/1261/1261 1257/1257/1257
f 1259/1259/1259 1262/1262/1262 1261/1261/1261
f 1263/1263/1263 1262/1262/1262 1259/1259/1259
f 1263/1263/1263 1259/1259/1259 1264/1264/1264
f 1265/1265/1265 1264/1264/1264 1259/1259/1259
f 1265/1265/1265 1259/1259/1259 1256/1256/1256
f 1266/1266/1266 1265/1265/1265 1256/1256/1256
f 1267/1267/1267 1263/1263/1263 1264/1264/1264
f 1266/1266/1266 1256/1256/1256 1268/1268/1268
f 1256/1256/1256 1255/1255/1255 1268/1268/1268
f 1269/1269/1269 1264/1264/1264 1265/1265/1265
f 1269/1269/1269 1270/1270/1270 1264/1264/1264
f 1267/1267/1267 1264/1264/1264 1270/1270/1270
f 1271/1271/1271 1269/1269/1269 1265/1265/1265
f 1271/1271/1271 1265/1265/1265 1266/1266/1266
f 1272/1272/1272 1262/1262/1262 1263/1263/1263
f 1272/1272/1272 1273/1273/1273 1262/1262/1262
f 1274/1274/1274 1272/1272/1272 1263/1263/1263
f 1274/1274/1274 1263/1263/1263 1267/1267/1267
f 1262/1262/1262 1273/1273/1273 1275/1275/1275
f 1262/1262/1262 1275/1275/1275 1261/1261/1261
f 1261/1261/1261 1275/1275/1275 1276/1276/1276
f 1261/1261/1261 1276/1276/1276 1260/1260/1260
f 1277/1277/1277 1278/1278/1278 1279/1279/1279
f 1277/1277/1277 1279/1279/1279 1280/1280/1280
f 1281/1281/1281 1277/1277/1277 1280/1280/1280
f 1282/1282/1282 1278/1278/1278 1277/1277/1277
f 1282/1282/1282 1283/1283/1283 1278/1278/1278
f 1284/1284/1284 1282/1282/1282 1277/1277/1277
f 1284/1284/1284 1277/1277/1277 1281/1281/1281
f 1282/1282/1282 1285/1285/1285 1283/1283/1283
f 1282/1282/1282 1286/1286/1286 1285/1285/1285
f 1284/1284/1284 1286/1286/1286 1282/1282/1282
f 1284/1284/1284 1287/1287/1287 1286/1286/1286
f 1288/1288/1288 1287/1287/1287 1284/1284/1284
f 1288/1288/1288 1284/1284/1284 1289/1289/1289
f 1290/1290/1290 1289/1289/1289 1284/1284/1284
f 1290/1290/1290 1284/1284/1284 1281/1281/1281
f 1291/1291/1291 1290/1290/1290 1281/1281/1281
f 1292/1292/1292 1288/1288/1288 1289/1289/1289
f 1291/1291/1291 1281/1281/1281 1293/1293/1293
f 1281/1281/1281 1280/1280/1280 1293/1293/1293
f 1294/1294/1294 1289/1289/1289 1290/1290/1290
f 1294/1294/1294 1295/1295/1295 1289/1289/1289
f 1292/1292/1292 1289/1289/1289 1295/1295/1295
f 1296/1296/1296 1294/1294/1294 1290/1290/1290
f 1296/1296/1296 1290/1290/1290 1291/1291/1291
f 1297/1297/1297 1287/1287/1287 1288/1288/1288
f 1297/1297/1297 1298/1298/1298 1287/1287/1287
f 1299/1299/1299 1297/1297/1297 1288/1288/1288
f 1299/1299/1299 1288/1288/1288 1292/1292/1292
f 1287/1287/1287 1298/1298/1298 1300/1300/1300
f 1287/1287/1287 1300/1300/1300 1286/1286/1286
f 1286/1286/1286 1300/1300/1300 1301/1301/1301
f 1286/1286/1286 1301/1301/1301 1285/1285/1285
f 1302/1302/1302 1303/1303/1303 1304/1304/1304
f 1302/1302/1302 1304/1304/1304 1305/1305/1305
f 1306/1306/1306 1302/1302/1302 1305/1305/1305
f 1307/1307/1307 1303/1303/1303 1302/1302/1302
f 1307/1307/1307 1308/1308/1308 1303/1303/1303
f 1309/1309/1309 1307/1307/1307 1302/1302/1302
f 1309/1309/1309 1302/1302/1302 1306/1306/1306
f 1307/1307/1307 1310/1310/1310 1308/1308/1308
f 1307/1307/1307 1311/1311/1311 1310/1310/1310
f 1309/1309/1309 1311/1311/1311 1307/1307/1307
f 1309/1309/1309 1312/1312/1312 1311/1311/1311
f 1313/1313/1313 1312/1312/1312 1309/1309/1309
f 1313/1313/1313 1309/1309/1309 1314/1314/1314
f 1315/1315/1315 1314/1314/1314 1309/1309/1309
f 1315/1315/1315 1309/1309/1309 1306/1306/1306
f 1316/1316/1316 1315/1315/1315 1306/1306/1306
f 1317/1317/1317 1313/1313/1313 1314/1314/1314
f 1316/1316/1316 1306/1306/1306 1318/1318/1318
f 1306/1306/1306 1305/1305/1305 1318/1318/1318
f 1319/1319/1319 1314/1314/1314 1315/1315/1315
f 1319/1319/1319 1320/1320/1320 1314/1314/1314
f 1317/1317/1317 1314/1314/1314 1320/1320/1320
f 1321/1321/1321 1319/1319/1319 1315/1315/1315
f 1321/1321/1321 1315/1315/1315 1316/1316/1316
f 1322/1322/1322 1312/1312/1312 1313/1313/1313
f 1322/1322/1322 1323/1323/1323 1312/1312/1312
f 1324/1324/1324 1322/1322/1322 1313/1313/1313
f 1324/1324/1324 1313/1313/1313 1317/1317/1317
f 1312/1312/1312 1323/1323/1323 1325/1325/1325
f 1312/1312/1312 1325/1325/1325 1311/1311/1311
f 1311/1311/1311 1325/1325/1325 1326/1326/1326
f 1311/1311/1311 1326/1326/1326 1310/1310/1310
f 1327/1327/1327 1328/1328/1328 1329/1329/1329
f 1327/1327/1327 1329/1329/1329 1330/1330/1330
f 1331/1331/1331 1327/1327/1327 1330/1330/1330
f 1332/1332/1332 1328/1328/1328 1327/1327/1327
f 1332/1332/1332 1333/1333/1333 1328/1328/1328
f 1332/1332/1332 1334/1334/1334 1333/1333/1333
f 1332/1332/1332 1335/1335/1335 1334/1334/1334
f 1335/1335/1335 1336/1336/1336 1334/1334/1334
f 1335/1335/1335 1337/1337/1337 1336/1336/1336
f 1338/1338/1338 1337/1337/1337 1335/1335/1335
f 1338/1338/1338 1339/1339/1339 1337/1337/1337
f 1340/1340/1340 1339/1339/1339 1338/1338/1338
f 1340/1340/1340 1338/1338/1338 1341/1341/1341
f 1342/1342/1342 1340/1340/1340 1341/1341/1341
f 1342/1342/1342 1341/1341/1341 1343/1343/1343
f 1343/1343/1343 1341/1341/1341 1344/1344/1344
f 1343/1343/1343 1344/1344/1344 1345/1345/1345
f 1346/1346/1346 1345/1345/1345 1344/1344/1344
f 1346/1346/1346 1344/1344/1344 1347/1347/1347
f 1348/1348/1348 1346/1346/1346 1347/1347/1347
f 1348/1348/1348 1347/1347/1347 1349/1349/1349
f 1349/1349/1349 1347/1347/1347 1331/1331/1331
f 1349/1349/1349 1331/1331/1331 1350/1350/1350
f 1331/1331/1331 1330/1330/1330 1350/1350/1350
f 1351/1351/1351 1352/1352/1352 1353/1353/1353
f 1351/1351/1351 1353/1353/1353 1354/1354/1354
f 1355/1355/1355 1351/1351/1351 1354/1354/1354
f 1356/1356/1356 1352/1352/1352 1351/1351/1351
f 1356/1356/1356 1357/1357/1357 1352/1352/1352
f 1358/1358/1358 1356/1356/1356 1351/1351/1351
f 1358/1358/1358 1351/1351/1351 1355/1355/1355
f 1356/1356/1356 1359/1359/1359 1357/1357/1357
f 1356/1356/1356 1360/1360/1360 1359/1359/1359
f 1358/1358/1358 1360/1360/1360 1356/1356/1356
f 1358/1358/1358 1361/1361/1361 1360/1360/1360
f 1362/1362/1362 1361/1361/1361 1358/1358/1358
f 1362/1362/1362 1358/1358/1358 1363/1363/1363
f 1364/1364/1364 1363/1363/1363 1358/1358/1358
f 1364/1364/1364 1358/1358/1358 1355/1355/1355
f 1365/1365/1365 1364/1364/1364 1355/1355/1355
f 1366/1366/1366 1362/1362/1362 1363/1363/1363
f 1365/1365/1365 1355/1355/1355 1367/1367/1367
f 1355/1355/1355 1354/1354/1354 1367/1367/1367
f 1368/1368/1368 1363/1363/1363 1364/1364/1364
f 1368/1368/1368 1369/1369/1369 1363/1363/1363
f 1366/1366/1366 1363/1363/1363 1369/1369/1369
f 1370/1370/1370 1368/1368/1368 1364/1364/1364
f 1370/1370/1370 1364/1364/1364 1365/1365/1365
f 1371/1371/1371 1361/1361/1361 1362/1362/1362
f 1371/1371/1371 1372/1372/1372 1361/1361/1361
f 1373/1373/1373 1371/1371/1371 1362/1362/1362
f 1373/1373/1373 1362/1362/1362 1366/1366/1366
f 1361/1361/1361 1372/1372/1372 1374/1374/1374
f 1361/1361/1361 1374/1374/1374 1360/1360/1360
f 1360/1360/1360 1374/1374/1374 1375/1375/1375
f 1360/1360/1360 1375/1375/1375 1359/1359/1359
f 1376/1376/1376 1377/1377/1377 1378/1378/1378
f 1376/1376/1376 1378/1378/1378 1379/1379/1379
f 1376/1376/1376 1380/1380/1380 1377/1377/1377
f 1376/1376/1376 1381/1381/1381 1380/1380/1380
f 1382/1382/1382 1383/1383/1383 1384/1384/1384
f 1382/1382/1382 1384/1384/1384 1385/1385/1385
f 1382/1382/1382 1385/1385/1385 1386/1386/1386
f 1382/1382/1382 1386/1386/1386 1387/1387/1387
f 1388/1388/1388 1389/1389/1389 1390/1390/1390
f 1388/1388/1388 1390/1390/1390 1391/1391/1391
f 1388/1388/1388 1391/1391/1391 1392/1392/1392
f 1388/1388/1388 1392/1392/1392 1393/1393/1393
f 1394/1394/1394 1395/1395/1395 1396/1396/1396
f 1394/1394/1394 1396/1396/1396 1397/1397/1397
f 1394/1394/1394 1398/1398/1398 1395/1395/1395
f 1394/1394/1394 1399/1399/1399 1398/1398/1398
f 1400/1400/1400 1401/1401/1401 1402/1402/1402
f 1402/1402/1402 1401/1401/1401 1403/1403/1403
f 1400/1400/1400 1402/1402/1402 1404/1404/1404
f 1405/1405/1405 1404/1404/1404 1402/1402/1402
f 1405/1405/1405 1402/1402/1402 1406/1406/1406
f 1402/1402/1402 1403/1403/1403 1407/1407/1407
f 1402/1402/1402 1407/1407/1407 1408/1408/1408
f 1402/1402/1402 1408/1408/1408 1406/1406/1406
f 1409/1409/1409 1410/1410/1410 1411/1411/1411
f 1409/1409/1409 1411/1411/1411 1412/1412/1412
f 1413/1413/1413 1411/1411/1411 1410/1410/1410
f 1414/1414/1414 1411/1411/1411 1413/1413/1413
f 1411/1411/1411 1414/1414/1414 1415/1415/1415
f 1416/1416/1416 1410/1410/1410 1409/1409/1409
f 1416/1416/1416 1409/1409/1409 1417/1417/1417
f 1410/1410/1410 1416/1416/1416 1418/1418/1418
f 1418/1418/1418 1416/1416/1416 1419/1419/1419
f 1419/1419/1419 1416/1416/1416 1420/1420/1420
f 1421/1421/1421 1422/1422/1422 1423/1423/1423
f 1421/1421/1421 1423/1423/1423 1424/1424/1424
f 1424/1424/1424 1423/1423/1423 1425/1425/1425
f 1425/1425/1425 1423/1423/1423 1426/1426/1426
f 1427/1427/1427 1423/1423/1423 1422/1422/1422
f 1428/1428/1428 1423/1423/1423 1427/1427/1427
f 1423/1423/1423 1428/1428/1428 1429/1429/1429
f 1422/1422/1422 1421/1421/1421 1430/1430/1430
f 1422/1422/1422 1430/1430/1430 1431/1431/1431
f 1430/1430/1430 1421/1421/1421 1432/1432/1432
f 1433/1433/1433 1434/1434/1434 1435/1435/1435
f 1433/1433/1433 1435/1435/1435 1436/1436/1436
f 1436/1436/1436 1435/1435/1435 1437/1437/1437
f 1436/1436/1436 1437/1437/1437 1438/1438/1438
f 1438/1438/1438 1437/1437/1437 1439/1439/1439
f 1438/1438/1438 1439/1439/1439 1440/1440/1440
f 1440/1440/1440 1439/1439/1439 1441/1441/1441
f 1440/1440/1440 1441/1441/1441 1442/1442/1442
f 1443/1443/1443 1444/1444/1444 1445/1445/1445
f 1443/1443/1443 1445/1445/1445 1446/1446/1446
f 1446/1446/1446 1445/1445/1445 1447/1447/1447
f 1446/1446/1446 1447/1447/1447 1448/1448/1448
f 1449/1449/1449 1450/1450/1450 1451/1451/1451
f 1449/1449/1449 1451/1451/1451 1452/1452/1452
f 1452/1452/1452 1451/1451/1451 1453/1453/1453
f 1452/1452/1452 1453/1453/1453 1454/1454/1454
f 1454/1454/1454 1453/1453/1453 1455/1455/1455
f 1454/1454/1454 1455/1455/1455 1456/1456/1456
f 1457/1457/1457 1458/1458/1458 1459/1459/1459
f 1457/1457/1457 1459/1459/1459 1460/1460/1460
f 1460/1460/1460 1459/1459/1459 1461/1461/1461
f 1460/1460/1460 1461/1461/1461 1462/1462/1462
f 1462/1462/1462 1461/1461/1461 1463/1463/1463
f 1462/1462/1462 1463/1463/1463 1464/1464/1464
f 1465/1465/1465 1466/1466/1466 1467/1467/1467
f 1465/1465/1465 1467/1467/1467 1468/1468/1468
f 1469/1469/1469 1467/1467/1467 1466/1466/1466
f 1470/1470/1470 1467/1467/1467 1469/1469/1469
f 1467/1467/1467 1470/1470/1470 1471/1471/1471
f 1472/1472/1472 1466/1466/1466 1465/1465/1465
f 1472/1472/1472 1465/1465/1465 1473/1473/1473
f 1466/1466/1466 1472/1472/1472 1474/1474/1474
f 1474/1474/1474 1472/1472/1472 1475/1475/1475
f 1475/1475/1475 1472/1472/1472 1476/1476/1476
f 1477/1477/1477 1478/1478/1478 1479/1479/1479
f 1477/1477/1477 1479/1479/1479 1480/1480/1480
f 1480/1480/1480 1479/1479/1479 1481/1481/1481
f 1481/1481/1481 1479/1479/1479 1482/1482/1482
f 1479/1479/1479 1478/1478/1478 1483/1483/1483
f 1483/1483/1483 1478/1478/1478 1484/1484/1484
f 1484/1484/1484 1478/1478/1478 1485/1485/1485
f 1478/1478/1478 1477/1477/1477 1486/1486/1486
f 1478/1478/1478 1486/1486/1486 1487/1487/1487
f 1486/1486/1486 1477/1477/1477 1488/1488/1488
f 1489/1489/1489 1490/1490/1490 1491/1491/1491
f 1489/1489/1489 1491/1491/1491 1492/1492/1492
f 1492/1492/1492 1491/1491/1491 1493/1493/1493
f 1494/1494/1494 1490/1490/1490 1489/1489/1489
f 1494/1494/1494 1495/1495/1495 1490/1490/1490
f 1492/1492/1492 1493/1493/1493 1496/1496/1496
f 1496/1496/1496 1493/1493/1493 1497/1497/1497
f 1496/1496/1496 1497/1497/1497 1498/1498/1498
f 1499/1499/1499 1500/1500/1500 1501/1501/1501
f 1499/1499/1499 1501/1501/1501 1502/1502/1502
f 1503/1503/1503 1500/1500/1500 1499/1499/1499
f 1503/1503/1503 1504/1504/1504 1500/1500/1500
f 1505/1505/1505 1504/1504/1504 1503/1503/1503
f 1505/1505/1505 1506/1506/1506 1504/1504/1504
f 1507/1507/1507 1506/1506/1506 1505/1505/1505
f 1507/1507/1507 1508/1508/1508 1506/1506/1506
f 1509/1509/1509 1508/1508/1508 1507/1507/1507
f 1509/1509/1509 1510/1510/1510 1508/1508/1508
f 1511/1511/1511 1512/1512/1512 1513/1513/1513
f 1511/1511/1511 1513/1513/1513 1514/1514/1514
f 1514/1514/1514 1513/1513/1513 1515/1515/1515
f 1516/1516/1516 1512/1512/1512 1511/1511/1511
f 1516/1516/1516 1517/1517/1517 1512/1512/1512
f 1514/1514/1514 1515/1515/1515 1518/1518/1518
f 1519/1519/1519 1520/1520/1520 1521/1521/1521
f 1519/1519/1519 1521/1521/1521 1522/1522/1522
f 1523/1523/1523 1521/1521/1521 1520/1520/1520
f 1523/1523/1523 1524/1524/1524 1521/1521/1521
f 1523/1523/1523 1525/1525/1525 1524/1524/1524
f 1523/1523/1523 1526/1526/1526 1525/1525/1525
f 1526/1526/1526 1527/1527/1527 1525/1525/1525
f 1526/1526/1526 1528/1528/1528 1527/1527/1527
f 1527/1527/1527 1528/1528/1528 1529/1529/1529
f 1527/1527/1527 1529/1529/1529 1530/1530/1530
f 1529/1529/1529 1531/1531/1531 1530/1530/1530
f 1529/1529/1529 1532/1532/1532 1531/1531/1531
f 1531/1531/1531 1532/1532/1532 1533/1533/1533
f 1531/1531/1531 1533/1533/1533 1534/1534/1534
f 1534/1534/1534 1533/1533/1533 1535/1535/1535
f 1534/1534/1534 1535/1535/1535 1536/1536/1536
f 1535/1535/1535 1537/1537/1537 1536/1536/1536
f 1535/1535/1535 1538/1538/1538 1537/1537/1537
f 1539/1539/1539 1540/1540/1540 1541/1541/1541
f 1542/1542/1542 1540/1540/1540 1539/1539/1539
f 1539/1539/1539 1541/1541/1541 1543/1543/1543
f 1542/1542/1542 1539/1539/1539 1544/1544/1544
f 1542/1542/1542 1544/1544/1544 1545/1545/1545
f 1542/1542/1542 1545/1545/1545 1546/1546/1546
f 1546/1546/1546 1545/1545/1545 1547/1547/1547
f 1546/1546/1546 1547/1547/1547 1548/1548/1548
f 1549/1549/1549 1548/1548/1548 1547/1547/1547
f 1549/1549/1549 1547/1547/1547 1550/1550/1550
f 1549/1549/1549 1550/1550/1550 1551/1551/1551
f 1549/1549/1549 1551/1551/1551 1552/1552/1552
f 1553/1553/1553 1552/1552/1552 1551/1551/1551
f 1553/1553/1553 1551/1551/1551 1554/1554/1554
f 1555/1555/1555 1553/1553/1553 1554/1554/1554
f 1555/1555/1555 1554/1554/1554 1556/1556/1556
f 1555/1555/1555 1556/1556/1556 1557/1557/1557
f 1555/1555/1555 1557/1557/1557 1558/1558/1558
f 1559/1559/1559 1560/1560/1560 1561/1561/1561
f 1559/1559/1559 1561/1561/1561 1562/1562/1562
f 1562/1562/1562 1561/1561/1561 1563/1563/1563
f 1562/1562/1562 1563/1563/1563 1564/1564/1564
f 1564/1564/1564 1563/1563/1563 1565/1565/1565
f 1564/1564/1564 1565/1565/1565 1566/1566/1566
f 1567/1567/1567 1568/1568/1568 1569/1569/1569
f 1570/1570/1570 1568/1568/1568 1567/1567/1567
f 1567/1567/1567 1569/1569/1569 1571/1571/1571
f 1572/1572/1572 1571/1571/1571 1569/1569/1569
f 1570/1570/1570 1567/1567/1567 1573/1573/1573
f 1572/1572/1572 1569/1569/1569 1574/1574/1574
f 1575/1575/1575 1572/1572/1572 1574/1574/1574
f 1575/1575/1575 1574/1574/1574 1576/1576/1576
f 1577/1577/1577 1578/1578/1578 1579/1579/1579
f 1577/1577/1577 1579/1579/1579 1580/1580/1580
f 1580/1580/1580 1579/1579/1579 1581/1581/1581
f 1580/1580/1580 1581/1581/1581 1582/1582/1582
f 1583/1583/1583 1578/1578/1578 1577/1577/1577
f 1583/1583/1583 1584/1584/1584 1578/1578/1578
f 1585/1585/1585 1586/1586/1586 1587/1587/1587
f 1585/1585/1585 1587/1587/1587 1588/1588/1588
f 1588/1588/1588 1589/1589/1589 1585/1585/1585
f 1588/1588/1588 1590/1590/1590 1589/1589/1589
f 1590/1590/1590 1591/1591/1591 1589/1589/1589
f 1590/1590/1590 1592/1592/1592 1591/1591/1591
f 1593/1593/1593 1591/1591/1591 1592/1592/1592
f 1593/1593/1593 1592/1592/1592 1594/1594/1594
f 1594/1594/1594 1595/1595/1595 1593/1593/1593
f 1594/1594/1594 1596/1596/1596 1595/1595/1595
f 1597/1597/1597 1598/1598/1598 1599/1599/1599
f 1597/1597/1597 1599/1599/1599 1600/1600/1600
f 1601/1601/1601 1602/1602/1602 1603/1603/1603
f 1601/1601/1601 1603/1603/1603 1604/1604/1604
f 1604/1604/1604 1603/1603/1603 1605/1605/1605
f 1604/1604/1604 1605/1605/1605 1606/1606/1606
f 1607/1607/1607 1602/1602/1602 1601/1601/1601
f 1607/1607/1607 1608/1608/1608 1602/1602/1602
f 1609/1609/1609 1610/1610/1610 1611/1611/1611
f 1609/1609/1609 1611/1611/1611 1612/1612/1612
f 1613/1613/1613 1614/1614/1614 1615/1615/1615
f 1613/1613/1613 1615/1615/1615 1616/1616/1616
f 1616/1616/1616 1615/1615/1615 1617/1617/1617
f 1618/1618/1618 1614/1614/1614 1613/1613/1613
f 1618/1618/1618 1619/1619/1619 1614/1614/1614
f 1616/1616/1616 1617/1617/1617 1620/1620/1620
f 1621/1621/1621 1622/1622/1622 1623/1623/1623
f 1621/1621/1621 1623/1623/1623 1624/1624/1624
f 1625/1625/1625 1626/1626/1626 1627/1627/1627
f 1625/1625/1625 1627/1627/1627 1628/1628/1628
f 1628/1628/1628 1627/1627/1627 1629/1629/1629
f 1628/1628/1628 1629/1629/1629 1630/1630/1630
f 1631/1631/1631 1632/1632/1632 1633/1633/1633
f 1631/1631/1631 1633/1633/1633 1634/1634/1634
f 1635/1635/1635 1632/1632/1632 1631/1631/1631
f 1635/1635/1635 1636/1636/1636 1632/1632/1632
f 1637/1637/1637 1638/1638/1638 1639/1639/1639
f 1637/1637/1637 1639/1639/1639 1640/1640/1640
f 1640/1640/1640 1641/1641/1641 1637/1637/1637
f 1640/1640/1640 1642/1642/1642 1641/1641/1641
f 1642/1642/1642 1643/1643/1643 1641/1641/1641
f 1642/1642/1642 1644/1644/1644 1643/1643/1643
f 1645/1645/1645 1643/1643/1643 1644/1644/1644
f 1645/1645/1645 1644/1644/1644 1646/1646/1646
f 1647/1647/1647 1648/1648/1648 1649/1649/1649
f 1647/1647/1647 1649/1649/1649 1650/1650/1650
f 1651/1651/1651 1652/1652/1652 1653/1653/1653
f 1653/1653/1653 1652/1652/1652 1654/1654/1654
f 1651/1651/1651 1653/1653/1653 1655/1655/1655
f 1651/1651/1651 1655/1655/1655 1656/1656/1656
f 1653/1653/1653 1654/1654/1654 1657/1657/1657
f 1651/1651/1651 1656/1656/1656 1658/1658/1658
f 1658/1658/1658 1656/1656/1656 1659/1659/1659
f 1658/1658/1658 1659/1659/1659 1660/1660/1660
f 1661/1661/1661 1662/1662/1662 1663/1663/1663
f 1661/1661/1661 1663/1663/1663 1664/1664/1664
f 1665/1665/1665 1664/1664/1664 1663/1663/1663
f 1665/1665/1665 1666/1666/1666 1664/1664/1664
f 1667/1667/1667 1666/1666/1666 1665/1665/1665
f 1667/1667/1667 1668/1668/1668 1666/1666/1666
f 1668/1668/1668 1667/1667/1667 1669/1669/1669
f 1668/1668/1668 1669/1669/1669 1670/1670/1670
f 1671/1671/1671 1670/1670/1670 1669/1669/1669
f 1671/1671/1671 1672/1672/1672 1670/1670/1670
f 1673/1673/1673 1674/1674/1674 1675/1675/1675
f 1673/1673/1673 1675/1675/1675 1676/1676/1676
f 1677/1677/1677 1676/1676/1676 1675/1675/1675
f 1677/1677/1677 1678/1678/1678 1676/1676/1676
f 1679/1679/1679 1678/1678/1678 1677/1677/1677
f 1679/1679/1679 1680/1680/1680 1678/1678/1678
f 1680/1680/1680 1679/1679/1679 1681/1681/1681
f 1680/1680/1680 1681/1681/1681 1682/1682/1682
f 1683/1683/1683 1684/1684/1684 1685/1685/1685
f 1683/1683/1683 1685/1685/1685 1686/1686/1686
f 1686/1686/1686 1685/1685/1685 1687/1687/1687
f 1686/1686/1686 1687/1687/1687 1688/1688/1688
f 1689/1689/1689 1688/1688/1688 1687/1687/1687
f 1683/1683/1683 1690/1690/1690 1684/1684/1684
f 1683/1683/1683 1691/1691/1691 1690/1690/1690
f 1692/1692/1692 1690/1690/1690 1691/1691/1691
f 1692/1692/1692 1693/1693/1693 1690/1690/1690
f 1692/1692/1692 1694/1694/1694 1693/1693/1693
f 1692/1692/1692 1695/1695/1695 1694/1694/1694
f 1689/1689/1689 1687/1687/1687 1696/1696/1696
f 1689/1689/1689 1696/1696/1696 1697/1697/1697
f 1689/1689/1689 1697/1697/1697 1698/1698/1698
f 1698/1698/1698 1697/1697/1697 1699/1699/1699
f 1698/1698/1698 1699/1699/1699 1700/1700/1700
f 1701/1701/1701 1700/1700/1700 1699/1699/1699
f 1701/1701/1701 1699/1699/1699 1702/1702/1702
f 1703/1703/1703 1701/1701/1701 1702/1702/1702
f 1703/1703/1703 1702/1702/1702 1704/1704/1704
f 1703/1703/1703 1704/1704/1704 1705/1705/1705
f 1703/1703/1703 1705/1705/1705 1706/1706/1706
f 1707/1707/1707 1706/1706/1706 1705/1705/1705
f 1707/1707/1707 1705/1705/1705 1708/1708/1708
f 1707/1707/1707 1708/1708/1708 1709/1709/1709
f 1707/1707/1707 1709/1709/1709 1710/1710/1710
f 1711/1711/1711 1712/1712/1712 1713/1713/1713
f 1711/1711/1711 1713/1713/1713 1714/1714/1714
f 1715/1715/1715 1716/1716/1716 1717/1717/1717
f 1715/1715/1715 1717/1717/1717 1718/1718/1718
f 1715/1715/1715 1718/1718/1718 1719/1719/1719
f 1720/1720/1720 1717/1717/1717 1716/1716/1716
f 1720/1720/1720 1721/1721/1721 1717/1717/1717
f 1715/1715/1715 1719/1719/1719 1722/1722/1722
f 1722/1722/1722 1719/1719/1719 1723/1723/1723
f 1722/1722/1722 1723/1723/1723 1724/1724/1724
f 1725/1725/1725 1724/1724/1724 1723/1723/1723
f 1725/1725/1725 1723/1723/1723 1726/1726/1726
f 1727/1727/1727 1725/1725/1725 1726/1726/1726
f 1727/1727/1727 1726/1726/1726 1728/1728/1728
f 1727/1727/1727 1728/1728/1728 1729/1729/1729
f 1727/1727/1727 1729/1729/1729 1730/1730/1730
f 1731/1731/1731 1730/1730/1730 1729/1729/1729
f 1731/1731/1731 1729/1729/1729 1732/1732/1732
f 1733/1733/1733 1731/1731/1731 1732/1732/1732
f 1733/1733/1733 1732/1732/1732 1734/1734/1734
f 1733/1733/1733 1734/1734/1734 1735/1735/1735
f 1720/1720/1720 1736/1736/1736 1721/1721/1721
f 1733/1733/1733 1735/1735/1735 1737/1737/1737
f 1738/1738/1738 1737/1737/1737 1735/1735/1735
f 1738/1738/1738 1735/1735/1735 1739/1739/1739
f 1738/1738/1738 1739/1739/1739 1740/1740/1740
f 1738/1738/1738 1740/1740/1740 1741/1741/1741
f 1720/1720/1720 1742/1742/1742 1736/1736/1736
f 1743/1743/1743 1744/1744/1744 1745/1745/1745
f 1743/1743/1743 1745/1745/1745 1746/1746/1746
f 1747/1747/1747 1748/1748/1748 1749/1749/1749
f 1748/1748/1748 1747/1747/1747 1750/1750/1750
f 1747/1747/1747 1749/1749/1749 1751/1751/1751
f 1748/1748/1748 1750/1750/1750 1752/1752/1752
f 1752/1752/1752 1750/1750/1750 1753/1753/1753
f 1752/1752/1752 1753/1753/1753 1754/1754/1754
f 1755/1755/1755 1751/1751/1751 1749/1749/1749
f 1755/1755/1755 1756/1756/1756 1751/1751/1751
f 1757/1757/1757 1758/1758/1758 1759/1759/1759
f 1757/1757/1757 1759/1759/1759 1760/1760/1760
f 1760/1760/1760 1759/1759/1759 1761/1761/1761
f 1760/1760/1760 1761/1761/1761 1762/1762/1762
f 1763/1763/1763 1764/1764/1764 1765/1765/1765
f 1763/1763/1763 1765/1765/1765 1766/1766/1766
f 1766/1766/1766 1765/1765/1765 1767/1767/1767
f 1766/1766/1766 1767/1767/1767 1768/1768/1768
f 1769/1769/1769 1770/1770/1770 1771/1771/1771
f 1772/1772/1772 1770/1770/1770 1769/1769/1769
f 1769/1769/1769 1771/1771/1771 1773/1773/1773
f 1772/1772/1772 1769/1769/1769 1774/1774/1774
f 1775/1775/1775 1772/1772/1772 1774/1774/1774
f 1775/1775/1775 1774/1774/1774 1776/1776/1776
f 1771/1771/1771 1777/1777/1777 1773/1773/1773
f 1771/1771/1771 1778/1778/1778 1777/1777/1777
f 1779/1779/1779 1780/1780/1780 1781/1781/1781
f 1779/1779/1779 1781/1781/1781 1782/1782/1782
f 1779/1779/1779 1782/1782/1782 1783/1783/1783
f 1779/1779/1779 1783/1783/1783 1784/1784/1784
f 1785/1785/1785 1786/1786/1786 1787/1787/1787
f 1785/1785/1785 1787/1787/1787 1788/1788/1788
f 1785/1785/1785 1788/1788/1788 1789/1789/1789
f 1785/1785/1785 1789/1789/1789 1790/1790/1790
f 1791/1791/1791 1792/1792/1792 1793/1793/1793
f 1791/1791/1791 1793/1793/1793 1794/1794/1794
f 1795/1795/1795 1794/1794/1794 1793/1793/1793
f 1795/1795/1795 1793/1793/1793 1796/1796/1796
f 1797/1797/1797 1795/1795/1795 1796/1796/1796
f 1797/1797/1797 1796/1796/1796 1798/1798/1798
f 1797/1797/1797 1798/1798/1798 1799/1799/1799
f 1797/1797/1797 1799/1799/1799 1800/1800/1800
f 1800/1800/1800 1799/1799/1799 1801/1801/1801
f 1791/1791/1791 1802/1802/1802 1792/1792/1792
f 1791/1791/1791 1803/1803/1803 1802/1802/1802
f 1803/1803/1803 1804/1804/1804 1802/1802/1802
f 1803/1803/1803 1805/1805/1805 1804/1804/1804
f 1800/1800/1800 1801/1801/1801 1806/1806/1806
f 1805/1805/1805 1807/1807/1807 1804/1804/1804
f 1805/1805/1805 1808/1808/1808 1807/1807/1807
f 1809/1809/1809 1810/1810/1810 1811/1811/1811
f 1809/1809/1809 1811/1811/1811 1812/1812/1812
f 1812/1812/1812 1811/1811/1811 1813/1813/1813
f 1812/1812/1812 1813/1813/1813 1814/1814/1814
f 1815/1815/1815 1814/1814/1814 1813/1813/1813
f 1815/1815/1815 1813/1813/1813 1816/1816/1816
f 1815/1815/1815 1816/1816/1816 1817/1817/1817
f 1815/1815/1815 1817/1817/1817 1818/1818/1818
f 1818/1818/1818 1817/1817/1817 1819/1819/1819
f 1818/1818/1818 1819/1819/1819 1820/1820/1820
f 1820/1820/1820 1819/1819/1819 1821/1821/1821
f 1809/1809/1809 1822/1822/1822 1810/1810/1810
f 1809/1809/1809 1823/1823/1823 1822/1822/1822
f 1823/1823/1823 1824/1824/1824 1822/1822/1822
f 1823/1823/1823 1825/1825/1825 1824/1824/1824
f 1820/1820/1820 1821/1821/1821 1826/1826/1826
f 1827/1827/1827 1828/1828/1828 1829/1829/1829
f 1827/1827/1827 1829/1829/1829 1830/1830/1830
f 1831/1831/1831 1832/1832/1832 1833/1833/1833
f 1831/1831/1831 1833/1833/1833 1834/1834/1834
f 1835/1835/1835 1836/1836/1836 1837/1837/1837
f 1835/1835/1835 1837/1837/1837 1838/1838/1838
f 1839/1839/1839 1840/1840/1840 1841/1841/1841
f 1839/1839/1839 1841/1841/1841 1842/1842/1842
f 1843/1843/1843 1844/1844/1844 1845/1845/1845
f 1843/1843/1843 1845/1845/1845 1846/1846/1846
f 1847/1847/1847 1848/1848/1848 1849/1849/1849
f 1847/1847/1847 1849/1849/1849 1850/1850/1850
f 1851/1851/1851 1852/1852/1852 1853/1853/1853
f 1851/1851/1851 1853/1853/1853 1854/1854/1854
f 1855/1855/1855 1856/1856/1856 1857/1857/1857
f 1855/1855/1855 1857/1857/1857 1858/1858/1858
f 1859/1859/1859 1860/1860/1860 1861/1861/1861
f 1859/1859/1859 1861/1861/1861 1862/1862/1862
f 1863/1863/1863 1861/1861/1861 1860/1860/1860
f 1863/1863/1863 1864/1864/1864 1861/1861/1861
f 1865/1865/1865 1864/1864/1864 1863/1863/1863
f 1866/1866/1866 1865/1865/1865 1863/1863/1863
f 1867/1867/1867 1866/1866/1866 1863/1863/1863
f 1867/1867/1867 1863/1863/1863 1868/1868/1868
f 1860/1860/1860 1868/1868/1868 1863/1863/1863
f 1866/1866/1866 1867/1867/1867 1869/1869/1869
f 1865/1865/1865 1866/1866/1866 1870/1870/1870
f 1871/1871/1871 1865/1865/1865 1870/1870/1870
f 1870/1870/1870 1866/1866/1866 1872/1872/1872
f 1872/1872/1872 1866/1866/1866 1873/1873/1873
f 1874/1874/1874 1870/1870/1870 1872/1872/1872
f 1871/1871/1871 1870/1870/1870 1874/1874/1874
f 1875/1875/1875 1864/1864/1864 1865/1865/1865
f 1875/1875/1875 1865/1865/1865 1871/1871/1871
f 1876/1876/1876 1861/1861/1861 1864/1864/1864
f 1876/1876/1876 1864/1864/1864 1875/1875/1875
f 1877/1877/1877 1873/1873/1873 1866/1866/1866
f 1877/1877/1877 1878/1878/1878 1873/1873/1873
f 1878/1878/1878 1877/1877/1877 1879/1879/1879
f 1878/1878/1878 1879/1879/1879 1880/1880/1880
f 1880/1880/1880 1879/1879/1879 1881/1881/1881
f 1882/1882/1882 1878/1878/1878 1880/1880/1880
f 1880/1880/1880 1881/1881/1881 1883/1883/1883
f 1884/1884/1884 1880/1880/1880 1883/1883/1883
f 1882/1882/1882 1880/1880/1880 1884/1884/1884
f 1881/1881/1881 1885/1885/1885 1883/1883/1883
f 1881/1881/1881 1886/1886/1886 1885/1885/1885
f 1886/1886/1886 1881/1881/1881 1887/1887/1887
f 1879/1879/1879 1887/1887/1887 1881/1881/1881
f 1879/1879/1879 1888/1888/1888 1887/1887/1887
f 1877/1877/1877 1888/1888/1888 1879/1879/1879
f 1877/1877/1877 1889/1889/1889 1888/1888/1888
f 1886/1886/1886 1890/1890/1890 1885/1885/1885
f 1886/1886/1886 1891/1891/1891 1890/1890/1890
f 1891/1891/1891 1886/1886/1886 1892/1892/1892
f 1886/1886/1886 1887/1887/1887 1892/1892/1892
f 1890/1890/1890 1891/1891/1891 1893/1893/1893
f 1884/1884/1884 1883/1883/1883 1894/1894/1894
f 1895/1895/1895 1894/1894/1894 1883/1883/1883
f 1895/1895/1895 1883/1883/1883 1885/1885/1885
f 1896/1896/1896 1895/1895/1895 1885/1885/1885
f 1896/1896/1896 1885/1885/1885 1890/1890/1890
f 1891/1891/1891 1892/1892/1892 1897/1897/1897
f 1891/1891/1891 1897/1897/1897 1898/1898/1898
f 1891/1891/1891 1898/1898/1898 1893/1893/1893
f 1890/1890/1890 1893/1893/1893 1899/1899/1899
f 1899/1899/1899 1893/1893/1893 1900/1900/1900
f 1899/1899/1899 1900/1900/1900 1901/1901/1901
f 1902/1902/1902 1901/1901/1901 1900/1900/1900
f 1902/1902/1902 1900/1900/1900 1903/1903/1903
f 1904/1904/1904 1902/1902/1902 1903/1903/1903
f 1904/1904/1904 1903/1903/1903 1905/1905/1905
f 1905/1905/1905 1903/1903/1903 1906/1906/1906
f 1905/1905/1905 1906/1906/1906 1907/1907/1907
f 1905/1905/1905 1907/1907/1907 1908/1908/1908
f 1905/1905/1905 1908/1908/1908 1909/1909/1909
f 1909/1909/1909 1904/1904/1904 1905/1905/1905
f 1909/1909/1909 1910/1910/1910 1904/1904/1904
f 1910/1910/1910 1909/1909/1909 1911/1911/1911
f 1909/1909/1909 1908/1908/1908 1912/1912/1912
f 1909/1909/1909 1912/1912/1912 1911/1911/1911
f 1911/1911/1911 1912/1912/1912 1913/1913/1913
f 1914/1914/1914 1904/1904/1904 1910/1910/1910
f 1914/1914/1914 1902/1902/1902 1904/1904/1904
f 1914/1914/1914 1915/1915/1915 1902/1902/1902
f 1910/1910/1910 1911/1911/1911 1916/1916/1916
f 1917/1917/1917 1910/1910/1910 1916/1916/1916
f 1914/1914/1914 1910/1910/1910 1917/1917/1917
f 1918/1918/1918 1916/1916/1916 1911/1911/1911
f 1911/1911/1911 1913/1913/1913 1918/1918/1918
f 1918/1918/1918 1919/1919/1919 1916/1916/1916
f 1919/1919/1919 1918/1918/1918 1920/1920/1920
f 1921/1921/1921 1916/1916/1916 1919/1919/1919
f 1917/1917/1917 1916/1916/1916 1921/1921/1921
f 1919/1919/1919 1920/1920/1920 1922/1922/1922
f 1922/1922/1922 1923/1923/1923 1919/1919/1919
f 1919/1919/1919 1923/1923/1923 1924/1924/1924
f 1921/1921/1921 1919/1919/1919 1924/1924/1924
f 1925/1925/1925 1923/1923/1923 1922/1922/1922
f 1926/1926/1926 1925/1925/1925 1922/1922/1922
f 1920/1920/1920 1927/1927/1927 1922/1922/1922
f 1926/1926/1926 1922/1922/1922 1927/1927/1927
f 1920/1920/1920 1928/1928/1928 1927/1927/1927
f 1928/1928/1928 1920/1920/1920 1929/1929/1929
f 1930/1930/1930 1926/1926/1926 1927/1927/1927
f 1928/1928/1928 1929/1929/1929 1931/1931/1931
f 1932/1932/1932 1928/1928/1928 1931/1931/1931
f 1933/1933/1933 1928/1928/1928 1932/1932/1932
f 1928/1928/1928 1933/1933/1933 1934/1934/1934
f 1928/1928/1928 1934/1934/1934 1927/1927/1927
f 1930/1930/1930 1927/1927/1927 1934/1934/1934
f 1935/1935/1935 1930/1930/1930 1934/1934/1934
f 1936/1936/1936 1933/1933/1933 1932/1932/1932
f 1937/1937/1937 1933/1933/1933 1936/1936/1936
f 1933/1933/1933 1937/1937/1937 1938/1938/1938
f 1933/1933/1933 1938/1938/1938 1934/1934/1934
f 1935/1935/1935 1934/1934/1934 1938/1938/1938
f 1938/1938/1938 1937/1937/1937 1859/1859/1859
f 1935/1935/1935 1938/1938/1938 1862/1862/1862
f 1938/1938/1938 1859/1859/1859 1862/1862/1862
f 1937/1937/1937 1936/1936/1936 1939/1939/1939
f 1935/1935/1935 1862/1862/1862 1940/1940/1940
f 1941/1941/1941 1942/1942/1942 1943/1943/1943
f 1941/1941/1941 1943/1943/1943 1944/1944/1944
f 1945/1945/1945 1946/1946/1946 1947/1947/1947
f 1945/1945/1945 1947/1947/1947 1948/1948/1948
f 1948/1948/1948 1947/1947/1947 1949/1949/1949
f 1948/1948/1948 1949/1949/1949 1950/1950/1950
f 1951/1951/1951 1950/1950/1950 1949/1949/1949
f 1951/1951/1951 1949/1949/1949 1952/1952/1952
f 1953/1953/1953 1954/1954/1954 1955/1955/1955
f 1954/1954/1954 1953/1953/1953 1956/1956/1956
f 1957/1957/1957 1955/1955/1955 1954/1954/1954
f 1957/1957/1957 1958/1958/1958 1955/1955/1955
f 1958/1958/1958 1957/1957/1957 1959/1959/1959
f 1959/1959/1959 1957/1957/1957 1960/1960/1960
f 1959/1959/1959 1960/1960/1960 1961/1961/1961
f 1953/1953/1953 1955/1955/1955 1962/1962/1962
f 1958/1958/1958 1962/1962/1962 1955/1955/1955
f 1958/1958/1958 1963/1963/1963 1962/1962/1962
f 1953/1953/1953 1962/1962/1962 1964/1964/1964
f 1959/1959/1959 1961/1961/1961 1965/1965/1965
f 1965/1965/1965 1961/1961/1961 1966/1966/1966
f 1967/1967/1967 1966/1966/1966 1961/1961/1961
f 1965/1965/1965 1966/1966/1966 1968/1968/1968
f 1953/1953/1953 1964/1964/1964 1969/1969/1969
f 1969/1969/1969 1964/1964/1964 1970/1970/1970
f 1969/1969/1969 1970/1970/1970 1971/1971/1971
f 1970/1970/1970 1972/1972/1972 1971/1971/1971
f 1970/1970/1970 1973/1973/1973 1972/1972/1972
f 1967/1967/1967 1961/1961/1961 1974/1974/1974
f 1960/1960/1960 1974/1974/1974 1961/1961/1961
f 1960/1960/1960 1975/1975/1975 1974/1974/1974
f 1974/1974/1974 1976/1976/1976 1967/1967/1967
f 1974/1974/1974 1977/1977/1977 1976/1976/1976
f 1975/1975/1975 1977/1977/1977 1974/1974/1974
f 1975/1975/1975 1978/1978/1978 1977/1977/1977
f 1975/1975/1975 1979/1979/1979 1978/1978/1978
f 1978/1978/1978 1979/1979/1979 1980/1980/1980
f 1980/1980/1980 1979/1979/1979 1954/1954/1954
f 1957/1957/1957 1979/1979/1979 1975/1975/1975
f 1957/1957/1957 1954/1954/1954 1979/1979/1979
f 1973/1973/1973 1981/1981/1981 1972/1972/1972
f 1972/1972/1972 1981/1981/1981 1982/1982/1982
f 1973/1973/1973 1983/1983/1983 1981/1981/1981
f 1983/1983/1983 1984/1984/1984 1981/1981/1981
f 1984/1984/1984 1982/1982/1982 1981/1981/1981
f 1983/1983/1983 1985/1985/1985 1984/1984/1984
f 1984/1984/1984 1985/1985/1985 1986/1986/1986
f 1986/1986/1986 1985/1985/1985 1987/1987/1987
f 1987/1987/1987 1985/1985/1985 1988/1988/1988
f 1989/1989/1989 1988/1988/1988 1985/1985/1985
f 1990/1990/1990 1988/1988/1988 1989/1989/1989
f 1984/1984/1984 1991/1991/1991 1982/1982/1982
f 1986/1986/1986 1991/1991/1991 1984/1984/1984
f 1986/1986/1986 1992/1992/1992 1991/1991/1991
f 1985/1985/1985 1993/1993/1993 1989/1989/1989
f 1954/1954/1954 1956/1956/1956 1980/1980/1980
f 1989/1989/1989 1994/1994/1994 1990/1990/1990
f 1990/1990/1990 1994/1994/1994 1995/1995/1995
f 1989/1989/1989 1996/1996/1996 1994/1994/1994
f 1994/1994/1994 1996/1996/1996 1997/1997/1997
f 1998/1998/1998 1997/1997/1997 1996/1996/1996
f 1998/1998/1998 1996/1996/1996 1999/1999/1999
f 2000/2000/2000 1999/1999/1999 1996/1996/1996
f 2000/2000/2000 1996/1996/1996 1989/1989/1989
f 1994/1994/1994 1997/1997/1997 2001/2001/2001
f 2001/2001/2001 1995/1995/1995 1994/1994/1994
f 2001/2001/2001 2002/2002/2002 1995/1995/1995
f 2001/2001/2001 2003/2003/2003 2002/2002/2002
f 2001/2001/2001 2004/2004/2004 2003/2003/2003
f 1997/1997/1997 2004/2004/2004 2001/2001/2001
f 1997/1997/1997 2005/2005/2005 2004/2004/2004
f 1998/1998/1998 2005/2005/2005 1997/1997/1997
f 1998/1998/1998 2006/2006/2006 2005/2005/2005
f 2007/2007/2007 2005/2005/2005 2006/2006/2006
f 2007/2007/2007 2008/2008/2008 2005/2005/2005
f 2008/2008/2008 2004/2004/2004 2005/2005/2005
f 2008/2008/2008 2009/2009/2009 2004/2004/2004
f 2009/2009/2009 2003/2003/2003 2004/2004/2004
f 2009/2009/2009 2010/2010/2010 2003/2003/2003
f 2011/2011/2011 2009/2009/2009 2008/2008/2008
f 2011/2011/2011 2012/2012/2012 2009/2009/2009
f 2013/2013/2013 2012/2012/2012 2011/2011/2011
f 2013/2013/2013 2014/2014/2014 2012/2012/2012
f 2015/2015/2015 2014/2014/2014 2013/2013/2013
f 2014/2014/2014 2015/2015/2015 2016/2016/2016
f 2017/2017/2017 2014/2014/2014 2016/2016/2016
f 2016/2016/2016 2015/2015/2015 2018/2018/2018
f 2015/2015/2015 2019/2019/2019 2018/2018/2018
f 2015/2015/2015 2020/2020/2020 2019/2019/2019
f 2020/2020/2020 2015/2015/2015 2021/2021/2021
f 2015/2015/2015 2013/2013/2013 2021/2021/2021
f 2020/2020/2020 2021/2021/2021 2022/2022/2022
f 2023/2023/2023 2020/2020/2020 2022/2022/2022
f 2023/2023/2023 2022/2022/2022 2024/2024/2024
f 1967/1967/1967 2023/2023/2023 2024/2024/2024
f 1967/1967/1967 2024/2024/2024 1966/1966/1966
f 2025/2025/2025 2021/2021/2021 2013/2013/2013
f 2025/2025/2025 2026/2026/2026 2021/2021/2021
f 2027/2027/2027 2028/2028/2028 2029/2029/2029
f 2030/2030/2030 2028/2028/2028 2027/2027/2027
f 2031/2031/2031 2028/2028/2028 2030/2030/2030
f 2032/2032/2032 2027/2027/2027 2029/2029/2029
f 2032/2032/2032 2033/2033/2033 2027/2027/2027
f 2034/2034/2034 2035/2035/2035 2036/2036/2036
f 2034/2034/2034 2036/2036/2036 2037/2037/2037
f 2038/2038/2038 2039/2039/2039 2040/2040/2040
f 2038/2038/2038 2040/2040/2040 2041/2041/2041
f 2042/2042/2042 2038/2038/2038 2041/2041/2041
f 2042/2042/2042 2041/2041/2041 2043/2043/2043
f 2044/2044/2044 2042/2042/2042 2043/2043/2043
f 2044/2044/2044 2043/2043/2043 2045/2045/2045
f 2046/2046/2046 2047/2047/2047 2048/2048/2048
f 2046/2046/2046 2048/2048/2048 2049/2049/2049
f 2050/2050/2050 2048/2048/2048 2047/2047/2047
f 2050/2050/2050 2051/2051/2051 2048/2048/2048
f 2052/2052/2052 2053/2053/2053 2054/2054/2054
f 2052/2052/2052 2054/2054/2054 2055/2055/2055
f 2056/2056/2056 2057/2057/2057 2058/2058/2058
f 2056/2056/2056 2058/2058/2058 2059/2059/2059
f 2056/2056/2056 2059/2059/2059 2060/2060/2060
f 2056/2056/2056 2060/2060/2060 2061/2061/2061
f 2061/2061/2061 2060/2060/2060 2062/2062/2062
f 2061/2061/2061 2062/2062/2062 2063/2063/2063
f 2064/2064/2064 2065/2065/2065 2066/2066/2066
f 2064/2064/2064 2066/2066/2066 2067/2067/2067
f 2065/2065/2065 2068/2068/2068 2066/2066/2066
f 2065/2065/2065 2069/2069/2069 2068/2068/2068
f 2070/2070/2070 2071/2071/2071 2072/2072/2072
f 2070/2070/2070 2072/2072/2072 2073/2073/2073
f 2071/2071/2071 2074/2074/2074 2072/2072/2072
f 2071/2071/2071 2075/2075/2075 2074/2074/2074
f 2075/2075/2075 2076/2076/2076 2074/2074/2074
f 2075/2075/2075 2077/2077/2077 2076/2076/2076
f 2078/2078/2078 2079/2079/2079 1983/1983/1983
f 2078/2078/2078 1983/1983/1983 1973/1973/1973
f 2080/2080/2080 2081/2081/2081 2082/2082/2082
f 2083/2083/2083 2084/2084/2084 2085/2085/2085
f 2083/2083/2083 2085/2085/2085 2086/2086/2086
f 2084/2084/2084 2087/2087/2087 2085/2085/2085
f 2084/2084/2084 2088/2088/2088 2087/2087/2087
f 2089/2089/2089 2090/2090/2090 2091/2091/2091
f 2089/2089/2089 2091/2091/2091 2092/2092/2092
f 2092/2092/2092 2091/2091/2091 2093/2093/2093
f 2089/2089/2089 2094/2094/2094 2090/2090/2090
f 2089/2089/2089 2095/2095/2095 2094/2094/2094
f 2092/2092/2092 2093/2093/2093 2096/2096/2096
f 2097/2097/2097 2098/2098/2098 2099/2099/2099
f 2097/2097/2097 2099/2099/2099 2100/2100/2100
f 2101/2101/2101 2099/2099/2099 2098/2098/2098
f 2101/2101/2101 2102/2102/2102 2099/2099/2099
f 2103/2103/2103 2104/2104/2104 2105/2105/2105
f 2103/2103/2103 2105/2105/2105 2106/2106/2106
f 1860/1860/1860 2107/2107/2107 1868/1868/1868
f 2108/2108/2108 2109/2109/2109 2110/2110/2110
f 2108/2108/2108 2110/2110/2110 2111/2111/2111
f 2112/2112/2112 2109/2109/2109 2108/2108/2108
f 2112/2112/2112 2113/2113/2113 2109/2109/2109
f 2114/2114/2114 2115/2115/2115 2116/2116/2116
f 2117/2117/2117 2118/2118/2118 2119/2119/2119
f 2117/2117/2117 2119/2119/2119 2120/2120/2120
f 2121/2121/2121 2119/2119/2119 2118/2118/2118
f 2121/2121/2121 2122/2122/2122 2119/2119/2119
f 2123/2123/2123 2122/2122/2122 2121/2121/2121
f 2124/2124/2124 2123/2123/2123 2121/2121/2121
f 2123/2123/2123 2124/2124/2124 2125/2125/2125
f 2125/2125/2125 2124/2124/2124 2126/2126/2126
f 2126/2126/2126 2124/2124/2124 2127/2127/2127
f 2128/2128/2128 2119/2119/2119 2122/2122/2122
f 2128/2128/2128 2120/2120/2120 2119/2119/2119
f 2128/2128/2128 2129/2129/2129 2120/2120/2120
f 2130/2130/2130 2117/2117/2117 2120/2120/2120
f 2130/2130/2130 2131/2131/2131 2117/2117/2117
f 2132/2132/2132 2131/2131/2131 2130/2130/2130
f 2133/2133/2133 2130/2130/2130 2120/2120/2120
f 2133/2133/2133 2120/2120/2120 2129/2129/2129
f 2134/2134/2134 2127/2127/2127 2124/2124/2124
f 2134/2134/2134 2135/2135/2135 2127/2127/2127
f 2135/2135/2135 2134/2134/2134 2136/2136/2136
f 2137/2137/2137 2127/2127/2127 2135/2135/2135
f 2137/2137/2137 2138/2138/2138 2127/2127/2127
f 2138/2138/2138 2126/2126/2126 2127/2127/2127
f 2138/2138/2138 2139/2139/2139 2126/2126/2126
f 2137/2137/2137 2135/2135/2135 2140/2140/2140
f 2135/2135/2135 2136/2136/2136 2140/2140/2140
f 2140/2140/2140 2136/2136/2136 2141/2141/2141
f 2140/2140/2140 2141/2141/2141 2142/2142/2142
f 2141/2141/2141 2143/2143/2143 2142/2142/2142
f 2141/2141/2141 2144/2144/2144 2143/2143/2143
f 2144/2144/2144 2141/2141/2141 2145/2145/2145
f 2144/2144/2144 2146/2146/2146 2143/2143/2143
f 2144/2144/2144 2147/2147/2147 2146/2146/2146
f 2147/2147/2147 2144/2144/2144 2148/2148/2148
f 2144/2144/2144 2145/2145/2145 2148/2148/2148
f 2146/2146/2146 2147/2147/2147 2149/2149/2149
f 2147/2147/2147 2148/2148/2148 2150/2150/2150
f 2147/2147/2147 2150/2150/2150 2151/2151/2151
f 2147/2147/2147 2151/2151/2151 2149/2149/2149
f 2149/2149/2149 2151/2151/2151 2152/2152/2152
f 2149/2149/2149 2152/2152/2152 2153/2153/2153
f 2154/2154/2154 2153/2153/2153 2152/2152/2152
f 2155/2155/2155 2149/2149/2149 2153/2153/2153
f 2146/2146/2146 2149/2149/2149 2155/2155/2155
f 2154/2154/2154 2152/2152/2152 2156/2156/2156
f 2157/2157/2157 2154/2154/2154 2156/2156/2156
f 2155/2155/2155 2153/2153/2153 2158/2158/2158
f 2159/2159/2159 2158/2158/2158 2153/2153/2153
f 2159/2159/2159 2153/2153/2153 2154/2154/2154
f 2160/2160/2160 2159/2159/2159 2154/2154/2154
f 2160/2160/2160 2154/2154/2154 2157/2157/2157
f 2157/2157/2157 2156/2156/2156 2161/2161/2161
f 2162/2162/2162 2160/2160/2160 2157/2157/2157
f 2162/2162/2162 2163/2163/2163 2160/2160/2160
f 2163/2163/2163 2162/2162/2162 2164/2164/2164
f 2163/2163/2163 2164/2164/2164 2165/2165/2165
f 2166/2166/2166 2163/2163/2163 2165/2165/2165
f 2167/2167/2167 2165/2165/2165 2164/2164/2164
f 2167/2167/2167 2168/2168/2168 2165/2165/2165
f 2168/2168/2168 2167/2167/2167 2169/2169/2169
f 2170/2170/2170 2165/2165/2165 2168/2168/2168
f 2166/2166/2166 2165/2165/2165 2170/2170/2170
f 2168/2168/2168 2169/2169/2169 2171/2171/2171
f 2171/2171/2171 2172/2172/2172 2168/2168/2168
f 2168/2168/2168 2172/2172/2172 2173/2173/2173
f 2170/2170/2170 2168/2168/2168 2173/2173/2173
f 2174/2174/2174 2172/2172/2172 2171/2171/2171
f 2175/2175/2175 2174/2174/2174 2171/2171/2171
f 2169/2169/2169 2176/2176/2176 2171/2171/2171
f 2175/2175/2175 2171/2171/2171 2176/2176/2176
f 2169/2169/2169 2177/2177/2177 2176/2176/2176
f 2178/2178/2178 2175/2175/2175 2176/2176/2176
f 2177/2177/2177 2179/2179/2179 2176/2176/2176
f 2178/2178/2178 2176/2176/2176 2179/2179/2179
f 2177/2177/2177 2132/2132/2132 2179/2179/2179
f 2133/2133/2133 2178/2178/2178 2179/2179/2179
f 2132/2132/2132 2130/2130/2130 2179/2179/2179
f 2133/2133/2133 2179/2179/2179 2130/2130/2130
f 2180/2180/2180 2181/2181/2181 2182/2182/2182
f 2183/2183/2183 2181/2181/2181 2180/2180/2180
f 2180/2180/2180 2182/2182/2182 2184/2184/2184
f 2183/2183/2183 2180/2180/2180 2185/2185/2185
f 2186/2186/2186 2183/2183/2183 2185/2185/2185
f 2187/2187/2187 2183/2183/2183 2186/2186/2186
f 2188/2188/2188 2187/2187/2187 2186/2186/2186
f 2189/2189/2189 2187/2187/2187 2188/2188/2188
f 2189/2189/2189 2188/2188/2188 2190/2190/2190
f 2189/2189/2189 2190/2190/2190 2191/2191/2191
f 2192/2192/2192 2184/2184/2184 2182/2182/2182
f 2192/2192/2192 2193/2193/2193 2184/2184/2184
f 2194/2194/2194 2193/2193/2193 2192/2192/2192
f 2194/2194/2194 2195/2195/2195 2193/2193/2193
f 2189/2189/2189 2191/2191/2191 2196/2196/2196
f 2197/2197/2197 2196/2196/2196 2191/2191/2191
f 2197/2197/2197 2191/2191/2191 2198/2198/2198
f 2197/2197/2197 2198/2198/2198 2199/2199/2199
f 2197/2197/2197 2199/2199/2199 2200/2200/2200
f 2201/2201/2201 2200/2200/2200 2199/2199/2199
f 2201/2201/2201 2202/2202/2202 2200/2200/2200
f 2203/2203/2203 2204/2204/2204 2205/2205/2205
f 2203/2203/2203 2205/2205/2205 2206/2206/2206
f 2206/2206/2206 2205/2205/2205 2207/2207/2207
f 2206/2206/2206 2207/2207/2207 2208/2208/2208
f 2209/2209/2209 2208/2208/2208 2207/2207/2207
f 2203/2203/2203 2210/2210/2210 2204/2204/2204
f 2203/2203/2203 2211/2211/2211 2210/2210/2210
f 2209/2209/2209 2207/2207/2207 2212/2212/2212
f 2213/2213/2213 2209/2209/2209 2212/2212/2212
f 2213/2213/2213 2212/2212/2212 2214/2214/2214
f 2215/2215/2215 2216/2216/2216 2217/2217/2217
f 2216/2216/2216 2215/2215/2215 2218/2218/2218
f 2219/2219/2219 2217/2217/2217 2216/2216/2216
f 2215/2215/2215 2217/2217/2217 2220/2220/2220
f 2215/2215/2215 2220/2220/2220 2221/2221/2221
f 2215/2215/2215 2221/2221/2221 2222/2222/2222
f 2222/2222/2222 2221/2221/2221 2223/2223/2223
f 2224/2224/2224 2223/2223/2223 2221/2221/2221
f 2224/2224/2224 2225/2225/2225 2223/2223/2223
f 2224/2224/2224 2226/2226/2226 2225/2225/2225
f 2223/2223/2223 2225/2225/2225 2227/2227/2227
f 2222/2222/2222 2223/2223/2223 2228/2228/2228
f 2223/2223/2223 2227/2227/2227 2228/2228/2228
f 2226/2226/2226 2229/2229/2229 2225/2225/2225
f 2226/2226/2226 2230/2230/2230 2229/2229/2229
f 2229/2229/2229 2230/2230/2230 2231/2231/2231
f 2225/2225/2225 2229/2229/2229 2232/2232/2232
f 2225/2225/2225 2232/2232/2232 2227/2227/2227
f 2229/2229/2229 2233/2233/2233 2232/2232/2232
f 2229/2229/2229 2234/2234/2234 2233/2233/2233
f 2229/2229/2229 2231/2231/2231 2234/2234/2234
f 2233/2233/2233 2234/2234/2234 2235/2235/2235
f 2235/2235/2235 2234/2234/2234 2236/2236/2236
f 2236/2236/2236 2234/2234/2234 2237/2237/2237
f 2238/2238/2238 2237/2237/2237 2234/2234/2234
f 2239/2239/2239 2237/2237/2237 2238/2238/2238
f 2231/2231/2231 2240/2240/2240 2234/2234/2234
f 2234/2234/2234 2240/2240/2240 2238/2238/2238
f 2238/2238/2238 2240/2240/2240 2241/2241/2241
f 2241/2241/2241 2242/2242/2242 2238/2238/2238
f 2241/2241/2241 2243/2243/2243 2242/2242/2242
f 2238/2238/2238 2242/2242/2242 2244/2244/2244
f 2238/2238/2238 2244/2244/2244 2239/2239/2239
f 2244/2244/2244 2242/2242/2242 2245/2245/2245
f 2246/2246/2246 2245/2245/2245 2242/2242/2242
f 2246/2246/2246 2242/2242/2242 2243/2243/2243
f 2244/2244/2244 2245/2245/2245 2247/2247/2247
f 2246/2246/2246 2248/2248/2248 2245/2245/2245
f 2246/2246/2246 2249/2249/2249 2248/2248/2248
f 2245/2245/2245 2248/2248/2248 2250/2250/2250
f 2245/2245/2245 2250/2250/2250 2247/2247/2247
f 2251/2251/2251 2248/2248/2248 2249/2249/2249
f 2251/2251/2251 2252/2252/2252 2248/2248/2248
f 2252/2252/2252 2250/2250/2250 2248/2248/2248
f 2252/2252/2252 2253/2253/2253 2250/2250/2250
f 2254/2254/2254 2253/2253/2253 2252/2252/2252
f 2252/2252/2252 2255/2255/2255 2254/2254/2254
f 2254/2254/2254 2256/2256/2256 2253/2253/2253
f 2257/2257/2257 2256/2256/2256 2254/2254/2254
f 2257/2257/2257 2258/2258/2258 2256/2256/2256
f 2259/2259/2259 2258/2258/2258 2257/2257/2257
f 2260/2260/2260 2257/2257/2257 2254/2254/2254
f 2259/2259/2259 2257/2257/2257 2261/2261/2261
f 2260/2260/2260 2261/2261/2261 2257/2257/2257
f 2262/2262/2262 2259/2259/2259 2261/2261/2261
f 2260/2260/2260 2263/2263/2263 2261/2261/2261
f 2263/2263/2263 2264/2264/2264 2261/2261/2261
f 2262/2262/2262 2261/2261/2261 2264/2264/2264
f 2265/2265/2265 2262/2262/2262 2264/2264/2264
f 2263/2263/2263 2266/2266/2266 2264/2264/2264
f 2265/2265/2265 2264/2264/2264 2267/2267/2267
f 2268/2268/2268 2265/2265/2265 2267/2267/2267
f 2265/2265/2265 2268/2268/2268 2269/2269/2269
f 2270/2270/2270 2269/2269/2269 2268/2268/2268
f 2270/2270/2270 2271/2271/2271 2269/2269/2269
f 2272/2272/2272 2271/2271/2271 2270/2270/2270
f 2272/2272/2272 2273/2273/2273 2271/2271/2271
f 2272/2272/2272 2274/2274/2274 2273/2273/2273
f 2273/2273/2273 2274/2274/2274 2275/2275/2275
f 2275/2275/2275 2274/2274/2274 2216/2216/2216
f 2276/2276/2276 2272/2272/2272 2270/2270/2270
f 2219/2219/2219 2274/2274/2274 2272/2272/2272
f 2219/2219/2219 2216/2216/2216 2274/2274/2274
f 2219/2219/2219 2272/2272/2272 2276/2276/2276
f 2268/2268/2268 2277/2277/2277 2270/2270/2270
f 2276/2276/2276 2270/2270/2270 2277/2277/2277
f 2268/2268/2268 2278/2278/2278 2277/2277/2277
f 2268/2268/2268 2267/2267/2267 2278/2278/2278
f 2216/2216/2216 2218/2218/2218 2275/2275/2275
f 2265/2265/2265 2269/2269/2269 2279/2279/2279
f 2280/2280/2280 2281/2281/2281 2282/2282/2282
f 2280/2280/2280 2282/2282/2282 2283/2283/2283
f 2283/2283/2283 2282/2282/2282 2284/2284/2284
f 2283/2283/2283 2284/2284/2284 2285/2285/2285
f 2286/2286/2286 2281/2281/2281 2280/2280/2280
f 2286/2286/2286 2287/2287/2287 2281/2281/2281
f 2288/2288/2288 2289/2289/2289 2290/2290/2290
f 2288/2288/2288 2291/2291/2291 2289/2289/2289
f 2292/2292/2292 2291/2291/2291 2288/2288/2288
f 2291/2291/2291 2292/2292/2292 2293/2293/2293
f 2288/2288/2288 2290/2290/2290 2294/2294/2294
f 2294/2294/2294 2290/2290/2290 2295/2295/2295
f 2292/2292/2292 2296/2296/2296 2293/2293/2293
f 2292/2292/2292 2297/2297/2297 2296/2296/2296
f 2294/2294/2294 2295/2295/2295 2298/2298/2298
f 2299/2299/2299 2296/2296/2296 2297/2297/2297
f 2299/2299/2299 2300/2300/2300 2296/2296/2296
f 2301/2301/2301 2302/2302/2302 2303/2303/2303
f 2304/2304/2304 2305/2305/2305 2306/2306/2306
f 2304/2304/2304 2306/2306/2306 2307/2307/2307
f 2304/2304/2304 2307/2307/2307 2308/2308/2308
f 2304/2304/2304 2308/2308/2308 2309/2309/2309
f 2310/2310/2310 2309/2309/2309 2308/2308/2308
f 2310/2310/2310 2308/2308/2308 2311/2311/2311
f 2312/2312/2312 2310/2310/2310 2311/2311/2311
f 2312/2312/2312 2311/2311/2311 2313/2313/2313
f 2314/2314/2314 2306/2306/2306 2305/2305/2305
f 2314/2314/2314 2315/2315/2315 2306/2306/2306
f 2316/2316/2316 2315/2315/2315 2314/2314/2314
f 2316/2316/2316 2317/2317/2317 2315/2315/2315
f 2318/2318/2318 2317/2317/2317 2316/2316/2316
f 2318/2318/2318 2319/2319/2319 2317/2317/2317
f 2319/2319/2319 2318/2318/2318 2320/2320/2320
f 2318/2318/2318 2321/2321/2321 2320/2320/2320
f 2320/2320/2320 2321/2321/2321 2322/2322/2322
f 2321/2321/2321 2323/2323/2323 2322/2322/2322
f 2321/2321/2321 2324/2324/2324 2323/2323/2323
f 2325/2325/2325 2326/2326/2326 2327/2327/2327
f 2325/2325/2325 2327/2327/2327 2328/2328/2328
f 2325/2325/2325 2328/2328/2328 2329/2329/2329
f 2325/2325/2325 2329/2329/2329 2330/2330/2330
f 2331/2331/2331 2332/2332/2332 2333/2333/2333
f 2331/2331/2331 2333/2333/2333 2334/2334/2334
f 2335/2335/2335 2331/2331/2331 2334/2334/2334
f 2335/2335/2335 2334/2334/2334 2336/2336/2336
f 2337/2337/2337 2338/2338/2338 2339/2339/2339
f 2337/2337/2337 2339/2339/2339 2340/2340/2340
f 2341/2341/2341 2340/2340/2340 2339/2339/2339
f 2341/2341/2341 2339/2339/2339 2342/2342/2342
f 2343/2343/2343 2344/2344/2344 2345/2345/2345
f 2343/2343/2343 2345/2345/2345 2346/2346/2346
f 2347/2347/2347 2345/2345/2345 2344/2344/2344
f 2347/2347/2347 2348/2348/2348 2345/2345/2345
f 2349/2349/2349 2348/2348/2348 2347/2347/2347
f 2349/2349/2349 2350/2350/2350 2348/2348/2348
f 2349/2349/2349 2351/2351/2351 2350/2350/2350
f 2349/2349/2349 2352/2352/2352 2351/2351/2351
f 2353/2353/2353 2354/2354/2354 2355/2355/2355
f 2353/2353/2353 2355/2355/2355 2356/2356/2356
f 2357/2357/2357 2358/2358/2358 2359/2359/2359
f 2357/2357/2357 2359/2359/2359 2360/2360/2360
f 2361/2361/2361 2362/2362/2362 2363/2363/2363
f 2364/2364/2364 2365/2365/2365 2366/2366/2366
f 2367/2367/2367 2368/2368/2368 2369/2369/2369
f 2367/2367/2367 2369/2369/2369 2370/2370/2370
f 2371/2371/2371 2372/2372/2372 2373/2373/2373
f 2371/2371/2371 2373/2373/2373 2374/2374/2374
f 2374/2374/2374 2373/2373/2373 2375/2375/2375
f 2371/2371/2371 2376/2376/2376 2372/2372/2372
f 2371/2371/2371 2377/2377/2377 2376/2376/2376
f 2374/2374/2374 2375/2375/2375 2378/2378/2378
f 2379/2379/2379 2380/2380/2380 2381/2381/2381
f 2379/2379/2379 2381/2381/2381 2382/2382/2382
f 2383/2383/2383 2384/2384/2384 2385/2385/2385
f 2383/2383/2383 2385/2385/2385 2386/2386/2386
f 400/400/400 392/392/392 408/408/408
f 591/591/591 588/588/588 606/606/606
f 1972/1972/1972 1982/1982/1982 2387/2387/2387
f 1990/1990/1990 1995/1995/1995 2388/2388/2388
f 1874/1874/1874 1872/1872/1872 2389/2389/2389
f 1957/1957/1957 1975/1975/1975 1960/1960/1960
f 2137/2137/2137 2140/2140/2140 2390/2390/2390
f 2260/2260/2260 2254/2254/2254 2391/2391/2391
f 2128/2128/2128 2122/2122/2122 2392/2392/2392
f 2224/2224/2224 2221/2221/2221 2393/2393/2393

usemtl _Plain
usemap _Plain
f 2394/2394/2394 2395/2395/2395 2396/2396/2396
f 2394/2394/2394 2396/2396/2396 2397/2397/2397
f 2394/2394/2394 2397/2397/2397 2398/2398/2398
f 2399/2399/2399 2395/2395/2395 2394/2394/2394
f 2399/2399/2399 2400/2400/2400 2395/2395/2395
f 2401/2401/2401 2400/2400/2400 2399/2399/2399
f 2401/2401/2401 2402/2402/2402 2400/2400/2400
f 2401/2401/2401 2399/2399/2399 2403/2403/2403
f 2394/2394/2394 2403/2403/2403 2399/2399/2399
f 2394/2394/2394 2404/2404/2404 2403/2403/2403
f 2394/2394/2394 2398/2398/2398 2404/2404/2404
f 2405/2405/2405 2402/2402/2402 2401/2401/2401
f 2405/2405/2405 2406/2406/2406 2402/2402/2402
f 2401/2401/2401 2407/2407/2407 2405/2405/2405
f 2401/2401/2401 2408/2408/2408 2407/2407/2407
f 2401/2401/2401 2403/2403/2403 2408/2408/2408
f 2409/2409/2409 2410/2410/2410 2411/2411/2411
f 2409/2409/2409 2411/2411/2411 2412/2412/2412
f 2412/2412/2412 2411/2411/2411 2413/2413/2413
f 2409/2409/2409 2412/2412/2412 2414/2414/2414
f 2412/2412/2412 2413/2413/2413 2415/2415/2415
f 2412/2412/2412 2415/2415/2415 2416/2416/2416
f 2412/2412/2412 2416/2416/2416 2414/2414/2414
f 2417/2417/2417 2410/2410/2410 2409/2409/2409
f 2417/2417/2417 2418/2418/2418 2410/2410/2410
f 2419/2419/2419 2418/2418/2418 2417/2417/2417
f 2419/2419/2419 2420/2420/2420 2418/2418/2418
f 2417/2417/2417 2421/2421/2421 2419/2419/2419
f 2417/2417/2417 2422/2422/2422 2421/2421/2421
f 2409/2409/2409 2422/2422/2422 2417/2417/2417
f 2409/2409/2409 2423/2423/2423 2422/2422/2422
f 2409/2409/2409 2414/2414/2414 2423/2423/2423
f 2424/2424/2424 2425/2425/2425 2426/2426/2426
f 2424/2424/2424 2426/2426/2426 2427/2427/2427
f 2427/2427/2427 2426/2426/2426 2428/2428/2428
f 2424/2424/2424 2427/2427/2427 2429/2429/2429
f 2427/2427/2427 2428/2428/2428 2430/2430/2430
f 2430/2430/2430 2428/2428/2428 2431/2431/2431
f 2427/2427/2427 2430/2430/2430 2432/2432/2432
f 2427/2427/2427 2432/2432/2432 2429/2429/2429
f 2430/2430/2430 2431/2431/2431 2433/2433/2433
f 2433/2433/2433 2431/2431/2431 2434/2434/2434
f 2430/2430/2430 2433/2433/2433 2435/2435/2435
f 2430/2430/2430 2435/2435/2435 2432/2432/2432
f 2433/2433/2433 2434/2434/2434 2436/2436/2436
f 2436/2436/2436 2435/2435/2435 2433/2433/2433
f 2436/2436/2436 2437/2437/2437 2435/2435/2435
f 2424/2424/2424 2429/2429/2429 2438/2438/2438
f 2439/2439/2439 2440/2440/2440 2441/2441/2441
f 2442/2442/2442 2440/2440/2440 2439/2439/2439
f 2443/2443/2443 2440/2440/2440 2442/2442/2442
f 2440/2440/2440 2443/2443/2443 2444/2444/2444
f 2445/2445/2445 2439/2439/2439 2441/2441/2441
f 2446/2446/2446 2439/2439/2439 2445/2445/2445
f 2439/2439/2439 2446/2446/2446 2447/2447/2447
f 2441/2441/2441 2440/2440/2440 2448/2448/2448
f 2448/2448/2448 2440/2440/2440 2449/2449/2449
f 2449/2449/2449 2440/2440/2440 2450/2450/2450
f 2451/2451/2451 2452/2452/2452 2453/2453/2453
f 2451/2451/2451 2453/2453/2453 2454/2454/2454
f 2454/2454/2454 2453/2453/2453 2455/2455/2455
f 2452/2452/2452 2456/2456/2456 2453/2453/2453
f 2452/2452/2452 2457/2457/2457 2456/2456/2456
f 2453/2453/2453 2456/2456/2456 2458/2458/2458
f 2453/2453/2453 2458/2458/2458 2455/2455/2455
f 2455/2455/2455 2458/2458/2458 2459/2459/2459
f 2457/2457/2457 2460/2460/2460 2456/2456/2456
f 2457/2457/2457 2461/2461/2461 2460/2460/2460
f 2456/2456/2456 2460/2460/2460 2462/2462/2462
f 2456/2456/2456 2462/2462/2462 2458/2458/2458
f 2458/2458/2458 2462/2462/2462 2463/2463/2463
f 2458/2458/2458 2463/2463/2463 2459/2459/2459
f 2461/2461/2461 2464/2464/2464 2460/2460/2460
f 2461/2461/2461 2465/2465/2465 2464/2464/2464
f 2454/2454/2454 2455/2455/2455 2466/2466/2466
f 2466/2466/2466 2455/2455/2455 2467/2467/2467
f 2455/2455/2455 2459/2459/2459 2467/2467/2467
f 2462/2462/2462 2468/2468/2468 2463/2463/2463
f 2462/2462/2462 2469/2469/2469 2468/2468/2468
f 2466/2466/2466 2467/2467/2467 2470/2470/2470
f 2471/2471/2471 2472/2472/2472 2457/2457/2457
f 2471/2471/2471 2457/2457/2457 2452/2452/2452
f 2473/2473/2473 2474/2474/2474 2475/2475/2475
f 2473/2473/2473 2475/2475/2475 2476/2476/2476
f 2476/2476/2476 2475/2475/2475 2477/2477/2477
f 2478/2478/2478 2474/2474/2474 2473/2473/2473
f 2479/2479/2479 2478/2478/2478 2473/2473/2473
f 2478/2478/2478 2480/2480/2480 2474/2474/2474
f 2479/2479/2479 2473/2473/2473 2481/2481/2481
f 2480/2480/2480 2482/2482/2482 2474/2474/2474
f 2480/2480/2480 2483/2483/2483 2482/2482/2482
f 2474/2474/2474 2482/2482/2482 2484/2484/2484
f 2474/2474/2474 2484/2484/2484 2475/2475/2475
f 2475/2475/2475 2484/2484/2484 2485/2485/2485
f 2475/2475/2475 2485/2485/2485 2477/2477/2477
f 2483/2483/2483 2486/2486/2486 2482/2482/2482
f 2483/2483/2483 2487/2487/2487 2486/2486/2486
f 2482/2482/2482 2486/2486/2486 2488/2488/2488
f 2482/2482/2482 2488/2488/2488 2484/2484/2484
f 2484/2484/2484 2488/2488/2488 2489/2489/2489
f 2484/2484/2484 2489/2489/2489 2485/2485/2485
f 2476/2476/2476 2477/2477/2477 2490/2490/2490
f 2491/2491/2491 2476/2476/2476 2490/2490/2490
f 2491/2491/2491 2490/2490/2490 2492/2492/2492
f 2493/2493/2493 2483/2483/2483 2480/2480/2480
f 2493/2493/2493 2494/2494/2494 2483/2483/2483
f 2495/2495/2495 2496/2496/2496 2497/2497/2497
f 2495/2495/2495 2497/2497/2497 2498/2498/2498
f 2499/2499/2499 2495/2495/2495 2498/2498/2498
f 2498/2498/2498 2497/2497/2497 2500/2500/2500
f 2496/2496/2496 2501/2501/2501 2497/2497/2497
f 2496/2496/2496 2502/2502/2502 2501/2501/2501
f 2497/2497/2497 2501/2501/2501 2503/2503/2503
f 2497/2497/2497 2503/2503/2503 2500/2500/2500
f 2500/2500/2500 2503/2503/2503 2504/2504/2504
f 2505/2505/2505 2502/2502/2502 2496/2496/2496
f 2499/2499/2499 2498/2498/2498 2506/2506/2506
f 2498/2498/2498 2500/2500/2500 2507/2507/2507
f 2507/2507/2507 2500/2500/2500 2508/2508/2508
f 2500/2500/2500 2504/2504/2504 2508/2508/2508
f 2501/2501/2501 2509/2509/2509 2503/2503/2503
f 2501/2501/2501 2510/2510/2510 2509/2509/2509
f 2502/2502/2502 2510/2510/2510 2501/2501/2501
f 2503/2503/2503 2509/2509/2509 2511/2511/2511
f 2503/2503/2503 2511/2511/2511 2504/2504/2504
f 2502/2502/2502 2512/2512/2512 2510/2510/2510
f 2507/2507/2507 2508/2508/2508 2513/2513/2513
f 2514/2514/2514 2507/2507/2507 2513/2513/2513
f 2514/2514/2514 2513/2513/2513 2515/2515/2515
f 2505/2505/2505 2496/2496/2496 2516/2516/2516
f 2517/2517/2517 2518/2518/2518 2519/2519/2519
f 2517/2517/2517 2519/2519/2519 2520/2520/2520
f 2519/2519/2519 2518/2518/2518 2521/2521/2521
f 2519/2519/2519 2521/2521/2521 2522/2522/2522
f 2521/2521/2521 2518/2518/2518 2523/2523/2523
f 2523/2523/2523 2522/2522/2522 2521/2521/2521
f 2523/2523/2523 2524/2524/2524 2522/2522/2522
f 2523/2523/2523 2518/2518/2518 2525/2525/2525
f 2525/2525/2525 2524/2524/2524 2523/2523/2523
f 2525/2525/2525 2526/2526/2526 2524/2524/2524
f 2527/2527/2527 2518/2518/2518 2517/2517/2517
f 2527/2527/2527 2517/2517/2517 2528/2528/2528
f 2528/2528/2528 2517/2517/2517 2529/2529/2529
f 2530/2530/2530 2518/2518/2518 2527/2527/2527
f 2531/2531/2531 2518/2518/2518 2530/2530/2530
f 2518/2518/2518 2531/2531/2531 2532/2532/2532
f 2532/2532/2532 2531/2531/2531 2533/2533/2533
f 2530/2530/2530 2533/2533/2533 2531/2531/2531
f 2530/2530/2530 2534/2534/2534 2533/2533/2533
f 2528/2528/2528 2535/2535/2535 2527/2527/2527
f 2528/2528/2528 2536/2536/2536 2535/2535/2535
f 2528/2528/2528 2529/2529/2529 2536/2536/2536
f 2532/2532/2532 2533/2533/2533 2537/2537/2537
f 2518/2518/2518 2532/2532/2532 2537/2537/2537
f 2518/2518/2518 2537/2537/2537 2538/2538/2538
f 2539/2539/2539 2540/2540/2540 2541/2541/2541
f 2539/2539/2539 2541/2541/2541 2542/2542/2542
f 2543/2543/2543 2539/2539/2539 2542/2542/2542
f 2543/2543/2543 2542/2542/2542 2544/2544/2544
f 2545/2545/2545 2546/2546/2546 2547/2547/2547
f 2545/2545/2545 2547/2547/2547 2548/2548/2548
f 2549/2549/2549 2550/2550/2550 2551/2551/2551
f 2552/2552/2552 2550/2550/2550 2549/2549/2549
f 2553/2553/2553 2550/2550/2550 2552/2552/2552
f 2550/2550/2550 2553/2553/2553 2554/2554/2554
f 2555/2555/2555 2549/2549/2549 2551/2551/2551
f 2556/2556/2556 2549/2549/2549 2555/2555/2555
f 2549/2549/2549 2556/2556/2556 2557/2557/2557
f 2551/2551/2551 2550/2550/2550 2558/2558/2558
f 2558/2558/2558 2550/2550/2550 2559/2559/2559
f 2559/2559/2559 2550/2550/2550 2560/2560/2560
f 2561/2561/2561 2562/2562/2562 2563/2563/2563
f 2561/2561/2561 2563/2563/2563 2564/2564/2564
f 2561/2561/2561 2564/2564/2564 2565/2565/2565
f 2562/2562/2562 2566/2566/2566 2563/2563/2563
f 2566/2566/2566 2564/2564/2564 2563/2563/2563
f 2562/2562/2562 2567/2567/2567 2566/2566/2566
f 2567/2567/2567 2568/2568/2568 2566/2566/2566
f 2567/2567/2567 2569/2569/2569 2568/2568/2568
f 2570/2570/2570 2568/2568/2568 2569/2569/2569
f 2570/2570/2570 2571/2571/2571 2568/2568/2568
f 2570/2570/2570 2572/2572/2572 2571/2571/2571
f 2570/2570/2570 2573/2573/2573 2572/2572/2572
f 2573/2573/2573 2574/2574/2574 2572/2572/2572
f 2574/2574/2574 2571/2571/2571 2572/2572/2572
f 2571/2571/2571 2574/2574/2574 2568/2568/2568
f 2568/2568/2568 2574/2574/2574 2566/2566/2566
f 2566/2566/2566 2574/2574/2574 2564/2564/2564
f 2573/2573/2573 2575/2575/2575 2574/2574/2574
f 2575/2575/2575 2576/2576/2576 2574/2574/2574
f 2575/2575/2575 2577/2577/2577 2576/2576/2576
f 2577/2577/2577 2578/2578/2578 2576/2576/2576
f 2578/2578/2578 2574/2574/2574 2576/2576/2576
f 2577/2577/2577 2579/2579/2579 2578/2578/2578
f 2580/2580/2580 2574/2574/2574 2578/2578/2578
f 2581/2581/2581 2565/2565/2565 2580/2580/2580
f 2579/2579/2579 2582/2582/2582 2578/2578/2578
f 2580/2580/2580 2578/2578/2578 2582/2582/2582
f 2579/2579/2579 2583/2583/2583 2582/2582/2582
f 2583/2583/2583 2580/2580/2580 2582/2582/2582
f 2583/2583/2583 2584/2584/2584 2580/2580/2580
f 2581/2581/2581 2580/2580/2580 2584/2584/2584
f 2561/2561/2561 2565/2565/2565 2581/2581/2581
f 2564/2564/2564 2580/2580/2580 2565/2565/2565
f 2564/2564/2564 2574/2574/2574 2580/2580/2580
f 2519/2519/2519 2585/2585/2585 2586/2586/2586
f 2519/2519/2519 2522/2522/2522 2585/2585/2585
f 2519/2519/2519 2586/2586/2586 2520/2520/2520
