#LowPoly.Res_Cube.001.obj
#Sunday, May 03, 2026
#10:40:48 PM
#-------

#LowPoly.Res_Cube.001
#-------
g LowPoly.Res_Cube.001
v -1.811928 20.54004 -56.70817
v -4.466019 20.54004 -56.70817
v -4.466019 21.58225 -54.71058
v -1.811928 21.58225 -54.71058
v -1.234001 21.79855 -54.81349
v -4.466019 22.03729 -53.65623
v -5.043926 22.24015 -53.77759
v -5.043926 22.90455 -52.23816
v -5.043926 21.72408 -54.9733
v -5.043926 20.72042 -56.897
v -1.234001 20.70942 -56.90103
v -1.811928 22.03729 -53.65623
v -1.234001 22.26693 -53.72831
v -1.811928 22.7024 -52.11519
v -4.466019 22.7024 -52.11519
v -1.811928 23.18217 -51.00357
v -4.466019 23.18216 -51.00357
v -1.811928 22.92845 -47.45596
v -1.234001 23.16351 -47.387
v -5.043926 23.4285 -51.02415
v -4.466019 22.92845 -47.45596
v -1.234001 22.93204 -52.18726
v -1.234001 23.4251 -51.04477
v -1.811928 21.98118 -45.7193
v -4.466019 21.98118 -45.7193
v -1.234001 22.13716 -45.50534
v -5.043926 23.16911 -47.39726
v -5.043926 22.13716 -45.50534
v -1.415505 27.89371 40.97953
v -4.862422 27.89371 40.97953
v -4.862422 29.79524 40.02878
v -1.430832 27.38127 40.97953
v -5.283302 28.31472 40.55865
v -1.415505 29.79524 40.02878
v -0.9946247 28.31472 40.55865
v -1.415505 24.87101 40.97953
v -1.430832 24.87101 40.97953
v -1.430832 23.56997 40.02878
v -1.415505 23.56997 40.02878
v -4.847115 27.38127 40.97953
v -4.862422 24.87101 40.97953
v -4.847115 24.87101 40.97953
v -4.847115 23.56997 40.02878
v -4.862422 23.56997 40.02878
v -0.9946247 29.37447 40.02878
v -5.283302 29.37447 40.02878
v -1.811928 15.03362 -31.99996
v -1.811928 15.35186 -29.24202
v -4.466019 15.35186 -29.24202
v -4.466019 15.03362 -31.99996
v -4.466019 16.64889 -27.65675
v -1.811928 16.64889 -27.65675
v -1.234001 16.50604 -27.4533
v -4.466019 14.91951 -32.98904
v -1.811928 14.91951 -32.98904
v -1.811928 15.64007 -35.7993
v -4.466019 15.64007 -35.7993
v -1.234001 14.67662 -33.0056
v -1.234001 14.79582 -31.97253
v -1.234001 15.12209 -29.1448
v -5.043926 14.67662 -33.0056
v -5.043926 14.79265 -31.99996
v -5.043926 15.12209 -29.1448
v -5.043926 16.50604 -27.4533
v -1.234001 15.42851 -35.93799
v -5.043926 15.42853 -35.938
v -1.415505 4.146805 -70.15901
v -4.862422 4.146805 -70.15901
v -4.862422 5.299857 -69.17724
v -1.415505 5.299857 -69.17724
v -4.862422 21.23528 35.48939
v -4.862422 23.56997 40.02878
v -4.847115 23.56997 40.02878
v -4.847115 21.23528 35.48939
v -4.847115 20.19765 29.65296
v -4.862422 20.19765 29.65296
v -4.847115 18.8568 -4.005259
v -4.862422 18.8568 -4.005259
v -4.847115 18.33675 -5.998018
v -4.862422 17.54941 -9.014944
v -1.430832 18.33675 -5.998018
v -1.415505 17.54941 -9.014944
v -1.415505 18.8568 -4.005259
v -1.430832 18.8568 -4.005259
v -1.415505 20.19765 29.65296
v -1.430832 20.19765 29.65296
v -1.415505 21.23528 35.48939
v -1.430832 21.23528 35.48939
v -1.415505 23.56997 40.02878
v -1.430832 23.56997 40.02878
v -4.738427 18.37429 -9.633748
v -1.539519 18.37429 -9.633748
v -1.539519 25.82504 -10.35316
v -4.738427 25.82504 -10.35316
v -4.862422 17.60191 -9.010206
v -1.415505 17.60191 -9.010206
v -4.862422 19.07784 -10.20172
v -4.738427 19.07784 -10.20172
v -1.415505 19.07784 -10.20172
v -1.539519 19.07784 -10.20172
v -1.539519 19.20099 -12.02514
v -1.415505 19.20099 -12.02514
v -1.415505 17.90215 -13.32729
v -1.539519 17.90215 -13.32729
v -1.430832 27.38127 40.97953
v -1.430832 27.38127 -5.998018
v -4.847115 27.38127 -5.998018
v -4.847115 27.38127 40.97953
v -4.738427 25.82504 -10.35316
v -4.738427 17.90215 -13.32729
v -4.738427 19.20099 -12.02514
v -4.738427 19.07784 -10.20172
v -4.738427 18.37429 -9.633748
v -4.738427 25.5324 -27.21953
v -4.738427 13.15185 -25.86544
v -4.738427 16.34892 -13.61493
v -4.466019 12.25335 -56.94835
v -4.466019 16.93712 -58.02924
v -1.811928 16.93712 -58.02924
v -5.043926 16.95268 -58.2785
v -1.811928 12.25335 -56.94835
v -1.234001 16.95268 -58.2785
v -1.811928 20.54004 -56.70817
v -1.234001 20.70942 -56.90103
v -4.466019 20.54004 -56.70817
v -5.043926 20.72042 -56.897
v -5.043926 12.09713 -57.15798
v -1.234001 12.09713 -57.15798
v -1.539519 17.90215 -13.32729
v -1.415505 17.90215 -13.32729
v -1.415505 16.34892 -13.61493
v -1.539519 16.34892 -13.61493
v -1.539519 13.15185 -25.86544
v -4.738427 13.15185 -25.86544
v -4.738427 25.5324 -27.21953
v -1.539519 25.5324 -27.21953
v -4.466019 10.51119 -61.74471
v -4.466019 10.45189 -65.89558
v -1.811928 10.45189 -65.89558
v -1.811928 10.51119 -61.74471
v -4.466019 10.99234 -60.55126
v -1.811928 10.99234 -60.55126
v -1.234001 10.27248 -61.69664
v -5.043926 10.24873 -61.82743
v -5.043926 10.18821 -66.06353
v -1.234001 10.20914 -66.12974
v -1.234001 10.83278 -60.30682
v -5.043926 10.8614 -60.30772
v -4.466019 11.21157 -54.88634
v -4.466019 12.25335 -56.94835
v -1.811928 12.25335 -56.94835
v -1.811928 11.21157 -54.88634
v -1.234001 12.09713 -57.15798
v -1.234001 10.88388 -54.87856
v -1.811928 10.84686 -53.05781
v -4.466019 10.84686 -53.05781
v -1.811928 11.05238 -51.06363
v -4.466019 11.05238 -51.06363
v -1.234001 10.69407 -51.0453
v -1.234001 10.49498 -53.05754
v -5.043926 10.96232 -54.88803
v -5.043926 12.09713 -57.15798
v -5.043926 10.60265 -53.0579
v -5.043926 10.82334 -50.9409
v -1.811928 12.7232 -69.31833
v -4.466019 12.7232 -69.31833
v -4.466019 10.21169 -69.31833
v -1.811928 10.21169 -69.31833
v -4.466019 18.73858 -69.31833
v -1.811928 18.73858 -69.31833
v -5.043926 13.52502 -69.07896
v -5.043926 9.972317 -69.07896
v -5.043926 18.97796 -69.07896
v -1.234001 13.52502 -69.07896
v -1.234001 18.97796 -69.07896
v -1.234001 9.972317 -69.07896
v -1.811928 18.3783 -37.0243
v -1.811928 16.93712 -36.80812
v -4.466019 16.93712 -36.80812
v -1.811928 15.64692 -35.80463
v -1.234001 16.83964 -37.03556
v -1.234001 15.49989 -35.99354
v -4.466019 18.3783 -37.0243
v -1.811928 19.89152 -36.44783
v -1.234001 18.40487 -37.27034
v -5.043926 16.83964 -37.03556
v -5.043926 15.49995 -35.99358
v -4.466019 15.64692 -35.80463
v -4.466019 19.89152 -36.44783
v -1.811928 15.64007 -35.7993
v -4.466019 15.64007 -35.7993
v -1.234001 15.42851 -35.93799
v -5.043926 15.42853 -35.938
v -1.234001 20.07479 -36.63417
v -5.043926 18.40487 -37.27034
v -5.043926 20.0748 -36.63417
v -5.283302 23.84513 39.70857
v -5.283302 29.37447 40.02878
v -5.283302 28.31472 40.55865
v -5.283302 25.00841 40.55865
v -5.283302 29.37447 34.66719
v -5.283321 21.65342 35.44715
v -5.283302 29.37447 29.23956
v -5.283321 20.61991 29.63393
v -5.283302 19.27889 -4.028987
v -5.283302 28.82114 -4.565403
v -5.283321 19.48537 -9.98981
v -5.283321 19.63378 -12.18723
v -5.283302 28.54418 -24.01191
v -5.283321 18.10763 -13.71729
v -5.283302 13.31001 -25.43342
v -5.283302 16.16118 -25.54066
v -5.283302 19.68333 -26.68267
v -5.283302 17.79697 -26.38482
v -5.043926 19.37196 -27.21859
v -5.283302 14.56743 -28.91009
v -5.043926 15.12209 -29.1448
v -5.283302 14.21091 -31.99996
v -5.283302 13.31001 -31.99996
v -5.283302 16.68097 -13.98149
v -5.283321 18.10094 -8.542617
v -5.283321 17.73377 -8.575726
v -5.043926 16.50604 -27.4533
v -5.043926 17.85136 -26.9785
v -5.043926 14.79265 -31.99996
v -5.043926 14.67662 -33.0056
v -5.283302 14.09025 -33.04557
v -5.043926 15.42853 -35.938
v -5.283302 14.91778 -36.27289
v -5.283302 15.14515 -36.44977
v -5.043926 15.49995 -35.99358
v -5.043926 16.83964 -37.03556
v -5.283302 16.60427 -37.58464
v -5.043926 18.40487 -37.27034
v -5.283302 18.46899 -37.86434
v -5.043926 20.0748 -36.63417
v -5.283302 20.51728 -37.08404
v -5.283302 20.90764 -36.10815
v -5.043926 20.37106 -35.89352
v -5.043926 20.69904 -35.07357
v -5.283302 21.25688 -35.23507
v -5.283302 21.63663 -33.18434
v -5.043926 21.06503 -33.09719
v -5.283302 21.76707 -32.09733
v -5.043926 21.19329 -32.02849
v -5.043926 21.28769 -31.24176
v -5.283302 21.87494 -31.19856
v -5.043926 20.61383 -28.7709
v -5.283302 21.13989 -28.50336
v -5.283302 27.616 -38.08766
v -5.283302 26.96991 -40.22289
v -5.283302 28.54418 -35.72506
v -5.283302 28.54418 -31.99996
v -5.283302 26.32206 -42.36385
v -5.283302 22.51369 -44.98874
v -5.283302 19.36676 -44.38933
v -5.043926 22.13716 -45.50534
v -5.283321 23.75013 -47.25556
v -5.043926 19.4321 -44.99009
v -5.043926 23.16911 -47.39726
v -5.283302 24.02319 -51.07385
v -5.043926 23.4285 -51.02415
v -5.283302 23.38144 -52.56079
v -5.043926 22.90455 -52.23816
v -5.283321 16.9443 -45.42752
v -5.043926 17.23645 -45.93108
v -5.283302 14.96284 -46.92296
v -5.043926 15.31098 -47.38426
v -5.043926 14.02448 -48.35536
v -5.283302 13.66135 -47.90577
v -5.043926 10.82334 -50.9409
v -5.283321 10.27037 -50.64464
v -5.283321 10.01275 -53.05794
v -5.043926 10.60265 -53.0579
v -5.283302 10.36105 -54.88867
v -5.283302 8.844451 -54.88867
v -5.043926 10.96232 -54.88803
v -5.043926 12.09713 -57.15798
v -5.283302 11.71998 -57.66405
v -5.283302 16.99024 -58.88026
v -5.043926 16.95268 -58.2785
v -5.043926 20.72042 -56.897
v -5.283302 21.1559 -57.35287
v -5.283302 22.06647 -55.6076
v -5.043926 21.72408 -54.9733
v -5.283302 22.71777 -54.09855
v -5.043926 22.24015 -53.77759
v -5.283302 8.480101 -53.05794
v -5.283302 25.93826 -53.88219
v -5.283302 25.24577 -55.40506
v -5.283302 25.94963 -51.23483
v -5.283302 25.96611 -47.39889
v -5.283302 26.0695 -43.71455
v -5.283302 22.97429 -57.28941
v -4.862422 23.21789 -57.74068
v -4.862422 25.66535 -55.71034
v -4.862422 26.35783 -54.18745
v -5.283302 6.664894 -50.59817
v -5.283302 5.314684 -47.60681
v -5.283302 4.391572 -43.75986
v -5.283302 13.41302 -39.76175
v -5.283321 5.435188 -40.21176
v -5.283302 4.427136 -41.26316
v -4.862422 4.011876 -40.86504
v -4.862422 5.019928 -39.81363
v -4.862422 13.27487 -39.34798
v -4.862422 3.969963 -43.80669
v -5.283302 4.391572 -43.75986
v -5.283302 13.41302 -39.76175
v -4.862422 14.95758 -38.22577
v -5.283302 15.48234 -38.38172
v -4.862422 4.914694 -47.74369
v -5.283302 5.314684 -47.60681
v -5.283302 6.664894 -50.59817
v -4.862422 6.307296 -50.82898
v -4.862422 8.012473 -53.06427
v -5.283302 8.480101 -53.05794
v -4.862422 8.398921 -54.8893
v -5.283302 8.844451 -54.88867
v -5.283302 5.994278 -63.16805
v -4.862422 5.539176 -63.31145
v -5.283302 5.741914 -69.35365
v -4.862422 5.299857 -69.17724
v -5.283302 4.564616 -70.35606
v -4.862422 4.146805 -70.15901
v -5.283302 4.380178 -81.97614
v -4.862422 3.952871 -82.37722
v -0.9946247 29.37447 29.23956
v -0.9946247 28.82114 -4.565403
v -0.9946247 19.27887 -4.028987
v -0.9946247 20.61991 29.63393
v -0.9946247 21.65342 35.44715
v -0.9946247 29.37447 34.66719
v -0.9946247 23.84513 39.70857
v -0.9946247 29.37447 40.02878
v -0.9946247 28.31472 40.55865
v -0.9946247 25.00841 40.55865
v -0.9946247 19.48537 -9.98981
v -0.9946247 19.63378 -12.18723
v -0.9946247 28.54422 -26.89302
v -0.9946247 18.10763 -13.71729
v -0.9946247 19.68333 -26.68267
v -0.9946247 17.79697 -26.38482
v -1.234001 19.37196 -27.21859
v -0.9946247 21.13987 -28.50336
v -1.234001 20.61381 -28.7709
v -0.9946247 21.87494 -31.19856
v -1.234001 21.28769 -31.24176
v -0.9946247 21.76707 -32.09733
v -1.234001 21.19329 -32.02849
v -1.234001 21.06503 -33.09719
v -0.9946247 21.63663 -33.18434
v -1.234001 20.69904 -35.07357
v -0.9946247 21.25688 -35.23507
v -0.9946247 20.90764 -36.10817
v -1.234001 20.37106 -35.89354
v -1.234001 20.07479 -36.63417
v -0.9946247 20.51728 -37.08404
v -0.9946247 18.46899 -37.86434
v -1.234001 18.40487 -37.27034
v -0.9946247 16.60427 -37.58464
v -1.234001 16.83964 -37.03556
v -0.9946247 15.14496 -36.44962
v -0.9946247 15.4846 -38.17152
v -0.9946247 14.91776 -36.27279
v -1.234001 15.42851 -35.93799
v -0.9946247 14.1567 -35.07313
v -0.9946247 14.09025 -33.04557
v -1.234001 14.67662 -33.0056
v -0.9946247 14.22171 -31.90628
v -0.9946247 13.31555 -31.98887
v -0.9946247 14.56743 -28.91009
v -1.234001 15.12209 -29.1448
v -0.9946247 13.31555 -26.85299
v -0.9946247 16.16118 -26.96217
v -1.234001 16.50604 -27.4533
v -1.234001 17.85136 -26.9785
v -1.234001 15.49989 -35.99354
v -1.234001 14.79582 -31.97253
v -0.9946247 16.67437 -13.98272
v -1.811928 18.73858 -77.30477
v -1.811928 16.75639 -77.77939
v -4.466019 16.75639 -77.77939
v -1.234001 16.79625 -78.016
v -4.466019 18.73858 -77.30477
v -5.043926 16.79625 -78.016
v -4.466019 14.47515 -78.00564
v -1.811928 14.47515 -78.00564
v -1.234001 14.47515 -78.24619
v -4.466019 12.1939 -77.77939
v -1.811928 12.1939 -77.77939
v -1.234001 12.15404 -78.016
v -5.043926 12.15404 -78.016
v -4.466019 10.21169 -77.30477
v -1.811928 10.21169 -77.30477
v -1.234001 9.972317 -77.49361
v -5.043926 9.972317 -77.49361
v -5.043926 18.97796 -77.49361
v -5.043926 14.47515 -78.24619
v -1.234001 18.97796 -77.49361
v -5.283302 5.994278 -63.16805
v -5.283302 5.741914 -69.35365
v -5.283302 9.551647 -66.469
v -5.283302 9.615122 -62.02707
v -5.043926 10.18821 -66.06353
v -5.283302 19.52709 -66.68586
v -5.043926 18.96954 -66.25443
v -5.283321 19.69601 -63.22168
v -5.043926 19.1173 -63.22409
v -5.043926 18.96507 -60.55899
v -5.283321 19.51188 -59.99776
v -5.283302 10.54531 -59.71972
v -5.043926 10.8614 -60.30772
v -5.043926 10.24873 -61.82743
v -5.283302 15.46077 -68.50105
v -5.283302 22.51848 -66.39397
v -5.283302 19.55588 -68.50105
v -5.283302 22.42029 -68.35522
v -5.043926 18.97796 -69.07896
v -5.043926 13.52502 -69.07896
v -5.283302 9.394409 -68.50105
v -5.283302 19.55588 -77.94948
v -5.043926 18.97796 -77.49361
v -5.283302 16.89249 -78.58721
v -5.043926 16.79625 -78.016
v -5.043926 14.47515 -78.24619
v -5.283321 14.47515 -78.82695
v -5.283321 12.05779 -78.58721
v -5.043926 12.15404 -78.016
v -5.043926 9.972317 -77.49361
v -5.283321 9.394409 -77.94948
v -5.043926 9.972317 -69.07896
v -5.283302 4.564616 -70.35606
v -5.283302 4.380178 -81.97614
v -5.283302 21.92287 -82.80863
v -1.415505 14.95758 -38.22577
v -4.862422 14.95758 -38.22577
v -4.862422 13.91995 -35.80463
v -1.415505 13.91995 -35.80463
v -4.862422 12.88232 -31.99996
v -1.415505 12.88232 -31.99996
v -4.862422 12.88232 -26.89824
v -1.415505 12.88232 -26.89824
v -4.738427 13.15185 -25.86544
v -4.862422 16.34892 -13.61493
v -4.738427 16.34892 -13.61493
v -1.539519 13.15185 -25.86544
v -1.415505 16.34892 -13.61493
v -1.539519 16.34892 -13.61493
v -4.862422 26.48929 -43.75942
v -1.415505 26.48929 -43.75942
v -1.415505 26.73156 -42.46377
v -4.862422 26.73156 -42.46377
v -1.415505 27.37275 -40.34477
v -4.862422 27.37275 -40.34477
v -1.415505 28.01396 -38.22577
v -4.862422 28.01396 -38.22577
v -1.415505 28.96512 -35.80463
v -4.862422 28.96512 -35.80463
v -1.415505 28.96512 -31.99996
v -4.862422 28.96512 -31.99996
v -1.415505 26.38701 -47.4007
v -4.862422 26.38701 -47.4007
v -4.862422 26.37038 -51.26999
v -1.415505 26.37038 -51.26999
v -4.862422 26.35783 -54.18745
v -1.415505 28.96512 -26.89824
v -4.862422 28.96512 -26.89824
v -1.415505 29.24183 -4.589055
v -4.862422 29.24183 -4.589055
v -1.415505 29.79524 29.22061
v -4.862422 29.79524 29.22061
v -1.415505 26.35783 -54.18745
v -1.415505 29.79524 34.62469
v -4.862422 29.79524 34.62469
v -1.415505 29.79524 40.02878
v -4.862422 29.79524 40.02878
v -4.862422 25.66535 -55.71034
v -1.415505 25.66535 -55.71034
v -4.862422 23.21789 -57.74068
v -1.415505 23.21789 -57.74068
v -1.415505 8.012473 -53.06427
v -4.862422 8.012473 -53.06427
v -4.862422 6.307296 -50.82898
v -1.415505 6.307296 -50.82898
v -4.862422 4.914694 -47.74369
v -1.415505 4.914694 -47.74369
v -4.862422 3.969963 -43.80669
v -1.415505 3.969963 -43.80669
v -4.862422 4.011876 -40.86504
v -1.415505 4.011876 -40.86504
v -0.9946247 6.916528 -51.15568
v -1.415505 8.398921 -54.8893
v -4.862422 8.398921 -54.8893
v -1.415505 5.539176 -63.31145
v -4.862422 5.539176 -63.31145
v -1.415505 5.299857 -69.17724
v -4.862422 5.299857 -69.17724
v -4.738427 17.90215 -13.32729
v -4.738427 16.34892 -13.61493
v -4.862422 16.34892 -13.61493
v -4.862422 17.90215 -13.32729
v -1.415505 22.68715 -68.34164
v -4.862422 22.68715 -68.34164
v -4.862422 22.17437 -83.24192
v -1.415505 22.17437 -83.24192
v -1.415505 22.7887 -66.3133
v -4.862422 22.7887 -66.3133
v -5.283302 22.51848 -66.39397
v -1.415505 23.21789 -57.74068
v -4.862422 23.21789 -57.74068
v -5.283302 22.97429 -57.28941
v -5.283302 21.92287 -82.80863
v -5.283302 22.42029 -68.35522
v -1.415505 22.17437 -83.24192
v -4.862422 22.17437 -83.24192
v -4.862422 3.952871 -82.37722
v -1.415505 3.952871 -82.37722
v -1.415505 3.952871 -82.37722
v -4.862422 3.952871 -82.37722
v -4.862422 4.146805 -70.15901
v -1.415505 4.146805 -70.15901
v -1.415505 13.27487 -39.34798
v -4.862422 13.27487 -39.34798
v -4.862422 14.95758 -38.22577
v -1.415505 14.95758 -38.22577
v -0.9946247 13.07119 -39.78102
v -1.415505 5.019928 -39.81363
v -4.862422 5.019928 -39.81363
v -0.9946247 15.4846 -38.17152
v -0.9946247 19.55588 -68.50105
v -0.9946247 15.46077 -68.50105
v -0.9946247 22.3609 -66.44102
v -1.234001 18.97796 -69.07896
v -0.9946247 22.26466 -68.36314
v -0.9946247 19.55588 -77.94948
v -1.234001 18.97796 -77.49361
v -1.234001 13.52502 -69.07896
v -0.9946247 9.394409 -68.50105
v -0.9946247 9.623082 -66.69505
v -1.234001 9.972317 -69.07896
v -0.9946247 9.394409 -77.94948
v -0.9946247 16.89249 -78.58721
v -1.234001 16.79625 -78.016
v -1.234001 14.47515 -78.24619
v -0.9946247 14.47515 -78.82695
v -0.9946247 12.05779 -78.58721
v -1.234001 12.15404 -78.016
v -1.234001 9.972317 -77.49361
v -0.9946247 21.76778 -82.80128
v -0.9946247 5.712892 -69.37835
v -0.9946247 4.564616 -70.35606
v -0.9946247 4.380178 -81.97614
v -0.9946247 5.944423 -63.70327
v -0.9946247 9.696167 -61.58055
v -1.234001 10.20914 -66.12974
v -0.9946247 19.45861 -66.90887
v -1.234001 18.94947 -66.31975
v -1.234001 19.115 -62.92509
v -0.9946247 19.68816 -62.20083
v -1.234001 18.97988 -60.55945
v -0.9946247 19.56242 -59.99931
v -0.9946247 13.6097 -59.81474
v -1.234001 13.88736 -60.40155
v -1.234001 10.83278 -60.30682
v -0.9946247 10.44758 -59.7167
v -1.234001 10.27248 -61.69664
v -0.9946247 8.880168 -54.89014
v -1.415505 5.539176 -63.31145
v -1.415505 8.398921 -54.8893
v -0.9946247 8.458809 -53.07434
v -0.9946247 11.71998 -57.66405
v -0.9946247 10.09361 -54.8833
v -1.234001 10.88388 -54.87856
v -1.234001 12.09713 -57.15798
v -1.234001 10.49498 -53.05754
v -0.9946247 16.99024 -58.88026
v -1.234001 16.95268 -58.2785
v -1.234001 20.70942 -56.90103
v -0.9946247 21.11835 -57.36662
v -0.9946247 22.32075 -55.06198
v -1.234001 21.79855 -54.81349
v -0.9946247 9.644796 -53.0659
v -0.9946247 9.829024 -51.00113
v -1.234001 10.69407 -51.0453
v -0.9946247 13.68255 -47.88923
v -1.234001 14.03069 -48.35051
v -1.234001 15.31098 -47.38426
v -0.9946247 14.96284 -46.92296
v -1.234001 17.23645 -45.93108
v -0.9946247 16.9443 -45.42752
v -1.234001 19.4321 -44.99009
v -0.9946247 19.36676 -44.38933
v -1.234001 22.13716 -45.50534
v -0.9946247 22.51369 -44.98874
v -0.9946247 23.731 -47.22052
v -1.234001 23.16351 -47.387
v -1.234001 23.4251 -51.04477
v -0.9946247 24.01162 -51.14427
v -0.9946247 23.48639 -52.36124
v -1.234001 22.93204 -52.18726
v -0.9946247 22.82128 -53.90229
v -1.234001 22.26693 -53.72831
v -0.9946247 26.32206 -42.36385
v -0.9946247 26.96991 -40.22289
v -0.9946247 27.616 -38.08766
v -0.9946247 25.94948 -51.26817
v -0.9946247 25.9378 -53.98906
v -0.9946247 28.54418 -35.72506
v -0.9946247 28.54418 -31.99996
v -1.415505 14.95758 -38.22577
v -1.415505 13.91995 -35.80463
v -1.415505 12.88232 -31.99996
v -0.9946247 13.31555 -31.98887
v -1.415505 12.88232 -26.89824
v -0.9946247 13.31555 -26.85299
v -0.9946247 13.07119 -39.78102
v -0.9946247 4.391572 -43.75986
v -0.9946247 5.435188 -40.21176
v -0.9946247 4.427136 -41.26316
v -1.415505 5.019928 -39.81363
v -1.415505 13.27487 -39.34798
v -0.9946247 13.07119 -39.78102
v -1.415505 4.011876 -40.86504
v -1.415505 3.969963 -43.80669
v -0.9946247 4.391572 -43.75986
v -1.415505 4.914694 -47.74369
v -0.9946247 5.314684 -47.60681
v -1.415505 6.307296 -50.82898
v -0.9946247 6.916528 -51.15568
v -0.9946247 5.314684 -47.60681
v -0.9946247 6.916528 -51.15568
v -0.9946247 8.458809 -53.07434
v -1.415505 8.012473 -53.06427
v -4.466019 14.1749 -48.54158
v -4.466019 11.05238 -51.06363
v -1.811928 11.05238 -51.06363
v -5.043926 14.02448 -48.35536
v -1.811928 14.1749 -48.54158
v -5.043926 10.82334 -50.9409
v -1.234001 14.03069 -48.35051
v -1.234001 10.69407 -51.0453
v -1.811928 17.35747 -46.13965
v -1.811928 19.45917 -45.23892
v -4.466019 19.45917 -45.23892
v -4.466019 21.98118 -45.7193
v -5.043926 19.4321 -44.99009
v -1.234001 17.23645 -45.93108
v -4.466019 17.35747 -46.13965
v -4.466019 15.45517 -47.57533
v -5.043926 17.23645 -45.93108
v -5.043926 15.31098 -47.38426
v -1.811928 21.98118 -45.7193
v -1.234001 19.4321 -44.99009
v -1.811928 15.45517 -47.57533
v -1.234001 15.31098 -47.38426
v -1.811928 14.1749 -48.54158
v -4.466019 14.1749 -48.54158
v -5.043926 14.02448 -48.35536
v -1.234001 14.03069 -48.35051
v -1.234001 22.13716 -45.50534
v -5.043926 22.13716 -45.50534
v -4.466019 20.14879 -35.80463
v -4.466019 20.46799 -35.00666
v -1.811928 20.46799 -35.00666
v -1.811928 20.82827 -33.06109
v -1.811928 20.14879 -35.80463
v -1.234001 20.37106 -35.89354
v -4.466019 20.82827 -33.06109
v -1.811928 20.9556 -31.99996
v -4.466019 20.9556 -31.99996
v -1.811928 19.89152 -36.44783
v -4.466019 19.89152 -36.44783
v -1.234001 20.07479 -36.63417
v -1.811928 21.04444 -31.25964
v -4.466019 21.04444 -31.25964
v -1.811928 20.39592 -28.88173
v -1.234001 21.19329 -32.02849
v -1.234001 21.06503 -33.09719
v -1.234001 20.69904 -35.07357
v -1.234001 21.28769 -31.24176
v -4.466019 20.39592 -28.88173
v -5.043926 21.19329 -32.02849
v -5.043926 21.06503 -33.09719
v -5.043926 21.28769 -31.24176
v -5.043926 20.61383 -28.7709
v -1.234001 20.61381 -28.7709
v -5.043926 20.0748 -36.63417
v -5.043926 20.37106 -35.89352
v -5.043926 20.69904 -35.07357
v -4.466019 18.87757 -63.22509
v -1.811928 18.87757 -63.22509
v -1.811928 18.73858 -66.07572
v -4.466019 18.73858 -66.07572
v -5.043926 19.1173 -63.22409
v -4.466019 18.73858 -60.79146
v -1.811928 18.73858 -60.79146
v -5.043926 18.96507 -60.55899
v -1.234001 19.115 -62.92509
v -1.234001 18.97988 -60.55945
v -1.234001 18.94947 -66.31975
v -5.043926 18.96954 -66.25443
v -4.466019 18.73858 -60.79146
v -1.811928 14.00238 -60.6446
v -1.811928 18.73858 -60.79146
v -1.234001 13.88736 -60.40155
v -4.466019 10.99234 -60.55126
v -1.811928 10.99234 -60.55126
v -1.234001 10.83278 -60.30682
v -1.234001 18.97988 -60.55945
v -5.043926 10.8614 -60.30772
v -5.043926 18.96507 -60.55899
v -4.862422 26.37038 -51.26999
v -5.283302 25.94963 -51.23483
v -5.283302 25.93826 -53.88219
v -4.862422 26.35783 -54.18745
v -4.862422 26.38701 -47.4007
v -5.283302 25.96611 -47.39889
v -4.862422 26.48929 -43.75942
v -5.283302 26.0695 -43.71455
v -5.283302 26.32206 -42.36385
v -4.862422 26.73156 -42.46377
v -5.283302 26.96991 -40.22289
v -4.862422 27.37275 -40.34477
v -4.862422 28.01396 -38.22577
v -5.283302 27.616 -38.08766
v -1.811928 17.87388 -27.2244
v -1.811928 19.243 -27.44056
v -4.466019 19.243 -27.44056
v -4.466019 17.87388 -27.2244
v -1.811928 16.64889 -27.65675
v -1.234001 17.85136 -26.9785
v -1.234001 19.37196 -27.21859
v -4.466019 16.64889 -27.65675
v -5.043926 17.85136 -26.9785
v -5.043926 19.37196 -27.21859
v -4.466019 20.39592 -28.88173
v -1.811928 20.39592 -28.88173
v -1.234001 20.61381 -28.7709
v -5.043926 20.61383 -28.7709
v -1.234001 16.50604 -27.4533
v -5.043926 16.50604 -27.4533
v -4.862422 8.398921 -54.8893
v -4.862422 5.539176 -63.31145
v -5.283302 5.994278 -63.16805
v -1.811928 18.73858 -69.31833
v -1.811928 18.73858 -77.30477
v -4.466019 18.73858 -77.30477
v -1.234001 18.97796 -77.49361
v -4.466019 18.73858 -69.31833
v -5.043926 18.97796 -77.49361
v -5.043926 18.97796 -69.07896
v -1.234001 18.97796 -69.07896
v -4.466019 18.73858 -66.07572
v -1.811928 18.73858 -66.07572
v -1.811928 10.45189 -65.89558
v -1.234001 18.94947 -66.31975
v -4.466019 10.45189 -65.89558
v -5.043926 18.96954 -66.25443
v -5.043926 10.18821 -66.06353
v -1.234001 10.20914 -66.12974
v -1.430832 18.33675 -5.998018
v -4.847115 18.33675 -5.998018
v -4.847115 27.38127 -5.998018
v -1.430832 27.38127 -5.998018
v -1.430832 23.56997 40.02878
v -1.430832 27.38127 40.97953
v -1.430832 24.87101 40.97953
v -1.430832 21.23528 35.48939
v -1.430832 20.19765 29.65296
v -1.430832 27.38127 -5.998018
v -1.430832 18.8568 -4.005259
v -1.430832 18.33675 -5.998018
v -4.847115 20.19765 29.65296
v -4.847115 27.38127 -5.998018
v -4.847115 18.8568 -4.005259
v -4.847115 18.33675 -5.998018
v -4.847115 27.38127 40.97953
v -4.847115 21.23528 35.48939
v -4.847115 23.56997 40.02878
v -4.847115 24.87101 40.97953
v -1.539519 19.20099 -12.02514
v -1.539519 25.82504 -10.35316
v -1.539519 19.07784 -10.20172
v -1.539519 18.37429 -9.633748
v -1.539519 17.90215 -13.32729
v -1.539519 25.5324 -27.21953
v -1.539519 13.15185 -25.86544
v -1.539519 16.34892 -13.61493
v -4.738427 19.07784 -10.20172
v -4.738427 19.20099 -12.02514
v -4.862422 19.20099 -12.02514
v -4.862422 19.07784 -10.20172
v -1.415505 17.60191 -9.010206
v -4.862422 17.60191 -9.010206
v -4.862422 17.54941 -9.014944
v -1.415505 17.54941 -9.014944
v -4.738427 19.20099 -12.02514
v -4.738427 17.90215 -13.32729
v -4.862422 17.90215 -13.32729
v -4.862422 19.20099 -12.02514
v -1.539519 25.82504 -10.35316
v -1.539519 25.5324 -27.21953
v -4.738427 25.5324 -27.21953
v -4.738427 25.82504 -10.35316
v -1.539519 19.07784 -10.20172
v -1.415505 19.07784 -10.20172
v -1.415505 19.20099 -12.02514
v -1.539519 19.20099 -12.02514
v -4.466019 10.21169 -69.31833
v -4.466019 10.21169 -77.30477
v -1.811928 10.21169 -77.30477
v -5.043926 9.972317 -77.49361
v -1.811928 10.21169 -69.31833
v -5.043926 9.972317 -69.07896
v -1.234001 9.972317 -77.49361
v -1.234001 9.972317 -69.07896
v -0.9946247 29.37447 29.23956
v -0.9946247 29.37447 34.66719
v -1.415505 29.79524 34.62469
v -1.415505 29.79524 29.22061
v -1.415505 29.79524 40.02878
v -0.9946247 29.37447 40.02878
v -0.9946247 23.84513 39.70857
v -0.9946247 21.65342 35.44715
v -1.415505 21.23528 35.48939
v -1.415505 23.56997 40.02878
v -0.9946247 28.82114 -4.565403
v -0.9946247 29.37447 29.23956
v -1.415505 29.79524 29.22061
v -1.415505 29.24183 -4.589055
v -0.9946247 28.54422 -26.89302
v -1.415505 28.96512 -26.89824
v -0.9946247 20.61991 29.63393
v -0.9946247 19.27887 -4.028987
v -1.415505 18.8568 -4.005259
v -1.415505 20.19765 29.65296
v -1.415505 21.23528 35.48939
v -0.9946247 18.10094 -8.542617
v -1.415505 17.54941 -9.014944
v -0.9946247 21.65342 35.44715
v -0.9946247 28.54418 -31.99996
v -0.9946247 28.54422 -26.89302
v -1.415505 28.96512 -26.89824
v -1.415505 28.96512 -31.99996
v -0.9946247 28.54418 -35.72506
v -1.415505 28.96512 -35.80463
v -1.415505 28.01396 -38.22577
v -0.9946247 27.616 -38.08766
v -0.9946247 26.96991 -40.22289
v -1.415505 27.37275 -40.34477
v -1.415505 26.73156 -42.46377
v -0.9946247 26.32206 -42.36385
v -0.9946247 25.24532 -55.51192
v -1.415505 25.66535 -55.71034
v -1.415505 23.21789 -57.74068
v -0.9946247 22.8068 -57.53487
v -1.415505 26.35783 -54.18745
v -0.9946247 25.9378 -53.98906
v -0.9946247 25.96628 -47.38888
v -0.9946247 26.0695 -43.71455
v -1.415505 26.48929 -43.75942
v -1.415505 26.38701 -47.4007
v -0.9946247 25.94948 -51.26817
v -1.415505 26.37038 -51.26999
v -0.9946247 25.9378 -53.98906
v -0.9946247 26.32206 -42.36385
v -1.415505 26.73156 -42.46377
v -1.415505 26.35783 -54.18745
v -0.9946247 21.76778 -82.80128
v -1.415505 22.17437 -83.24192
v -1.415505 3.952871 -82.37722
v -0.9946247 4.380178 -81.97614
v -0.9946247 21.76778 -82.80128
v -0.9946247 22.26466 -68.36314
v -1.415505 22.68715 -68.34164
v -1.415505 22.17437 -83.24192
v -0.9946247 22.3609 -66.44102
v -1.415505 22.7887 -66.3133
v -1.415505 23.21789 -57.74068
v -0.9946247 22.8068 -57.53487
v -0.9946247 5.712892 -69.37835
v -1.415505 5.299857 -69.17724
v -0.9946247 4.564616 -70.35606
v -1.415505 4.146805 -70.15901
v -0.9946247 4.380178 -81.97614
v -1.415505 3.952871 -82.37722
v -0.9946247 25.00841 40.55865
v -1.415505 24.87101 40.97953
v -1.415505 27.89371 40.97953
v -0.9946247 28.31472 40.55865
v -1.415505 23.56997 40.02878
v -0.9946247 23.84513 39.70857
v -4.862422 29.79524 34.62469
v -5.283302 29.37447 34.66719
v -5.283302 29.37447 29.23956
v -4.862422 29.79524 29.22061
v -5.283302 28.82114 -4.565403
v -4.862422 29.24183 -4.589055
v -5.283302 28.54418 -24.01191
v -4.862422 29.79524 40.02878
v -5.283302 29.37447 40.02878
v -4.862422 28.96512 -31.99996
v -4.862422 28.96512 -26.89824
v -5.283302 28.54418 -31.99996
v -5.283302 28.54418 -35.72506
v -4.862422 28.96512 -35.80463
v -4.862422 21.23528 35.48939
v -5.283321 21.65342 35.44715
v -5.283302 23.84513 39.70857
v -4.862422 23.56997 40.02878
v -5.283302 25.00841 40.55865
v -5.283321 20.61991 29.63393
v -4.862422 20.19765 29.65296
v -4.862422 18.8568 -4.005259
v -5.283302 19.27889 -4.028987
v -5.283321 18.10094 -8.542617
v -4.862422 17.54941 -9.014944
v -4.862422 24.87101 40.97953
v -4.862422 27.89371 40.97953
v -5.283302 28.31472 40.55865
v -4.862422 12.88232 -26.89824
v -4.862422 12.88232 -31.99996
v -5.283302 13.31001 -31.99996
v -5.283302 13.31001 -25.43342
v -4.862422 13.91995 -35.80463
v -5.283302 14.29479 -35.61079
v -4.862422 14.95758 -38.22577
v -5.283302 15.48234 -38.38172
v -4.862422 28.01396 -38.22577
v -4.862422 28.96512 -35.80463
v -5.283302 28.54418 -35.72506
v -5.283302 27.616 -38.08766
v -4.862422 22.17437 -83.24192
v -5.283302 21.92287 -82.80863
v -5.283302 4.380178 -81.97614
v -4.862422 3.952871 -82.37722
v -4.862422 17.90215 -13.32729
v -4.862422 16.34892 -13.61493
v -5.283302 16.68097 -13.98149
v -5.283321 18.10763 -13.71729
v -4.862422 19.20099 -12.02514
v -5.283321 19.63378 -12.18723
v -5.283321 19.48537 -9.98981
v -4.862422 19.07784 -10.20172
v -5.283321 17.73377 -8.575726
v -4.862422 17.60191 -9.010206
v -0.9946247 16.67437 -13.98272
v -1.415505 16.34892 -13.61493
v -1.415505 17.90215 -13.32729
v -0.9946247 18.10763 -13.71729
v -1.415505 19.20099 -12.02514
v -0.9946247 19.63378 -12.18723
v -0.9946247 19.48537 -9.98981
v -1.415505 19.07784 -10.20172
v -0.9946247 17.73377 -8.575726
v -1.415505 17.60191 -9.010206
v -4.862422 17.60191 -9.010206
v -5.283321 17.73377 -8.575726
v -5.283321 18.10094 -8.542617
v -0.9946247 17.73377 -8.575726
v -1.415505 17.60191 -9.010206
v -1.415505 17.54941 -9.014944
v -4.862422 12.88232 -26.89824
v -5.283302 13.31001 -25.43342
v -5.283302 16.68097 -13.98149
v -0.9946247 16.67437 -13.98272
v -0.9946247 13.31555 -26.85299
v -1.415505 12.88232 -26.89824
v -1.415505 16.34892 -13.61493
v -4.862422 5.019928 -39.81363
v -1.415505 5.019928 -39.81363
v -1.415505 4.011876 -40.86504
v -4.862422 4.011876 -40.86504
v -0.9946247 22.8068 -57.53487
v -0.9946247 25.24532 -55.51192
v -4.862422 29.24183 -4.589055
v -5.283302 28.54418 -24.01191
v -4.862422 28.96512 -26.89824
v -4.862422 17.60191 -9.010206
v -5.283321 18.10094 -8.542617
v -4.862422 17.54941 -9.014944
v -0.9946247 17.73377 -8.575726
v -1.415505 17.54941 -9.014944
v -0.9946247 18.10094 -8.542617
v -4.862422 12.88232 -26.89824
v -5.283302 16.68097 -13.98149
v -4.862422 16.34892 -13.61493
v -5.283302 15.48234 -38.38172
v -5.283302 14.29479 -35.61079
v -0.9946247 26.0695 -43.71455
v -0.9946247 25.96628 -47.38888
v -0.9946247 18.10094 -8.542617
v -0.9946247 17.73377 -8.575726
v -1.620756 26.70051 -56.55505
v -1.620756 25.7594 -81.57268
v -4.65719 25.7594 -81.57268
v -4.65719 26.70051 -56.55505
v -1.73399 26.95078 -56.19884
v -0.9946247 27.33633 -56.30893
v -1.252378 27.43985 -56.00953
v -4.543937 26.95078 -56.19884
v -5.283302 27.33633 -56.30893
v -5.025549 27.43985 -56.00953
v -2.657218 17.69053 -31.99674
v -2.657218 17.78986 -32.55949
v -2.657218 16.41376 -32.01604
v -2.657218 18.98665 -32.14277
v -2.657218 16.62226 -31.59903
v -2.657218 19.092 -32.73977
v -2.657218 21.20929 -32.53728
v -2.657218 21.20929 -31.91178
v -3.620728 16.41376 -32.01604
v -3.620728 17.78986 -32.55949
v -3.620728 17.69053 -31.99674
v -3.620728 16.62226 -31.59903
v -3.620728 18.98665 -32.14277
v -3.620728 19.092 -32.73977
v -3.620728 21.20929 -32.53728
v -3.620728 21.20929 -31.91178
v -2.657218 16.41376 -32.01604
v -2.657218 17.78986 -32.55949
v -3.620728 17.78986 -32.55949
v -3.620728 16.41376 -32.01604
v -3.620728 19.092 -32.73977
v -2.657218 19.092 -32.73977
v -3.620728 21.20929 -32.53728
v -2.657218 21.20929 -32.53728
v -2.657218 16.62226 -31.59903
v -2.657218 16.41376 -32.01604
v -3.620728 16.41376 -32.01604
v -3.620728 16.62226 -31.59903
v -1.620756 29.77909 -82.35262
v -0.9946247 29.15566 -82.23165
v -0.9946247 29.79506 -55.35717
v -1.620756 30.42718 -55.11247
v -2.657218 17.69053 -31.99674
v -2.657218 16.62226 -31.59903
v -3.620728 16.62226 -31.59903
v -3.620728 17.69053 -31.99674
v -2.657218 18.98665 -32.14277
v -3.620728 18.98665 -32.14277
v -2.657218 21.20929 -31.91178
v -3.620728 21.20929 -31.91178
v -4.549347 29.51984 -82.56409
v -5.025549 29.04569 -82.47209
v -4.549519 26.00267 -81.88166
v -1.728408 26.00267 -81.88166
v -1.72858 29.51984 -82.56409
v -1.252378 29.04569 -82.47209
v -1.252378 26.4756 -81.97344
v -5.025549 26.4756 -81.97344
v -5.283302 29.79506 -55.35717
v -5.283302 29.15566 -82.23165
v -4.65719 29.77909 -82.35262
v -4.65719 30.42718 -55.11247
v -2.657218 21.20929 -32.53728
v -2.657218 21.20929 -31.91178
v -3.620728 21.20929 -31.91178
v -3.620728 21.20929 -32.53728
v -4.65719 26.70051 -56.55505
v -4.65719 25.7594 -81.57268
v -5.283302 26.38143 -81.69337
v -5.283302 27.33633 -56.30893
v -1.592059 30.4351 -34.4211
v -1.304305 30.4351 -34.4211
v -1.304305 28.96512 -35.54521
v -1.592059 28.96512 -35.54521
v -5.038631 28.96512 -35.54521
v -5.038631 29.87045 -34.8529
v -4.750876 29.87045 -34.8529
v -4.750876 28.96512 -35.54521
v -1.304305 28.43743 -37.17462
v -1.304305 29.90744 -36.05051
v -1.592059 29.90744 -36.05051
v -1.592059 28.43743 -37.17462
v -4.750876 29.34278 -36.48228
v -5.038631 29.34278 -36.48228
v -5.038631 28.43743 -37.17462
v -4.750876 28.43743 -37.17462
v -4.750876 28.96512 -35.54521
v -4.750876 29.87045 -34.8529
v -4.750876 29.34278 -36.48228
v -4.750876 28.43743 -37.17462
v -5.038631 28.96512 -35.54521
v -4.750876 28.96512 -35.54521
v -4.750876 28.43743 -37.17462
v -5.038631 28.43743 -37.17462
v -4.750876 29.87045 -34.8529
v -5.038631 29.87045 -34.8529
v -5.038631 29.34278 -36.48228
v -4.750876 29.34278 -36.48228
v -1.592059 28.96512 -35.54521
v -1.304305 28.96512 -35.54521
v -1.304305 28.43743 -37.17462
v -1.592059 28.43743 -37.17462
v -1.592059 28.96512 -35.54521
v -1.592059 28.43743 -37.17462
v -1.592059 29.90744 -36.05051
v -1.592059 30.4351 -34.4211
v -5.038631 28.96512 -35.54521
v -5.038631 28.43743 -37.17462
v -5.038631 29.34278 -36.48228
v -5.038631 29.87045 -34.8529
v -1.304305 28.96512 -35.54521
v -1.304305 30.4351 -34.4211
v -1.304305 29.90744 -36.05051
v -1.304305 28.43743 -37.17462
v -1.304305 30.4351 -34.4211
v -1.592059 30.4351 -34.4211
v -1.592059 29.90744 -36.05051
v -1.304305 29.90744 -36.05051
v -0.9946247 29.15566 -82.23165
v -0.9946247 26.38145 -81.69337
v -0.9946247 27.33633 -56.30893
v -0.9946247 29.79506 -55.35717
v -1.620756 29.77909 -82.35262
v -1.620756 30.42718 -55.11247
v -4.65719 30.42718 -55.11247
v -4.65719 29.77909 -82.35262
v -5.283302 27.33633 -56.30893
v -5.283302 26.38143 -81.69337
v -5.283302 29.15566 -82.23165
v -5.283302 29.79506 -55.35717
v -4.543937 26.95078 -56.19884
v -5.025549 27.43985 -56.00953
v -4.544378 30.19304 -54.94378
v -1.733549 30.19304 -54.94378
v -1.73399 26.95078 -56.19884
v -1.252378 27.43985 -56.00953
v -1.252378 29.70725 -55.13182
v -5.025549 29.70725 -55.13182
v -3.183313 32.15191 2.384176
v -3.183313 32.15191 85.15852
v -4.381252 31.6557 85.15852
v -4.381252 31.6557 2.384176
v -1.985375 31.6557 2.384176
v -1.985375 31.6557 85.15852
v -4.381252 31.6557 2.384176
v -4.381252 31.6557 85.15852
v -4.877442 30.45776 85.15852
v -4.877442 30.45776 2.384176
v -4.381252 29.25982 85.15852
v -4.381252 29.25982 2.384176
v -4.381252 29.25982 2.384176
v -4.381252 29.25982 85.15852
v -3.183313 28.76363 85.15852
v -3.183313 28.76363 2.384176
v -1.985375 29.25982 85.15852
v -1.985375 29.25982 2.384176
v -1.985375 29.25982 85.15852
v -1.489165 30.45776 85.15852
v -1.489165 30.45776 2.384176
v -1.985375 31.6557 85.15852
v -1.985375 29.25982 2.384176
v -1.985375 31.6557 2.384176
v -1.489165 30.45776 2.384176
v -4.877442 30.45776 2.384176
v -3.183313 28.76363 2.384176
v -4.381252 31.6557 2.384176
v -3.183313 32.15191 2.384176
v -1.985375 31.6557 2.384176
v -1.985375 29.25982 2.384176
v -4.381252 29.25982 2.384176
v -1.983149 30.45778 85.15852
v -2.334666 29.60913 85.15852
v -3.156285 30.43078 70.58359
v -3.145083 30.45782 70.58359
v -1.728408 26.00267 -81.88166
v -1.620756 25.7594 -81.57268
v -0.9946247 26.38145 -81.69337
v -1.252378 26.4756 -81.97344
v -0.9946247 29.15566 -82.23165
v -1.252378 29.04569 -82.47209
v -1.620756 29.77909 -82.35262
v -1.72858 29.51984 -82.56409
v -1.252378 29.70725 -55.13182
v -1.733549 30.19304 -54.94378
v -1.620756 30.42718 -55.11247
v -4.65719 30.42718 -55.11247
v -0.9946247 29.79506 -55.35717
v -4.544378 30.19304 -54.94378
v -5.025549 29.70725 -55.13182
v -5.283302 29.79506 -55.35717
v -4.549519 26.00267 -81.88166
v -5.025549 26.4756 -81.97344
v -5.283302 26.38143 -81.69337
v -4.65719 25.7594 -81.57268
v -5.025549 29.04569 -82.47209
v -4.549347 29.51984 -82.56409
v -4.65719 29.77909 -82.35262
v -5.283302 29.15566 -82.23165
v -1.728408 26.00267 -81.88166
v -4.549519 26.00267 -81.88166
v -4.65719 25.7594 -81.57268
v -1.620756 25.7594 -81.57268
v -1.252378 27.43985 -56.00953
v -1.252378 29.70725 -55.13182
v -0.9946247 29.79506 -55.35717
v -0.9946247 27.33633 -56.30893
v -1.620756 29.77909 -82.35262
v -4.65719 29.77909 -82.35262
v -4.549347 29.51984 -82.56409
v -1.72858 29.51984 -82.56409
v -5.283302 29.15566 -82.23165
v -5.283302 26.38143 -81.69337
v -5.025549 26.4756 -81.97344
v -5.025549 29.04569 -82.47209
v -5.283302 29.79506 -55.35717
v -5.025549 29.70725 -55.13182
v -5.025549 27.43985 -56.00953
v -5.283302 27.33633 -56.30893
v -0.9946247 26.38145 -81.69337
v -1.620756 25.7594 -81.57268
v -1.620756 26.70051 -56.55505
v -0.9946247 27.33633 -56.30893
v -1.736234 24.69384 -2.098493
v -2.357033 23.19508 -2.098493
v -2.357033 24.951 -2.098493
v -2.977851 24.69384 -2.098493
v -3.23499 24.07304 -2.098493
v -2.977851 23.45224 -2.098493
v -1.479094 24.07304 -2.098493
v -1.736234 23.45224 -2.098493
v -1.479094 24.07304 -5.781104
v -3.23499 24.07304 -5.781104
v -2.357033 23.19508 -5.781104
v -1.736234 24.69384 -5.781104
v -2.357033 24.951 -5.781104
v -2.977851 24.69384 -5.781104
v -1.736234 23.45224 -5.781104
v -2.977851 23.45224 -5.781104
v -2.977851 24.69384 -2.098493
v -3.23499 24.07304 -2.098493
v -3.23499 24.07304 -5.781104
v -2.977851 24.69384 -5.781104
v -2.357033 24.951 -2.098493
v -2.977851 24.69384 -2.098493
v -2.977851 24.69384 -5.781104
v -2.357033 24.951 -5.781104
v -1.736234 23.45224 -2.098493
v -1.479094 24.07304 -2.098493
v -1.479094 24.07304 -5.781104
v -1.736234 23.45224 -5.781104
v -2.357033 23.19508 -2.098493
v -1.736234 23.45224 -2.098493
v -1.736234 23.45224 -5.781104
v -2.357033 23.19508 -5.781104
v -2.977851 23.45224 -2.098493
v -2.357033 23.19508 -2.098493
v -2.357033 23.19508 -5.781104
v -2.977851 23.45224 -5.781104
v -3.23499 24.07304 -2.098493
v -2.977851 23.45224 -2.098493
v -2.977851 23.45224 -5.781104
v -3.23499 24.07304 -5.781104
v -1.736234 24.69384 -2.098493
v -2.357033 24.951 -2.098493
v -2.357033 24.951 -5.781104
v -1.736234 24.69384 -5.781104
v -1.479094 24.07304 -2.098493
v -1.736234 24.69384 -2.098493
v -1.736234 24.69384 -5.781104
v -1.479094 24.07304 -5.781104
v -4.03194 31.3064 85.15852
v -4.381252 31.6557 85.15852
v -3.183313 32.15191 85.15852
v -3.183313 31.65792 85.15852
v -2.334666 31.3064 85.15852
v -4.383458 30.45778 85.15852
v -4.877442 30.45776 85.15852
v -4.03194 29.60913 85.15852
v -4.381252 29.25982 85.15852
v -3.183313 29.25761 85.15852
v -3.183313 28.76363 85.15852
v -1.985375 29.25982 85.15852
v -2.334666 29.60913 85.15852
v -1.489165 30.45776 85.15852
v -1.983149 30.45778 85.15852
v -1.985375 31.6557 85.15852
v -1.983149 30.45778 85.15852
v -3.145083 30.45782 70.58359
v -3.156285 30.48484 70.58359
v -2.334666 31.3064 85.15852
v -4.383458 30.45778 85.15852
v -4.03194 31.3064 85.15852
v -3.210341 30.48484 70.58359
v -3.221524 30.45782 70.58359
v -4.03194 31.3064 85.15852
v -3.183313 31.65792 85.15852
v -3.183313 30.49603 70.58359
v -3.210341 30.48484 70.58359
v -4.03194 29.60913 85.15852
v -4.383458 30.45778 85.15852
v -3.221524 30.45782 70.58359
v -3.210341 30.43078 70.58359
v -3.183313 31.65792 85.15852
v -2.334666 31.3064 85.15852
v -3.156285 30.48484 70.58359
v -3.183313 30.49603 70.58359
v -2.334666 29.60913 85.15852
v -3.183313 29.25761 85.15852
v -3.183313 30.41958 70.58359
v -3.156285 30.43078 70.58359
v -3.850111 17.36328 -73.12833
v -2.970408 17.36328 -72.24863
v -2.970408 17.36328 -73.12833
v -3.410259 17.36328 -72.06646
v -3.850111 17.36328 -72.24863
v -4.032286 17.36328 -72.68848
v -3.410259 17.36328 -73.31053
v -2.788214 17.36328 -72.68848
v -2.970408 18.85935 -72.24863
v -2.970408 17.36328 -72.24863
v -3.410259 17.36328 -72.06646
v -3.410259 18.85935 -72.06646
v -2.788214 18.85935 -72.68848
v -2.788214 17.36328 -72.68848
v -2.970408 17.36328 -72.24863
v -2.970408 18.85935 -72.24863
v -4.032286 18.85935 -72.68848
v -2.788214 18.85935 -72.68848
v -3.410259 18.85935 -72.06646
v -3.850111 18.85935 -72.24863
v -2.970408 18.85935 -72.24863
v -3.850111 18.85935 -73.12833
v -3.410259 18.85935 -73.31053
v -2.970408 18.85935 -73.12833
v -2.970408 18.85935 -73.12833
v -2.970408 17.36328 -73.12833
v -2.788214 17.36328 -72.68848
v -2.788214 18.85935 -72.68848
v -3.410259 18.85935 -73.31053
v -3.410259 17.36328 -73.31053
v -2.970408 17.36328 -73.12833
v -2.970408 18.85935 -73.12833
v -3.850111 18.85935 -73.12833
v -3.850111 17.36328 -73.12833
v -3.410259 17.36328 -73.31053
v -3.410259 18.85935 -73.31053
v -4.032286 18.85935 -72.68848
v -4.032286 17.36328 -72.68848
v -3.850111 17.36328 -73.12833
v -3.850111 18.85935 -73.12833
v -3.850111 18.85935 -72.24863
v -3.850111 17.36328 -72.24863
v -4.032286 17.36328 -72.68848
v -4.032286 18.85935 -72.68848
v -3.410259 18.85935 -72.06646
v -3.410259 17.36328 -72.06646
v -3.850111 17.36328 -72.24863
v -3.850111 18.85935 -72.24863
v -3.410259 18.85935 -62.68576
v -3.410259 17.36328 -62.68576
v -3.850111 17.36328 -62.86795
v -3.850111 18.85935 -62.86795
v -3.850111 18.85935 -62.86795
v -3.850111 17.36328 -62.86795
v -4.032286 17.36328 -63.3078
v -4.032286 18.85935 -63.3078
v -4.032286 18.85935 -63.3078
v -4.032286 17.36328 -63.3078
v -3.850111 17.36328 -63.74763
v -3.850111 18.85935 -63.74763
v -3.850111 18.85935 -63.74763
v -3.850111 17.36328 -63.74763
v -3.410259 17.36328 -63.92985
v -3.410259 18.85935 -63.92985
v -3.410259 18.85935 -63.92985
v -3.410259 17.36328 -63.92985
v -2.970408 17.36328 -63.74763
v -2.970408 18.85935 -63.74763
v -2.970408 18.85935 -63.74763
v -2.970408 17.36328 -63.74763
v -2.788214 17.36328 -63.3078
v -2.788214 18.85935 -63.3078
v -4.032286 18.85935 -63.3078
v -2.788214 18.85935 -63.3078
v -3.410259 18.85935 -62.68576
v -3.850111 18.85935 -62.86795
v -2.970408 18.85935 -62.86795
v -3.850111 18.85935 -63.74763
v -3.410259 18.85935 -63.92985
v -2.970408 18.85935 -63.74763
v -2.788214 18.85935 -63.3078
v -2.788214 17.36328 -63.3078
v -2.970408 17.36328 -62.86795
v -2.970408 18.85935 -62.86795
v -2.970408 18.85935 -62.86795
v -2.970408 17.36328 -62.86795
v -3.410259 17.36328 -62.68576
v -3.410259 18.85935 -62.68576
v -3.850111 17.36328 -63.74763
v -2.970408 17.36328 -62.86795
v -2.970408 17.36328 -63.74763
v -3.410259 17.36328 -62.68576
v -3.850111 17.36328 -62.86795
v -4.032286 17.36328 -63.3078
v -3.410259 17.36328 -63.92985
v -2.788214 17.36328 -63.3078
v -2.369195 19.26473 -76.00145
v -4.247724 19.26473 -77.65729
v -2.480529 19.26473 -77.76862
v -2.480529 19.26473 -75.89011
v -4.13637 19.26473 -75.89011
v -4.247724 19.26473 -76.00145
v -2.369195 19.26473 -77.65729
v -4.136389 19.26473 -77.76862
v -3.473043 18.21245 -76.88263
v -3.680136 18.41785 -77.08971
v -3.680136 18.41785 -76.56904
v -4.247724 19.26473 -76.00145
v -3.473043 18.21245 -76.77611
v -4.247724 19.26473 -77.65729
v -3.143855 10.73647 -76.88263
v -2.936781 10.53104 -77.08971
v -2.936781 10.53104 -76.56904
v -3.048116 10.53104 -77.20103
v -2.480529 9.684158 -77.76862
v -3.143855 10.73647 -76.77611
v -2.369195 9.684158 -77.65729
v -3.255189 10.73647 -76.99397
v -3.568783 10.53104 -77.20103
v -3.361709 10.73647 -76.99397
v -3.473043 10.73647 -76.88263
v -3.048116 10.53104 -76.45768
v -3.255189 10.73647 -76.66477
v -2.480529 9.684158 -75.89011
v -2.369195 9.684158 -76.00145
v -3.680136 10.53104 -77.08971
v -3.680136 10.53104 -76.56904
v -3.473043 10.73647 -76.77611
v -4.136389 9.684158 -77.76862
v -4.247724 9.684158 -77.65729
v -3.568783 10.53104 -76.45768
v -3.361709 10.73647 -76.66477
v -4.136389 9.684158 -75.89011
v -4.247724 9.684158 -76.00145
v -2.936781 18.41785 -77.08971
v -2.936781 18.41785 -76.56904
v -2.369195 19.26473 -76.00145
v -2.369195 19.26473 -77.65729
v -3.143855 18.21245 -76.88263
v -3.143855 18.21245 -76.77611
v -3.361709 10.73647 -76.66477
v -3.361709 18.21245 -76.66477
v -3.255189 18.21245 -76.66477
v -3.255189 10.73647 -76.66477
v -4.136389 9.684158 -77.76862
v -2.480529 9.684158 -75.89011
v -2.369195 9.684158 -77.65729
v -4.136389 9.684158 -75.89011
v -4.247724 9.684158 -76.00145
v -4.247724 9.684158 -77.65729
v -2.480529 9.684158 -77.76862
v -2.369195 9.684158 -76.00145
v -2.936781 10.53104 -77.08971
v -2.369195 9.684158 -77.65729
v -2.369195 9.684158 -76.00145
v -2.936781 10.53104 -76.56904
v -4.136389 19.26473 -77.76862
v -3.568783 18.41785 -77.20103
v -3.048116 18.41785 -77.20103
v -2.480529 19.26473 -77.76862
v -3.361709 18.21245 -76.99397
v -3.255189 18.21245 -76.99397
v -3.361709 10.73647 -76.66477
v -3.255189 10.73647 -76.66477
v -3.048116 10.53104 -76.45768
v -3.568783 10.53104 -76.45768
v -2.480529 9.684158 -75.89011
v -4.136389 9.684158 -75.89011
v -3.255189 10.73647 -76.99397
v -3.255189 18.21245 -76.99397
v -3.361709 18.21245 -76.99397
v -3.361709 10.73647 -76.99397
v -2.480529 19.26473 -75.89011
v -3.048116 18.41785 -76.45768
v -3.568783 18.41785 -76.45768
v -4.13637 19.26473 -75.89011
v -3.473043 10.73647 -76.88263
v -3.473043 18.21245 -76.88263
v -3.473043 18.21245 -76.77611
v -3.473043 10.73647 -76.77611
v -3.680136 10.53104 -77.08971
v -3.680136 10.53104 -76.56904
v -4.247724 9.684158 -76.00145
v -4.247724 9.684158 -77.65729
v -3.048116 10.53104 -77.20103
v -3.568783 10.53104 -77.20103
v -4.136389 9.684158 -77.76862
v -2.480529 9.684158 -77.76862
v -3.255189 18.21245 -76.66477
v -3.361709 18.21245 -76.66477
v -3.568783 18.41785 -76.45768
v -3.048116 18.41785 -76.45768
v -3.143855 18.21245 -76.77611
v -2.936781 18.41785 -76.56904
v -2.480529 19.26473 -75.89011
v -2.369195 19.26473 -76.00145
v -3.473043 18.21245 -76.77611
v -3.680136 18.41785 -76.56904
v -4.247724 19.26473 -76.00145
v -4.13637 19.26473 -75.89011
v -2.480529 19.26473 -77.76862
v -3.048116 18.41785 -77.20103
v -2.936781 18.41785 -77.08971
v -2.369195 19.26473 -77.65729
v -3.143855 18.21245 -76.88263
v -3.255189 18.21245 -76.99397
v -3.568783 18.41785 -77.20103
v -4.136389 19.26473 -77.76862
v -4.247724 19.26473 -77.65729
v -3.680136 18.41785 -77.08971
v -3.361709 18.21245 -76.99397
v -3.473043 18.21245 -76.88263
v -3.143855 10.73647 -76.88263
v -3.143855 18.21245 -76.88263
v -3.255189 18.21245 -76.99397
v -3.255189 10.73647 -76.99397
v -3.473043 18.21245 -76.88263
v -3.473043 10.73647 -76.88263
v -3.361709 10.73647 -76.99397
v -3.361709 18.21245 -76.99397
v -3.361709 18.21245 -76.66477
v -3.361709 10.73647 -76.66477
v -3.473043 10.73647 -76.77611
v -3.473043 18.21245 -76.77611
v -3.143855 18.21245 -76.77611
v -3.143855 10.73647 -76.77611
v -3.255189 10.73647 -76.66477
v -3.255189 18.21245 -76.66477
v -3.143855 10.73647 -76.77611
v -3.143855 18.21245 -76.77611
v -3.143855 18.21245 -76.88263
v -3.143855 10.73647 -76.88263
v -3.22843 5.447657 -67.47276
v -3.22843 4.584048 -67.47276
v -3.707778 4.584048 -67.67131
v -3.707778 5.447657 -67.67131
v -3.707778 5.447657 -67.67131
v -3.707778 4.584048 -67.67131
v -3.906316 4.584048 -68.15065
v -3.906316 5.447657 -68.15065
v -3.906316 5.447657 -68.15065
v -3.906316 4.584048 -68.15065
v -3.707778 4.584048 -68.63
v -3.707778 5.447657 -68.63
v -3.707778 5.447657 -68.63
v -3.707778 4.584048 -68.63
v -3.22843 4.584048 -68.82853
v -3.22843 5.447657 -68.82853
v -3.22843 5.447657 -68.82853
v -3.22843 4.584048 -68.82853
v -2.749101 4.584048 -68.63
v -2.749101 5.447657 -68.63
v -2.749101 5.447657 -68.63
v -2.749101 4.584048 -68.63
v -2.550545 4.584048 -68.15065
v -2.550545 5.447657 -68.15065
v -3.22843 5.447657 -67.47276
v -3.22843 5.447657 -68.82853
v -2.550545 5.447657 -68.15065
v -2.749101 5.447657 -67.67131
v -2.749101 5.447657 -68.63
v -3.906316 5.447657 -68.15065
v -3.707778 5.447657 -67.67131
v -3.707778 5.447657 -68.63
v -2.550545 5.447657 -68.15065
v -2.550545 4.584048 -68.15065
v -2.749101 4.584048 -67.67131
v -2.749101 5.447657 -67.67131
v -2.749101 5.447657 -67.67131
v -2.749101 4.584048 -67.67131
v -3.22843 4.584048 -67.47276
v -3.22843 5.447657 -67.47276
v -2.550545 4.584048 -68.15065
v -3.707778 4.584048 -68.63
v -2.749101 4.584048 -67.67131
v -3.22843 4.584048 -67.47276
v -3.707778 4.584048 -67.67131
v -3.906316 4.584048 -68.15065
v -2.749101 4.584048 -68.63
v -3.22843 4.584048 -68.82853
v -2.214987 23.00125 44.16588
v -1.430832 23.7854 44.16588
v -1.660502 23.23092 44.16588
v -4.847115 23.7854 44.16588
v -4.847115 27.38127 44.16588
v -1.430832 27.38127 44.16588
v -4.06294 23.00125 44.16588
v -4.617425 23.23092 44.16588
v -4.847115 23.7854 38.73618
v -4.847115 27.38127 38.73618
v -4.847115 27.38127 44.16588
v -4.847115 23.7854 44.16588
v -4.617425 23.23092 44.16588
v -4.617425 23.23092 38.73618
v -2.214987 23.00125 38.73618
v -4.06294 23.00125 38.73618
v -4.06294 23.00125 44.16588
v -2.214987 23.00125 44.16588
v -1.660502 23.23092 44.16588
v -1.660502 23.23092 38.73618
v -4.617425 23.23092 38.73618
v -4.617425 23.23092 44.16588
v -1.430832 27.38127 38.73618
v -1.430832 23.7854 38.73618
v -1.430832 23.7854 44.16588
v -1.660502 23.23092 38.73618
v -1.430832 27.38127 44.16588
v -1.660502 23.23092 44.16588
v -4.847115 27.38127 38.73618
v -1.430832 27.38127 38.73618
v -1.430832 27.38127 44.16588
v -4.847115 27.38127 44.16588
v -2.214987 23.00125 38.73618
v -1.430832 23.7854 38.73618
v -4.847115 23.7854 38.73618
v -1.660502 23.23092 38.73618
v -4.06294 23.00125 38.73618
v -4.617425 23.23092 38.73618
v -4.847115 27.38127 38.73618
v -1.430832 27.38127 38.73618
v -3.221524 30.45782 70.58359
v -3.156285 30.48484 70.58359
v -3.210341 30.43078 70.58359
v -3.183313 30.41958 70.58359
v -3.156285 30.43078 70.58359
v -3.145083 30.45782 70.58359
v -3.210341 30.48484 70.58359
v -3.183313 30.49603 70.58359
v -3.183313 29.25761 85.15852
v -4.03194 29.60913 85.15852
v -3.210341 30.43078 70.58359
v -3.183313 30.41958 70.58359
v -3.284097 32.04588 -35.8498
v -3.284097 32.04588 -9.825168
v -4.057818 31.83856 -9.825168
v -4.057818 31.83856 -35.8498
v -2.510358 31.83856 -35.8498
v -2.510358 31.83856 -9.825168
v -1.94396 31.27215 -35.8498
v -1.94396 31.27215 -9.825168
v -4.057818 31.83856 -35.8498
v -4.057818 31.83856 -9.825168
v -4.624215 31.27215 -9.825168
v -4.624215 31.27215 -35.8498
v -4.831539 30.49842 -9.825168
v -4.831539 30.49842 -35.8498
v -4.624215 29.7247 -9.825168
v -4.624215 29.7247 -35.8498
v -4.624215 29.7247 -35.8498
v -4.624215 29.7247 -9.825168
v -4.057818 29.15829 -9.825168
v -4.057818 29.15829 -35.8498
v -3.284097 28.95096 -9.825168
v -3.284097 28.95096 -35.8498
v -2.510358 29.15829 -9.825168
v -2.510358 29.15829 -35.8498
v -2.510358 29.15829 -35.8498
v -2.510358 29.15829 -9.825168
v -1.94396 29.7247 -9.825168
v -1.94396 29.7247 -35.8498
v -1.736637 30.49842 -9.825168
v -1.736637 30.49842 -35.8498
v -1.94396 31.27215 -9.825168
v -1.94396 31.27215 -35.8498
v -4.624215 29.7247 -35.8498
v -1.94396 31.27215 -35.8498
v -4.624215 31.27215 -35.8498
v -4.057818 31.83856 -35.8498
v -3.284097 32.04588 -35.8498
v -2.510358 31.83856 -35.8498
v -4.831539 30.49842 -35.8498
v -3.284097 28.95096 -35.8498
v -2.510358 29.15829 -35.8498
v -1.94396 29.7247 -35.8498
v -1.736637 30.49842 -35.8498
v -4.057818 29.15829 -35.8498
v -4.057818 31.83856 -9.825168
v -2.510358 29.15829 -9.825168
v -4.831539 30.49842 -9.825168
v -4.624215 31.27215 -9.825168
v -4.624215 29.7247 -9.825168
v -4.057818 29.15829 -9.825168
v -3.284097 28.95096 -9.825168
v -2.510358 31.83856 -9.825168
v -3.284097 32.04588 -9.825168
v -1.94396 31.27215 -9.825168
v -1.736637 30.49842 -9.825168
v -1.94396 29.7247 -9.825168
v -3.183313 32.0985 84.20493
v -5.520914 32.79538 84.20493
v -4.343482 31.61795 84.20493
v -3.183313 33.76365 84.20493
v -0.8456929 32.79538 84.20493
v -4.824038 30.45778 84.20493
v -6.489182 30.45776 84.20493
v -2.023125 31.61795 84.20493
v -1.542569 30.45778 84.20493
v 0.1225753 30.45776 84.20493
v -4.343482 29.29761 84.20493
v -5.520914 28.12016 84.20493
v -2.023125 29.29761 84.20493
v -0.8456929 28.12016 84.20493
v -3.183313 28.81703 84.20493
v -3.183313 27.15189 84.20493
v -4.911395 32.18586 87.80888
v -3.183313 32.90165 87.80888
v -3.183313 32.90165 93.79478
v -3.183313 33.06564 87.5573
v -4.911395 32.18586 93.79478
v -5.027352 32.30182 87.5573
v -1.455212 32.18586 87.80888
v -1.455212 32.18586 93.79478
v -1.339274 32.30182 87.5573
v -3.183313 32.90165 93.79478
v -0.04141472 30.45778 87.29621
v -0.5754517 30.45776 87.5573
v -1.339274 32.30182 87.5573
v -0.9616503 32.67942 87.29621
v -3.183313 33.59966 87.29621
v -0.9616503 28.23611 87.29621
v -1.339274 28.61372 87.5573
v -3.183313 27.8499 87.5573
v -3.183313 27.31586 87.29621
v -5.027352 28.61372 87.5573
v -5.404976 28.23611 87.29621
v -3.183313 33.06564 87.5573
v -5.404976 32.67942 87.29621
v -5.791174 30.45776 87.55729
v -6.325212 30.45776 87.29621
v -5.027352 32.30182 87.5573
v -5.520914 32.79538 84.20493
v -3.183313 33.76365 84.20493
v -3.183313 33.76365 87.04464
v -5.520914 32.79538 87.04464
v -3.183313 33.59966 87.29621
v -5.404976 32.67942 87.29621
v -0.9616503 32.67942 87.29621
v -0.8456929 32.79538 87.04464
v -3.183313 33.76365 84.20493
v -0.8456929 32.79538 84.20493
v -0.8456929 32.79538 84.20493
v 0.1225753 30.45776 84.20493
v 0.1225753 30.45776 87.04464
v -0.8456929 32.79538 87.04464
v -0.04141472 30.45778 87.29621
v -0.9616503 28.23611 87.29621
v -0.8456929 28.12016 87.04464
v 0.1225753 30.45776 84.20493
v -0.8456929 28.12016 84.20493
v -0.9616503 32.67942 87.29621
v -5.520914 28.12016 84.20493
v -6.489182 30.45776 84.20493
v -6.489182 30.45776 87.04464
v -5.520914 28.12016 87.04464
v -6.325212 30.45776 87.29621
v -5.520914 32.79538 87.04464
v -5.404976 32.67942 87.29621
v -6.489182 30.45776 84.20493
v -5.520914 32.79538 84.20493
v -5.404976 28.23611 87.29621
v -3.183313 27.15189 84.20493
v -5.520914 28.12016 84.20493
v -5.520914 28.12016 87.04464
v -3.183313 27.15189 87.04464
v -5.404976 28.23611 87.29621
v -3.183313 27.31586 87.29621
v -0.8456929 28.12016 87.04464
v -0.8456929 28.12016 84.20493
v -3.183313 27.15189 84.20493
v -0.9616503 28.23611 87.29621
v -3.183313 32.90165 93.79478
v -1.455212 32.18586 93.79478
v -3.183313 32.43578 93.79478
v -1.784631 31.85644 93.79478
v -0.7394226 30.45776 93.79478
v -1.205286 30.45776 93.79478
v -4.581976 31.85644 93.79478
v -4.911395 32.18586 93.79478
v -5.627185 30.45776 93.79478
v -5.161341 30.45776 93.79478
v -1.455212 28.72968 93.79478
v -1.784631 29.05909 93.79478
v -4.911395 28.72968 93.79478
v -4.581976 29.05909 93.79478
v -3.183313 28.47975 93.79478
v -3.183313 28.01389 93.79478
v -3.183313 28.01389 87.80888
v -4.911395 28.72968 87.80888
v -4.911395 28.72968 93.79478
v -3.183313 28.01389 93.79478
v -3.183313 27.8499 87.5573
v -5.027352 28.61372 87.5573
v -1.455212 28.72968 87.80888
v -3.183313 28.01389 93.79478
v -1.455212 28.72968 93.79478
v -1.339274 28.61372 87.5573
v -5.627185 30.45776 87.80888
v -4.911395 32.18586 87.80888
v -4.911395 32.18586 93.79478
v -5.027352 32.30182 87.5573
v -5.627185 30.45776 93.79478
v -5.791174 30.45776 87.55729
v -4.911395 28.72968 87.80888
v -5.627185 30.45776 93.79478
v -4.911395 28.72968 93.79478
v -5.027352 28.61372 87.5573
v -0.7394226 30.45776 87.80888
v -1.455212 28.72968 87.80888
v -1.455212 28.72968 93.79478
v -1.339274 28.61372 87.5573
v -0.7394226 30.45776 93.79478
v -0.5754517 30.45776 87.5573
v -1.339274 32.30182 87.5573
v -1.455212 32.18586 87.80888
v -0.7394226 30.45776 93.79478
v -1.455212 32.18586 93.79478
v -3.995763 24.82804 -2.098493
v -3.995763 24.82804 39.09684
v -4.529646 24.60691 39.09684
v -4.529646 24.60691 -2.098493
v -4.529646 24.60691 -2.098493
v -4.529646 24.60691 39.09684
v -4.750781 24.07304 39.09684
v -4.750781 24.07304 -2.098493
v -4.750781 24.07304 -2.098493
v -4.750781 24.07304 39.09684
v -4.529646 23.53918 39.09684
v -4.529646 23.53918 -2.098493
v -4.529646 23.53918 -2.098493
v -4.529646 23.53918 39.09684
v -3.995763 23.31802 39.09684
v -3.995763 23.31802 -2.098493
v -3.995763 23.31802 -2.098493
v -3.995763 23.31802 39.09684
v -3.461899 23.53918 39.09684
v -3.461899 23.53918 -2.098493
v -3.461899 23.53918 -2.098493
v -3.461899 23.53918 39.09684
v -3.240764 24.07304 39.09684
v -3.240764 24.07304 -2.098493
v -3.995763 23.31802 -2.098493
v -4.750781 24.07304 -2.098493
v -4.529646 23.53918 -2.098493
v -3.461899 23.53918 -2.098493
v -3.240764 24.07304 -2.098493
v -3.461899 24.60691 -2.098493
v -3.995763 24.82804 -2.098493
v -4.529646 24.60691 -2.098493
v -3.240764 24.07304 -2.098493
v -3.240764 24.07304 39.09684
v -3.461899 24.60691 39.09684
v -3.461899 24.60691 -2.098493
v -3.461899 24.60691 -2.098493
v -3.461899 24.60691 39.09684
v -3.995763 24.82804 39.09684
v -3.995763 24.82804 -2.098493
v -3.461899 24.60691 39.09684
v -4.529646 23.53918 39.09684
v -4.529646 24.60691 39.09684
v -3.995763 24.82804 39.09684
v -4.750781 24.07304 39.09684
v -3.995763 23.31802 39.09684
v -3.461899 23.53918 39.09684
v -3.240764 24.07304 39.09684
v -3.183313 32.0985 84.20493
v -3.183313 32.43578 93.79478
v -1.784631 31.85644 93.79478
v -2.023125 31.61795 84.20493
v -2.023125 29.29761 84.20493
v -1.784631 29.05909 93.79478
v -3.183313 28.47975 93.79478
v -3.183313 28.81703 84.20493
v -3.183313 28.81703 84.20493
v -3.183313 28.47975 93.79478
v -4.581976 29.05909 93.79478
v -4.343482 29.29761 84.20493
v -4.343482 31.61795 84.20493
v -4.581976 31.85644 93.79478
v -3.183313 32.43578 93.79478
v -3.183313 32.0985 84.20493
v -1.205286 30.45776 93.79478
v -1.784631 29.05909 93.79478
v -2.023125 29.29761 84.20493
v -1.542569 30.45778 84.20493
v -4.824038 30.45778 84.20493
v -5.161341 30.45776 93.79478
v -4.581976 31.85644 93.79478
v -4.343482 31.61795 84.20493
v -4.343482 29.29761 84.20493
v -4.581976 29.05909 93.79478
v -5.161341 30.45776 93.79478
v -4.824038 30.45778 84.20493
v -1.784631 31.85644 93.79478
v -1.205286 30.45776 93.79478
v -1.542569 30.45778 84.20493
v -2.023125 31.61795 84.20493
v -4.356583 17.36328 -70.73292
v -4.123882 17.36328 -70.63652
v -4.123882 16.76573 -70.63652
v -4.356583 16.76573 -70.73292
v -5.365806 17.36328 -73.63482
v -5.365806 16.76573 -73.63482
v -4.96664 16.76573 -73.79285
v -4.96664 17.36328 -73.79285
v -4.356583 16.76573 -70.73292
v -4.514607 16.76573 -71.1321
v -4.514607 17.36328 -71.1321
v -4.356583 17.36328 -70.73292
v -4.123882 16.76573 -70.63652
v -4.123882 17.36328 -70.63652
v -3.729895 17.36328 -70.80703
v -3.729895 16.76573 -70.80703
v -1.528815 17.36328 -72.36884
v -1.528815 16.76573 -72.36884
v -1.358303 16.76573 -71.97484
v -1.358303 17.36328 -71.97484
v -1.85386 16.76573 -71.58411
v -1.85386 17.36328 -71.58411
v -1.454694 17.36328 -71.74213
v -1.454694 16.76573 -71.74213
v -3.090624 16.76573 -74.56992
v -2.696637 16.76573 -74.74044
v -2.696637 17.36328 -74.74044
v -3.090624 17.36328 -74.56992
v -5.462197 16.76573 -73.4021
v -5.462197 17.36328 -73.4021
v -5.291685 17.36328 -73.00811
v -5.291685 16.76573 -73.00811
v -2.463917 16.76573 -74.64404
v -2.305893 16.76573 -74.24488
v -2.305893 17.36328 -74.24488
v -2.463917 17.36328 -74.64404
v -5.291685 17.36328 -73.00811
v -4.445628 17.36328 -72.68848
v -4.445628 16.76573 -72.68848
v -5.291685 16.76573 -73.00811
v -2.463917 17.36328 -74.64404
v -2.696637 17.36328 -74.74044
v -2.696637 16.76573 -74.74044
v -2.463917 16.76573 -74.64404
v -3.729895 17.36328 -70.80703
v -4.514607 17.36328 -71.1321
v -3.410259 17.36328 -71.65311
v -4.142374 17.36328 -71.95637
v -4.123882 17.36328 -70.63652
v -4.356583 17.36328 -70.73292
v -2.678146 17.36328 -73.4206
v -2.678146 17.36328 -71.95637
v -2.374892 17.36328 -72.68848
v -1.85386 17.36328 -71.58411
v -1.528815 17.36328 -72.36884
v -1.358303 17.36328 -71.97484
v -1.454694 17.36328 -71.74213
v -3.410259 17.36328 -73.72385
v -2.305893 17.36328 -74.24488
v -3.090624 17.36328 -74.56992
v -2.696637 17.36328 -74.74044
v -2.463917 17.36328 -74.64404
v -4.142374 17.36328 -73.4206
v -4.445628 17.36328 -72.68848
v -4.96664 17.36328 -73.79285
v -5.291685 17.36328 -73.00811
v -5.462197 17.36328 -73.4021
v -5.365806 17.36328 -73.63482
v -2.678146 17.36328 -73.4206
v -2.305893 17.36328 -74.24488
v -2.305893 16.76573 -74.24488
v -2.678146 16.76573 -73.4206
v -5.462197 16.76573 -73.4021
v -4.96664 16.76573 -73.79285
v -5.365806 16.76573 -73.63482
v -5.291685 16.76573 -73.00811
v -4.445628 16.76573 -72.68848
v -4.142374 16.76573 -73.4206
v -4.142374 16.76573 -71.95637
v -3.410259 16.76573 -71.65311
v -4.514607 16.76573 -71.1321
v -3.729895 16.76573 -70.80703
v -4.123882 16.76573 -70.63652
v -4.356583 16.76573 -70.73292
v -2.678146 16.76573 -71.95637
v -3.410259 16.76573 -73.72385
v -2.678146 16.76573 -73.4206
v -2.374892 16.76573 -72.68848
v -1.85386 16.76573 -71.58411
v -1.528815 16.76573 -72.36884
v -1.358303 16.76573 -71.97484
v -1.454694 16.76573 -71.74213
v -2.305893 16.76573 -74.24488
v -3.090624 16.76573 -74.56992
v -2.696637 16.76573 -74.74044
v -2.463917 16.76573 -74.64404
v -4.445628 17.36328 -72.68848
v -4.142374 17.36328 -71.95637
v -4.142374 16.76573 -71.95637
v -4.445628 16.76573 -72.68848
v -3.729895 17.36328 -70.80703
v -3.410259 17.36328 -71.65311
v -3.410259 16.76573 -71.65311
v -3.729895 16.76573 -70.80703
v -3.410259 17.36328 -73.72385
v -4.142374 17.36328 -73.4206
v -4.142374 16.76573 -73.4206
v -3.410259 16.76573 -73.72385
v -3.410259 17.36328 -71.65311
v -2.678146 17.36328 -71.95637
v -2.678146 16.76573 -71.95637
v -3.410259 16.76573 -71.65311
v -1.454694 17.36328 -71.74213
v -1.358303 17.36328 -71.97484
v -1.358303 16.76573 -71.97484
v -1.454694 16.76573 -71.74213
v -5.365806 17.36328 -73.63482
v -5.462197 17.36328 -73.4021
v -5.462197 16.76573 -73.4021
v -5.365806 16.76573 -73.63482
v -3.090624 17.36328 -74.56992
v -3.410259 17.36328 -73.72385
v -3.410259 16.76573 -73.72385
v -3.090624 16.76573 -74.56992
v -1.528815 17.36328 -72.36884
v -2.374892 17.36328 -72.68848
v -2.374892 16.76573 -72.68848
v -1.528815 16.76573 -72.36884
v -4.142374 17.36328 -71.95637
v -4.514607 17.36328 -71.1321
v -4.514607 16.76573 -71.1321
v -4.142374 16.76573 -71.95637
v -4.142374 17.36328 -73.4206
v -4.96664 17.36328 -73.79285
v -4.96664 16.76573 -73.79285
v -4.142374 16.76573 -73.4206
v -2.374892 17.36328 -72.68848
v -2.678146 17.36328 -73.4206
v -2.678146 16.76573 -73.4206
v -2.374892 16.76573 -72.68848
v -2.678146 17.36328 -71.95637
v -1.85386 17.36328 -71.58411
v -1.85386 16.76573 -71.58411
v -2.678146 16.76573 -71.95637
v -2.678146 17.36328 -62.57569
v -1.85386 17.36328 -62.20344
v -1.85386 16.76573 -62.20344
v -2.678146 16.76573 -62.57569
v -2.374892 17.36328 -63.3078
v -2.678146 17.36328 -64.03992
v -2.678146 16.76573 -64.03992
v -2.374892 16.76573 -63.3078
v -2.696637 16.76573 -65.35976
v -2.305893 16.76573 -64.86419
v -2.463917 16.76573 -65.26334
v -3.090624 16.76573 -65.18925
v -3.410259 16.76573 -64.34317
v -2.678146 16.76573 -64.03992
v -2.678146 16.76573 -62.57569
v -2.374892 16.76573 -63.3078
v -4.142374 16.76573 -64.03992
v -3.410259 16.76573 -62.27244
v -4.142374 16.76573 -62.57569
v -4.445628 16.76573 -63.3078
v -4.514607 16.76573 -61.75141
v -3.729895 16.76573 -61.42636
v -4.123882 16.76573 -61.25585
v -4.356583 16.76573 -61.35224
v -1.85386 16.76573 -62.20344
v -1.528815 16.76573 -62.98817
v -1.358303 16.76573 -62.59417
v -1.454694 16.76573 -62.36146
v -4.96664 16.76573 -64.41217
v -5.291685 16.76573 -63.62745
v -5.462197 16.76573 -64.02143
v -5.365806 16.76573 -64.25414
v -4.142374 17.36328 -64.03992
v -4.96664 17.36328 -64.41217
v -4.96664 16.76573 -64.41217
v -4.142374 16.76573 -64.03992
v -4.142374 17.36328 -62.57569
v -4.514607 17.36328 -61.75141
v -4.514607 16.76573 -61.75141
v -4.142374 16.76573 -62.57569
v -1.528815 17.36328 -62.98817
v -2.374892 17.36328 -63.3078
v -2.374892 16.76573 -63.3078
v -1.528815 16.76573 -62.98817
v -3.090624 17.36328 -65.18925
v -3.410259 17.36328 -64.34317
v -3.410259 16.76573 -64.34317
v -3.090624 16.76573 -65.18925
v -5.365806 17.36328 -64.25414
v -5.462197 17.36328 -64.02143
v -5.462197 16.76573 -64.02143
v -5.365806 16.76573 -64.25414
v -1.454694 17.36328 -62.36146
v -1.358303 17.36328 -62.59417
v -1.358303 16.76573 -62.59417
v -1.454694 16.76573 -62.36146
v -4.142374 17.36328 -64.03992
v -4.142374 17.36328 -62.57569
v -4.445628 17.36328 -63.3078
v -3.410259 17.36328 -64.34317
v -2.678146 17.36328 -64.03992
v -3.410259 17.36328 -62.27244
v -2.678146 17.36328 -62.57569
v -2.374892 17.36328 -63.3078
v -2.305893 17.36328 -64.86419
v -3.090624 17.36328 -65.18925
v -2.696637 17.36328 -65.35976
v -2.463917 17.36328 -65.26334
v -4.96664 17.36328 -64.41217
v -5.291685 17.36328 -63.62745
v -5.462197 17.36328 -64.02143
v -5.365806 17.36328 -64.25414
v -1.85386 17.36328 -62.20344
v -1.528815 17.36328 -62.98817
v -1.358303 17.36328 -62.59417
v -1.454694 17.36328 -62.36146
v -3.729895 17.36328 -61.42636
v -4.514607 17.36328 -61.75141
v -4.123882 17.36328 -61.25585
v -4.356583 17.36328 -61.35224
v -3.410259 17.36328 -62.27244
v -2.678146 17.36328 -62.57569
v -2.678146 16.76573 -62.57569
v -3.410259 16.76573 -62.27244
v -3.410259 17.36328 -64.34317
v -4.142374 17.36328 -64.03992
v -4.142374 16.76573 -64.03992
v -3.410259 16.76573 -64.34317
v -3.729895 17.36328 -61.42636
v -3.410259 17.36328 -62.27244
v -3.410259 16.76573 -62.27244
v -3.729895 16.76573 -61.42636
v -4.445628 17.36328 -63.3078
v -4.142374 17.36328 -62.57569
v -4.142374 16.76573 -62.57569
v -4.445628 16.76573 -63.3078
v -2.678146 17.36328 -64.03992
v -2.305893 17.36328 -64.86419
v -2.305893 16.76573 -64.86419
v -2.678146 16.76573 -64.03992
v -2.463917 17.36328 -65.26334
v -2.696637 17.36328 -65.35976
v -2.696637 16.76573 -65.35976
v -2.463917 16.76573 -65.26334
v -5.291685 17.36328 -63.62745
v -4.445628 17.36328 -63.3078
v -4.445628 16.76573 -63.3078
v -5.291685 16.76573 -63.62745
v -2.463917 16.76573 -65.26334
v -2.305893 16.76573 -64.86419
v -2.305893 17.36328 -64.86419
v -2.463917 17.36328 -65.26334
v -5.462197 16.76573 -64.02143
v -5.462197 17.36328 -64.02143
v -5.291685 17.36328 -63.62745
v -5.291685 16.76573 -63.62745
v -3.090624 16.76573 -65.18925
v -2.696637 16.76573 -65.35976
v -2.696637 17.36328 -65.35976
v -3.090624 17.36328 -65.18925
v -1.85386 16.76573 -62.20344
v -1.85386 17.36328 -62.20344
v -1.454694 17.36328 -62.36146
v -1.454694 16.76573 -62.36146
v -1.528815 17.36328 -62.98817
v -1.528815 16.76573 -62.98817
v -1.358303 16.76573 -62.59417
v -1.358303 17.36328 -62.59417
v -4.123882 17.36328 -61.25585
v -3.729895 17.36328 -61.42636
v -3.729895 16.76573 -61.42636
v -4.123882 16.76573 -61.25585
v -4.356583 17.36328 -61.35224
v -4.356583 16.76573 -61.35224
v -4.514607 16.76573 -61.75141
v -4.514607 17.36328 -61.75141
v -5.365806 16.76573 -64.25414
v -4.96664 16.76573 -64.41217
v -4.96664 17.36328 -64.41217
v -5.365806 17.36328 -64.25414
v -4.356583 17.36328 -61.35224
v -4.123882 17.36328 -61.25585
v -4.123882 16.76573 -61.25585
v -4.356583 16.76573 -61.35224
v -4.512114 4.584048 -68.15065
v -2.32074 4.584048 -69.05835
v -4.136139 4.584048 -67.24294
v -3.22843 4.584048 -66.86698
v -2.32074 4.584048 -67.24294
v -1.944765 4.584048 -68.15065
v -4.136139 4.584048 -69.05835
v -3.22843 4.584048 -69.43433
v -2.708205 4.025688 -67.6304
v -2.32074 4.401931 -67.24294
v -1.944765 4.401931 -68.15065
v -2.49271 4.025688 -68.15065
v -2.708205 4.025688 -68.67088
v -2.947447 3.922237 -68.43164
v -2.32074 4.401931 -69.05835
v -3.22843 4.401931 -69.43433
v -3.22843 4.025688 -68.88638
v -3.748675 4.025688 -68.67088
v -3.22843 3.922237 -68.54804
v -3.509433 3.922237 -68.43164
v -2.831048 3.922237 -68.15065
v -2.947447 3.922237 -67.86964
v -3.22843 4.025688 -67.41492
v -3.22843 4.401931 -66.86698
v -3.22843 3.922237 -67.75326
v -3.509433 3.922237 -67.86964
v -3.625831 3.922237 -68.15065
v -3.96417 4.025688 -68.15065
v -3.748675 4.025688 -67.6304
v -4.136139 4.401931 -67.24294
v -4.512114 4.401931 -68.15065
v -4.136139 4.401931 -69.05835
v -2.32074 4.584048 -67.24294
v -1.944765 4.584048 -68.15065
v -1.944765 4.401931 -68.15065
v -2.32074 4.401931 -67.24294
v -4.136139 4.584048 -67.24294
v -3.22843 4.584048 -66.86698
v -3.22843 4.401931 -66.86698
v -4.136139 4.401931 -67.24294
v -4.512114 4.584048 -68.15065
v -4.136139 4.584048 -67.24294
v -4.136139 4.401931 -67.24294
v -4.512114 4.401931 -68.15065
v -4.136139 4.584048 -69.05835
v -4.512114 4.584048 -68.15065
v -4.512114 4.401931 -68.15065
v -4.136139 4.401931 -69.05835
v -3.22843 4.584048 -69.43433
v -4.136139 4.584048 -69.05835
v -4.136139 4.401931 -69.05835
v -3.22843 4.401931 -69.43433
v -1.944765 4.584048 -68.15065
v -2.32074 4.584048 -69.05835
v -2.32074 4.401931 -69.05835
v -1.944765 4.401931 -68.15065
v -2.32074 4.584048 -69.05835
v -3.22843 4.584048 -69.43433
v -3.22843 4.401931 -69.43433
v -2.32074 4.401931 -69.05835
v -3.22843 4.584048 -66.86698
v -2.32074 4.584048 -67.24294
v -2.32074 4.401931 -67.24294
v -3.22843 4.401931 -66.86698
v -5.178049 24.89817 -83.33283
v -1.099878 24.89817 -83.33283
v -1.099878 24.59551 -81.66193
v -5.178049 24.59551 -81.66193
v -5.178049 25.20081 -84.37819
v -1.099878 25.20081 -84.37819
v -0.432639 24.93376 -84.41207
v -5.845288 24.93376 -84.41207
v -5.178049 25.11434 -87.3027
v -1.099878 25.11434 -87.3027
v -0.432639 24.85443 -87.09476
v -5.845288 24.85443 -87.09476
v -0.432639 24.37342 -81.92788
v -0.432639 24.63892 -83.39368
v -5.845288 24.37342 -81.92788
v -5.845288 24.63892 -83.39368
v -2.601742 22.26683 -77.46902
v -2.601742 26.59031 -77.46902
v -3.676204 26.59031 -77.46902
v -3.676204 22.26683 -77.46902
v -2.369195 32.63338 80.47209
v -2.369195 32.63338 84.01302
v -3.954483 32.63338 84.01302
v -3.954483 32.63338 80.47209
v -5.038631 28.96512 -29.96143
v -5.038631 28.96512 2.818522
v -4.750876 28.96512 1.621159
v -4.995394 28.96512 -29.96143
v -4.750876 28.96512 -29.96143
v -1.592059 28.96512 1.621159
v -1.304305 28.96512 2.818522
v -1.304305 28.96512 -35.54521
v -1.592059 28.96512 -35.54521
v -2.369195 31.68597 80.47209
v -2.369195 32.63338 80.47209
v -3.954483 32.63338 80.47209
v -3.954483 31.68597 80.47209
v -5.178049 13.13438 -91.99368
v -1.099878 13.13438 -91.99368
v -1.099878 17.55219 -92.52331
v -5.178049 17.55219 -92.52331
v -1.099878 22.48883 -93.74469
v -0.432639 22.24673 -93.41084
v -5.178049 22.48883 -93.74469
v -5.845288 22.24673 -93.41084
v -5.178049 8.413921 -91.80994
v -1.099878 8.413921 -91.80994
v -0.432639 13.1554 -91.72836
v -0.432639 17.60013 -92.26122
v -5.845288 13.1554 -91.72836
v -5.845288 17.60013 -92.26122
v -5.178049 4.039345 -92.14502
v -1.099878 4.039345 -92.14502
v -5.178049 1.09938 -92.40442
v -1.099878 1.09938 -92.40442
v -0.432639 4.019032 -91.87987
v -0.432639 8.408916 -91.54362
v -0.432639 1.391374 -92.1117
v -5.845288 4.015962 -91.88011
v -5.845288 8.408916 -91.54362
v -5.845288 1.391374 -92.1117
v -2.369195 31.68597 84.01302
v -2.369195 31.68597 80.47209
v -3.954483 31.68597 80.47209
v -3.954483 31.68597 84.01302
v -2.601742 27.19079 -57.59298
v -2.601742 22.86732 -57.59298
v -3.676204 22.86732 -57.59298
v -3.676204 27.19079 -57.59298
v -5.178049 22.92118 -87.86474
v -1.099878 22.92118 -87.86474
v -1.099878 25.11434 -87.3027
v -0.432639 24.85443 -87.09476
v -5.178049 25.11434 -87.3027
v -5.845288 24.85443 -87.09476
v -0.432639 22.66997 -87.6546
v -5.845288 22.66997 -87.6546
v -2.369195 32.63338 84.01302
v -2.369195 31.68597 84.01302
v -3.954483 31.68597 84.01302
v -3.954483 32.63338 84.01302
v -2.188746 26.60279 -77.05602
v -2.188746 22.2793 -77.05602
v -2.188746 22.85483 -58.00597
v -2.188746 27.17832 -58.00597
v -5.178049 3.952871 -86.35154
v -1.099878 3.952871 -86.35154
v -1.099878 1.618186 -86.35154
v -5.178049 1.618186 -86.35154
v -0.432639 1.862301 -86.61747
v -0.432639 4.205349 -86.61747
v -5.845288 1.862301 -86.61747
v -5.845288 4.205349 -86.61747
v -5.178049 1.618186 -86.35154
v -1.099878 1.618186 -86.35154
v -1.099878 1.09938 -92.40442
v -5.178049 1.09938 -92.40442
v -0.432639 1.391374 -92.1117
v -0.432639 1.862301 -86.61747
v -5.845288 1.391374 -92.1117
v -5.845288 1.862301 -86.61747
v -3.954483 32.63338 80.47209
v -3.954483 32.63338 84.01302
v -3.954483 31.68597 84.01302
v -3.954483 31.68597 80.47209
v -4.089181 22.85483 -58.00597
v -4.089181 22.2793 -77.05602
v -4.089181 26.60279 -77.05602
v -4.089181 27.17832 -58.00597
v -5.178049 4.644626 -81.66195
v -1.099878 4.644626 -81.66195
v -1.099878 4.826456 -82.9615
v -0.432639 4.950374 -81.92788
v -5.178049 4.826456 -82.9615
v -5.845288 4.950374 -81.92788
v -0.432639 5.113367 -83.09289
v -5.845288 5.113367 -83.09289
v -5.178049 4.826456 -82.9615
v -1.099878 4.826456 -82.9615
v -1.099878 4.104776 -83.42706
v -5.178049 4.104776 -83.42706
v -0.432639 4.363297 -83.57676
v -0.432639 5.113367 -83.09289
v -5.845288 4.363297 -83.57676
v -5.845288 5.113367 -83.09289
v -5.178049 22.48883 -93.74469
v -1.099878 22.48883 -93.74469
v -1.099878 22.92118 -87.86474
v -0.432639 22.24673 -93.41084
v -5.178049 22.92118 -87.86474
v -5.845288 22.24673 -93.41084
v -0.432639 22.66997 -87.6546
v -5.845288 22.66997 -87.6546
v -6.121667 8.39687 -90.90062
v -6.121667 4.814908 -87.2595
v -6.121667 3.959527 -91.24055
v -5.845288 8.408916 -91.54362
v -6.121667 2.45166 -87.2595
v -5.845288 4.205349 -86.61747
v -6.121667 2.096345 -91.40495
v -5.845288 4.015962 -91.88011
v -5.845288 1.862301 -86.61747
v -6.121667 5.806041 -83.41007
v -6.121667 4.987434 -83.93817
v -5.845288 4.363297 -83.57676
v -5.845288 5.113367 -83.09289
v -6.121667 13.20614 -91.08781
v -5.845288 13.1554 -91.72836
v -6.121667 22.06352 -87.14724
v -6.121667 5.688492 -82.56993
v -5.845288 4.950374 -81.92788
v -6.121667 23.83723 -82.56992
v -5.845288 24.37342 -81.92788
v -6.121667 24.01304 -83.54056
v -5.845288 24.63892 -83.39368
v -6.121667 24.28902 -84.49383
v -5.845288 24.93376 -84.41207
v -6.121667 24.22696 -86.59279
v -5.845288 24.85443 -87.09476
v -5.845288 22.66997 -87.6546
v -6.121667 17.71585 -91.62847
v -5.845288 17.60013 -92.26122
v -6.121667 21.6622 -92.60484
v -5.845288 22.24673 -93.41084
v -2.369195 31.68597 84.01302
v -2.369195 32.63338 84.01302
v -2.369195 32.63338 80.47209
v -2.369195 31.68597 80.47209
v -0.1562595 3.970001 -91.23969
v -0.1562595 4.814908 -87.2595
v -0.1562595 8.39687 -90.90062
v -0.432639 8.408916 -91.54362
v -0.1562595 2.45166 -87.2595
v -0.432639 4.205349 -86.61747
v -0.1562595 2.096345 -91.40495
v -0.432639 4.019032 -91.87987
v -0.432639 1.862301 -86.61747
v -0.1562595 5.806041 -83.41007
v -0.1562595 4.987434 -83.93817
v -0.432639 4.363297 -83.57676
v -0.432639 5.113367 -83.09289
v -0.1562595 13.20614 -91.08781
v -0.432639 13.1554 -91.72836
v -0.1562595 22.06352 -87.14724
v -0.1562595 5.688492 -82.56993
v -0.432639 4.950374 -81.92788
v -0.1562595 23.83723 -82.56992
v -0.432639 24.37342 -81.92788
v -0.1562595 24.01304 -83.54056
v -0.432639 24.63892 -83.39368
v -0.1562595 24.28902 -84.49383
v -0.432639 24.93376 -84.41207
v -0.1562595 24.22696 -86.59279
v -0.432639 24.85443 -87.09476
v -0.432639 22.66997 -87.6546
v -0.1562595 17.71585 -91.62847
v -0.432639 17.60013 -92.26122
v -0.1562595 21.6622 -92.60484
v -0.432639 22.24673 -93.41084
v -4.089181 27.17832 -58.00597
v -2.188746 27.17832 -58.00597
v -3.676204 27.19079 -57.59298
v -2.601742 27.19079 -57.59298
v -4.089181 26.60279 -77.05602
v -2.188746 26.60279 -77.05602
v -2.601742 26.59031 -77.46902
v -3.676204 26.59031 -77.46902
v -5.178049 4.104776 -83.42706
v -1.099878 4.104776 -83.42706
v -1.099878 3.952871 -86.35154
v -0.432639 4.363297 -83.57676
v -5.178049 3.952871 -86.35154
v -5.845288 4.363297 -83.57676
v -0.432639 4.205349 -86.61747
v -5.845288 4.205349 -86.61747
v -1.539519 10.51621 -25.57717
v -1.539519 25.22517 -27.38657
v -4.738427 25.22517 -27.38657
v -4.738427 10.51621 -25.57717
v -4.45048 25.70132 -11.23749
v -4.402832 15.65296 -10.37522
v -4.402832 15.86103 -9.529683
v -4.45048 25.72794 -10.33431
v -4.45048 25.64759 -13.06012
v -4.402832 15.23312 -12.08149
v -4.45048 25.60921 -14.36172
v -4.402832 14.93328 -13.3
v -4.45048 25.60036 -14.66183
v -4.402832 14.86415 -13.58096
v -4.45048 25.23365 -27.09875
v -4.402832 11.99922 -25.22395
v -1.539519 14.95979 -9.30406
v -1.539519 10.51621 -25.57717
v -4.738427 10.51621 -25.57717
v -4.738427 14.95979 -9.30406
v -1.539519 16.3409 -9.123919
v -1.539519 14.95979 -9.30406
v -4.738427 14.95979 -9.30406
v -4.738427 16.3409 -9.123919
v -1.539519 25.73644 -10.04649
v -4.738427 25.73644 -10.04649
v -4.738427 25.60036 -14.66183
v -4.738427 16.3409 -9.123919
v -4.738427 10.51621 -25.57717
v -4.738427 25.22517 -27.38657
v -4.738427 14.95979 -9.30406
v -4.738427 25.60921 -14.36172
v -4.738427 25.64759 -13.06012
v -4.738427 25.70132 -11.23749
v -4.738427 25.73644 -10.04649
v -1.539519 10.51621 -25.57717
v -1.539519 16.3409 -9.123919
v -1.539519 25.60036 -14.66183
v -1.539519 25.22517 -27.38657
v -1.539519 25.60921 -14.36172
v -1.539519 25.64759 -13.06012
v -1.539519 25.70132 -11.23749
v -1.539519 25.73644 -10.04649
v -1.539519 14.95979 -9.30406
v -1.592059 31.22223 -34.4211
v -2.493918 32.35365 -34.4211
v -2.493918 32.35365 1.621159
v -1.592059 31.22223 1.621159
v -1.592059 30.4351 -34.4211
v -1.592059 28.96512 1.621159
v -1.592059 28.96512 -35.54521
v -4.750876 28.96512 -35.54521
v -5.038631 28.96512 -35.54521
v -5.013944 28.96512 -32.35884
v -5.038631 28.96512 -32.35884
v -4.750876 28.96512 -32.35884
v -1.304305 28.96512 -35.54521
v -1.304305 30.4351 -34.4211
v -1.592059 30.4351 -34.4211
v -1.592059 31.22223 -34.4211
v -1.304305 31.72485 -34.4211
v -1.592059 28.96512 -35.54521
v -2.493918 32.35365 -34.4211
v -2.206164 32.85626 -34.4211
v -4.136754 32.85626 -34.4211
v -3.849018 32.35365 -34.4211
v -5.038631 31.72485 -34.4211
v -4.750876 31.22223 -34.4211
v -5.038631 31.06231 -34.4211
v -4.809325 31.06231 -34.4211
v -4.750876 31.06231 -34.4211
v -4.136754 32.85626 2.818522
v -5.038631 30.4351 2.818522
v -5.038631 31.72485 2.818522
v -2.206164 32.85626 2.818522
v -1.304305 30.4351 2.818522
v -1.304305 31.72485 2.818522
v -5.038631 28.96512 2.818522
v -1.304305 28.96512 2.818522
v -5.038631 31.61476 -14.42128
v -5.038631 31.72485 -34.4211
v -5.038631 31.72485 2.818522
v -5.038631 31.3318 -13.73818
v -5.038631 30.6487 -13.45524
v -5.038631 30.4351 2.818522
v -5.038631 30.4351 -13.45524
v -5.038631 31.61476 -26.26676
v -5.038631 31.06231 -29.96143
v -5.038631 31.06231 -32.35884
v -5.038631 31.06231 -34.4211
v -5.038631 31.3318 -26.94986
v -5.038631 30.6487 -27.23282
v -5.038631 30.4351 -29.96143
v -5.038631 30.4351 -27.23282
v -4.136754 32.85626 2.818522
v -4.136754 32.85626 -34.4211
v -5.038631 30.33867 -27.23282
v -5.038631 29.87045 -29.96143
v -5.038631 30.33867 -13.45524
v -5.038631 28.96512 2.818522
v -5.038631 29.65557 -26.94986
v -5.038631 28.96512 -29.96143
v -5.038631 29.37261 -26.26676
v -5.038631 29.65557 -13.73818
v -5.038631 29.37261 -14.42128
v -2.206164 32.85626 -34.4211
v -2.206164 32.85626 2.818522
v -4.136754 32.85626 2.818522
v -4.136754 32.85626 -34.4211
v -2.206164 32.85626 -34.4211
v -1.304305 31.72485 -34.4211
v -1.304305 31.72485 2.818522
v -2.206164 32.85626 2.818522
v -1.304305 30.4351 -34.4211
v -1.304305 30.4351 2.818522
v -1.304305 28.96512 2.818522
v -1.304305 28.96512 -35.54521
v -1.592059 31.22223 1.621159
v -4.750876 31.22223 1.621159
v -4.750876 28.96512 1.621159
v -3.849018 32.35365 1.621159
v -2.493918 32.35365 1.621159
v -1.592059 28.96512 1.621159
v -2.493918 32.35365 1.621159
v -2.493918 32.35365 -34.4211
v -3.849018 32.35365 -34.4211
v -3.849018 32.35365 1.621159
v -4.750876 28.96512 1.621159
v -4.750876 30.33867 -13.45524
v -4.750876 29.65557 -13.73818
v -4.750876 31.22223 1.621159
v -4.750876 30.6487 -13.45524
v -4.750876 31.22223 -13.69279
v -4.750876 29.59729 -13.87888
v -3.849018 32.35365 1.621159
v -4.66352 31.3318 -13.73818
v -4.437974 31.61476 -14.42128
v -3.849018 32.35365 -34.4211
v -4.437974 31.61476 -26.26676
v -4.66352 31.3318 -26.94986
v -4.750876 31.22223 -26.99524
v -4.750876 31.22223 -34.4211
v -4.750876 31.06231 -29.96143
v -4.750876 29.37261 -14.42128
v -4.750876 28.96512 -29.96143
v -4.750876 29.37261 -26.26676
v -4.750876 29.65557 -26.94986
v -4.750876 30.13854 -27.14993
v -4.750876 29.87045 -29.96143
v -4.750876 30.25322 -29.96143
v -4.750876 30.33867 -27.23282
v -4.750876 31.06231 -32.35884
v -4.750876 31.06231 -34.4211
v -4.750876 30.6487 -27.23282
v -4.750876 29.87045 -34.8529
v -4.750876 28.96512 -35.54521
v -4.750876 28.96512 -32.35884
v -4.750876 29.87045 -32.35884
v -4.750876 29.87045 -29.96143
v -4.995394 28.96512 -29.96143
v -4.750876 28.96512 -29.96143
v -5.038631 29.87045 -29.96143
v -5.038631 28.96512 -29.96143
v -4.750876 30.25322 -29.96143
v -5.038631 30.4351 -29.96143
v -4.750876 31.06231 -29.96143
v -5.038631 31.06231 -29.96143
v -5.038631 31.06231 -32.35884
v -4.809325 31.06231 -34.4211
v -5.038631 31.06231 -34.4211
v -4.750876 31.06231 -32.35884
v -4.750876 31.06231 -34.4211
v -4.750876 31.06231 -29.96143
v -5.038631 31.06231 -29.96143
v -5.038631 28.96512 -32.35884
v -5.038631 28.96512 -35.54521
v -5.038631 29.87045 -34.8529
v -5.038631 29.87045 -32.35884
v -4.750876 29.87045 -32.35884
v -5.038631 29.87045 -32.35884
v -5.038631 29.87045 -34.8529
v -4.750876 29.87045 -34.8529
v -5.038631 29.87045 -32.35884
v -5.013944 28.96512 -32.35884
v -5.038631 28.96512 -32.35884
v -4.750876 29.87045 -32.35884
v -4.750876 28.96512 -32.35884
v -4.750876 29.87045 -34.8529
v -5.038631 29.87045 -34.8529
v -5.038631 28.96512 -35.54521
v -4.750876 28.96512 -35.54521
v -5.038631 29.65557 -26.94986
v -4.750876 30.13854 -27.14993
v -4.750876 29.65557 -26.94986
v -5.038631 30.33867 -27.23282
v -4.750876 30.33867 -27.23282
v -5.038631 30.4351 -27.23282
v -4.750876 30.6487 -27.23282
v -5.038631 30.6487 -27.23282
v -4.750876 31.22223 -26.99524
v -5.038631 31.3318 -26.94986
v -4.66352 31.3318 -26.94986
v -4.66352 31.3318 -13.73818
v -4.437974 31.61476 -14.42128
v -5.038631 31.61476 -14.42128
v -5.038631 31.3318 -13.73818
v -4.437974 31.61476 -26.26676
v -5.038631 31.61476 -26.26676
v -4.66352 31.3318 -26.94986
v -5.038631 31.3318 -26.94986
v -4.750876 29.59729 -13.87888
v -5.038631 29.37261 -14.42128
v -4.750876 29.37261 -14.42128
v -5.038631 29.65557 -13.73818
v -4.750876 29.65557 -13.73818
v -5.038631 29.37261 -26.26676
v -4.750876 29.37261 -26.26676
v -5.038631 29.65557 -26.94986
v -4.750876 29.65557 -26.94986
v -5.038631 30.6487 -13.45524
v -4.750876 31.22223 -13.69279
v -5.038631 31.3318 -13.73818
v -4.750876 30.6487 -13.45524
v -5.038631 30.4351 -13.45524
v -4.66352 31.3318 -13.73818
v -4.750876 30.33867 -13.45524
v -5.038631 30.33867 -13.45524
v -4.750876 29.65557 -13.73818
v -5.038631 29.65557 -13.73818
v -2.188746 27.17832 -58.00597
v -2.188746 22.85483 -58.00597
v -2.601742 22.86732 -57.59298
v -2.601742 27.19079 -57.59298
v -2.188746 22.2793 -77.05602
v -2.188746 26.60279 -77.05602
v -2.601742 26.59031 -77.46902
v -2.601742 22.26683 -77.46902
v -3.676204 22.86732 -57.59298
v -4.089181 22.85483 -58.00597
v -4.089181 27.17832 -58.00597
v -3.676204 27.19079 -57.59298
v -3.676204 26.59031 -77.46902
v -4.089181 26.60279 -77.05602
v -4.089181 22.2793 -77.05602
v -3.676204 22.26683 -77.46902
v -4.089181 22.2793 -77.05602
v -2.188746 22.2793 -77.05602
v -3.676204 22.26683 -77.46902
v -2.601742 22.26683 -77.46902
v -4.089181 22.85483 -58.00597
v -2.188746 22.85483 -58.00597
v -2.601742 22.86732 -57.59298
v -3.676204 22.86732 -57.59298
v -1.099878 24.59551 -81.66193
v -0.432639 24.37342 -81.92788
v -0.432639 4.950374 -81.92788
v -1.099878 4.644626 -81.66195
v -5.178049 24.59551 -81.66193
v -5.178049 4.644626 -81.66195
v -5.845288 4.950374 -81.92788
v -5.845288 24.37342 -81.92788
v -2.357033 23.31802 -2.098493
v -3.112051 24.07304 -2.098493
v -2.890917 23.53918 -2.098493
v -1.823169 23.53918 -2.098493
v -1.602034 24.07304 -2.098493
v -2.890917 24.60691 -2.098493
v -2.357033 24.82804 -2.098493
v -1.823169 24.60691 -2.098493
v -1.823169 23.53918 -2.098493
v -1.823169 23.53918 39.09684
v -1.602034 24.07304 39.09684
v -1.602034 24.07304 -2.098493
v -2.357033 23.31802 -2.098493
v -2.357033 23.31802 39.09684
v -1.823169 23.53918 39.09684
v -1.823169 23.53918 -2.098493
v -2.890917 23.53918 -2.098493
v -2.890917 23.53918 39.09684
v -2.357033 23.31802 39.09684
v -2.357033 23.31802 -2.098493
v -2.890917 23.53918 39.09684
v -1.823169 24.60691 39.09684
v -1.823169 23.53918 39.09684
v -2.357033 23.31802 39.09684
v -1.602034 24.07304 39.09684
v -2.890917 24.60691 39.09684
v -2.357033 24.82804 39.09684
v -3.112051 24.07304 39.09684
v -3.112051 24.07304 -2.098493
v -3.112051 24.07304 39.09684
v -2.890917 23.53918 39.09684
v -2.890917 23.53918 -2.098493
v -1.823169 24.60691 -2.098493
v -1.823169 24.60691 39.09684
v -2.357033 24.82804 39.09684
v -2.357033 24.82804 -2.098493
v -2.890917 24.60691 -2.098493
v -2.890917 24.60691 39.09684
v -3.112051 24.07304 39.09684
v -3.112051 24.07304 -2.098493
v -2.357033 24.82804 -2.098493
v -2.357033 24.82804 39.09684
v -2.890917 24.60691 39.09684
v -2.890917 24.60691 -2.098493
v -1.602034 24.07304 -2.098493
v -1.602034 24.07304 39.09684
v -1.823169 24.60691 39.09684
v -1.823169 24.60691 -2.098493
v -1.827446 25.72794 -10.33431
v -1.827446 25.70132 -11.23749
v -1.539519 25.70132 -11.23749
v -1.539519 25.73644 -10.04649
v -4.45048 25.72794 -10.33431
v -1.539519 25.64759 -13.06012
v -1.827446 25.64759 -13.06012
v -1.539519 25.60921 -14.36172
v -1.827446 25.60921 -14.36172
v -1.539519 25.60036 -14.66183
v -1.827446 25.60036 -14.66183
v -1.827446 25.23365 -27.09875
v -1.539519 25.22517 -27.38657
v -4.738427 25.22517 -27.38657
v -4.45048 25.23365 -27.09875
v -4.738427 25.60036 -14.66183
v -4.45048 25.60036 -14.66183
v -4.738427 25.60921 -14.36172
v -4.45048 25.60921 -14.36172
v -4.738427 25.64759 -13.06012
v -4.45048 25.64759 -13.06012
v -4.738427 25.70132 -11.23749
v -4.45048 25.70132 -11.23749
v -4.738427 25.73644 -10.04649
v -4.402832 14.93328 -13.3
v -1.875095 14.93328 -13.3
v -4.402832 15.23312 -12.08149
v -1.875095 15.23312 -12.08149
v -4.402832 15.65296 -10.37522
v -1.875095 15.65296 -10.37522
v -4.402832 15.86103 -9.529683
v -1.875095 15.86103 -9.529683
v -4.402832 14.86415 -13.58096
v -1.875095 14.86415 -13.58096
v -4.402832 11.99922 -25.22395
v -1.875095 11.99922 -25.22395
v -4.45048 25.23365 -27.09875
v -1.827446 25.23365 -27.09875
v -1.875095 11.99922 -25.22395
v -4.402832 11.99922 -25.22395
v -1.827446 25.60036 -14.66183
v -1.827446 25.60921 -14.36172
v -1.875095 14.93328 -13.3
v -1.875095 14.86415 -13.58096
v -1.827446 25.23365 -27.09875
v -1.875095 11.99922 -25.22395
v -1.875095 15.23312 -12.08149
v -1.827446 25.64759 -13.06012
v -1.875095 15.65296 -10.37522
v -1.827446 25.70132 -11.23749
v -1.875095 15.86103 -9.529683
v -1.827446 25.72794 -10.33431
v -1.827446 25.72794 -10.33431
v -4.45048 25.72794 -10.33431
v -4.402832 15.86103 -9.529683
v -1.875095 15.86103 -9.529683
v -8.038081 25.96632 -30.82533
v -8.201477 25.90849 -30.54626
v -8.287702 26.15358 -30.63247
v -8.201477 26.23979 -30.87756
v -7.978233 25.97973 -31.14807
v -7.978233 25.63798 -30.80632
v -8.171822 25.63798 -30.51661
v -7.910251 25.63798 -31.14807
v -8.201477 25.36747 -30.54626
v -8.038081 25.30963 -30.82533
v -7.978233 25.29622 -31.14807
v -8.038081 25.30963 -31.47082
v -7.978233 25.63798 -31.48983
v -8.038081 25.96632 -31.47082
v -8.201477 26.23979 -31.41858
v -8.201477 25.36747 -31.74988
v -8.171822 26.26946 -31.14807
v -8.201477 25.90849 -31.74988
v -8.171822 25.63798 -31.77956
v -8.287702 26.15358 -31.66368
v -8.201477 25.03617 -31.41858
v -8.171822 25.00649 -31.14807
v -8.287702 25.12237 -31.66368
v -8.201477 25.03617 -30.87756
v -8.287702 25.12237 -30.63247
v -9.126047 25.96632 -30.38287
v -9.405112 25.90849 -30.54626
v -9.318888 26.15358 -30.63247
v -9.073795 26.23979 -30.54626
v -8.803304 25.97973 -30.323
v -9.145058 25.63798 -30.323
v -9.434769 25.63798 -30.51661
v -8.803304 25.63798 -30.25504
v -9.405112 25.36747 -30.54626
v -9.126047 25.30963 -30.38287
v -8.803304 25.29622 -30.323
v -8.480542 25.30963 -30.38287
v -8.461551 25.63798 -30.323
v -8.480561 25.96632 -30.38287
v -8.532795 26.23979 -30.54626
v -8.201477 25.36747 -30.54626
v -8.803304 26.26946 -30.51661
v -8.201477 25.90849 -30.54626
v -8.171822 25.63798 -30.51661
v -8.287702 26.15358 -30.63247
v -8.532795 25.03617 -30.54626
v -8.803285 25.00649 -30.51659
v -8.287702 25.12237 -30.63247
v -9.073795 25.03617 -30.54626
v -9.318888 25.12237 -30.63247
v -9.568508 25.96632 -31.47082
v -9.405112 25.90849 -31.74988
v -9.318888 26.15358 -31.66368
v -9.405112 26.23979 -31.41858
v -9.628357 25.97973 -31.14807
v -9.628357 25.63798 -31.48983
v -9.434769 25.63798 -31.77956
v -9.696339 25.63798 -31.14807
v -9.405112 25.36747 -31.74988
v -9.568508 25.30963 -31.47082
v -9.628357 25.29622 -31.14807
v -9.568508 25.30963 -30.82533
v -9.628357 25.63798 -30.80632
v -9.568508 25.96632 -30.82533
v -9.405112 26.23979 -30.87756
v -9.405112 25.36747 -30.54626
v -9.434769 26.26946 -31.14807
v -9.405112 25.90849 -30.54626
v -9.434769 25.63798 -30.51661
v -9.318888 26.15358 -30.63247
v -9.405112 25.03617 -30.87756
v -9.434769 25.00649 -31.14807
v -9.318888 25.12237 -30.63247
v -9.405112 25.03617 -31.41858
v -9.318888 25.12237 -31.66368
v -8.480561 25.96632 -31.91329
v -8.201477 25.90849 -31.74988
v -8.287702 26.15358 -31.66368
v -8.532795 26.23979 -31.7499
v -8.803304 25.97973 -31.97315
v -8.461533 25.63798 -31.97315
v -8.171822 25.63798 -31.77956
v -8.803304 25.63798 -32.04113
v -8.201477 25.36747 -31.74988
v -8.480542 25.30963 -31.91329
v -8.803304 25.29622 -31.97315
v -9.126047 25.30963 -31.91329
v -9.145058 25.63798 -31.97315
v -9.126047 25.96632 -31.91329
v -9.073813 26.23979 -31.7499
v -9.405112 25.36747 -31.74988
v -8.803304 26.26946 -31.77956
v -9.405112 25.90849 -31.74988
v -9.434769 25.63798 -31.77956
v -9.318888 26.15358 -31.66368
v -9.073795 25.03617 -31.7499
v -8.803304 25.00649 -31.77956
v -9.318888 25.12237 -31.66368
v -8.532795 25.03617 -31.7499
v -8.287702 25.12237 -31.66368
v -9.131649 24.87275 -31.47082
v -9.073795 25.03617 -31.7499
v -9.318888 25.12237 -31.66368
v -9.405112 25.03617 -31.41858
v -9.145058 24.81291 -31.14807
v -8.803304 24.81291 -31.48983
v -8.803304 25.00649 -31.77956
v -8.803285 24.74492 -31.14807
v -8.532795 25.03617 -31.7499
v -8.47494 24.87275 -31.47082
v -8.461533 24.81291 -31.14807
v -8.47494 24.87275 -30.82533
v -8.803285 24.81291 -30.80632
v -9.131649 24.87275 -30.82533
v -9.405112 25.03617 -30.87756
v -8.532795 25.03617 -30.54626
v -9.434769 25.00649 -31.14807
v -9.073795 25.03617 -30.54626
v -8.803285 25.00649 -30.51659
v -9.318888 25.12237 -30.63247
v -8.201477 25.03617 -30.87756
v -8.171822 25.00649 -31.14807
v -8.287702 25.12237 -30.63247
v -8.201477 25.03617 -31.41858
v -8.287702 25.12237 -31.66368
v -8.47494 26.40318 -31.47082
v -8.532795 26.23979 -31.7499
v -8.287702 26.15358 -31.66368
v -8.201477 26.23979 -31.41858
v -8.461533 26.46305 -31.14807
v -8.803304 26.46305 -31.48983
v -8.803304 26.26946 -31.77956
v -8.803304 26.53103 -31.14807
v -9.073813 26.23979 -31.7499
v -9.131649 26.40318 -31.47082
v -9.145058 26.46305 -31.14807
v -9.131649 26.40318 -30.82533
v -8.803304 26.46305 -30.80632
v -8.47494 26.40318 -30.82533
v -8.201477 26.23979 -30.87756
v -9.073795 26.23979 -30.54626
v -8.171822 26.26946 -31.14807
v -8.532795 26.23979 -30.54626
v -8.803304 26.26946 -30.51661
v -8.287702 26.15358 -30.63247
v -9.405112 26.23979 -30.87756
v -9.434769 26.26946 -31.14807
v -9.318888 26.15358 -30.63247
v -9.405112 26.23979 -31.41858
v -9.318888 26.15358 -31.66368
v -5.815268 28.76169 -31.92496
v -5.606026 28.34678 -31.92496
v -4.132207 29.55765 -31.92496
v -4.132207 29.36918 -31.86333
v -4.132207 29.92385 -31.92496
v -5.882463 28.89493 -31.86334
v -5.90485 28.57838 -31.80164
v -5.806674 28.3837 -31.80164
v -5.739459 28.25044 -31.74
v -7.099067 27.81782 -31.80164
v -7.166282 27.95108 -31.74
v -7.726771 27.46088 -31.74
v -5.538811 28.21352 -31.86333
v -4.132207 30.1035 -31.86334
v -5.538811 28.21352 -31.86333
v -7.000891 27.62314 -31.80164
v -5.739459 28.25044 -31.74
v -6.933695 27.48988 -31.74
v -5.972045 28.71164 -31.74
v -7.658539 27.32587 -31.80164
v -7.558907 27.12831 -31.80164
v -8.810037 25.94589 -31.80164
v -8.913047 26.05389 -31.74002
v -7.490559 26.9931 -31.74
v -8.659552 25.78812 -31.80164
v -8.556542 25.68012 -31.74002
v -8.955709 26.09863 -31.59122
v -8.913047 26.05389 -31.74002
v -7.726771 27.46088 -31.74
v -7.75518 27.5166 -31.59122
v -7.75518 27.5166 -30.72573
v -8.955709 26.09863 -30.72573
v -7.726771 27.46088 -30.57696
v -8.913047 26.05389 -30.57696
v -4.132207 30.17793 -30.60241
v -5.910297 28.95014 -30.60241
v -5.910297 28.95014 -31.71455
v -4.132207 30.1035 -30.45363
v -4.132207 30.17793 -31.71455
v -5.882463 28.89493 -30.45363
v -4.132207 30.1035 -31.86334
v -5.882463 28.89493 -31.86334
v -4.132207 29.55765 -30.39202
v -4.132207 29.29112 -30.60241
v -4.132207 29.3692 -30.45363
v -4.132207 30.17793 -30.60241
v -4.132207 30.17793 -31.71455
v -4.132207 29.29112 -31.71455
v -4.132207 29.55765 -31.92496
v -4.132207 29.36918 -31.86333
v -4.132207 29.92385 -31.92496
v -4.132207 30.1035 -31.86334
v -4.132207 29.92385 -30.39202
v -4.132207 30.1035 -30.45363
v -4.132207 29.55765 -30.39202
v -5.606026 28.34678 -30.39202
v -5.815268 28.76169 -30.39202
v -5.90485 28.57838 -30.51534
v -4.132207 29.92385 -30.39202
v -5.806674 28.3837 -30.51534
v -5.739459 28.25044 -30.57696
v -4.132207 29.3692 -30.45363
v -5.538811 28.21354 -30.45363
v -5.882463 28.89493 -30.45363
v -4.132207 30.1035 -30.45363
v -5.538811 28.21354 -30.45363
v -7.099067 27.81782 -30.51534
v -7.000891 27.62314 -30.51534
v -7.658539 27.32587 -30.51534
v -5.739459 28.25044 -30.57696
v -6.933695 27.48988 -30.57696
v -7.166262 27.95108 -30.57696
v -5.972045 28.71164 -30.57696
v -7.726771 27.46088 -30.57696
v -8.913047 26.05389 -30.57696
v -8.810037 25.94589 -30.51534
v -7.558907 27.12831 -30.51534
v -8.659552 25.78812 -30.51534
v -7.490559 26.9931 -30.57696
v -8.556542 25.68012 -30.57696
v -8.513881 25.63541 -30.72573
v -8.955709 26.09863 -30.72573
v -8.810037 25.94589 -30.51534
v -8.513881 25.63541 -31.59122
v -8.659552 25.78812 -30.51534
v -8.556542 25.68012 -30.57696
v -8.913047 26.05389 -30.57696
v -8.955709 26.09863 -31.59122
v -8.659552 25.78812 -31.80164
v -8.810037 25.94589 -31.80164
v -8.913047 26.05389 -31.74002
v -8.556542 25.68012 -31.74002
v -5.999897 28.76683 -31.59122
v -5.999897 28.76683 -30.72573
v -7.194115 28.00627 -30.72573
v -5.972045 28.71164 -30.57696
v -7.194115 28.00627 -31.59122
v -7.166262 27.95108 -30.57696
v -7.75518 27.5166 -30.72573
v -7.75518 27.5166 -31.59122
v -7.166282 27.95108 -31.74
v -5.972045 28.71164 -31.74
v -7.726771 27.46088 -30.57696
v -7.726771 27.46088 -31.74
v -5.711625 28.19526 -30.72573
v -6.905842 27.4347 -30.72573
v -6.933695 27.48988 -30.57696
v -5.739459 28.25044 -30.57696
v -6.905842 27.4347 -31.59122
v -5.711625 28.19526 -31.59122
v -6.933695 27.48988 -31.74
v -5.739459 28.25044 -31.74
v -7.490559 26.9931 -30.57696
v -7.462054 26.9373 -30.72573
v -7.462054 26.9373 -31.59122
v -7.490559 26.9931 -31.74
v -5.711625 28.19526 -30.72573
v -5.510978 28.15833 -30.60241
v -5.510978 28.15833 -31.71455
v -5.739459 28.25044 -30.57696
v -5.711625 28.19526 -31.59122
v -5.739459 28.25044 -31.74
v -5.538811 28.21354 -30.45363
v -5.538811 28.21352 -31.86333
v -5.999897 28.76683 -30.72573
v -5.999897 28.76683 -31.59122
v -5.910297 28.95014 -31.71455
v -5.910297 28.95014 -30.60241
v -5.972045 28.71164 -30.57696
v -5.882463 28.89493 -30.45363
v -5.815268 28.76169 -30.39202
v -5.90485 28.57838 -30.51534
v -5.972045 28.71164 -31.74
v -5.882463 28.89493 -31.86334
v -5.815268 28.76169 -31.92496
v -5.90485 28.57838 -31.80164
v -4.132207 29.29112 -30.60241
v -5.510978 28.15833 -30.60241
v -5.538811 28.21354 -30.45363
v -4.132207 29.29112 -31.71455
v -4.132207 29.3692 -30.45363
v -5.510978 28.15833 -31.71455
v -5.538811 28.21352 -31.86333
v -4.132207 29.36918 -31.86333
v -7.462054 26.9373 -30.72573
v -8.513881 25.63541 -30.72573
v -8.556542 25.68012 -30.57696
v -7.490559 26.9931 -30.57696
v -8.513881 25.63541 -31.59122
v -7.462054 26.9373 -31.59122
v -8.556542 25.68012 -31.74002
v -7.490559 26.9931 -31.74
v -4.481211 33.4987 80.42506
v -3.921086 32.88523 80.42506
v -3.921086 32.88523 84.06007
v -4.481211 33.4987 84.06007
v -4.686232 34.26385 80.42506
v -4.686232 34.26385 84.06007
v -4.481211 35.02897 80.42506
v -4.481211 35.02897 84.06007
v -2.390813 35.58912 80.42506
v -3.15594 35.79412 80.42506
v -3.15594 35.79412 84.06007
v -2.390813 35.58912 84.06007
v -1.830688 35.02897 80.42506
v -1.830688 35.02897 84.06007
v -3.921086 35.58912 84.06007
v -3.921086 35.58912 80.42506
v -4.481211 35.02897 84.06007
v -4.481211 35.02897 80.42506
v -3.15594 32.88523 80.42506
v -2.390813 32.88523 80.42506
v -2.390813 32.88523 84.06007
v -3.15594 32.88523 84.06007
v -3.921086 32.88523 80.42506
v -3.921086 32.88523 84.06007
v -1.830688 33.4987 80.42506
v -1.625667 34.26385 80.42506
v -1.625667 34.26385 84.06007
v -1.830688 33.4987 84.06007
v -2.390813 32.88523 80.42506
v -2.390813 32.88523 84.06007
v -1.830688 35.02897 84.06007
v -1.830688 35.02897 80.42506
v -4.020393 32.56761 84.06007
v -4.020393 32.56761 80.42506
v -4.6532 33.39939 80.42506
v -4.6532 33.39939 84.06007
v -4.884827 34.26385 80.42506
v -4.884827 34.26385 84.06007
v -4.6532 35.12828 80.42506
v -4.6532 35.12828 84.06007
v -4.020393 35.76109 80.42506
v -4.020393 35.76109 84.06007
v -3.15594 35.99271 84.06007
v -3.15594 35.99271 80.42506
v -2.291506 35.76109 80.42506
v -2.291506 35.76109 84.06007
v -4.020393 35.76109 84.06007
v -4.020393 35.76109 80.42506
v -2.291506 32.56761 84.06007
v -2.291506 32.56761 80.42506
v -3.15594 32.56761 80.42506
v -3.15594 32.56761 84.06007
v -4.020393 32.56761 80.42506
v -4.020393 32.56761 84.06007
v -1.427072 34.26385 84.06007
v -1.427072 34.26385 80.42506
v -1.658699 33.39939 80.42506
v -1.658699 33.39939 84.06007
v -2.291506 32.56761 80.42506
v -2.291506 32.56761 84.06007
v -1.658699 35.12828 84.06007
v -1.658699 35.12828 80.42506
v -2.291506 35.76109 84.06007
v -2.291506 35.76109 80.42506
v -4.481211 35.02897 80.42506
v -3.921086 35.58912 80.42506
v -4.020393 35.76109 80.42506
v -4.6532 35.12828 80.42506
v -4.686232 34.26385 80.42506
v -4.884827 34.26385 80.42506
v -4.481211 33.4987 80.42506
v -4.6532 33.39939 80.42506
v -3.921086 32.88523 80.42506
v -4.020393 32.56761 80.42506
v -3.15594 32.56761 80.42506
v -3.15594 32.88523 80.42506
v -2.390813 32.88523 80.42506
v -3.15594 35.99271 80.42506
v -3.15594 35.79412 80.42506
v -2.390813 35.58912 80.42506
v -2.291506 35.76109 80.42506
v -1.658699 35.12828 80.42506
v -1.830688 35.02897 80.42506
v -1.427072 34.26385 80.42506
v -1.625667 34.26385 80.42506
v -1.830688 33.4987 80.42506
v -1.658699 33.39939 80.42506
v -2.291506 32.56761 80.42506
v -2.390813 32.88523 84.06007
v -1.830688 33.4987 84.06007
v -1.658699 33.39939 84.06007
v -2.291506 32.56761 84.06007
v -3.15594 32.56761 84.06007
v -1.427072 34.26385 84.06007
v -1.625667 34.26385 84.06007
v -1.830688 35.02897 84.06007
v -1.658699 35.12828 84.06007
v -2.390813 35.58912 84.06007
v -2.291506 35.76109 84.06007
v -3.15594 35.99271 84.06007
v -3.15594 35.79412 84.06007
v -3.921086 35.58912 84.06007
v -4.020393 35.76109 84.06007
v -3.15594 32.88523 84.06007
v -3.921086 32.88523 84.06007
v -4.020393 32.56761 84.06007
v -4.6532 33.39939 84.06007
v -4.481211 33.4987 84.06007
v -4.884827 34.26385 84.06007
v -4.686232 34.26385 84.06007
v -4.6532 35.12828 84.06007
v -4.481211 35.02897 84.06007
v -4.69872 34.08975 2.023164
v -4.69872 31.89849 -1.824972
v -4.69872 34.08975 -1.824972
v -4.69872 31.89849 2.610835
v -4.69872 33.50207 2.610835
v -4.69872 31.89849 -2.046125
v -4.549673 34.95048 -2.046125
v -4.69872 31.89849 -2.750195
v -4.549673 34.95048 -2.750195
v -1.647516 34.08975 2.023164
v -4.69872 34.08975 2.023164
v -4.69872 34.08975 -1.824972
v -1.647516 34.08975 -1.824972
v -2.639493 34.22013 -2.750195
v -1.647516 31.89849 -2.750195
v -1.825892 34.95048 -2.750195
v -4.69872 31.89849 -2.750195
v -2.343854 34.95048 -2.750195
v -3.712286 34.22013 -2.750195
v -4.549673 34.95048 -2.750195
v -3.967488 34.95048 -2.750195
v -1.647516 33.50207 2.610835
v -1.647516 31.89849 2.610835
v -4.69872 31.89849 2.610835
v -4.69872 33.50207 2.610835
v -4.549673 34.95048 -2.046125
v -4.549673 34.95048 -2.750195
v -3.967488 34.95048 -2.750195
v -3.967488 34.95048 -2.046125
v -4.69872 31.89849 -2.046125
v -1.647516 31.89849 -2.046125
v -1.647516 31.89849 -2.750195
v -4.69872 31.89849 -1.824972
v -4.69872 31.89849 -2.750195
v -1.647516 31.89849 -1.824972
v -4.69872 31.89849 2.610835
v -1.647516 31.89849 2.610835
v -3.712286 34.22013 -1.858464
v -4.69872 34.08975 -1.824972
v -3.967488 34.95048 -2.046125
v -4.549673 34.95048 -2.046125
v -2.639493 34.22013 -1.858464
v -1.647516 34.08975 -1.824972
v -2.343854 34.95048 -2.046125
v -1.825892 34.95048 -2.046125
v -1.647516 34.08975 -1.824972
v -1.825892 34.95048 -2.046125
v -1.647516 31.89849 -2.046125
v -1.647516 31.89849 -1.824972
v -1.825892 34.95048 -2.750195
v -1.647516 31.89849 -2.750195
v -1.647516 34.08975 2.023164
v -1.647516 31.89849 2.610835
v -1.647516 33.50207 2.610835
v -2.343854 34.95048 -2.046125
v -2.639493 34.22013 -1.858464
v -2.639493 34.22013 -2.750195
v -2.343854 34.95048 -2.750195
v -2.343854 34.95048 -2.046125
v -2.343854 34.95048 -2.750195
v -1.825892 34.95048 -2.750195
v -1.825892 34.95048 -2.046125
v -3.712286 34.22013 -1.858464
v -3.712286 34.22013 -2.750195
v -2.639493 34.22013 -2.750195
v -2.639493 34.22013 -1.858464
v -3.712286 34.22013 -2.750195
v -3.712286 34.22013 -1.858464
v -3.967488 34.95048 -2.046125
v -3.967488 34.95048 -2.750195
v -4.69872 34.08975 2.023164
v -1.647516 34.08975 2.023164
v -1.647516 33.50207 2.610835
v -4.69872 33.50207 2.610835
v -3.374964 24.69384 -2.098493
v -3.995763 23.19508 -2.098493
v -3.995763 24.951 -2.098493
v -4.616581 24.69384 -2.098493
v -4.873721 24.07304 -2.098493
v -4.616581 23.45224 -2.098493
v -3.117824 24.07304 -2.098493
v -3.374964 23.45224 -2.098493
v -3.117824 24.07304 -5.781104
v -4.873721 24.07304 -5.781104
v -3.995763 23.19508 -5.781104
v -3.374964 24.69384 -5.781104
v -3.995763 24.951 -5.781104
v -4.616581 24.69384 -5.781104
v -3.374964 23.45224 -5.781104
v -4.616581 23.45224 -5.781104
v -3.995763 24.951 -2.098493
v -4.616581 24.69384 -2.098493
v -4.616581 24.69384 -5.781104
v -3.995763 24.951 -5.781104
v -3.995763 23.19508 -2.098493
v -3.374964 23.45224 -2.098493
v -3.374964 23.45224 -5.781104
v -3.995763 23.19508 -5.781104
v -4.616581 23.45224 -2.098493
v -3.995763 23.19508 -2.098493
v -3.995763 23.19508 -5.781104
v -4.616581 23.45224 -5.781104
v -3.374964 24.69384 -2.098493
v -3.995763 24.951 -2.098493
v -3.995763 24.951 -5.781104
v -3.374964 24.69384 -5.781104
v -3.117824 24.07304 -2.098493
v -3.374964 24.69384 -2.098493
v -3.374964 24.69384 -5.781104
v -3.117824 24.07304 -5.781104
v -4.873721 24.07304 -2.098493
v -4.616581 23.45224 -2.098493
v -4.616581 23.45224 -5.781104
v -4.873721 24.07304 -5.781104
v -3.374964 23.45224 -2.098493
v -3.117824 24.07304 -2.098493
v -3.117824 24.07304 -5.781104
v -3.374964 23.45224 -5.781104
v -4.616581 24.69384 -2.098493
v -4.873721 24.07304 -2.098493
v -4.873721 24.07304 -5.781104
v -4.616581 24.69384 -5.781104
v -4.847115 24.38165 -5.998018
v -1.430832 24.38165 -5.998018
v -1.430832 27.38127 -5.998018
v -4.847115 27.38127 -5.998018
v -4.847115 24.38165 38.73618
v -1.430832 24.38165 38.73618
v -1.430832 24.38165 -5.998018
v -4.847115 24.38165 -5.998018
v -4.847115 27.38127 38.73618
v -1.430832 27.38127 38.73618
v -1.430832 24.38165 38.73618
v -4.847115 24.38165 38.73618
v -1.430832 24.38165 38.73618
v -1.430832 27.38127 38.73618
v -1.430832 27.38127 -5.998018
v -1.430832 24.38165 -5.998018
v -4.847115 27.38127 -5.998018
v -4.847115 27.38127 38.73618
v -4.847115 24.38165 38.73618
v -4.847115 24.38165 -5.998018
v -4.847115 27.38127 -5.998018
v -1.430832 27.38127 -5.998018
v -1.430832 27.38127 38.73618
v -4.847115 27.38127 38.73618
v -3.165704 29.00078 2.848658
v -3.178038 29.05572 -35.71255
v -1.281996 29.05572 -35.71255
v -1.281996 29.00078 2.848658
v -5.049412 29.00078 2.848658
v -5.07408 29.05572 -35.71255
v -3.178038 28.34975 -37.5484
v -5.07408 28.11181 -38.20732
v -4.530165 27.98826 -38.51709
v -3.672943 27.87583 -38.79896
v -2.683133 27.87583 -38.79896
v -1.825931 27.98826 -38.51709
v -1.281996 28.11181 -38.20732
v -1.281996 28.82056 -35.71255
v -3.178038 28.82056 -35.71255
v -3.165704 28.82056 2.848658
v -1.281996 28.82056 2.848658
v -5.049412 28.82056 2.848658
v -5.07408 28.82056 -35.71255
v -3.178038 28.14605 -37.53956
v -1.281996 27.93159 -38.20732
v -1.825912 27.80804 -38.51709
v -2.683133 27.69561 -38.79896
v -3.672943 27.69561 -38.79896
v -4.530165 27.80804 -38.51709
v -5.07408 27.93159 -38.20732
v -1.281996 28.82056 -35.71255
v -1.281996 29.05572 -35.71255
v -1.281996 28.11181 -38.20732
v -1.281996 29.00078 2.848658
v -1.281996 27.93159 -38.20732
v -1.281996 28.82056 2.848658
v -5.049412 29.00078 2.848658
v -3.165704 29.00078 2.848658
v -3.165704 28.82056 2.848658
v -5.049412 28.82056 2.848658
v -1.281996 28.82056 2.848658
v -1.281996 29.00078 2.848658
v -5.049412 29.00078 2.848658
v -5.049412 28.82056 2.848658
v -5.07408 28.82056 -35.71255
v -5.07408 29.05572 -35.71255
v -5.07408 28.11181 -38.20732
v -5.07408 27.93159 -38.20732
v -4.530165 27.98826 -38.51709
v -5.07408 28.11181 -38.20732
v -5.07408 27.93159 -38.20732
v -4.530165 27.80804 -38.51709
v -3.672943 27.87583 -38.79896
v -3.672943 27.69561 -38.79896
v -2.683133 27.87583 -38.79896
v -2.683133 27.69561 -38.79896
v -1.825912 27.80804 -38.51709
v -1.825931 27.98826 -38.51709
v -1.281996 27.93159 -38.20732
v -1.281996 28.11181 -38.20732
v -3.238616 34.25226 81.50634
v -3.073283 34.25226 81.50634
v -3.073283 34.25226 82.97879
v -3.238616 34.25226 82.97879
v -2.698613 32.88523 81.50634
v -2.698613 32.88523 82.97879
v -3.073283 34.25226 82.97879
v -3.073283 34.25226 81.50634
v -2.698613 32.88523 82.97879
v -2.698613 32.88523 81.50634
v -3.613286 32.88523 81.50634
v -3.613286 32.88523 82.97879
v -2.698613 32.88523 82.97879
v -3.613286 32.88523 82.97879
v -3.238616 34.25226 82.97879
v -3.073283 34.25226 82.97879
v -3.613286 32.88523 82.97879
v -3.613286 32.88523 81.50634
v -3.238616 34.25226 81.50634
v -3.238616 34.25226 82.97879
v -3.613286 32.88523 81.50634
v -2.698613 32.88523 81.50634
v -3.073283 34.25226 81.50634
v -3.238616 34.25226 81.50634
v -0.432639 1.391374 -92.1117
v -5.845288 1.391374 -92.1117

vn -0.2178537 0.6440457 -0.7333109
vn 0.2211111 0.6418669 -0.7342457
vn 0.1962928 0.88672 -0.4185652
vn -0.1960785 0.8854427 -0.4213603
vn -0.3828941 0.8341568 -0.3969568
vn 0.1914234 0.9011588 -0.3889343
vn 0.3757697 0.8508504 -0.3672204
vn 0.3757609 0.8508556 -0.3672175
vn 0.3863637 0.8303257 -0.4015998
vn 0.4115416 0.603802 -0.6826835
vn -0.4059106 0.603085 -0.6866769
vn -0.1950927 0.9004946 -0.3886494
vn -0.3826915 0.8482426 -0.3661035
vn -0.1950964 0.9004939 -0.388649
vn 0.1914175 0.9011619 -0.38893
vn -0.2063416 0.9647009 -0.1636313
vn 0.206188 0.9642842 -0.1662603
vn -0.2045822 0.9392621 0.2755594
vn -0.3902616 0.8834681 0.2591914
vn 0.3922155 0.9076206 -0.149639
vn 0.2064458 0.9385242 0.2766813
vn -0.3826889 0.8482466 -0.3660968
vn -0.3921852 0.9069331 -0.1538286
vn -0.2055899 0.859143 0.4686214
vn 0.205599 0.8591412 0.4686207
vn -0.3826797 0.8110719 0.4424008
vn 0.3936569 0.8826676 0.2567728
vn 0.3826962 0.8110658 0.4423979
vn -0.3326658 -0.1789512 -0.9259104
vn 0.3326674 -0.178951 -0.9259098
vn 0.1502611 -0.4421327 -0.8842738
vn -0.0001949945 0 -1
vn 0.5056821 -0.3022577 -0.8080382
vn -0.150261 -0.4421329 -0.8842738
vn -0.5056825 -0.3022577 -0.8080381
vn -6.051837E-07 0.3103268 -0.9506299
vn 0 0.3103276 -0.9506297
vn 0 0.7600675 -0.6498441
vn 0 0.7600676 -0.6498439
vn -2.32053E-05 0 -1
vn 9.694886E-07 0.3103397 -0.9506257
vn 0 0.3103416 -0.9506251
vn 0 0.7600551 -0.6498588
vn 0 0.7600541 -0.6498598
vn -0.4081564 -0.4082666 -0.8165334
vn 0.408158 -0.4082684 -0.8165318
vn -0.195088 -0.9743216 0.1124195
vn -0.2099372 -0.9004191 0.3810141
vn 0.2099435 -0.9004179 0.3810136
vn 0.1950937 -0.9743205 0.1124192
vn 0.2089159 -0.5619723 0.8003382
vn -0.2089102 -0.561973 0.8003393
vn -0.3951412 -0.5278844 0.7517989
vn 0.2026342 -0.976987 -0.06660058
vn -0.2026279 -0.9769884 -0.06660093
vn -0.2138383 -0.8170698 -0.5354158
vn 0.2138281 -0.8170879 -0.5353923
vn -0.3882088 -0.9194378 -0.06267481
vn -0.3826817 -0.917791 0.1058978
vn -0.3963382 -0.8455231 0.3577803
vn 0.3882187 -0.9194336 -0.06267355
vn 0.3826926 -0.9177866 0.1058971
vn 0.3963493 -0.8455185 0.3577787
vn 0.3951512 -0.5278818 0.7517953
vn -0.4009909 -0.7661524 -0.5022119
vn 0.4009824 -0.7661279 -0.502256
vn 0 0.6482922 -0.7613916
vn 0 0.6482922 -0.7613916
vn 0 0.6482922 -0.7613916
vn 0 0.6482922 -0.7613916
vn 0 0.9474982 -0.319761
vn 0 0.7600541 -0.6498598
vn 0 0.7600551 -0.6498588
vn 0 0.9474987 -0.3197595
vn 0 0.9941864 -0.1076728
vn 0 0.9941864 -0.1076725
vn 0 0.9891357 -0.1470051
vn -6.164501E-07 0.9891356 -0.1470059
vn -0.0001722835 0.9675906 -0.252524
vn -8.085037E-07 0.9675925 -0.2525167
vn 0.0001691944 0.9675927 -0.2525162
vn 7.959826E-07 0.9675924 -0.2525175
vn 6.067096E-07 0.9891348 -0.1470116
vn 0 0.9891349 -0.1470106
vn 0 0.9941865 -0.1076711
vn 0 0.9941865 -0.1076713
vn 0 0.9474937 -0.3197744
vn 0 0.947494 -0.3197736
vn 0 0.7600676 -0.6498439
vn 0 0.7600675 -0.6498441
vn 1.379582E-05 0.5112236 0.8594478
vn -1.379351E-05 0.5112231 0.8594481
vn 0 0.09610894 0.9953708
vn 0 0.09610893 0.9953708
vn 2.305335E-06 0.6281534 0.7780895
vn -2.305338E-06 0.6281521 0.7780905
vn 2.52822E-06 0.6281477 0.7780941
vn 0 0.6281474 0.7780944
vn -2.528215E-06 0.6281468 0.7780949
vn 0 0.6281465 0.7780951
vn 0 0.7080092 -0.7062033
vn 0 0.7080092 -0.7062032
vn 0 0.4661144 -0.8847245
vn 0 0.4661144 -0.8847244
vn 0 1 0
vn 0 1 0
vn 0 1 0
vn 0 1 0
vn -1 0 0
vn -1 -1.500829E-07 0
vn -1 0 0
vn -1 0 0
vn -1 0 0
vn -1 0 0
vn -1 0 0
vn -1 -6.055875E-07 0
vn 0.2049029 -0.2200909 -0.9537164
vn 0.2102389 0.06088943 -0.9757521
vn -0.210233 0.06088908 -0.9757533
vn 0.3966896 0.05717295 -0.9161707
vn -0.2048952 -0.2200913 -0.9537179
vn -0.3966778 0.05717275 -0.9161758
vn -0.2178537 0.6440457 -0.7333109
vn -0.4059106 0.603085 -0.6866769
vn 0.2211111 0.6418669 -0.7342457
vn 0.4115416 0.603802 -0.6826835
vn 0.3826973 -0.2077427 -0.9002143
vn -0.3826842 -0.207744 -0.9002195
vn 0 0.4661144 -0.8847244
vn 0 0.4661144 -0.8847245
vn 0 0.182091 -0.9832817
vn 0 0.1820909 -0.9832817
vn 0 -0.1087235 -0.994072
vn 0 -0.1087235 -0.994072
vn 0 -0.1087235 -0.994072
vn 0 -0.1087235 -0.994072
vn 0.1981258 -0.9583123 0.2058729
vn 0.2270197 -0.9737908 0.01391098
vn -0.2152494 -0.9764594 0.01394987
vn -0.2027039 -0.9599617 0.1933511
vn 0.1895815 -0.9106447 0.3671308
vn -0.2100216 -0.9067794 0.365571
vn -0.3882776 -0.9034007 0.1819552
vn 0.3888799 -0.9070826 0.1611632
vn 0.4119347 -0.9111204 0.01301702
vn -0.3826808 -0.9237863 0.01319922
vn -0.3826772 -0.8568713 0.3454416
vn 0.3451185 -0.870482 0.3509335
vn 0.1952761 -0.9252722 -0.3251751
vn 0.2002609 -0.8752868 -0.4401917
vn -0.2017669 -0.8741979 -0.4416652
vn -0.2416571 -0.9131546 -0.3282538
vn -0.388073 -0.8209902 -0.4187774
vn -0.4733476 -0.8336134 -0.284659
vn -0.2753258 -0.9600597 -0.04981132
vn 0.2025602 -0.97817 -0.04639712
vn -0.2715463 -0.9573547 0.09866455
vn 0.2055102 -0.9734494 0.1008055
vn -0.5251448 -0.8466023 0.08653053
vn -0.5195035 -0.8532592 -0.04544078
vn 0.3798099 -0.8777346 -0.2921069
vn 0.3745814 -0.8293313 -0.4146062
vn 0.3886164 -0.9205083 -0.04051751
vn 0.3842541 -0.9182512 0.09572607
vn -0.1950801 0 0.9807873
vn 0.1950841 0 0.9807865
vn 0.2153708 0 0.9765323
vn -0.2153649 0 0.9765337
vn 0.2153718 0 0.9765321
vn -0.215365 0 0.9765337
vn 0.3826732 0 0.9238838
vn 0.3826749 0 0.9238831
vn 0.3826776 0 0.9238819
vn -0.3826632 0 0.9238878
vn -0.3826666 0 0.9238864
vn -0.3826661 0 0.9238867
vn -0.2076041 0.1049988 -0.9725614
vn -0.2075885 -0.3854086 -0.8990924
vn 0.207596 -0.3854084 -0.8990908
vn -0.1951118 -0.6023637 -0.7740086
vn -0.3936108 -0.3621817 -0.844923
vn -0.3826891 -0.5673138 -0.7291805
vn 0.2076108 0.1049986 -0.97256
vn -0.2048719 0.3484468 -0.9146652
vn -0.3936213 0.0986781 -0.9139611
vn 0.3936242 -0.3621805 -0.8449174
vn 0.3826855 -0.5672817 -0.7292073
vn 0.1951104 -0.6023896 -0.7739888
vn 0.2048852 0.3484442 -0.9146631
vn -0.2138383 -0.8170698 -0.5354158
vn 0.2138281 -0.8170879 -0.5353923
vn -0.4009909 -0.7661524 -0.5022119
vn 0.4009824 -0.7661279 -0.502256
vn -0.3826669 0.3289014 -0.8633597
vn 0.3936341 0.09867704 -0.9139557
vn 0.38269 0.3288945 -0.8633521
vn 1 -1.396858E-06 -1.515558E-06
vn 1 0 0
vn 1 0 0
vn 1 0 0
vn 1 -1.902256E-06 -6.311776E-07
vn 1 -2.528856E-06 -1.159621E-06
vn 1 -2.10797E-06 3.601909E-07
vn 1 -2.225172E-06 5.338342E-07
vn 1 -5.54108E-07 -1.68211E-06
vn 1 -7.420446E-07 -6.041602E-07
vn 1 -1.719666E-06 -1.579828E-06
vn 1 -1.739774E-06 3.156063E-07
vn 1 -5.227123E-07 5.262331E-07
vn 1 3.372764E-06 -1.962069E-07
vn 1 4.35731E-07 5.058309E-07
vn 0.9994621 -0.007967302 0.03181554
vn 0.9900104 0.07083006 0.1219114
vn 0.9864774 0.006447975 0.1637707
vn 0.9328451 0.1809889 0.3115171
vn 0.9854476 -0.1629477 0.04838482
vn 0.9373171 -0.3352123 0.09523264
vn 0.9807855 -0.1938031 0.02236209
vn 1 1.499363E-07 0
vn 1 1.449743E-05 -4.241553E-06
vn 1 -1.370631E-06 -1.644774E-06
vn 1 5.937107E-07 0
vn 0.9878809 -0.06958646 0.1387409
vn 0.9279861 -0.03398853 0.3710616
vn 0.9238808 -0.380158 0.04386421
vn 0.9261299 -0.3763315 -0.02565289
vn 0.9853651 -0.1700625 -0.01159262
vn 0.9310373 -0.3051912 -0.2000696
vn 0.9890434 -0.1234566 -0.08094262
vn 0.9807879 -0.1197753 -0.1539776
vn 0.9238809 -0.2349762 -0.3020432
vn 0.9282521 -0.146542 -0.3418674
vn 0.9872267 -0.06277056 -0.146436
vn 0.9282654 0.0399224 -0.3697698
vn 0.9872358 0.01709557 -0.1583452
vn 0.9349838 0.2487239 -0.252867
vn 0.9910141 0.09379549 -0.09535933
vn 0.9807861 0.1811327 -0.07245278
vn 0.9238836 0.3553039 -0.1421205
vn 0.9245405 0.3660519 -0.1059764
vn 0.9832162 0.1752477 -0.05073566
vn 0.9815524 0.1890098 -0.02881197
vn 0.9239486 0.3781483 -0.05764367
vn 0.980785 0.1937018 -0.02324454
vn 0.9238777 0.379962 -0.0455944
vn 0.9263769 0.3755835 0.02761912
vn 0.9856184 0.1685317 0.0123936
vn 0.9266776 0.3350169 0.1703885
vn 0.9859096 0.1491029 0.07583221
vn 1 0 0
vn 1 0 0
vn 1 0 0
vn 1 0 0
vn 1 -1.335884E-07 0
vn 0.9916496 0.07596228 0.104215
vn 0.9882394 -0.01653588 0.1520182
vn 0.9364946 0.2065594 0.283392
vn 0.9864135 0.1578618 0.04547588
vn 0.9297143 -0.03982209 0.3661226
vn 0.9281986 0.3562825 0.1072853
vn 0.9868138 0.1598392 -0.02549453
vn 0.9274751 0.3676438 -0.06802959
vn 0.9800364 0.1825427 -0.07878337
vn 0.9209424 0.3577975 -0.1544217
vn 0.9837752 -0.09002752 0.1551815
vn 0.9248579 -0.1908454 0.328962
vn 0.9807872 -0.1175258 0.1557049
vn 0.9238832 -0.2305378 0.305438
vn 0.9238741 -0.2355187 0.3016415
vn 0.981168 -0.1189236 0.1522056
vn 0.9343662 -0.3125084 0.1711678
vn 0.9905918 -0.1202501 0.06532758
vn 0.9846718 -0.1742876 -0.006731723
vn 0.926717 -0.3753485 -0.01757907
vn 0.9836516 -0.1718156 -0.05393572
vn 1 2.610169E-06 3.427152E-06
vn 0.9203563 -0.3662629 -0.1370979
vn 0.9346098 -0.2245744 -0.2758095
vn 0.9914863 -0.08039001 -0.1024332
vn 0.9880534 0.009599131 -0.1538124
vn 0.9294308 0.02298032 -0.3682804
vn 0.9346989 0.231005 -0.2701378
vn 0.9902989 0.09240594 -0.1037751
vn 0.9821804 0.1686002 -0.08304098
vn 0.9233279 0.3490821 -0.1600221
vn 0.9800369 0.1825403 -0.07878239
vn 0.9209441 0.3577939 -0.15442
vn 1 1.010655E-05 2.045128E-06
vn 0.9162393 -0.3951229 0.06620766
vn 0.9268169 -0.2976542 0.2289376
vn 1 0 0
vn 1 -7.244674E-06 1.746821E-06
vn 1 -1.150588E-06 -1.365484E-06
vn 0.9599484 -0.2377504 0.1482358
vn 0.4841284 -0.8555498 0.1834507
vn 0.7765678 -0.5014502 0.3814318
vn 0.753616 -0.6364661 0.1642369
vn 1 5.40451E-06 2.941395E-06
vn 1 1.045258E-06 -6.883391E-07
vn 1 9.655557E-07 1.863603E-06
vn 1 1.252582E-06 -2.668305E-07
vn 0.9146463 0.1333108 -0.3816418
vn 0.9146474 0.3869131 -0.1171256
vn 0.792072 0.5510818 -0.2625469
vn 0.7920606 0.2855162 -0.5395558
vn 0.7196482 0.2199017 -0.6585968
vn 0.7098793 0.7000175 0.07776117
vn 0.7098797 0.7000169 0.07776354
vn 0.7196488 0.2199003 -0.6585967
vn 0.7071202 0.3923192 -0.5882743
vn 0.7071204 0.3923189 -0.5882742
vn 0.708685 0.6675138 0.2284528
vn 0.7086843 0.667514 0.2284546
vn 0.7084036 0.6072415 0.3597529
vn 0.7108591 0.6034285 0.3613217
vn 0.7086799 0.6289624 0.3196546
vn 0.7171121 0.6458523 0.2619634
vn 0.7269904 0.6846425 -0.0524367
vn 0.7262726 0.6861507 -0.04153895
vn 0.7008682 0.6960628 -0.1558212
vn 0.7127644 0.6930923 -0.1076569
vn 0.7484758 0.5993922 -0.2837482
vn 0.7476919 0.5912309 -0.3023289
vn 0.739198 0.6091495 -0.2872682
vn 0.7391983 0.6091483 -0.2872707
vn 0.7071134 0.707011 -0.01122206
vn 0.7071134 0.707011 -0.01122206
vn -1 0 0
vn -1 0 0
vn -1 0 0
vn -1 0 0
vn -1 0 0
vn -1 0 0
vn -1 0 0
vn -1 0 0
vn -1 0 0
vn -1 0 0
vn -1 0 0
vn -1 0 0
vn -1 0 0
vn -1 0 0
vn -0.9900106 0.07083017 0.1219107
vn -0.9870216 -0.01464852 0.1599178
vn -0.9328451 0.1809904 0.3115162
vn -0.9859093 0.1491047 0.07583333
vn -0.9266765 0.3350194 0.1703902
vn -0.9856184 0.1685314 0.01239385
vn -0.9263767 0.3755839 0.02762027
vn -0.980785 0.193702 -0.02324457
vn -0.9238774 0.3799627 -0.04559433
vn -0.9239486 0.3781484 -0.05764357
vn -0.9815525 0.1890097 -0.02881182
vn -0.9245402 0.366053 -0.1059754
vn -0.9832161 0.1752483 -0.0507354
vn -0.9807865 0.1811307 -0.07245328
vn -0.9238833 0.3553034 -0.1421241
vn -0.9349853 0.2487169 -0.2528683
vn -0.9910144 0.09379415 -0.09535765
vn -0.9872358 0.0170957 -0.1583454
vn -0.928265 0.03992323 -0.3697706
vn -0.9872267 -0.06277058 -0.146436
vn -0.9282519 -0.1465424 -0.341868
vn -0.9807895 -0.1197852 -0.1539596
vn -0.9883841 0.1396882 0.05986637
vn -0.98904 -0.1234834 -0.08094288
vn -0.9310342 -0.3052089 -0.2000569
vn -0.9228349 0.3680059 0.1137869
vn -0.9853647 -0.1700642 -0.01159319
vn -0.9261298 -0.3763315 -0.02565352
vn -0.9807861 -0.1938004 0.02236139
vn -1 0 0
vn -0.9879622 -0.1424654 0.060285
vn -0.9292907 -0.34015 0.1439338
vn -1 0 0
vn -0.9876488 -0.09003895 0.1282289
vn -0.9288341 -0.2129064 0.303213
vn -0.9279858 -0.03398858 0.3710621
vn -0.9238832 -0.2349862 -0.3020285
vn -0.9238829 -0.3801532 0.04386335
vn -1 0 0
vn -0.2117041 0.2275806 -0.9504675
vn -0.19714 0.1628994 -0.9667469
vn 0.1971475 0.1628989 -0.9667455
vn -0.3834449 0.1534588 -0.9107252
vn 0.2117139 0.2275799 -0.9504655
vn 0.3834587 0.1534577 -0.9107196
vn 0.1983458 0 -0.980132
vn -0.1983402 0 -0.9801333
vn -0.3842651 0 -0.9232228
vn 0.197145 -0.1628979 -0.9667462
vn -0.197139 -0.1628982 -0.9667473
vn -0.3834433 -0.1534579 -0.9107261
vn 0.3834547 -0.1534568 -0.9107214
vn 0.2117122 -0.2275781 -0.9504663
vn -0.2117025 -0.2275787 -0.9504683
vn -0.3826649 -0.2151359 -0.8984899
vn 0.3826809 -0.2151342 -0.8984835
vn 0.3826836 0.2151357 -0.898482
vn 0.384276 0 -0.9232182
vn -0.3826676 0.2151375 -0.8984885
vn 1 -1.220815E-07 0
vn 1 7.325448E-07 -1.255797E-06
vn 0.9969406 -0.0590525 -0.0512069
vn 0.9857764 -0.166149 0.02528721
vn 0.9439042 -0.177641 -0.2783675
vn 0.9964604 0.05987258 -0.05900829
vn 0.9406095 0.1821491 -0.2864878
vn 0.9820675 0.1885283 0.0007867165
vn 0.9240583 0.3822483 0.001593147
vn 0.9563624 0.2038947 0.2092799
vn 0.9969162 0.0547643 0.05620553
vn 0.9943803 -0.0561257 0.08976445
vn 0.9401699 -0.2030071 0.2736211
vn 0.9194198 -0.3796685 0.1025625
vn 0.9807857 0 0.1950884
vn 1 -1.858211E-06 1.769317E-06
vn 0.9974477 0.0504886 0.05048784
vn 1 0 0
vn 0.9596848 0.1987489 0.1987556
vn 0.9238786 0 0.3826857
vn 0.9974476 -0.05048923 0.05048838
vn 0.9958882 0.07112643 -0.05610597
vn 0.9509772 0.2428081 -0.191537
vn 0.9824469 0.03099248 -0.1839501
vn 0.9241975 0.06345962 -0.3766058
vn 0.9245326 -3.459843E-06 -0.381103
vn 0.9832178 -2.3667E-06 -0.1824355
vn 0.9824453 -0.03099751 -0.1839575
vn 0.9241859 -0.06346338 -0.3766334
vn 0.9509674 -0.2428342 -0.1915532
vn 0.9958875 -0.07113173 -0.05611125
vn 0.9596835 -0.1987572 0.1987538
vn 1 2.155885E-06 -1.254397E-06
vn 1 2.303899E-06 2.07196E-06
vn 1 -8.655577E-07 3.85418E-07
vn 0 0.9191452 0.3939189
vn 0 0.9191449 0.3939196
vn 0 0.9442223 0.3293087
vn 0 0.9442225 0.3293084
vn 0 0.9911519 0.1327326
vn 0 0.9911519 0.1327326
vn 5.977474E-07 0.9918652 -0.1272924
vn -7.172893E-07 0.9918651 -0.1272936
vn 1.030836E-05 0.9675927 -0.2525162
vn 1.005653E-07 0.9675928 -0.2525155
vn 0 0.9675928 -0.2525155
vn -1.2368E-05 0.9675926 -0.2525166
vn -1.206594E-07 0.9675925 -0.252517
vn 0 0.9675925 -0.2525171
vn 0 -0.9943377 0.1062666
vn 0 -0.9943377 0.1062666
vn 0 -0.9714941 0.2370636
vn 0 -0.9714939 0.2370645
vn 0 -0.95714 0.2896256
vn 0 -0.9571395 0.2896272
vn 0 -0.9447105 0.3279054
vn 0 -0.9447101 0.3279069
vn 0 -0.9825356 0.186075
vn 0 -0.9825354 0.1860757
vn 0 -1 0
vn 0 -1 0
vn 0 -0.999869 0.01618942
vn 0 -0.999869 0.01618904
vn 0 -0.9999908 0.004299175
vn 0 -0.9999908 0.004299555
vn 0 -0.9768621 0.2138701
vn 0 -0.9999808 0.006201176
vn 0 -0.9999808 0.006201193
vn 0 -0.9998965 0.01438424
vn 0 -0.9998965 0.01438427
vn 0 -0.9999665 0.008183476
vn 0 -0.9999665 0.008183487
vn 0 -0.9768623 0.2138695
vn 0 -1 0
vn 0 -1 0
vn 0 -1 0
vn 0 -1 0
vn 0 -0.7945521 0.607196
vn 0 -0.7945526 0.6071953
vn 0 -0.6384733 0.769644
vn 0 -0.6384736 0.7696437
vn -0.3787978 0.8288892 0.4116491
vn 0 0.9088951 0.4170248
vn 0 0.8588216 0.5122748
vn -0.3556201 0.813481 0.4601989
vn 0 0.9461234 0.3238064
vn 0 0.9461234 0.3238064
vn 0 0.9938866 0.1104052
vn 0 0.9938866 0.1104051
vn 0 0.9998986 -0.01424683
vn 0 0.9998986 -0.01424668
vn -0.6073356 0.6543679 0.4504955
vn 0 0.9982402 -0.05929957
vn 0 0.9982402 -0.05929957
vn 0 0.9831095 -0.1830185
vn 0 0.9831095 -0.1830185
vn 0 0.9991688 -0.04076526
vn 0 0.9991688 -0.0407653
vn 0 0.4661134 -0.8847249
vn 0 0.1820908 -0.9832818
vn 0 0.1820909 -0.9832818
vn 0 0.4661136 -0.8847249
vn 0 -0.9991092 0.04219927
vn 0.2785054 -0.9595745 0.0406405
vn 0.1969796 -0.9798275 0.03372011
vn 0 -0.9994084 0.03439403
vn 0 -0.9987491 0.05000244
vn 0.2779746 -0.9593867 0.04803225
vn 0.5340386 -0.8444024 0.04227499
vn 0 -0.9987491 0.05000226
vn 0.4841284 -0.8555498 0.1834507
vn 0.9599484 -0.2377504 0.1482358
vn 0.5346165 -0.8445948 0.02906612
vn 0.5343382 -0.8445266 0.03546311
vn 0 0.04740153 0.9988759
vn 0 0.04740153 0.9988759
vn 0 0.04740153 0.9988759
vn 0 0.04740153 0.9988759
vn 0 0.9998741 -0.0158705
vn 0 0.9998741 -0.01587049
vn 0 0.9998741 -0.01587054
vn 0 0.9998741 -0.01587055
vn -0.3288453 0.343926 -0.8795316
vn 0 0.3167089 -0.9485227
vn 0 0.5548366 -0.8319594
vn -0.3134337 0.5268764 -0.7900383
vn -0.6614996 0.1806176 -0.7278705
vn 0 0.05631895 -0.9984128
vn 0 0.05631896 -0.9984128
vn -0.5065587 0.4783799 -0.7173221
vn -0.9974477 0.05048873 0.05048791
vn -0.9807857 0 0.1950885
vn -1 0 0
vn -0.9596847 0.1987495 0.1987558
vn -1 0 0
vn -0.9958882 0.07112637 -0.0561054
vn -0.9509776 0.2428081 -0.1915354
vn -0.9238799 0 0.3826826
vn -0.9974476 -0.05048925 0.05048874
vn -0.9974051 -0.05181577 -0.04998089
vn -0.9596837 -0.1987564 0.1987535
vn -0.9958879 -0.07112795 -0.05610765
vn -0.9824476 0.03099531 -0.1839457
vn -0.9241972 0.06345966 -0.3766063
vn -0.9245424 0 -0.3810793
vn -0.9832199 0 -0.1824241
vn -0.9824474 -0.03099544 -0.1839466
vn -0.9241968 -0.06345876 -0.3766076
vn -0.9509751 -0.2428161 -0.1915378
vn -1 0 0
vn -1 0 0
vn -1 0 0
vn -1 0 0
vn -0.919767 0.3888457 -0.05317645
vn -0.9854037 -0.1668823 0.03361216
vn -0.9594026 -0.202991 -0.19581
vn -0.9971024 0.05130995 -0.05616055
vn -0.9555717 0.2103506 -0.2064833
vn -0.9180204 0.3963997 -0.01028876
vn -0.9829942 0.1835432 0.005854961
vn -0.9586433 0.1912068 0.210815
vn -0.9970906 0.05365279 0.05414606
vn -0.9807859 0.006046584 0.1949936
vn -0.9238818 0.01186067 0.3824943
vn -0.9468662 -0.1757973 0.2693318
vn -0.9949411 -0.05491084 0.08412457
vn -0.9261667 -0.3696908 0.07445764
vn -0.9554503 0.2948635 -0.01305148
vn -0.751425 0.6440979 -0.143172
vn -0.7497349 0.6605724 -0.03926433
vn -0.6986076 0.6584103 0.2800772
vn -0.9912021 -0.07990496 -0.1055157
vn -0.9902549 -0.1311227 -0.04692578
vn -0.9486027 -0.290552 -0.1254283
vn -0.9349866 -0.2173541 -0.2802806
vn -0.9619107 -0.2725154 -0.02152184
vn -0.9880546 0.009598125 -0.1538053
vn -0.9294311 0.02298082 -0.3682793
vn -0.9328194 0.2377879 -0.2707488
vn -0.9899984 0.09309688 -0.1060002
vn -0.9816719 0.1720868 -0.0818928
vn -0.9239734 0.3453463 -0.1643443
vn -0.9924305 -0.1225013 -0.008673648
vn -0.9942011 -0.09840707 0.04335983
vn -0.9481003 -0.2524969 0.1932648
vn -0.9811696 -0.1188473 0.1522544
vn -0.9238609 -0.2355958 0.3016216
vn -0.9238835 -0.2305263 0.3054455
vn -0.9807866 -0.1175203 0.1557131
vn -0.924868 -0.190836 0.3289389
vn -0.9837773 -0.09002363 0.1551711
vn -0.9297143 -0.03981832 0.3661225
vn -0.9882392 -0.01653291 0.1520199
vn -0.9364952 0.2065555 0.2833931
vn -0.9916495 0.07596044 0.1042173
vn -0.9861583 0.1591016 0.04667644
vn -0.9269483 0.3600154 0.1056208
vn -0.9277126 0.368039 -0.0624243
vn -0.9868059 0.1596273 -0.02707626
vn -0.9807861 0.1791163 -0.07730398
vn -0.9238819 0.351352 -0.1516381
vn -0.9807857 0.1791174 -0.07730686
vn -0.9238812 0.3513513 -0.1516433
vn -1 0 0
vn -1 0 0
vn -1 0 0
vn -1 0 0
vn -1 0 0
vn -1 0 0
vn -1 0 0
vn -0.7686673 0.5879303 0.2519693
vn -0.7547309 0.6120555 0.2361552
vn -0.715571 0.6929017 0.08857381
vn -0.7150738 0.6921829 0.09773591
vn -0.7106718 0.6988575 -0.08089244
vn -0.7084084 0.6986665 -0.1001132
vn -1 0 0
vn -1 0 0
vn -0.9146497 0.1333063 -0.3816352
vn -0.914651 0.3869042 -0.1171273
vn -0.7920728 0.2855092 -0.5395417
vn -0.3288453 0.343926 -0.8795316
vn -0.6614996 0.1806176 -0.7278705
vn -0.7920749 0.5510767 -0.2625484
vn -0.7098792 0.7000176 0.07776114
vn -0.7098796 0.700017 0.07776352
vn -0.7086847 0.6675144 0.2284523
vn -0.7086844 0.6675143 0.2284538
vn -0.3556201 0.813481 0.4601989
vn -0.6073356 0.6543679 0.4504955
vn -1 0 0
vn -1 0 0
vn -1 0 0
vn -0.3787978 0.8288892 0.4116491
vn 0.1954795 -0.6035697 0.7729757
vn 0.2045527 -0.6150518 0.7614916
vn -0.2172413 -0.6133201 0.7593713
vn 0.3826608 -0.5686885 0.7281237
vn -0.1954619 -0.6036106 0.7729481
vn 0.3826961 -0.5805051 0.7187194
vn -0.3826512 -0.5685673 0.7282235
vn -0.3826802 -0.580487 0.7187424
vn -0.1993234 -0.4917494 0.8476159
vn -0.2108652 -0.1056917 0.9717845
vn 0.2108745 -0.1056914 0.9717824
vn 0.2055911 0.183116 0.9613536
vn 0.3974366 -0.0992182 0.9122499
vn -0.385071 -0.463125 0.7982703
vn 0.1993291 -0.4917488 0.8476149
vn 0.19509 -0.5908324 0.7828518
vn 0.3850818 -0.4631227 0.7982665
vn 0.3826651 -0.556563 0.7374314
vn -0.2055844 0.1831164 0.961355
vn -0.3974201 -0.09921924 0.912257
vn -0.1950849 -0.5908319 0.7828535
vn -0.3826702 -0.5565528 0.7374365
vn -0.1954619 -0.6036106 0.7729481
vn 0.1954795 -0.6035697 0.7729757
vn 0.3826608 -0.5686885 0.7281237
vn -0.3826512 -0.5685673 0.7282235
vn -0.3826641 0.1728729 0.9075699
vn 0.382675 0.172872 0.9075655
vn 0.1950952 0.9106361 -0.3642526
vn 0.1983416 0.9414704 -0.2725696
vn -0.1983365 0.9414716 -0.2725689
vn -0.1959388 0.9694182 -0.1477719
vn -0.1950941 0.9106358 -0.3642536
vn -0.3826799 0.8578005 -0.3431244
vn 0.1959447 0.969417 -0.1477708
vn -0.1950983 0.9737979 -0.1168516
vn 0.1951042 0.973797 -0.1168492
vn -0.2048784 0.9087809 -0.3635135
vn 0.2048876 0.9087825 -0.3635044
vn -0.3826591 0.8578006 -0.3431474
vn -0.2032304 0.9764935 0.07181916
vn 0.2032364 0.9764921 0.07182047
vn -0.2039458 0.8726117 0.4437961
vn -0.3826936 0.9172949 -0.1100709
vn -0.3828432 0.9132631 -0.1392175
vn -0.3842658 0.8868054 -0.2567411
vn -0.3888285 0.9188284 0.06757838
vn 0.203963 0.872609 0.4437937
vn 0.3827047 0.9172904 -0.1100704
vn 0.3828541 0.9132588 -0.1392162
vn 0.3888416 0.9188228 0.06757786
vn 0.38961 0.8209106 0.4175043
vn -0.3895792 0.8209204 0.4175138
vn 0.3826894 0.8577993 -0.3431169
vn 0.3826903 0.8577983 -0.3431183
vn 0.3842766 0.8868001 -0.2567436
vn 0.1966123 0.9804729 0.004084734
vn -0.1924546 0.9813007 -0.003177675
vn -0.2015138 0.9783235 -0.04770235
vn 0.2100513 0.9765302 -0.04761561
vn 0.3831542 0.9236764 0.003848141
vn 0.2139522 0.9752545 0.05570388
vn -0.2252919 0.972706 0.05555632
vn 0.3826817 0.9223768 0.05268664
vn -0.3876631 0.9216363 0.01742442
vn -0.4025343 0.9139154 0.05220017
vn -0.3593253 0.9321049 -0.04544865
vn 0.3826964 0.9227778 -0.04499591
vn 0.21395 0.0302748 0.9763753
vn -0.1950913 0.03039852 0.9803139
vn -0.2149878 0.03026793 0.9761475
vn -0.3826828 0.02863513 0.9234359
vn 0.2077141 0.03031839 0.9777197
vn -0.2100191 0.03030459 0.9772275
vn -0.3826646 0.02863667 0.9234434
vn -0.3826595 0.02863386 0.9234456
vn 0.382671 0.02863464 0.9234408
vn 0.3826805 0.02863283 0.923437
vn 0.7071182 -0.7070888 0.003038807
vn 0.7071191 -0.7070878 0.003038516
vn 0.9162393 -0.3951229 0.06620766
vn 0.753616 -0.6364661 0.1642369
vn 0.7071008 -0.7070193 0.0114919
vn 0.7071058 -0.7070159 0.0114006
vn 0.7081914 -0.702024 0.07501521
vn 0.7081944 -0.7020209 0.07501485
vn 0.7076412 -0.6864303 0.1675032
vn 0.7076415 -0.6864297 0.1675044
vn 0.7071117 -0.6767952 0.2047953
vn 0.70711 -0.6767969 0.2047961
vn 0.707408 -0.6677267 0.2317652
vn 0.70741 -0.6677251 0.2317636
vn -0.2069683 -0.08924828 0.9742684
vn -0.2179008 0.4902909 0.8438804
vn 0.217909 0.4902883 0.8438798
vn 0.2069744 -0.08924837 0.9742671
vn -0.2089102 -0.561973 0.8003393
vn -0.3929071 -0.08388337 0.9157443
vn -0.4059618 0.4591009 0.7902034
vn 0.2089159 -0.5619723 0.8003382
vn 0.3929179 -0.08388327 0.9157396
vn 0.4059737 0.4590951 0.7902007
vn 0.203963 0.872609 0.4437937
vn -0.2039458 0.8726117 0.4437961
vn -0.3895792 0.8209204 0.4175138
vn 0.38961 0.8209106 0.4175043
vn -0.3951412 -0.5278844 0.7517989
vn 0.3951512 -0.5278818 0.7517953
vn 0.7269904 0.6846425 -0.0524367
vn 0.7127644 0.6930923 -0.1076569
vn 0.7008682 0.6960628 -0.1558212
vn -0.2153682 0.9765329 0
vn -0.211705 0.9773336 0
vn 0.2117115 0.9773322 0
vn -0.3826725 0.9238841 0
vn 0.2153749 0.9765314 0
vn 0.3826831 0.9238796 0
vn 0.3826831 0.9238796 0
vn -0.3826724 0.9238841 0
vn 0.16078 -0.02145095 -0.9867572
vn -0.2137255 -0.02123151 -0.9766629
vn -0.2152505 -0.02122417 -0.9763282
vn -0.3826712 -0.02007942 -0.9236664
vn 0.1620606 -0.02144663 -0.9865476
vn 0.2877769 -0.02081433 -0.9574713
vn 0.287734 -0.02081501 -0.9574841
vn -0.3826809 -0.02007921 -0.9236624
vn 0 0 -1
vn 0 0 -1
vn 0 0 -1
vn 0 0 -1
vn 1 0 0
vn 1 0 0
vn 1 0 0
vn 1 0 0
vn 1 0 0
vn 1 0 0
vn 1 0 0
vn 1 0 0
vn -1 0 0
vn -1 0 0
vn -1 0 0
vn -1 0 0
vn -1 0 0
vn -1 0 0
vn -1 0 0
vn -1 0 0
vn 1 0 0
vn 1 0 0
vn 1 0 0
vn 1 0 0
vn 1 0 0
vn 1 0 0
vn 1 0 0
vn 1 0 0
vn 0 0.9977271 0.06738462
vn 0 0.9977272 0.06738319
vn 0 0.9977272 0.06738325
vn 0 0.9977271 0.06738469
vn 0 -0.08988355 0.9959522
vn 0 -0.08987819 0.9959527
vn 0 -0.08987824 0.9959527
vn 0 -0.0898836 0.9959522
vn 0 0.7080107 -0.7062017
vn 0 0.4661134 -0.8847249
vn 0 0.4661136 -0.8847249
vn 0 0.7080109 -0.7062016
vn 0 0.9998496 -0.01734825
vn 0 0.9998496 -0.01734825
vn 0 0.9998496 -0.01734825
vn 0 0.9998496 -0.01734826
vn 0 0.9977271 0.0673849
vn 0 0.9977271 0.06738495
vn 0 0.9977271 0.06738362
vn 0 0.9977271 0.06738355
vn 0.2153742 -0.9765315 0
vn 0.2117106 -0.9773324 0
vn -0.2117042 -0.9773337 0
vn 0.3826816 -0.9238803 0
vn -0.2153674 -0.9765331 0
vn 0.3826819 -0.9238801 0
vn -0.3826711 -0.9238846 0
vn -0.382671 -0.9238847 0
vn -0.7071264 -0.7070642 0.005689916
vn -0.7070098 -0.7072037 0
vn -0.7070098 -0.7072037 0
vn -0.70713 -0.7070591 0.00588179
vn -0.7070099 -0.7072037 0
vn -0.7070099 -0.7072036 0
vn -0.7029273 0.5491822 -0.4519867
vn -0.6961032 0.6763373 -0.2408492
vn -0.6986016 0.681009 -0.2195055
vn -0.7047476 0.5328109 -0.4684478
vn -0.7071962 -0.7069439 0.01019604
vn -0.7071264 -0.7070642 0.005689916
vn -0.70713 -0.7070591 0.00588179
vn -0.707195 -0.7069458 0.01014332
vn -0.7071438 -0.707056 0.004399501
vn -0.7071448 -0.7070552 0.004374871
vn -0.7078802 0.7020713 -0.07746966
vn -0.7073146 0.6996421 -0.1010296
vn -0.7070253 0.6990007 -0.1073006
vn -0.7079661 0.7022797 -0.0747477
vn -0.6986016 0.681009 -0.2195055
vn -0.7015893 0.6894887 -0.1799378
vn -0.7015895 0.6894885 -0.1799377
vn -0.6961032 0.6763373 -0.2408492
vn -0.7071549 -0.7070587 2.000596E-07
vn -0.7071438 -0.707056 0.004399501
vn -0.7071448 -0.7070552 0.004374871
vn -0.7071561 -0.7070575 0
vn -0.7133345 -0.6885798 0.1304293
vn -0.7133335 -0.6885885 0.1303886
vn -0.7074076 -0.6677269 0.2317656
vn -0.7074097 -0.6677253 0.2317638
vn -0.7071115 -0.6767954 0.2047954
vn -0.7071096 -0.6767971 0.2047963
vn -0.7076421 -0.6864291 0.1675041
vn -0.7076417 -0.6864299 0.1675029
vn -0.7314785 -0.5307182 0.4281093
vn -0.7348478 -0.5467346 0.4013477
vn -0.7375931 -0.6038069 0.3022809
vn -0.7375925 -0.6038071 0.302282
vn -0.7338645 -0.6606241 0.1581734
vn -0.7302661 -0.6709247 0.1287308
vn -0.7070916 -0.7070283 0.01150441
vn -0.7081938 -0.7020205 0.07502459
vn -0.7081954 -0.7020189 0.07502418
vn -0.7070968 -0.7070246 0.01141329
vn -0.7071205 -0.7070865 0.00303836
vn -0.7071247 -0.7070822 0.003037534
vn -0.7302661 -0.6709247 0.1287308
vn -0.7076417 -0.6864299 0.1675029
vn -0.7076421 -0.6864291 0.1675041
vn -0.7338645 -0.6606241 0.1581734
vn -0.707123 0.03351717 0.7062957
vn -0.7071234 0.03351715 0.7062953
vn -0.7071016 0.0335183 0.7063171
vn -0.7071008 0.03351833 0.7063178
vn -0.7076309 -0.7061642 0.02430205
vn -0.7073933 -0.7062001 0.02959884
vn -0.7073712 -0.7062027 0.03006271
vn -0.7076309 -0.7061642 0.02430204
vn -0.7071088 -0.7062201 0.03535758
vn -0.7071081 -0.7062209 0.03535723
vn -0.7375931 -0.6038069 0.3022809
vn -0.7375925 -0.6038071 0.302282
vn -0.737335 0.6073576 -0.295726
vn -0.7373357 0.607357 -0.2957258
vn -0.739197 0.6091508 -0.2872686
vn -0.7391977 0.6091487 -0.2872707
vn -0.7071128 0.7070116 -0.01122204
vn -0.7071129 0.7070115 -0.01122204
vn -0.724776 0.2138087 -0.6549699
vn -0.7247764 0.2138127 -0.6549681
vn -0.3326658 -0.1789512 -0.9259104
vn -0.5056825 -0.3022577 -0.8080381
vn -0.7047476 0.5328109 -0.4684478
vn -0.7029273 0.5491822 -0.4519867
vn 0.7070103 -0.7072033 0
vn 0.7070102 -0.7072033 0
vn 0.707127 -0.7070637 0.00568985
vn 0.7071305 -0.7070585 0.005881722
vn 0.7072101 -0.7069204 0.01083343
vn 0.7075016 -0.7066293 0.01078866
vn 0.7332956 -0.6798643 0.007875641
vn 0.7070099 -0.7072037 0
vn 0.7070097 -0.7072038 0
vn 0.7071555 -0.7070581 0
vn 0.7090968 -0.705111 0.000566471
vn 0.7071554 -0.7070581 0
vn 0.7133355 -0.6885789 0.1304286
vn 0.7133346 -0.6885876 0.1303879
vn 0.6985859 0.6810232 -0.2195114
vn 0.6960866 0.676352 -0.2408554
vn 0.7029266 0.5491832 -0.4519866
vn 0.7047472 0.5328114 -0.4684478
vn 0.7247747 0.2138091 -0.6549712
vn 0.7078637 0.7020876 -0.07747137
vn 0.7079496 0.7022962 -0.07474948
vn 0.7070397 0.6989859 -0.1073014
vn 0.7073305 0.699626 -0.1010298
vn 0.7015747 0.6895026 -0.1799416
vn 0.7015734 0.6895041 -0.1799416
vn 0.7247747 0.2138131 -0.6549699
vn 0.3326674 -0.178951 -0.9259098
vn 0.5056821 -0.3022577 -0.8080382
vn 0.7127585 0.7014095 0
vn 0.7099735 0.6986665 0.08833387
vn 0.7092083 0.6979125 0.09970841
vn 0.7127584 0.7014096 0
vn 0.7046863 0.6689504 0.2364793
vn 0.7042385 0.6714376 0.2306941
vn 0.7071181 0.6499232 0.2785387
vn 0.7071183 0.6499229 0.2785386
vn 0.707408 -0.6677267 0.2317652
vn 0.7133346 -0.6885876 0.1303879
vn 0.7133355 -0.6885789 0.1304286
vn 0.70741 -0.6677251 0.2317636
vn 0.7071009 0.03351849 0.7063178
vn 0.7071003 0.03351853 0.7063184
vn 0.707121 0.03351722 0.7062977
vn 0.7071213 0.0335172 0.7062973
vn 0.7232591 0.3218886 -0.6109697
vn 0.7071158 0.1287562 -0.6952762
vn 0.7071127 0.1287588 -0.6952789
vn 0.7232567 0.321896 -0.6109687
vn 0.7393336 0.6305695 -0.2361522
vn 0.7393335 0.6305683 -0.2361559
vn 0.7372772 0.5993942 0.3116873
vn 0.7372779 0.5993909 0.311692
vn 0.707099 0.4441756 0.550199
vn 0.7071025 0.4441724 0.5501971
vn -0.7071194 0.1287561 -0.6952726
vn -0.7071195 0.1287557 -0.6952726
vn -0.7232746 0.3218783 -0.6109569
vn -0.7232738 0.3218837 -0.6109548
vn -0.7393485 0.6305543 -0.2361459
vn -0.7393484 0.6305532 -0.2361494
vn -0.7372921 0.5993798 0.3116797
vn -0.7372931 0.5993764 0.3116839
vn -0.7126307 0.417863 0.563514
vn -0.7333761 0.1973692 0.6505419
vn -0.707096 0.06350615 -0.70426
vn -0.707096 0.06350615 -0.70426
vn -0.707096 0.06350615 -0.70426
vn -0.7126307 0.417863 0.563514
vn -0.7333761 0.1973692 0.6505419
vn -0.7070765 -0.06355493 0.7042751
vn -0.007953112 0.9592733 -0.2823678
vn -0.007953112 0.9592733 -0.2823678
vn -0.007953112 0.9592733 -0.2823678
vn -0.6958356 0.6949261 -0.1813576
vn -0.7084084 0.6986665 -0.1001132
vn -0.7106718 0.6988575 -0.08089244
vn -0.6958358 0.6949259 -0.1813575
vn 0 0.7218317 -0.6920685
vn 0 0.7218319 -0.6920685
vn 0 0.7218318 -0.6920686
vn 0 0.7218317 -0.6920686
vn -1 0 0
vn -1 0 0
vn 0.7075016 -0.7066293 0.01078866
vn 0.7332956 -0.6798643 0.007875641
vn 0.7090968 -0.705111 0.000566471
vn 0.707063 -0.06355462 0.7042888
vn 0.707063 -0.06355462 0.7042888
vn 0.707063 -0.06355462 0.7042888
vn 0.7071117 0.06350349 -0.7042444
vn 0.7071117 0.06350349 -0.7042444
vn 0.7071117 0.06350349 -0.7042444
vn 0.7011245 0.689931 -0.1800544
vn 0.7011245 0.689931 -0.1800544
vn 0.7011245 0.689931 -0.1800544
vn 1 0 -9.665433E-07
vn 1 0 0
vn -1 0 0
vn -1 0 0
vn -1 0 0
vn -1 2.968557E-07 0
vn -0.3431973 0.8922141 -0.2935469
vn 0 0.9992932 -0.03759097
vn 0 0.9992932 -0.03759099
vn 0.3432052 0.8922099 -0.29355
vn -0.1509337 0.6305121 -0.761363
vn -0.6389289 0.6119601 -0.4661274
vn -0.3765216 0.4387922 -0.8159001
vn 0.1509301 0.6305094 -0.7613659
vn 0.6389326 0.6119546 -0.4661295
vn 0.376523 0.4387922 -0.8158995
vn -1 0 0
vn -1 0 0
vn -1 0 0
vn -1 0 0
vn -1 0 0
vn -1 0 0
vn -1 0 0
vn -1 0 0
vn 1 0 0
vn 1 0 0
vn 1 0 0
vn 1 0 0
vn 1 -1.898305E-07 0
vn 1 -1.955229E-07 0
vn 1 0 0
vn 1 0 0
vn 0 0.3673169 0.9300959
vn 0 0.2540325 0.9671957
vn 0 0.2540323 0.9671957
vn 0 0.3673165 0.930096
vn 0 0.02111124 0.9997771
vn 0 0.02111123 0.9997771
vn 0 -0.09520134 0.995458
vn 0 -0.09520137 0.995458
vn 0 0.8944194 -0.4472292
vn 0 0.89442 -0.4472278
vn 0 0.8944183 -0.4472314
vn 0 0.8944175 -0.4472328
vn -0.7071048 -0.7069088 0.01681899
vn -0.7071049 -0.7069085 0.01681899
vn -0.7070977 -0.7069157 0.01681895
vn -0.7070976 -0.7069159 0.01681895
vn 0 -0.2321597 -0.9726777
vn 0 -0.3488983 -0.9371606
vn 0 -0.3488983 -0.9371606
vn 0 -0.2321596 -0.9726777
vn 0 -0.004321589 -0.9999907
vn 0 -0.004321533 -0.9999907
vn 0 0.1033713 -0.9946429
vn 0 0.1033713 -0.9946429
vn -8.518307E-06 0.190476 0.9816918
vn -2.405367E-05 0.1904757 0.9816918
vn -1.667556E-06 0.190475 0.9816921
vn 6.362935E-06 0.1904749 0.9816921
vn 8.518321E-06 0.1904761 0.9816918
vn 2.518842E-05 0.1904762 0.9816918
vn 1.759854E-05 0.1904716 0.9816928
vn 0 0.190472 0.9816927
vn 0.7071088 -0.7069047 0.01681864
vn 0.7071159 -0.7068976 0.01681868
vn 0.7071158 -0.7068977 0.01681868
vn 0.7071087 -0.7069048 0.01681864
vn 0 -1 0
vn 0 -1 0
vn 0 -1 0
vn 0 -1 0
vn 0.3432052 0.8922099 -0.29355
vn 0.7071136 0.7066002 -0.02658075
vn 0.7071135 0.7066002 -0.02658075
vn 0.6389326 0.6119546 -0.4661295
vn 0 0.6074495 -0.7943583
vn 0 0.6074494 -0.7943584
vn 0 0.8164437 -0.5774251
vn 0 0.8164438 -0.577425
vn 0 0.8164432 -0.5774258
vn 0 0.6074485 -0.794359
vn 0 0.6074484 -0.794359
vn 0 0.8164433 -0.5774257
vn 0 -0.6074456 0.7943613
vn 0 -0.816445 0.5774232
vn 0 -0.816445 0.5774232
vn 0 -0.6074456 0.7943612
vn 0 -0.8164467 0.5774208
vn 0 -0.8164465 0.5774209
vn 0 -0.6074535 0.7943552
vn 0 -0.6074537 0.7943551
vn -1 0 0
vn -1 0 0
vn -1 0 0
vn -1 0 0
vn 0 0.8164432 -0.5774258
vn 0 0.8164433 -0.5774257
vn 0 0.9513546 -0.3080981
vn 0 0.9513546 -0.3080983
vn 0 -0.9513561 0.3080937
vn 0 -0.951356 0.308094
vn 0 -0.8164465 0.5774209
vn 0 -0.8164467 0.5774208
vn 0 0.8164438 -0.577425
vn 0 0.8164437 -0.5774251
vn 0 0.9513548 -0.3080975
vn 0 0.9513548 -0.3080975
vn 1 0 0
vn 1 0 0
vn 1 0 0
vn 1 0 0
vn 1 1.69502E-07 0
vn 1 6.175462E-07 0
vn 1 4.480458E-07 0
vn 1 0 0
vn -1 0 0
vn -1 0 0
vn -1 0 0
vn -1 0 0
vn 0 -0.9513579 0.3080878
vn 0 -0.9513579 0.3080878
vn 0 -0.816445 0.5774232
vn 0 -0.816445 0.5774232
vn -1 0 0
vn -1 0 0
vn -1 0 0
vn -1 0 0
vn 0 -0.9997171 0.02378518
vn 0 -0.9997171 0.02378505
vn 0 -0.9997171 0.02378506
vn 0 -0.9997171 0.02378519
vn 1 3.107176E-07 0
vn 1 -1.111127E-07 0
vn 1 0 0
vn 1 3.350042E-07 0
vn 0.1509301 0.6305094 -0.7613659
vn 0.376523 0.4387922 -0.8158995
vn -6.712318E-06 0.3609937 -0.9325683
vn 4.348462E-06 0.3609939 -0.9325681
vn -0.1509337 0.6305121 -0.761363
vn -0.3765216 0.4387922 -0.8159001
vn 2.812091E-05 0.3609973 -0.9325668
vn -3.749455E-05 0.3609975 -0.9325668
vn -1.23216E-07 -1 0
vn 1.23216E-07 -1 0
vn 0.7071118 -0.7071018 0
vn 0.7071116 -0.7071019 0
vn -0.7071069 -0.7071066 0
vn -0.7071068 -0.7071066 0
vn 0.7071116 -0.7071019 0
vn 0.7071118 -0.7071018 0
vn 1 -1.848229E-07 0
vn 1 -5.750047E-07 0
vn 0.7071066 0.7071069 0
vn 0.7071068 0.7071066 0
vn 0.7071068 0.7071066 0
vn 0.7071066 0.7071069 0
vn -1.026794E-07 1 0
vn 1.026794E-07 1 0
vn -0.7071021 0.7071115 0
vn -0.707102 0.7071115 0
vn -0.7071021 0.7071115 0
vn -1 -3.491119E-07 0
vn -1 -3.28576E-07 0
vn -0.7071068 -0.7071066 0
vn -0.707102 0.7071115 0
vn -0.7071069 -0.7071066 0
vn 0 0 1
vn 0 0 1
vn 0 0 1
vn 0 0 1
vn 0 0 1
vn 2.882602E-07 0 1
vn 2.882562E-07 0 1
vn -2.882549E-07 0 1
vn 0.9213852 -0.3816459 -0.07345539
vn 0.9213853 -0.3816457 -0.0734554
vn 0.9213065 -0.3818366 -0.07345211
vn 0.9214336 -0.381542 -0.07338756
vn -0.2507258 0.7162426 0.651255
vn -0.2388416 0.7207959 0.6506981
vn -0.6036797 0.3994962 0.6899084
vn -0.6180578 0.3704439 0.6933801
vn -0.6522692 -0.110732 0.7498556
vn -0.639975 -0.1484448 0.7539206
vn -0.2887761 -0.5301989 0.7971809
vn -0.2720796 -0.5377905 0.7979687
vn -0.6486897 -0.04554295 -0.759689
vn -0.2852371 -0.4660227 -0.8375335
vn -0.3342941 -0.4396015 -0.8336654
vn 0.3342982 -0.4395823 -0.8336738
vn -0.6667858 0.04873404 -0.7436543
vn 0.285219 -0.4660138 -0.8375447
vn 0.6486923 -0.04553518 -0.7596874
vn 0.6667907 0.0487366 -0.7436498
vn 0.2507056 0.7162428 0.6512627
vn 0.6180472 0.3704368 0.6933933
vn 0.6036605 0.3995022 0.6899218
vn 0.2388355 0.7207908 0.650706
vn 0.6399758 -0.148437 0.7539214
vn 0.2720638 -0.5377843 0.7979782
vn 0.2887798 -0.5301861 0.7971881
vn 0.6522715 -0.1107274 0.7498541
vn -0.2507258 0.7162426 0.651255
vn 0.2507056 0.7162428 0.6512627
vn 0.2388355 0.7207908 0.650706
vn -0.2388416 0.7207959 0.6506981
vn -0.3765216 0.4387922 -0.8159001
vn -0.6486897 -0.04554295 -0.759689
vn -0.6667858 0.04873404 -0.7436543
vn -0.6389289 0.6119601 -0.4661274
vn -0.2887761 -0.5301989 0.7971809
vn 0.2887798 -0.5301861 0.7971881
vn 0.2720638 -0.5377843 0.7979782
vn -0.2720796 -0.5377905 0.7979687
vn 0.6522715 -0.1107274 0.7498541
vn 0.6036605 0.3995022 0.6899218
vn 0.6180472 0.3704368 0.6933933
vn 0.6399758 -0.148437 0.7539214
vn 0.6667907 0.0487366 -0.7436498
vn 0.6486923 -0.04553518 -0.7596874
vn 0.376523 0.4387922 -0.8158995
vn 0.6389326 0.6119546 -0.4661295
vn -0.7071123 0.7066014 -0.02658082
vn -0.7071126 0.7066011 -0.02658082
vn -0.3431973 0.8922141 -0.2935469
vn -0.6389289 0.6119601 -0.4661274
vn -4.191721E-07 0 -1
vn 0 0 -1
vn 0 0 -1
vn 2.709563E-07 0 -1
vn -2.81052E-07 0 -1
vn 5.366696E-07 0 -1
vn 0 0 -1
vn -5.366903E-07 0 -1
vn 0 0 1
vn 0 0 1
vn 0 0 1
vn 0 0 1
vn 0 0 1
vn 0 0 1
vn 0 0 1
vn 0 0 1
vn 0.9238819 -0.3826778 0
vn 0.9238819 -0.3826778 0
vn 0.9238816 -0.3826782 0
vn 0.9238816 -0.3826783 0
vn 0.3826939 -0.9238752 0
vn 0.3826939 -0.9238752 0
vn 0.3826938 -0.9238753 0
vn 0.3826938 -0.9238753 0
vn -0.9238812 0.3826794 0
vn -0.9238812 0.3826794 0
vn -0.9238812 0.3826794 0
vn -0.9238812 0.3826794 0
vn -0.382704 0.9238711 0
vn -0.382704 0.9238711 0
vn -0.3827042 0.923871 0
vn -0.3827042 0.9238709 0
vn 0.3826938 0.9238753 0
vn 0.3826938 0.9238753 0
vn 0.382694 0.9238752 0
vn 0.382694 0.9238752 0
vn 0.9238812 0.3826794 0
vn 0.9238812 0.3826794 0
vn 0.9238814 0.382679 0
vn 0.9238814 0.3826789 0
vn -0.3827041 -0.923871 0
vn -0.3827041 -0.923871 0
vn -0.382704 -0.9238711 0
vn -0.382704 -0.923871 0
vn -0.9238816 -0.3826782 0
vn -0.9238816 -0.3826782 0
vn -0.9238816 -0.3826782 0
vn -0.9238816 -0.3826783 0
vn -4.130622E-06 0 -1
vn 2.626474E-07 0 -1
vn 0 0 -1
vn 0 0 -1
vn 4.130959E-06 0 -1
vn -2.906339E-06 0 -1
vn -1.072263E-06 0 -1
vn -3.194069E-07 0 -1
vn 0 0 -1
vn 0 0 -1
vn 0 0 -1
vn 0 0 -1
vn 3.194044E-07 0 -1
vn 1.072269E-06 0 -1
vn 2.906331E-06 0 -1
vn -2.626747E-07 0 -1
vn 0.9213824 0.3816532 -0.07345353
vn 0.9212921 0.381872 -0.07344846
vn 0.9214256 0.3815663 -0.07336224
vn 0.9213825 0.3816529 -0.07345354
vn -0.9213826 0.3816529 -0.07345232
vn -0.9213824 0.3816533 -0.07345231
vn -0.9215037 0.3813581 -0.07346346
vn -0.9215087 0.3813461 -0.07346393
vn -0.3816522 0.921383 -0.0734511
vn -0.3816527 0.9213828 -0.07345111
vn -0.3813538 0.9215071 -0.07344287
vn -0.381647 0.9213819 -0.07349108
vn -0.921385 -0.3816465 -0.07345498
vn -0.9213848 -0.381647 -0.07345501
vn -0.9213409 -0.3817384 -0.07353034
vn -0.9215329 -0.381293 -0.07343498
vn 0.3816454 0.9213858 -0.07345048
vn 0.3816459 0.9213856 -0.07345047
vn 0.3816311 0.9213884 -0.07349174
vn 0.3816181 0.9213939 -0.07349074
vn 0.3816457 -0.9213852 -0.0734561
vn 0.3816454 -0.9213854 -0.07345609
vn 0.3815386 -0.9214254 -0.07350877
vn 0.3815467 -0.9214222 -0.07350731
vn 0 1 0
vn 0 1 0
vn 0 1 0
vn 0 1 0
vn 0 1 0
vn 0 1 0
vn 0 1 0
vn 0 1 0
vn -0.3826385 0 -0.9238982
vn -0.3826596 0 -0.9238894
vn -0.3826544 0 -0.9238915
vn -0.3826333 0 -0.9239003
vn -0.923879 0 -0.3826846
vn -0.9238757 0 -0.3826927
vn -0.9238766 0 -0.3826907
vn -0.9238799 0 -0.3826826
vn 0 -1 1.18088E-06
vn 0 -1 1.893616E-06
vn 0 -1 3.074486E-06
vn 0 -1 0
vn 0 -1 4.276177E-06
vn 0 -1 0
vn 0 -1 0
vn 0 -1 0
vn -0.923879 0 0.3826846
vn -0.9238757 0 0.3826927
vn -0.9238766 0 0.3826907
vn -0.9238799 0 0.3826826
vn -0.382707 0 0.9238697
vn -0.3826858 0 0.9238785
vn -0.382691 0 0.9238763
vn -0.3827121 0 0.9238676
vn 0.382691 0 0.9238763
vn 0.3827121 0 0.9238676
vn 0.382707 0 0.9238697
vn 0.3826858 0 0.9238785
vn 0.9238905 0 0.3826568
vn 0.9238942 0 0.3826481
vn 0.9238933 0 0.3826502
vn 0.9238897 0 0.382659
vn 0.9238905 0 -0.3826568
vn 0.9238942 0 -0.3826481
vn 0.9238933 0 -0.3826502
vn 0.9238897 0 -0.382659
vn 0.3826544 0 -0.9238915
vn 0.3826333 0 -0.9239003
vn 0.3826385 0 -0.9238982
vn 0.3826596 0 -0.9238894
vn 0.3826858 0 -0.9238785
vn 0.3826858 0 -0.9238785
vn 0.3826858 0 -0.9238785
vn 0.3826858 0 -0.9238785
vn 0.9238933 0 -0.3826502
vn 0.9238897 0 -0.382659
vn 0.9238905 0 -0.3826568
vn 0.9238942 0 -0.3826481
vn 0.9238851 0 0.3826698
vn 0.9238851 0 0.3826698
vn 0.9238851 0 0.3826698
vn 0.9238851 0 0.3826698
vn 0.3827173 0 0.9238656
vn 0.3827384 0 0.9238567
vn 0.3827333 0 0.9238589
vn 0.3827121 0 0.9238676
vn -0.3827333 0 0.9238589
vn -0.3827121 0 0.9238676
vn -0.3827173 0 0.9238656
vn -0.3827384 0 0.9238567
vn -0.9238709 0 0.3827042
vn -0.9238712 0 0.3827035
vn -0.9238712 0 0.3827037
vn -0.9238709 0 0.3827043
vn 0 -1 1.180876E-06
vn 0 -1 1.893613E-06
vn 0 -1 3.074462E-06
vn 0 -1 0
vn 0 -1 4.276346E-06
vn 0 -1 0
vn 0 -1 0
vn 0 -1 0
vn -0.9238763 0 -0.3826912
vn -0.9238802 0 -0.3826817
vn -0.9238793 0 -0.3826841
vn -0.9238753 0 -0.3826935
vn -0.3826858 0 -0.9238785
vn -0.3826858 0 -0.9238785
vn -0.3826858 0 -0.9238785
vn -0.3826858 0 -0.9238785
vn 0 1 0
vn 0 1 0
vn 0 1 0
vn 0 1 0
vn 0 1 0
vn 0 1 0
vn 0 1 0
vn 0 1 0
vn 0 -1 0
vn 0 -1 8.54978E-06
vn 0 -1 7.445666E-07
vn 0 -1 0
vn 0 -1 0
vn 0 -1 0
vn 0 -1 0
vn 0 -1 2.788289E-05
vn 0.599279 0.7810802 0.1754377
vn 0.6541625 0.7152681 0.2458922
vn 0.6541973 0.7152513 -0.2458486
vn 0.6729506 0.6662987 -0.3212222
vn 0.5992776 0.7810805 -0.1754411
vn 0.6729559 0.6663043 0.3211994
vn -0.5993472 -0.7810234 0.1754574
vn -0.6541943 -0.7152444 0.2458764
vn -0.6542325 -0.7152227 -0.245838
vn -0.2458419 -0.715236 0.6542165
vn -0.3211974 -0.6662968 0.6729642
vn -0.5993488 -0.7810242 -0.1754486
vn -0.672963 -0.6662964 0.3212007
vn -0.1754482 -0.7810158 0.5993599
vn 0.2458161 -0.715237 0.6542251
vn 0.175448 -0.7810137 0.5993627
vn 0.5993187 -0.7810439 0.1754637
vn -0.2458891 -0.7152373 -0.6541973
vn -0.1754457 -0.7810481 -0.5993185
vn -0.321205 -0.6662925 -0.6729647
vn -0.6729619 -0.6662976 -0.3212006
vn 0.6541731 -0.7152587 0.2458915
vn 0.6542115 -0.7152364 -0.2458542
vn 0.5993207 -0.7810444 -0.1754552
vn 0.321197 -0.6662974 0.6729639
vn 0.6729628 -0.6662966 0.3212007
vn 0.2458631 -0.7152374 -0.6542069
vn 0.1754453 -0.781047 -0.5993201
vn 0.3212052 -0.6662933 -0.672964
vn 0.6729621 -0.6662979 -0.3211997
vn -0.6541717 0.7152665 0.2458724
vn -0.6542183 0.7152386 -0.2458296
vn -0.6729628 0.666297 -0.3211996
vn -0.6729642 0.6662956 0.3211998
vn -0.5993187 0.7810487 0.1754419
vn -0.5993057 0.78106 -0.1754362
vn 0 0 -1
vn 0 0 -1
vn 0 0 -1
vn 0 0 -1
vn 0 1 0
vn 0 1 1.093011E-07
vn 0 1 -1.491355E-06
vn 0 1 0
vn 0 1 0
vn 0 1 0
vn 0 1 -5.576581E-06
vn 0 1 0
vn -0.6541943 -0.7152444 0.2458764
vn -0.672963 -0.6662964 0.3212007
vn -0.6729619 -0.6662976 -0.3212006
vn -0.6542325 -0.7152227 -0.245838
vn 0.3211997 0.6663052 0.6729548
vn 0.2458097 0.7152445 0.6542192
vn -0.2458246 0.7152537 0.6542037
vn -0.3211951 0.6662982 0.672964
vn 0.1754227 0.7810512 0.5993212
vn -0.1754494 0.7810413 0.5993264
vn 0.1754453 -0.781047 -0.5993201
vn -0.1754457 -0.7810481 -0.5993185
vn -0.2458891 -0.7152373 -0.6541973
vn 0.2458631 -0.7152374 -0.6542069
vn -0.321205 -0.6662925 -0.6729647
vn 0.3212052 -0.6662933 -0.672964
vn 0 0 1
vn 0 0 1
vn 0 0 1
vn 0 0 1
vn -0.3212053 0.6662928 -0.6729645
vn -0.2458817 0.7152526 -0.6541834
vn 0.2458546 0.7152522 -0.6541941
vn 0.3211788 0.6662859 -0.6729839
vn 1 0 0
vn 1 0 0
vn 1 0 0
vn 1 0 0
vn 0.6541731 -0.7152587 0.2458915
vn 0.6542115 -0.7152364 -0.2458542
vn 0.6729621 -0.6662979 -0.3211997
vn 0.6729628 -0.6662966 0.3212007
vn -0.2458419 -0.715236 0.6542165
vn 0.2458161 -0.715237 0.6542251
vn 0.321197 -0.6662974 0.6729639
vn -0.3211974 -0.6662968 0.6729642
vn -0.1754284 0.7810787 -0.5992836
vn 0.1754287 0.781082 -0.5992792
vn 0.2458546 0.7152522 -0.6541941
vn -0.2458817 0.7152526 -0.6541834
vn -0.5993057 0.78106 -0.1754362
vn -0.6542183 0.7152386 -0.2458296
vn -0.3212053 0.6662928 -0.6729645
vn -0.6729628 0.666297 -0.3211996
vn 0.5992776 0.7810805 -0.1754411
vn 0.6541973 0.7152513 -0.2458486
vn 0.6729506 0.6662987 -0.3212222
vn 0.3211788 0.6662859 -0.6729839
vn -0.3211951 0.6662982 0.672964
vn -0.2458246 0.7152537 0.6542037
vn -0.6541717 0.7152665 0.2458724
vn -0.6729642 0.6662956 0.3211998
vn -0.5993187 0.7810487 0.1754419
vn -0.1754494 0.7810413 0.5993264
vn 0.2458097 0.7152445 0.6542192
vn 0.3211997 0.6663052 0.6729548
vn 0.6729559 0.6663043 0.3211994
vn 0.6541625 0.7152681 0.2458922
vn 0.1754227 0.7810512 0.5993212
vn 0.599279 0.7810802 0.1754377
vn -0.7071235 0 0.70709
vn -0.7070867 0 0.7071268
vn -0.7070872 0 0.7071263
vn -0.707124 0 0.7070895
vn 0.7071235 0 0.70709
vn 0.7070867 0 0.7071268
vn 0.7070872 0 0.7071263
vn 0.7071239 0 0.7070895
vn 0.7071234 0 -0.7070901
vn 0.7070867 0 -0.7071268
vn 0.7070872 0 -0.7071263
vn 0.7071239 0 -0.7070895
vn -0.7070872 0 -0.7071264
vn -0.707124 0 -0.7070895
vn -0.7071235 0 -0.70709
vn -0.7070867 0 -0.7071268
vn -1 0 0
vn -1 0 0
vn -1 0 0
vn -1 0 0
vn 0.3826812 0 -0.9238805
vn 0.3826948 0 -0.9238749
vn 0.3826876 0 -0.9238778
vn 0.3826742 0 -0.9238834
vn 0.9238847 0 -0.382671
vn 0.9238871 0 -0.3826654
vn 0.9238858 0 -0.3826683
vn 0.9238835 0 -0.382674
vn 0.9238906 0 0.3826567
vn 0.9238906 0 0.3826567
vn 0.9238906 0 0.3826567
vn 0.9238906 0 0.3826567
vn 0.3826531 0 0.923892
vn 0.382653 0 0.9238921
vn 0.3826531 0 0.9238921
vn 0.3826532 0 0.923892
vn -0.3826663 0 0.9238867
vn -0.3826662 0 0.9238867
vn -0.3826663 0 0.9238867
vn -0.3826662 0 0.9238867
vn -0.9238776 0 0.382688
vn -0.9238776 0 0.382688
vn -0.9238776 0 0.382688
vn -0.9238776 0 0.382688
vn 0 -1 0
vn 0 -1 -1.500294E-07
vn 0 -1 0
vn 0 -1 0
vn 0 -1 0
vn 0 -1 -1.5003E-07
vn 0 -1 0
vn 0 -1 -9.001338E-07
vn -0.9238728 0 -0.3826997
vn -0.9238704 0 -0.3827053
vn -0.9238717 0 -0.3827023
vn -0.923874 0 -0.3826966
vn -0.3827008 0 -0.9238724
vn -0.3826871 0 -0.923878
vn -0.3826943 0 -0.923875
vn -0.382708 0 -0.9238694
vn 0 1 -7.030929E-07
vn 0 1 -1.757758E-07
vn 0 1 -5.273185E-07
vn 0 1 0
vn 0 1 0
vn 0 1 0
vn 0 1 0
vn 0 1 0
vn 0 0 -1
vn 0 0 -1
vn 0 0 -1
vn -7.688295E-07 0 -1
vn 0 0 -1
vn 0 0 -1
vn -7.688307E-07 0 -1
vn -5.3819E-06 0 -1
vn 0.980783 0.1951015 0
vn 1 0 0
vn 1 0 0
vn 0.9807833 0.1951005 0
vn 0.9238716 0.3827027 0
vn 0.9238707 0.3827045 0
vn -0.1950869 0.980786 0
vn 0.1950869 0.9807859 0
vn 0.1950869 0.9807859 0
vn -0.1950871 0.9807859 0
vn -0.3826773 0.9238821 0
vn -0.3826768 0.9238822 0
vn 0.382677 0.9238822 0
vn 0.382677 0.9238822 0
vn -1 0 0
vn -0.980786 0.1950867 0
vn -0.980786 0.1950866 0
vn -0.9238824 0.3826765 0
vn -1 0 0
vn -0.9238825 0.3826763 0
vn 0 -1 0
vn 0 -1 0
vn 0 -1 0
vn 0 -1 0
vn 0 0 1
vn 0 0 1
vn 0 0 1
vn 0 0 1
vn 0 0 1
vn 0 0 1
vn 0 0 1
vn 0 0 1
vn 0 0 -1
vn 0 0 -1
vn 0 0 -1
vn 0 0 -1
vn 0 0 -1
vn 0 0 -1
vn 0 0 -1
vn 0 0 -1
vn -0.3816528 -0.9213823 -0.07345639
vn -0.3816524 -0.9213824 -0.07345638
vn -0.381869 -0.9212933 -0.07344991
vn -0.3815706 -0.9214125 -0.07350543
vn 2.828458E-06 -1 0
vn 3.103443E-06 -1 0
vn 0.5000104 -0.8660194 0
vn 0.5000102 -0.8660195 0
vn -0.5000072 -0.8660212 0
vn -0.5000075 -0.866021 0
vn -0.866028 -0.4999957 0
vn -0.8660281 -0.4999953 0
vn 0.5000102 -0.8660195 0
vn 0.5000104 -0.8660194 0
vn 0.8660281 -0.4999952 0
vn 0.866028 -0.4999955 0
vn 1 -1.669577E-07 0
vn 1 -5.892625E-07 0
vn 0.8660283 0.4999951 0
vn 0.8660283 0.499995 0
vn 0.8660283 0.499995 0
vn 0.8660283 0.4999951 0
vn 0.5000102 0.8660195 0
vn 0.5000104 0.8660194 0
vn 2.828458E-06 1 0
vn 3.093622E-06 1 0
vn -0.5000073 0.8660212 0
vn -0.5000075 0.866021 0
vn -0.5000075 0.866021 0
vn -0.5000073 0.8660212 0
vn -0.8660281 0.4999953 0
vn -0.8660283 0.4999951 0
vn -1 -2.258839E-07 0
vn -1 -5.008731E-07 0
vn -0.8660281 -0.4999953 0
vn -0.866028 -0.4999957 0
vn 1.057596E-06 0 1
vn -1.935483E-07 0 1
vn 0 0 1
vn 0 0 1
vn 0 0 1
vn 0 0 1
vn 0 0 1
vn -5.806241E-07 0 1
vn -5.778705E-06 0 1
vn 0 0 1
vn 0 0 1
vn 0 0 1
vn 0 0 -1
vn 0 0 -1
vn 2.70884E-07 0 -1
vn 0 0 -1
vn 7.223579E-07 0 -1
vn 0 0 -1
vn 0 0 -1
vn 0 0 -1
vn 0 0 -1
vn 6.25576E-07 0 -1
vn 2.387838E-06 0 -1
vn -4.272938E-06 0 -1
vn 1.412276E-06 0 1
vn 4.776682E-06 0 1
vn 1.135307E-05 0 1
vn 1.408639E-06 0 1
vn -2.073606E-07 0 1
vn 3.945834E-06 0 1
vn 1.631958E-06 0 1
vn -4.257405E-06 0 1
vn -1.107952E-06 0 1
vn -3.062538E-07 0 1
vn 4.190363E-07 0 1
vn 2.220182E-06 0 1
vn -1.838125E-06 0 1
vn -2.817269E-06 0 1
vn -4.932254E-07 0 1
vn 0 0 1
vn 0.6732318 -0.6732261 -0.3058195
vn 1.755402E-06 -0.9520935 -0.3058073
vn 0.382681 -0.9238806 0
vn 1.086965E-06 -0.6220641 -0.7829664
vn 0.3826808 -0.9238806 0
vn 0.4398651 -0.4398545 -0.782973
vn -0.6732402 -0.6732274 -0.305798
vn -0.3826772 -0.9238821 0
vn -0.4398602 -0.4398703 -0.7829669
vn -0.3826771 -0.9238822 0
vn -0.6961887 -7.342358E-06 -0.7178588
vn -0.6220714 5.652959E-06 -0.7829605
vn -0.4398602 -0.4398703 -0.7829669
vn -0.4922886 -0.4922874 -0.7178475
vn 1.170277E-06 -0.6962044 -0.7178436
vn -0.4922928 0.4922859 -0.7178457
vn -0.4398702 0.4398673 -0.7829629
vn -2.751133E-06 0.6220538 -0.7829745
vn -1.285453E-06 0.6962193 -0.717829
vn 0.4398656 0.4398552 -0.7829723
vn 0.4923113 0.4922899 -0.7178302
vn 1.086965E-06 -0.6220641 -0.7829664
vn 0.4923063 -0.4922892 -0.7178341
vn 0.62205 1.574856E-06 -0.7829774
vn 0.6962049 -3.988273E-06 -0.7178431
vn 0.4398651 -0.4398545 -0.782973
vn 0.3826836 -0.9238794 0
vn 0.382683 -0.9238797 0
vn 9.883338E-07 -0.9635581 -0.267499
vn 0.6813393 -0.6813426 -0.2674868
vn 1.170277E-06 -0.6962044 -0.7178436
vn 0.4923063 -0.4922892 -0.7178341
vn -0.4922886 -0.4922874 -0.7178475
vn -0.6813409 -0.6813363 -0.2674985
vn -0.3826809 -0.9238805 0
vn -0.3826804 -0.9238808 0
vn -0.9238805 -0.3826813 0
vn -0.92388 -0.3826822 0
vn -0.9635553 8.327041E-06 -0.2675094
vn -0.6813409 -0.6813363 -0.2674985
vn -0.6961887 -7.342358E-06 -0.7178588
vn -0.4922928 0.4922859 -0.7178457
vn -0.68134 0.6813375 -0.2674976
vn -0.9238791 0.3826844 0
vn -0.9238791 0.3826844 0
vn -0.4922886 -0.4922874 -0.7178475
vn 0.9238792 0.3826843 0
vn 0.9238792 0.3826843 0
vn 0.9635623 -2.942257E-06 -0.267484
vn 0.6813418 0.6813418 -0.2674824
vn 0.6962049 -3.988273E-06 -0.7178431
vn 0.6813393 -0.6813426 -0.2674868
vn 0.4923063 -0.4922892 -0.7178341
vn 0.9238805 -0.3826812 0
vn 0.92388 -0.3826822 0
vn 0.4923113 0.4922899 -0.7178302
vn 0.3826843 0.9238791 0
vn 0.3826844 0.9238791 0
vn 0.6813418 0.6813418 -0.2674824
vn 4.430414E-07 0.9635638 -0.2674788
vn 0.4923113 0.4922899 -0.7178302
vn -1.285453E-06 0.6962193 -0.717829
vn -0.68134 0.6813375 -0.2674976
vn -0.3826817 0.9238802 0
vn -0.3826817 0.9238802 0
vn -0.4922928 0.4922859 -0.7178457
vn 7.199512E-07 0 -1
vn 0 0 -1
vn -5.337028E-07 0 -1
vn -1.233974E-06 0 -1
vn 7.199445E-07 0 -1
vn 0 0 -1
vn 2.973415E-06 0 -1
vn 3.405391E-06 0 -1
vn 0 0 -1
vn 0 0 -1
vn 0 0 -1
vn 0 0 -1
vn 3.317999E-06 0 -1
vn 4.207532E-06 0 -1
vn 5.337236E-07 0 -1
vn 0 0 -1
vn 7.239802E-07 0.9520919 -0.305812
vn 0.6732309 0.6732275 -0.3058183
vn 0.382681 0.9238806 0
vn 0.3826807 0.9238806 0
vn -2.751133E-06 0.6220538 -0.7829745
vn 0.4398656 0.4398552 -0.7829723
vn -0.6732445 0.6732245 -0.3057953
vn -0.3826773 0.9238821 0
vn -0.3826772 0.9238822 0
vn -0.4398702 0.4398673 -0.7829629
vn 0.9520967 2.072763E-06 -0.3057971
vn 0.6732318 -0.6732261 -0.3058195
vn 0.9238818 -0.3826782 0
vn 0.4398651 -0.4398545 -0.782973
vn 0.9238815 -0.3826786 0
vn 0.62205 1.574856E-06 -0.7829774
vn 0.6732309 0.6732275 -0.3058183
vn 0.9238805 0.3826809 0
vn 0.9238806 0.382681 0
vn 0.4398656 0.4398552 -0.7829723
vn -0.9521007 3.709154E-06 -0.3057847
vn -0.6732445 0.6732245 -0.3057953
vn -0.9238806 0.3826808 0
vn -0.4398702 0.4398673 -0.7829629
vn -0.9238806 0.3826808 0
vn -0.6220714 5.652959E-06 -0.7829605
vn -0.4398602 -0.4398703 -0.7829669
vn -0.6732402 -0.6732274 -0.305798
vn -0.9238819 -0.3826779 0
vn -0.9238818 -0.3826782 0
vn 0.382673 -0.9238839 0
vn 0.382673 -0.9238839 0
vn 0.382673 -0.9238838 0
vn 0.382673 -0.9238839 0
vn 0.9238794 -0.3826837 0
vn 0.9238794 -0.3826837 0
vn 0.9238794 -0.3826837 0
vn 0.9238794 -0.3826837 0
vn 0.9238788 0.3826851 0
vn 0.9238788 0.382685 0
vn 0.9238788 0.382685 0
vn 0.9238788 0.3826851 0
vn 0.3826999 0.9238727 0
vn 0.3827 0.9238727 0
vn 0.3826999 0.9238727 0
vn 0.3827 0.9238727 0
vn -0.3827114 0.923868 0
vn -0.3827117 0.9238678 0
vn -0.3827117 0.9238678 0
vn -0.3827113 0.923868 0
vn -0.9238792 0.3826843 0
vn -0.9238788 0.382685 0
vn -0.9238788 0.382685 0
vn -0.9238791 0.3826843 0
vn 0 0 1
vn 0 0 1
vn 0 0 1
vn 0 0 1
vn 0 0 1
vn 0 0 1
vn 0 0 1
vn 3.628321E-07 0 1
vn -0.9238794 -0.3826837 0
vn -0.9238797 -0.3826829 0
vn -0.9238797 -0.3826829 0
vn -0.9238794 -0.3826837 0
vn -0.3826846 -0.923879 0
vn -0.3826843 -0.9238791 0
vn -0.3826843 -0.9238791 0
vn -0.3826846 -0.923879 0
vn 1.935192E-06 0 -1
vn -1.935184E-06 0 -1
vn -1.935202E-06 0 -1
vn 0 0 -1
vn -1.161117E-05 0 -1
vn 0 0 -1
vn 1.935173E-06 0 -1
vn 1.161117E-05 0 -1
vn 0.3824748 0.9233949 -0.03247619
vn 0.3824783 0.9233935 -0.03247657
vn 0.382478 0.9233936 -0.03247654
vn 0.3824745 0.9233952 -0.03247615
vn 0.3824879 -0.9233896 -0.03247691
vn 0.3824777 -0.9233937 -0.03247847
vn 0.3824786 -0.9233933 -0.03247833
vn 0.3824891 -0.9233891 -0.03247674
vn -0.3824928 -0.9233874 -0.03247808
vn -0.3824829 -0.9233917 -0.03247696
vn -0.3824838 -0.9233912 -0.03247707
vn -0.3824939 -0.923387 -0.03247821
vn -0.3824805 0.9233926 -0.03247645
vn -0.3824822 0.9233919 -0.03247622
vn -0.3824821 0.923392 -0.03247624
vn -0.3824804 0.9233927 -0.03247648
vn 0.9233923 -0.3824814 -0.03247723
vn 0.9233923 -0.3824814 -0.03247723
vn 0.9233922 -0.3824815 -0.03247722
vn 0.9233922 -0.3824815 -0.03247722
vn -0.9233923 0.3824814 -0.0324765
vn -0.9233894 0.382488 -0.03247776
vn -0.9233897 0.3824874 -0.03247764
vn -0.9233926 0.3824807 -0.03247636
vn -0.9233918 -0.3824823 -0.03247904
vn -0.9233877 -0.3824923 -0.03247718
vn -0.9233881 -0.3824914 -0.03247735
vn -0.9233923 -0.3824812 -0.03247925
vn 0.9233938 0.3824778 -0.03247599
vn 0.9233939 0.3824775 -0.03247596
vn 0.9233926 0.3824805 -0.03247623
vn 0.9233925 0.3824809 -0.03247626
vn 0.3826776 0 -0.9238819
vn 0.3826692 0 -0.9238854
vn 0.3826936 0 -0.9238753
vn 0.382702 0 -0.9238719
vn 0.3680802 0 0.9297941
vn 0.3680791 0 0.9297945
vn 0.3680798 0 0.9297942
vn 0.3680809 0 0.9297938
vn 0.929796 0 -0.3680753
vn 0.9297953 0 -0.3680774
vn 0.9297964 0 -0.3680743
vn 0.9297972 0 -0.3680723
vn -0.397187 0 -0.9177378
vn -0.3971749 0 -0.9177429
vn -0.3971828 0 -0.9177395
vn -0.3971948 0 -0.9177343
vn -0.9177447 0 0.3971708
vn -0.9177496 0 0.3971594
vn -0.9177464 0 0.3971669
vn -0.9177414 0 0.3971784
vn -0.3680948 0 -0.9297882
vn -0.3681161 0 -0.9297799
vn -0.3681021 0 -0.9297854
vn -0.3680809 0 -0.9297938
vn 0.3971941 0 0.9177346
vn 0.3971948 0 0.9177343
vn 0.3971937 0 0.9177348
vn 0.3971929 0 0.9177351
vn 0.9177382 0 -0.3971858
vn 0.9177414 0 -0.3971784
vn 0.9177393 0 -0.3971832
vn 0.9177361 0 -0.3971905
vn -0.9297899 0 0.3680907
vn -0.9297889 0 0.3680931
vn -0.9297904 0 0.3680894
vn -0.9297913 0 0.3680869
vn 0.3534138 0 -0.9354671
vn 0.3534128 0 -0.9354675
vn 0.3534134 0 -0.9354672
vn 0.3534144 0 -0.9354668
vn -0.3826887 0 0.9238774
vn -0.3827041 0 0.923871
vn -0.3826588 0 0.9238897
vn -0.3826435 0 0.9238961
vn 0 -1 0
vn 0 -1 -5.191374E-07
vn 0 -1 4.029353E-07
vn 0 -1 7.745599E-07
vn 0 -1 -1.924833E-06
vn 0 -1 -8.825502E-06
vn 0 -1 0
vn 0 -1 0
vn 0 -1 0
vn 0 -1 0
vn 0 -1 -8.95866E-07
vn 0 -1 -1.084003E-06
vn 0 -1 4.41307E-06
vn 0 -1 -6.934025E-07
vn 0 -1 2.10783E-06
vn 0 -1 1.235309E-06
vn 0 -1 1.011055E-05
vn 0 -1 8.825336E-06
vn 0 -1 0
vn 0 -1 -3.467131E-07
vn 0 -1 1.008635E-06
vn 0 -1 -1.174166E-06
vn 0 -1 2.886998E-06
vn 0 -1 1.323767E-05
vn -0.9113724 0 -0.4115826
vn -0.9113719 0 -0.4115839
vn -0.9113722 0 -0.4115831
vn -0.9113728 0 -0.4115818
vn 0 1 0
vn 0 1 -6.064241E-07
vn 0 1 0
vn 0 1 -5.870829E-07
vn 0 1 -3.748213E-07
vn 0 1 -3.8728E-07
vn 0 1 1.549119E-06
vn 0 1 8.058705E-07
vn 0 1 0
vn 0 1 0
vn 0 1 -1.924833E-06
vn 0 1 -8.825502E-06
vn 0 1 3.872705E-07
vn 0 1 -8.058549E-07
vn 0 1 -1.549094E-06
vn 0 1 2.014633E-07
vn 0 1 2.885186E-07
vn 0 1 0
vn 0 1 0
vn 0 1 0
vn 0 1 0
vn 0 1 0
vn 0 1 1.924682E-06
vn 0 1 8.825327E-06
vn 0.9238788 0 -0.3826853
vn 0.9238794 0 -0.3826835
vn 0.923879 0 -0.3826848
vn 0.9238783 0 -0.3826865
vn -0.9354692 0 -0.3534082
vn -0.9354679 0 -0.3534117
vn -0.9354687 0 -0.3534096
vn -0.93547 0 -0.3534061
vn 0.3826824 0 0.92388
vn 0.3826869 0 0.9238781
vn 0.3826837 0 0.9238794
vn 0.382679 0 0.9238814
vn -0.3826881 0 -0.9238776
vn -0.3826869 0 -0.9238781
vn -0.3826877 0 -0.9238777
vn -0.3826889 0 -0.9238773
vn -0.9238776 0 -0.3826881
vn -0.9238802 0 -0.3826816
vn -0.9238723 0 -0.3827008
vn -0.9238696 0 -0.3827074
vn 0.923887 0 0.3826655
vn 0.9238856 0 0.3826688
vn 0.9238896 0 0.3826592
vn 0.9238909 0 0.3826559
vn 0.9354696 0 0.3534069
vn 0.9354692 0 0.3534083
vn 0.9354696 0 0.3534075
vn 0.93547 0 0.3534061
vn -0.353406 0 0.93547
vn -0.3534061 0 0.93547
vn -0.353406 0 0.93547
vn -0.3534061 0 0.93547
vn 0.9113766 0 0.4115735
vn 0.9113787 0 0.4115687
vn 0.9113774 0 0.4115716
vn 0.9113753 0 0.4115763
vn -0.4115866 0 0.9113708
vn -0.4115853 0 0.9113712
vn -0.4115861 0 0.9113709
vn -0.4115873 0 0.9113703
vn -0.923879 0 0.3826846
vn -0.9238778 0 0.3826877
vn -0.9238787 0 0.3826855
vn -0.92388 0 0.3826824
vn 0.4115842 0 -0.9113717
vn 0.4115778 0 -0.9113747
vn 0.4115816 0 -0.9113729
vn 0.4115881 0 -0.9113699
vn 0.4115821 0 -0.9113727
vn 0.4115862 0 -0.9113708
vn 0.4115838 0 -0.9113719
vn 0.4115797 0 -0.9113738
vn -0.923879 0 0.3826846
vn -0.9238778 0 0.3826877
vn -0.9238787 0 0.3826855
vn -0.92388 0 0.3826824
vn 0 1 1.924621E-06
vn 0 1 0
vn 0 1 8.825677E-06
vn 0 1 0
vn 0 1 -8.058581E-07
vn 0 1 -1.549119E-06
vn 0 1 3.872703E-07
vn 0 1 2.01464E-07
vn 0 1 -3.872796E-07
vn 0 1 8.058685E-07
vn 0 1 1.549086E-06
vn 0 1 -3.748212E-07
vn 0 1 0
vn 0 1 0
vn 0 1 -1.92487E-06
vn 0 1 -8.826203E-06
vn 0 1 2.885185E-07
vn 0 1 0
vn 0 1 0
vn 0 1 0
vn 0 1 -6.064361E-07
vn 0 1 -5.870843E-07
vn 0 1 0
vn 0 1 0
vn -0.4115866 0 0.9113708
vn -0.4115853 0 0.9113712
vn -0.4115861 0 0.9113709
vn -0.4115873 0 0.9113703
vn 0.9113804 0 0.4115649
vn 0.9113804 0 0.4115649
vn 0.9113804 0 0.4115649
vn 0.9113804 0 0.4115649
vn -0.353406 0 0.93547
vn -0.3534061 0 0.93547
vn -0.353406 0 0.93547
vn -0.3534061 0 0.93547
vn 0.9354696 0 0.3534069
vn 0.9354692 0 0.3534083
vn 0.9354696 0 0.3534075
vn 0.93547 0 0.3534061
vn 0.9238749 0 0.3826945
vn 0.9238749 0 0.3826945
vn 0.9238749 0 0.3826945
vn 0.9238749 0 0.3826945
vn -0.9238776 0 -0.3826881
vn -0.9238802 0 -0.3826816
vn -0.9238723 0 -0.3827008
vn -0.9238696 0 -0.3827074
vn 0 -1 0
vn 0 -1 7.745427E-07
vn 0 -1 -3.467123E-07
vn 0 -1 -6.934118E-07
vn 0 -1 0
vn 0 -1 4.029342E-07
vn 0 -1 0
vn 0 -1 0
vn 0 -1 2.107733E-06
vn 0 -1 1.235368E-06
vn 0 -1 1.011047E-05
vn 0 -1 8.825667E-06
vn 0 -1 1.008622E-06
vn 0 -1 -1.174169E-06
vn 0 -1 2.887284E-06
vn 0 -1 1.323954E-05
vn 0 -1 0
vn 0 -1 -8.958707E-07
vn 0 -1 -1.083997E-06
vn 0 -1 4.413046E-06
vn 0 -1 0
vn 0 -1 -5.192385E-07
vn 0 -1 -1.924868E-06
vn 0 -1 -8.826194E-06
vn -0.3826881 0 -0.9238776
vn -0.3826869 0 -0.9238781
vn -0.3826877 0 -0.9238777
vn -0.3826889 0 -0.9238773
vn 0.3826881 0 0.9238776
vn 0.3826869 0 0.9238781
vn 0.3826877 0 0.9238777
vn 0.3826889 0 0.9238773
vn -0.9354696 0 -0.3534069
vn -0.9354692 0 -0.3534083
vn -0.9354696 0 -0.3534075
vn -0.93547 0 -0.3534061
vn 0.9238781 0 -0.3826869
vn 0.9238778 0 -0.3826877
vn 0.923878 0 -0.3826872
vn 0.9238783 0 -0.3826865
vn -0.911369 0 -0.4115901
vn -0.9113684 0 -0.4115915
vn -0.9113687 0 -0.4115907
vn -0.9113694 0 -0.4115894
vn -0.3827509 0 0.9238517
vn -0.3827663 0 0.9238452
vn -0.382721 0 0.9238639
vn -0.3827057 0 0.9238703
vn 0.3534172 0 -0.9354659
vn 0.3534217 0 -0.9354641
vn 0.3534189 0 -0.9354652
vn 0.3534144 0 -0.9354668
vn -0.9297899 0 0.3680907
vn -0.9297889 0 0.3680931
vn -0.9297904 0 0.3680894
vn -0.9297913 0 0.3680869
vn 0.9177396 0 -0.3971825
vn 0.9177347 0 -0.397194
vn 0.9177379 0 -0.3971865
vn 0.9177429 0 -0.397175
vn 0.3971832 0 0.9177393
vn 0.3971769 0 0.9177421
vn 0.3971866 0 0.9177379
vn 0.3971929 0 0.9177351
vn -0.3680875 0 -0.9297912
vn -0.3680975 0 -0.9297872
vn -0.3680909 0 -0.9297898
vn -0.3680809 0 -0.9297938
vn -0.9177447 0 0.3971708
vn -0.9177496 0 0.3971594
vn -0.9177464 0 0.3971669
vn -0.9177414 0 0.3971784
vn -0.3971866 0 -0.9177379
vn -0.3971929 0 -0.9177351
vn -0.3971832 0 -0.9177393
vn -0.3971769 0 -0.9177421
vn 0.92979 0 -0.3680905
vn 0.9297922 0 -0.3680846
vn 0.9297907 0 -0.3680885
vn 0.9297885 0 -0.3680943
vn 0.3681167 0 0.9297796
vn 0.3681161 0 0.9297799
vn 0.3681172 0 0.9297795
vn 0.3681178 0 0.9297792
vn 0.3827008 0 -0.9238724
vn 0.3827003 0 -0.9238725
vn 0.3827015 0 -0.923872
vn 0.382702 0 -0.9238719
vn 0 -1 0
vn 0 -1 0
vn 0 -1 0
vn 0 -1 0
vn 0 -1 0
vn 0 -1 0
vn 0 -1 0
vn 0 -1 0
vn -0.3280292 0.8858843 -0.3280331
vn -0.4002491 0.8243775 -0.4002526
vn -0.5660457 0.8243739 1.383761E-06
vn -0.4639096 0.8858824 1.333056E-06
vn -0.328033 0.8858844 0.328029
vn -0.1297617 0.9830179 0.1297597
vn -0.4002489 0.8243791 0.4002499
vn -2.283827E-06 0.8243737 0.5660459
vn -4.112344E-06 0.8858819 0.4639109
vn 0.3280306 0.8858846 0.3280312
vn 2.421146E-07 0.9830171 0.183514
vn 0.1297624 0.9830174 0.1297627
vn -0.1835128 0.9830173 7.239224E-07
vn -0.1297603 0.9830174 -0.1297646
vn -3.772835E-06 0.8858824 -0.4639098
vn -2.345018E-06 0.8243716 -0.566049
vn -2.939265E-06 0.983018 -0.1835091
vn 0.1297592 0.9830173 -0.1297664
vn 0.1835118 0.9830174 6.827627E-07
vn 0.4639089 0.8858829 3.787768E-06
vn 0.328028 0.885884 -0.3280356
vn 0.4002484 0.8243764 -0.4002559
vn 0.5660451 0.8243743 2.338924E-06
vn 0.4002477 0.8243792 0.400251
vn -0.923883 0 -0.3826751
vn -0.9238836 0 -0.3826736
vn -0.9238835 0 -0.3826739
vn -0.9238829 0 -0.3826753
vn 0.3826644 0 -0.9238874
vn 0.382654 0 -0.9238917
vn 0.3826554 0 -0.9238912
vn 0.3826657 0 -0.9238868
vn 0.923883 0 -0.382675
vn 0.9238836 0 -0.3826736
vn 0.9238835 0 -0.3826738
vn 0.9238829 0 -0.3826753
vn 0.923883 0 0.3826751
vn 0.9238836 0 0.3826736
vn 0.9238835 0 0.3826738
vn 0.9238829 0 0.3826753
vn 0.3826774 0 0.9238819
vn 0.3826671 0 0.9238864
vn 0.3826684 0 0.9238857
vn 0.3826788 0 0.9238815
vn -0.923883 0 0.3826751
vn -0.9238836 0 0.3826736
vn -0.9238835 0 0.3826738
vn -0.9238829 0 0.3826753
vn -0.3826742 0 0.9238834
vn -0.3826869 0 0.9238781
vn -0.3826853 0 0.9238788
vn -0.3826725 0 0.9238841
vn -0.3826611 0 -0.9238888
vn -0.3826739 0 -0.9238835
vn -0.3826722 0 -0.9238842
vn -0.3826594 0 -0.9238895
vn 0.1898777 -0.9558418 -0.2243055
vn -0.1898773 -0.9558421 -0.2243043
vn -0.1685731 -0.9699064 -0.1756834
vn 0.1685739 -0.9699067 -0.1756808
vn 0.187138 -0.9745308 -0.1235685
vn -0.1871381 -0.974531 -0.1235659
vn -0.3741476 -0.9200035 -0.1166495
vn 0.3741477 -0.9200035 -0.1166499
vn 0.1706184 -0.9849067 0.02912124
vn -0.1706184 -0.9849067 0.02912248
vn -0.3702378 -0.9285312 0.027454
vn 0.3702376 -0.9285313 0.02745399
vn -0.3702433 -0.9140611 -0.1655664
vn -0.370668 -0.9042029 -0.2121845
vn 0.3702445 -0.9140607 -0.1655662
vn 0.370669 -0.9042022 -0.2121858
vn 0 0 1
vn 0 0 1
vn 0 0 1
vn 0 0 1
vn 0 -1 0
vn 0 -1 0
vn 0 -1 0
vn 0 -1 0
vn 0 1 0
vn 0 1 3.26283E-07
vn 0 1 0
vn 0 1 0
vn 0 1 0
vn 0 1 4.789019E-07
vn 0 1 1.302686E-06
vn 0 1 0
vn 0 1 0
vn 0 0 1
vn 0 0 1
vn 0 0 1
vn 0 0 1
vn 0.1895485 0.07759544 0.9788005
vn -0.1895488 0.07759533 0.9788004
vn -0.190207 0.1766575 0.9657191
vn 0.1902067 0.1766575 0.9657192
vn -0.1598515 0.2370816 0.9582483
vn -0.3702243 0.223104 0.9017531
vn 0.1598536 0.2370818 0.958248
vn 0.370228 0.2231037 0.9017516
vn 0.1900688 -0.01842831 0.9815978
vn -0.1900654 -0.01842777 0.9815985
vn -0.3705182 0.07340264 0.9259202
vn -0.3708459 0.167112 0.9135354
vn 0.3705183 0.07340279 0.9259202
vn 0.3708458 0.1671118 0.9135355
vn 0.1886265 -0.08065674 0.978731
vn -0.1886233 -0.0806625 0.9787313
vn 0.1597181 -0.08676426 0.9833423
vn -0.1597182 -0.08676425 0.9833423
vn -0.3702288 -0.07628823 0.9258028
vn -0.3707452 -0.01743401 0.928571
vn -0.3702145 -0.08164691 0.9253513
vn 0.37024 -0.07630672 0.9257967
vn 0.370753 -0.01743509 0.9285679
vn 0.3702197 -0.08164784 0.9253491
vn 0 1 0
vn 0 1 0
vn 0 1 0
vn 0 1 0
vn 0 0 -1
vn 0 0 -1
vn 0 0 -1
vn 0 0 -1
vn 0.2028746 -0.2430881 0.9485516
vn -0.2028767 -0.2430884 0.9485511
vn -0.1706315 -0.2446063 0.9544908
vn -0.3702503 -0.2306059 0.8998531
vn 0.1706294 -0.2446063 0.9544912
vn 0.3702461 -0.2306064 0.8998547
vn -0.3702022 -0.2306179 0.8998698
vn 0.3701988 -0.2306176 0.8998713
vn 0 0 -1
vn 0 0 -1
vn 0 0 -1
vn 0 0 -1
vn -1 0 0
vn -1 0 0
vn -1 0 0
vn -1 0 0
vn 0.2067612 0 -0.9783915
vn -0.2067593 0 -0.9783918
vn -0.1664997 0 -0.9860415
vn 0.1664963 0 -0.9860421
vn -0.3702142 0 -0.9289464
vn -0.370214 0 -0.9289465
vn 0.3702091 0 -0.9289485
vn 0.3702194 0 -0.9289443
vn 0.1665109 0.9824374 -0.08420725
vn -0.1665112 0.9824373 -0.08420724
vn -0.1597259 0.9835551 -0.08430286
vn 0.1597257 0.9835551 -0.08430282
vn -0.3702321 0.9255458 -0.07933076
vn -0.3702357 0.9255442 -0.07933106
vn 0.3702317 0.9255459 -0.0793307
vn 0.3702351 0.9255445 -0.07933111
vn 1 0 0
vn 1 0 0
vn 1 0 0
vn 1 0 0
vn 1 0 0
vn 1 0 0
vn 1 0 0
vn 1 0 0
vn 0.1607501 0.9774737 0.1367651
vn -0.16075 0.9774736 0.1367655
vn -0.2014597 0.9700481 0.135723
vn -0.3702504 0.919971 0.1287164
vn 0.2014598 0.9700481 0.1357229
vn 0.3702505 0.919971 0.1287167
vn -0.3702404 0.9199759 0.1287105
vn 0.3702403 0.9199758 0.1287113
vn 0.2014561 0.5309773 -0.8230908
vn -0.2014573 0.5309773 -0.8230906
vn -0.1765418 0.5335777 -0.8271202
vn 0.1765398 0.5335778 -0.8271205
vn -0.370242 0.5035679 -0.7806024
vn -0.3702376 0.5035677 -0.7806047
vn 0.3702396 0.5035681 -0.7806034
vn 0.3702371 0.5035675 -0.7806051
vn 0.1598531 -0.9844829 0.07238916
vn -0.1598535 -0.9844829 0.0723893
vn -0.2028958 -0.976564 0.07180519
vn -0.3702298 -0.9264391 0.06812114
vn 0.2028958 -0.976564 0.0718051
vn 0.3702289 -0.9264395 0.06812107
vn -0.3702518 -0.9264305 0.06811734
vn 0.370252 -0.9264305 0.06811737
vn 0.9809154 -0.003650386 0.1944011
vn 0.9969254 0.05395008 -0.05682496
vn 0.979563 -0.01652501 0.2004578
vn 0.9187496 -0.007413919 0.394771
vn 0.9751887 0.1497037 -0.1630822
vn 0.9545656 0.2051795 -0.2161158
vn 0.9786027 0.145311 0.1456756
vn 0.918512 -0.03246897 0.3940576
vn 0.9532176 0.2044184 -0.2226868
vn 0.9937862 0.101199 -0.04634337
vn 0.9723169 0.2022105 -0.1170924
vn 0.933787 0.3096597 -0.179312
vn 0.9400535 0.3100623 -0.1419885
vn 0.980454 0.01554834 0.1961327
vn 0.9186252 0.031227 0.3938942
vn 0.9948164 -0.07799335 0.06524872
vn 0.9780805 0.1571104 -0.1366561
vn 0.9623329 0.2051298 -0.1784296
vn 0.9742655 -0.1444853 -0.1730051
vn 0.949514 -0.2010979 -0.2407959
vn 0.9807468 -0.1901193 -0.04461366
vn 0.9187006 -0.3845098 -0.09023022
vn 0.9758277 -0.2168055 -0.02748997
vn 0.9202436 -0.3882377 -0.049227
vn 0.9734668 -0.1786852 0.142947
vn 0.9456303 -0.2539741 0.2031759
vn 0.9439937 -0.2530799 0.2117221
vn 0.9810189 0.03489296 0.1907471
vn 0.9187806 0.07103636 0.3883247
vn 0.9785357 -0.1209762 0.1668309
vn 0.963565 -0.1570268 0.2165296
vn -1 0 0
vn -1 0 0
vn -1 0 0
vn -1 0 0
vn -0.9795629 -0.01651394 0.2004592
vn -0.9969254 0.05395002 -0.05682532
vn -0.9809156 -0.00364886 0.1943998
vn -0.9187521 -0.007410795 0.3947653
vn -0.9751886 0.1497039 -0.1630832
vn -0.9545653 0.2051791 -0.2161171
vn -0.9786031 0.1453127 0.1456716
vn -0.9185153 -0.03247839 0.3940493
vn -0.9532172 0.2044184 -0.2226882
vn -0.9937862 0.1011993 -0.04634336
vn -0.9723168 0.2022108 -0.1170924
vn -0.933787 0.3096596 -0.1793122
vn -0.9400535 0.3100623 -0.1419885
vn -0.980454 0.01554836 0.1961329
vn -0.9186251 0.031227 0.3938945
vn -0.9948164 -0.0779934 0.06524885
vn -0.9780807 0.15711 -0.1366545
vn -0.9623336 0.2051286 -0.1784277
vn -0.9742655 -0.144485 -0.1730052
vn -0.949514 -0.2010978 -0.2407962
vn -0.980747 -0.1901183 -0.0446129
vn -0.918701 -0.384509 -0.09022948
vn -0.9758277 -0.2168055 -0.02748994
vn -0.9202431 -0.3882387 -0.04922734
vn -0.9734668 -0.1786856 0.142947
vn -0.9456301 -0.2539748 0.2031759
vn -0.9439936 -0.25308 0.2117225
vn -0.9810187 0.03489314 0.1907484
vn -0.9187794 0.07103679 0.3883276
vn -0.9785355 -0.1209759 0.1668328
vn -0.9635645 -0.1570264 0.2165323
vn 0 -0.999544 0.03019371
vn 0 -0.9995441 0.03019072
vn 0 -0.9995443 0.030185
vn 0 -0.9995447 0.03017273
vn 0 -0.9995436 0.03020684
vn 0 -0.9995438 0.03020099
vn 0 -0.9995435 0.03021029
vn 0 -0.9995428 0.03023408
vn 0.1765401 0.9829683 -0.0510578
vn -0.1765403 0.9829683 -0.05105774
vn -0.2067705 0.9770722 -0.05075241
vn -0.3702406 0.9276853 -0.0481865
vn 0.2067706 0.9770722 -0.05075243
vn 0.3702404 0.9276854 -0.04818661
vn -0.3702341 0.9276878 -0.04818826
vn 0.3702342 0.9276878 -0.04818827
vn 0 0.1220929 0.9925187
vn 0 0.1220929 0.9925187
vn 0 0.1220929 0.9925187
vn 0 0.1220929 0.9925187
vn -0.9999887 -0.00476745 0.0001681388
vn -0.999989 -0.004563792 0.001065362
vn -0.9999886 -0.004652913 0.001090454
vn -0.9999884 -0.004817546 0.000141996
vn -0.9999893 -0.004629023 0.0001885096
vn -0.9999897 -0.004416774 0.001048253
vn -0.9999899 -0.004496195 0.0001677358
vn -0.99999 -0.004343523 0.001060218
vn -0.9999902 -0.004435932 0.0001387081
vn -0.9999913 -0.004112394 0.0007629388
vn -0.9999923 -0.003922228 0.000516113
vn -0.9999936 -0.003479093 0.0008560782
vn 0 0.9646817 -0.2634184
vn 0 0.9646817 -0.2634183
vn 0 0.9646817 -0.2634183
vn 0 0.9646817 -0.2634185
vn 0 0.0159097 -0.9998734
vn 0 0.1293367 -0.9916008
vn 0 0.1293364 -0.9916008
vn 0 0.01590958 -0.9998734
vn 0 -0.09772293 -0.9952136
vn 0 -0.09772291 -0.9952136
vn 1 0 0
vn 1 0 0
vn 1 0 0
vn 1 0 0
vn 1 -2.292572E-07 0
vn 1 0 0
vn 1 0 0
vn 1 0 0
vn 1 0 0
vn -1 0 0
vn -1 0 0
vn -1 1.665045E-07 0
vn -1 0 0
vn -1 3.171937E-07 0
vn -1 0 0
vn -1 0 0
vn -1 0 0
vn -1 0 0
vn 0.9439201 0.3301738 0
vn 0.7819709 0.6233149 0
vn 0.781971 0.6233147 0
vn 0.9439204 0.3301733 0
vn 1 0 0
vn 1 0 0
vn 1 -1.191778E-07 0
vn 0 1 -8.853868E-07
vn 0 1 -9.297803E-07
vn 0 1 0
vn 0 1 0
vn 0 1 0
vn 0 -0.60745 0.7943578
vn 0 -0.3206568 0.9471954
vn 0 -0.3206569 0.9471954
vn 0 0 1
vn 0 0 1
vn 0 -0.6074502 0.7943578
vn 0 0 1
vn 0 0 1
vn 0 0 1
vn 0 0 1
vn 0 0 1
vn 0 0 1
vn 0 0 1
vn 0 0 1
vn 0 0 1
vn 0 0 -1
vn 0 0 -1
vn 5.892252E-07 0 -1
vn 0 0 -1
vn 0 0 -1
vn -5.892419E-07 0 -1
vn 0 0 -1
vn 0 0 -1
vn 1 0 0
vn 0.9439172 -0.3301821 0
vn 0.9439188 -0.3301778 0
vn 1 2.938548E-07 0
vn 1 5.154826E-07 0
vn 1 0 0
vn 1 0 0
vn 1 0 0
vn 1 2.698486E-07 0
vn 1 -1.555214E-06 0
vn 1 0 0
vn 1 0 0
vn 1 -1.331159E-07 0
vn 1 0 0
vn 1 0 0
vn 0.7819643 -0.6233233 0
vn 0.7819645 -0.623323 0
vn 1 0 0
vn 1 0 0
vn 1 -2.613257E-07 0
vn 1 0 0
vn 1 0 0
vn 1 0 0
vn 1 -4.872068E-07 0
vn 1 -2.442866E-07 0
vn 1 6.983E-07 0
vn 0 -1 0
vn 0 -1 0
vn 0 -1 0
vn 0 -1 0
vn -0.7819708 -0.623315 0
vn -0.9439203 -0.3301736 0
vn -0.9439203 -0.3301735 0
vn -0.7819711 -0.6233147 0
vn -1 0 0
vn -1 0 0
vn -1 0 0
vn -1 0 0
vn 0 0 1
vn 0 0 1
vn 0 0 1
vn 0 0 1
vn 0 0 1
vn 0 0 1
vn 0 1 0
vn 0 1 0
vn 0 1 0
vn 0 1 0
vn -1 0 0
vn -1 1.953813E-07 0
vn -1 -4.284618E-06 0
vn -0.9439201 0.3301737 0
vn -1 0 0
vn -0.9143059 0.4050242 -6.120952E-06
vn -1 -8.815367E-07 0
vn -0.781971 0.6233149 0
vn -0.7819538 0.6233365 -3.403041E-06
vn -0.7819782 0.6233057 0
vn -0.7819711 0.6233147 2.433354E-07
vn -0.7819785 0.6233054 0
vn -0.781952 0.6233386 7.25074E-06
vn -0.9143056 0.405025 1.156544E-05
vn -0.9439205 0.330173 0
vn -1 2.891484E-06 0
vn -1 0 0
vn -1 0 0
vn -1 2.94478E-07 0
vn -1 7.15626E-07 0
vn -1 9.350605E-07 0
vn -1 0 0
vn -1 1.137034E-07 0
vn -1 2.709494E-06 0
vn -1 -3.487189E-06 0
vn -1 0 0
vn -1 -8.45583E-07 0
vn -1 0 0
vn -1 0 0
vn -1 0 0
vn -1 0 0
vn 0 0 1
vn 0 0 1
vn 0 0 1
vn -1.731124E-06 0 1
vn 0 0 1
vn -2.259754E-07 0 1
vn 3.683688E-06 0 1
vn 3.224491E-06 0 1
vn 0 0 1
vn 0 1 0
vn 0 1 0
vn 0 1 0
vn 0 1 0
vn 0 1 0
vn 0 1 0
vn 0 1 0
vn 1 0 0
vn 1 2.37592E-07 0
vn 1 2.003869E-07 0
vn 1 0 0
vn 0 -1 0
vn 0 -1 0
vn 0 -1 0
vn 0 -1 0
vn 0 0 -1
vn 0 0 -1
vn 0 0 -1
vn 0 0 -1
vn 0 0 -1
vn 0 -0.6074484 0.794359
vn 0 -0.6074485 0.794359
vn 0 -0.607448 0.7943594
vn 0 -0.6074479 0.7943596
vn -1.2383E-05 -0.3827063 -0.92387
vn -2.107662E-05 -0.3826812 -0.9238805
vn 0 -0.3827126 -0.9238674
vn -1.16114E-05 -0.1950843 -0.9807865
vn 0 -0.1950685 -0.9807896
vn 0 0 -1
vn 0 0.195096 -0.9807842
vn 3.630315E-06 0.1950958 -0.9807842
vn 1.04251E-05 0.3826846 -0.923879
vn 1.935716E-05 0.3826886 -0.9238774
vn 0 0.3826753 -0.9238829
vn 0 0.9238752 0.3826939
vn 0 0.9846113 0.1747587
vn 0 0.9807842 0.1950959
vn 0 0.9238753 0.3826937
vn 0 0.9846113 -0.1747584
vn 0 0.9807843 -0.1950956
vn 0 0.9238756 -0.3826931
vn 0 0.9238756 -0.3826928
vn 9.033861E-06 -0.9238785 0.382686
vn 2.620481E-06 -0.9807836 0.195099
vn 0 -0.9807833 0.1951006
vn 1.222705E-05 -0.9238788 0.3826851
vn 0 -0.923885 0.3826701
vn 0 -0.9807844 -0.1950943
vn 0 -0.9807843 -0.1950949
vn 0 -0.923875 -0.3826944
vn 0 -0.9238746 -0.3826955
vn -4.537973E-07 0.1950821 0.9807869
vn -1.303147E-06 0.3826721 0.9238842
vn -2.419664E-06 0.3826725 0.9238841
vn 0 0.1950812 0.980787
vn 0 0 1
vn 0 0.3826734 0.9238837
vn 0 -0.1950848 0.9807864
vn 0 -0.1950843 0.9807865
vn 0 -0.3826702 0.923885
vn 0 -0.3826694 0.9238854
vn -0.7071024 0 -0.7071111
vn -0.7071115 0 -0.707102
vn -0.7071106 0 -0.7071028
vn -0.7071016 0 -0.707112
vn -0.7071098 0 0.7071037
vn -0.7071044 0 0.7071091
vn -0.7071049 0 0.7071086
vn -0.7071103 0 0.7071032
vn 0.7071249 0 -0.7070886
vn 0.7071252 0 -0.7070882
vn 0.7071224 0 -0.7070911
vn 0.7071221 0 -0.7070914
vn 0.7071253 0 0.7070882
vn 0.7071252 0 0.7070882
vn 0.7071259 0 0.7070876
vn 0.707126 0 0.7070876
vn 0 0.9995441 -0.03019148
vn 0 0.9995441 -0.03019132
vn 0 0.9995444 -0.0301792
vn 0 0.9995444 -0.03017856
vn 0 0.9995437 -0.03020501
vn 0 0.9995436 -0.03020555
vn 0 0.9995433 -0.0302212
vn 0 0.9995433 -0.03021901
vn -0.1685878 5.271511E-07 -0.9856866
vn -0.3702733 0 -0.928923
vn -0.3702102 8.361581E-07 -0.928948
vn -0.1607271 9.05081E-07 -0.9869989
vn 0.1685853 5.273206E-07 -0.9856871
vn 0.1607269 9.10708E-07 -0.9869989
vn 0.3702095 8.488789E-07 -0.9289482
vn 0.3702678 0 -0.9289251
vn 0 0 1
vn 0 0 1
vn 0 0 1
vn 0 0 1
vn 0 0 1
vn 0 0 1
vn 0 0 1
vn 0 0 1
vn -0.923879 0.3826847 0
vn -0.9238792 0.3826843 0
vn -0.9238792 0.3826843 0
vn -0.923879 0.3826847 0
vn -0.3827117 0.9238678 0
vn -0.3827113 0.923868 0
vn -0.3827114 0.923868 0
vn -0.3827117 0.9238678 0
vn 0.3826996 0.9238728 0
vn 0.3827 0.9238727 0
vn 0.3826999 0.9238727 0
vn 0.3826996 0.9238728 0
vn -1.935184E-06 0 -1
vn 1.935191E-06 0 -1
vn 1.935173E-06 0 -1
vn 0 0 -1
vn 1.161117E-05 0 -1
vn -1.935202E-06 0 -1
vn 0 0 -1
vn -1.161117E-05 0 -1
vn 0.9238788 0.382685 0
vn 0.9238792 0.3826843 0
vn 0.9238792 0.3826843 0
vn 0.9238788 0.3826851 0
vn -0.3826843 -0.9238791 0
vn -0.3826847 -0.923879 0
vn -0.3826847 -0.923879 0
vn -0.3826843 -0.9238791 0
vn 0.9238797 -0.3826829 0
vn 0.9238794 -0.3826837 0
vn 0.9238794 -0.3826837 0
vn 0.9238797 -0.3826829 0
vn 0.382673 -0.9238839 0
vn 0.3826727 -0.923884 0
vn 0.3826726 -0.923884 0
vn 0.382673 -0.9238839 0
vn -0.9238797 -0.3826829 0
vn -0.9238796 -0.3826832 0
vn -0.9238796 -0.3826832 0
vn -0.9238797 -0.3826829 0
vn 1.519227E-05 -0.9995649 0.02949339
vn 0 -0.9995658 0.02946636
vn 3.432961E-06 -0.9995657 0.02946768
vn 1.748041E-05 -0.9995649 0.02949352
vn -1.519084E-05 -0.9995651 0.02948912
vn 0 -0.9995657 0.0294694
vn 0 -0.9995657 0.02946977
vn 0 -0.9995659 0.02946198
vn 0 -0.9995658 0.02946633
vn 1.762634E-07 -0.9995659 0.02946334
vn 0 -0.9995658 0.0294672
vn 1.184981E-05 -0.999566 0.02945758
vn 1.196696E-05 -0.999566 0.02945752
vn -1.196667E-05 -0.999566 0.0294587
vn -1.184885E-05 -0.999566 0.02945888
vn -1.762517E-07 -0.9995658 0.02946614
vn 0 -0.9995659 0.02946229
vn 0 -0.9995658 0.02946616
vn 0 -0.9995659 0.0294618
vn 0 -0.9995657 0.02946964
vn 0 -0.9995657 0.0294694
vn -3.432946E-06 -0.9995658 0.02946713
vn 0 -0.9995658 0.02946581
vn -1.747997E-05 -0.9995651 0.02948996
vn 0 -0.9710339 0.238942
vn 0 -0.9710358 0.2389344
vn 0 -0.9710346 0.2389386
vn 0 -0.9710349 0.2389375
vn 0 -0.9710335 0.2389432
vn 0 -0.9710338 0.2389423
vn 0 -0.971031 0.2389535
vn 0 -0.9710315 0.2389517
vn 0 -0.9710349 0.2389372
vn 0 -0.9710367 0.2389307
vn 0 -0.9710351 0.238937
vn 0 -0.9710351 0.238937
vn 0 -0.140261 -0.9901146
vn 0 -0.140261 -0.9901146
vn 0 -0.140261 -0.9901146
vn 0 -0.140261 -0.9901146
vn 0.9999902 -0.004435979 0.0001386836
vn 0.9999899 -0.004496173 0.0001677033
vn 0.99999 -0.004343609 0.001060259
vn 0.9999913 -0.004112479 0.0007629645
vn 0.9999923 -0.003922268 0.0005161141
vn 0.9999936 -0.003479093 0.0008560803
vn 0.9999897 -0.004416837 0.001048266
vn 0.9999893 -0.004628971 0.0001885031
vn 0.999989 -0.004563842 0.001065371
vn 0.9999887 -0.004767394 0.0001681393
vn 0.9999886 -0.004652911 0.001090473
vn 0.9999884 -0.004817508 0.000141996
vn 0 0.08127786 0.9966915
vn 0 0.08127786 0.9966915
vn 0 0.08127787 0.9966915
vn 0 0.08127787 0.9966915
vn -0.8661249 -0.3557638 -0.3510839
vn -0.6768805 -0.289232 -0.6768881
vn -0.5773299 -0.5772441 -0.5774768
vn -0.6769565 -0.676939 -0.288935
vn -0.9274207 -0.3740201 4.5198E-07
vn -0.9272373 0 -0.3744745
vn -0.7071079 -2.717685E-07 -0.7071056
vn -1 -4.969225E-07 -2.396327E-07
vn -0.6768872 0.2892247 -0.6768845
vn -0.8661255 0.3557626 -0.3510835
vn -0.9274206 0.3740202 -3.666063E-07
vn -0.866125 0.3557628 0.3510843
vn -0.9272389 0 0.3744705
vn -0.866124 -0.355764 0.3510855
vn -0.6769548 -0.6769407 0.2889348
vn -0.6768982 0.2892395 0.6768672
vn -0.7071185 -0.707095 2.094396E-07
vn -0.676892 -0.2892466 0.6768705
vn -0.707116 -3.715069E-07 0.7070975
vn -0.5773485 -0.5772449 0.5774575
vn -0.6769669 0.6769321 0.2889266
vn -0.7071172 0.7070963 -2.393594E-07
vn -0.5773548 0.5772383 0.5774576
vn -0.6769706 0.6769295 -0.2889245
vn -0.5773386 0.5772374 -0.5774748
vn 0.3510908 -0.3557801 -0.8661154
vn 0.6768922 -0.2892322 -0.6768764
vn 0.5773321 -0.5772479 -0.5774707
vn 0.2890767 -0.6777027 -0.6761314
vn 1.717574E-06 -0.3740054 -0.9274265
vn 0.3744565 1.41933E-07 -0.9272444
vn 0.7071205 -3.590319E-07 -0.7070931
vn 1.193102E-06 -1.442822E-06 -1
vn 0.676891 0.2892292 -0.676879
vn 0.3510941 0.3557782 -0.8661149
vn 7.189181E-06 0.3739982 -0.9274294
vn -0.3510922 0.3557673 -0.86612
vn -0.3744416 -6.684619E-06 -0.9272505
vn -0.3510782 -0.3557709 -0.8661242
vn -0.289076 -0.6776986 -0.6761358
vn -0.6768872 0.2892247 -0.6768845
vn 6.774342E-06 -0.7071123 -0.7071012
vn -0.6768805 -0.289232 -0.6768881
vn -0.7071079 -2.717685E-07 -0.7071056
vn -0.5773299 -0.5772441 -0.5774768
vn -0.2890802 0.6776918 -0.6761409
vn -7.976299E-06 0.7071044 -0.7071091
vn -0.5773386 0.5772374 -0.5774748
vn 0.2890764 0.6776957 -0.6761387
vn 0.5773369 0.577239 -0.5774748
vn 0.8661233 -0.3557655 0.3510859
vn 0.6768991 -0.289242 0.6768652
vn 0.5773599 -0.5772433 0.5774475
vn 0.6769542 -0.6769413 0.2889351
vn 0.9274208 -0.3740198 -4.118042E-07
vn 0.9272385 0 0.3744714
vn 0.7071146 -2.692801E-07 0.7070988
vn 1 -1.412573E-07 -3.935025E-07
vn 0.6768983 0.2892394 0.6768672
vn 0.8661249 0.3557629 0.3510848
vn 0.9274203 0.3740208 -2.536113E-07
vn 0.8661246 0.3557649 -0.3510833
vn 0.9272375 0 -0.3744739
vn 0.8661246 -0.3557642 -0.3510841
vn 0.676957 -0.6769384 -0.2889354
vn 0.676891 0.2892292 -0.676879
vn 0.7071174 -0.707096 1.919863E-07
vn 0.6768922 -0.2892322 -0.6768764
vn 0.7071205 -3.590319E-07 -0.7070931
vn 0.5773321 -0.5772479 -0.5774707
vn 0.6769696 0.6769304 -0.2889244
vn 0.7071161 0.7070974 6.532515E-07
vn 0.5773369 0.577239 -0.5774748
vn 0.6769675 0.6769313 0.2889274
vn 0.5773569 0.577237 0.577457
vn -0.3510842 -0.3557679 0.8661231
vn -0.676892 -0.2892466 0.6768705
vn -0.5773485 -0.5772449 0.5774575
vn -0.2890912 -0.6776997 0.6761283
vn -7.583209E-07 -0.3740213 0.9274201
vn -0.3744873 -6.830218E-06 0.927232
vn -0.707116 -3.715069E-07 0.7070975
vn 3.009284E-06 -1.548785E-06 1
vn -0.6768982 0.2892395 0.6768672
vn -0.3510947 0.3557644 0.8661202
vn 2.706852E-06 0.3740242 0.9274189
vn 0.3510975 0.355767 0.8661181
vn 0.3744898 -5.024045E-07 0.927231
vn 0.351102 -0.3557612 0.8661185
vn 0.2891059 -0.6777 0.6761215
vn 0.6768983 0.2892394 0.6768672
vn -1.144443E-06 -0.7071078 0.7071057
vn 0.6768991 -0.289242 0.6768652
vn 0.7071146 -2.692801E-07 0.7070988
vn 0.5773599 -0.5772433 0.5774475
vn 0.2890849 0.677695 0.6761356
vn 3.587927E-06 0.7071077 0.7071058
vn 0.5773569 0.577237 0.577457
vn -0.2890806 0.6776961 0.6761363
vn -0.5773548 0.5772383 0.5774576
vn 0.3557745 0.8661181 0.3510896
vn 0.2890849 0.677695 0.6761356
vn 0.5773569 0.577237 0.577457
vn 0.6769675 0.6769313 0.2889274
vn 0.374033 0.9274154 1.707493E-06
vn 8.579781E-06 0.9272351 0.3744798
vn 3.587927E-06 0.7071077 0.7071058
vn -6.109358E-06 1 1.405001E-06
vn -0.2890806 0.6776961 0.6761363
vn -0.3557722 0.8661181 0.3510919
vn -0.3740379 0.9274134 1.805422E-06
vn -0.3557758 0.8661134 -0.3510998
vn -5.973593E-06 0.9272311 -0.3744894
vn 0.3557709 0.8661156 -0.3510997
vn 0.6769696 0.6769304 -0.2889244
vn -0.2890802 0.6776918 -0.6761409
vn 0.7071161 0.7070974 6.532515E-07
vn 0.2890764 0.6776957 -0.6761387
vn -7.976299E-06 0.7071044 -0.7071091
vn 0.5773369 0.577239 -0.5774748
vn -0.6769706 0.6769295 -0.2889245
vn -0.7071172 0.7070963 -2.393594E-07
vn -0.5773386 0.5772374 -0.5774748
vn -0.6769669 0.6769321 0.2889266
vn -0.5773548 0.5772383 0.5774576
vn -0.3557731 -0.8661167 0.3510944
vn -0.2890912 -0.6776997 0.6761283
vn -0.5773485 -0.5772449 0.5774575
vn -0.6769548 -0.6769407 0.2889348
vn -0.3740203 -0.9274206 -5.976319E-07
vn 4.475206E-06 -0.927241 0.3744654
vn -1.144443E-06 -0.7071078 0.7071057
vn 5.647824E-06 -1 -1.942307E-07
vn 0.2891059 -0.6777 0.6761215
vn 0.3557786 -0.8661163 0.3510899
vn 0.3740251 -0.9274186 -7.056062E-07
vn 0.3557769 -0.8661099 -0.3511072
vn 5.792814E-06 -0.927234 -0.3744823
vn -0.3557719 -0.8661118 -0.3511079
vn -0.6769565 -0.676939 -0.288935
vn 0.2890767 -0.6777027 -0.6761314
vn -0.7071185 -0.707095 2.094396E-07
vn -0.289076 -0.6776986 -0.6761358
vn 6.774342E-06 -0.7071123 -0.7071012
vn -0.5773299 -0.5772441 -0.5774768
vn 0.676957 -0.6769384 -0.2889354
vn 0.7071174 -0.707096 1.919863E-07
vn 0.5773321 -0.5772479 -0.5774707
vn 0.6769542 -0.6769413 0.2889351
vn 0.5773599 -0.5772433 0.5774475
vn 0.4070455 -0.006945227 0.9133814
vn 0.1934185 0.3394206 0.9205341
vn -0.07298341 0.08882953 0.9933694
vn -0.2474253 0.301147 0.9209187
vn 0.1531058 -0.2217257 0.9630141
vn 0.218598 -0.3165815 0.9230336
vn 0.4045005 0.02213462 0.9142699
vn 0.2469032 0.2940958 0.9233344
vn 0.4364161 0.7593083 0.4826924
vn 0.1252815 -0.1643331 0.9784167
vn 0.2293203 -0.310922 0.9223555
vn 0.277775 -0.2796121 0.9190528
vn -0.2473985 0.3011367 0.9209293
vn 0.21861 -0.3165875 0.9230288
vn 0.436324 0.7594879 0.482493
vn -0.1117771 0.1506078 0.9822542
vn -0.2059091 0.323325 0.9236137
vn -0.2360105 0.3069876 0.9219856
vn 0.2059114 -0.3233384 0.9236085
vn 0.1537007 -0.1459466 0.9772797
vn -0.1363342 0.1347699 0.9814531
vn 0.1397597 -0.1166294 0.9832929
vn 0.2953683 -0.2466143 0.9230054
vn -0.2911358 0.2703365 0.9176918
vn -0.1639238 0.133165 0.9774436
vn -0.2983159 0.242188 0.9232295
vn 0.7489185 -0.6328624 0.1964848
vn 0.7066318 -0.5957957 0.3817055
vn 0.6660127 -0.6475075 0.3703527
vn 0.6980787 -0.6911381 0.1871209
vn 0.6980792 -0.6911381 -0.1871189
vn 0.748917 -0.6328571 -0.1965075
vn 0.6660149 -0.6475098 -0.3703446
vn 0.7066213 -0.5957796 -0.3817499
vn 0.5592683 -0.8099353 -0.1767026
vn 0.7680264 -0.609408 -0.1968688
vn 0.7680308 -0.609408 0.1968516
vn 0.5254315 -0.7609314 -0.3806639
vn 0.5592692 -0.8099384 0.1766855
vn 0.7938651 -0.3775455 -0.4766945
vn 0.5254391 -0.760946 0.3806244
vn 0.7938816 -0.3775403 0.476671
vn -1 0 0
vn -1 0 0
vn -1 0 0
vn -1 -3.000718E-07 0
vn -1 0 0
vn -1 5.817845E-07 0
vn -1 4.597688E-07 0
vn -1 3.688186E-06 0
vn -1 0 0
vn -1 0 0
vn -1 -2.486077E-07 0
vn -1 -1.934745E-06 0
vn -0.07296985 0.08881303 -0.9933718
vn 0.1934322 0.3393899 -0.9205425
vn 0.4070316 -0.006943463 -0.9133877
vn 0.4044599 0.02216801 -0.914287
vn 0.1530997 -0.221726 -0.963015
vn 0.2469127 0.2940573 -0.9233441
vn 0.4364107 0.759284 -0.4827355
vn -0.2473848 0.3010961 -0.9209462
vn -0.2473699 0.3010823 -0.9209547
vn 0.2186128 -0.3165804 -0.9230305
vn 0.2186005 -0.3165882 -0.9230308
vn 0.4363054 0.7594601 -0.4825536
vn 0.1252562 -0.1643002 -0.9784254
vn -0.1117461 0.1505688 -0.9822636
vn 0.1536512 -0.1459087 -0.9772932
vn -0.2058479 0.3232436 -0.9236558
vn -0.2359495 0.3069118 -0.9220266
vn 0.2292721 -0.3108638 -0.9223871
vn 0.2058766 -0.3232582 -0.9236444
vn 0.2776973 -0.2795432 -0.9190972
vn 0.2953803 -0.2466176 -0.9230007
vn 0.1397718 -0.116633 -0.9832907
vn -0.1363109 0.134734 -0.9814612
vn -0.1639225 0.133171 -0.9774431
vn -0.2910714 0.2702703 -0.9177316
vn -0.2983262 0.2422028 -0.9232222
vn 0.7236222 0.6901962 1.486424E-05
vn 0.7236139 0.690205 1.270829E-05
vn 0.7236139 0.690205 3.50096E-05
vn 0.7236177 0.690201 -1.718104E-05
vn 0.7236375 0.6901802 5.389437E-05
vn 0.7236526 0.6901644 1.86278E-05
vn 0.723619 0.6901997 2.794255E-05
vn 0.7236123 0.6902067 -1.020696E-05
vn 0.7236202 0.6901983 -3.289272E-05
vn 0.7236177 0.690201 2.030214E-05
vn 0.7235851 0.6902351 -3.725212E-05
vn 0.7236253 0.6901931 -1.862517E-05
vn 0.7685677 -0.6211227 0.1533306
vn 0.7685665 -0.6211244 -0.1533291
vn 0.5868192 -0.7867857 -0.1913415
vn 0.8086615 -0.3340053 -0.4842593
vn 0.5868234 -0.7867903 0.1913097
vn 0.5568987 -0.7391825 -0.3787782
vn 0.6980792 -0.6911381 -0.1871189
vn 0.6980787 -0.6911381 0.1871209
vn 0.5569222 -0.7391948 0.3787199
vn 0.8086737 -0.334018 0.4842301
vn 0.6660149 -0.6475098 -0.3703446
vn 0.6660127 -0.6475075 0.3703527
vn -0.5266392 0.8269269 -0.1970863
vn -0.5934971 0.7809116 -0.1947776
vn -0.5559449 0.7400017 -0.3785802
vn -0.4964284 0.7794988 -0.3820216
vn -0.593501 0.7809085 0.194778
vn -0.5266476 0.8269221 0.1970839
vn -0.5559536 0.7399944 0.3785812
vn -0.4964466 0.7794895 0.3820171
vn -0.6683412 0.6454425 -0.3697619
vn -0.7132528 0.6747176 -0.1898064
vn -0.7132472 0.6747234 0.1898068
vn -0.6683307 0.6454523 0.3697638
vn 0.2417044 0.9647194 -0.1043815
vn 0.2825237 0.9427058 -0.1774438
vn 0.2825339 0.9427103 0.1774033
vn 0.4364107 0.759284 -0.4827355
vn 0.2416957 0.9647216 0.1043808
vn 0.4364161 0.7593083 0.4826924
vn 0.4363054 0.7594601 -0.4825536
vn 0.436324 0.7594879 0.482493
vn 0.7685665 -0.6211244 -0.1533291
vn 0.7685677 -0.6211227 0.1533306
vn 0.7680308 -0.609408 0.1968516
vn 0.7680264 -0.609408 -0.1968688
vn 0.8086615 -0.3340053 -0.4842593
vn 0.7938651 -0.3775455 -0.4766945
vn 0.4070316 -0.006943463 -0.9133877
vn 0.4044599 0.02216801 -0.914287
vn 0.8086737 -0.334018 0.4842301
vn 0.7938816 -0.3775403 0.476671
vn 0.4070455 -0.006945227 0.9133814
vn 0.4045005 0.02213462 0.9142699
vn -0.6209294 0.7557561 -0.208037
vn -0.6237219 0.7591572 -0.1861489
vn -0.5882975 0.7160389 -0.3757583
vn -0.6209344 0.7557631 0.2079966
vn -0.5883025 0.7160434 -0.3757422
vn -0.6237252 0.7591634 0.186112
vn -0.5883166 0.7160649 0.375679
vn -0.588319 0.7160635 0.3756777
vn -0.7132528 0.6747176 -0.1898064
vn -0.7635278 0.6168753 -0.1910239
vn -0.7195388 0.5815085 -0.3796206
vn -0.6683412 0.6454425 -0.3697619
vn -0.7635388 0.6168703 0.1909957
vn -0.7132472 0.6747234 0.1898068
vn -0.7195677 0.581506 0.3795697
vn -0.6683307 0.6454523 0.3697638
vn -0.8771569 -0.480204 0
vn -0.7384856 -0.6742693 0
vn -0.7384859 -0.6742688 0
vn -0.877157 -0.4802037 0
vn -1 3.457001E-06 0
vn -1 3.496285E-06 0
vn -0.8660283 0.499995 0
vn -0.8660277 0.4999962 0
vn 0.5000011 0.8660247 0
vn 3.0445E-06 1 0
vn 3.142709E-06 1 0
vn 0.5000001 0.8660254 0
vn 0.8660281 0.4999954 0
vn 0.8660275 0.4999965 0
vn -0.499997 0.8660271 0
vn -0.4999984 0.8660263 0
vn -0.8660277 0.4999962 0
vn -0.8660283 0.499995 0
vn 0 -1 0
vn 0 -1 0
vn 0 -1 0
vn 0 -1 0
vn 0 -1 0
vn 0 -1 0
vn 0.8771569 -0.480204 0
vn 1 3.476644E-06 0
vn 1 3.447181E-06 0
vn 0.8771569 -0.4802039 0
vn 0.7384859 -0.674269 0
vn 0.7384861 -0.6742687 0
vn 0.8660275 0.4999965 0
vn 0.8660281 0.4999954 0
vn 0.7958628 0.605477 0
vn 0.7958633 0.6054762 0
vn 0.8977858 0.4404324 0
vn 0.8977855 0.4404328 0
vn 1 -3.044515E-06 0
vn 1 -3.073978E-06 0
vn 0.8660246 -0.5000015 0
vn 0.8660249 -0.5000008 0
vn 0.4999985 -0.8660262 0
vn 0.499999 -0.866026 0
vn -2.779348E-06 -1 0
vn -2.877558E-06 -1 0
vn -0.5000006 -0.8660251 0
vn -0.5000011 -0.8660247 0
vn 0.499999 -0.866026 0
vn 0.4999985 -0.8660262 0
vn 0 1 0
vn 0 1 0
vn 0 1 0
vn 0 1 0
vn 0 1 0
vn 0 1 0
vn -1 -3.211472E-06 0
vn -1 -2.887379E-06 0
vn -0.8977857 0.4404325 0
vn -0.8977855 0.4404329 0
vn -0.7958632 0.6054764 0
vn -0.7958624 0.6054777 0
vn -0.8660249 -0.5000008 0
vn -0.8660246 -0.5000016 0
vn -0.5000011 -0.8660247 0
vn -0.5000006 -0.8660251 0
vn -1.353178E-05 0 1
vn 0 0 1
vn 0 0 1
vn -1.121952E-05 0 1
vn -1.651102E-06 0 1
vn 5.455798E-06 0 1
vn 2.419348E-05 0 1
vn 2.68603E-05 0 1
vn -4.680473E-07 0 1
vn 0 0 1
vn 0 0 1
vn 0 0 1
vn 4.680473E-07 0 1
vn 0 0 1
vn 0 0 1
vn -2.749104E-05 0 1
vn -3.194232E-05 0 1
vn -1.715982E-06 0 1
vn 4.510078E-06 0 1
vn -5.455754E-06 0 1
vn 0 0 1
vn -2.419325E-05 0 1
vn -2.686006E-05 0 1
vn 0 0 1
vn 0 0 -1
vn 2.839336E-05 0 -1
vn 3.037015E-05 0 -1
vn 0 0 -1
vn 0 0 -1
vn 0 0 -1
vn 0 0 -1
vn -1.000205E-05 0 -1
vn -1.697801E-05 0 -1
vn 8.11204E-06 0 -1
vn 7.984908E-06 0 -1
vn 0 0 -1
vn 0 0 -1
vn -5.910535E-06 0 -1
vn -7.984631E-06 0 -1
vn 0 0 -1
vn 0 0 -1
vn 0 0 -1
vn -3.037039E-05 0 -1
vn -2.839359E-05 0 -1
vn -5.455798E-06 0 -1
vn 2.201469E-06 0 -1
vn 1.495936E-05 0 -1
vn 1.804238E-05 0 -1
vn 1 0 0
vn 1 0 0
vn 0.9603349 -0.02800076 0.2774397
vn 1 0 0
vn 1 0 0
vn 0.9995432 -0.02595549 0.01548281
vn 0.9966393 -0.0486718 0.06588839
vn 0.9988097 -0.04877776 0
vn 0.9988097 -0.04877776 0
vn 0 -1 0
vn 0 -1 0
vn 0 -1 0
vn 0 -1 0
vn 0 0 1
vn 0 0 1
vn 0 0 1
vn 0 0 1
vn 0 0 1
vn -1.10869E-07 0 1
vn -1.433133E-07 0 1
vn 0 0 1
vn 0 0 -1
vn 0 0 -1
vn 0 0 -1
vn 0 0 -1
vn 0 -1 0
vn 0 -1 0
vn 0 -1 0
vn 0 -1 0
vn 0 1 0
vn 0 1 0
vn 0 1 0
vn 0 1 0
vn 0 1 0
vn 0 1 0
vn 0 1 0
vn 0 1 0
vn 2.49416E-06 -0.2488199 -0.9685497
vn 4.213623E-06 -0.2488521 -0.9685414
vn 4.240221E-06 -0.2488577 -0.9685401
vn 0 -0.2488526 -0.9685413
vn -2.40383E-06 -0.2488122 -0.9685517
vn -4.39933E-06 -0.2488519 -0.9685416
vn -4.180906E-06 -0.248858 -0.96854
vn 0 -0.2488537 -0.9685411
vn -0.9464269 -0.03242593 0.3212858
vn -0.9952233 -0.05816682 0.07840443
vn -0.9993462 -0.03104971 0.0185245
vn -1 0 0
vn -0.9982964 -0.05834644 0
vn -0.9982964 -0.05834658 0
vn -1 0 0
vn -1 0 0
vn -1 0 0
vn 0.9269376 -0.3752155 0
vn 0.9269375 -0.3752158 0
vn 0.9269376 -0.3752155 0
vn 0.9269378 -0.3752152 0
vn 0 -1 0
vn 0 -1 0
vn 0 -1 0
vn 0 -1 0
vn 0 -1 0
vn 0 -1 0
vn 0 -1 0
vn 0 -1 0
vn -0.9440277 -0.3298664 0
vn -0.9440275 -0.3298668 0
vn -0.9440277 -0.3298664 0
vn -0.9440278 -0.3298659 0
vn 0 -0.7071078 -0.7071056
vn 0 -0.707108 -0.7071056
vn 0 -0.7071079 -0.7071056
vn 0 -0.7071079 -0.7071056
vn -4.191721E-07 0 -1
vn 0 0 -1
vn 0 0 -1
vn 2.709579E-07 0 -1
vn -2.810507E-07 0 -1
vn 5.366696E-07 0 -1
vn 0 0 -1
vn -5.36688E-07 0 -1
vn 0 0 1
vn 0 0 1
vn 0 0 1
vn 0 0 1
vn 0 0 1
vn 0 0 1
vn 0 0 1
vn 0 0 1
vn 0.3826938 -0.9238753 0
vn 0.3826938 -0.9238753 0
vn 0.3826942 -0.9238752 0
vn 0.3826942 -0.9238752 0
vn -0.382704 0.9238711 0
vn -0.382704 0.9238711 0
vn -0.382704 0.9238711 0
vn -0.382704 0.923871 0
vn 0.3826942 0.9238752 0
vn 0.3826942 0.9238752 0
vn 0.3826939 0.9238753 0
vn 0.3826938 0.9238753 0
vn -0.382704 -0.9238711 0
vn -0.382704 -0.9238711 0
vn -0.382704 -0.9238711 0
vn -0.382704 -0.923871 0
vn -0.9238819 -0.3826779 0
vn -0.9238819 -0.3826778 0
vn -0.9238815 -0.3826787 0
vn -0.9238815 -0.3826787 0
vn 0.9238814 0.382679 0
vn 0.9238814 0.382679 0
vn 0.9238811 0.3826797 0
vn 0.9238811 0.3826799 0
vn -0.9238811 0.3826798 0
vn -0.9238809 0.3826799 0
vn -0.9238814 0.382679 0
vn -0.9238814 0.3826789 0
vn 0.9238815 -0.3826786 0
vn 0.9238815 -0.3826787 0
vn 0.9238819 -0.3826779 0
vn 0.9238819 -0.3826778 0
vn 0 0 1
vn 0 0 1
vn 0 0 1
vn 0 0 1
vn 0 1 0
vn 0 1 0
vn 0 1 0
vn 0 1 0
vn 0 0 -1
vn 0 0 -1
vn 0 0 -1
vn 0 0 -1
vn -1 0 0
vn -1 0 0
vn -1 0 0
vn -1 0 0
vn 1 0 0
vn 1 0 0
vn 1 0 0
vn 1 0 0
vn 0 -1 0
vn 0 -1 0
vn 0 -1 0
vn 0 -1 0
vn 0 -0.999999 -0.001424736
vn 0 -0.9833304 0.1818274
vn 0.001392395 -0.9835686 0.1805297
vn 0 -0.999999 -0.0014247
vn 0 -0.999999 -0.001424764
vn -0.001392611 -0.9835618 0.1805661
vn 0 -0.9344594 0.3560695
vn -0.006457689 -0.934455 0.3560226
vn -0.006859612 -0.9336919 0.3580118
vn -0.003060294 -0.9346985 0.3554285
vn 0.003060347 -0.9346979 0.3554299
vn 0.006859585 -0.9336932 0.3580082
vn 0.0064578 -0.9344561 0.3560197
vn -0.002911335 0.9848889 -0.1731626
vn 0 0.9844058 -0.1759126
vn 0 1 0
vn 0 1 0
vn 0 1 0
vn 0.002911791 0.9848828 -0.1731979
vn 0 0.9403056 -0.3403313
vn -0.01345465 0.9402646 -0.3401786
vn -0.01430796 0.9387203 -0.3443825
vn -0.00638081 0.9407697 -0.3389863
vn 0.006380815 0.9407701 -0.3389852
vn 0.01430886 0.9387206 -0.3443819
vn 0.01345492 0.9402646 -0.3401787
vn -1 0 0
vn -1 0 0
vn -1 0 0
vn -1 0 0
vn -1 0 0
vn -1 0 0
vn 0 0 -1
vn 0 0 -1
vn 0 0 -1
vn 0 0 -1
vn 0 0 -1
vn 0 0 -1
vn 0.9999999 0 -0.0006397275
vn 0.9999999 0 -0.0006397275
vn 1 0 -0.0002884347
vn 1 0 -0.0003613411
vn 1 0 0
vn 1 0 0
vn 0.4147367 0 0.9099414
vn 0.4948952 0 0.8689527
vn 0.494895 0 0.8689528
vn 0.3961085 0 0.9182037
vn 0.1641748 0 0.9864313
vn 0.151674 0 0.9884306
vn -0.1641755 -2.015247E-06 0.9864312
vn -0.151674 0 0.9884306
vn -0.396119 -3.958899E-05 0.9181992
vn -0.4147335 -3.905428E-05 0.9099429
vn -0.4948775 -8.463259E-06 0.8689628
vn -0.4948743 0 0.8689646
vn 0 -1 0
vn 0 -1 0
vn 0 -1 0
vn 0 -1 0
vn -0.9644331 -0.264327 0
vn -0.9644332 -0.2643267 0
vn -0.9644331 -0.264327 0
vn -0.9644331 -0.2643273 0
vn 0 1 0
vn 0 1 0
vn 0 1 0
vn 0 1 0
vn 0 0 -1
vn 0 0 -1
vn 0 0 -1
vn 0 0 -1
vn 0.9644331 -0.264327 0
vn 0.9644331 -0.264327 0
vn 0.9644331 -0.264327 0
vn 0.9644331 -0.264327 0
vn 0 0 1
vn 0 0 1
vn 0 0 1
vn 0 0 1
vn -0.9637438 0.1884422 0.1889114
vn 0.9637427 0.188442 0.1889167

vt 0.608521 0.52347
vt 0.625508 0.52347
vt 0.625508 0.5099
vt 0.608521 0.5099
vt 0.604822 0.510364
vt 0.625508 0.502821
vt 0.629207 0.503413
vt 0.629206 0.493076
vt 0.629207 0.511441
vt 0.629207 0.524509
vt 0.604822 0.524544
vt 0.608521 0.502821
vt 0.604822 0.503077
vt 0.608521 0.492474
vt 0.625508 0.492474
vt 0.60852 0.48501
vt 0.625507 0.48501
vt 0.608521 0.462747
vt 0.604822 0.462105
vt 0.629206 0.484925
vt 0.625508 0.462747
vt 0.604822 0.49273
vt 0.604822 0.485059
vt 0.608521 0.452568
vt 0.625508 0.452568
vt 0.604822 0.451076
vt 0.629207 0.462165
vt 0.629207 0.451076
vt 0.752412 0.919277
vt 0.730351 0.919277
vt 0.730366 0.931875
vt 0.752315 0.916008
vt 0.727664 0.92217
vt 0.752427 0.931875
vt 0.755113 0.92217
vt 0.752417 0.899997
vt 0.752319 0.899997
vt 0.752338 0.892168
vt 0.752436 0.892168
vt 0.73045 0.916008
vt 0.730355 0.899997
vt 0.730453 0.899997
vt 0.730472 0.892168
vt 0.730374 0.892168
vt 0.755121 0.929192
vt 0.727672 0.929192
vt 0.128242 0.847691
vt 0.128242 0.829934
vt 0.111255 0.829933
vt 0.111255 0.84769
vt 0.111277 0.818758
vt 0.128264 0.818758
vt 0.131959 0.817593
vt 0.111256 0.854058
vt 0.128243 0.854059
vt 0.128264 0.871244
vt 0.111277 0.871244
vt 0.131937 0.854375
vt 0.131936 0.847724
vt 0.131936 0.829517
vt 0.107552 0.854374
vt 0.107552 0.847899
vt 0.107551 0.829516
vt 0.107575 0.817592
vt 0.131959 0.872307
vt 0.107575 0.872307
vt 0.754296 0.554037
vt 0.732237 0.55374
vt 0.73214 0.560968
vt 0.754199 0.561264
vt 0.604822 0.41045
vt 0.604822 0.441258
vt 0.60492 0.441258
vt 0.60492 0.41045
vt 0.60492 0.372555
vt 0.604822 0.372555
vt 0.604926 0.158069
vt 0.604828 0.158069
vt 0.604927 0.144985
vt 0.604829 0.125178
vt 0.626792 0.144986
vt 0.62689 0.125178
vt 0.62689 0.158069
vt 0.626792 0.158069
vt 0.626884 0.372556
vt 0.626786 0.372556
vt 0.626883 0.410451
vt 0.626785 0.410451
vt 0.626883 0.441258
vt 0.626785 0.441258
vt 0.483393 0.842124
vt 0.462923 0.84191
vt 0.462418 0.889795
vt 0.482888 0.890009
vt 0.484184 0.836812
vt 0.462127 0.836581
vt 0.484189 0.846979
vt 0.483395 0.846971
vt 0.462132 0.846749
vt 0.462925 0.846757
vt 0.866976 0.742707
vt 0.866183 0.742707
vt 0.866183 0.752093
vt 0.866977 0.752093
vt 0.73477 0.125178
vt 0.73477 0.422908
vt 0.756635 0.422908
vt 0.756635 0.125178
vt 0.649269 0.241579
vt 0.697605 0.266004
vt 0.690248 0.25682
vt 0.6923 0.245309
vt 0.697171 0.242187
vt 0.639399 0.349046
vt 0.719105 0.349046
vt 0.707287 0.268914
vt 0.094034 0.871574
vt 0.094012 0.841165
vt 0.077025 0.84117
vt 0.097706 0.840942
vt 0.077047 0.87158
vt 0.073322 0.840949
vt 0.077047 0.818843
vt 0.073345 0.817668
vt 0.094034 0.818837
vt 0.097729 0.817592
vt 0.097729 0.872466
vt 0.073345 0.872474
vt 0.991947 0.073871
vt 0.99274 0.07387
vt 0.99274 0.064105
vt 0.991947 0.064106
vt 0.818618 0.373301
vt 0.798144 0.373299
vt 0.798144 0.452937
vt 0.818618 0.452939
vt 0.600722 0.921919
vt 0.60073 0.94828
vt 0.617717 0.948281
vt 0.617709 0.921921
vt 0.600729 0.913937
vt 0.617716 0.913938
vt 0.621403 0.921824
vt 0.597018 0.922671
vt 0.597026 0.949573
vt 0.621411 0.949977
vt 0.621411 0.912528
vt 0.597027 0.912506
vt 0.251237 0.861443
vt 0.251266 0.873607
vt 0.268253 0.873603
vt 0.268223 0.861439
vt 0.27195 0.875066
vt 0.271916 0.861673
vt 0.268208 0.850166
vt 0.251221 0.850171
vt 0.268204 0.837348
vt 0.251217 0.837352
vt 0.271895 0.837543
vt 0.2719 0.850469
vt 0.247533 0.861671
vt 0.247565 0.875072
vt 0.247518 0.850384
vt 0.247513 0.836775
vt 0.008635 0.835291
vt 0.02562 0.835262
vt 0.02562 0.819278
vt 0.008635 0.819306
vt 0.02562 0.873547
vt 0.008635 0.873576
vt 0.029292 0.840204
vt 0.029292 0.817592
vt 0.029292 0.874909
vt 0.004911 0.840245
vt 0.004911 0.874951
vt 0.004911 0.817634
vt 0.924484 0.936344
vt 0.924486 0.945643
vt 0.941473 0.945643
vt 0.924503 0.954369
vt 0.920783 0.946153
vt 0.9208 0.955213
vt 0.941471 0.936344
vt 0.924497 0.926977
vt 0.920781 0.936053
vt 0.945168 0.946153
vt 0.945185 0.955213
vt 0.94149 0.954369
vt 0.941484 0.926977
vt 0.924503 0.954415
vt 0.94149 0.954415
vt 0.920801 0.955696
vt 0.945186 0.955696
vt 0.920795 0.925716
vt 0.945166 0.936053
vt 0.94518 0.925716
vt 0.221591 0.016625
vt 0.25634 0.009625
vt 0.249149 0.007222
vt 0.228198 0.010195
vt 0.261158 0.043584
vt 0.211534 0.045586
vt 0.266036 0.077961
vt 0.210209 0.083335
vt 0.231965 0.297753
vt 0.292911 0.292571
vt 0.238631 0.335321
vt 0.241546 0.349106
vt 0.308633 0.415989
vt 0.233251 0.360169
vt 0.213381 0.438689
vt 0.231543 0.436805
vt 0.254887 0.440872
vt 0.242667 0.440681
vt 0.253377 0.444531
vt 0.224473 0.459579
vt 0.228179 0.460552
vt 0.22499 0.47947
vt 0.219282 0.48028
vt 0.224448 0.363125
vt 0.228558 0.3274
vt 0.226261 0.32794
vt 0.235428 0.448595
vt 0.243526 0.444378
vt 0.228658 0.478932
vt 0.228826 0.485406
vt 0.225166 0.486201
vt 0.236226 0.503303
vt 0.23331 0.505898
vt 0.234909 0.506814
vt 0.236729 0.503591
vt 0.246154 0.508986
vt 0.245175 0.51269
vt 0.256283 0.509066
vt 0.257242 0.512785
vt 0.266292 0.503535
vt 0.269519 0.506001
vt 0.271116 0.499469
vt 0.267504 0.498578
vt 0.268845 0.493089
vt 0.272544 0.493625
vt 0.273107 0.480295
vt 0.269388 0.480243
vt 0.272957 0.473293
vt 0.26924 0.473358
vt 0.269131 0.46829
vt 0.272833 0.467504
vt 0.262641 0.453247
vt 0.265753 0.451094
vt 0.315402 0.505976
vt 0.313227 0.52008
vt 0.31916 0.490177
vt 0.315812 0.466583
vt 0.311046 0.534223
vt 0.289273 0.554273
vt 0.268795 0.553306
vt 0.287333 0.557869
vt 0.299145 0.567518
vt 0.269729 0.557037
vt 0.295572 0.568924
vt 0.304307 0.591457
vt 0.300475 0.591662
vt 0.301577 0.601452
vt 0.298246 0.599823
vt 0.254378 0.562059
vt 0.256663 0.564971
vt 0.243167 0.573313
vt 0.245768 0.575907
vt 0.238489 0.583214
vt 0.235803 0.580708
vt 0.220529 0.602468
vt 0.216778 0.601104
vt 0.217314 0.616621
vt 0.221033 0.616075
vt 0.221167 0.627903
vt 0.211557 0.629266
vt 0.224957 0.627343
vt 0.234188 0.6407
vt 0.232272 0.64426
vt 0.266759 0.647224
vt 0.265961 0.643432
vt 0.288594 0.631294
vt 0.291782 0.633805
vt 0.295983 0.621932
vt 0.293224 0.618208
vt 0.298754 0.611788
vt 0.29542 0.61017
vt 0.207603 0.617999
vt 0.318966 0.607522
vt 0.315946 0.617791
vt 0.316658 0.590745
vt 0.313316 0.566434
vt 0.310659 0.543005
vt 0.303247 0.631768
vt 0.305163 0.634381
vt 0.318846 0.619321
vt 0.321865 0.609053
vt 0.19389 0.604051
vt 0.182646 0.586319
vt 0.17334 0.562783
vt 0.22691 0.529349
vt 0.176764 0.539372
vt 0.171322 0.546938
vt 0.168299 0.544764
vt 0.173742 0.537198
vt 0.22563 0.526826
vt 0.170677 0.563433
vt 0.17334 0.562783
vt 0.22691 0.529349
vt 0.235284 0.518206
vt 0.238782 0.518748
vt 0.180202 0.587519
vt 0.182646 0.586319
vt 0.19389 0.604051
vt 0.191798 0.605809
vt 0.204612 0.618433
vt 0.207603 0.617999
vt 0.208701 0.629645
vt 0.211557 0.629266
vt 0.200938 0.684268
vt 0.19815 0.68556
vt 0.204898 0.723673
vt 0.201905 0.722928
vt 0.198339 0.731081
vt 0.195481 0.730183
vt 0.207613 0.804845
vt 0.205233 0.807744
vt 0.102648 0.734737
vt 0.129523 0.520116
vt 0.068577 0.514939
vt 0.046821 0.729368
vt 0.048145 0.767118
vt 0.09777 0.769116
vt 0.058203 0.79608
vt 0.092951 0.803077
vt 0.08576 0.805481
vt 0.06481 0.80251
vt 0.075242 0.477368
vt 0.078158 0.463583
vt 0.147834 0.378442
vt 0.069862 0.45252
vt 0.091499 0.371812
vt 0.079279 0.372003
vt 0.089989 0.368141
vt 0.102364 0.361588
vt 0.099253 0.359425
vt 0.109444 0.345177
vt 0.105743 0.344379
vt 0.109569 0.339387
vt 0.105852 0.339311
vt 0.106 0.332427
vt 0.109719 0.332385
vt 0.105457 0.31958
vt 0.109156 0.319054
vt 0.107727 0.31321
vt 0.104116 0.314091
vt 0.102904 0.309134
vt 0.106131 0.306678
vt 0.093853 0.299895
vt 0.092894 0.303603
vt 0.081786 0.299991
vt 0.082766 0.303684
vt 0.07152 0.305869
vt 0.075219 0.295267
vt 0.069921 0.306785
vt 0.072838 0.309368
vt 0.064021 0.3137
vt 0.061777 0.326483
vt 0.065438 0.327267
vt 0.061586 0.333817
vt 0.055919 0.33248
vt 0.061084 0.353106
vt 0.064791 0.352122
vt 0.051303 0.365011
vt 0.069432 0.366877
vt 0.07204 0.364079
vt 0.080138 0.368296
vt 0.07334 0.309081
vt 0.065265 0.333917
vt 0.061019 0.449551
vt 0.285487 0.819186
vt 0.285479 0.831595
vt 0.302466 0.831591
vt 0.281776 0.831225
vt 0.302474 0.819183
vt 0.30616 0.831219
vt 0.302462 0.84603
vt 0.285475 0.846034
vt 0.281772 0.845916
vt 0.302466 0.860693
vt 0.285479 0.860696
vt 0.281776 0.860835
vt 0.30616 0.860829
vt 0.302474 0.873571
vt 0.285487 0.873574
vt 0.281785 0.875009
vt 0.30617 0.875003
vt 0.30617 0.817562
vt 0.306156 0.845911
vt 0.281785 0.817567
vt 0.200938 0.684268
vt 0.204898 0.723673
vt 0.226445 0.701977
vt 0.222855 0.673786
vt 0.230095 0.698822
vt 0.289849 0.694382
vt 0.285909 0.692136
vt 0.287806 0.672289
vt 0.284122 0.67281
vt 0.280762 0.656067
vt 0.283742 0.652035
vt 0.226676 0.658336
vt 0.229188 0.661761
vt 0.226672 0.671937
vt 0.265714 0.709535
vt 0.308541 0.689844
vt 0.291662 0.705853
vt 0.309681 0.702354
vt 0.288501 0.710018
vt 0.253949 0.714921
vt 0.227275 0.714989
vt 0.300154 0.765697
vt 0.296063 0.763314
vt 0.283851 0.772131
vt 0.282708 0.768585
vt 0.268208 0.77213
vt 0.268749 0.775823
vt 0.253216 0.776478
vt 0.253294 0.772759
vt 0.239 0.771411
vt 0.235767 0.774833
vt 0.231437 0.718115
vt 0.198339 0.731081
vt 0.207613 0.804845
vt 0.319519 0.794345
vt 0.853669 0.731258
vt 0.831608 0.731258
vt 0.831607 0.745697
vt 0.853668 0.745697
vt 0.831606 0.768904
vt 0.853667 0.768904
vt 0.831606 0.801237
vt 0.853667 0.801237
vt 0.832399 0.808018
vt 0.831606 0.888448
vt 0.832399 0.888448
vt 0.852873 0.808018
vt 0.853667 0.888449
vt 0.852873 0.888449
vt 0.356461 0.258912
vt 0.3344 0.258908
vt 0.334397 0.26733
vt 0.356458 0.267335
vt 0.334387 0.281318
vt 0.356448 0.281323
vt 0.334376 0.295306
vt 0.356438 0.295311
vt 0.33436 0.311479
vt 0.356422 0.311484
vt 0.334366 0.335594
vt 0.356427 0.335598
vt 0.334397 0.235739
vt 0.356458 0.235744
vt 0.356454 0.211206
vt 0.334392 0.211201
vt 0.35645 0.192703
vt 0.334372 0.367929
vt 0.356433 0.367934
vt 0.334396 0.50957
vt 0.356457 0.509575
vt 0.33443 0.724343
vt 0.356491 0.724348
vt 0.334389 0.192698
vt 0.334437 0.758595
vt 0.356498 0.7586
vt 0.334444 0.792847
vt 0.356506 0.792852
vt 0.356462 0.182449
vt 0.334401 0.182444
vt 0.356509 0.167453
vt 0.334447 0.167448
vt 0.752796 0.665742
vt 0.730737 0.665446
vt 0.730565 0.678123
vt 0.752625 0.678419
vt 0.730318 0.69646
vt 0.752378 0.696756
vt 0.729994 0.720584
vt 0.752053 0.720881
vt 0.729743 0.739263
vt 0.751802 0.739559
vt 0.755339 0.676917
vt 0.752947 0.654514
vt 0.730888 0.654218
vt 0.753697 0.598646
vt 0.731638 0.59835
vt 0.754199 0.561264
vt 0.73214 0.560968
vt 0.717322 0.978953
vt 0.717322 0.969188
vt 0.716529 0.969189
vt 0.716529 0.978954
vt 0.334444 0.099795
vt 0.356505 0.0998
vt 0.356496 0.004914
vt 0.334435 0.004909
vt 0.334445 0.11274
vt 0.356506 0.112745
vt 0.359205 0.111999
vt 0.334447 0.167448
vt 0.356509 0.167453
vt 0.359208 0.170102
vt 0.359195 0.007442
vt 0.359204 0.099483
vt 0.576809 0.801411
vt 0.554751 0.801431
vt 0.554751 0.917963
vt 0.576809 0.917943
vt 0.755339 0.476439
vt 0.73328 0.476143
vt 0.732237 0.55374
vt 0.754296 0.554037
vt 0.82908 0.01842
vt 0.851141 0.018405
vt 0.851156 0.008227
vt 0.829095 0.008242
vt 0.826379 0.019507
vt 0.829095 0.070843
vt 0.851156 0.070828
vt 0.826401 0.004909
vt 0.128274 0.106816
vt 0.102326 0.103136
vt 0.144197 0.122385
vt 0.125113 0.10264
vt 0.145314 0.110123
vt 0.136766 0.046969
vt 0.132675 0.04934
vt 0.090561 0.09774
vt 0.063887 0.097685
vt 0.063713 0.10933
vt 0.068049 0.094547
vt 0.072378 0.037838
vt 0.120462 0.040536
vt 0.11932 0.044071
vt 0.10482 0.040527
vt 0.10536 0.036845
vt 0.089828 0.036192
vt 0.089905 0.0399
vt 0.075612 0.041248
vt 0.155141 0.018224
vt 0.041348 0.08882
vt 0.03495 0.081595
vt 0.044225 0.007827
vt 0.037714 0.124975
vt 0.059579 0.141791
vt 0.066899 0.113441
vt 0.126227 0.116813
vt 0.122452 0.120091
vt 0.12045 0.141742
vt 0.12345 0.146841
vt 0.117468 0.156605
vt 0.120675 0.160673
vt 0.08279 0.156493
vt 0.085058 0.153029
vt 0.065618 0.150884
vt 0.062665 0.154272
vt 0.063317 0.141577
vt 0.048396 0.183436
vt 0.034761 0.127099
vt 0.045313 0.183015
vt 0.044094 0.194559
vt 0.068883 0.168417
vt 0.056079 0.184569
vt 0.061063 0.185313
vt 0.070799 0.171965
vt 0.056962 0.196498
vt 0.103371 0.165449
vt 0.102573 0.169231
vt 0.125139 0.181332
vt 0.128168 0.178746
vt 0.133716 0.194425
vt 0.130165 0.195533
vt 0.051602 0.195678
vt 0.050913 0.208922
vt 0.056415 0.209423
vt 0.072534 0.232095
vt 0.075136 0.22949
vt 0.08238 0.236761
vt 0.079778 0.239366
vt 0.093275 0.247696
vt 0.09099 0.250619
vt 0.106341 0.255629
vt 0.105406 0.259372
vt 0.123945 0.254796
vt 0.125885 0.258403
vt 0.135604 0.24536
vt 0.132139 0.2438
vt 0.137084 0.220866
vt 0.140909 0.220759
vt 0.138674 0.212579
vt 0.134987 0.213186
vt 0.135845 0.20222
vt 0.132157 0.202827
vt 0.147658 0.278451
vt 0.149838 0.292594
vt 0.152014 0.3067
vt 0.153299 0.221716
vt 0.15567 0.204471
vt 0.155771 0.322499
vt 0.152424 0.346094
vt 0.071896 0.294457
vt 0.063145 0.30886
vt 0.053151 0.332027
vt 0.055919 0.33248
vt 0.048566 0.364342
vt 0.051303 0.365011
vt 0.061373 0.282904
vt 0.009951 0.249903
vt 0.013376 0.273314
vt 0.007933 0.265749
vt 0.010353 0.275469
vt 0.062242 0.285837
vt 0.061373 0.282904
vt 0.004911 0.267904
vt 0.007289 0.249234
vt 0.009951 0.249903
vt 0.016813 0.225145
vt 0.019258 0.226365
vt 0.02841 0.206854
vt 0.032597 0.205326
vt 0.019258 0.226365
vt 0.032597 0.205326
vt 0.044094 0.194559
vt 0.041224 0.194228
vt 0.251268 0.818653
vt 0.251217 0.837352
vt 0.268204 0.837348
vt 0.247565 0.817604
vt 0.268255 0.818648
vt 0.247513 0.836775
vt 0.27195 0.817562
vt 0.271895 0.837543
vt 0.042859 0.903454
vt 0.042841 0.916246
vt 0.059825 0.916113
vt 0.059978 0.932476
vt 0.063495 0.91575
vt 0.039133 0.902578
vt 0.059843 0.903321
vt 0.059929 0.892144
vt 0.063514 0.902386
vt 0.0636 0.891074
vt 0.042994 0.932609
vt 0.039114 0.915942
vt 0.042945 0.892278
vt 0.03922 0.891265
vt 0.043002 0.884756
vt 0.059987 0.884622
vt 0.063658 0.883515
vt 0.039277 0.883743
vt 0.039278 0.933492
vt 0.063658 0.9333
vt 0.128237 0.927109
vt 0.128237 0.921773
vt 0.11125 0.921773
vt 0.11125 0.909128
vt 0.11125 0.927109
vt 0.107551 0.927478
vt 0.128237 0.909128
vt 0.11125 0.902292
vt 0.128237 0.902291
vt 0.11125 0.93141
vt 0.128237 0.93141
vt 0.107552 0.932431
vt 0.11125 0.897522
vt 0.128237 0.897522
vt 0.11125 0.883018
vt 0.107551 0.902265
vt 0.107551 0.90915
vt 0.107551 0.921995
vt 0.107551 0.897196
vt 0.128237 0.883018
vt 0.131936 0.902265
vt 0.131936 0.90915
vt 0.131936 0.897196
vt 0.131936 0.882125
vt 0.107552 0.882125
vt 0.131936 0.932431
vt 0.131936 0.927478
vt 0.131936 0.921995
vt 0.352373 0.940363
vt 0.335386 0.940364
vt 0.335386 0.958551
vt 0.352373 0.958551
vt 0.356072 0.940148
vt 0.352373 0.925061
vt 0.335386 0.925061
vt 0.356072 0.92339
vt 0.331687 0.938255
vt 0.331687 0.92338
vt 0.331687 0.959914
vt 0.356072 0.959482
vt 0.440668 0.929205
vt 0.423684 0.898986
vt 0.423684 0.929225
vt 0.41996 0.898101
vt 0.440668 0.879748
vt 0.423684 0.879768
vt 0.41996 0.878599
vt 0.41996 0.930615
vt 0.444341 0.878752
vt 0.444341 0.930492
vt 0.356454 0.211206
vt 0.359156 0.211063
vt 0.359153 0.194274
vt 0.35645 0.192703
vt 0.356458 0.235744
vt 0.359161 0.235391
vt 0.356461 0.258912
vt 0.359163 0.258832
vt 0.35916 0.267613
vt 0.356458 0.267335
vt 0.35915 0.281746
vt 0.356448 0.281323
vt 0.356438 0.295311
vt 0.35914 0.295841
vt 0.440778 0.958875
vt 0.44077 0.950021
vt 0.423785 0.950021
vt 0.423793 0.958875
vt 0.440718 0.96639
vt 0.444502 0.959177
vt 0.444493 0.949344
vt 0.423734 0.96639
vt 0.420121 0.959177
vt 0.420112 0.949344
vt 0.423644 0.941747
vt 0.440629 0.941747
vt 0.444341 0.940433
vt 0.41996 0.940433
vt 0.444437 0.967432
vt 0.420055 0.967432
vt 0.730888 0.654218
vt 0.731638 0.59835
vt 0.728927 0.599619
vt 0.891287 0.006635
vt 0.891288 0.057251
vt 0.908275 0.057251
vt 0.887589 0.058239
vt 0.908274 0.006635
vt 0.911973 0.058238
vt 0.911973 0.004909
vt 0.887589 0.004909
vt 0.04281 0.872136
vt 0.059797 0.872133
vt 0.059797 0.819188
vt 0.0635 0.873598
vt 0.04281 0.819191
vt 0.039114 0.873698
vt 0.039114 0.817592
vt 0.0635 0.817755
vt 0.390895 0.878211
vt 0.36903 0.878215
vt 0.36903 0.935905
vt 0.390895 0.9359
vt 0.470228 0.010994
vt 0.49462 0.004909
vt 0.478554 0.004911
vt 0.455286 0.040035
vt 0.448645 0.077372
vt 0.49462 0.30543
vt 0.440064 0.292689
vt 0.436735 0.305437
vt 0.380939 0.232986
vt 0.426913 0.004912
vt 0.372358 0.017658
vt 0.36903 0.004909
vt 0.426913 0.30545
vt 0.38758 0.270324
vt 0.402522 0.299366
vt 0.410848 0.305449
vt 0.668264 0.374103
vt 0.709244 0.358863
vt 0.666213 0.362593
vt 0.661342 0.359471
vt 0.660906 0.383287
vt 0.719105 0.466325
vt 0.639399 0.466325
vt 0.651224 0.386197
vt 0.866183 0.761911
vt 0.866183 0.773359
vt 0.866976 0.773359
vt 0.866977 0.761911
vt 0.462127 0.836581
vt 0.484184 0.836812
vt 0.484189 0.836481
vt 0.462132 0.83625
vt 0.866183 0.773359
vt 0.866183 0.782746
vt 0.866977 0.782746
vt 0.866976 0.773359
vt 0.709491 0.004909
vt 0.709491 0.112058
vt 0.729965 0.112058
vt 0.729965 0.004909
vt 0.866977 0.731258
vt 0.866183 0.731258
vt 0.866183 0.742707
vt 0.866976 0.742707
vt 0.600731 0.850655
vt 0.600731 0.901275
vt 0.617718 0.901282
vt 0.597027 0.902678
vt 0.617718 0.850663
vt 0.597027 0.849344
vt 0.621411 0.902689
vt 0.621411 0.849355
vt 0.102648 0.734737
vt 0.09777 0.769116
vt 0.100441 0.769231
vt 0.105298 0.735001
vt 0.095585 0.803461
vt 0.092951 0.803077
vt 0.629577 0.439469
vt 0.629577 0.410548
vt 0.626883 0.410451
vt 0.626883 0.441258
vt 0.331711 0.509353
vt 0.331745 0.724097
vt 0.33443 0.724343
vt 0.334396 0.50957
vt 0.331687 0.367596
vt 0.334372 0.367929
vt 0.046821 0.729368
vt 0.068577 0.514939
vt 0.065848 0.514717
vt 0.044095 0.729116
vt 0.045425 0.767016
vt 0.065169 0.485291
vt 0.062066 0.48181
vt 0.048145 0.767118
vt 0.152424 0.346094
vt 0.147834 0.378442
vt 0.150473 0.378793
vt 0.155058 0.346478
vt 0.155771 0.322499
vt 0.158477 0.322379
vt 0.154626 0.306189
vt 0.152014 0.3067
vt 0.149838 0.292594
vt 0.152468 0.292191
vt 0.150309 0.278193
vt 0.147658 0.278451
vt 0.152651 0.194203
vt 0.155458 0.19333
vt 0.141775 0.17827
vt 0.139018 0.179198
vt 0.158477 0.203598
vt 0.15567 0.204471
vt 0.331712 0.235448
vt 0.331715 0.258826
vt 0.3344 0.258908
vt 0.334397 0.235739
vt 0.331707 0.210846
vt 0.334392 0.211201
vt 0.331704 0.19359
vt 0.331711 0.267607
vt 0.334397 0.26733
vt 0.334389 0.192698
vt 0.579548 0.804282
vt 0.576809 0.801411
vt 0.576809 0.917943
vt 0.579548 0.915481
vt 0.33175 0.007348
vt 0.331759 0.099291
vt 0.334444 0.099795
vt 0.334435 0.004909
vt 0.331759 0.111558
vt 0.334445 0.11274
vt 0.334447 0.167448
vt 0.331762 0.168394
vt 0.041348 0.08882
vt 0.038517 0.089729
vt 0.03495 0.081595
vt 0.032093 0.082474
vt 0.044225 0.007827
vt 0.041845 0.004909
vt 0.06481 0.80251
vt 0.063528 0.805059
vt 0.082681 0.807775
vt 0.08576 0.805481
vt 0.056139 0.797867
vt 0.058203 0.79608
vt 0.356498 0.7586
vt 0.359201 0.758504
vt 0.359193 0.724103
vt 0.356491 0.724348
vt 0.35916 0.509359
vt 0.356457 0.509575
vt 0.35914 0.385863
vt 0.356506 0.792852
vt 0.359208 0.792487
vt 0.356427 0.335598
vt 0.356433 0.367934
vt 0.359129 0.335233
vt 0.359124 0.311623
vt 0.356422 0.311484
vt 0.208813 0.045669
vt 0.211534 0.045586
vt 0.221591 0.016625
vt 0.219527 0.014818
vt 0.228198 0.010195
vt 0.210209 0.083335
vt 0.207483 0.083568
vt 0.229236 0.297956
vt 0.231965 0.297753
vt 0.228558 0.3274
vt 0.225454 0.330862
vt 0.226916 0.007627
vt 0.246069 0.004909
vt 0.249149 0.007222
vt 0.211954 0.448326
vt 0.216539 0.480639
vt 0.219282 0.48028
vt 0.213381 0.438689
vt 0.226533 0.503804
vt 0.228767 0.502265
vt 0.235284 0.518206
vt 0.238782 0.518748
vt 0.318014 0.506467
vt 0.321865 0.490277
vt 0.31916 0.490177
vt 0.315402 0.505976
vt 0.321469 0.796838
vt 0.319519 0.794345
vt 0.207613 0.804845
vt 0.205233 0.807744
vt 0.231565 0.357858
vt 0.221982 0.361076
vt 0.224448 0.363125
vt 0.233251 0.360169
vt 0.238625 0.348442
vt 0.241546 0.349106
vt 0.238631 0.335321
vt 0.236206 0.337004
vt 0.226261 0.32794
vt 0.225783 0.330784
vt 0.061019 0.449551
vt 0.058593 0.451594
vt 0.068177 0.454812
vt 0.069862 0.45252
vt 0.075237 0.464227
vt 0.078158 0.463583
vt 0.075242 0.477368
vt 0.072818 0.475666
vt 0.062873 0.484751
vt 0.062395 0.481887
vt 0.994257 0.020491
vt 0.992793 0.023001
vt 0.994257 0.02485
vt 0.45938 0.83711
vt 0.462127 0.836581
vt 0.462132 0.83625
vt 0.543503 0.660698
vt 0.541115 0.670435
vt 0.543503 0.745919
vt 0.856361 0.886402
vt 0.856361 0.801902
vt 0.853667 0.801237
vt 0.853667 0.888449
vt 0.729642 0.746805
vt 0.751701 0.747101
vt 0.751802 0.739559
vt 0.729743 0.739263
vt 0.139018 0.179198
vt 0.152651 0.194203
vt 0.49318 0.315267
vt 0.490287 0.439594
vt 0.49318 0.457993
vt 0.225783 0.330784
vt 0.228558 0.3274
vt 0.225454 0.330862
vt 0.312165 0.991484
vt 0.31355 0.994218
vt 0.31355 0.989575
vt 0.211954 0.448326
vt 0.224448 0.363125
vt 0.221982 0.361076
vt 0.238782 0.518748
vt 0.228767 0.502265
vt 0.147271 0.269669
vt 0.149919 0.246302
vt 0.065169 0.485291
vt 0.062873 0.484751
vt 0.463388 0.664541
vt 0.463388 0.824581
vt 0.482822 0.824581
vt 0.482822 0.664541
vt 0.464112 0.662146
vt 0.45938 0.662659
vt 0.46103 0.660698
vt 0.482097 0.662146
vt 0.486829 0.662659
vt 0.485179 0.660698
vt 0.819478 0.898163
vt 0.815927 0.897285
vt 0.818798 0.906302
vt 0.819109 0.889828
vt 0.821552 0.905153
vt 0.815343 0.888897
vt 0.817558 0.875473
vt 0.821552 0.875745
vt 0.634688 0.937126
vt 0.631817 0.946007
vt 0.635368 0.945138
vt 0.637442 0.938254
vt 0.634999 0.953343
vt 0.631233 0.954265
vt 0.633448 0.967477
vt 0.637442 0.967204
vt 0.82151 0.946969
vt 0.82151 0.937913
vt 0.815343 0.937913
vt 0.815343 0.946969
vt 0.815343 0.929517
vt 0.82151 0.929517
vt 0.815343 0.91612
vt 0.82151 0.91612
vt 0.992436 0.908586
vt 0.989672 0.908586
vt 0.989672 0.91475
vt 0.992436 0.91475
vt 0.457024 0.316865
vt 0.453016 0.317
vt 0.453016 0.487421
vt 0.457024 0.489605
vt 0.964922 0.872961
vt 0.964922 0.879912
vt 0.971089 0.879912
vt 0.971089 0.872961
vt 0.964922 0.864633
vt 0.971089 0.864633
vt 0.964922 0.850504
vt 0.971089 0.850504
vt 0.556296 0.950522
vt 0.559368 0.953569
vt 0.579086 0.950523
vt 0.579086 0.932475
vt 0.556296 0.932476
vt 0.559368 0.92943
vt 0.576021 0.92943
vt 0.576021 0.953569
vt 0.480465 0.487421
vt 0.480465 0.317
vt 0.476458 0.316865
vt 0.476458 0.489605
vt 0.866183 0.88808
vt 0.870136 0.88808
vt 0.870136 0.881916
vt 0.866183 0.881916
vt 0.601394 0.674127
vt 0.599216 0.834276
vt 0.60386 0.834956
vt 0.606071 0.672458
vt 0.991514 0.88973
vt 0.989672 0.88973
vt 0.989672 0.898768
vt 0.991514 0.898768
vt 0.249355 0.995091
vt 0.249355 0.989525
vt 0.247513 0.989525
vt 0.247513 0.995091
vt 0.479078 0.991019
vt 0.479078 0.982226
vt 0.477236 0.982226
vt 0.477236 0.991019
vt 0.261018 0.989525
vt 0.259176 0.989525
vt 0.259176 0.99494
vt 0.261018 0.99494
vt 0.865328 0.670331
vt 0.869475 0.67633
vt 0.869475 0.665372
vt 0.865328 0.659374
vt 0.990634 0.438207
vt 0.988792 0.438207
vt 0.988792 0.44886
vt 0.990634 0.44886
vt 0.989565 0.383466
vt 0.987723 0.383466
vt 0.987723 0.394292
vt 0.989565 0.394292
vt 0.990629 0.404787
vt 0.988787 0.404787
vt 0.988787 0.415439
vt 0.990629 0.415439
vt 0.40691 0.976125
vt 0.400717 0.967101
vt 0.400717 0.978827
vt 0.40691 0.987852
vt 0.865328 0.692103
vt 0.865328 0.703046
vt 0.869415 0.697091
vt 0.869415 0.686147
vt 0.981886 0.758444
vt 0.981886 0.770282
vt 0.988118 0.761267
vt 0.988118 0.749429
vt 0.989565 0.362822
vt 0.987723 0.362822
vt 0.987723 0.373648
vt 0.989565 0.373648
vt 0.887233 0.476143
vt 0.869403 0.479161
vt 0.871648 0.641654
vt 0.887233 0.648118
vt 0.457024 0.316865
vt 0.457024 0.489605
vt 0.476458 0.489605
vt 0.476458 0.316865
vt 0.606071 0.672458
vt 0.60386 0.834956
vt 0.621411 0.837974
vt 0.621411 0.665995
vt 0.21431 0.968195
vt 0.217376 0.971276
vt 0.23464 0.968198
vt 0.23464 0.950215
vt 0.21431 0.950218
vt 0.217376 0.947137
vt 0.231594 0.947137
vt 0.231594 0.971276
vt 0.587333 0.527823
vt 0.587332 0.004909
vt 0.579665 0.00541
vt 0.579665 0.528324
vt 0.595 0.528324
vt 0.595 0.00541
vt 0.554751 0.004931
vt 0.554751 0.534476
vt 0.561735 0.534453
vt 0.561735 0.004909
vt 0.569843 0.534462
vt 0.569843 0.004918
vt 0.529595 0.005153
vt 0.529595 0.533137
vt 0.537262 0.532893
vt 0.537262 0.004909
vt 0.544929 0.533137
vt 0.544929 0.005153
vt 0.504441 0.534468
vt 0.512168 0.534446
vt 0.512168 0.004909
vt 0.519773 0.53447
vt 0.504441 0.004931
vt 0.519773 0.004933
vt 0.968843 0.024945
vt 0.977119 0.004909
vt 0.962991 0.010804
vt 0.982971 0.010758
vt 0.982971 0.019049
vt 0.977119 0.024926
vt 0.962991 0.019096
vt 0.968843 0.004928
vt 0.948222 0.098187
vt 0.95317 0.098166
vt 0.946961 0.004909
vt 0.946803 0.004909
vt 0.579086 0.932475
vt 0.580797 0.931786
vt 0.576767 0.927781
vt 0.576021 0.92943
vt 0.558791 0.927781
vt 0.559368 0.92943
vt 0.554751 0.931786
vt 0.556296 0.932476
vt 0.231594 0.947137
vt 0.23464 0.950215
vt 0.23619 0.949494
vt 0.23619 0.968919
vt 0.232226 0.945488
vt 0.23464 0.968198
vt 0.231594 0.971276
vt 0.232226 0.972925
vt 0.579086 0.950523
vt 0.576021 0.953569
vt 0.576767 0.955218
vt 0.580797 0.951212
vt 0.559368 0.953569
vt 0.556296 0.950522
vt 0.554751 0.951212
vt 0.558791 0.955218
vt 0.464077 0.826433
vt 0.482133 0.826433
vt 0.482822 0.824581
vt 0.463388 0.824581
vt 0.872233 0.643596
vt 0.886605 0.649557
vt 0.887233 0.648118
vt 0.871648 0.641654
vt 0.457024 0.316865
vt 0.476458 0.316865
vt 0.475768 0.315267
vt 0.457714 0.315267
vt 0.621411 0.837974
vt 0.60386 0.834956
vt 0.604203 0.836731
vt 0.620463 0.839527
vt 0.621411 0.665995
vt 0.620533 0.664566
vt 0.606385 0.670526
vt 0.606071 0.672458
vt 0.869403 0.479161
vt 0.865328 0.479865
vt 0.867541 0.64001
vt 0.871648 0.641654
vt 0.65037 0.98107
vt 0.660742 0.981061
vt 0.65037 0.976772
vt 0.653408 0.97373
vt 0.657704 0.973726
vt 0.660742 0.976763
vt 0.653408 0.984107
vt 0.657704 0.984103
vt 0.673596 0.973726
vt 0.677885 0.98411
vt 0.680918 0.976782
vt 0.670564 0.976758
vt 0.670564 0.981054
vt 0.673596 0.9841
vt 0.677885 0.973736
vt 0.680918 0.981078
vt 0.141781 0.988965
vt 0.1454 0.988953
vt 0.1454 0.965394
vt 0.141781 0.965406
vt 0.558725 0.988559
vt 0.562698 0.9883
vt 0.562698 0.965035
vt 0.558725 0.965295
vt 0.971025 0.461778
vt 0.975029 0.461766
vt 0.975029 0.438207
vt 0.971025 0.438219
vt 0.969161 0.810396
vt 0.973134 0.810523
vt 0.973134 0.787033
vt 0.969161 0.786906
vt 0.965187 0.810523
vt 0.969161 0.810396
vt 0.969161 0.786906
vt 0.965187 0.787033
vt 0.1454 0.988953
vt 0.149602 0.988958
vt 0.149602 0.965399
vt 0.1454 0.965394
vt 0.554751 0.9883
vt 0.558725 0.988559
vt 0.558725 0.965295
vt 0.554751 0.965035
vt 0.975029 0.461766
vt 0.97897 0.461779
vt 0.97897 0.43822
vt 0.975029 0.438207
vt 0.171217 0.966869
vt 0.168299 0.965657
vt 0.168299 0.973951
vt 0.171217 0.972745
vt 0.17537 0.976903
vt 0.17537 0.962718
vt 0.174161 0.959798
vt 0.181243 0.962723
vt 0.182451 0.959805
vt 0.185396 0.966881
vt 0.188314 0.965674
vt 0.188314 0.973968
vt 0.185396 0.972757
vt 0.182452 0.979828
vt 0.181243 0.976908
vt 0.174161 0.979821
vt 0.948222 0.098187
vt 0.946803 0.004909
vt 0.94662 0.00491
vt 0.942478 0.098187
vt 0.927183 0.098205
vt 0.932656 0.098205
vt 0.927769 0.00491
vt 0.927594 0.00491
vt 0.141781 0.910521
vt 0.147194 0.910999
vt 0.152454 0.817608
vt 0.152281 0.817592
vt 0.921795 0.098172
vt 0.927183 0.098205
vt 0.927594 0.00491
vt 0.927423 0.004909
vt 0.147194 0.910999
vt 0.152627 0.911131
vt 0.152627 0.817612
vt 0.152454 0.817608
vt 0.944502 0.840686
vt 0.949934 0.840331
vt 0.949934 0.749429
vt 0.949761 0.749441
vt 0.949822 0.110158
vt 0.942478 0.113202
vt 0.947662 0.115355
vt 0.942484 0.110158
vt 0.944638 0.108005
vt 0.947678 0.108005
vt 0.949816 0.113202
vt 0.944623 0.115355
vt 0.991125 0.48576
vt 0.991125 0.4762
vt 0.98831 0.476143
vt 0.98831 0.485702
vt 0.989216 0.154204
vt 0.989216 0.144635
vt 0.986393 0.144613
vt 0.986393 0.154182
vt 0.540882 0.990996
vt 0.537867 0.983629
vt 0.535736 0.9888
vt 0.537867 0.990969
vt 0.535736 0.98576
vt 0.543013 0.988865
vt 0.543013 0.985825
vt 0.540881 0.983656
vt 0.992023 0.154182
vt 0.992023 0.144612
vt 0.989216 0.144635
vt 0.989216 0.154204
vt 0.98657 0.945675
vt 0.98657 0.955215
vt 0.989385 0.955309
vt 0.989385 0.945769
vt 0.983755 0.945769
vt 0.983755 0.955309
vt 0.98657 0.955215
vt 0.98657 0.945675
vt 0.127635 0.979996
vt 0.127635 0.989416
vt 0.130445 0.989624
vt 0.130445 0.980204
vt 0.124814 0.980199
vt 0.124814 0.989619
vt 0.127635 0.989416
vt 0.127635 0.979996
vt 0.98831 0.485702
vt 0.98831 0.476143
vt 0.985495 0.4762
vt 0.985495 0.48576
vt 0.989208 0.134737
vt 0.989208 0.125178
vt 0.986393 0.125235
vt 0.986393 0.134795
vt 0.990024 0.5896
vt 0.990024 0.58018
vt 0.987202 0.580384
vt 0.987202 0.589804
vt 0.987202 0.589804
vt 0.987202 0.580384
vt 0.984393 0.580175
vt 0.984393 0.589595
vt 0.984383 0.613342
vt 0.984383 0.622882
vt 0.987198 0.622788
vt 0.987198 0.613248
vt 0.987198 0.613248
vt 0.987198 0.622788
vt 0.990013 0.622882
vt 0.990013 0.613342
vt 0.986673 0.209032
vt 0.986673 0.218602
vt 0.98948 0.218579
vt 0.98948 0.20901
vt 0.523782 0.990996
vt 0.520768 0.983629
vt 0.518636 0.9888
vt 0.520768 0.990969
vt 0.518636 0.98576
vt 0.525914 0.988865
vt 0.525914 0.985825
vt 0.523782 0.983656
vt 0.98948 0.20901
vt 0.98948 0.218579
vt 0.992304 0.218601
vt 0.992304 0.209032
vt 0.992023 0.134795
vt 0.992023 0.125235
vt 0.989208 0.125178
vt 0.989208 0.134737
vt 0.990815 0.733971
vt 0.983478 0.737031
vt 0.988666 0.739173
vt 0.983478 0.733986
vt 0.985627 0.731829
vt 0.988666 0.731823
vt 0.990815 0.737015
vt 0.985627 0.739179
vt 0.695538 0.969188
vt 0.706003 0.981206
vt 0.706707 0.9699
vt 0.694834 0.9699
vt 0.694834 0.980494
vt 0.695538 0.981206
vt 0.706003 0.969188
vt 0.706707 0.980494
vt 0.955582 0.451859
vt 0.954251 0.453387
vt 0.957583 0.453387
vt 0.961203 0.459362
vt 0.956264 0.451859
vt 0.950605 0.459362
vt 0.336897 0.974687
vt 0.338413 0.973363
vt 0.335122 0.973363
vt 0.339117 0.974075
vt 0.343559 0.970444
vt 0.336224 0.974687
vt 0.342856 0.969731
vt 0.3376 0.9754
vt 0.339117 0.977406
vt 0.3376 0.976081
vt 0.336897 0.976793
vt 0.334419 0.974075
vt 0.33552 0.9754
vt 0.331687 0.970444
vt 0.332391 0.969731
vt 0.338413 0.978118
vt 0.335122 0.978118
vt 0.336224 0.976793
vt 0.343559 0.981037
vt 0.342856 0.981749
vt 0.334419 0.977406
vt 0.33552 0.976081
vt 0.331687 0.981037
vt 0.332391 0.981749
vt 0.951442 0.899676
vt 0.948109 0.899676
vt 0.944502 0.905162
vt 0.9551 0.905162
vt 0.950107 0.898336
vt 0.949425 0.898336
vt 0.314868 0.932631
vt 0.314868 0.884861
vt 0.314187 0.884861
vt 0.314187 0.932631
vt 0.977175 0.821052
vt 0.965187 0.831646
vt 0.976464 0.832358
vt 0.965187 0.821052
vt 0.965898 0.82034
vt 0.976464 0.82034
vt 0.977175 0.831646
vt 0.965898 0.832358
vt 0.870148 0.931262
vt 0.864798 0.927604
vt 0.864798 0.938197
vt 0.870148 0.934593
vt 0.649997 0.530982
vt 0.646364 0.525289
vt 0.643031 0.525289
vt 0.639399 0.530982
vt 0.645039 0.523872
vt 0.644357 0.523872
vt 0.314868 0.932631
vt 0.314187 0.932631
vt 0.312861 0.934009
vt 0.316194 0.934009
vt 0.309228 0.939599
vt 0.319826 0.939599
vt 0.644357 0.4762
vt 0.644357 0.523872
vt 0.645039 0.523872
vt 0.645039 0.4762
vt 0.679714 0.940205
vt 0.684949 0.936574
vt 0.684949 0.933243
vt 0.679714 0.929611
vt 0.955539 0.404787
vt 0.955582 0.451859
vt 0.956264 0.451859
vt 0.956221 0.404787
vt 0.986997 0.823994
vt 0.986997 0.827325
vt 0.991689 0.830933
vt 0.991689 0.82034
vt 0.865328 0.951804
vt 0.865328 0.955135
vt 0.870437 0.958766
vt 0.870437 0.948173
vt 0.988574 0.68514
vt 0.988574 0.684459
vt 0.987152 0.683134
vt 0.987152 0.686465
vt 0.989285 0.685852
vt 0.987862 0.687177
vt 0.983113 0.690096
vt 0.983824 0.690808
vt 0.989285 0.683746
vt 0.987862 0.682422
vt 0.983824 0.67879
vt 0.983113 0.679503
vt 0.994084 0.986858
vt 0.994057 0.9917
vt 0.995061 0.991642
vt 0.995089 0.9868
vt 0.995089 0.993443
vt 0.994084 0.993501
vt 0.994057 0.972081
vt 0.994084 0.976923
vt 0.995089 0.976982
vt 0.995061 0.972139
vt 0.994084 0.97028
vt 0.995089 0.970339
vt 0.643644 0.476143
vt 0.643644 0.523814
vt 0.644357 0.523872
vt 0.644357 0.4762
vt 0.645751 0.523814
vt 0.645751 0.476143
vt 0.645039 0.4762
vt 0.645039 0.523872
vt 0.314868 0.884861
vt 0.314868 0.932631
vt 0.315581 0.932596
vt 0.315581 0.884826
vt 0.949425 0.898336
vt 0.949432 0.850517
vt 0.948714 0.850504
vt 0.948707 0.898323
vt 0.949432 0.850517
vt 0.949425 0.898336
vt 0.950107 0.898336
vt 0.950113 0.850517
vt 0.782009 0.418428
vt 0.78753 0.418428
vt 0.787467 0.415361
vt 0.781946 0.415361
vt 0.766679 0.421494
vt 0.772119 0.421494
vt 0.771897 0.418421
vt 0.766457 0.418421
vt 0.766457 0.418421
vt 0.771897 0.418421
vt 0.772125 0.415361
vt 0.766684 0.415361
vt 0.775592 0.108873
vt 0.770082 0.108873
vt 0.770185 0.111939
vt 0.775694 0.111939
vt 0.775694 0.111939
vt 0.770185 0.111939
vt 0.770082 0.115006
vt 0.775592 0.115006
vt 0.92182 0.114155
vt 0.927346 0.114155
vt 0.927321 0.111098
vt 0.921795 0.111098
vt 0.490579 0.985277
vt 0.498509 0.98852
vt 0.496187 0.982885
vt 0.492901 0.982914
vt 0.498509 0.985207
vt 0.492902 0.990913
vt 0.490579 0.988591
vt 0.496187 0.990883
vt 0.921795 0.111098
vt 0.927321 0.111098
vt 0.927345 0.108022
vt 0.921819 0.108022
vt 0.781946 0.421494
vt 0.787467 0.421494
vt 0.78753 0.418428
vt 0.782009 0.418428
vt 0.062596 0.990898
vt 0.062596 0.982888
vt 0.059284 0.990891
vt 0.056942 0.98854
vt 0.056942 0.985222
vt 0.059284 0.982881
vt 0.064939 0.988557
vt 0.064939 0.985239
vt 0.744511 0.941693
vt 0.74953 0.946704
vt 0.74806 0.943161
vt 0.727664 0.946704
vt 0.727664 0.96968
vt 0.74953 0.96968
vt 0.732683 0.941693
vt 0.729134 0.943161
vt 0.19095 0.915223
vt 0.168299 0.915244
vt 0.168299 0.94998
vt 0.19095 0.94996
vt 0.194703 0.949964
vt 0.194703 0.915228
vt 0.970384 0.925716
vt 0.958556 0.925716
vt 0.958556 0.96035
vt 0.970384 0.96035
vt 0.973933 0.960463
vt 0.973933 0.925829
vt 0.955007 0.925829
vt 0.955008 0.960463
vt 0.479603 0.499426
vt 0.456593 0.499422
vt 0.456593 0.534158
vt 0.453016 0.499433
vt 0.479603 0.534161
vt 0.453016 0.534168
vt 0.826379 0.114962
vt 0.848244 0.114962
vt 0.848244 0.080661
vt 0.826379 0.080661
vt 0.11257 0.942248
vt 0.107551 0.947249
vt 0.129416 0.947249
vt 0.109021 0.943713
vt 0.124398 0.942248
vt 0.127946 0.943713
vt 0.129416 0.970178
vt 0.107551 0.970178
vt 0.798035 0.466325
vt 0.798354 0.466005
vt 0.797902 0.466193
vt 0.797902 0.466006
vt 0.798035 0.465873
vt 0.798222 0.465873
vt 0.798222 0.466325
vt 0.798354 0.466193
vt 0.949934 0.840331
vt 0.955366 0.840686
vt 0.950107 0.749441
vt 0.949934 0.749429
vt 0.699482 0.915248
vt 0.699482 0.749038
vt 0.694834 0.748911
vt 0.694834 0.915122
vt 0.704589 0.915222
vt 0.704589 0.749011
vt 0.708787 0.91505
vt 0.708787 0.74884
vt 0.934681 0.91571
vt 0.934681 0.749429
vt 0.930591 0.749585
vt 0.930591 0.915866
vt 0.925504 0.749617
vt 0.925504 0.915898
vt 0.920781 0.749517
vt 0.920781 0.915798
vt 0.910959 0.915806
vt 0.910959 0.749429
vt 0.90686 0.749545
vt 0.90686 0.915921
vt 0.901771 0.749568
vt 0.901771 0.915944
vt 0.897055 0.749492
vt 0.897055 0.915869
vt 0.765161 0.767028
vt 0.765161 0.933309
vt 0.76925 0.933153
vt 0.76925 0.766872
vt 0.774338 0.933121
vt 0.774338 0.76684
vt 0.77906 0.933222
vt 0.77906 0.766941
vt 0.979562 0.080668
vt 0.965555 0.066668
vt 0.969995 0.08323
vt 0.965555 0.080668
vt 0.962991 0.07623
vt 0.962991 0.071106
vt 0.975122 0.08323
vt 0.982125 0.071106
vt 0.979561 0.066668
vt 0.975121 0.064105
vt 0.969995 0.064105
vt 0.982125 0.07623
vt 0.890858 0.405544
vt 0.909991 0.410669
vt 0.897861 0.398544
vt 0.893421 0.401106
vt 0.902988 0.398544
vt 0.907428 0.401106
vt 0.909991 0.405544
vt 0.893421 0.415107
vt 0.890858 0.410669
vt 0.897861 0.417669
vt 0.902988 0.417669
vt 0.907428 0.415107
vt 0.191866 0.846799
vt 0.207395 0.845195
vt 0.197549 0.841118
vt 0.195944 0.856641
vt 0.17975 0.856641
vt 0.197549 0.833084
vt 0.207395 0.829008
vt 0.183829 0.846799
vt 0.178145 0.841118
vt 0.168299 0.845195
vt 0.191866 0.827404
vt 0.195944 0.817562
vt 0.178145 0.833085
vt 0.168299 0.829008
vt 0.183829 0.827404
vt 0.17975 0.817562
vt 0.481788 0.901766
vt 0.471684 0.901495
vt 0.472075 0.939723
vt 0.471848 0.899827
vt 0.48218 0.939994
vt 0.482631 0.900116
vt 0.46 0.901766
vt 0.460391 0.939994
vt 0.45938 0.900116
vt 0.472075 0.939723
vt 0.868762 0.455447
vt 0.865605 0.454139
vt 0.856571 0.463169
vt 0.85788 0.466325
vt 0.842489 0.466325
vt 0.868762 0.440063
vt 0.865605 0.44137
vt 0.856571 0.432341
vt 0.85788 0.429184
vt 0.843797 0.432341
vt 0.842489 0.429184
vt 0.843797 0.463169
vt 0.831606 0.455447
vt 0.834763 0.44137
vt 0.831606 0.440063
vt 0.834763 0.454139
vt 0.519003 0.944351
vt 0.518636 0.958014
vt 0.536779 0.957828
vt 0.537146 0.944165
vt 0.538449 0.957992
vt 0.538797 0.945007
vt 0.538797 0.973007
vt 0.537146 0.973626
vt 0.518636 0.958014
vt 0.519003 0.973812
vt 0.03943 0.943437
vt 0.039114 0.957401
vt 0.057265 0.957274
vt 0.057581 0.94331
vt 0.058927 0.957406
vt 0.059227 0.972292
vt 0.057581 0.972936
vt 0.039114 0.957401
vt 0.03943 0.973063
vt 0.059227 0.944135
vt 0.765477 0.943254
vt 0.765161 0.957218
vt 0.783313 0.957091
vt 0.783629 0.943127
vt 0.784974 0.957224
vt 0.783629 0.972754
vt 0.785275 0.972109
vt 0.765161 0.957218
vt 0.765477 0.972881
vt 0.785275 0.943952
vt 0.36903 0.959755
vt 0.369264 0.975432
vt 0.387426 0.975335
vt 0.387192 0.959659
vt 0.389063 0.974697
vt 0.38884 0.959798
vt 0.387426 0.945723
vt 0.369264 0.945819
vt 0.36903 0.959755
vt 0.389063 0.946553
vt 0.737392 0.466325
vt 0.749363 0.466325
vt 0.738533 0.463572
vt 0.748222 0.463572
vt 0.757829 0.457864
vt 0.755074 0.456723
vt 0.731681 0.456723
vt 0.728927 0.457864
vt 0.728927 0.445897
vt 0.731681 0.447038
vt 0.757829 0.445897
vt 0.755074 0.447038
vt 0.737392 0.437436
vt 0.738533 0.440189
vt 0.748222 0.440189
vt 0.749363 0.437436
vt 0.843839 0.899914
vt 0.832245 0.900087
vt 0.832448 0.938355
vt 0.844042 0.938182
vt 0.843978 0.898266
vt 0.831606 0.898451
vt 0.854146 0.900087
vt 0.844042 0.938182
vt 0.854349 0.938355
vt 0.854976 0.898451
vt 0.899817 0.069717
vt 0.888233 0.069951
vt 0.888501 0.108196
vt 0.887589 0.068306
vt 0.900085 0.107962
vt 0.899949 0.068056
vt 0.910144 0.069951
vt 0.900085 0.107962
vt 0.910413 0.108196
vt 0.91097 0.068306
vt 0.226538 0.897192
vt 0.214954 0.897425
vt 0.215222 0.93567
vt 0.21431 0.89578
vt 0.226806 0.935437
vt 0.226671 0.895531
vt 0.237691 0.89578
vt 0.236865 0.897425
vt 0.226806 0.935437
vt 0.237133 0.93567
vt 0.950567 0.476143
vt 0.950567 0.739243
vt 0.953688 0.739359
vt 0.953688 0.476258
vt 0.940757 0.125225
vt 0.940757 0.388437
vt 0.944336 0.38839
vt 0.944336 0.125178
vt 0.944336 0.125178
vt 0.944336 0.38839
vt 0.947526 0.388484
vt 0.947526 0.125272
vt 0.924169 0.125212
vt 0.924169 0.388576
vt 0.927751 0.388541
vt 0.927751 0.125178
vt 0.927751 0.125178
vt 0.927751 0.388541
vt 0.930935 0.388612
vt 0.930935 0.125248
vt 0.930366 0.47619
vt 0.930366 0.739402
vt 0.933945 0.739355
vt 0.933945 0.476143
vt 0.637547 0.977294
vt 0.640162 0.983605
vt 0.640162 0.979908
vt 0.633848 0.977294
vt 0.631233 0.979908
vt 0.631233 0.983605
vt 0.633848 0.986219
vt 0.637547 0.986219
vt 0.933945 0.476143
vt 0.933945 0.739355
vt 0.937135 0.73945
vt 0.937135 0.476237
vt 0.946957 0.47619
vt 0.946957 0.73929
vt 0.950567 0.739243
vt 0.950567 0.476143
vt 0.444985 0.977249
vt 0.441287 0.986174
vt 0.4476 0.98356
vt 0.4476 0.979863
vt 0.444985 0.986174
vt 0.438671 0.98356
vt 0.438671 0.979863
vt 0.441287 0.977249
vt 0.014318 0.946157
vt 0.014295 0.884768
vt 0.004911 0.884908
vt 0.006534 0.946274
vt 0.298267 0.94638
vt 0.299407 0.885046
vt 0.291228 0.884826
vt 0.291483 0.946198
vt 0.291483 0.946198
vt 0.291228 0.884826
vt 0.281772 0.885046
vt 0.283639 0.94638
vt 0.021238 0.946274
vt 0.022637 0.884908
vt 0.014295 0.884768
vt 0.014318 0.946157
vt 0.932424 0.404787
vt 0.923049 0.404976
vt 0.924781 0.466325
vt 0.932558 0.466168
vt 0.089504 0.943673
vt 0.089371 0.882291
vt 0.079995 0.88248
vt 0.081727 0.943829
vt 0.096437 0.943829
vt 0.097729 0.88248
vt 0.089371 0.882291
vt 0.089504 0.943673
vt 0.940783 0.404976
vt 0.932424 0.404787
vt 0.932558 0.466168
vt 0.939492 0.466325
vt 0.295418 0.986934
vt 0.295418 0.988422
vt 0.299242 0.988422
vt 0.299242 0.986934
vt 0.541105 0.873307
vt 0.544929 0.873307
vt 0.544929 0.870753
vt 0.541105 0.870753
vt 0.870112 0.805136
vt 0.870267 0.802535
vt 0.866479 0.802486
vt 0.866324 0.805086
vt 0.299242 0.988422
vt 0.295418 0.988422
vt 0.295418 0.990943
vt 0.299242 0.990943
vt 0.990972 0.56554
vt 0.987183 0.56554
vt 0.987351 0.568001
vt 0.991139 0.568001
vt 0.683539 0.959979
vt 0.679714 0.959979
vt 0.679714 0.962533
vt 0.683539 0.962533
vt 0.281772 0.986934
vt 0.281772 0.989454
vt 0.285596 0.989454
vt 0.285596 0.986934
vt 0.983478 0.667305
vt 0.987266 0.667305
vt 0.987398 0.664732
vt 0.98361 0.664732
vt 0.866323 0.85963
vt 0.866477 0.862129
vt 0.870266 0.862132
vt 0.870112 0.859633
vt 0.076353 0.98606
vt 0.076353 0.991473
vt 0.080177 0.991473
vt 0.080177 0.98606
vt 0.285596 0.990943
vt 0.285596 0.989454
vt 0.281772 0.989454
vt 0.281772 0.990943
vt 0.298493 0.977028
vt 0.3023 0.973277
vt 0.294569 0.972774
vt 0.298121 0.969275
vt 0.301214 0.977116
vt 0.302343 0.976004
vt 0.285994 0.964039
vt 0.289546 0.97269
vt 0.285994 0.969072
vt 0.285622 0.976812
vt 0.281814 0.972934
vt 0.281772 0.97566
vt 0.282901 0.97681
vt 0.289546 0.960539
vt 0.281814 0.960037
vt 0.285621 0.956286
vt 0.282901 0.956197
vt 0.281772 0.95731
vt 0.294569 0.960623
vt 0.298121 0.964242
vt 0.298493 0.956501
vt 0.3023 0.96038
vt 0.302343 0.957654
vt 0.301214 0.956504
vt 0.869971 0.86752
vt 0.870266 0.862132
vt 0.866477 0.862129
vt 0.866183 0.867516
vt 0.977902 0.361013
vt 0.974055 0.36212
vt 0.976774 0.362155
vt 0.977859 0.358267
vt 0.973683 0.354319
vt 0.970134 0.357913
vt 0.973683 0.34925
vt 0.970134 0.345676
vt 0.977859 0.345279
vt 0.974055 0.341448
vt 0.976774 0.341397
vt 0.977902 0.342533
vt 0.965115 0.34569
vt 0.965115 0.357927
vt 0.961567 0.354353
vt 0.961567 0.349284
vt 0.961194 0.341484
vt 0.957391 0.345336
vt 0.957348 0.342591
vt 0.958476 0.341448
vt 0.957391 0.358325
vt 0.961194 0.362156
vt 0.958476 0.362206
vt 0.957348 0.36107
vt 0.866479 0.792563
vt 0.866183 0.797336
vt 0.869971 0.797386
vt 0.870267 0.792613
vt 0.985495 0.495744
vt 0.985495 0.501259
vt 0.989279 0.501093
vt 0.989279 0.495577
vt 0.541105 0.860796
vt 0.541105 0.86548
vt 0.544929 0.86548
vt 0.544929 0.860796
vt 0.679714 0.950022
vt 0.679714 0.954706
vt 0.683539 0.954706
vt 0.683539 0.950022
vt 0.991065 0.56952
vt 0.991139 0.568001
vt 0.987351 0.568001
vt 0.987277 0.56952
vt 0.987361 0.668761
vt 0.987266 0.667305
vt 0.983478 0.667305
vt 0.983573 0.668761
vt 0.372811 0.990788
vt 0.372811 0.985477
vt 0.36903 0.98525
vt 0.36903 0.990561
vt 0.004911 0.986827
vt 0.004911 0.99224
vt 0.008735 0.99224
vt 0.008735 0.986827
vt 0.866183 0.797336
vt 0.866479 0.802486
vt 0.870267 0.802535
vt 0.869971 0.797386
vt 0.541105 0.86548
vt 0.541105 0.870753
vt 0.544929 0.870753
vt 0.544929 0.86548
vt 0.870266 0.872099
vt 0.869971 0.86752
vt 0.866183 0.867516
vt 0.866477 0.872095
vt 0.679714 0.954706
vt 0.679714 0.959979
vt 0.683539 0.959979
vt 0.683539 0.954706
vt 0.541105 0.910136
vt 0.541105 0.91541
vt 0.544929 0.91541
vt 0.544929 0.910136
vt 0.870266 0.849812
vt 0.869971 0.845233
vt 0.866183 0.84523
vt 0.866477 0.849809
vt 0.976774 0.372024
vt 0.977859 0.375906
vt 0.977902 0.37316
vt 0.974055 0.372075
vt 0.970134 0.376303
vt 0.973683 0.379878
vt 0.970134 0.38854
vt 0.973683 0.384946
vt 0.965115 0.376317
vt 0.965115 0.388554
vt 0.961567 0.38498
vt 0.961567 0.379912
vt 0.957391 0.388952
vt 0.961194 0.392783
vt 0.958476 0.392834
vt 0.957348 0.391697
vt 0.974055 0.392747
vt 0.977859 0.388894
vt 0.977902 0.39164
vt 0.976774 0.392782
vt 0.961194 0.372111
vt 0.957391 0.375963
vt 0.957348 0.373218
vt 0.958476 0.372075
vt 0.541105 0.887808
vt 0.541105 0.893081
vt 0.544929 0.893081
vt 0.544929 0.887808
vt 0.866183 0.819726
vt 0.866479 0.824876
vt 0.870267 0.824925
vt 0.869971 0.819776
vt 0.089999 0.98606
vt 0.089999 0.991473
vt 0.093824 0.991473
vt 0.093824 0.98606
vt 0.382633 0.98525
vt 0.382633 0.990561
vt 0.386415 0.990788
vt 0.386415 0.985476
vt 0.986689 0.198787
vt 0.986594 0.197331
vt 0.982805 0.197331
vt 0.9829 0.198787
vt 0.018631 0.986827
vt 0.018557 0.988346
vt 0.022346 0.988346
vt 0.02242 0.986827
vt 0.012685 0.972584
vt 0.009133 0.963933
vt 0.009133 0.968966
vt 0.017708 0.972668
vt 0.02126 0.969169
vt 0.012685 0.960433
vt 0.017708 0.960517
vt 0.02126 0.964135
vt 0.02544 0.97317
vt 0.021633 0.976921
vt 0.024354 0.97701
vt 0.025483 0.975897
vt 0.008761 0.976706
vt 0.004954 0.972828
vt 0.004911 0.975553
vt 0.00604 0.976703
vt 0.021633 0.956395
vt 0.02544 0.960273
vt 0.025483 0.957548
vt 0.024354 0.956398
vt 0.008761 0.95618
vt 0.004954 0.959931
vt 0.00604 0.956091
vt 0.004911 0.957204
vt 0.541105 0.905452
vt 0.541105 0.910136
vt 0.544929 0.910136
vt 0.544929 0.905452
vt 0.541105 0.883124
vt 0.541105 0.887808
vt 0.544929 0.887808
vt 0.544929 0.883124
vt 0.544889 0.933296
vt 0.544889 0.927781
vt 0.541105 0.927947
vt 0.541105 0.933463
vt 0.866479 0.814953
vt 0.866183 0.819726
vt 0.869971 0.819776
vt 0.870267 0.815003
vt 0.869971 0.845233
vt 0.870266 0.839845
vt 0.866477 0.839842
vt 0.866183 0.84523
vt 0.987373 0.532389
vt 0.987373 0.533877
vt 0.991198 0.533877
vt 0.991198 0.532389
vt 0.988792 0.458678
vt 0.988792 0.464091
vt 0.992616 0.464091
vt 0.992616 0.458678
vt 0.866323 0.837343
vt 0.866477 0.839842
vt 0.870266 0.839845
vt 0.870111 0.837346
vt 0.982805 0.197331
vt 0.986594 0.197331
vt 0.986726 0.194758
vt 0.982937 0.194758
vt 0.991198 0.536398
vt 0.991198 0.533877
vt 0.987373 0.533877
vt 0.987373 0.536398
vt 0.544929 0.91541
vt 0.541105 0.91541
vt 0.541105 0.917963
vt 0.544929 0.917963
vt 0.018725 0.990808
vt 0.022513 0.990808
vt 0.022346 0.988346
vt 0.018557 0.988346
vt 0.815343 0.990736
vt 0.815343 0.993257
vt 0.819168 0.993257
vt 0.819168 0.990736
vt 0.866324 0.827476
vt 0.870112 0.827525
vt 0.870267 0.824925
vt 0.866479 0.824876
vt 0.544929 0.895635
vt 0.544929 0.893081
vt 0.541105 0.893081
vt 0.541105 0.895635
vt 0.815343 0.989247
vt 0.815343 0.990736
vt 0.819168 0.990736
vt 0.819168 0.989247
vt 0.97985 0.900449
vt 0.969294 0.889744
vt 0.975478 0.904903
vt 0.969294 0.904917
vt 0.964922 0.900483
vt 0.964922 0.894198
vt 0.97985 0.894164
vt 0.975478 0.88973
vt 0.867707 0.111756
vt 0.868688 0.114945
vt 0.873088 0.110489
vt 0.870229 0.109202
vt 0.870229 0.1056
vt 0.868345 0.106447
vt 0.873088 0.104204
vt 0.868688 0.099773
vt 0.867707 0.103061
vt 0.864141 0.103071
vt 0.866983 0.105075
vt 0.865057 0.10508
vt 0.868345 0.108392
vt 0.866983 0.109772
vt 0.864141 0.111766
vt 0.862466 0.114962
vt 0.865057 0.109777
vt 0.863694 0.108405
vt 0.863694 0.10646
vt 0.861619 0.105624
vt 0.861619 0.109226
vt 0.858066 0.110531
vt 0.858066 0.104246
vt 0.862466 0.09979
vt 0.988054 0.341397
vt 0.987723 0.347317
vt 0.988878 0.347325
vt 0.989209 0.341405
vt 0.909794 0.947194
vt 0.909794 0.953
vt 0.910959 0.953
vt 0.910959 0.947194
vt 0.988747 0.249374
vt 0.989078 0.243454
vt 0.987924 0.243446
vt 0.987593 0.249366
vt 0.989078 0.255053
vt 0.988747 0.249374
vt 0.987593 0.249366
vt 0.987924 0.255045
vt 0.909794 0.931569
vt 0.909794 0.937376
vt 0.910959 0.937376
vt 0.910959 0.931569
vt 0.987723 0.347317
vt 0.988054 0.352996
vt 0.989209 0.353004
vt 0.988878 0.347325
vt 0.909794 0.925762
vt 0.909794 0.931569
vt 0.910959 0.931569
vt 0.910959 0.925762
vt 0.909794 0.953
vt 0.909794 0.958808
vt 0.910959 0.958808
vt 0.910959 0.953
vt 0.680742 0.909084
vt 0.65464 0.909084
vt 0.65464 0.919794
vt 0.680742 0.919794
vt 0.680742 0.902377
vt 0.65464 0.902377
vt 0.65037 0.902178
vt 0.685012 0.902178
vt 0.680742 0.883674
vt 0.65464 0.883674
vt 0.65037 0.885022
vt 0.685012 0.885022
vt 0.65037 0.918108
vt 0.65037 0.908713
vt 0.685012 0.918108
vt 0.685012 0.908713
vt 0.972064 0.777089
vt 0.972064 0.749429
vt 0.965187 0.749429
vt 0.965187 0.777089
vt 0.973656 0.668973
vt 0.973656 0.646321
vt 0.96351 0.646321
vt 0.96351 0.668973
vt 0.855506 0.685737
vt 0.855506 0.476143
vt 0.853665 0.483799
vt 0.85523 0.685737
vt 0.853665 0.685737
vt 0.833447 0.483799
vt 0.831606 0.476143
vt 0.831606 0.72144
vt 0.833447 0.72144
vt 0.989541 0.711863
vt 0.983478 0.711863
vt 0.983478 0.722005
vt 0.989541 0.722005
vt 0.527023 0.737681
vt 0.500921 0.737681
vt 0.500921 0.765958
vt 0.527023 0.765958
vt 0.500921 0.797571
vt 0.496651 0.796013
vt 0.527023 0.797571
vt 0.531294 0.796013
vt 0.527023 0.707477
vt 0.500921 0.707477
vt 0.496651 0.737809
vt 0.496651 0.766257
vt 0.531294 0.737809
vt 0.531294 0.766257
vt 0.527023 0.6795
vt 0.500921 0.6795
vt 0.527023 0.660698
vt 0.500921 0.660698
vt 0.496651 0.679363
vt 0.496651 0.707439
vt 0.496651 0.662558
vt 0.531294 0.679343
vt 0.531294 0.707439
vt 0.531294 0.662558
vt 0.973656 0.734504
vt 0.973656 0.711863
vt 0.96351 0.711863
vt 0.96351 0.734504
vt 0.966153 0.476143
vt 0.966153 0.50367
vt 0.97303 0.50367
vt 0.97303 0.476143
vt 0.958961 0.168833
vt 0.958961 0.194923
vt 0.972983 0.194923
vt 0.971315 0.199192
vt 0.972983 0.168833
vt 0.971315 0.164564
vt 0.957348 0.199192
vt 0.957348 0.164564
vt 0.98979 0.925716
vt 0.983755 0.925716
vt 0.983755 0.935858
vt 0.98979 0.935858
vt 0.755323 0.760478
vt 0.727664 0.759641
vt 0.727681 0.881514
vt 0.755339 0.882351
vt 0.156652 0.951308
vt 0.156652 0.925218
vt 0.141781 0.925218
vt 0.141781 0.951308
vt 0.14317 0.920949
vt 0.158095 0.920949
vt 0.14317 0.955577
vt 0.158095 0.955577
vt 0.908956 0.427733
vt 0.882855 0.427733
vt 0.882855 0.466325
vt 0.908956 0.466325
vt 0.878584 0.464516
vt 0.878584 0.429486
vt 0.913227 0.464515
vt 0.913227 0.429486
vt 0.198135 0.959799
vt 0.198135 0.982441
vt 0.204199 0.98244
vt 0.204199 0.959798
vt 0.657354 0.749262
vt 0.657337 0.871132
vt 0.684996 0.870295
vt 0.685012 0.748426
vt 0.40997 0.90857
vt 0.40997 0.882479
vt 0.401618 0.882479
vt 0.408204 0.878211
vt 0.401618 0.90857
vt 0.408204 0.912838
vt 0.400717 0.878211
vt 0.400717 0.912838
vt 0.405604 0.953015
vt 0.405604 0.926924
vt 0.400717 0.926924
vt 0.400717 0.953015
vt 0.40227 0.922656
vt 0.40735 0.922656
vt 0.40227 0.957283
vt 0.40735 0.957283
vt 0.198671 0.866458
vt 0.17257 0.866458
vt 0.17257 0.904044
vt 0.168299 0.868611
vt 0.198671 0.904044
vt 0.202942 0.868611
vt 0.168299 0.905406
vt 0.202942 0.905406
vt 0.432619 0.576497
vt 0.410795 0.600811
vt 0.436554 0.604695
vt 0.436774 0.576152
vt 0.411735 0.615901
vt 0.406994 0.604944
vt 0.438345 0.616527
vt 0.44067 0.604068
vt 0.407926 0.619905
vt 0.385823 0.596008
vt 0.389521 0.601026
vt 0.387516 0.605141
vt 0.384128 0.600543
vt 0.431901 0.545716
vt 0.436066 0.545773
vt 0.403218 0.490722
vt 0.380506 0.597092
vt 0.376755 0.602046
vt 0.373287 0.481211
vt 0.36903 0.478028
vt 0.379415 0.479704
vt 0.378283 0.475752
vt 0.385392 0.477564
vt 0.384668 0.473466
vt 0.398818 0.477128
vt 0.401828 0.47291
vt 0.406272 0.486636
vt 0.43356 0.516707
vt 0.4377 0.517182
vt 0.438224 0.491122
vt 0.443193 0.487057
vt 0.821407 0.956787
vt 0.815343 0.956786
vt 0.815343 0.979429
vt 0.821407 0.97943
vt 0.436548 0.331373
vt 0.410798 0.335191
vt 0.432622 0.359505
vt 0.436776 0.359849
vt 0.411738 0.320101
vt 0.406995 0.331057
vt 0.438348 0.319475
vt 0.440669 0.331953
vt 0.407927 0.316096
vt 0.385825 0.339993
vt 0.389523 0.334976
vt 0.387517 0.33086
vt 0.384129 0.335458
vt 0.431904 0.390287
vt 0.436068 0.390229
vt 0.403221 0.44528
vt 0.380508 0.33891
vt 0.376755 0.333955
vt 0.373289 0.454791
vt 0.36903 0.457973
vt 0.379417 0.456298
vt 0.378283 0.460249
vt 0.385393 0.458438
vt 0.384668 0.462535
vt 0.39882 0.458874
vt 0.401829 0.463092
vt 0.406272 0.449366
vt 0.433563 0.419296
vt 0.437702 0.41882
vt 0.438227 0.44488
vt 0.443195 0.448945
vt 0.496651 0.810029
vt 0.508814 0.810029
vt 0.499294 0.807388
vt 0.506171 0.807388
vt 0.496651 0.931857
vt 0.508814 0.931857
vt 0.506171 0.934498
vt 0.499294 0.934498
vt 0.78808 0.462056
vt 0.78808 0.435966
vt 0.769405 0.435966
vt 0.787068 0.431698
vt 0.769405 0.462056
vt 0.787068 0.466325
vt 0.767651 0.431698
vt 0.767651 0.466325
vt 0.770082 0.004909
vt 0.770082 0.099055
vt 0.790556 0.099055
vt 0.790556 0.004909
vt 0.470637 0.550036
vt 0.535088 0.553587
vt 0.534528 0.548047
vt 0.471278 0.544294
vt 0.469343 0.561624
vt 0.536219 0.564767
vt 0.468419 0.569899
vt 0.537027 0.572751
vt 0.468206 0.571808
vt 0.537213 0.574592
vt 0.45938 0.65088
vt 0.544929 0.65088
vt 0.760261 0.108013
vt 0.760261 0.004909
vt 0.739787 0.004909
vt 0.739787 0.108013
vt 0.237691 0.826468
vt 0.237691 0.817562
vt 0.217217 0.817562
vt 0.217217 0.826468
vt 0.237691 0.885713
vt 0.217217 0.885713
vt 0.692132 0.034307
vt 0.628996 0.006389
vt 0.604822 0.11536
vt 0.699669 0.11536
vt 0.620363 0.00861
vt 0.691955 0.032396
vt 0.691184 0.024105
vt 0.690104 0.012495
vt 0.689399 0.004909
vt 0.649599 0.654748
vt 0.625426 0.545774
vt 0.562289 0.573693
vt 0.554751 0.654748
vt 0.562467 0.571781
vt 0.563238 0.56349
vt 0.564318 0.55188
vt 0.565023 0.544294
vt 0.634059 0.547995
vt 0.383476 0.861203
vt 0.390685 0.86102
vt 0.390685 0.630552
vt 0.383476 0.630735
vt 0.378438 0.861203
vt 0.36903 0.630738
vt 0.36903 0.868393
vt 0.649728 0.698485
vt 0.647887 0.698485
vt 0.648045 0.718859
vt 0.647887 0.718859
vt 0.649728 0.718859
vt 0.975615 0.125178
vt 0.967598 0.130044
vt 0.968553 0.131617
vt 0.964247 0.134231
vt 0.960542 0.134326
vt 0.976571 0.126751
vt 0.961053 0.142919
vt 0.957348 0.143014
vt 0.963761 0.153572
vt 0.965555 0.150329
vt 0.972946 0.154747
vt 0.97474 0.151505
vt 0.976571 0.152547
vt 0.975809 0.151293
vt 0.975615 0.150974
vt 0.849734 0.948173
vt 0.855506 0.963588
vt 0.855506 0.955376
vt 0.837378 0.948173
vt 0.831606 0.963588
vt 0.831606 0.955376
vt 0.855506 0.972948
vt 0.831606 0.972948
vt 0.815102 0.235415
vt 0.815807 0.363301
vt 0.815807 0.125178
vt 0.813291 0.231048
vt 0.808919 0.229239
vt 0.807552 0.125179
vt 0.807552 0.229239
vt 0.815102 0.31116
vt 0.811566 0.334785
vt 0.811566 0.350115
vt 0.811566 0.363302
vt 0.813291 0.315528
vt 0.808919 0.317338
vt 0.807552 0.334786
vt 0.807552 0.317338
vt 0.82308 0.125358
vt 0.82308 0.363482
vt 0.806935 0.317338
vt 0.803938 0.334787
vt 0.806935 0.22924
vt 0.798144 0.125181
vt 0.802563 0.31553
vt 0.798144 0.334788
vt 0.800752 0.311162
vt 0.802563 0.23105
vt 0.800752 0.235418
vt 0.431985 0.630552
vt 0.431985 0.868781
vt 0.444341 0.868781
vt 0.444341 0.630552
vt 0.796848 0.714448
vt 0.804121 0.714273
vt 0.804121 0.476143
vt 0.796848 0.476318
vt 0.812375 0.714274
vt 0.812375 0.476144
vt 0.821784 0.476146
vt 0.821784 0.721464
vt 0.977565 0.31714
vt 0.957348 0.31714
vt 0.957348 0.331579
vt 0.96312 0.309901
vt 0.971793 0.309901
vt 0.977565 0.331579
vt 0.796848 0.731282
vt 0.796848 0.961735
vt 0.805521 0.961735
vt 0.805521 0.731282
vt 0.400507 0.861024
vt 0.409298 0.764619
vt 0.404926 0.762809
vt 0.414953 0.861026
vt 0.411282 0.764619
vt 0.414953 0.763101
vt 0.404553 0.761909
vt 0.422163 0.861204
vt 0.415651 0.762828
vt 0.417454 0.758504
vt 0.422163 0.63073
vt 0.417454 0.682757
vt 0.415651 0.678345
vt 0.414953 0.678037
vt 0.414953 0.630553
vt 0.413929 0.65907
vt 0.403115 0.75844
vt 0.400507 0.659068
vt 0.403115 0.682694
vt 0.404926 0.678326
vt 0.408017 0.677047
vt 0.406301 0.659069
vt 0.408751 0.659069
vt 0.409298 0.676517
vt 0.413929 0.64374
vt 0.413929 0.630552
vt 0.411282 0.676518
vt 0.9886 0.168992
vt 0.982805 0.164564
vt 0.982805 0.18494
vt 0.9886 0.184941
vt 0.868596 0.974375
vt 0.870161 0.968584
vt 0.868596 0.968584
vt 0.870437 0.974375
vt 0.870437 0.968584
vt 0.868596 0.976824
vt 0.870437 0.977988
vt 0.868596 0.982
vt 0.870437 0.982
vt 0.492129 0.48314
vt 0.490661 0.496326
vt 0.492129 0.496326
vt 0.490287 0.48314
vt 0.490287 0.496326
vt 0.490287 0.467811
vt 0.492129 0.467811
vt 0.982956 0.786907
vt 0.982956 0.807282
vt 0.98875 0.802854
vt 0.98875 0.786906
vt 0.941467 0.965513
vt 0.939626 0.965513
vt 0.939626 0.981468
vt 0.941467 0.981468
vt 0.994634 0.004909
vt 0.994476 0.010673
vt 0.994634 0.010673
vt 0.992793 0.004909
vt 0.992793 0.010673
vt 0.994184 0.034763
vt 0.992342 0.034763
vt 0.992342 0.040537
vt 0.994184 0.040537
vt 0.987474 0.276687
vt 0.989315 0.279637
vt 0.989315 0.276687
vt 0.987474 0.28086
vt 0.989315 0.28086
vt 0.987474 0.281474
vt 0.989315 0.282834
vt 0.987474 0.282834
vt 0.989315 0.286634
vt 0.987474 0.28736
vt 0.989874 0.28736
vt 0.816787 0.731282
vt 0.815343 0.73571
vt 0.819188 0.73571
vt 0.819188 0.731282
vt 0.815343 0.811449
vt 0.819188 0.811449
vt 0.816787 0.815757
vt 0.819188 0.815757
vt 0.541115 0.839358
vt 0.542957 0.835903
vt 0.541115 0.835903
vt 0.542957 0.840254
vt 0.541115 0.840254
vt 0.542957 0.760125
vt 0.541115 0.760125
vt 0.542957 0.755736
vt 0.541115 0.755736
vt 0.989788 0.316248
vt 0.987946 0.319923
vt 0.989788 0.320625
vt 0.987946 0.316248
vt 0.989788 0.314881
vt 0.987387 0.320625
vt 0.987946 0.314264
vt 0.989788 0.314264
vt 0.987946 0.309901
vt 0.989788 0.309901
vt 0.96351 0.47648
vt 0.96351 0.504008
vt 0.966153 0.50367
vt 0.966153 0.476143
vt 0.727664 0.759641
vt 0.755323 0.760478
vt 0.755339 0.757755
vt 0.727681 0.756919
vt 0.97303 0.50367
vt 0.975673 0.504008
vt 0.975673 0.47648
vt 0.97303 0.476143
vt 0.685012 0.87302
vt 0.684996 0.870295
vt 0.657337 0.871132
vt 0.657354 0.873856
vt 0.5308 0.93171
vt 0.518636 0.93171
vt 0.528156 0.934348
vt 0.521279 0.934348
vt 0.5308 0.810026
vt 0.518636 0.810026
vt 0.521279 0.807388
vt 0.528156 0.807388
vt 0.585123 0.791593
vt 0.589394 0.790013
vt 0.589394 0.666346
vt 0.585123 0.664566
vt 0.559022 0.791593
vt 0.559022 0.664566
vt 0.554751 0.666346
vt 0.554751 0.790013
vt 0.727664 0.982112
vt 0.733978 0.979498
vt 0.73028 0.979498
vt 0.727664 0.985809
vt 0.73028 0.988423
vt 0.736593 0.982112
vt 0.736593 0.985809
vt 0.733978 0.988423
vt 0.897055 0.476143
vt 0.897055 0.739568
vt 0.900464 0.739612
vt 0.900464 0.476187
vt 0.917127 0.47619
vt 0.917127 0.739592
vt 0.920544 0.739545
vt 0.920544 0.476143
vt 0.91371 0.476143
vt 0.91371 0.739545
vt 0.917127 0.739592
vt 0.917127 0.47619
vt 0.755308 0.982101
vt 0.746415 0.985826
vt 0.752703 0.988417
vt 0.755308 0.985796
vt 0.74902 0.988429
vt 0.74902 0.97951
vt 0.746415 0.982131
vt 0.752703 0.979498
vt 0.910922 0.388596
vt 0.910922 0.125178
vt 0.907513 0.125223
vt 0.907513 0.388641
vt 0.890858 0.125193
vt 0.890858 0.388726
vt 0.894275 0.388712
vt 0.894275 0.125178
vt 0.914347 0.38864
vt 0.914347 0.125222
vt 0.910922 0.125178
vt 0.910922 0.388596
vt 0.894275 0.125178
vt 0.894275 0.388712
vt 0.897692 0.388726
vt 0.897692 0.125193
vt 0.900464 0.476187
vt 0.900464 0.739612
vt 0.903888 0.739569
vt 0.903888 0.476144
vt 0.350318 0.80451
vt 0.350318 0.810286
vt 0.352161 0.810286
vt 0.352161 0.80267
vt 0.33353 0.80451
vt 0.352161 0.821942
vt 0.350318 0.821942
vt 0.352161 0.830266
vt 0.350318 0.830266
vt 0.352161 0.832186
vt 0.350318 0.832186
vt 0.350318 0.911722
vt 0.352161 0.913563
vt 0.331687 0.913563
vt 0.33353 0.911722
vt 0.331687 0.832186
vt 0.33353 0.832186
vt 0.331687 0.830266
vt 0.33353 0.830266
vt 0.331687 0.821942
vt 0.33353 0.821942
vt 0.331687 0.810286
vt 0.33353 0.810286
vt 0.331687 0.80267
vt 0.800378 0.028966
vt 0.816557 0.028966
vt 0.800378 0.021191
vt 0.816557 0.021191
vt 0.800378 0.010304
vt 0.816557 0.010304
vt 0.800378 0.004909
vt 0.816557 0.004909
vt 0.800378 0.030758
vt 0.816557 0.030758
vt 0.800378 0.105048
vt 0.816557 0.105048
vt 0.877767 0.004909
vt 0.860978 0.004909
vt 0.861283 0.088003
vt 0.877462 0.088002
vt 0.716122 0.152691
vt 0.715909 0.150783
vt 0.647302 0.153634
vt 0.647116 0.155475
vt 0.724948 0.231762
vt 0.639399 0.231762
vt 0.64811 0.145651
vt 0.714986 0.142508
vt 0.649241 0.134471
vt 0.713693 0.13092
vt 0.649802 0.128931
vt 0.713052 0.125178
vt 0.264301 0.88489
vt 0.247513 0.88489
vt 0.247818 0.948034
vt 0.263996 0.948034
vt 0.767321 0.989021
vt 0.765539 0.988844
vt 0.76627 0.990346
vt 0.76787 0.990728
vt 0.769371 0.988887
vt 0.766966 0.986944
vt 0.765161 0.987143
vt 0.769126 0.986712
vt 0.765173 0.985402
vt 0.766877 0.984843
vt 0.768909 0.984539
vt 0.770983 0.984407
vt 0.771314 0.986482
vt 0.771427 0.988584
vt 0.771312 0.990362
vt 0.77283 0.984588
vt 0.769605 0.990733
vt 0.773195 0.98803
vt 0.773195 0.986289
vt 0.77283 0.989649
vt 0.770498 0.982705
vt 0.768751 0.982699
vt 0.772133 0.983089
vt 0.767057 0.983071
vt 0.765573 0.983786
vt 0.041155 0.984634
vt 0.041798 0.982903
vt 0.040244 0.983304
vt 0.03949 0.984806
vt 0.04083 0.986677
vt 0.043211 0.984714
vt 0.043513 0.982881
vt 0.042955 0.986886
vt 0.045228 0.98324
vt 0.045318 0.985043
vt 0.045163 0.987103
vt 0.044913 0.989153
vt 0.042783 0.989066
vt 0.04075 0.988743
vt 0.039151 0.98825
vt 0.044473 0.990904
vt 0.039114 0.986508
vt 0.041043 0.990566
vt 0.042721 0.990922
vt 0.039597 0.98987
vt 0.046781 0.989001
vt 0.04712 0.987295
vt 0.046134 0.990513
vt 0.04712 0.985556
vt 0.046781 0.983948
vt 0.220574 0.984891
vt 0.222344 0.985445
vt 0.221978 0.983827
vt 0.22046 0.983114
vt 0.218518 0.984589
vt 0.220461 0.986994
vt 0.222344 0.987187
vt 0.218273 0.986764
vt 0.221978 0.988887
vt 0.220131 0.989069
vt 0.218056 0.988937
vt 0.216025 0.988633
vt 0.216113 0.986532
vt 0.216468 0.984455
vt 0.217018 0.982748
vt 0.214322 0.988074
vt 0.218753 0.982743
vt 0.214687 0.984632
vt 0.21431 0.986333
vt 0.215419 0.98313
vt 0.216206 0.990405
vt 0.2179 0.990777
vt 0.214722 0.98969
vt 0.219647 0.990771
vt 0.221282 0.990387
vt 0.851198 0.988648
vt 0.849463 0.988082
vt 0.849841 0.989698
vt 0.85134 0.990419
vt 0.853241 0.98896
vt 0.851305 0.986548
vt 0.849463 0.986341
vt 0.85348 0.986788
vt 0.84984 0.984641
vt 0.851656 0.984472
vt 0.853718 0.984613
vt 0.855762 0.984922
vt 0.855654 0.987025
vt 0.855304 0.989098
vt 0.854782 0.990797
vt 0.857498 0.98548
vt 0.85304 0.990797
vt 0.857121 0.988921
vt 0.857498 0.987222
vt 0.856401 0.990417
vt 0.855621 0.983142
vt 0.853921 0.982766
vt 0.857121 0.983859
vt 0.852179 0.982765
vt 0.85056 0.98314
vt 0.465643 0.984369
vt 0.467414 0.984929
vt 0.467049 0.983313
vt 0.46553 0.982598
vt 0.463587 0.984065
vt 0.46553 0.98647
vt 0.467414 0.986669
vt 0.463342 0.986238
vt 0.467049 0.988371
vt 0.4652 0.988547
vt 0.463126 0.988414
vt 0.461094 0.988112
vt 0.461182 0.986009
vt 0.461537 0.983934
vt 0.462088 0.982233
vt 0.459393 0.98756
vt 0.463823 0.982226
vt 0.459758 0.984118
vt 0.45938 0.985818
vt 0.46049 0.982619
vt 0.461277 0.989891
vt 0.462971 0.990261
vt 0.459794 0.989179
vt 0.464718 0.990255
vt 0.466354 0.989874
vt 0.833308 0.984948
vt 0.833483 0.983144
vt 0.831984 0.983869
vt 0.831606 0.985482
vt 0.833448 0.987006
vt 0.835384 0.984595
vt 0.835183 0.982765
vt 0.835621 0.986763
vt 0.836925 0.982767
vt 0.837486 0.984491
vt 0.837796 0.98653
vt 0.837936 0.988595
vt 0.83586 0.988941
vt 0.833758 0.989053
vt 0.831983 0.988922
vt 0.837764 0.990421
vt 0.831606 0.987221
vt 0.834322 0.990798
vt 0.836063 0.990796
vt 0.832703 0.990427
vt 0.839641 0.988084
vt 0.839641 0.986341
vt 0.839264 0.989708
vt 0.839264 0.984643
vt 0.838545 0.983151
vt 0.816896 0.839342
vt 0.819793 0.840014
vt 0.819882 0.827811
vt 0.820808 0.828583
vt 0.818081 0.826311
vt 0.815965 0.839126
vt 0.81743 0.840532
vt 0.818789 0.840847
vt 0.81972 0.841063
vt 0.816274 0.849516
vt 0.815343 0.8493
vt 0.815455 0.854062
vt 0.820724 0.840229
vt 0.817198 0.825575
vt 0.820724 0.840229
vt 0.817633 0.849831
vt 0.81972 0.841063
vt 0.818564 0.850046
vt 0.816499 0.840316
vt 0.816399 0.854281
vt 0.817778 0.854601
vt 0.818462 0.865592
vt 0.81751 0.865655
vt 0.818723 0.854818
vt 0.819855 0.865499
vt 0.820808 0.865435
vt 0.108513 0.980342
vt 0.107551 0.980103
vt 0.107551 0.989917
vt 0.108513 0.990237
vt 0.11405 0.990157
vt 0.114051 0.980262
vt 0.114992 0.98981
vt 0.114992 0.979996
vt 0.983283 0.982038
vt 0.983283 0.97028
vt 0.976164 0.97028
vt 0.984235 0.982014
vt 0.976164 0.982038
vt 0.984235 0.97044
vt 0.975212 0.982014
vt 0.975212 0.97044
vt 0.357348 0.969734
vt 0.359053 0.971082
vt 0.358553 0.97013
vt 0.353381 0.971075
vt 0.353381 0.978187
vt 0.359053 0.978193
vt 0.357348 0.979537
vt 0.358553 0.979144
vt 0.355006 0.979534
vt 0.353857 0.979139
vt 0.355006 0.969731
vt 0.353857 0.970124
vt 0.320535 0.855398
vt 0.320448 0.843196
vt 0.317551 0.843867
vt 0.31808 0.842682
vt 0.318735 0.856898
vt 0.319439 0.842367
vt 0.320367 0.842154
vt 0.321459 0.854629
vt 0.321376 0.842983
vt 0.316618 0.844085
vt 0.317849 0.857637
vt 0.321376 0.842983
vt 0.316925 0.833698
vt 0.318284 0.833383
vt 0.317051 0.828934
vt 0.320367 0.842154
vt 0.319212 0.83317
vt 0.315992 0.833916
vt 0.317146 0.8429
vt 0.316105 0.829154
vt 0.31816 0.817562
vt 0.319116 0.817623
vt 0.31843 0.828614
vt 0.320509 0.817716
vt 0.319372 0.828399
vt 0.321459 0.817783
vt 0.86823 0.719747
vt 0.865328 0.719747
vt 0.866285 0.721093
vt 0.86823 0.71421
vt 0.867273 0.721093
vt 0.867949 0.720699
vt 0.865608 0.720699
vt 0.865328 0.71421
vt 0.867273 0.712864
vt 0.866285 0.712864
vt 0.865608 0.713258
vt 0.867949 0.713258
vt 0.886892 0.976213
vt 0.881353 0.976213
vt 0.881353 0.984089
vt 0.8804 0.976052
vt 0.886892 0.984089
vt 0.8804 0.983929
vt 0.881353 0.987832
vt 0.886892 0.987832
vt 0.887844 0.983929
vt 0.887844 0.976053
vt 0.8804 0.987668
vt 0.887844 0.987668
vt 0.928062 0.975439
vt 0.928062 0.982955
vt 0.929015 0.983142
vt 0.929015 0.975626
vt 0.922523 0.982955
vt 0.922523 0.975439
vt 0.921571 0.983142
vt 0.921571 0.975626
vt 0.929015 0.986624
vt 0.928062 0.986432
vt 0.922523 0.986432
vt 0.921571 0.986624
vt 0.928062 0.975439
vt 0.928852 0.97415
vt 0.921733 0.97415
vt 0.929015 0.975626
vt 0.922523 0.975439
vt 0.921571 0.975626
vt 0.929804 0.974337
vt 0.920781 0.974337
vt 0.649015 0.730785
vt 0.649015 0.736321
vt 0.650246 0.737119
vt 0.650246 0.730006
vt 0.648685 0.729839
vt 0.649916 0.729059
vt 0.649118 0.728676
vt 0.647887 0.729456
vt 0.648685 0.737277
vt 0.649916 0.738076
vt 0.649118 0.738481
vt 0.647887 0.737683
vt 0.928852 0.965513
vt 0.928852 0.97415
vt 0.929804 0.974337
vt 0.921733 0.965513
vt 0.929804 0.965526
vt 0.921733 0.97415
vt 0.920781 0.974337
vt 0.920781 0.965526
vt 0.984414 0.654526
vt 0.984413 0.646467
vt 0.983478 0.646789
vt 0.983478 0.654915
vt 0.989948 0.646321
vt 0.989949 0.654379
vt 0.990916 0.646592
vt 0.990916 0.654718
vt 0.973296 0.570324
vt 0.977362 0.570221
vt 0.977362 0.546976
vt 0.973296 0.547079
vt 0.968351 0.570358
vt 0.968351 0.547113
vt 0.96351 0.570312
vt 0.96351 0.547068
vt 0.503864 0.949812
vt 0.498935 0.949812
vt 0.498935 0.973067
vt 0.503864 0.973067
vt 0.507538 0.949812
vt 0.507538 0.973067
vt 0.494073 0.973067
vt 0.494073 0.949812
vt 0.490579 0.973067
vt 0.490579 0.949812
vt 0.9684 0.67879
vt 0.96351 0.67879
vt 0.96351 0.702046
vt 0.9684 0.702046
vt 0.973291 0.67879
vt 0.973291 0.702046
vt 0.967822 0.537143
vt 0.972837 0.537159
vt 0.972837 0.513909
vt 0.967822 0.513893
vt 0.96351 0.537075
vt 0.96351 0.513825
vt 0.977551 0.513868
vt 0.977551 0.537118
vt 0.957348 0.276834
vt 0.957348 0.300084
vt 0.962171 0.299983
vt 0.962171 0.276733
vt 0.967497 0.299937
vt 0.967497 0.276687
vt 0.973163 0.299955
vt 0.973163 0.276705
vt 0.977652 0.300033
vt 0.977652 0.276783
vt 0.96911 0.613248
vt 0.96911 0.636503
vt 0.974561 0.636503
vt 0.974561 0.613248
vt 0.96351 0.613248
vt 0.96351 0.636503
vt 0.974571 0.60343
vt 0.974571 0.580175
vt 0.96904 0.580175
vt 0.969041 0.60343
vt 0.96351 0.580175
vt 0.96351 0.60343
vt 0.967142 0.243446
vt 0.967142 0.26669
vt 0.972612 0.266741
vt 0.972612 0.243497
vt 0.977771 0.26687
vt 0.977771 0.243625
vt 0.961555 0.243484
vt 0.961555 0.266728
vt 0.957348 0.243601
vt 0.957348 0.266845
vt 0.460608 0.957962
vt 0.463143 0.953573
vt 0.462244 0.952674
vt 0.45938 0.957633
vt 0.460608 0.963029
vt 0.45938 0.963358
vt 0.463143 0.967418
vt 0.462244 0.968316
vt 0.467622 0.970282
vt 0.467534 0.972409
vt 0.472878 0.970977
vt 0.472352 0.969015
vt 0.477082 0.967748
vt 0.467205 0.949812
vt 0.467533 0.951039
vt 0.472603 0.951039
vt 0.472932 0.949812
vt 0.477893 0.952674
vt 0.476994 0.953573
vt 0.480757 0.957633
vt 0.479529 0.957962
vt 0.479529 0.963029
vt 0.480757 0.963358
vt 0.478222 0.969546
vt 0.080027 0.971582
vt 0.07758 0.966864
vt 0.076353 0.967193
vt 0.078887 0.97338
vt 0.084231 0.974811
vt 0.076353 0.961467
vt 0.07758 0.961796
vt 0.080115 0.957408
vt 0.079217 0.956509
vt 0.084506 0.954874
vt 0.084177 0.953647
vt 0.089905 0.953647
vt 0.089576 0.954874
vt 0.093967 0.957408
vt 0.094865 0.95651
vt 0.084757 0.972849
vt 0.089488 0.974116
vt 0.089575 0.976243
vt 0.094865 0.972151
vt 0.093967 0.971252
vt 0.097729 0.967193
vt 0.096502 0.966864
vt 0.097729 0.961468
vt 0.096502 0.961796
vt 0.894377 0.93569
vt 0.880409 0.960317
vt 0.894341 0.960302
vt 0.88045 0.931946
vt 0.890646 0.931935
vt 0.880407 0.961732
vt 0.899921 0.961732
vt 0.8804 0.966235
vt 0.899915 0.966235
vt 0.976851 0.20901
vt 0.957348 0.20901
vt 0.957348 0.233628
vt 0.976851 0.233628
vt 0.976171 0.039435
vt 0.98252 0.054288
vt 0.981378 0.034763
vt 0.962991 0.054288
vt 0.978063 0.034763
vt 0.969305 0.039435
vt 0.963945 0.034763
vt 0.967671 0.034763
vt 0.973254 0.093053
vt 0.962991 0.093053
vt 0.962991 0.112573
vt 0.973254 0.112573
vt 0.986673 0.228419
vt 0.986673 0.232924
vt 0.990395 0.232924
vt 0.990395 0.228419
vt 0.669892 0.959404
vt 0.65037 0.959404
vt 0.65037 0.963909
vt 0.669892 0.95799
vt 0.669892 0.963909
vt 0.65037 0.95799
vt 0.669892 0.929611
vt 0.65037 0.929612
vt 0.865635 0.911475
vt 0.864798 0.917786
vt 0.870321 0.913107
vt 0.870321 0.916831
vt 0.865635 0.904612
vt 0.864798 0.898266
vt 0.870321 0.902719
vt 0.870321 0.899406
vt 0.700384 0.953426
vt 0.694834 0.954868
vt 0.714398 0.954857
vt 0.714398 0.953443
vt 0.694834 0.95937
vt 0.714398 0.959359
vt 0.700384 0.928819
vt 0.714398 0.925078
vt 0.704143 0.925065
vt 0.790377 0.110102
vt 0.785516 0.108873
vt 0.785516 0.114576
vt 0.790377 0.114606
vt 0.356692 0.993859
vt 0.356692 0.989354
vt 0.353381 0.989354
vt 0.353381 0.993859
vt 0.315992 0.874309
vt 0.321699 0.874309
vt 0.321699 0.867454
vt 0.315992 0.867454
vt 0.236901 0.988445
vt 0.236901 0.982743
vt 0.232166 0.983986
vt 0.232166 0.988488
vt 0.977054 0.112568
vt 0.977054 0.093048
vt 0.973254 0.093053
vt 0.973254 0.112573
vt 0.80248 0.981931
vt 0.80248 0.971553
vt 0.79818 0.981931
vt 0.795139 0.978891
vt 0.795139 0.974593
vt 0.79818 0.971553
vt 0.805521 0.978891
vt 0.805521 0.974593
vt 0.955008 0.97332
vt 0.96539 0.977619
vt 0.962349 0.97028
vt 0.955007 0.977619
vt 0.958049 0.980659
vt 0.962349 0.980659
vt 0.958049 0.97028
vt 0.96539 0.97332
vt 0.984796 0.874063
vt 0.988847 0.874063
vt 0.988847 0.850504
vt 0.984796 0.850504
vt 0.316178 0.979757
vt 0.320109 0.979757
vt 0.320109 0.956197
vt 0.316178 0.956197
vt 0.312165 0.979757
vt 0.316178 0.979757
vt 0.316178 0.956197
vt 0.312165 0.956197
vt 0.980911 0.874063
vt 0.984796 0.874063
vt 0.984796 0.850504
vt 0.980911 0.850504
vt 0.97506 0.404787
vt 0.971025 0.404831
vt 0.971025 0.42838
vt 0.97506 0.428336
vt 0.576278 0.965035
vt 0.57252 0.965081
vt 0.57252 0.988635
vt 0.576278 0.988589
vt 0.978965 0.404841
vt 0.97506 0.404787
vt 0.97506 0.428336
vt 0.978965 0.42839
vt 0.580414 0.965061
vt 0.576278 0.965035
vt 0.576278 0.988589
vt 0.580414 0.988615
vt 0.616217 0.98165
vt 0.616217 0.959794
vt 0.597018 0.959794
vt 0.597018 0.98165
vt 0.787026 0.476143
vt 0.765161 0.476143
vt 0.765161 0.757023
vt 0.787026 0.757023
vt 0.247513 0.957851
vt 0.247513 0.979707
vt 0.266711 0.979707
vt 0.266711 0.957851
vt 0.881036 0.125178
vt 0.86188 0.125178
vt 0.86188 0.411366
vt 0.881036 0.411366
vt 0.832902 0.125178
vt 0.832902 0.411366
vt 0.852058 0.411366
vt 0.852058 0.125178
vt 0.766457 0.405544
vt 0.788322 0.405544
vt 0.788322 0.125178
vt 0.766457 0.125178
vt 0.672956 0.476143
vt 0.672877 0.71775
vt 0.685012 0.71775
vt 0.685012 0.476143
vt 0.6609 0.476143
vt 0.660742 0.71775
vt 0.672877 0.730162
vt 0.660742 0.734597
vt 0.664223 0.736697
vt 0.66971 0.738608
vt 0.676045 0.738608
vt 0.681531 0.736697
vt 0.685012 0.734597
vt 0.719105 0.496901
vt 0.706969 0.496901
vt 0.707048 0.739022
vt 0.719105 0.739022
vt 0.694992 0.739022
vt 0.694834 0.496901
vt 0.706969 0.484603
vt 0.719105 0.480147
vt 0.715623 0.47805
vt 0.710137 0.476143
vt 0.703802 0.476143
vt 0.698316 0.47805
vt 0.694834 0.480147
vt 0.881902 0.906038
vt 0.8804 0.906006
vt 0.886082 0.922092
vt 0.886082 0.659374
vt 0.887233 0.922117
vt 0.887233 0.659399
vt 0.64904 0.688668
vt 0.64904 0.676617
vt 0.647887 0.676617
vt 0.647887 0.688668
vt 0.647887 0.664566
vt 0.64904 0.664566
vt 0.636914 0.927309
vt 0.638065 0.927284
vt 0.632735 0.680645
vt 0.631233 0.680677
vt 0.636914 0.66459
vt 0.638065 0.664566
vt 0.491078 0.526924
vt 0.490287 0.530403
vt 0.491441 0.530403
vt 0.492231 0.526924
vt 0.491798 0.52144
vt 0.492951 0.52144
vt 0.491798 0.515107
vt 0.492951 0.515107
vt 0.492231 0.509623
vt 0.491078 0.509623
vt 0.491441 0.506143
vt 0.490287 0.506143
vt 0.783017 0.991927
vt 0.784075 0.991927
vt 0.784075 0.982699
vt 0.783017 0.982699
vt 0.428849 0.986669
vt 0.428849 0.977249
vt 0.41996 0.977249
vt 0.41996 0.986669
vt 0.986876 0.093048
vt 0.986876 0.102293
vt 0.99273 0.102293
vt 0.99273 0.093048
vt 0.987373 0.522571
vt 0.993227 0.522571
vt 0.990829 0.513825
vt 0.989771 0.513825
vt 0.897666 0.976053
vt 0.897666 0.985473
vt 0.906556 0.985472
vt 0.906556 0.976052
vt 0.987183 0.555722
vt 0.993038 0.555722
vt 0.99064 0.546976
vt 0.989581 0.546976
vt 0.443195 0.315267
vt 0.443193 0.620735

usemtl _Plain
usemap _Plain
f 1/1/1 2/2/2 3/3/3
f 1/1/1 3/3/3 4/4/4
f 1/1/1 4/4/4 5/5/5
f 4/4/4 3/3/3 6/6/6
f 7/7/7 6/6/6 3/3/3
f 6/6/6 7/7/7 8/8/8
f 2/2/2 9/9/9 3/3/3
f 7/7/7 3/3/3 9/9/9
f 2/2/2 10/10/10 9/9/9
f 1/1/1 5/5/5 11/11/11
f 12/12/12 5/5/5 4/4/4
f 4/4/4 6/6/6 12/12/12
f 12/12/12 13/13/13 5/5/5
f 13/13/13 12/12/12 14/14/14
f 15/15/15 14/14/14 12/12/12
f 6/6/6 8/8/8 15/15/15
f 15/15/15 12/12/12 6/6/6
f 15/15/15 16/16/16 14/14/14
f 15/15/15 17/17/17 16/16/16
f 8/8/8 17/17/17 15/15/15
f 18/18/18 16/16/16 17/17/17
f 16/16/16 18/18/18 19/19/19
f 8/8/8 20/20/20 17/17/17
f 21/21/21 17/17/17 20/20/20
f 18/18/18 17/17/17 21/21/21
f 16/16/16 22/22/22 14/14/14
f 13/13/13 14/14/14 22/22/22
f 16/16/16 23/23/23 22/22/22
f 16/16/16 19/19/19 23/23/23
f 21/21/21 24/24/24 18/18/18
f 24/24/24 19/19/19 18/18/18
f 21/21/21 25/25/25 24/24/24
f 24/24/24 26/26/26 19/19/19
f 21/21/21 20/20/20 27/27/27
f 27/27/27 25/25/25 21/21/21
f 27/27/27 28/28/28 25/25/25
f 29/29/29 30/30/30 31/31/31
f 32/32/32 30/30/30 29/29/29
f 31/31/31 30/30/30 33/33/33
f 29/29/29 31/31/31 34/34/34
f 35/35/35 29/29/29 34/34/34
f 36/36/36 32/32/32 29/29/29
f 37/37/37 32/32/32 36/36/36
f 38/38/38 37/37/37 36/36/36
f 38/38/38 36/36/36 39/39/39
f 30/30/30 32/32/32 40/40/40
f 30/30/30 40/40/40 41/41/41
f 41/41/41 40/40/40 42/42/42
f 43/43/43 41/41/41 42/42/42
f 43/43/43 44/44/44 41/41/41
f 35/35/35 34/34/34 45/45/45
f 31/31/31 33/33/33 46/46/46
f 47/47/47 48/48/48 49/49/49
f 47/47/47 49/49/49 50/50/50
f 48/48/48 51/51/51 49/49/49
f 48/48/48 52/52/52 51/51/51
f 53/53/53 52/52/52 48/48/48
f 54/54/54 47/47/47 50/50/50
f 54/54/54 55/55/55 47/47/47
f 54/54/54 56/56/56 55/55/55
f 54/54/54 57/57/57 56/56/56
f 58/58/58 55/55/55 56/56/56
f 55/55/55 58/58/58 59/59/59
f 59/59/59 48/48/48 47/47/47
f 55/55/55 59/59/59 47/47/47
f 59/59/59 60/60/60 48/48/48
f 53/53/53 48/48/48 60/60/60
f 57/57/57 54/54/54 61/61/61
f 62/62/62 61/61/61 54/54/54
f 49/49/49 62/62/62 50/50/50
f 62/62/62 54/54/54 50/50/50
f 49/49/49 63/63/63 62/62/62
f 64/64/64 63/63/63 49/49/49
f 64/64/64 49/49/49 51/51/51
f 58/58/58 56/56/56 65/65/65
f 57/57/57 61/61/61 66/66/66
f 67/67/67 68/68/68 69/69/69
f 67/67/67 69/69/69 70/70/70
f 71/71/71 72/72/72 73/73/73
f 71/71/71 73/73/73 74/74/74
f 75/75/75 71/71/71 74/74/74
f 75/75/75 76/76/76 71/71/71
f 77/77/77 76/76/76 75/75/75
f 77/77/77 78/78/78 76/76/76
f 77/77/77 79/79/79 78/78/78
f 78/78/78 79/79/79 80/80/80
f 81/81/81 80/80/80 79/79/79
f 82/82/82 80/80/80 81/81/81
f 82/82/82 81/81/81 83/83/83
f 83/83/83 81/81/81 84/84/84
f 84/84/84 85/85/85 83/83/83
f 84/84/84 86/86/86 85/85/85
f 86/86/86 87/87/87 85/85/85
f 86/86/86 88/88/88 87/87/87
f 88/88/88 89/89/89 87/87/87
f 88/88/88 90/90/90 89/89/89
f 91/91/91 92/92/92 93/93/93
f 91/91/91 93/93/93 94/94/94
f 95/95/95 92/92/92 91/91/91
f 96/96/96 92/92/92 95/95/95
f 95/95/95 91/91/91 97/97/97
f 97/97/97 91/91/91 98/98/98
f 99/99/99 92/92/92 96/96/96
f 100/100/100 92/92/92 99/99/99
f 101/101/101 102/102/102 103/103/103
f 101/101/101 103/103/103 104/104/104
f 105/105/105 106/106/106 107/107/107
f 105/105/105 107/107/107 108/108/108
f 109/109/109 110/110/110 111/111/111
f 109/109/109 111/111/111 112/112/112
f 109/109/109 112/112/112 113/113/113
f 114/114/114 110/110/110 109/109/109
f 115/115/115 110/110/110 114/114/114
f 110/110/110 115/115/115 116/116/116
f 117/117/117 118/118/118 119/119/119
f 120/120/120 118/118/118 117/117/117
f 117/117/117 119/119/119 121/121/121
f 121/121/121 119/119/119 122/122/122
f 123/123/123 122/122/122 119/119/119
f 123/123/123 124/124/124 122/122/122
f 125/125/125 123/123/123 119/119/119
f 120/120/120 125/125/125 118/118/118
f 125/125/125 119/119/119 118/118/118
f 120/120/120 126/126/126 125/125/125
f 120/120/120 117/117/117 127/127/127
f 121/121/121 122/122/122 128/128/128
f 129/129/129 130/130/130 131/131/131
f 129/129/129 131/131/131 132/132/132
f 133/133/133 134/134/134 135/135/135
f 133/133/133 135/135/135 136/136/136
f 137/137/137 138/138/138 139/139/139
f 137/137/137 139/139/139 140/140/140
f 140/140/140 141/141/141 137/137/137
f 140/140/140 142/142/142 141/141/141
f 142/142/142 140/140/140 143/143/143
f 139/139/139 143/143/143 140/140/140
f 144/144/144 137/137/137 141/141/141
f 144/144/144 138/138/138 137/137/137
f 144/144/144 145/145/145 138/138/138
f 139/139/139 146/146/146 143/143/143
f 142/142/142 143/143/143 147/147/147
f 144/144/144 141/141/141 148/148/148
f 149/149/149 150/150/150 151/151/151
f 149/149/149 151/151/151 152/152/152
f 152/152/152 151/151/151 153/153/153
f 152/152/152 153/153/153 154/154/154
f 155/155/155 152/152/152 154/154/154
f 155/155/155 149/149/149 152/152/152
f 155/155/155 156/156/156 149/149/149
f 157/157/157 156/156/156 155/155/155
f 157/157/157 158/158/158 156/156/156
f 155/155/155 159/159/159 157/157/157
f 155/155/155 160/160/160 159/159/159
f 155/155/155 154/154/154 160/160/160
f 161/161/161 150/150/150 149/149/149
f 156/156/156 161/161/161 149/149/149
f 161/161/161 162/162/162 150/150/150
f 156/156/156 163/163/163 161/161/161
f 158/158/158 163/163/163 156/156/156
f 158/158/158 164/164/164 163/163/163
f 165/165/165 166/166/166 167/167/167
f 165/165/165 167/167/167 168/168/168
f 165/165/165 169/169/169 166/166/166
f 165/165/165 170/170/170 169/169/169
f 171/171/171 166/166/166 169/169/169
f 166/166/166 171/171/171 172/172/172
f 166/166/166 172/172/172 167/167/167
f 171/171/171 169/169/169 173/173/173
f 174/174/174 170/170/170 165/165/165
f 174/174/174 175/175/175 170/170/170
f 176/176/176 174/174/174 165/165/165
f 176/176/176 165/165/165 168/168/168
f 177/177/177 178/178/178 179/179/179
f 179/179/179 178/178/178 180/180/180
f 181/181/181 178/178/178 177/177/177
f 178/178/178 181/181/181 182/182/182
f 178/178/178 182/182/182 180/180/180
f 177/177/177 179/179/179 183/183/183
f 184/184/184 177/177/177 183/183/183
f 185/185/185 177/177/177 184/184/184
f 181/181/181 177/177/177 185/185/185
f 183/183/183 179/179/179 186/186/186
f 187/187/187 186/186/186 179/179/179
f 179/179/179 180/180/180 188/188/188
f 187/187/187 179/179/179 188/188/188
f 184/184/184 183/183/183 189/189/189
f 190/190/190 188/188/188 180/180/180
f 182/182/182 190/190/190 180/180/180
f 190/190/190 191/191/191 188/188/188
f 191/191/191 187/187/187 188/188/188
f 182/182/182 192/192/192 190/190/190
f 191/191/191 193/193/193 187/187/187
f 185/185/185 184/184/184 194/194/194
f 195/195/195 189/189/189 183/183/183
f 183/183/183 186/186/186 195/195/195
f 195/195/195 196/196/196 189/189/189
f 197/197/197 198/198/198 199/199/199
f 197/197/197 199/199/199 200/200/200
f 197/197/197 201/201/201 198/198/198
f 197/197/197 202/202/202 201/201/201
f 202/202/202 203/203/203 201/201/201
f 202/202/202 204/204/204 203/203/203
f 205/205/205 203/203/203 204/204/204
f 205/205/205 206/206/206 203/203/203
f 205/205/205 207/207/207 206/206/206
f 208/208/208 206/206/206 207/207/207
f 206/206/206 208/208/208 209/209/209
f 208/208/208 210/210/210 209/209/209
f 209/209/209 210/210/210 211/211/211
f 212/212/212 209/209/209 211/211/211
f 209/209/209 212/212/212 213/213/213
f 213/213/213 212/212/212 214/214/214
f 215/215/215 213/213/213 214/214/214
f 212/212/212 211/211/211 216/216/216
f 212/212/212 216/216/216 217/217/217
f 217/217/217 216/216/216 218/218/218
f 216/216/216 219/219/219 218/218/218
f 216/216/216 211/211/211 219/219/219
f 211/211/211 210/210/210 220/220/220
f 221/221/221 207/207/207 205/205/205
f 207/207/207 221/221/221 222/222/222
f 212/212/212 217/217/217 223/223/223
f 223/223/223 214/214/214 212/212/212
f 223/223/223 224/224/224 214/214/214
f 215/215/215 214/214/214 224/224/224
f 217/217/217 218/218/218 225/225/225
f 218/218/218 226/226/226 225/225/225
f 218/218/218 227/227/227 226/226/226
f 219/219/219 227/227/227 218/218/218
f 228/228/228 226/226/226 227/227/227
f 228/228/228 227/227/227 229/229/229
f 228/228/228 229/229/229 230/230/230
f 228/228/228 230/230/230 231/231/231
f 230/230/230 232/232/232 231/231/231
f 230/230/230 233/233/233 232/232/232
f 234/234/234 232/232/232 233/233/233
f 234/234/234 233/233/233 235/235/235
f 235/235/235 236/236/236 234/234/234
f 235/235/235 237/237/237 236/236/236
f 236/236/236 237/237/237 238/238/238
f 236/236/236 238/238/238 239/239/239
f 238/238/238 240/240/240 239/239/239
f 238/238/238 241/241/241 240/240/240
f 240/240/240 241/241/241 242/242/242
f 240/240/240 242/242/242 243/243/243
f 243/243/243 242/242/242 244/244/244
f 243/243/243 244/244/244 245/245/245
f 244/244/244 246/246/246 245/245/245
f 244/244/244 247/247/247 246/246/246
f 247/247/247 248/248/248 246/246/246
f 247/247/247 249/249/249 248/248/248
f 215/215/215 248/248/248 249/249/249
f 215/215/215 249/249/249 213/213/213
f 237/237/237 250/250/250 238/238/238
f 238/238/238 250/250/250 241/241/241
f 237/237/237 251/251/251 250/250/250
f 241/241/241 252/252/252 242/242/242
f 252/252/252 241/241/241 250/250/250
f 252/252/252 253/253/253 242/242/242
f 242/242/242 253/253/253 244/244/244
f 244/244/244 253/253/253 247/247/247
f 249/249/249 209/209/209 213/213/213
f 247/247/247 209/209/209 249/249/249
f 247/247/247 253/253/253 209/209/209
f 254/254/254 251/251/251 237/237/237
f 255/255/255 254/254/254 237/237/237
f 255/255/255 237/237/237 256/256/256
f 256/256/256 257/257/257 255/255/255
f 258/258/258 255/255/255 257/257/257
f 256/256/256 259/259/259 257/257/257
f 258/258/258 257/257/257 260/260/260
f 260/260/260 261/261/261 258/258/258
f 260/260/260 262/262/262 261/261/261
f 263/263/263 261/261/261 262/262/262
f 263/263/263 262/262/262 264/264/264
f 265/265/265 259/259/259 256/256/256
f 265/265/265 266/266/266 259/259/259
f 266/266/266 265/265/265 267/267/267
f 266/266/266 267/267/267 268/268/268
f 267/267/267 269/269/269 268/268/268
f 267/267/267 270/270/270 269/269/269
f 271/271/271 269/269/269 270/270/270
f 271/271/271 270/270/270 272/272/272
f 271/271/271 272/272/272 273/273/273
f 271/271/271 273/273/273 274/274/274
f 274/274/274 273/273/273 275/275/275
f 276/276/276 275/275/275 273/273/273
f 274/274/274 275/275/275 277/277/277
f 275/275/275 278/278/278 277/277/277
f 275/275/275 279/279/279 278/278/278
f 276/276/276 279/279/279 275/275/275
f 280/280/280 278/278/278 279/279/279
f 280/280/280 281/281/281 278/278/278
f 280/280/280 282/282/282 281/281/281
f 280/280/280 283/283/283 282/282/282
f 282/282/282 283/283/283 284/284/284
f 282/282/282 284/284/284 285/285/285
f 286/286/286 285/285/285 284/284/284
f 286/286/286 287/287/287 285/285/285
f 287/287/287 286/286/286 263/263/263
f 276/276/276 273/273/273 288/288/288
f 286/286/286 289/289/289 263/263/263
f 284/284/284 290/290/290 286/286/286
f 289/289/289 286/286/286 290/290/290
f 263/263/263 289/289/289 291/291/291
f 263/263/263 291/291/291 261/261/261
f 261/261/261 291/291/291 292/292/292
f 261/261/261 292/292/292 258/258/258
f 258/258/258 292/292/292 293/293/293
f 258/258/258 293/293/293 255/255/255
f 255/255/255 293/293/293 254/254/254
f 290/290/290 284/284/284 294/294/294
f 295/295/295 290/290/290 294/294/294
f 295/295/295 296/296/296 290/290/290
f 290/290/290 296/296/296 297/297/297
f 290/290/290 297/297/297 289/289/289
f 287/287/287 263/263/263 264/264/264
f 272/272/272 288/288/288 273/273/273
f 288/288/288 272/272/272 298/298/298
f 298/298/298 272/272/272 299/299/299
f 270/270/270 299/299/299 272/272/272
f 299/299/299 270/270/270 300/300/300
f 300/300/300 270/270/270 301/301/301
f 301/301/301 302/302/302 300/300/300
f 300/300/300 302/302/302 303/303/303
f 302/302/302 304/304/304 303/303/303
f 302/302/302 305/305/305 304/304/304
f 306/306/306 305/305/305 302/302/302
f 307/307/307 303/303/303 304/304/304
f 307/307/307 308/308/308 303/303/303
f 306/306/306 302/302/302 309/309/309
f 310/310/310 306/306/306 309/309/309
f 310/310/310 309/309/309 311/311/311
f 312/312/312 308/308/308 307/307/307
f 312/312/312 313/313/313 308/308/308
f 312/312/312 314/314/314 313/313/313
f 312/312/312 315/315/315 314/314/314
f 316/316/316 314/314/314 315/315/315
f 316/316/316 317/317/317 314/314/314
f 317/317/317 316/316/316 318/318/318
f 317/317/317 318/318/318 319/319/319
f 318/318/318 320/320/320 319/319/319
f 321/321/321 322/322/322 320/320/320
f 321/321/321 323/323/323 322/322/322
f 323/323/323 324/324/324 322/322/322
f 323/323/323 325/325/325 324/324/324
f 325/325/325 326/326/326 324/324/324
f 325/325/325 327/327/327 326/326/326
f 328/328/328 329/329/329 330/330/330
f 328/328/328 330/330/330 331/331/331
f 332/332/332 328/328/328 331/331/331
f 332/332/332 333/333/333 328/328/328
f 334/334/334 333/333/333 332/332/332
f 334/334/334 335/335/335 333/333/333
f 336/336/336 335/335/335 334/334/334
f 336/336/336 334/334/334 337/337/337
f 329/329/329 338/338/338 330/330/330
f 338/338/338 329/329/329 339/339/339
f 339/339/339 329/329/329 340/340/340
f 339/339/339 340/340/340 341/341/341
f 341/341/341 340/340/340 342/342/342
f 341/341/341 342/342/342 343/343/343
f 343/343/343 342/342/342 344/344/344
f 345/345/345 344/344/344 342/342/342
f 342/342/342 340/340/340 345/345/345
f 345/345/345 346/346/346 344/344/344
f 347/347/347 346/346/346 345/345/345
f 345/345/345 340/340/340 347/347/347
f 347/347/347 348/348/348 346/346/346
f 349/349/349 348/348/348 347/347/347
f 349/349/349 350/350/350 348/348/348
f 349/349/349 351/351/351 350/350/350
f 349/349/349 352/352/352 351/351/351
f 352/352/352 353/353/353 351/351/351
f 352/352/352 354/354/354 353/353/353
f 355/355/355 353/353/353 354/354/354
f 355/355/355 356/356/356 353/353/353
f 355/355/355 357/357/357 356/356/356
f 355/355/355 358/358/358 357/357/357
f 359/359/359 357/357/357 358/358/358
f 359/359/359 360/360/360 357/357/357
f 361/361/361 360/360/360 359/359/359
f 361/361/361 362/362/362 360/360/360
f 362/362/362 361/361/361 363/363/363
f 364/364/364 361/361/361 359/359/359
f 364/364/364 363/363/363 361/361/361
f 364/364/364 365/365/365 363/363/363
f 363/363/363 365/365/365 366/366/366
f 367/367/367 365/365/365 364/364/364
f 367/367/367 368/368/368 365/365/365
f 368/368/368 366/366/366 365/365/365
f 368/368/368 369/369/369 366/366/366
f 369/369/369 368/368/368 370/370/370
f 371/371/371 368/368/368 367/367/367
f 368/368/368 371/371/371 370/370/370
f 370/370/370 371/371/371 372/372/372
f 370/370/370 372/372/372 373/373/373
f 374/374/374 372/372/372 371/371/371
f 372/372/372 374/374/374 375/375/375
f 375/375/375 373/373/373 372/372/372
f 375/375/375 376/376/376 373/373/373
f 375/375/375 374/374/374 343/343/343
f 343/343/343 376/376/376 375/375/375
f 343/343/343 377/377/377 376/376/376
f 363/363/363 366/366/366 378/378/378
f 370/370/370 373/373/373 379/379/379
f 369/369/369 370/370/370 379/379/379
f 343/343/343 344/344/344 377/377/377
f 380/380/380 343/343/343 374/374/374
f 341/341/341 343/343/343 380/380/380
f 362/362/362 363/363/363 378/378/378
f 381/381/381 382/382/382 383/383/383
f 384/384/384 382/382/382 381/381/381
f 381/381/381 383/383/383 385/385/385
f 385/385/385 383/383/383 386/386/386
f 386/386/386 383/383/383 387/387/387
f 388/388/388 387/387/387 383/383/383
f 388/388/388 383/383/383 382/382/382
f 384/384/384 388/388/388 382/382/382
f 384/384/384 389/389/389 388/388/388
f 388/388/388 390/390/390 387/387/387
f 388/388/388 391/391/391 390/390/390
f 392/392/392 391/391/391 388/388/388
f 392/392/392 388/388/388 389/389/389
f 387/387/387 390/390/390 393/393/393
f 391/391/391 394/394/394 390/390/390
f 394/394/394 393/393/393 390/390/390
f 391/391/391 395/395/395 394/394/394
f 392/392/392 395/395/395 391/391/391
f 392/392/392 396/396/396 395/395/395
f 394/394/394 397/397/397 393/393/393
f 385/385/385 386/386/386 398/398/398
f 386/386/386 387/387/387 399/399/399
f 387/387/387 393/393/393 399/399/399
f 384/384/384 381/381/381 400/400/400
f 401/401/401 402/402/402 403/403/403
f 401/401/401 403/403/403 404/404/404
f 404/404/404 403/403/403 405/405/405
f 406/406/406 405/405/405 403/403/403
f 406/406/406 407/407/407 405/405/405
f 408/408/408 407/407/407 406/406/406
f 408/408/408 409/409/409 407/407/407
f 408/408/408 410/410/410 409/409/409
f 408/408/408 411/411/411 410/410/410
f 410/410/410 411/411/411 412/412/412
f 412/412/412 401/401/401 404/404/404
f 410/410/410 412/412/412 413/413/413
f 404/404/404 413/413/413 412/412/412
f 404/404/404 414/414/414 413/413/413
f 404/404/404 405/405/405 414/414/414
f 406/406/406 403/403/403 415/415/415
f 416/416/416 406/406/406 415/415/415
f 406/406/406 416/416/416 408/408/408
f 417/417/417 416/416/416 415/415/415
f 417/417/417 418/418/418 416/416/416
f 415/415/415 419/419/419 417/417/417
f 415/415/415 420/420/420 419/419/419
f 420/420/420 415/415/415 421/421/421
f 419/419/419 422/422/422 417/417/417
f 422/422/422 418/418/418 417/417/417
f 419/419/419 423/423/423 422/422/422
f 423/423/423 424/424/424 422/422/422
f 423/423/423 425/425/425 424/424/424
f 424/424/424 425/425/425 426/426/426
f 424/424/424 426/426/426 427/427/427
f 426/426/426 428/428/428 427/427/427
f 426/426/426 429/429/429 428/428/428
f 430/430/430 428/428/428 429/429/429
f 430/430/430 431/431/431 428/428/428
f 431/431/431 430/430/430 432/432/432
f 431/431/431 432/432/432 421/421/421
f 420/420/420 421/421/421 432/432/432
f 421/421/421 402/402/402 431/431/431
f 433/433/433 431/431/431 402/402/402
f 434/434/434 431/431/431 433/433/433
f 428/428/428 434/434/434 427/427/427
f 431/431/431 434/434/434 428/428/428
f 402/402/402 421/421/421 403/403/403
f 415/415/415 403/403/403 421/421/421
f 435/435/435 427/427/427 434/434/434
f 424/424/424 427/427/427 435/435/435
f 422/422/422 424/424/424 435/435/435
f 422/422/422 435/435/435 418/418/418
f 436/436/436 437/437/437 438/438/438
f 436/436/436 438/438/438 439/439/439
f 439/439/439 438/438/438 440/440/440
f 439/439/439 440/440/440 441/441/441
f 441/441/441 440/440/440 442/442/442
f 441/441/441 442/442/442 443/443/443
f 442/442/442 444/444/444 443/443/443
f 445/445/445 444/444/444 442/442/442
f 446/446/446 444/444/444 445/445/445
f 443/443/443 444/444/444 447/447/447
f 443/443/443 447/447/447 448/448/448
f 448/448/448 447/447/447 449/449/449
f 450/450/450 451/451/451 452/452/452
f 450/450/450 452/452/452 453/453/453
f 454/454/454 453/453/453 452/452/452
f 454/454/454 455/455/455 453/453/453
f 456/456/456 455/455/455 454/454/454
f 456/456/456 457/457/457 455/455/455
f 458/458/458 457/457/457 456/456/456
f 458/458/458 459/459/459 457/457/457
f 460/460/460 459/459/459 458/458/458
f 460/460/460 461/461/461 459/459/459
f 450/450/450 462/462/462 451/451/451
f 450/450/450 463/463/463 462/462/462
f 462/462/462 463/463/463 464/464/464
f 462/462/462 464/464/464 465/465/465
f 465/465/465 464/464/464 466/466/466
f 467/467/467 461/461/461 460/460/460
f 467/467/467 468/468/468 461/461/461
f 469/469/469 468/468/468 467/467/467
f 469/469/469 470/470/470 468/468/468
f 471/471/471 470/470/470 469/469/469
f 471/471/471 472/472/472 470/470/470
f 465/465/465 466/466/466 473/473/473
f 474/474/474 472/472/472 471/471/471
f 474/474/474 475/475/475 472/472/472
f 476/476/476 475/475/475 474/474/474
f 476/476/476 477/477/477 475/475/475
f 478/478/478 473/473/473 466/466/466
f 478/478/478 479/479/479 473/473/473
f 479/479/479 478/478/478 480/480/480
f 479/479/479 480/480/480 481/481/481
f 482/482/482 483/483/483 484/484/484
f 482/482/482 484/484/484 485/485/485
f 485/485/485 484/484/484 486/486/486
f 485/485/485 486/486/486 487/487/487
f 487/487/487 486/486/486 488/488/488
f 487/487/487 488/488/488 489/489/489
f 489/489/489 488/488/488 490/490/490
f 489/489/489 490/490/490 491/491/491
f 492/492/492 482/482/482 485/485/485
f 493/493/493 483/483/483 482/482/482
f 493/493/493 494/494/494 483/483/483
f 495/495/495 494/494/494 493/493/493
f 495/495/495 496/496/496 494/494/494
f 497/497/497 496/496/496 495/495/495
f 497/497/497 498/498/498 496/496/496
f 499/499/499 500/500/500 501/501/501
f 499/499/499 501/501/501 502/502/502
f 503/503/503 504/504/504 505/505/505
f 503/503/503 505/505/505 506/506/506
f 507/507/507 504/504/504 503/503/503
f 507/507/507 508/508/508 504/504/504
f 504/504/504 508/508/508 509/509/509
f 510/510/510 508/508/508 507/507/507
f 510/510/510 511/511/511 508/508/508
f 511/511/511 509/509/509 508/508/508
f 511/511/511 512/512/512 509/509/509
f 504/504/504 513/513/513 505/505/505
f 504/504/504 514/514/514 513/513/513
f 504/504/504 509/509/509 514/514/514
f 515/515/515 516/516/516 517/517/517
f 515/515/515 517/517/517 518/518/518
f 519/519/519 520/520/520 521/521/521
f 519/519/519 521/521/521 522/522/522
f 523/523/523 524/524/524 525/525/525
f 523/523/523 525/525/525 526/526/526
f 527/527/527 523/523/523 526/526/526
f 528/528/528 524/524/524 523/523/523
f 528/528/528 529/529/529 524/524/524
f 527/527/527 526/526/526 530/530/530
f 531/531/531 532/532/532 533/533/533
f 532/532/532 531/531/531 534/534/534
f 531/531/531 533/533/533 535/535/535
f 536/536/536 534/534/534 531/531/531
f 535/535/535 536/536/536 531/531/531
f 536/536/536 537/537/537 534/534/534
f 532/532/532 534/534/534 538/538/538
f 539/539/539 532/532/532 538/538/538
f 540/540/540 532/532/532 539/539/539
f 539/539/539 538/538/538 541/541/541
f 542/542/542 539/539/539 541/541/541
f 543/543/543 537/537/537 536/536/536
f 543/543/543 544/544/544 537/537/537
f 543/543/543 545/545/545 544/544/544
f 543/543/543 546/546/546 545/545/545
f 547/547/547 545/545/545 546/546/546
f 547/547/547 548/548/548 545/545/545
f 547/547/547 542/542/542 549/549/549
f 547/547/547 549/549/549 548/548/548
f 542/542/542 541/541/541 549/549/549
f 550/550/550 536/536/536 535/535/535
f 550/550/550 543/543/543 536/536/536
f 550/550/550 546/546/546 543/543/543
f 540/540/540 539/539/539 551/551/551
f 539/539/539 542/542/542 551/551/551
f 551/551/551 542/542/542 552/552/552
f 552/552/552 542/542/542 553/553/553
f 553/553/553 546/546/546 550/550/550
f 553/553/553 547/547/547 546/546/546
f 553/553/553 542/542/542 547/547/547
f 554/554/554 540/540/540 551/551/551
f 554/554/554 555/555/555 540/540/540
f 556/556/556 540/540/540 555/555/555
f 556/556/556 557/557/557 540/540/540
f 556/556/556 558/558/558 557/557/557
f 559/559/559 557/557/557 558/558/558
f 559/559/559 560/560/560 557/557/557
f 561/561/561 560/560/560 559/559/559
f 561/561/561 562/562/562 560/560/560
f 561/561/561 563/563/563 562/562/562
f 561/561/561 564/564/564 563/563/563
f 565/565/565 563/563/563 564/564/564
f 565/565/565 566/566/566 563/563/563
f 565/565/565 555/555/555 566/566/566
f 555/555/555 554/554/554 566/566/566
f 565/565/565 567/567/567 555/555/555
f 556/556/556 555/555/555 567/567/567
f 568/568/568 566/566/566 554/554/554
f 568/568/568 554/554/554 569/569/569
f 568/568/568 569/569/569 570/570/570
f 571/571/571 568/568/568 570/570/570
f 566/566/566 572/572/572 563/563/563
f 566/566/566 568/568/568 572/572/572
f 572/572/572 568/568/568 573/573/573
f 574/574/574 572/572/572 573/573/573
f 574/574/574 575/575/575 572/572/572
f 576/576/576 574/574/574 573/573/573
f 575/575/575 577/577/577 572/572/572
f 572/572/572 577/577/577 563/563/563
f 563/563/563 577/577/577 562/562/562
f 575/575/575 578/578/578 577/577/577
f 579/579/579 577/577/577 578/578/578
f 579/579/579 580/580/580 577/577/577
f 580/580/580 562/562/562 577/577/577
f 579/579/579 581/581/581 580/580/580
f 579/579/579 582/582/582 581/581/581
f 576/576/576 573/573/573 583/583/583
f 576/576/576 583/583/583 584/584/584
f 576/576/576 584/584/584 585/585/585
f 585/585/585 584/584/584 586/586/586
f 585/585/585 586/586/586 587/587/587
f 588/588/588 587/587/587 586/586/586
f 588/588/588 586/586/586 589/589/589
f 590/590/590 588/588/588 589/589/589
f 590/590/590 589/589/589 591/591/591
f 592/592/592 590/590/590 591/591/591
f 592/592/592 591/591/591 593/593/593
f 594/594/594 592/592/592 593/593/593
f 594/594/594 593/593/593 595/595/595
f 594/594/594 595/595/595 596/596/596
f 594/594/594 596/596/596 597/597/597
f 598/598/598 597/597/597 596/596/596
f 598/598/598 596/596/596 599/599/599
f 598/598/598 599/599/599 600/600/600
f 598/598/598 600/600/600 601/601/601
f 602/602/602 601/601/601 600/600/600
f 602/602/602 603/603/603 601/601/601
f 603/603/603 602/602/602 581/581/581
f 603/603/603 581/581/581 582/582/582
f 364/364/364 593/593/593 591/591/591
f 359/359/359 593/593/593 364/364/364
f 358/358/358 593/593/593 359/359/359
f 358/358/358 595/595/595 593/593/593
f 604/604/604 595/595/595 358/358/358
f 358/358/358 605/605/605 604/604/604
f 358/358/358 606/606/606 605/605/605
f 355/355/355 606/606/606 358/358/358
f 354/354/354 606/606/606 355/355/355
f 599/599/599 607/607/607 600/600/600
f 600/600/600 608/608/608 602/602/602
f 607/607/607 608/608/608 600/600/600
f 606/606/606 354/354/354 609/609/609
f 352/352/352 609/609/609 354/354/354
f 609/609/609 352/352/352 610/610/610
f 349/349/349 610/610/610 352/352/352
f 347/347/347 610/610/610 349/349/349
f 610/610/610 347/347/347 340/340/340
f 364/364/364 611/611/611 612/612/612
f 367/367/367 612/612/612 613/613/613
f 367/367/367 613/613/613 614/614/614
f 614/614/614 613/613/613 615/615/615
f 614/614/614 615/615/615 616/616/616
f 364/364/364 612/612/612 367/367/367
f 364/364/364 591/591/591 617/617/617
f 617/617/617 591/591/591 589/589/589
f 589/589/589 586/586/586 617/617/617
f 617/617/617 586/586/586 618/618/618
f 617/617/617 618/618/618 619/619/619
f 619/619/619 618/618/618 620/620/620
f 621/621/621 619/619/619 620/620/620
f 619/619/619 621/621/621 622/622/622
f 619/619/619 622/622/622 623/623/623
f 621/621/621 620/620/620 624/624/624
f 620/620/620 625/625/625 624/624/624
f 620/620/620 626/626/626 625/625/625
f 626/626/626 627/627/627 625/625/625
f 626/626/626 628/628/628 627/627/627
f 628/628/628 629/629/629 627/627/627
f 628/628/628 630/630/630 629/629/629
f 618/618/618 586/586/586 631/631/631
f 631/631/631 586/586/586 584/584/584
f 631/631/631 584/584/584 632/632/632
f 632/632/632 584/584/584 633/633/633
f 633/633/633 584/584/584 583/583/583
f 568/568/568 633/633/633 583/583/583
f 568/568/568 583/583/583 573/573/573
f 630/630/630 571/571/571 634/634/634
f 571/571/571 570/570/570 634/634/634
f 635/635/635 636/636/636 637/637/637
f 636/636/636 635/635/635 638/638/638
f 635/635/635 637/637/637 639/639/639
f 636/636/636 638/638/638 640/640/640
f 637/637/637 641/641/641 639/639/639
f 637/637/637 642/642/642 641/641/641
f 643/643/643 644/644/644 645/645/645
f 646/646/646 645/645/645 644/644/644
f 647/647/647 645/645/645 646/646/646
f 644/644/644 643/643/643 648/648/648
f 643/643/643 645/645/645 649/649/649
f 643/643/643 649/649/649 650/650/650
f 651/651/651 649/649/649 645/645/645
f 651/651/651 645/645/645 647/647/647
f 649/649/649 651/651/651 652/652/652
f 649/649/649 652/652/652 650/650/650
f 646/646/646 644/644/644 653/653/653
f 653/653/653 644/644/644 654/654/654
f 644/644/644 648/648/648 654/654/654
f 643/643/643 650/650/650 655/655/655
f 643/643/643 655/655/655 656/656/656
f 643/643/643 656/656/656 648/648/648
f 650/650/650 657/657/657 655/655/655
f 650/650/650 658/658/658 657/657/657
f 652/652/652 658/658/658 650/650/650
f 652/652/652 659/659/659 658/658/658
f 655/655/655 657/657/657 660/660/660
f 655/655/655 660/660/660 656/656/656
f 653/653/653 654/654/654 661/661/661
f 647/647/647 646/646/646 662/662/662
f 663/663/663 664/664/664 665/665/665
f 666/666/666 665/665/665 664/664/664
f 663/663/663 665/665/665 667/667/667
f 668/668/668 667/667/667 665/665/665
f 666/666/666 664/664/664 669/669/669
f 670/670/670 666/666/666 669/669/669
f 670/670/670 669/669/669 671/671/671
f 672/672/672 663/663/663 667/667/667
f 668/668/668 672/672/672 667/667/667
f 672/672/672 673/673/673 663/663/663
f 668/668/668 674/674/674 672/672/672
f 671/671/671 675/675/675 670/670/670
f 671/671/671 676/676/676 675/675/675
f 677/677/677 675/675/675 676/676/676
f 678/678/678 670/670/670 675/675/675
f 678/678/678 666/666/666 670/670/670
f 678/678/678 679/679/679 666/666/666
f 679/679/679 665/665/665 666/666/666
f 679/679/679 680/680/680 665/665/665
f 668/668/668 665/665/665 680/680/680
f 681/681/681 675/675/675 677/677/677
f 678/678/678 675/675/675 681/681/681
f 677/677/677 676/676/676 682/682/682
f 669/669/669 683/683/683 671/671/671
f 683/683/683 676/676/676 671/671/671
f 669/669/669 684/684/684 683/683/683
f 683/683/683 685/685/685 676/676/676
f 685/685/685 682/682/682 676/676/676
f 685/685/685 686/686/686 682/682/682
f 681/681/681 677/677/677 687/687/687
f 673/673/673 688/688/688 689/689/689
f 689/689/689 690/690/690 664/664/664
f 664/664/664 690/690/690 684/684/684
f 689/689/689 664/664/664 663/663/663
f 673/673/673 689/689/689 663/663/663
f 664/664/664 684/684/684 669/669/669
f 691/691/691 692/692/692 693/693/693
f 691/691/691 693/693/693 694/694/694
f 695/695/695 691/691/691 694/694/694
f 696/696/696 692/692/692 691/691/691
f 695/695/695 696/696/696 691/691/691
f 696/696/696 697/697/697 692/692/692
f 695/695/695 698/698/698 696/696/696
f 697/697/697 699/699/699 692/692/692
f 697/697/697 700/700/700 699/699/699
f 692/692/692 699/699/699 701/701/701
f 692/692/692 701/701/701 693/693/693
f 695/695/695 694/694/694 702/702/702
f 703/703/703 704/704/704 705/705/705
f 705/705/705 704/704/704 706/706/706
f 707/707/707 704/704/704 703/703/703
f 708/708/708 704/704/704 707/707/707
f 708/708/708 706/706/706 704/704/704
f 708/708/708 709/709/709 706/706/706
f 705/705/705 706/706/706 710/710/710
f 703/703/703 711/711/711 707/707/707
f 703/703/703 712/712/712 711/711/711
f 713/713/713 714/714/714 715/715/715
f 713/713/713 715/715/715 716/716/716
f 717/717/717 714/714/714 713/713/713
f 717/717/717 718/718/718 714/714/714
f 719/719/719 718/718/718 717/717/717
f 719/719/719 720/720/720 718/718/718
f 719/719/719 721/721/721 720/720/720
f 719/719/719 722/722/722 721/721/721
f 722/722/722 723/723/723 721/721/721
f 722/722/722 724/724/724 723/723/723
f 725/725/725 723/723/723 724/724/724
f 725/725/725 726/726/726 723/723/723
f 727/727/727 728/728/728 729/729/729
f 727/727/727 729/729/729 730/730/730
f 731/731/731 727/727/727 730/730/730
f 732/732/732 727/727/727 731/731/731
f 732/732/732 728/728/728 727/727/727
f 732/732/732 733/733/733 728/728/728
f 731/731/731 730/730/730 734/734/734
f 734/734/734 730/730/730 735/735/735
f 729/729/729 735/735/735 730/730/730
f 729/729/729 736/736/736 735/735/735
f 728/728/728 737/737/737 729/729/729
f 728/728/728 738/738/738 737/737/737
f 739/739/739 738/738/738 728/728/728
f 739/739/739 728/728/728 733/733/733
f 729/729/729 737/737/737 740/740/740
f 729/729/729 740/740/740 736/736/736
f 732/732/732 731/731/731 741/741/741
f 734/734/734 735/735/735 742/742/742
f 743/743/743 744/744/744 745/745/745
f 746/746/746 747/747/747 748/748/748
f 749/749/749 747/747/747 746/746/746
f 746/746/746 748/748/748 750/750/750
f 750/750/750 748/748/748 751/751/751
f 750/750/750 751/751/751 752/752/752
f 749/749/749 746/746/746 753/753/753
f 754/754/754 755/755/755 756/756/756
f 756/756/756 755/755/755 757/757/757
f 754/754/754 756/756/756 758/758/758
f 759/759/759 754/754/754 758/758/758
f 759/759/759 758/758/758 760/760/760
f 756/756/756 757/757/757 761/761/761
f 762/762/762 763/763/763 764/764/764
f 762/762/762 764/764/764 765/765/765
f 766/766/766 767/767/767 768/768/768
f 769/769/769 767/767/767 766/766/766
f 770/770/770 767/767/767 769/769/769
f 771/771/771 767/767/767 770/770/770
f 772/772/772 771/771/771 770/770/770
f 771/771/771 772/772/772 773/773/773
f 774/774/774 775/775/775 776/776/776
f 776/776/776 775/775/775 777/777/777
f 775/775/775 774/774/774 778/778/778
f 774/774/774 779/779/779 778/778/778
f 780/780/780 778/778/778 779/779/779
f 778/778/778 780/780/780 781/781/781
f 782/782/782 783/783/783 784/784/784
f 784/784/784 783/783/783 785/785/785
f 786/786/786 783/783/783 782/782/782
f 787/787/787 783/783/783 786/786/786
f 787/787/787 786/786/786 788/788/788
f 788/788/788 786/786/786 789/789/789
f 790/790/790 791/791/791 792/792/792
f 790/790/790 792/792/792 793/793/793
f 794/794/794 795/795/795 796/796/796
f 794/794/794 796/796/796 797/797/797
f 798/798/798 799/799/799 800/800/800
f 798/798/798 800/800/800 801/801/801
f 802/802/802 803/803/803 804/804/804
f 802/802/802 804/804/804 805/805/805
f 806/806/806 807/807/807 808/808/808
f 806/806/806 808/808/808 809/809/809
f 810/810/810 811/811/811 812/812/812
f 813/813/813 811/811/811 810/810/810
f 810/810/810 812/812/812 814/814/814
f 813/813/813 810/810/810 815/815/815
f 816/816/816 814/814/814 812/812/812
f 816/816/816 817/817/817 814/814/814
f 818/818/818 819/819/819 820/820/820
f 818/818/818 820/820/820 821/821/821
f 819/819/819 822/822/822 820/820/820
f 819/819/819 823/823/823 822/822/822
f 824/824/824 825/825/825 826/826/826
f 824/824/824 826/826/826 827/827/827
f 828/828/828 829/829/829 830/830/830
f 828/828/828 830/830/830 831/831/831
f 832/832/832 828/828/828 831/831/831
f 832/832/832 831/831/831 833/833/833
f 834/834/834 835/835/835 836/836/836
f 834/834/834 836/836/836 837/837/837
f 834/834/834 837/837/837 838/838/838
f 839/839/839 836/836/836 835/835/835
f 839/839/839 840/840/840 836/836/836
f 834/834/834 838/838/838 841/841/841
f 842/842/842 843/843/843 844/844/844
f 842/842/842 844/844/844 845/845/845
f 846/846/846 842/842/842 845/845/845
f 846/846/846 845/845/845 847/847/847
f 846/846/846 847/847/847 848/848/848
f 846/846/846 848/848/848 849/849/849
f 850/850/850 849/849/849 848/848/848
f 850/850/850 848/848/848 851/851/851
f 850/850/850 851/851/851 852/852/852
f 850/850/850 852/852/852 853/853/853
f 854/854/854 855/855/855 856/856/856
f 854/854/854 856/856/856 857/857/857
f 854/854/854 858/858/858 855/855/855
f 854/854/854 859/859/859 858/858/858
f 860/860/860 861/861/861 862/862/862
f 860/860/860 862/862/862 863/863/863
f 864/864/864 860/860/860 863/863/863
f 864/864/864 863/863/863 865/865/865
f 866/866/866 864/864/864 865/865/865
f 867/867/867 862/862/862 861/861/861
f 867/867/867 868/868/868 862/862/862
f 866/866/866 865/865/865 869/869/869
f 870/870/870 871/871/871 872/872/872
f 870/870/870 872/872/872 873/873/873
f 874/874/874 875/875/875 876/876/876
f 874/874/874 876/876/876 877/877/877
f 878/878/878 876/876/876 875/875/875
f 878/878/878 879/879/879 876/876/876
f 878/878/878 880/880/880 879/879/879
f 878/878/878 881/881/881 880/880/880
f 554/554/554 882/882/882 883/883/883
f 554/554/554 883/883/883 569/569/569
f 884/884/884 883/883/883 882/882/882
f 884/884/884 885/885/885 883/883/883
f 886/886/886 885/885/885 884/884/884
f 886/886/886 887/887/887 885/885/885
f 888/888/888 889/889/889 890/890/890
f 888/888/888 890/890/890 891/891/891
f 888/888/888 892/892/892 889/889/889
f 888/888/888 893/893/893 892/892/892
f 894/894/894 895/895/895 896/896/896
f 894/894/894 896/896/896 897/897/897
f 897/897/897 896/896/896 898/898/898
f 897/897/897 898/898/898 899/899/899
f 899/899/899 898/898/898 900/900/900
f 901/901/901 895/895/895 894/894/894
f 901/901/901 902/902/902 895/895/895
f 903/903/903 904/904/904 900/900/900
f 903/903/903 900/900/900 905/905/905
f 903/903/903 905/905/905 906/906/906
f 903/903/903 906/906/906 907/907/907
f 908/908/908 909/909/909 910/910/910
f 908/908/908 910/910/910 911/911/911
f 911/911/911 910/910/910 912/912/912
f 908/908/908 913/913/913 909/909/909
f 908/908/908 914/914/914 913/913/913
f 915/915/915 913/913/913 914/914/914
f 915/915/915 916/916/916 913/913/913
f 915/915/915 917/917/917 916/916/916
f 915/915/915 918/918/918 917/917/917
f 911/911/911 912/912/912 919/919/919
f 920/920/920 919/919/919 912/912/912
f 920/920/920 912/912/912 921/921/921
f 922/922/922 923/923/923 924/924/924
f 922/922/922 924/924/924 925/925/925
f 926/926/926 924/924/924 923/923/923
f 926/926/926 927/927/927 924/924/924
f 928/928/928 927/927/927 926/926/926
f 928/928/928 929/929/929 927/927/927
f 930/930/930 931/931/931 932/932/932
f 930/930/930 932/932/932 933/933/933
f 934/934/934 935/935/935 936/936/936
f 934/934/934 936/936/936 937/937/937
f 938/938/938 939/939/939 940/940/940
f 938/938/938 940/940/940 941/941/941
f 942/942/942 938/938/938 941/941/941
f 942/942/942 941/941/941 943/943/943
f 942/942/942 943/943/943 944/944/944
f 942/942/942 944/944/944 945/945/945
f 945/945/945 944/944/944 946/946/946
f 945/945/945 946/946/946 947/947/947
f 948/948/948 949/949/949 950/950/950
f 948/948/948 950/950/950 951/951/951
f 951/951/951 950/950/950 952/952/952
f 951/951/951 952/952/952 953/953/953
f 954/954/954 953/953/953 952/952/952
f 954/954/954 952/952/952 955/955/955
f 956/956/956 954/954/954 955/955/955
f 956/956/956 955/955/955 957/957/957
f 958/958/958 959/959/959 960/960/960
f 961/961/961 962/962/962 963/963/963
f 964/964/964 965/965/965 966/966/966
f 967/967/967 968/968/968 969/969/969
f 967/967/967 969/969/969 970/970/970
f 971/971/971 972/972/972 973/973/973
f 971/971/971 973/973/973 974/974/974
f 975/975/975 533/533/533 560/560/560
f 560/560/560 533/533/533 557/557/557
f 532/532/532 557/557/557 533/533/533
f 557/557/557 532/532/532 540/540/540
f 562/562/562 975/975/975 560/560/560
f 562/562/562 580/580/580 975/975/975
f 580/580/580 581/581/581 975/975/975
f 975/975/975 581/581/581 976/976/976
f 602/602/602 976/976/976 581/581/581
f 976/976/976 602/602/602 608/608/608
f 977/977/977 978/978/978 979/979/979
f 980/980/980 981/981/981 982/982/982
f 983/983/983 984/984/984 985/985/985
f 986/986/986 987/987/987 988/988/988
f 989/989/989 229/229/229 990/990/990
f 229/229/229 227/227/227 990/990/990
f 990/990/990 227/227/227 219/219/219
f 989/989/989 230/230/230 229/229/229
f 989/989/989 233/233/233 230/230/230
f 989/989/989 235/235/235 233/233/233
f 256/256/256 235/235/235 989/989/989
f 256/256/256 989/989/989 265/265/265
f 301/301/301 265/265/265 989/989/989
f 267/267/267 265/265/265 301/301/301
f 270/270/270 267/267/267 301/301/301
f 256/256/256 237/237/237 235/235/235
f 283/283/283 294/294/294 284/284/284
f 283/283/283 411/411/411 294/294/294
f 280/280/280 411/411/411 283/283/283
f 411/411/411 280/280/280 412/412/412
f 412/412/412 280/280/280 279/279/279
f 412/412/412 279/279/279 276/276/276
f 401/401/401 412/412/412 276/276/276
f 408/408/408 294/294/294 411/411/411
f 408/408/408 416/416/416 294/294/294
f 595/595/595 991/991/991 596/596/596
f 604/604/604 991/991/991 595/595/595
f 991/991/991 992/992/992 596/596/596
f 596/596/596 992/992/992 599/599/599
f 599/599/599 992/992/992 607/607/607
f 993/993/993 338/338/338 994/994/994
f 330/330/330 338/338/338 993/993/993
f 995/995/995 996/996/996 997/997/997
f 995/995/995 997/997/997 998/998/998
f 999/999/999 995/995/995 998/998/998
f 999/999/999 1000/1000/1000 995/995/995
f 999/999/999 1001/1001/1001 1000/1000/1000
f 999/999/999 998/998/998 1002/1002/1002
f 1002/1002/1002 998/998/998 1003/1003/1003
f 1002/1002/1002 1003/1003/1003 1004/1004/1004
f 1005/1005/1005 1006/1006/1006 1007/1007/1007
f 1006/1006/1006 1005/1005/1005 1008/1008/1008
f 1005/1005/1005 1007/1007/1007 1009/1009/1009
f 1006/1006/1006 1008/1008/1008 1010/1010/1010
f 1011/1011/1011 1010/1010/1010 1008/1008/1008
f 1011/1011/1011 1008/1008/1008 1012/1012/1012
f 1013/1013/1013 1014/1014/1014 1015/1015/1015
f 1013/1013/1013 1015/1015/1015 1016/1016/1016
f 1014/1014/1014 1017/1017/1017 1015/1015/1015
f 1014/1014/1014 1018/1018/1018 1017/1017/1017
f 1019/1019/1019 1017/1017/1017 1018/1018/1018
f 1019/1019/1019 1020/1020/1020 1017/1017/1017
f 1021/1021/1021 1022/1022/1022 1023/1023/1023
f 1021/1021/1021 1023/1023/1023 1024/1024/1024
f 1022/1022/1022 1025/1025/1025 1023/1023/1023
f 1022/1022/1022 1026/1026/1026 1025/1025/1025
f 1026/1026/1026 1027/1027/1027 1025/1025/1025
f 1026/1026/1026 1028/1028/1028 1027/1027/1027
f 1029/1029/1029 1030/1030/1030 1031/1031/1031
f 1029/1029/1029 1031/1031/1031 1032/1032/1032
f 1033/1033/1033 1034/1034/1034 1035/1035/1035
f 1033/1033/1033 1035/1035/1035 1036/1036/1036
f 1037/1037/1037 1038/1038/1038 1039/1039/1039
f 1037/1037/1037 1039/1039/1039 1040/1040/1040
f 1041/1041/1041 1037/1037/1037 1040/1040/1040
f 1041/1041/1041 1040/1040/1040 1042/1042/1042
f 1043/1043/1043 1041/1041/1041 1042/1042/1042
f 1043/1043/1043 1042/1042/1042 1044/1044/1044
f 1045/1045/1045 1046/1046/1046 1047/1047/1047
f 1048/1048/1048 1045/1045/1045 1047/1047/1047
f 1045/1045/1045 1048/1048/1048 1049/1049/1049
f 1049/1049/1049 1048/1048/1048 1050/1050/1050
f 1050/1050/1050 1048/1048/1048 1051/1051/1051
f 1047/1047/1047 1046/1046/1046 1052/1052/1052
f 1053/1053/1053 1054/1054/1054 1055/1055/1055
f 1053/1053/1053 1055/1055/1055 1056/1056/1056
f 1057/1057/1057 1058/1058/1058 1059/1059/1059
f 1057/1057/1057 1059/1059/1059 1060/1060/1060
f 1061/1061/1061 1062/1062/1062 1063/1063/1063
f 1061/1061/1061 1063/1063/1063 1064/1064/1064
f 1065/1065/1065 1066/1066/1066 1067/1067/1067
f 1065/1065/1065 1067/1067/1067 1068/1068/1068
f 1069/1069/1069 1070/1070/1070 1071/1071/1071
f 1069/1069/1069 1071/1071/1071 1072/1072/1072
f 1073/1073/1073 1074/1074/1074 1075/1075/1075
f 1073/1073/1073 1075/1075/1075 1076/1076/1076
f 1077/1077/1077 1078/1078/1078 1079/1079/1079
f 1077/1077/1077 1079/1079/1079 1080/1080/1080
f 1081/1081/1081 1082/1082/1082 1083/1083/1083
f 1081/1081/1081 1083/1083/1083 1084/1084/1084
f 1085/1085/1085 1086/1086/1086 1087/1087/1087
f 1085/1085/1085 1087/1087/1087 1088/1088/1088
f 1089/1089/1089 1090/1090/1090 1091/1091/1091
f 1089/1089/1089 1091/1091/1091 1092/1092/1092
f 1093/1093/1093 1094/1094/1094 1095/1095/1095
f 1093/1093/1093 1095/1095/1095 1096/1096/1096
f 1097/1097/1097 1098/1098/1098 1099/1099/1099
f 1097/1097/1097 1099/1099/1099 1100/1100/1100
f 1101/1101/1101 1102/1102/1102 1103/1103/1103
f 1101/1101/1101 1103/1103/1103 1104/1104/1104
f 1105/1105/1105 1106/1106/1106 1107/1107/1107
f 1105/1105/1105 1107/1107/1107 1108/1108/1108
f 1109/1109/1109 1110/1110/1110 1111/1111/1111
f 1109/1109/1109 1111/1111/1111 1112/1112/1112
f 1113/1113/1113 1114/1114/1114 1115/1115/1115
f 1113/1113/1113 1115/1115/1115 1116/1116/1116
f 1117/1117/1117 1118/1118/1118 1119/1119/1119
f 1117/1117/1117 1119/1119/1119 1120/1120/1120
f 1121/1121/1121 1122/1122/1122 1123/1123/1123
f 1121/1121/1121 1123/1123/1123 1124/1124/1124
f 1125/1125/1125 1126/1126/1126 1127/1127/1127
f 1128/1128/1128 1125/1125/1125 1127/1127/1127
f 1125/1125/1125 1128/1128/1128 1129/1129/1129
f 1129/1129/1129 1128/1128/1128 1130/1130/1130
f 1130/1130/1130 1128/1128/1128 1131/1131/1131
f 1127/1127/1127 1126/1126/1126 1132/1132/1132
f 1133/1133/1133 1134/1134/1134 1135/1135/1135
f 1133/1133/1133 1135/1135/1135 1136/1136/1136
f 1137/1137/1137 1134/1134/1134 1133/1133/1133
f 1137/1137/1137 1138/1138/1138 1134/1134/1134
f 1139/1139/1139 1140/1140/1140 1141/1141/1141
f 1139/1139/1139 1141/1141/1141 1142/1142/1142
f 1142/1142/1142 1141/1141/1141 1143/1143/1143
f 1142/1142/1142 1143/1143/1143 1144/1144/1144
f 1145/1145/1145 1146/1146/1146 1147/1147/1147
f 1145/1145/1145 1147/1147/1147 1148/1148/1148
f 1148/1148/1148 1147/1147/1147 1149/1149/1149
f 1148/1148/1148 1149/1149/1149 1150/1150/1150
f 1151/1151/1151 1152/1152/1152 1153/1153/1153
f 1153/1153/1153 1152/1152/1152 1154/1154/1154
f 1151/1151/1151 1153/1153/1153 1155/1155/1155
f 1153/1153/1153 1154/1154/1154 1156/1156/1156
f 1157/1157/1157 1158/1158/1158 1159/1159/1159
f 1158/1158/1158 1157/1157/1157 1160/1160/1160
f 1160/1160/1160 1157/1157/1157 1161/1161/1161
f 1161/1161/1161 1157/1157/1157 1162/1162/1162
f 1157/1157/1157 1159/1159/1159 1163/1163/1163
f 1159/1159/1159 1158/1158/1158 1164/1164/1164
f 1165/1165/1165 1166/1166/1166 1167/1167/1167
f 1165/1165/1165 1167/1167/1167 1168/1168/1168
f 1169/1169/1169 1170/1170/1170 1171/1171/1171
f 1169/1169/1169 1171/1171/1171 1172/1172/1172
f 1172/1172/1172 1171/1171/1171 1173/1173/1173
f 1172/1172/1172 1173/1173/1173 1174/1174/1174
f 1174/1174/1174 1173/1173/1173 1175/1175/1175
f 1174/1174/1174 1175/1175/1175 1176/1176/1176
f 1177/1177/1177 1178/1178/1178 1179/1179/1179
f 1180/1180/1180 1179/1179/1179 1178/1178/1178
f 1177/1177/1177 1179/1179/1179 1181/1181/1181
f 1180/1180/1180 1178/1178/1178 1182/1182/1182
f 1183/1183/1183 1180/1180/1180 1182/1182/1182
f 1183/1183/1183 1184/1184/1184 1180/1180/1180
f 1185/1185/1185 1186/1186/1186 1187/1187/1187
f 1185/1185/1185 1187/1187/1187 1188/1188/1188
f 1189/1189/1189 1190/1190/1190 1191/1191/1191
f 1189/1189/1189 1191/1191/1191 1192/1192/1192
f 1193/1193/1193 1194/1194/1194 1195/1195/1195
f 1193/1193/1193 1195/1195/1195 1196/1196/1196
f 1197/1197/1197 1198/1198/1198 1199/1199/1199
f 1197/1197/1197 1199/1199/1199 1200/1200/1200
f 1201/1201/1201 1202/1202/1202 1203/1203/1203
f 1201/1201/1201 1203/1203/1203 1204/1204/1204
f 1205/1205/1205 1206/1206/1206 1207/1207/1207
f 1205/1205/1205 1207/1207/1207 1208/1208/1208
f 1209/1209/1209 1210/1210/1210 1211/1211/1211
f 1209/1209/1209 1211/1211/1211 1212/1212/1212
f 1213/1213/1213 1214/1214/1214 1215/1215/1215
f 1213/1213/1213 1215/1215/1215 1216/1216/1216
f 1217/1217/1217 1218/1218/1218 1219/1219/1219
f 1219/1219/1219 1218/1218/1218 1220/1220/1220
f 1220/1220/1220 1218/1218/1218 1221/1221/1221
f 1221/1221/1221 1218/1218/1218 1222/1222/1222
f 1223/1223/1223 1218/1218/1218 1217/1217/1217
f 1218/1218/1218 1223/1223/1223 1224/1224/1224
f 1225/1225/1225 1226/1226/1226 1227/1227/1227
f 1228/1228/1228 1226/1226/1226 1225/1225/1225
f 1229/1229/1229 1226/1226/1226 1228/1228/1228
f 1226/1226/1226 1229/1229/1229 1230/1230/1230
f 1225/1225/1225 1227/1227/1227 1231/1231/1231
f 1227/1227/1227 1226/1226/1226 1232/1232/1232
f 1233/1233/1233 1234/1234/1234 1235/1235/1235
f 1233/1233/1233 1235/1235/1235 1236/1236/1236
f 1237/1237/1237 1238/1238/1238 1239/1239/1239
f 1237/1237/1237 1239/1239/1239 1240/1240/1240
f 1241/1241/1241 1242/1242/1242 1243/1243/1243
f 1241/1241/1241 1243/1243/1243 1244/1244/1244
f 1245/1245/1245 1246/1246/1246 1247/1247/1247
f 1245/1245/1245 1247/1247/1247 1248/1248/1248
f 1249/1249/1249 1250/1250/1250 1251/1251/1251
f 1249/1249/1249 1251/1251/1251 1252/1252/1252
f 1253/1253/1253 1254/1254/1254 1255/1255/1255
f 1253/1253/1253 1255/1255/1255 1256/1256/1256
f 1257/1257/1257 1258/1258/1258 1259/1259/1259
f 1257/1257/1257 1259/1259/1259 1260/1260/1260
f 1261/1261/1261 1262/1262/1262 1263/1263/1263
f 1261/1261/1261 1263/1263/1263 1264/1264/1264
f 1265/1265/1265 1266/1266/1266 1267/1267/1267
f 1265/1265/1265 1267/1267/1267 1268/1268/1268
f 1269/1269/1269 1268/1268/1268 1267/1267/1267
f 1270/1270/1270 1266/1266/1266 1265/1265/1265
f 1270/1270/1270 1271/1271/1271 1266/1266/1266
f 1272/1272/1272 1271/1271/1271 1270/1270/1270
f 1272/1272/1272 1273/1273/1273 1271/1271/1271
f 1274/1274/1274 1273/1273/1273 1272/1272/1272
f 1274/1274/1274 1275/1275/1275 1273/1273/1273
f 1274/1274/1274 1276/1276/1276 1275/1275/1275
f 1274/1274/1274 1277/1277/1277 1276/1276/1276
f 1277/1277/1277 1278/1278/1278 1276/1276/1276
f 1277/1277/1277 1279/1279/1279 1278/1278/1278
f 1279/1279/1279 1269/1269/1269 1280/1280/1280
f 1279/1279/1279 1280/1280/1280 1278/1278/1278
f 1269/1269/1269 1267/1267/1267 1280/1280/1280
f 1281/1281/1281 1282/1282/1282 1283/1283/1283
f 1281/1281/1281 1283/1283/1283 1284/1284/1284
f 1285/1285/1285 1286/1286/1286 1287/1287/1287
f 1285/1285/1285 1287/1287/1287 1288/1288/1288
f 1289/1289/1289 1290/1290/1290 1291/1291/1291
f 1289/1289/1289 1291/1291/1291 1292/1292/1292
f 1293/1293/1293 1294/1294/1294 1295/1295/1295
f 1293/1293/1293 1295/1295/1295 1296/1296/1296
f 1297/1297/1297 1298/1298/1298 1299/1299/1299
f 1297/1297/1297 1299/1299/1299 1300/1300/1300
f 1301/1301/1301 1302/1302/1302 1303/1303/1303
f 1301/1301/1301 1303/1303/1303 1304/1304/1304
f 1305/1305/1305 1306/1306/1306 1307/1307/1307
f 1306/1306/1306 1305/1305/1305 1308/1308/1308
f 1308/1308/1308 1305/1305/1305 1309/1309/1309
f 1309/1309/1309 1305/1305/1305 1310/1310/1310
f 1305/1305/1305 1307/1307/1307 1311/1311/1311
f 1307/1307/1307 1306/1306/1306 1312/1312/1312
f 1313/1313/1313 1314/1314/1314 1315/1315/1315
f 1313/1313/1313 1315/1315/1315 1316/1316/1316
f 1317/1317/1317 1318/1318/1318 1319/1319/1319
f 1317/1317/1317 1319/1319/1319 1320/1320/1320
f 1321/1321/1321 1322/1322/1322 1323/1323/1323
f 1321/1321/1321 1323/1323/1323 1324/1324/1324
f 1323/1323/1323 1322/1322/1322 1325/1325/1325
f 1326/1326/1326 1322/1322/1322 1321/1321/1321
f 1327/1327/1327 1322/1322/1322 1326/1326/1326
f 1322/1322/1322 1327/1327/1327 1328/1328/1328
f 1329/1329/1329 1330/1330/1330 1331/1331/1331
f 1329/1329/1329 1331/1331/1331 1332/1332/1332
f 1333/1333/1333 1334/1334/1334 1335/1335/1335
f 1333/1333/1333 1335/1335/1335 1336/1336/1336
f 1337/1337/1337 1338/1338/1338 1339/1339/1339
f 1337/1337/1337 1339/1339/1339 1340/1340/1340
f 1341/1341/1341 1342/1342/1342 1343/1343/1343
f 1341/1341/1341 1343/1343/1343 1344/1344/1344
f 1345/1345/1345 1346/1346/1346 1347/1347/1347
f 1345/1345/1345 1347/1347/1347 1348/1348/1348
f 1349/1349/1349 1350/1350/1350 1351/1351/1351
f 1349/1349/1349 1351/1351/1351 1352/1352/1352
f 1353/1353/1353 1354/1354/1354 1355/1355/1355
f 1353/1353/1353 1355/1355/1355 1356/1356/1356
f 1357/1357/1357 1358/1358/1358 1359/1359/1359
f 1357/1357/1357 1359/1359/1359 1360/1360/1360
f 1361/1361/1361 1362/1362/1362 1363/1363/1363
f 1361/1361/1361 1363/1363/1363 1364/1364/1364
f 1365/1365/1365 1366/1366/1366 1367/1367/1367
f 1365/1365/1365 1367/1367/1367 1368/1368/1368
f 1369/1369/1369 1370/1370/1370 1371/1371/1371
f 1369/1369/1369 1371/1371/1371 1372/1372/1372
f 1373/1373/1373 1374/1374/1374 1375/1375/1375
f 1373/1373/1373 1375/1375/1375 1376/1376/1376
f 1377/1377/1377 1378/1378/1378 1379/1379/1379
f 1377/1377/1377 1379/1379/1379 1380/1380/1380
f 1379/1379/1379 1378/1378/1378 1381/1381/1381
f 1382/1382/1382 1378/1378/1378 1377/1377/1377
f 1383/1383/1383 1378/1378/1378 1382/1382/1382
f 1378/1378/1378 1383/1383/1383 1384/1384/1384
f 1385/1385/1385 1386/1386/1386 1387/1387/1387
f 1385/1385/1385 1387/1387/1387 1388/1388/1388
f 1389/1389/1389 1390/1390/1390 1391/1391/1391
f 1389/1389/1389 1391/1391/1391 1392/1392/1392
f 1393/1393/1393 1394/1394/1394 1395/1395/1395
f 1394/1394/1394 1393/1393/1393 1396/1396/1396
f 1396/1396/1396 1393/1393/1393 1397/1397/1397
f 1397/1397/1397 1393/1393/1393 1398/1398/1398
f 1393/1393/1393 1395/1395/1395 1399/1399/1399
f 1395/1395/1395 1394/1394/1394 1400/1400/1400
f 1401/1401/1401 1402/1402/1402 1403/1403/1403
f 1404/1404/1404 1402/1402/1402 1401/1401/1401
f 1405/1405/1405 1402/1402/1402 1404/1404/1404
f 1402/1402/1402 1405/1405/1405 1406/1406/1406
f 1401/1401/1401 1403/1403/1403 1407/1407/1407
f 1403/1403/1403 1402/1402/1402 1408/1408/1408
f 1409/1409/1409 1410/1410/1410 1411/1411/1411
f 1412/1412/1412 1411/1411/1411 1410/1410/1410
f 1409/1409/1409 1411/1411/1411 1413/1413/1413
f 1412/1412/1412 1410/1410/1410 1414/1414/1414
f 1415/1415/1415 1416/1416/1416 1417/1417/1417
f 1418/1418/1418 1416/1416/1416 1415/1415/1415
f 1416/1416/1416 1418/1418/1418 1419/1419/1419
f 1415/1415/1415 1417/1417/1417 1420/1420/1420
f 1416/1416/1416 1419/1419/1419 1421/1421/1421
f 1418/1418/1418 1415/1415/1415 1422/1422/1422
f 1422/1422/1422 1423/1423/1423 1418/1418/1418
f 1422/1422/1422 1424/1424/1424 1423/1423/1423
f 1423/1423/1423 1424/1424/1424 1425/1425/1425
f 1426/1426/1426 1420/1420/1420 1417/1417/1417
f 1426/1426/1426 1427/1427/1427 1420/1420/1420
f 1417/1417/1417 1428/1428/1428 1426/1426/1426
f 1417/1417/1417 1429/1429/1429 1428/1428/1428
f 1423/1423/1423 1425/1425/1425 1430/1430/1430
f 1425/1425/1425 1431/1431/1431 1430/1430/1430
f 1425/1425/1425 1432/1432/1432 1431/1431/1431
f 1430/1430/1430 1433/1433/1433 1423/1423/1423
f 1430/1430/1430 1434/1434/1434 1433/1433/1433
f 1432/1432/1432 1435/1435/1435 1431/1431/1431
f 1432/1432/1432 1436/1436/1436 1435/1435/1435
f 1437/1437/1437 1431/1431/1431 1435/1435/1435
f 1437/1437/1437 1438/1438/1438 1431/1431/1431
f 1439/1439/1439 1440/1440/1440 1441/1441/1441
f 1439/1439/1439 1441/1441/1441 1442/1442/1442
f 1443/1443/1443 1440/1440/1440 1439/1439/1439
f 1443/1443/1443 1444/1444/1444 1440/1440/1440
f 1445/1445/1445 1446/1446/1446 1447/1447/1447
f 1445/1445/1445 1447/1447/1447 1448/1448/1448
f 1449/1449/1449 1450/1450/1450 1451/1451/1451
f 1450/1450/1450 1449/1449/1449 1452/1452/1452
f 1452/1452/1452 1449/1449/1449 1453/1453/1453
f 1453/1453/1453 1449/1449/1449 1454/1454/1454
f 1449/1449/1449 1451/1451/1451 1455/1455/1455
f 1451/1451/1451 1450/1450/1450 1456/1456/1456
f 1457/1457/1457 1458/1458/1458 1459/1459/1459
f 1457/1457/1457 1459/1459/1459 1460/1460/1460
f 1461/1461/1461 1462/1462/1462 1463/1463/1463
f 1461/1461/1461 1463/1463/1463 1464/1464/1464
f 1465/1465/1465 1463/1463/1463 1462/1462/1462
f 1465/1465/1465 1466/1466/1466 1463/1463/1463
f 1467/1467/1467 1468/1468/1468 1469/1469/1469
f 1467/1467/1467 1469/1469/1469 1470/1470/1470
f 1470/1470/1470 1469/1469/1469 1471/1471/1471
f 1470/1470/1470 1471/1471/1471 1472/1472/1472
f 1473/1473/1473 1474/1474/1474 1475/1475/1475
f 1473/1473/1473 1475/1475/1475 1476/1476/1476
f 1477/1477/1477 1478/1478/1478 1479/1479/1479
f 1477/1477/1477 1479/1479/1479 1480/1480/1480
f 1481/1481/1481 1482/1482/1482 1483/1483/1483
f 1481/1481/1481 1483/1483/1483 1484/1484/1484
f 1485/1485/1485 1486/1486/1486 1487/1487/1487
f 1485/1485/1485 1487/1487/1487 1488/1488/1488
f 1489/1489/1489 1490/1490/1490 1491/1491/1491
f 1489/1489/1489 1491/1491/1491 1492/1492/1492
f 1493/1493/1493 1494/1494/1494 1495/1495/1495
f 1493/1493/1493 1495/1495/1495 1496/1496/1496
f 1496/1496/1496 1497/1497/1497 1493/1493/1493
f 1496/1496/1496 1498/1498/1498 1497/1497/1497
f 1499/1499/1499 1498/1498/1498 1496/1496/1496
f 1499/1499/1499 1500/1500/1500 1498/1498/1498
f 1501/1501/1501 1495/1495/1495 1494/1494/1494
f 1501/1501/1501 1502/1502/1502 1495/1495/1495
f 1503/1503/1503 1495/1495/1495 1502/1502/1502
f 1503/1503/1503 1504/1504/1504 1495/1495/1495
f 1505/1505/1505 1506/1506/1506 1507/1507/1507
f 1505/1505/1505 1507/1507/1507 1508/1508/1508
f 1506/1506/1506 1509/1509/1509 1507/1507/1507
f 1506/1506/1506 1510/1510/1510 1509/1509/1509
f 1511/1511/1511 1512/1512/1512 1513/1513/1513
f 1511/1511/1511 1513/1513/1513 1514/1514/1514
f 1515/1515/1515 1511/1511/1511 1514/1514/1514
f 1515/1515/1515 1514/1514/1514 1516/1516/1516
f 1517/1517/1517 1518/1518/1518 1519/1519/1519
f 1517/1517/1517 1519/1519/1519 1520/1520/1520
f 1521/1521/1521 1522/1522/1522 1523/1523/1523
f 1521/1521/1521 1523/1523/1523 1524/1524/1524
f 1525/1525/1525 1526/1526/1526 1527/1527/1527
f 1525/1525/1525 1527/1527/1527 1528/1528/1528
f 1529/1529/1529 1530/1530/1530 1531/1531/1531
f 1529/1529/1529 1531/1531/1531 1532/1532/1532
f 1533/1533/1533 1534/1534/1534 1535/1535/1535
f 1533/1533/1533 1535/1535/1535 1536/1536/1536
f 1537/1537/1537 1538/1538/1538 1539/1539/1539
f 1537/1537/1537 1539/1539/1539 1540/1540/1540
f 1541/1541/1541 1542/1542/1542 1543/1543/1543
f 1541/1541/1541 1543/1543/1543 1544/1544/1544
f 1545/1545/1545 1546/1546/1546 1547/1547/1547
f 1545/1545/1545 1547/1547/1547 1548/1548/1548
f 1549/1549/1549 1550/1550/1550 1551/1551/1551
f 1549/1549/1549 1551/1551/1551 1552/1552/1552
f 1553/1553/1553 1554/1554/1554 1555/1555/1555
f 1553/1553/1553 1555/1555/1555 1556/1556/1556
f 1557/1557/1557 1558/1558/1558 1559/1559/1559
f 1557/1557/1557 1559/1559/1559 1560/1560/1560
f 1561/1561/1561 1562/1562/1562 1563/1563/1563
f 1561/1561/1561 1563/1563/1563 1564/1564/1564
f 1563/1563/1563 1562/1562/1562 1565/1565/1565
f 1566/1566/1566 1562/1562/1562 1561/1561/1561
f 1566/1566/1566 1561/1561/1561 1567/1567/1567
f 1562/1562/1562 1566/1566/1566 1568/1568/1568
f 1569/1569/1569 1570/1570/1570 1571/1571/1571
f 1569/1569/1569 1571/1571/1571 1572/1572/1572
f 1573/1573/1573 1574/1574/1574 1575/1575/1575
f 1573/1573/1573 1575/1575/1575 1576/1576/1576
f 1577/1577/1577 1578/1578/1578 1579/1579/1579
f 1579/1579/1579 1578/1578/1578 1580/1580/1580
f 1580/1580/1580 1578/1578/1578 1581/1581/1581
f 1581/1581/1581 1578/1578/1578 1582/1582/1582
f 1583/1583/1583 1578/1578/1578 1577/1577/1577
f 1578/1578/1578 1583/1583/1583 1584/1584/1584
f 1585/1585/1585 1586/1586/1586 1587/1587/1587
f 1586/1586/1586 1585/1585/1585 1588/1588/1588
f 1589/1589/1589 1586/1586/1586 1588/1588/1588
f 1586/1586/1586 1589/1589/1589 1590/1590/1590
f 1591/1591/1591 1588/1588/1588 1585/1585/1585
f 1588/1588/1588 1591/1591/1591 1592/1592/1592
f 1593/1593/1593 1594/1594/1594 1595/1595/1595
f 1593/1593/1593 1595/1595/1595 1596/1596/1596
f 1593/1593/1593 1596/1596/1596 1597/1597/1597
f 1593/1593/1593 1597/1597/1597 1598/1598/1598
f 1599/1599/1599 1600/1600/1600 1601/1601/1601
f 1599/1599/1599 1601/1601/1601 1602/1602/1602
f 1603/1603/1603 1599/1599/1599 1602/1602/1602
f 1603/1603/1603 1604/1604/1604 1599/1599/1599
f 1605/1605/1605 1601/1601/1601 1600/1600/1600
f 1605/1605/1605 1606/1606/1606 1601/1601/1601
f 1607/1607/1607 1608/1608/1608 1609/1609/1609
f 1609/1609/1609 1608/1608/1608 1610/1610/1610
f 1607/1607/1607 1609/1609/1609 1611/1611/1611
f 1609/1609/1609 1610/1610/1610 1612/1612/1612
f 1613/1613/1613 1614/1614/1614 1615/1615/1615
f 1613/1613/1613 1615/1615/1615 1616/1616/1616
f 1617/1617/1617 1618/1618/1618 1619/1619/1619
f 1618/1618/1618 1617/1617/1617 1620/1620/1620
f 1617/1617/1617 1619/1619/1619 1621/1621/1621
f 1621/1621/1621 1619/1619/1619 1622/1622/1622
f 1619/1619/1619 1618/1618/1618 1623/1623/1623
f 1623/1623/1623 1618/1618/1618 1624/1624/1624
f 1625/1625/1625 1626/1626/1626 1627/1627/1627
f 1627/1627/1627 1626/1626/1626 1628/1628/1628
f 1628/1628/1628 1626/1626/1626 1629/1629/1629
f 1629/1629/1629 1626/1626/1626 1630/1630/1630
f 1631/1631/1631 1626/1626/1626 1625/1625/1625
f 1626/1626/1626 1631/1631/1631 1632/1632/1632
f 1633/1633/1633 1634/1634/1634 1635/1635/1635
f 1633/1633/1633 1635/1635/1635 1636/1636/1636
f 1637/1637/1637 1638/1638/1638 1639/1639/1639
f 1637/1637/1637 1639/1639/1639 1640/1640/1640
f 1641/1641/1641 1638/1638/1638 1637/1637/1637
f 1641/1641/1641 1642/1642/1642 1638/1638/1638
f 1643/1643/1643 1642/1642/1642 1641/1641/1641
f 1643/1643/1643 1644/1644/1644 1642/1642/1642
f 1645/1645/1645 1646/1646/1646 1647/1647/1647
f 1645/1645/1645 1647/1647/1647 1648/1648/1648
f 1648/1648/1648 1647/1647/1647 1649/1649/1649
f 1648/1648/1648 1649/1649/1649 1650/1650/1650
f 1650/1650/1650 1649/1649/1649 1651/1651/1651
f 1650/1650/1650 1651/1651/1651 1652/1652/1652
f 1653/1653/1653 1654/1654/1654 1655/1655/1655
f 1653/1653/1653 1655/1655/1655 1656/1656/1656
f 1656/1656/1656 1655/1655/1655 1657/1657/1657
f 1656/1656/1656 1657/1657/1657 1658/1658/1658
f 1658/1658/1658 1657/1657/1657 1659/1659/1659
f 1658/1658/1658 1659/1659/1659 1660/1660/1660
f 1661/1661/1661 1662/1662/1662 1663/1663/1663
f 1661/1661/1661 1663/1663/1663 1664/1664/1664
f 1664/1664/1664 1663/1663/1663 1665/1665/1665
f 1664/1664/1664 1665/1665/1665 1666/1666/1666
f 1666/1666/1666 1665/1665/1665 1667/1667/1667
f 1666/1666/1666 1667/1667/1667 1668/1668/1668
f 1669/1669/1669 1670/1670/1670 1671/1671/1671
f 1671/1671/1671 1670/1670/1670 1672/1672/1672
f 1672/1672/1672 1670/1670/1670 1673/1673/1673
f 1673/1673/1673 1670/1670/1670 1674/1674/1674
f 1669/1669/1669 1671/1671/1671 1675/1675/1675
f 1676/1676/1676 1670/1670/1670 1669/1669/1669
f 1677/1677/1677 1670/1670/1670 1676/1676/1676
f 1678/1678/1678 1670/1670/1670 1677/1677/1677
f 1670/1670/1670 1678/1678/1678 1679/1679/1679
f 1676/1676/1676 1669/1669/1669 1680/1680/1680
f 1681/1681/1681 1682/1682/1682 1683/1683/1683
f 1681/1681/1681 1683/1683/1683 1684/1684/1684
f 1683/1683/1683 1682/1682/1682 1685/1685/1685
f 1685/1685/1685 1682/1682/1682 1686/1686/1686
f 1686/1686/1686 1682/1682/1682 1687/1687/1687
f 1688/1688/1688 1682/1682/1682 1681/1681/1681
f 1688/1688/1688 1681/1681/1681 1689/1689/1689
f 1690/1690/1690 1682/1682/1682 1688/1688/1688
f 1691/1691/1691 1682/1682/1682 1690/1690/1690
f 1682/1682/1682 1691/1691/1691 1692/1692/1692
f 1693/1693/1693 1694/1694/1694 1695/1695/1695
f 1694/1694/1694 1693/1693/1693 1696/1696/1696
f 1696/1696/1696 1693/1693/1693 1697/1697/1697
f 1695/1695/1695 1694/1694/1694 1698/1698/1698
f 1698/1698/1698 1694/1694/1694 1699/1699/1699
f 1697/1697/1697 1693/1693/1693 1700/1700/1700
f 1697/1697/1697 1700/1700/1700 1701/1701/1701
f 1697/1697/1697 1701/1701/1701 1702/1702/1702
f 1699/1699/1699 1703/1703/1703 1698/1698/1698
f 1704/1704/1704 1703/1703/1703 1699/1699/1699
f 1701/1701/1701 1705/1705/1705 1702/1702/1702
f 1702/1702/1702 1705/1705/1705 1706/1706/1706
f 1707/1707/1707 1706/1706/1706 1705/1705/1705
f 1704/1704/1704 1707/1707/1707 1703/1703/1703
f 1706/1706/1706 1707/1707/1707 1708/1708/1708
f 1708/1708/1708 1707/1707/1707 1704/1704/1704
f 1709/1709/1709 1710/1710/1710 1711/1711/1711
f 1712/1712/1712 1710/1710/1710 1709/1709/1709
f 1709/1709/1709 1711/1711/1711 1713/1713/1713
f 1712/1712/1712 1709/1709/1709 1714/1714/1714
f 1712/1712/1712 1715/1715/1715 1710/1710/1710
f 1710/1710/1710 1715/1715/1715 1716/1716/1716
f 1712/1712/1712 1717/1717/1717 1715/1715/1715
f 1710/1710/1710 1716/1716/1716 1718/1718/1718
f 1719/1719/1719 1720/1720/1720 1721/1721/1721
f 1719/1719/1719 1721/1721/1721 1722/1722/1722
f 1723/1723/1723 1722/1722/1722 1721/1721/1721
f 1724/1724/1724 1720/1720/1720 1719/1719/1719
f 1724/1724/1724 1725/1725/1725 1720/1720/1720
f 1724/1724/1724 1726/1726/1726 1725/1725/1725
f 1724/1724/1724 1727/1727/1727 1726/1726/1726
f 1727/1727/1727 1728/1728/1728 1726/1726/1726
f 1727/1727/1727 1729/1729/1729 1728/1728/1728
f 1723/1723/1723 1721/1721/1721 1730/1730/1730
f 1731/1731/1731 1723/1723/1723 1730/1730/1730
f 1729/1729/1729 1732/1732/1732 1728/1728/1728
f 1729/1729/1729 1733/1733/1733 1732/1732/1732
f 1731/1731/1731 1732/1732/1732 1733/1733/1733
f 1731/1731/1731 1734/1734/1734 1732/1732/1732
f 1731/1731/1731 1730/1730/1730 1734/1734/1734
f 1735/1735/1735 1736/1736/1736 1737/1737/1737
f 1735/1735/1735 1737/1737/1737 1738/1738/1738
f 1738/1738/1738 1737/1737/1737 1739/1739/1739
f 1738/1738/1738 1739/1739/1739 1740/1740/1740
f 1737/1737/1737 1741/1741/1741 1739/1739/1739
f 1737/1737/1737 1742/1742/1742 1741/1741/1741
f 1743/1743/1743 1742/1742/1742 1737/1737/1737
f 1743/1743/1743 1744/1744/1744 1742/1742/1742
f 1745/1745/1745 1746/1746/1746 1747/1747/1747
f 1745/1745/1745 1747/1747/1747 1748/1748/1748
f 1748/1748/1748 1747/1747/1747 1749/1749/1749
f 1747/1747/1747 1750/1750/1750 1749/1749/1749
f 1747/1747/1747 1751/1751/1751 1750/1750/1750
f 1752/1752/1752 1751/1751/1751 1747/1747/1747
f 1752/1752/1752 1753/1753/1753 1751/1751/1751
f 1748/1748/1748 1749/1749/1749 1754/1754/1754
f 1755/1755/1755 1756/1756/1756 1757/1757/1757
f 1755/1755/1755 1757/1757/1757 1758/1758/1758
f 1758/1758/1758 1757/1757/1757 1759/1759/1759
f 1760/1760/1760 1759/1759/1759 1757/1757/1757
f 1760/1760/1760 1761/1761/1761 1759/1759/1759
f 1762/1762/1762 1760/1760/1760 1757/1757/1757
f 1762/1762/1762 1763/1763/1763 1760/1760/1760
f 1758/1758/1758 1759/1759/1759 1764/1764/1764
f 1765/1765/1765 1766/1766/1766 1767/1767/1767
f 1765/1765/1765 1767/1767/1767 1768/1768/1768
f 1768/1768/1768 1767/1767/1767 1769/1769/1769
f 1768/1768/1768 1769/1769/1769 1770/1770/1770
f 1771/1771/1771 1768/1768/1768 1770/1770/1770
f 1772/1772/1772 1768/1768/1768 1771/1771/1771
f 1772/1772/1772 1773/1773/1773 1768/1768/1768
f 1771/1771/1771 1770/1770/1770 1774/1774/1774
f 1775/1775/1775 1776/1776/1776 1777/1777/1777
f 1777/1777/1777 1776/1776/1776 1778/1778/1778
f 1779/1779/1779 1778/1778/1778 1776/1776/1776
f 1780/1780/1780 1778/1778/1778 1779/1779/1779
f 1775/1775/1775 1777/1777/1777 1781/1781/1781
f 1775/1775/1775 1781/1781/1781 1782/1782/1782
f 1782/1782/1782 1781/1781/1781 1783/1783/1783
f 1783/1783/1783 1781/1781/1781 1784/1784/1784
f 1785/1785/1785 1780/1780/1780 1779/1779/1779
f 1785/1785/1785 1786/1786/1786 1780/1780/1780
f 1784/1784/1784 1787/1787/1787 1783/1783/1783
f 1788/1788/1788 1787/1787/1787 1784/1784/1784
f 1785/1785/1785 1789/1789/1789 1786/1786/1786
f 1789/1789/1789 1787/1787/1787 1788/1788/1788
f 1789/1789/1789 1790/1790/1790 1787/1787/1787
f 1790/1790/1790 1789/1789/1789 1785/1785/1785
f 1791/1791/1791 1792/1792/1792 1793/1793/1793
f 1791/1791/1791 1793/1793/1793 1794/1794/1794
f 1795/1795/1795 1792/1792/1792 1791/1791/1791
f 1795/1795/1795 1796/1796/1796 1792/1792/1792
f 1795/1795/1795 1791/1791/1791 1797/1797/1797
f 1797/1797/1797 1791/1791/1791 1798/1798/1798
f 1797/1797/1797 1798/1798/1798 1799/1799/1799
f 1795/1795/1795 1797/1797/1797 1800/1800/1800
f 1801/1801/1801 1802/1802/1802 1803/1803/1803
f 1804/1804/1804 1802/1802/1802 1801/1801/1801
f 1801/1801/1801 1803/1803/1803 1805/1805/1805
f 1804/1804/1804 1801/1801/1801 1806/1806/1806
f 1806/1806/1806 1801/1801/1801 1807/1807/1807
f 1807/1807/1807 1801/1801/1801 1808/1808/1808
f 1807/1807/1807 1808/1808/1808 1809/1809/1809
f 1806/1806/1806 1807/1807/1807 1810/1810/1810
f 1811/1811/1811 1812/1812/1812 1813/1813/1813
f 1814/1814/1814 1812/1812/1812 1811/1811/1811
f 1811/1811/1811 1813/1813/1813 1815/1815/1815
f 1814/1814/1814 1811/1811/1811 1816/1816/1816
f 1817/1817/1817 1816/1816/1816 1811/1811/1811
f 1817/1817/1817 1811/1811/1811 1818/1818/1818
f 1818/1818/1818 1811/1811/1811 1819/1819/1819
f 1818/1818/1818 1819/1819/1819 1820/1820/1820
f 1821/1821/1821 1822/1822/1822 1823/1823/1823
f 1821/1821/1821 1823/1823/1823 1824/1824/1824
f 1825/1825/1825 1826/1826/1826 1827/1827/1827
f 1825/1825/1825 1827/1827/1827 1828/1828/1828
f 1829/1829/1829 1830/1830/1830 1831/1831/1831
f 1829/1829/1829 1831/1831/1831 1832/1832/1832
f 1833/1833/1833 1834/1834/1834 1835/1835/1835
f 1833/1833/1833 1835/1835/1835 1836/1836/1836
f 1837/1837/1837 1838/1838/1838 1839/1839/1839
f 1837/1837/1837 1839/1839/1839 1840/1840/1840
f 1841/1841/1841 1842/1842/1842 1843/1843/1843
f 1841/1841/1841 1843/1843/1843 1844/1844/1844
f 1845/1845/1845 1846/1846/1846 1847/1847/1847
f 1848/1848/1848 1846/1846/1846 1845/1845/1845
f 1849/1849/1849 1846/1846/1846 1848/1848/1848
f 1850/1850/1850 1846/1846/1846 1849/1849/1849
f 1851/1851/1851 1846/1846/1846 1850/1850/1850
f 1846/1846/1846 1851/1851/1851 1852/1852/1852
f 1853/1853/1853 1854/1854/1854 1855/1855/1855
f 1853/1853/1853 1855/1855/1855 1856/1856/1856
f 1857/1857/1857 1858/1858/1858 1859/1859/1859
f 1857/1857/1857 1859/1859/1859 1860/1860/1860
f 1861/1861/1861 1862/1862/1862 1863/1863/1863
f 1861/1861/1861 1863/1863/1863 1864/1864/1864
f 1863/1863/1863 1862/1862/1862 1865/1865/1865
f 1862/1862/1862 1861/1861/1861 1866/1866/1866
f 1866/1866/1866 1861/1861/1861 1867/1867/1867
f 1867/1867/1867 1861/1861/1861 1868/1868/1868
f 1869/1869/1869 1870/1870/1870 1871/1871/1871
f 1869/1869/1869 1871/1871/1871 1872/1872/1872
f 1873/1873/1873 1874/1874/1874 1875/1875/1875
f 1873/1873/1873 1875/1875/1875 1876/1876/1876
f 1877/1877/1877 1878/1878/1878 1879/1879/1879
f 1877/1877/1877 1879/1879/1879 1880/1880/1880
f 1881/1881/1881 1882/1882/1882 1883/1883/1883
f 1881/1881/1881 1883/1883/1883 1884/1884/1884
f 1885/1885/1885 1886/1886/1886 1887/1887/1887
f 1885/1885/1885 1887/1887/1887 1888/1888/1888
f 1889/1889/1889 1890/1890/1890 1891/1891/1891
f 1889/1889/1889 1891/1891/1891 1892/1892/1892
f 1893/1893/1893 1894/1894/1894 1895/1895/1895
f 1893/1893/1893 1895/1895/1895 1896/1896/1896
f 1897/1897/1897 1898/1898/1898 1899/1899/1899
f 1897/1897/1897 1899/1899/1899 1900/1900/1900
f 1901/1901/1901 1902/1902/1902 1903/1903/1903
f 1901/1901/1901 1903/1903/1903 1904/1904/1904
f 1905/1905/1905 1906/1906/1906 1907/1907/1907
f 1905/1905/1905 1907/1907/1907 1908/1908/1908
f 1909/1909/1909 1910/1910/1910 1911/1911/1911
f 1909/1909/1909 1911/1911/1911 1912/1912/1912
f 1913/1913/1913 1914/1914/1914 1915/1915/1915
f 1913/1913/1913 1915/1915/1915 1916/1916/1916
f 1917/1917/1917 1918/1918/1918 1919/1919/1919
f 1917/1917/1917 1919/1919/1919 1920/1920/1920
f 1921/1921/1921 1922/1922/1922 1923/1923/1923
f 1921/1921/1921 1923/1923/1923 1924/1924/1924
f 1925/1925/1925 1926/1926/1926 1927/1927/1927
f 1925/1925/1925 1927/1927/1927 1928/1928/1928
f 1929/1929/1929 1930/1930/1930 1931/1931/1931
f 1929/1929/1929 1931/1931/1931 1932/1932/1932
f 1933/1933/1933 1934/1934/1934 1935/1935/1935
f 1933/1933/1933 1935/1935/1935 1936/1936/1936
f 1937/1937/1937 1938/1938/1938 1939/1939/1939
f 1937/1937/1937 1939/1939/1939 1940/1940/1940
f 1941/1941/1941 1942/1942/1942 1943/1943/1943
f 1941/1941/1941 1943/1943/1943 1944/1944/1944
f 1945/1945/1945 1946/1946/1946 1947/1947/1947
f 1947/1947/1947 1946/1946/1946 1948/1948/1948
f 1949/1949/1949 1946/1946/1946 1945/1945/1945
f 1946/1946/1946 1949/1949/1949 1950/1950/1950
f 1948/1948/1948 1951/1951/1951 1947/1947/1947
f 1947/1947/1947 1951/1951/1951 1952/1952/1952
f 1952/1952/1952 1951/1951/1951 1953/1953/1953
f 1953/1953/1953 1954/1954/1954 1952/1952/1952
f 1955/1955/1955 1954/1954/1954 1953/1953/1953
f 1956/1956/1956 1954/1954/1954 1955/1955/1955
f 1954/1954/1954 1956/1956/1956 1957/1957/1957
f 1951/1951/1951 1948/1948/1948 1958/1958/1958
f 1958/1958/1958 1959/1959/1959 1951/1951/1951
f 1960/1960/1960 1959/1959/1959 1958/1958/1958
f 1961/1961/1961 1959/1959/1959 1960/1960/1960
f 1959/1959/1959 1961/1961/1961 1962/1962/1962
f 1958/1958/1958 1948/1948/1948 1963/1963/1963
f 1963/1963/1963 1948/1948/1948 1964/1964/1964
f 1964/1964/1964 1965/1965/1965 1963/1963/1963
f 1966/1966/1966 1965/1965/1965 1964/1964/1964
f 1967/1967/1967 1965/1965/1965 1966/1966/1966
f 1965/1965/1965 1967/1967/1967 1968/1968/1968
f 1969/1969/1969 1970/1970/1970 1971/1971/1971
f 1969/1969/1969 1971/1971/1971 1972/1972/1972
f 1973/1973/1973 1974/1974/1974 1975/1975/1975
f 1976/1976/1976 1974/1974/1974 1973/1973/1973
f 1977/1977/1977 1974/1974/1974 1976/1976/1976
f 1974/1974/1974 1977/1977/1977 1978/1978/1978
f 1979/1979/1979 1978/1978/1978 1977/1977/1977
f 1980/1980/1980 1978/1978/1978 1979/1979/1979
f 1981/1981/1981 1980/1980/1980 1979/1979/1979
f 1980/1980/1980 1981/1981/1981 1982/1982/1982
f 1982/1982/1982 1981/1981/1981 1983/1983/1983
f 1983/1983/1983 1981/1981/1981 1984/1984/1984
f 1985/1985/1985 1978/1978/1978 1980/1980/1980
f 1978/1978/1978 1985/1985/1985 1986/1986/1986
f 1986/1986/1986 1985/1985/1985 1987/1987/1987
f 1987/1987/1987 1985/1985/1985 1988/1988/1988
f 1989/1989/1989 1988/1988/1988 1985/1985/1985
f 1988/1988/1988 1989/1989/1989 1990/1990/1990
f 1990/1990/1990 1989/1989/1989 1991/1991/1991
f 1991/1991/1991 1989/1989/1989 1992/1992/1992
f 1993/1993/1993 1986/1986/1986 1987/1987/1987
f 1986/1986/1986 1993/1993/1993 1994/1994/1994
f 1994/1994/1994 1993/1993/1993 1995/1995/1995
f 1995/1995/1995 1993/1993/1993 1996/1996/1996
f 1997/1997/1997 1998/1998/1998 1999/1999/1999
f 1997/1997/1997 1999/1999/1999 2000/2000/2000
f 2001/2001/2001 2002/2002/2002 2003/2003/2003
f 2001/2001/2001 2003/2003/2003 2004/2004/2004
f 2005/2005/2005 2006/2006/2006 2007/2007/2007
f 2005/2005/2005 2007/2007/2007 2008/2008/2008
f 2009/2009/2009 2010/2010/2010 2011/2011/2011
f 2009/2009/2009 2011/2011/2011 2012/2012/2012
f 2013/2013/2013 2014/2014/2014 2015/2015/2015
f 2013/2013/2013 2015/2015/2015 2016/2016/2016
f 2017/2017/2017 2018/2018/2018 2019/2019/2019
f 2017/2017/2017 2019/2019/2019 2020/2020/2020
f 2021/2021/2021 2022/2022/2022 2023/2023/2023
f 2021/2021/2021 2023/2023/2023 2024/2024/2024
f 2025/2025/2025 2026/2026/2026 2027/2027/2027
f 2025/2025/2025 2027/2027/2027 2028/2028/2028
f 2029/2029/2029 2030/2030/2030 2031/2031/2031
f 2029/2029/2029 2031/2031/2031 2032/2032/2032
f 2033/2033/2033 2034/2034/2034 2035/2035/2035
f 2033/2033/2033 2035/2035/2035 2036/2036/2036
f 2037/2037/2037 2038/2038/2038 2039/2039/2039
f 2037/2037/2037 2039/2039/2039 2040/2040/2040
f 2041/2041/2041 2042/2042/2042 2043/2043/2043
f 2041/2041/2041 2043/2043/2043 2044/2044/2044
f 2045/2045/2045 2046/2046/2046 2047/2047/2047
f 2045/2045/2045 2047/2047/2047 2048/2048/2048
f 2049/2049/2049 2050/2050/2050 2051/2051/2051
f 2049/2049/2049 2051/2051/2051 2052/2052/2052
f 2053/2053/2053 2054/2054/2054 2055/2055/2055
f 2056/2056/2056 2054/2054/2054 2053/2053/2053
f 2057/2057/2057 2054/2054/2054 2056/2056/2056
f 2054/2054/2054 2057/2057/2057 2058/2058/2058
f 2057/2057/2057 2059/2059/2059 2058/2058/2058
f 2058/2058/2058 2059/2059/2059 2060/2060/2060
f 2061/2061/2061 2059/2059/2059 2057/2057/2057
f 2059/2059/2059 2061/2061/2061 2062/2062/2062
f 2062/2062/2062 2061/2061/2061 2063/2063/2063
f 2063/2063/2063 2061/2061/2061 2064/2064/2064
f 2065/2065/2065 2062/2062/2062 2063/2063/2063
f 2062/2062/2062 2065/2065/2065 2066/2066/2066
f 2066/2066/2066 2065/2065/2065 2067/2067/2067
f 2067/2067/2067 2065/2065/2065 2068/2068/2068
f 2069/2069/2069 2060/2060/2060 2059/2059/2059
f 2060/2060/2060 2069/2069/2069 2070/2070/2070
f 2070/2070/2070 2069/2069/2069 2071/2071/2071
f 2071/2071/2071 2069/2069/2069 2072/2072/2072
f 2073/2073/2073 2064/2064/2064 2061/2061/2061
f 2064/2064/2064 2073/2073/2073 2074/2074/2074
f 2074/2074/2074 2073/2073/2073 2075/2075/2075
f 2075/2075/2075 2073/2073/2073 2076/2076/2076
f 2077/2077/2077 2078/2078/2078 2079/2079/2079
f 2077/2077/2077 2079/2079/2079 2080/2080/2080
f 2081/2081/2081 2082/2082/2082 2083/2083/2083
f 2081/2081/2081 2083/2083/2083 2084/2084/2084
f 2085/2085/2085 2086/2086/2086 2087/2087/2087
f 2085/2085/2085 2087/2087/2087 2088/2088/2088
f 2089/2089/2089 2090/2090/2090 2091/2091/2091
f 2089/2089/2089 2091/2091/2091 2092/2092/2092
f 2093/2093/2093 2094/2094/2094 2095/2095/2095
f 2093/2093/2093 2095/2095/2095 2096/2096/2096
f 2097/2097/2097 2098/2098/2098 2099/2099/2099
f 2097/2097/2097 2099/2099/2099 2100/2100/2100
f 2101/2101/2101 2102/2102/2102 2103/2103/2103
f 2104/2104/2104 2102/2102/2102 2101/2101/2101
f 2105/2105/2105 2102/2102/2102 2104/2104/2104
f 2102/2102/2102 2105/2105/2105 2106/2106/2106
f 2106/2106/2106 2105/2105/2105 2107/2107/2107
f 2107/2107/2107 2105/2105/2105 2108/2108/2108
f 2104/2104/2104 2109/2109/2109 2105/2105/2105
f 2110/2110/2110 2109/2109/2109 2104/2104/2104
f 2111/2111/2111 2109/2109/2109 2110/2110/2110
f 2109/2109/2109 2111/2111/2111 2112/2112/2112
f 2103/2103/2103 2113/2113/2113 2101/2101/2101
f 2114/2114/2114 2113/2113/2113 2103/2103/2103
f 2115/2115/2115 2113/2113/2113 2114/2114/2114
f 2113/2113/2113 2115/2115/2115 2116/2116/2116
f 2108/2108/2108 2117/2117/2117 2107/2107/2107
f 2118/2118/2118 2117/2117/2117 2108/2108/2108
f 2119/2119/2119 2117/2117/2117 2118/2118/2118
f 2117/2117/2117 2119/2119/2119 2120/2120/2120
f 2121/2121/2121 2122/2122/2122 2106/2106/2106
f 2106/2106/2106 2122/2122/2122 2102/2102/2102
f 2123/2123/2123 2122/2122/2122 2121/2121/2121
f 2122/2122/2122 2123/2123/2123 2124/2124/2124
f 2125/2125/2125 2126/2126/2126 2127/2127/2127
f 2125/2125/2125 2127/2127/2127 2128/2128/2128
f 2129/2129/2129 2130/2130/2130 2131/2131/2131
f 2129/2129/2129 2131/2131/2131 2132/2132/2132
f 2133/2133/2133 2134/2134/2134 2135/2135/2135
f 2133/2133/2133 2135/2135/2135 2136/2136/2136
f 2137/2137/2137 2138/2138/2138 2139/2139/2139
f 2137/2137/2137 2139/2139/2139 2140/2140/2140
f 2141/2141/2141 2142/2142/2142 2143/2143/2143
f 2141/2141/2141 2143/2143/2143 2144/2144/2144
f 2145/2145/2145 2146/2146/2146 2147/2147/2147
f 2145/2145/2145 2147/2147/2147 2148/2148/2148
f 2149/2149/2149 2150/2150/2150 2151/2151/2151
f 2149/2149/2149 2151/2151/2151 2152/2152/2152
f 2153/2153/2153 2154/2154/2154 2155/2155/2155
f 2153/2153/2153 2155/2155/2155 2156/2156/2156
f 2157/2157/2157 2158/2158/2158 2159/2159/2159
f 2157/2157/2157 2159/2159/2159 2160/2160/2160
f 2161/2161/2161 2162/2162/2162 2163/2163/2163
f 2161/2161/2161 2163/2163/2163 2164/2164/2164
f 2165/2165/2165 2166/2166/2166 2167/2167/2167
f 2165/2165/2165 2167/2167/2167 2168/2168/2168
f 2169/2169/2169 2170/2170/2170 2171/2171/2171
f 2169/2169/2169 2171/2171/2171 2172/2172/2172
f 2173/2173/2173 2174/2174/2174 2175/2175/2175
f 2173/2173/2173 2175/2175/2175 2176/2176/2176
f 2177/2177/2177 2178/2178/2178 2179/2179/2179
f 2177/2177/2177 2179/2179/2179 2180/2180/2180
f 2181/2181/2181 2182/2182/2182 2183/2183/2183
f 2181/2181/2181 2183/2183/2183 2184/2184/2184
f 2185/2185/2185 2186/2186/2186 2187/2187/2187
f 2185/2185/2185 2187/2187/2187 2188/2188/2188
f 2189/2189/2189 2190/2190/2190 2191/2191/2191
f 2191/2191/2191 2190/2190/2190 2192/2192/2192
f 2192/2192/2192 2190/2190/2190 2193/2193/2193
f 2193/2193/2193 2190/2190/2190 2194/2194/2194
f 2195/2195/2195 2190/2190/2190 2189/2189/2189
f 2190/2190/2190 2195/2195/2195 2196/2196/2196
f 2197/2197/2197 2198/2198/2198 2199/2199/2199
f 2197/2197/2197 2199/2199/2199 2200/2200/2200
f 2201/2201/2201 2200/2200/2200 2199/2199/2199
f 2200/2200/2200 2201/2201/2201 2202/2202/2202
f 2201/2201/2201 2199/2199/2199 2203/2203/2203
f 2201/2201/2201 2203/2203/2203 2204/2204/2204
f 2201/2201/2201 2204/2204/2204 2205/2205/2205
f 2206/2206/2206 2205/2205/2205 2204/2204/2204
f 2201/2201/2201 2205/2205/2205 2207/2207/2207
f 2201/2201/2201 2207/2207/2207 2202/2202/2202
f 2205/2205/2205 2206/2206/2206 2208/2208/2208
f 2208/2208/2208 2202/2202/2202 2207/2207/2207
f 2205/2205/2205 2208/2208/2208 2207/2207/2207
f 2202/2202/2202 2208/2208/2208 2209/2209/2209
f 2200/2200/2200 2202/2202/2202 2209/2209/2209
f 2209/2209/2209 2208/2208/2208 2210/2210/2210
f 2200/2200/2200 2209/2209/2209 2210/2210/2210
f 2200/2200/2200 2210/2210/2210 2197/2197/2197
f 2211/2211/2211 2197/2197/2197 2210/2210/2210
f 2197/2197/2197 2211/2211/2211 2212/2212/2212
f 2197/2197/2197 2212/2212/2212 2198/2198/2198
f 2210/2210/2210 2208/2208/2208 2213/2213/2213
f 2211/2211/2211 2210/2210/2210 2213/2213/2213
f 2211/2211/2211 2213/2213/2213 2214/2214/2214
f 2213/2213/2213 2208/2208/2208 2214/2214/2214
f 2214/2214/2214 2208/2208/2208 2215/2215/2215
f 2206/2206/2206 2215/2215/2215 2208/2208/2208
f 2206/2206/2206 2216/2216/2216 2215/2215/2215
f 2216/2216/2216 2214/2214/2214 2215/2215/2215
f 2216/2216/2216 2217/2217/2217 2214/2214/2214
f 2217/2217/2217 2212/2212/2212 2211/2211/2211
f 2211/2211/2211 2214/2214/2214 2217/2217/2217
f 2217/2217/2217 2218/2218/2218 2212/2212/2212
f 2216/2216/2216 2218/2218/2218 2217/2217/2217
f 2216/2216/2216 2219/2219/2219 2218/2218/2218
f 2206/2206/2206 2219/2219/2219 2216/2216/2216
f 2206/2206/2206 2220/2220/2220 2219/2219/2219
f 2206/2206/2206 2204/2204/2204 2220/2220/2220
f 2221/2221/2221 2222/2222/2222 2223/2223/2223
f 2221/2221/2221 2223/2223/2223 2224/2224/2224
f 2225/2225/2225 2226/2226/2226 2227/2227/2227
f 2225/2225/2225 2227/2227/2227 2228/2228/2228
f 2229/2229/2229 2230/2230/2230 2231/2231/2231
f 2229/2229/2229 2231/2231/2231 2232/2232/2232
f 2233/2233/2233 2234/2234/2234 2235/2235/2235
f 2233/2233/2233 2235/2235/2235 2236/2236/2236
f 2237/2237/2237 2238/2238/2238 2239/2239/2239
f 2237/2237/2237 2239/2239/2239 2240/2240/2240
f 2241/2241/2241 2242/2242/2242 2243/2243/2243
f 2241/2241/2241 2243/2243/2243 2244/2244/2244
f 2245/2245/2245 2246/2246/2246 2247/2247/2247
f 2245/2245/2245 2247/2247/2247 2248/2248/2248
f 2249/2249/2249 2250/2250/2250 2251/2251/2251
f 2249/2249/2249 2251/2251/2251 2252/2252/2252
f 2253/2253/2253 2254/2254/2254 2255/2255/2255
f 2253/2253/2253 2255/2255/2255 2256/2256/2256
f 2257/2257/2257 2254/2254/2254 2253/2253/2253
f 2257/2257/2257 2258/2258/2258 2254/2254/2254
f 2254/2254/2254 2258/2258/2258 2259/2259/2259
f 2260/2260/2260 2257/2257/2257 2253/2253/2253
f 2261/2261/2261 2258/2258/2258 2257/2257/2257
f 2261/2261/2261 2262/2262/2262 2258/2258/2258
f 2258/2258/2258 2262/2262/2262 2263/2263/2263
f 2258/2258/2258 2263/2263/2263 2259/2259/2259
f 2264/2264/2264 2261/2261/2261 2257/2257/2257
f 2264/2264/2264 2257/2257/2257 2260/2260/2260
f 2254/2254/2254 2265/2265/2265 2255/2255/2255
f 2254/2254/2254 2266/2266/2266 2265/2265/2265
f 2254/2254/2254 2259/2259/2259 2266/2266/2266
f 2267/2267/2267 2253/2253/2253 2256/2256/2256
f 2267/2267/2267 2268/2268/2268 2253/2253/2253
f 2260/2260/2260 2253/2253/2253 2268/2268/2268
f 2269/2269/2269 2270/2270/2270 2271/2271/2271
f 2269/2269/2269 2271/2271/2271 2272/2272/2272
f 2273/2273/2273 2274/2274/2274 2275/2275/2275
f 2273/2273/2273 2275/2275/2275 2276/2276/2276
f 2277/2277/2277 2278/2278/2278 2279/2279/2279
f 2277/2277/2277 2279/2279/2279 2280/2280/2280
f 2280/2280/2280 2279/2279/2279 2281/2281/2281
f 2278/2278/2278 2282/2282/2282 2279/2279/2279
f 2278/2278/2278 2283/2283/2283 2282/2282/2282
f 2284/2284/2284 2282/2282/2282 2283/2283/2283
f 2285/2285/2285 2282/2282/2282 2284/2284/2284
f 2286/2286/2286 2287/2287/2287 2288/2288/2288
f 2286/2286/2286 2288/2288/2288 2289/2289/2289
f 2290/2290/2290 2291/2291/2291 2292/2292/2292
f 2290/2290/2290 2292/2292/2292 2293/2293/2293
f 2293/2293/2293 2292/2292/2292 2294/2294/2294
f 2295/2295/2295 2294/2294/2294 2292/2292/2292
f 2293/2293/2293 2294/2294/2294 2296/2296/2296
f 2293/2293/2293 2296/2296/2296 2297/2297/2297
f 2298/2298/2298 2291/2291/2291 2290/2290/2290
f 2298/2298/2298 2299/2299/2299 2291/2291/2291
f 2300/2300/2300 2291/2291/2291 2299/2299/2299
f 2300/2300/2300 2292/2292/2292 2291/2291/2291
f 2300/2300/2300 2301/2301/2301 2292/2292/2292
f 2295/2295/2295 2292/2292/2292 2301/2301/2301
f 2298/2298/2298 2290/2290/2290 2302/2302/2302
f 2293/2293/2293 2302/2302/2302 2290/2290/2290
f 2293/2293/2293 2303/2303/2303 2302/2302/2302
f 2293/2293/2293 2297/2297/2297 2303/2303/2303
f 2304/2304/2304 2299/2299/2299 2298/2298/2298
f 2304/2304/2304 2305/2305/2305 2299/2299/2299
f 2306/2306/2306 2305/2305/2305 2304/2304/2304
f 2306/2306/2306 2307/2307/2307 2305/2305/2305
f 2308/2308/2308 2299/2299/2299 2305/2305/2305
f 2308/2308/2308 2309/2309/2309 2299/2299/2299
f 2300/2300/2300 2299/2299/2299 2309/2309/2309
f 2310/2310/2310 2308/2308/2308 2305/2305/2305
f 2310/2310/2310 2305/2305/2305 2307/2307/2307
f 2298/2298/2298 2311/2311/2311 2304/2304/2304
f 2298/2298/2298 2312/2312/2312 2311/2311/2311
f 2298/2298/2298 2302/2302/2302 2312/2312/2312
f 2304/2304/2304 2311/2311/2311 2313/2313/2313
f 2304/2304/2304 2313/2313/2313 2306/2306/2306
f 2314/2314/2314 2315/2315/2315 2316/2316/2316
f 2314/2314/2314 2316/2316/2316 2317/2317/2317
f 2318/2318/2318 2319/2319/2319 2320/2320/2320
f 2318/2318/2318 2320/2320/2320 2321/2321/2321
f 2322/2322/2322 2323/2323/2323 2324/2324/2324
f 2325/2325/2325 2324/2324/2324 2323/2323/2323
f 2322/2322/2322 2324/2324/2324 2326/2326/2326
f 2322/2322/2322 2326/2326/2326 2327/2327/2327
f 2325/2325/2325 2323/2323/2323 2328/2328/2328
f 2322/2322/2322 2327/2327/2327 2329/2329/2329
f 2330/2330/2330 2331/2331/2331 2332/2332/2332
f 2330/2330/2330 2332/2332/2332 2333/2333/2333
f 2334/2334/2334 2335/2335/2335 2336/2336/2336
f 2334/2334/2334 2336/2336/2336 2337/2337/2337
f 2338/2338/2338 2339/2339/2339 2340/2340/2340
f 2338/2338/2338 2340/2340/2340 2341/2341/2341
f 2339/2339/2339 2342/2342/2342 2340/2340/2340
f 2339/2339/2339 2343/2343/2343 2342/2342/2342
f 2344/2344/2344 2338/2338/2338 2341/2341/2341
f 2344/2344/2344 2345/2345/2345 2338/2338/2338
f 2346/2346/2346 2347/2347/2347 2348/2348/2348
f 2346/2346/2346 2348/2348/2348 2349/2349/2349
f 2347/2347/2347 2350/2350/2350 2348/2348/2348
f 2347/2347/2347 2351/2351/2351 2350/2350/2350
f 2352/2352/2352 2346/2346/2346 2349/2349/2349
f 2352/2352/2352 2353/2353/2353 2346/2346/2346
f 2354/2354/2354 2355/2355/2355 2356/2356/2356
f 2354/2354/2354 2356/2356/2356 2357/2357/2357
f 2358/2358/2358 2359/2359/2359 2360/2360/2360
f 2358/2358/2358 2360/2360/2360 2361/2361/2361
f 2362/2362/2362 2363/2363/2363 2364/2364/2364
f 2364/2364/2364 2363/2363/2363 2365/2365/2365
f 2362/2362/2362 2364/2364/2364 2366/2366/2366
f 2367/2367/2367 2362/2362/2362 2366/2366/2366
f 2364/2364/2364 2365/2365/2365 2368/2368/2368
f 2367/2367/2367 2366/2366/2366 2369/2369/2369
f 2370/2370/2370 2371/2371/2371 2372/2372/2372
f 2370/2370/2370 2372/2372/2372 2373/2373/2373
f 2371/2371/2371 2374/2374/2374 2372/2372/2372
f 2371/2371/2371 2375/2375/2375 2374/2374/2374
f 2376/2376/2376 2370/2370/2370 2373/2373/2373
f 2376/2376/2376 2377/2377/2377 2370/2370/2370
f 2378/2378/2378 2379/2379/2379 2380/2380/2380
f 2380/2380/2380 2379/2379/2379 2381/2381/2381
f 2378/2378/2378 2380/2380/2380 2382/2382/2382
f 2383/2383/2383 2378/2378/2378 2382/2382/2382
f 2380/2380/2380 2381/2381/2381 2384/2384/2384
f 2383/2383/2383 2382/2382/2382 2385/2385/2385
f 2386/2386/2386 2387/2387/2387 2388/2388/2388
f 2389/2389/2389 2386/2386/2386 2388/2388/2388
f 2390/2390/2390 2388/2388/2388 2387/2387/2387
f 2390/2390/2390 2387/2387/2387 2391/2391/2391
f 2392/2392/2392 2388/2388/2388 2390/2390/2390
f 2393/2393/2393 2388/2388/2388 2392/2392/2392
f 2389/2389/2389 2388/2388/2388 2393/2393/2393
f 2392/2392/2392 2390/2390/2390 2394/2394/2394
f 2390/2390/2390 2391/2391/2391 2394/2394/2394
f 2387/2387/2387 2386/2386/2386 2395/2395/2395
f 2387/2387/2387 2395/2395/2395 2396/2396/2396
f 2396/2396/2396 2391/2391/2391 2387/2387/2387
f 2396/2396/2396 2397/2397/2397 2391/2391/2391
f 2396/2396/2396 2395/2395/2395 2398/2398/2398
f 2396/2396/2396 2398/2398/2398 2397/2397/2397
f 2399/2399/2399 2395/2395/2395 2386/2386/2386
f 2389/2389/2389 2399/2399/2399 2386/2386/2386
f 2389/2389/2389 2400/2400/2400 2399/2399/2399
f 2395/2395/2395 2399/2399/2399 2401/2401/2401
f 2395/2395/2395 2401/2401/2401 2402/2402/2402
f 2402/2402/2402 2398/2398/2398 2395/2395/2395
f 2402/2402/2402 2403/2403/2403 2398/2398/2398
f 2402/2402/2402 2401/2401/2401 2404/2404/2404
f 2402/2402/2402 2404/2404/2404 2405/2405/2405
f 2402/2402/2402 2405/2405/2405 2403/2403/2403
f 2404/2404/2404 2401/2401/2401 2406/2406/2406
f 2404/2404/2404 2406/2406/2406 2407/2407/2407
f 2404/2404/2404 2407/2407/2407 2405/2405/2405
f 2406/2406/2406 2401/2401/2401 2408/2408/2408
f 2408/2408/2408 2407/2407/2407 2406/2406/2406
f 2408/2408/2408 2409/2409/2409 2407/2407/2407
f 2408/2408/2408 2401/2401/2401 2410/2410/2410
f 2410/2410/2410 2409/2409/2409 2408/2408/2408
f 2410/2410/2410 2411/2411/2411 2409/2409/2409
f 2412/2412/2412 2411/2411/2411 2410/2410/2410
f 2412/2412/2412 2410/2410/2410 2401/2401/2401
f 2401/2401/2401 2399/2399/2399 2413/2413/2413
f 2414/2414/2414 2413/2413/2413 2399/2399/2399
f 2414/2414/2414 2399/2399/2399 2400/2400/2400
f 2401/2401/2401 2413/2413/2413 2415/2415/2415
f 2415/2415/2415 2412/2412/2412 2401/2401/2401
f 2414/2414/2414 2415/2415/2415 2413/2413/2413
f 2415/2415/2415 2416/2416/2416 2412/2412/2412
f 2414/2414/2414 2416/2416/2416 2415/2415/2415
f 2417/2417/2417 2418/2418/2418 2419/2419/2419
f 2417/2417/2417 2419/2419/2419 2420/2420/2420
f 2421/2421/2421 2422/2422/2422 2423/2423/2423
f 2421/2421/2421 2423/2423/2423 2424/2424/2424
f 2422/2422/2422 2421/2421/2421 2425/2425/2425
f 2426/2426/2426 2422/2422/2422 2425/2425/2425
f 2425/2425/2425 2421/2421/2421 2427/2427/2427
f 2427/2427/2427 2421/2421/2421 2428/2428/2428
f 2421/2421/2421 2424/2424/2424 2428/2428/2428
f 2429/2429/2429 2425/2425/2425 2427/2427/2427
f 2426/2426/2426 2425/2425/2425 2429/2429/2429
f 2430/2430/2430 2423/2423/2423 2422/2422/2422
f 2430/2430/2430 2422/2422/2422 2431/2431/2431
f 2426/2426/2426 2431/2431/2431 2422/2422/2422
f 2426/2426/2426 2432/2432/2432 2431/2431/2431
f 2433/2433/2433 2430/2430/2430 2431/2431/2431
f 2433/2433/2433 2431/2431/2431 2432/2432/2432
f 2423/2423/2423 2430/2430/2430 2434/2434/2434
f 2434/2434/2434 2424/2424/2424 2423/2423/2423
f 2434/2434/2434 2435/2435/2435 2424/2424/2424
f 2436/2436/2436 2434/2434/2434 2430/2430/2430
f 2436/2436/2436 2430/2430/2430 2437/2437/2437
f 2433/2433/2433 2437/2437/2437 2430/2430/2430
f 2433/2433/2433 2438/2438/2438 2437/2437/2437
f 2439/2439/2439 2436/2436/2436 2437/2437/2437
f 2440/2440/2440 2439/2439/2439 2437/2437/2437
f 2440/2440/2440 2437/2437/2437 2438/2438/2438
f 2441/2441/2441 2436/2436/2436 2439/2439/2439
f 2442/2442/2442 2441/2441/2441 2439/2439/2439
f 2442/2442/2442 2439/2439/2439 2440/2440/2440
f 2443/2443/2443 2436/2436/2436 2441/2441/2441
f 2442/2442/2442 2443/2443/2443 2441/2441/2441
f 2442/2442/2442 2444/2444/2444 2443/2443/2443
f 2445/2445/2445 2436/2436/2436 2443/2443/2443
f 2444/2444/2444 2445/2445/2445 2443/2443/2443
f 2444/2444/2444 2446/2446/2446 2445/2445/2445
f 2445/2445/2445 2446/2446/2446 2447/2447/2447
f 2445/2445/2445 2447/2447/2447 2436/2436/2436
f 2434/2434/2434 2436/2436/2436 2448/2448/2448
f 2434/2434/2434 2448/2448/2448 2449/2449/2449
f 2434/2434/2434 2449/2449/2449 2435/2435/2435
f 2448/2448/2448 2436/2436/2436 2450/2450/2450
f 2447/2447/2447 2450/2450/2450 2436/2436/2436
f 2450/2450/2450 2449/2449/2449 2448/2448/2448
f 2447/2447/2447 2451/2451/2451 2450/2450/2450
f 2450/2450/2450 2451/2451/2451 2449/2449/2449
f 2452/2452/2452 2453/2453/2453 2454/2454/2454
f 2454/2454/2454 2453/2453/2453 2455/2455/2455
f 2456/2456/2456 2453/2453/2453 2452/2452/2452
f 2453/2453/2453 2456/2456/2456 2457/2457/2457
f 2457/2457/2457 2456/2456/2456 2458/2458/2458
f 2458/2458/2458 2456/2456/2456 2459/2459/2459
f 2460/2460/2460 2461/2461/2461 2462/2462/2462
f 2462/2462/2462 2461/2461/2461 2463/2463/2463
f 2460/2460/2460 2462/2462/2462 2464/2464/2464
f 2465/2465/2465 2460/2460/2460 2464/2464/2464
f 2462/2462/2462 2463/2463/2463 2466/2466/2466
f 2465/2465/2465 2464/2464/2464 2467/2467/2467
f 2468/2468/2468 2469/2469/2469 2470/2470/2470
f 2468/2468/2468 2470/2470/2470 2471/2471/2471
f 2472/2472/2472 2473/2473/2473 2474/2474/2474
f 2472/2472/2472 2474/2474/2474 2475/2475/2475
f 2476/2476/2476 2473/2473/2473 2472/2472/2472
f 2476/2476/2476 2477/2477/2477 2473/2473/2473
f 2478/2478/2478 2477/2477/2477 2476/2476/2476
f 2478/2478/2478 2479/2479/2479 2477/2477/2477
f 2480/2480/2480 2479/2479/2479 2478/2478/2478
f 2480/2480/2480 2481/2481/2481 2479/2479/2479
f 2482/2482/2482 2481/2481/2481 2480/2480/2480
f 2482/2482/2482 2483/2483/2483 2481/2481/2481
f 2484/2484/2484 2485/2485/2485 2486/2486/2486
f 2484/2484/2484 2486/2486/2486 2487/2487/2487
f 2488/2488/2488 2489/2489/2489 2490/2490/2490
f 2488/2488/2488 2490/2490/2490 2491/2491/2491
f 2492/2492/2492 2488/2488/2488 2491/2491/2491
f 2492/2492/2492 2491/2491/2491 2493/2493/2493
f 2494/2494/2494 2495/2495/2495 2496/2496/2496
f 2494/2494/2494 2496/2496/2496 2497/2497/2497
f 2496/2496/2496 2495/2495/2495 2498/2498/2498
f 2499/2499/2499 2495/2495/2495 2494/2494/2494
f 2500/2500/2500 2495/2495/2495 2499/2499/2499
f 2501/2501/2501 2495/2495/2495 2500/2500/2500
f 2495/2495/2495 2501/2501/2501 2502/2502/2502
f 2503/2503/2503 2504/2504/2504 2505/2505/2505
f 2503/2503/2503 2505/2505/2505 2506/2506/2506
f 2505/2505/2505 2504/2504/2504 2507/2507/2507
f 2507/2507/2507 2504/2504/2504 2508/2508/2508
f 2508/2508/2508 2504/2504/2504 2509/2509/2509
f 2509/2509/2509 2504/2504/2504 2510/2510/2510
f 2511/2511/2511 2504/2504/2504 2503/2503/2503
f 2512/2512/2512 2513/2513/2513 2514/2514/2514
f 2512/2512/2512 2514/2514/2514 2515/2515/2515
f 2515/2515/2515 2516/2516/2516 2512/2512/2512
f 2515/2515/2515 2517/2517/2517 2516/2516/2516
f 2517/2517/2517 2518/2518/2518 2516/2516/2516
f 2519/2519/2519 2520/2520/2520 2521/2521/2521
f 2521/2521/2521 2520/2520/2520 2522/2522/2522
f 2519/2519/2519 2521/2521/2521 2523/2523/2523
f 2524/2524/2524 2525/2525/2525 2526/2526/2526
f 2525/2525/2525 2527/2527/2527 2526/2526/2526
f 2528/2528/2528 2527/2527/2527 2525/2525/2525
f 2524/2524/2524 2526/2526/2526 2529/2529/2529
f 2528/2528/2528 2530/2530/2530 2527/2527/2527
f 2528/2528/2528 2531/2531/2531 2530/2530/2530
f 2530/2530/2530 2531/2531/2531 2532/2532/2532
f 2530/2530/2530 2532/2532/2532 2533/2533/2533
f 2534/2534/2534 2533/2533/2533 2532/2532/2532
f 2534/2534/2534 2535/2535/2535 2533/2533/2533
f 2536/2536/2536 2535/2535/2535 2534/2534/2534
f 2536/2536/2536 2537/2537/2537 2535/2535/2535
f 2538/2538/2538 2535/2535/2535 2537/2537/2537
f 2539/2539/2539 2540/2540/2540 2541/2541/2541
f 2540/2540/2540 2539/2539/2539 2542/2542/2542
f 2540/2540/2540 2542/2542/2542 2543/2543/2543
f 2543/2543/2543 2542/2542/2542 2544/2544/2544
f 2543/2543/2543 2545/2545/2545 2540/2540/2540
f 2543/2543/2543 2546/2546/2546 2545/2545/2545
f 2547/2547/2547 2548/2548/2548 2549/2549/2549
f 2547/2547/2547 2549/2549/2549 2550/2550/2550
f 2550/2550/2550 2549/2549/2549 2551/2551/2551
f 2552/2552/2552 2551/2551/2551 2549/2549/2549
f 2553/2553/2553 2551/2551/2551 2552/2552/2552
f 2554/2554/2554 2548/2548/2548 2547/2547/2547
f 2548/2548/2548 2554/2554/2554 2555/2555/2555
f 2548/2548/2548 2555/2555/2555 2556/2556/2556
f 2548/2548/2548 2556/2556/2556 2557/2557/2557
f 2555/2555/2555 2554/2554/2554 2558/2558/2558
f 2555/2555/2555 2558/2558/2558 2559/2559/2559
f 2555/2555/2555 2559/2559/2559 2560/2560/2560
f 2560/2560/2560 2559/2559/2559 2561/2561/2561
f 2548/2548/2548 2562/2562/2562 2549/2549/2549
f 2548/2548/2548 2563/2563/2563 2562/2562/2562
f 2561/2561/2561 2564/2564/2564 2560/2560/2560
f 2560/2560/2560 2564/2564/2564 2565/2565/2565
f 2552/2552/2552 2566/2566/2566 2553/2553/2553
f 2567/2567/2567 2566/2566/2566 2552/2552/2552
f 2564/2564/2564 2568/2568/2568 2565/2565/2565
f 2565/2565/2565 2568/2568/2568 2569/2569/2569
f 2570/2570/2570 2569/2569/2569 2568/2568/2568
f 2567/2567/2567 2571/2571/2571 2566/2566/2566
f 2567/2567/2567 2572/2572/2572 2571/2571/2571
f 2567/2567/2567 2569/2569/2569 2572/2572/2572
f 2572/2572/2572 2569/2569/2569 2570/2570/2570
f 2573/2573/2573 2574/2574/2574 2575/2575/2575
f 2573/2573/2573 2575/2575/2575 2576/2576/2576
f 2577/2577/2577 2578/2578/2578 2579/2579/2579
f 2577/2577/2577 2579/2579/2579 2580/2580/2580
f 2581/2581/2581 2579/2579/2579 2578/2578/2578
f 2581/2581/2581 2582/2582/2582 2579/2579/2579
f 2583/2583/2583 2582/2582/2582 2581/2581/2581
f 2583/2583/2583 2581/2581/2581 2584/2584/2584
f 2585/2585/2585 2586/2586/2586 2587/2587/2587
f 2588/2588/2588 2586/2586/2586 2585/2585/2585
f 2585/2585/2585 2589/2589/2589 2588/2588/2588
f 2585/2585/2585 2587/2587/2587 2590/2590/2590
f 2591/2591/2591 2592/2592/2592 2593/2593/2593
f 2591/2591/2591 2593/2593/2593 2594/2594/2594
f 2595/2595/2595 2596/2596/2596 2597/2597/2597
f 2598/2598/2598 2596/2596/2596 2595/2595/2595
f 2599/2599/2599 2596/2596/2596 2598/2598/2598
f 2600/2600/2600 2599/2599/2599 2598/2598/2598
f 2595/2595/2595 2597/2597/2597 2601/2601/2601
f 2602/2602/2602 2600/2600/2600 2598/2598/2598
f 2600/2600/2600 2602/2602/2602 2603/2603/2603
f 2604/2604/2604 2603/2603/2603 2602/2602/2602
f 2605/2605/2605 2604/2604/2604 2602/2602/2602
f 2605/2605/2605 2606/2606/2606 2604/2604/2604
f 2606/2606/2606 2605/2605/2605 2607/2607/2607
f 2607/2607/2607 2605/2605/2605 2608/2608/2608
f 2608/2608/2608 2605/2605/2605 2609/2609/2609
f 2610/2610/2610 2608/2608/2608 2609/2609/2609
f 2611/2611/2611 2595/2595/2595 2601/2601/2601
f 2611/2611/2611 2612/2612/2612 2595/2595/2595
f 2613/2613/2613 2612/2612/2612 2611/2611/2611
f 2614/2614/2614 2612/2612/2612 2613/2613/2613
f 2615/2615/2615 2612/2612/2612 2614/2614/2614
f 2616/2616/2616 2612/2612/2612 2615/2615/2615
f 2616/2616/2616 2615/2615/2615 2617/2617/2617
f 2618/2618/2618 2617/2617/2617 2615/2615/2615
f 2610/2610/2610 2609/2609/2609 2619/2619/2619
f 2619/2619/2619 2609/2609/2609 2620/2620/2620
f 2618/2618/2618 2621/2621/2621 2617/2617/2617
f 2617/2617/2617 2621/2621/2621 2610/2610/2610
f 2608/2608/2608 2610/2610/2610 2621/2621/2621
f 2622/2622/2622 2623/2623/2623 2624/2624/2624
f 2622/2622/2622 2624/2624/2624 2625/2625/2625
f 2626/2626/2626 2627/2627/2627 2628/2628/2628
f 2629/2629/2629 2627/2627/2627 2626/2626/2626
f 2630/2630/2630 2627/2627/2627 2629/2629/2629
f 2631/2631/2631 2629/2629/2629 2626/2626/2626
f 2632/2632/2632 2629/2629/2629 2631/2631/2631
f 2633/2633/2633 2632/2632/2632 2631/2631/2631
f 2632/2632/2632 2633/2633/2633 2634/2634/2634
f 2635/2635/2635 2636/2636/2636 2637/2637/2637
f 2638/2638/2638 2636/2636/2636 2635/2635/2635
f 2639/2639/2639 2636/2636/2636 2638/2638/2638
f 2635/2635/2635 2640/2640/2640 2638/2638/2638
f 2635/2635/2635 2641/2641/2641 2640/2640/2640
f 2642/2642/2642 2643/2643/2643 2644/2644/2644
f 2642/2642/2642 2644/2644/2644 2645/2645/2645
f 2646/2646/2646 2647/2647/2647 2648/2648/2648
f 2646/2646/2646 2648/2648/2648 2649/2649/2649
f 2650/2650/2650 2651/2651/2651 2652/2652/2652
f 2653/2653/2653 2651/2651/2651 2650/2650/2650
f 2654/2654/2654 2651/2651/2651 2653/2653/2653
f 2655/2655/2655 2656/2656/2656 2657/2657/2657
f 2655/2655/2655 2657/2657/2657 2658/2658/2658
f 2659/2659/2659 2660/2660/2660 2661/2661/2661
f 2662/2662/2662 2660/2660/2660 2659/2659/2659
f 2660/2660/2660 2662/2662/2662 2663/2663/2663
f 2664/2664/2664 2663/2663/2663 2662/2662/2662
f 2663/2663/2663 2664/2664/2664 2665/2665/2665
f 2665/2665/2665 2664/2664/2664 2666/2666/2666
f 2666/2666/2666 2667/2667/2667 2665/2665/2665
f 2668/2668/2668 2667/2667/2667 2666/2666/2666
f 2667/2667/2667 2668/2668/2668 2669/2669/2669
f 2670/2670/2670 2671/2671/2671 2672/2672/2672
f 2670/2670/2670 2672/2672/2672 2673/2673/2673
f 2674/2674/2674 2672/2672/2672 2671/2671/2671
f 2674/2674/2674 2675/2675/2675 2672/2672/2672
f 2676/2676/2676 2675/2675/2675 2674/2674/2674
f 2676/2676/2676 2677/2677/2677 2675/2675/2675
f 2678/2678/2678 2679/2679/2679 2680/2680/2680
f 2679/2679/2679 2678/2678/2678 2681/2681/2681
f 2681/2681/2681 2678/2678/2678 2682/2682/2682
f 2683/2683/2683 2680/2680/2680 2679/2679/2679
f 2683/2683/2683 2684/2684/2684 2680/2680/2680
f 2685/2685/2685 2684/2684/2684 2683/2683/2683
f 2685/2685/2685 2686/2686/2686 2684/2684/2684
f 2687/2687/2687 2688/2688/2688 2689/2689/2689
f 2688/2688/2688 2687/2687/2687 2690/2690/2690
f 2691/2691/2691 2690/2690/2690 2687/2687/2687
f 2689/2689/2689 2688/2688/2688 2692/2692/2692
f 2690/2690/2690 2691/2691/2691 2693/2693/2693
f 2693/2693/2693 2691/2691/2691 2694/2694/2694
f 2694/2694/2694 2695/2695/2695 2693/2693/2693
f 2694/2694/2694 2696/2696/2696 2695/2695/2695
f 2697/2697/2697 2698/2698/2698 2699/2699/2699
f 2697/2697/2697 2699/2699/2699 2700/2700/2700
f 2701/2701/2701 2702/2702/2702 2703/2703/2703
f 2701/2701/2701 2703/2703/2703 2704/2704/2704
f 2705/2705/2705 2706/2706/2706 2707/2707/2707
f 2705/2705/2705 2707/2707/2707 2708/2708/2708
f 2709/2709/2709 2710/2710/2710 2711/2711/2711
f 2709/2709/2709 2711/2711/2711 2712/2712/2712
f 2713/2713/2713 2714/2714/2714 2715/2715/2715
f 2715/2715/2715 2714/2714/2714 2716/2716/2716
f 2717/2717/2717 2714/2714/2714 2713/2713/2713
f 2714/2714/2714 2717/2717/2717 2718/2718/2718
f 2718/2718/2718 2717/2717/2717 2719/2719/2719
f 2719/2719/2719 2717/2717/2717 2720/2720/2720
f 2721/2721/2721 2722/2722/2722 2723/2723/2723
f 2721/2721/2721 2723/2723/2723 2724/2724/2724
f 2725/2725/2725 2721/2721/2721 2724/2724/2724
f 2725/2725/2725 2724/2724/2724 2726/2726/2726
f 2727/2727/2727 2725/2725/2725 2726/2726/2726
f 2727/2727/2727 2728/2728/2728 2725/2725/2725
f 2729/2729/2729 2730/2730/2730 2731/2731/2731
f 2732/2732/2732 2730/2730/2730 2729/2729/2729
f 2733/2733/2733 2730/2730/2730 2732/2732/2732
f 2730/2730/2730 2733/2733/2733 2734/2734/2734
f 2734/2734/2734 2733/2733/2733 2735/2735/2735
f 2735/2735/2735 2733/2733/2733 2736/2736/2736
f 2737/2737/2737 2738/2738/2738 2739/2739/2739
f 2737/2737/2737 2739/2739/2739 2740/2740/2740
f 2741/2741/2741 2742/2742/2742 2743/2743/2743
f 2741/2741/2741 2743/2743/2743 2744/2744/2744
f 2745/2745/2745 2746/2746/2746 2747/2747/2747
f 2745/2745/2745 2747/2747/2747 2748/2748/2748
f 2749/2749/2749 2750/2750/2750 2751/2751/2751
f 2749/2749/2749 2751/2751/2751 2752/2752/2752
f 2751/2751/2751 2750/2750/2750 2753/2753/2753
f 2750/2750/2750 2749/2749/2749 2754/2754/2754
f 2750/2750/2750 2754/2754/2754 2755/2755/2755
f 2754/2754/2754 2749/2749/2749 2756/2756/2756
f 2757/2757/2757 2758/2758/2758 2759/2759/2759
f 2757/2757/2757 2759/2759/2759 2760/2760/2760
f 2761/2761/2761 2762/2762/2762 2763/2763/2763
f 2761/2761/2761 2763/2763/2763 2764/2764/2764
f 2765/2765/2765 2766/2766/2766 2767/2767/2767
f 2765/2765/2765 2767/2767/2767 2768/2768/2768
f 2769/2769/2769 2770/2770/2770 2771/2771/2771
f 2769/2769/2769 2771/2771/2771 2772/2772/2772
f 2773/2773/2773 2774/2774/2774 2775/2775/2775
f 2773/2773/2773 2775/2775/2775 2776/2776/2776
f 2777/2777/2777 2778/2778/2778 2779/2779/2779
f 2777/2777/2777 2779/2779/2779 2780/2780/2780
f 2781/2781/2781 2777/2777/2777 2780/2780/2780
f 2778/2778/2778 2782/2782/2782 2779/2779/2779
f 2778/2778/2778 2783/2783/2783 2782/2782/2782
f 2783/2783/2783 2784/2784/2784 2782/2782/2782
f 2783/2783/2783 2785/2785/2785 2784/2784/2784
f 2785/2785/2785 2786/2786/2786 2784/2784/2784
f 2785/2785/2785 2787/2787/2787 2786/2786/2786
f 2788/2788/2788 2786/2786/2786 2787/2787/2787
f 2788/2788/2788 2789/2789/2789 2786/2786/2786
f 2788/2788/2788 2790/2790/2790 2789/2789/2789
f 2788/2788/2788 2791/2791/2791 2790/2790/2790
f 2791/2791/2791 2792/2792/2792 2790/2790/2790
f 2791/2791/2791 2793/2793/2793 2792/2792/2792
f 2793/2793/2793 2794/2794/2794 2792/2792/2792
f 2793/2793/2793 2795/2795/2795 2794/2794/2794
f 2795/2795/2795 2796/2796/2796 2794/2794/2794
f 2795/2795/2795 2797/2797/2797 2796/2796/2796
f 2797/2797/2797 2798/2798/2798 2796/2796/2796
f 2797/2797/2797 2799/2799/2799 2798/2798/2798
f 2781/2781/2781 2798/2798/2798 2799/2799/2799
f 2781/2781/2781 2800/2800/2800 2798/2798/2798
f 2781/2781/2781 2780/2780/2780 2800/2800/2800
f 2801/2801/2801 2802/2802/2802 2803/2803/2803
f 2804/2804/2804 2803/2803/2803 2802/2802/2802
f 2803/2803/2803 2804/2804/2804 2805/2805/2805
f 2806/2806/2806 2805/2805/2805 2804/2804/2804
f 2807/2807/2807 2805/2805/2805 2806/2806/2806
f 2808/2808/2808 2807/2807/2807 2806/2806/2806
f 2809/2809/2809 2802/2802/2802 2801/2801/2801
f 2802/2802/2802 2809/2809/2809 2810/2810/2810
f 2810/2810/2810 2809/2809/2809 2811/2811/2811
f 2810/2810/2810 2811/2811/2811 2812/2812/2812
f 2813/2813/2813 2814/2814/2814 2815/2815/2815
f 2813/2813/2813 2815/2815/2815 2816/2816/2816
f 2817/2817/2817 2818/2818/2818 2819/2819/2819
f 2817/2817/2817 2819/2819/2819 2820/2820/2820
f 2821/2821/2821 2817/2817/2817 2820/2820/2820
f 2821/2821/2821 2820/2820/2820 2822/2822/2822
f 2818/2818/2818 2823/2823/2823 2819/2819/2819
f 2818/2818/2818 2824/2824/2824 2823/2823/2823
f 2824/2824/2824 2825/2825/2825 2823/2823/2823
f 2824/2824/2824 2826/2826/2826 2825/2825/2825
f 2826/2826/2826 2827/2827/2827 2825/2825/2825
f 2826/2826/2826 2828/2828/2828 2827/2827/2827
f 2829/2829/2829 2830/2830/2830 2831/2831/2831
f 2829/2829/2829 2831/2831/2831 2832/2832/2832
f 2833/2833/2833 2834/2834/2834 2835/2835/2835
f 2833/2833/2833 2835/2835/2835 2836/2836/2836
f 2837/2837/2837 2833/2833/2833 2836/2836/2836
f 2838/2838/2838 2834/2834/2834 2833/2833/2833
f 2838/2838/2838 2839/2839/2839 2834/2834/2834
f 2840/2840/2840 2838/2838/2838 2833/2833/2833
f 2840/2840/2840 2833/2833/2833 2837/2837/2837
f 2838/2838/2838 2841/2841/2841 2839/2839/2839
f 2838/2838/2838 2842/2842/2842 2841/2841/2841
f 2840/2840/2840 2842/2842/2842 2838/2838/2838
f 2840/2840/2840 2843/2843/2843 2842/2842/2842
f 2844/2844/2844 2843/2843/2843 2840/2840/2840
f 2844/2844/2844 2840/2840/2840 2845/2845/2845
f 2846/2846/2846 2845/2845/2845 2840/2840/2840
f 2846/2846/2846 2840/2840/2840 2837/2837/2837
f 2847/2847/2847 2846/2846/2846 2837/2837/2837
f 2848/2848/2848 2844/2844/2844 2845/2845/2845
f 2847/2847/2847 2837/2837/2837 2849/2849/2849
f 2837/2837/2837 2836/2836/2836 2849/2849/2849
f 2850/2850/2850 2845/2845/2845 2846/2846/2846
f 2850/2850/2850 2851/2851/2851 2845/2845/2845
f 2848/2848/2848 2845/2845/2845 2851/2851/2851
f 2852/2852/2852 2850/2850/2850 2846/2846/2846
f 2852/2852/2852 2846/2846/2846 2847/2847/2847
f 2853/2853/2853 2843/2843/2843 2844/2844/2844
f 2853/2853/2853 2854/2854/2854 2843/2843/2843
f 2855/2855/2855 2853/2853/2853 2844/2844/2844
f 2855/2855/2855 2844/2844/2844 2848/2848/2848
f 2843/2843/2843 2854/2854/2854 2856/2856/2856
f 2843/2843/2843 2856/2856/2856 2842/2842/2842
f 2842/2842/2842 2856/2856/2856 2857/2857/2857
f 2842/2842/2842 2857/2857/2857 2841/2841/2841
f 2858/2858/2858 2859/2859/2859 2860/2860/2860
f 2858/2858/2858 2860/2860/2860 2861/2861/2861
f 2862/2862/2862 2858/2858/2858 2861/2861/2861
f 2863/2863/2863 2859/2859/2859 2858/2858/2858
f 2863/2863/2863 2864/2864/2864 2859/2859/2859
f 2865/2865/2865 2863/2863/2863 2858/2858/2858
f 2865/2865/2865 2858/2858/2858 2862/2862/2862
f 2863/2863/2863 2866/2866/2866 2864/2864/2864
f 2863/2863/2863 2867/2867/2867 2866/2866/2866
f 2865/2865/2865 2867/2867/2867 2863/2863/2863
f 2865/2865/2865 2868/2868/2868 2867/2867/2867
f 2869/2869/2869 2868/2868/2868 2865/2865/2865
f 2869/2869/2869 2865/2865/2865 2870/2870/2870
f 2871/2871/2871 2870/2870/2870 2865/2865/2865
f 2871/2871/2871 2865/2865/2865 2862/2862/2862
f 2872/2872/2872 2871/2871/2871 2862/2862/2862
f 2873/2873/2873 2869/2869/2869 2870/2870/2870
f 2872/2872/2872 2862/2862/2862 2874/2874/2874
f 2862/2862/2862 2861/2861/2861 2874/2874/2874
f 2875/2875/2875 2870/2870/2870 2871/2871/2871
f 2875/2875/2875 2876/2876/2876 2870/2870/2870
f 2873/2873/2873 2870/2870/2870 2876/2876/2876
f 2877/2877/2877 2875/2875/2875 2871/2871/2871
f 2877/2877/2877 2871/2871/2871 2872/2872/2872
f 2878/2878/2878 2868/2868/2868 2869/2869/2869
f 2878/2878/2878 2879/2879/2879 2868/2868/2868
f 2880/2880/2880 2878/2878/2878 2869/2869/2869
f 2880/2880/2880 2869/2869/2869 2873/2873/2873
f 2868/2868/2868 2879/2879/2879 2881/2881/2881
f 2868/2868/2868 2881/2881/2881 2867/2867/2867
f 2867/2867/2867 2881/2881/2881 2882/2882/2882
f 2867/2867/2867 2882/2882/2882 2866/2866/2866
f 2883/2883/2883 2884/2884/2884 2885/2885/2885
f 2883/2883/2883 2885/2885/2885 2886/2886/2886
f 2887/2887/2887 2883/2883/2883 2886/2886/2886
f 2888/2888/2888 2884/2884/2884 2883/2883/2883
f 2888/2888/2888 2889/2889/2889 2884/2884/2884
f 2890/2890/2890 2888/2888/2888 2883/2883/2883
f 2890/2890/2890 2883/2883/2883 2887/2887/2887
f 2888/2888/2888 2891/2891/2891 2889/2889/2889
f 2888/2888/2888 2892/2892/2892 2891/2891/2891
f 2890/2890/2890 2892/2892/2892 2888/2888/2888
f 2890/2890/2890 2893/2893/2893 2892/2892/2892
f 2894/2894/2894 2893/2893/2893 2890/2890/2890
f 2894/2894/2894 2890/2890/2890 2895/2895/2895
f 2896/2896/2896 2895/2895/2895 2890/2890/2890
f 2896/2896/2896 2890/2890/2890 2887/2887/2887
f 2897/2897/2897 2896/2896/2896 2887/2887/2887
f 2898/2898/2898 2894/2894/2894 2895/2895/2895
f 2897/2897/2897 2887/2887/2887 2899/2899/2899
f 2887/2887/2887 2886/2886/2886 2899/2899/2899
f 2900/2900/2900 2895/2895/2895 2896/2896/2896
f 2900/2900/2900 2901/2901/2901 2895/2895/2895
f 2898/2898/2898 2895/2895/2895 2901/2901/2901
f 2902/2902/2902 2900/2900/2900 2896/2896/2896
f 2902/2902/2902 2896/2896/2896 2897/2897/2897
f 2903/2903/2903 2893/2893/2893 2894/2894/2894
f 2903/2903/2903 2904/2904/2904 2893/2893/2893
f 2905/2905/2905 2903/2903/2903 2894/2894/2894
f 2905/2905/2905 2894/2894/2894 2898/2898/2898
f 2893/2893/2893 2904/2904/2904 2906/2906/2906
f 2893/2893/2893 2906/2906/2906 2892/2892/2892
f 2892/2892/2892 2906/2906/2906 2907/2907/2907
f 2892/2892/2892 2907/2907/2907 2891/2891/2891
f 2908/2908/2908 2909/2909/2909 2910/2910/2910
f 2908/2908/2908 2910/2910/2910 2911/2911/2911
f 2912/2912/2912 2908/2908/2908 2911/2911/2911
f 2913/2913/2913 2909/2909/2909 2908/2908/2908
f 2913/2913/2913 2914/2914/2914 2909/2909/2909
f 2915/2915/2915 2913/2913/2913 2908/2908/2908
f 2915/2915/2915 2908/2908/2908 2912/2912/2912
f 2913/2913/2913 2916/2916/2916 2914/2914/2914
f 2913/2913/2913 2917/2917/2917 2916/2916/2916
f 2915/2915/2915 2917/2917/2917 2913/2913/2913
f 2915/2915/2915 2918/2918/2918 2917/2917/2917
f 2919/2919/2919 2918/2918/2918 2915/2915/2915
f 2919/2919/2919 2915/2915/2915 2920/2920/2920
f 2921/2921/2921 2920/2920/2920 2915/2915/2915
f 2921/2921/2921 2915/2915/2915 2912/2912/2912
f 2922/2922/2922 2921/2921/2921 2912/2912/2912
f 2923/2923/2923 2919/2919/2919 2920/2920/2920
f 2922/2922/2922 2912/2912/2912 2924/2924/2924
f 2912/2912/2912 2911/2911/2911 2924/2924/2924
f 2925/2925/2925 2920/2920/2920 2921/2921/2921
f 2925/2925/2925 2926/2926/2926 2920/2920/2920
f 2923/2923/2923 2920/2920/2920 2926/2926/2926
f 2927/2927/2927 2925/2925/2925 2921/2921/2921
f 2927/2927/2927 2921/2921/2921 2922/2922/2922
f 2928/2928/2928 2918/2918/2918 2919/2919/2919
f 2928/2928/2928 2929/2929/2929 2918/2918/2918
f 2930/2930/2930 2928/2928/2928 2919/2919/2919
f 2930/2930/2930 2919/2919/2919 2923/2923/2923
f 2918/2918/2918 2929/2929/2929 2931/2931/2931
f 2918/2918/2918 2931/2931/2931 2917/2917/2917
f 2917/2917/2917 2931/2931/2931 2932/2932/2932
f 2917/2917/2917 2932/2932/2932 2916/2916/2916
f 2933/2933/2933 2934/2934/2934 2935/2935/2935
f 2933/2933/2933 2935/2935/2935 2936/2936/2936
f 2937/2937/2937 2933/2933/2933 2936/2936/2936
f 2938/2938/2938 2934/2934/2934 2933/2933/2933
f 2938/2938/2938 2939/2939/2939 2934/2934/2934
f 2940/2940/2940 2938/2938/2938 2933/2933/2933
f 2940/2940/2940 2933/2933/2933 2937/2937/2937
f 2938/2938/2938 2941/2941/2941 2939/2939/2939
f 2938/2938/2938 2942/2942/2942 2941/2941/2941
f 2940/2940/2940 2942/2942/2942 2938/2938/2938
f 2940/2940/2940 2943/2943/2943 2942/2942/2942
f 2944/2944/2944 2943/2943/2943 2940/2940/2940
f 2944/2944/2944 2940/2940/2940 2945/2945/2945
f 2946/2946/2946 2945/2945/2945 2940/2940/2940
f 2946/2946/2946 2940/2940/2940 2937/2937/2937
f 2947/2947/2947 2946/2946/2946 2937/2937/2937
f 2948/2948/2948 2944/2944/2944 2945/2945/2945
f 2947/2947/2947 2937/2937/2937 2949/2949/2949
f 2937/2937/2937 2936/2936/2936 2949/2949/2949
f 2950/2950/2950 2945/2945/2945 2946/2946/2946
f 2950/2950/2950 2951/2951/2951 2945/2945/2945
f 2948/2948/2948 2945/2945/2945 2951/2951/2951
f 2952/2952/2952 2950/2950/2950 2946/2946/2946
f 2952/2952/2952 2946/2946/2946 2947/2947/2947
f 2953/2953/2953 2943/2943/2943 2944/2944/2944
f 2953/2953/2953 2954/2954/2954 2943/2943/2943
f 2955/2955/2955 2953/2953/2953 2944/2944/2944
f 2955/2955/2955 2944/2944/2944 2948/2948/2948
f 2943/2943/2943 2954/2954/2954 2956/2956/2956
f 2943/2943/2943 2956/2956/2956 2942/2942/2942
f 2942/2942/2942 2956/2956/2956 2957/2957/2957
f 2942/2942/2942 2957/2957/2957 2941/2941/2941
f 2958/2958/2958 2959/2959/2959 2960/2960/2960
f 2958/2958/2958 2960/2960/2960 2961/2961/2961
f 2962/2962/2962 2958/2958/2958 2961/2961/2961
f 2963/2963/2963 2959/2959/2959 2958/2958/2958
f 2963/2963/2963 2964/2964/2964 2959/2959/2959
f 2965/2965/2965 2963/2963/2963 2958/2958/2958
f 2965/2965/2965 2958/2958/2958 2962/2962/2962
f 2963/2963/2963 2966/2966/2966 2964/2964/2964
f 2963/2963/2963 2967/2967/2967 2966/2966/2966
f 2965/2965/2965 2967/2967/2967 2963/2963/2963
f 2965/2965/2965 2968/2968/2968 2967/2967/2967
f 2969/2969/2969 2968/2968/2968 2965/2965/2965
f 2969/2969/2969 2965/2965/2965 2970/2970/2970
f 2971/2971/2971 2970/2970/2970 2965/2965/2965
f 2971/2971/2971 2965/2965/2965 2962/2962/2962
f 2972/2972/2972 2971/2971/2971 2962/2962/2962
f 2973/2973/2973 2969/2969/2969 2970/2970/2970
f 2972/2972/2972 2962/2962/2962 2974/2974/2974
f 2962/2962/2962 2961/2961/2961 2974/2974/2974
f 2975/2975/2975 2970/2970/2970 2971/2971/2971
f 2975/2975/2975 2976/2976/2976 2970/2970/2970
f 2973/2973/2973 2970/2970/2970 2976/2976/2976
f 2977/2977/2977 2975/2975/2975 2971/2971/2971
f 2977/2977/2977 2971/2971/2971 2972/2972/2972
f 2978/2978/2978 2968/2968/2968 2969/2969/2969
f 2978/2978/2978 2979/2979/2979 2968/2968/2968
f 2980/2980/2980 2978/2978/2978 2969/2969/2969
f 2980/2980/2980 2969/2969/2969 2973/2973/2973
f 2968/2968/2968 2979/2979/2979 2981/2981/2981
f 2968/2968/2968 2981/2981/2981 2967/2967/2967
f 2967/2967/2967 2981/2981/2981 2982/2982/2982
f 2967/2967/2967 2982/2982/2982 2966/2966/2966
f 2983/2983/2983 2984/2984/2984 2985/2985/2985
f 2986/2986/2986 2985/2985/2985 2984/2984/2984
f 2983/2983/2983 2985/2985/2985 2987/2987/2987
f 2988/2988/2988 2983/2983/2983 2987/2987/2987
f 2989/2989/2989 2984/2984/2984 2983/2983/2983
f 2989/2989/2989 2990/2990/2990 2984/2984/2984
f 2984/2984/2984 2990/2990/2990 2991/2991/2991
f 2990/2990/2990 2989/2989/2989 2992/2992/2992
f 2993/2993/2993 2992/2992/2992 2989/2989/2989
f 2992/2992/2992 2993/2993/2993 2994/2994/2994
f 2986/2986/2986 2984/2984/2984 2995/2995/2995
f 2988/2988/2988 2987/2987/2987 2996/2996/2996
f 2984/2984/2984 2991/2991/2991 2997/2997/2997
f 2990/2990/2990 2992/2992/2992 2998/2998/2998
f 2999/2999/2999 2990/2990/2990 2998/2998/2998
f 2999/2999/2999 2998/2998/2998 3000/3000/3000
f 2993/2993/2993 2989/2989/2989 3001/3001/3001
f 2992/2992/2992 2994/2994/2994 3002/3002/3002
f 3002/3002/3002 2998/2998/2998 2992/2992/2992
f 3002/3002/3002 3003/3003/3003 2998/2998/2998
f 3003/3003/3003 3000/3000/3000 2998/2998/2998
f 3003/3003/3003 3002/3002/3002 3004/3004/3004
f 3005/3005/3005 3004/3004/3004 3002/3002/3002
f 3005/3005/3005 3002/3002/3002 2994/2994/2994
f 3003/3003/3003 3006/3006/3006 3000/3000/3000
f 3006/3006/3006 3003/3003/3003 3007/3007/3007
f 3003/3003/3003 3004/3004/3004 3007/3007/3007
f 3006/3006/3006 3007/3007/3007 3008/3008/3008
f 3009/3009/3009 3010/3010/3010 3011/3011/3011
f 3009/3009/3009 3011/3011/3011 3012/3012/3012
f 3013/3013/3013 3009/3009/3009 3012/3012/3012
f 3013/3013/3013 3014/3014/3014 3009/3009/3009
f 3014/3014/3014 3013/3013/3013 3015/3015/3015
f 3014/3014/3014 3015/3015/3015 3016/3016/3016
f 3017/3017/3017 3018/3018/3018 3019/3019/3019
f 3018/3018/3018 3017/3017/3017 3020/3020/3020
f 3017/3017/3017 3019/3019/3019 3021/3021/3021
f 3018/3018/3018 3020/3020/3020 3022/3022/3022
f 3019/3019/3019 3023/3023/3023 3021/3021/3021
f 3019/3019/3019 3024/3024/3024 3023/3023/3023
f 3025/3025/3025 3026/3026/3026 3027/3027/3027
f 3026/3026/3026 3025/3025/3025 3028/3028/3028
f 3029/3029/3029 3026/3026/3026 3028/3028/3028
f 3026/3026/3026 3029/3029/3029 3030/3030/3030
f 3030/3030/3030 3029/3029/3029 3031/3031/3031
f 3030/3030/3030 3031/3031/3031 3032/3032/3032
f 3029/3029/3029 3033/3033/3033 3031/3031/3031
f 3033/3033/3033 3029/3029/3029 3034/3034/3034
f 3035/3035/3035 3028/3028/3028 3025/3025/3025
f 3028/3028/3028 3035/3035/3035 3036/3036/3036
f 3037/3037/3037 3038/3038/3038 3039/3039/3039
f 3040/3040/3040 3039/3039/3039 3038/3038/3038
f 3037/3037/3037 3039/3039/3039 3041/3041/3041
f 3040/3040/3040 3038/3038/3038 3042/3042/3042
f 3043/3043/3043 3042/3042/3042 3038/3038/3038
f 3044/3044/3044 3038/3038/3038 3037/3037/3037
f 3044/3044/3044 3045/3045/3045 3038/3038/3038
f 3046/3046/3046 3041/3041/3041 3039/3039/3039
f 3046/3046/3046 3047/3047/3047 3041/3041/3041
f 3043/3043/3043 3038/3038/3038 3048/3048/3048
f 3042/3042/3042 3049/3049/3049 3040/3040/3040
f 3042/3042/3042 3050/3050/3050 3049/3049/3049
f 3051/3051/3051 3049/3049/3049 3050/3050/3050
f 3052/3052/3052 3050/3050/3050 3042/3042/3042
f 3052/3052/3052 3053/3053/3053 3050/3050/3050
f 3054/3054/3054 3040/3040/3040 3049/3049/3049
f 3054/3054/3054 3055/3055/3055 3040/3040/3040
f 3056/3056/3056 3054/3054/3054 3049/3049/3049
f 3056/3056/3056 3049/3049/3049 3051/3051/3051
f 3057/3057/3057 3056/3056/3056 3051/3051/3051
f 3057/3057/3057 3051/3051/3051 3058/3058/3058
f 3059/3059/3059 3058/3058/3058 3051/3051/3051
f 3053/3053/3053 3059/3059/3059 3050/3050/3050
f 3051/3051/3051 3050/3050/3050 3059/3059/3059
f 3059/3059/3059 3060/3060/3060 3058/3058/3058
f 3053/3053/3053 3061/3061/3061 3059/3059/3059
f 3061/3061/3061 3060/3060/3060 3059/3059/3059
f 3061/3061/3061 3062/3062/3062 3060/3060/3060
f 3063/3063/3063 3064/3064/3064 3065/3065/3065
f 3066/3066/3066 3064/3064/3064 3063/3063/3063
f 3065/3065/3065 3067/3067/3067 3063/3063/3063
f 3063/3063/3063 3067/3067/3067 3068/3068/3068
f 3065/3065/3065 3064/3064/3064 3069/3069/3069
f 3064/3064/3064 3066/3066/3066 3070/3070/3070
f 3066/3066/3066 3071/3071/3071 3070/3070/3070
f 3072/3072/3072 3070/3070/3070 3071/3071/3071
f 3070/3070/3070 3072/3072/3072 3073/3073/3073
f 3071/3071/3071 3066/3066/3066 3074/3074/3074
f 3075/3075/3075 3076/3076/3076 3077/3077/3077
f 3077/3077/3077 3076/3076/3076 3078/3078/3078
f 3075/3075/3075 3077/3077/3077 3079/3079/3079
f 3077/3077/3077 3078/3078/3078 3080/3080/3080
f 3081/3081/3081 3077/3077/3077 3080/3080/3080
f 3081/3081/3081 3079/3079/3079 3077/3077/3077
f 3081/3081/3081 3082/3082/3082 3079/3079/3079
f 3083/3083/3083 3079/3079/3079 3082/3082/3082
f 3079/3079/3079 3083/3083/3083 3084/3084/3084
f 3079/3079/3079 3084/3084/3084 3075/3075/3075
f 3081/3081/3081 3080/3080/3080 3085/3085/3085
f 3083/3083/3083 3082/3082/3082 3086/3086/3086
f 3087/3087/3087 3088/3088/3088 3089/3089/3089
f 3087/3087/3087 3089/3089/3089 3090/3090/3090
f 3087/3087/3087 3091/3091/3091 3088/3088/3088
f 3087/3087/3087 3092/3092/3092 3091/3091/3091
f 3092/3092/3092 3093/3093/3093 3091/3091/3091
f 3092/3092/3092 3094/3094/3094 3093/3093/3093
f 3088/3088/3088 3095/3095/3095 3089/3089/3089
f 3088/3088/3088 3096/3096/3096 3095/3095/3095
f 3097/3097/3097 3096/3096/3096 3088/3088/3088
f 3097/3097/3097 3088/3088/3088 3091/3091/3091
f 3098/3098/3098 3097/3097/3097 3091/3091/3091
f 3098/3098/3098 3091/3091/3091 3093/3093/3093
f 3099/3099/3099 3100/3100/3100 3101/3101/3101
f 3100/3100/3100 3099/3099/3099 3102/3102/3102
f 3099/3099/3099 3101/3101/3101 3103/3103/3103
f 3104/3104/3104 3103/3103/3103 3101/3101/3101
f 3100/3100/3100 3102/3102/3102 3105/3105/3105
f 3104/3104/3104 3101/3101/3101 3106/3106/3106
f 3107/3107/3107 3108/3108/3108 3109/3109/3109
f 3107/3107/3107 3109/3109/3109 3110/3110/3110
f 3110/3110/3110 3111/3111/3111 3107/3107/3107
f 3110/3110/3110 3112/3112/3112 3111/3111/3111
f 3111/3111/3111 3112/3112/3112 3113/3113/3113
f 3111/3111/3111 3113/3113/3113 3114/3114/3114
f 3115/3115/3115 3109/3109/3109 3108/3108/3108
f 3115/3115/3115 3116/3116/3116 3109/3109/3109
f 3117/3117/3117 3116/3116/3116 3115/3115/3115
f 3117/3117/3117 3115/3115/3115 3118/3118/3118
f 3119/3119/3119 3120/3120/3120 3121/3121/3121
f 3120/3120/3120 3119/3119/3119 3122/3122/3122
f 3119/3119/3119 3121/3121/3121 3123/3123/3123
f 3120/3120/3120 3122/3122/3122 3124/3124/3124
f 3122/3122/3122 3125/3125/3125 3124/3124/3124
f 3122/3122/3122 3126/3126/3126 3125/3125/3125
f 3127/3127/3127 3128/3128/3128 3129/3129/3129
f 3127/3127/3127 3129/3129/3129 3130/3130/3130
f 3127/3127/3127 3131/3131/3131 3128/3128/3128
f 3127/3127/3127 3132/3132/3132 3131/3131/3131
f 3132/3132/3132 3133/3133/3133 3131/3131/3131
f 3132/3132/3132 3134/3134/3134 3133/3133/3133
f 3135/3135/3135 3136/3136/3136 3137/3137/3137
f 3135/3135/3135 3137/3137/3137 3138/3138/3138
f 3139/3139/3139 3135/3135/3135 3138/3138/3138
f 3139/3139/3139 3138/3138/3138 3140/3140/3140
f 3141/3141/3141 3139/3139/3139 3140/3140/3140
f 3141/3141/3141 3140/3140/3140 3142/3142/3142
f 3143/3143/3143 3144/3144/3144 3145/3145/3145
f 3143/3143/3143 3145/3145/3145 3146/3146/3146
f 3147/3147/3147 3143/3143/3143 3146/3146/3146
f 3147/3147/3147 3146/3146/3146 3148/3148/3148
f 3144/3144/3144 3149/3149/3149 3145/3145/3145
f 3144/3144/3144 3150/3150/3150 3149/3149/3149
f 3150/3150/3150 3151/3151/3151 3149/3149/3149
f 3150/3150/3150 3152/3152/3152 3151/3151/3151
f 3153/3153/3153 3154/3154/3154 3155/3155/3155
f 3153/3153/3153 3155/3155/3155 3156/3156/3156
f 3157/3157/3157 3153/3153/3153 3156/3156/3156
f 3157/3157/3157 3156/3156/3156 3158/3158/3158
f 3159/3159/3159 3160/3160/3160 3161/3161/3161
f 3159/3159/3159 3161/3161/3161 3162/3162/3162
f 3163/3163/3163 3159/3159/3159 3162/3162/3162
f 3163/3163/3163 3162/3162/3162 3164/3164/3164
f 3160/3160/3160 3165/3165/3165 3161/3161/3161
f 3160/3160/3160 3166/3166/3166 3165/3165/3165
f 3167/3167/3167 3168/3168/3168 3169/3169/3169
f 3167/3167/3167 3169/3169/3169 3170/3170/3170
f 3170/3170/3170 3169/3169/3169 3171/3171/3171
f 3170/3170/3170 3171/3171/3171 3172/3172/3172
f 3172/3172/3172 3171/3171/3171 3173/3173/3173
f 3172/3172/3172 3173/3173/3173 3174/3174/3174
f 3174/3174/3174 3173/3173/3173 3175/3175/3175
f 3174/3174/3174 3175/3175/3175 3176/3176/3176
f 3177/3177/3177 3178/3178/3178 3179/3179/3179
f 3177/3177/3177 3179/3179/3179 3180/3180/3180
f 3181/3181/3181 3178/3178/3178 3177/3177/3177
f 3181/3181/3181 3182/3182/3182 3178/3178/3178
f 3183/3183/3183 3184/3184/3184 3185/3185/3185
f 3183/3183/3183 3185/3185/3185 3186/3186/3186
f 3186/3186/3186 3185/3185/3185 3187/3187/3187
f 3186/3186/3186 3187/3187/3187 3188/3188/3188
f 3189/3189/3189 3190/3190/3190 3191/3191/3191
f 3189/3189/3189 3191/3191/3191 3192/3192/3192
f 3192/3192/3192 3191/3191/3191 3193/3193/3193
f 3192/3192/3192 3193/3193/3193 3194/3194/3194
f 3195/3195/3195 3190/3190/3190 3189/3189/3189
f 3195/3195/3195 3196/3196/3196 3190/3190/3190
f 3197/3197/3197 3196/3196/3196 3195/3195/3195
f 3197/3197/3197 3198/3198/3198 3196/3196/3196
f 3199/3199/3199 3200/3200/3200 3201/3201/3201
f 3199/3199/3199 3201/3201/3201 3202/3202/3202
f 3203/3203/3203 3199/3199/3199 3202/3202/3202
f 3203/3203/3203 3202/3202/3202 3204/3204/3204
f 3205/3205/3205 3203/3203/3203 3204/3204/3204
f 3205/3205/3205 3204/3204/3204 3206/3206/3206
f 3207/3207/3207 3205/3205/3205 3206/3206/3206
f 3207/3207/3207 3206/3206/3206 3208/3208/3208
f 3207/3207/3207 3208/3208/3208 3209/3209/3209
f 3207/3207/3207 3209/3209/3209 3210/3210/3210
f 3211/3211/3211 3210/3210/3210 3209/3209/3209
f 3200/3200/3200 3212/3212/3212 3201/3201/3201
f 3200/3200/3200 3213/3213/3213 3212/3212/3212
f 3214/3214/3214 3212/3212/3212 3213/3213/3213
f 3214/3214/3214 3215/3215/3215 3212/3212/3212
f 3214/3214/3214 3216/3216/3216 3215/3215/3215
f 3214/3214/3214 3217/3217/3217 3216/3216/3216
f 3217/3217/3217 3218/3218/3218 3216/3216/3216
f 3217/3217/3217 3219/3219/3219 3218/3218/3218
f 3220/3220/3220 3218/3218/3218 3219/3219/3219
f 3220/3220/3220 3221/3221/3221 3218/3218/3218
f 3211/3211/3211 3221/3221/3221 3220/3220/3220
f 3211/3211/3211 3222/3222/3222 3221/3221/3221
f 3211/3211/3211 3209/3209/3209 3222/3222/3222
f 3223/3223/3223 3224/3224/3224 3225/3225/3225
f 3223/3223/3223 3225/3225/3225 3226/3226/3226
f 3223/3223/3223 3226/3226/3226 3227/3227/3227
f 3224/3224/3224 3228/3228/3228 3225/3225/3225
f 3224/3224/3224 3229/3229/3229 3228/3228/3228
f 3230/3230/3230 3228/3228/3228 3229/3229/3229
f 3230/3230/3230 3231/3231/3231 3228/3228/3228
f 3232/3232/3232 3231/3231/3231 3230/3230/3230
f 3232/3232/3232 3233/3233/3233 3231/3231/3231
f 3232/3232/3232 3234/3234/3234 3233/3233/3233
f 3232/3232/3232 3235/3235/3235 3234/3234/3234
f 3236/3236/3236 3234/3234/3234 3235/3235/3235
f 3236/3236/3236 3237/3237/3237 3234/3234/3234
f 3223/3223/3223 3227/3227/3227 3238/3238/3238
f 3239/3239/3239 3238/3238/3238 3227/3227/3227
f 3239/3239/3239 3227/3227/3227 3240/3240/3240
f 3239/3239/3239 3240/3240/3240 3241/3241/3241
f 3239/3239/3239 3241/3241/3241 3242/3242/3242
f 3242/3242/3242 3241/3241/3241 3243/3243/3243
f 3242/3242/3242 3243/3243/3243 3244/3244/3244
f 3244/3244/3244 3243/3243/3243 3245/3245/3245
f 3246/3246/3246 3245/3245/3245 3237/3237/3237
f 3244/3244/3244 3245/3245/3245 3246/3246/3246
f 3246/3246/3246 3237/3237/3237 3236/3236/3236
f 3247/3247/3247 3248/3248/3248 3249/3249/3249
f 3248/3248/3248 3247/3247/3247 3250/3250/3250
f 3250/3250/3250 3247/3247/3247 3251/3251/3251
f 3252/3252/3252 3249/3249/3249 3248/3248/3248
f 3252/3252/3252 3253/3253/3253 3249/3249/3249
f 3253/3253/3253 3252/3252/3252 3254/3254/3254
f 3253/3253/3253 3254/3254/3254 3255/3255/3255
f 3256/3256/3256 3257/3257/3257 3258/3258/3258
f 3256/3256/3256 3258/3258/3258 3259/3259/3259
f 3260/3260/3260 3261/3261/3261 3262/3262/3262
f 3261/3261/3261 3260/3260/3260 3263/3263/3263
f 3260/3260/3260 3262/3262/3262 3264/3264/3264
f 3263/3263/3263 3260/3260/3260 3265/3265/3265
f 3263/3263/3263 3265/3265/3265 3266/3266/3266
f 3266/3266/3266 3265/3265/3265 3267/3267/3267
f 3268/3268/3268 3269/3269/3269 3270/3270/3270
f 3268/3268/3268 3270/3270/3270 3271/3271/3271
f 3272/3272/3272 3273/3273/3273 3274/3274/3274
f 3272/3272/3272 3274/3274/3274 3275/3275/3275
f 3276/3276/3276 3277/3277/3277 3278/3278/3278
f 3277/3277/3277 3276/3276/3276 3279/3279/3279
f 3276/3276/3276 3278/3278/3278 3280/3280/3280
f 3277/3277/3277 3279/3279/3279 3281/3281/3281
f 3282/3282/3282 3281/3281/3281 3279/3279/3279
f 3282/3282/3282 3283/3283/3283 3281/3281/3281
f 3284/3284/3284 3285/3285/3285 3286/3286/3286
f 3286/3286/3286 3285/3285/3285 3287/3287/3287
f 3288/3288/3288 3285/3285/3285 3284/3284/3284
f 3289/3289/3289 3285/3285/3285 3288/3288/3288
f 3289/3289/3289 3288/3288/3288 3290/3290/3290
f 3289/3289/3289 3290/3290/3290 3291/3291/3291
f 3292/3292/3292 3293/3293/3293 3294/3294/3294
f 3292/3292/3292 3294/3294/3294 3295/3295/3295
f 3296/3296/3296 3294/3294/3294 3293/3293/3293
f 3296/3296/3296 3297/3297/3297 3294/3294/3294
f 3295/3295/3295 3298/3298/3298 3292/3292/3292
f 3299/3299/3299 3298/3298/3298 3295/3295/3295
f 3298/3298/3298 3299/3299/3299 3300/3300/3300
f 3301/3301/3301 3302/3302/3302 3303/3303/3303
f 3301/3301/3301 3303/3303/3303 3304/3304/3304
f 3305/3305/3305 3306/3306/3306 3307/3307/3307
f 3305/3305/3305 3307/3307/3307 3308/3308/3308
f 3309/3309/3309 3310/3310/3310 3311/3311/3311
f 3309/3309/3309 3311/3311/3311 3312/3312/3312
f 3313/3313/3313 3314/3314/3314 3315/3315/3315
f 3313/3313/3313 3315/3315/3315 3316/3316/3316
f 3317/3317/3317 3318/3318/3318 3319/3319/3319
f 3317/3317/3317 3319/3319/3319 3320/3320/3320
f 3321/3321/3321 3322/3322/3322 3323/3323/3323
f 3323/3323/3323 3322/3322/3322 3324/3324/3324
f 3324/3324/3324 3322/3322/3322 3325/3325/3325
f 3325/3325/3325 3322/3322/3322 3326/3326/3326
f 3327/3327/3327 3322/3322/3322 3321/3321/3321
f 3322/3322/3322 3327/3327/3327 3328/3328/3328
f 3329/3329/3329 3330/3330/3330 3331/3331/3331
f 3332/3332/3332 3330/3330/3330 3329/3329/3329
f 3333/3333/3333 3330/3330/3330 3332/3332/3332
f 3330/3330/3330 3333/3333/3333 3334/3334/3334
f 3329/3329/3329 3331/3331/3331 3335/3335/3335
f 3331/3331/3331 3330/3330/3330 3336/3336/3336
f 3337/3337/3337 3338/3338/3338 3339/3339/3339
f 3337/3337/3337 3339/3339/3339 3340/3340/3340
f 3341/3341/3341 3342/3342/3342 3343/3343/3343
f 3341/3341/3341 3343/3343/3343 3344/3344/3344
f 3345/3345/3345 3346/3346/3346 3347/3347/3347
f 3345/3345/3345 3347/3347/3347 3348/3348/3348
f 3349/3349/3349 3350/3350/3350 3351/3351/3351
f 3349/3349/3349 3351/3351/3351 3352/3352/3352
f 3353/3353/3353 3354/3354/3354 3355/3355/3355
f 3353/3353/3353 3355/3355/3355 3356/3356/3356
f 3357/3357/3357 3358/3358/3358 3359/3359/3359
f 3357/3357/3357 3359/3359/3359 3360/3360/3360
f 3361/3361/3361 3362/3362/3362 3363/3363/3363
f 3361/3361/3361 3363/3363/3363 3364/3364/3364
f 3365/3365/3365 3366/3366/3366 3367/3367/3367
f 3365/3365/3365 3367/3367/3367 3368/3368/3368
f 3369/3369/3369 3370/3370/3370 3371/3371/3371
f 3369/3369/3369 3371/3371/3371 3372/3372/3372
f 3373/3373/3373 3374/3374/3374 3375/3375/3375
f 3373/3373/3373 3375/3375/3375 3376/3376/3376
f 3377/3377/3377 3378/3378/3378 3379/3379/3379
f 3377/3377/3377 3379/3379/3379 3380/3380/3380
f 3381/3381/3381 3382/3382/3382 3383/3383/3383
f 3381/3381/3381 3383/3383/3383 3384/3384/3384
f 3385/3385/3385 3386/3386/3386 3387/3387/3387
f 3385/3385/3385 3387/3387/3387 3388/3388/3388
f 3389/3389/3389 3390/3390/3390 3391/3391/3391
f 3389/3389/3389 3391/3391/3391 3392/3392/3392
f 3393/3393/3393 3394/3394/3394 3395/3395/3395
f 3393/3393/3393 3395/3395/3395 3396/3396/3396
f 3397/3397/3397 3394/3394/3394 3393/3393/3393
f 3397/3397/3397 3398/3398/3398 3394/3394/3394
f 3398/3398/3398 3399/3399/3399 3394/3394/3394
f 3399/3399/3399 3395/3395/3395 3394/3394/3394
f 3400/3400/3400 3399/3399/3399 3398/3398/3398
f 3399/3399/3399 3400/3400/3400 3401/3401/3401
f 3402/3402/3402 3399/3399/3399 3401/3401/3401
f 3403/3403/3403 3399/3399/3399 3402/3402/3402
f 3404/3404/3404 3399/3399/3399 3403/3403/3403
f 3405/3405/3405 3399/3399/3399 3404/3404/3404
f 3395/3395/3395 3399/3399/3399 3405/3405/3405
f 3406/3406/3406 3407/3407/3407 3408/3408/3408
f 3406/3406/3406 3408/3408/3408 3409/3409/3409
f 3407/3407/3407 3410/3410/3410 3408/3408/3408
f 3407/3407/3407 3411/3411/3411 3410/3410/3410
f 3406/3406/3406 3412/3412/3412 3407/3407/3407
f 3412/3412/3412 3411/3411/3411 3407/3407/3407
f 3413/3413/3413 3412/3412/3412 3406/3406/3406
f 3412/3412/3412 3413/3413/3413 3414/3414/3414
f 3415/3415/3415 3412/3412/3412 3414/3414/3414
f 3416/3416/3416 3412/3412/3412 3415/3415/3415
f 3417/3417/3417 3412/3412/3412 3416/3416/3416
f 3418/3418/3418 3412/3412/3412 3417/3417/3417
f 3411/3411/3411 3412/3412/3412 3418/3418/3418
f 3419/3419/3419 3420/3420/3420 3421/3421/3421
f 3422/3422/3422 3420/3420/3420 3419/3419/3419
f 3419/3419/3419 3421/3421/3421 3423/3423/3423
f 3422/3422/3422 3419/3419/3419 3424/3424/3424
f 3425/3425/3425 3426/3426/3426 3427/3427/3427
f 3425/3425/3425 3427/3427/3427 3428/3428/3428
f 3426/3426/3426 3429/3429/3429 3427/3427/3427
f 3426/3426/3426 3430/3430/3430 3429/3429/3429
f 3431/3431/3431 3432/3432/3432 3433/3433/3433
f 3431/3431/3431 3433/3433/3433 3434/3434/3434
f 3433/3433/3433 3435/3435/3435 3434/3434/3434
f 3433/3433/3433 3436/3436/3436 3435/3435/3435
f 3437/3437/3437 3438/3438/3438 3439/3439/3439
f 3437/3437/3437 3439/3439/3439 3440/3440/3440
f 3441/3441/3441 3437/3437/3437 3440/3440/3440
f 3441/3441/3441 3440/3440/3440 3442/3442/3442
f 3443/3443/3443 3441/3441/3441 3442/3442/3442
f 3443/3443/3443 3442/3442/3442 3444/3444/3444
f 3445/3445/3445 3443/3443/3443 3444/3444/3444
f 3445/3445/3445 3446/3446/3446 3443/3443/3443
f 3446/3446/3446 3445/3445/3445 3447/3447/3447
f 3446/3446/3446 3447/3447/3447 3448/3448/3448
f 3449/3449/3449 3450/3450/3450 3451/3451/3451
f 3449/3449/3449 3451/3451/3451 3452/3452/3452
f 3453/3453/3453 3454/3454/3454 3455/3455/3455
f 3453/3453/3453 3455/3455/3455 3456/3456/3456
f 3457/3457/3457 3458/3458/3458 3459/3459/3459
f 3457/3457/3457 3459/3459/3459 3460/3460/3460
f 3461/3461/3461 3462/3462/3462 3463/3463/3463
f 3461/3461/3461 3463/3463/3463 3464/3464/3464
f 3465/3465/3465 3466/3466/3466 3467/3467/3467
f 3465/3465/3465 3467/3467/3467 3468/3468/3468
f 3469/3469/3469 3470/3470/3470 3471/3471/3471
f 3469/3469/3469 3471/3471/3471 3472/3472/3472
f 2427/2427/2427 2428/2428/2428 3473/3473/3473
f 2429/2429/2429 2427/2427/2427 3473/3473/3473
f 2393/2393/2393 2392/2392/2392 3474/3474/3474
f 2392/2392/2392 2394/2394/2394 3474/3474/3474
